wall_time_iso,t_wall,t_perf,session_elapsed_s,frame_seq,frame_received_perf,frame_wait_ms,processing_ms,robot_id,detected,accepted,workspace_markers_seen,homography_valid,homography_age_ms,calibration_enabled,homography_mode,parallax_enabled,alignment_enabled,pose_filter_enabled,pixel_x,pixel_y,floor_x,floor_y,corrected_x,corrected_y,aligned_x,aligned_y,raw_yaw,x,y,yaw,pose_age_ms,cam_x,cam_y,cam_z
2026-08-18T06:29:27.869+00:00,1787034567.869925,194379.8662094,0.2528329000051599,66,194379.7618846,21.929699985776097,82.36920001218095,1,0,0,4,1,0.0,1,estabilizada,1,1,1,,,,,,,,,,,,,nan,0.540645230499256,-0.24902183332284075,1.5825434606270803
2026-08-18T06:29:27.869+00:00,1787034567.869925,194379.8662527,0.2528762000147253,66,194379.7618846,21.929699985776097,82.36920001218095,2,1,1,4,1,0.0,1,estabilizada,1,1,1,987.25,250.75,1.0623579025268555,0.930079996585846,1.0326878544993097,0.86302391418939,1.0198266044993096,0.85157941418939,0.8624685246654707,1.0196599281317054,0.8505958335820049,0.8624950506675831,0.0,0.540645230499256,-0.24902183332284075,1.5825434606270803
2026-08-18T06:29:27.869+00:00,1787034567.869925,194379.8662639,0.25288740001269616,66,194379.7618846,21.929699985776097,82.36920001218095,3,1,1,4,1,0.0,1,estabilizada,1,1,1,447.0,275.0,0.14116008579730988,0.8922773003578186,0.16387899615755275,0.827371075292405,0.15101774615755276,0.815926575292405,0.06149765804375029,0.14990066416111664,0.8154592787766647,0.059324399576243456,0.0,0.540645230499256,-0.24902183332284075,1.5825434606270803
2026-08-18T06:29:27.869+00:00,1787034567.869925,194379.8662744,0.25289790000533685,66,194379.7618846,21.929699985776097,82.36920001218095,10,0,0,4,1,0.0,1,estabilizada,1,1,1,,,,,,,,,,,,,nan,0.540645230499256,-0.24902183332284075,1.5825434606270803
2026-08-18T06:29:28.021+00:00,1787034568.0213366,194380.016967,0.4035905000055209,70,194379.8960665,34.99139999621548,85.87460001581348,1,0,0,4,1,0.0,1,estabilizada,1,1,1,,,,,,,,,,,,,nan,0.5406450005785202,-0.24900368965248507,1.5825620494896044
2026-08-18T06:29:28.021+00:00,1787034568.0213366,194380.0171098,0.4037333000160288,70,194379.8960665,34.99139999621548,85.87460001581348,2,1,1,4,1,0.0,1,estabilizada,1,1,1,987.25,250.75,1.0623632669448853,0.9300761222839355,1.0326932492744145,0.8630220796898381,1.0198319992744145,0.8515775796898382,0.8624642817097429,1.0196599281317054,0.8505958335820049,0.8624950506675831,0.0,0.5406450005785202,-0.24900368965248507,1.5825620494896044
2026-08-18T06:29:28.021+00:00,1787034568.0213366,194380.0171566,0.4037800999940373,70,194379.8960665,34.99139999621548,85.87460001581348,3,1,1,4,1,0.0,1,estabilizada,1,1,1,447.0,275.0,0.1411595493555069,0.8922770619392395,0.1638782102899497,0.8273726446518527,0.1510169602899497,0.8159281446518527,0.06149255712139998,0.14990066416111664,0.8154592787766647,0.059324399576243456,0.0,0.5406450005785202,-0.24900368965248507,1.5825620494896044
2026-08-18T06:29:28.021+00:00,1787034568.0213366,194380.0171742,0.40379770001163706,70,194379.8960665,34.99139999621548,85.87460001581348,10,0,0,4,1,0.0,1,estabilizada,1,1,1,,,,,,,,,,,,,nan,0.5406450005785202,-0.24900368965248507,1.5825620494896044
2026-08-18T06:29:28.171+00:00,1787034568.1717727,194380.1679491,0.5545725999982096,75,194380.0624463,19.873100012773648,85.60469999792986,1,0,0,4,1,0.0,1,estabilizada,1,1,1,,,,,,,,,,,,,nan,0.5406457568664271,-0.24898381495065014,1.582582271577546
2026-08-18T06:29:28.171+00:00,1787034568.1717727,194380.1679898,0.5546132999879774,75,194380.0624463,19.873100012773648,85.60469999792986,2,1,1,4,1,0.0,1,estabilizada,1,1,1,987.25,250.75,1.0623691082000732,0.9300721287727356,1.0326991804728893,0.8630203003522595,1.0198379304728893,0.8515758003522595,0.8624606749424318,1.0196599281317054,0.8505958335820049,0.8624950506675831,0.0,0.5406457568664271,-0.24898381495065014,1.582582271577546
2026-08-18T06:29:28.171+00:00,1787034568.1717727,194380.1680015,0.5546249999897555,75,194380.0624463,19.873100012773648,85.60469999792986,3,1,1,4,1,0.0,1,estabilizada,1,1,1,447.0,275.0,0.14115923643112183,0.8922767043113708,0.16387766787376534,0.8273742669605496,0.15101641787376535,0.8159297669605496,0.06148745631868367,0.14990066416111664,0.8154592787766647,0.059324399576243456,0.0,0.5406457568664271,-0.24898381495065014,1.582582271577546
2026-08-18T06:29:28.171+00:00,1787034568.1717727,194380.1680145,0.5546380000014324,75,194380.0624463,19.873100012773648,85.60469999792986,10,0,0,4,1,0.0,1,estabilizada,1,1,1,,,,,,,,,,,,,nan,0.5406457568664271,-0.24898381495065014,1.582582271577546
2026-08-18T06:29:28.312+00:00,1787034568.312156,194380.308417,0.6950404999952298,79,194380.1960941,29.52819998608902,82.76789999217726,1,0,0,4,1,0.0,1,estabilizada,1,1,1,,,,,,,,,,,,,nan,0.5406476290791749,-0.2489645576032041,1.5826014875396563
2026-08-18T06:29:28.312+00:00,1787034568.312156,194380.3084618,0.6950853000162169,79,194380.1960941,29.52819998608902,82.76789999217726,2,1,1,4,1,0.0,1,estabilizada,1,1,1,987.25,250.75,1.0623750686645508,0.9300681948661804,1.0327052686976104,0.8630184994389317,1.0198440186976103,0.8515739994389318,0.8624572811114001,1.0196599281317054,0.8505958335820049,0.8624950506675831,0.0,0.5406476290791749,-0.2489645576032041,1.5826014875396563
2026-08-18T06:29:28.312+00:00,1787034568.312156,194380.3084738,0.6950972999911755,79,194380.1960941,29.52819998608902,82.76789999217726,3,1,1,4,1,0.0,1,estabilizada,1,1,1,447.0,275.0,0.14115941524505615,0.8922768235206604,0.16387766714115753,0.8273762625709639,0.15101641714115754,0.8159317625709639,0.06148234724391861,0.14990066416111664,0.8154592787766647,0.059324399576243456,0.0,0.5406476290791749,-0.2489645576032041,1.5826014875396563
2026-08-18T06:29:28.312+00:00,1787034568.312156,194380.3084866,0.6951101000013296,79,194380.1960941,29.52819998608902,82.76789999217726,10,0,0,4,1,0.0,1,estabilizada,1,1,1,,,,,,,,,,,,,nan,0.5406476290791749,-0.2489645576032041,1.5826014875396563
2026-08-18T06:29:28.490+00:00,1787034568.4905896,194380.4862377,0.8728612000122666,84,194380.3645517,17.738399998052046,103.9145999820903,1,0,0,4,1,0.0,1,estabilizada,1,1,1,,,,,,,,,,,,,nan,0.5406507182999916,-0.24894446874798334,1.5826219629632832
2026-08-18T06:29:28.490+00:00,1787034568.4905896,194380.486309,0.8729325000022072,84,194380.3645517,17.738399998052046,103.9145999820903,2,1,1,4,1,0.0,1,estabilizada,1,1,1,987.25,250.75,1.0623810291290283,0.9300639033317566,1.0327114497389547,0.8630164618262084,1.0198501997389546,0.8515719618262084,0.8624502805249087,1.0196599281317054,0.8505958335820049,0.8624950506675831,0.0,0.5406507182999916,-0.24894446874798334,1.5826219629632832
2026-08-18T06:29:28.490+00:00,1787034568.4905896,194380.4863459,0.8729693999921437,84,194380.3645517,17.738399998052046,103.9145999820903,3,1,1,4,1,0.0,1,estabilizada,1,1,1,447.0,275.25,0.1411956548690796,0.89177405834198,0.16391172765848278,0.8269040705365103,0.15105047765848278,0.8154595705365103,0.024072585274608104,0.14990066416111664,0.8154592787766647,0.059324399576243456,0.0,0.5406507182999916,-0.24894446874798334,1.5826219629632832
2026-08-18T06:29:28.490+00:00,1787034568.4905896,194380.4863623,0.8729858000006061,84,194380.3645517,17.738399998052046,103.9145999820903,10,0,0,4,1,0.0,1,estabilizada,1,1,1,,,,,,,,,,,,,nan,0.5406507182999916,-0.24894446874798334,1.5826219629632832
2026-08-18T06:29:28.687+00:00,1787034568.6873887,194380.6834432,1.0700666999910027,89,194380.535853,31.52580000460148,116.02899999707006,1,0,0,4,1,0.0,1,estabilizada,1,1,1,,,,,,,,,,,,,nan,0.5406563625588982,-0.24892544462786362,1.5826416994356198
2026-08-18T06:29:28.687+00:00,1787034568.6873887,194380.6835129,1.070136399997864,89,194380.535853,31.52580000460148,116.02899999707006,2,1,1,4,1,0.0,1,estabilizada,1,1,1,986.25,250.25,1.0607737302780151,0.9311347007751465,1.0311962440337101,0.8640282842538679,1.01833499403371,0.8525837842538679,0.9403929563074993,1.0196599281317054,0.8505958335820049,0.8624950506675831,0.0,0.5406563625588982,-0.24892544462786362,1.5826416994356198
2026-08-18T06:29:28.687+00:00,1787034568.6873887,194380.6835301,1.0701536000124179,89,194380.535853,31.52580000460148,116.02899999707006,3,1,1,4,1,0.0,1,estabilizada,1,1,1,446.75,275.25,0.14078393578529358,0.8917800784111023,0.1635234594705713,0.8269116390731793,0.1506622094705713,0.8154671390731794,0.024069012354929042,0.14990066416111664,0.8154592787766647,0.059324399576243456,0.0,0.5406563625588982,-0.24892544462786362,1.5826416994356198
2026-08-18T06:29:28.687+00:00,1787034568.6873887,194380.6835445,1.0701680000056513,89,194380.535853,31.52580000460148,116.02899999707006,10,0,0,4,1,0.0,1,estabilizada,1,1,1,,,,,,,,,,,,,nan,0.5406563625588982,-0.24892544462786362,1.5826416994356198
2026-08-18T06:29:28.857+00:00,1787034568.8572114,194380.8532902,1.239913700002944,95,194380.7306882,22.575999988475814,99.99779998906888,1,0,0,4,1,0.0,1,estabilizada,1,1,1,,,,,,,,,,,,,nan,0.5406666916503549,-0.24890669958993722,1.5826608513008302
2026-08-18T06:29:28.857+00:00,1787034568.8572114,194380.8533395,1.2399629999999888,95,194380.7306882,22.575999988475814,99.99779998906888,2,1,1,4,1,0.0,1,estabilizada,1,1,1,986.0,249.75,1.0604842901229858,0.9321895837783813,1.0309242085527086,0.8650250580268413,1.0180629585527086,0.8535805580268413,1.1823005164124034,1.0196599281317054,0.8505958335820049,0.9096896617773356,0.0,0.5406666916503549,-0.24890669958993722,1.5826608513008302
2026-08-18T06:29:28.857+00:00,1787034568.8572114,194380.8533546,1.2399780999985524,95,194380.7306882,22.575999988475814,99.99779998906888,3,1,1,4,1,0.0,1,estabilizada,1,1,1,447.0,275.25,0.14119672775268555,0.891775369644165,0.163913089708085,0.8269090490128754,0.151051839708085,0.8154645490128755,0.024062162255237215,0.14990066416111664,0.8154592787766647,0.059324399576243456,0.0,0.5406666916503549,-0.24890669958993722,1.5826608513008302
2026-08-18T06:29:28.857+00:00,1787034568.8572114,194380.8533733,1.2399967999954242,95,194380.7306882,22.575999988475814,99.99779998906888,10,0,0,4,1,0.0,1,estabilizada,1,1,1,,,,,,,,,,,,,nan,0.5406666916503549,-0.24890669958993722,1.5826608513008302
2026-08-18T06:29:29.032+00:00,1787034569.0328803,194381.0288184,1.4154418999969494,100,194380.9131673,12.65449999482371,102.9116999998223,1,0,0,4,1,0.0,1,estabilizada,1,1,1,,,,,,,,,,,,,nan,0.5406789339612316,-0.2488884018806389,1.5826803237853322
2026-08-18T06:29:29.032+00:00,1787034569.0328803,194381.0290516,1.4156750999973156,100,194380.9131673,12.65449999482371,102.9116999998223,2,1,1,4,1,0.0,1,estabilizada,1,1,1,983.25,250.25,1.0555135011672974,0.9311919808387756,1.026237146143356,0.8640860512024428,1.0133758961433559,0.8526415512024428,1.282834988769298,1.0196599281317054,0.8505958335820049,0.9506174524490977,0.0,0.5406789339612316,-0.2488884018806389,1.5826803237853322
2026-08-18T06:29:29.032+00:00,1787034569.0328803,194381.0291151,1.4157386000151746,100,194380.9131673,12.65449999482371,102.9116999998223,3,1,1,4,1,0.0,1,estabilizada,1,1,1,446.75,275.25,0.14078471064567566,0.8917820453643799,0.16352491885924642,0.8269171837058255,0.15066366885924642,0.8154726837058255,0.024056397075696064,0.14990066416111664,0.8154592787766647,0.05147873858286697,0.0,0.5406789339612316,-0.2488884018806389,1.5826803237853322
2026-08-18T06:29:29.032+00:00,1787034569.0328803,194381.0291431,1.4157665999955498,100,194380.9131673,12.65449999482371,102.9116999998223,10,0,0,4,1,0.0,1,estabilizada,1,1,1,,,,,,,,,,,,,nan,0.5406789339612316,-0.2488884018806389,1.5826803237853322
2026-08-18T06:29:29.212+00:00,1787034569.2127335,194381.2083766,1.5950001000019256,106,194381.0957575,4.899999999906868,107.69049997907132,1,0,0,4,1,0.0,1,estabilizada,1,1,1,,,,,,,,,,,,,nan,0.5406903545310929,-0.24886949984504764,1.5827012975246462
2026-08-18T06:29:29.212+00:00,1787034569.2127335,194381.2084262,1.5950497000012547,106,194381.0957575,4.899999999906868,107.69049997907132,2,1,1,4,1,0.0,1,estabilizada,1,1,1,981.75,250.25,1.0528850555419922,0.9312204122543335,1.0237592039595882,0.8641148300101953,1.0108979539595881,0.8526703300101953,1.5959437268170151,1.0178082662201016,0.8510459967500379,1.3182237956044733,0.0,0.5406903545310929,-0.24886949984504764,1.5827012975246462
2026-08-18T06:29:29.212+00:00,1787034569.2127335,194381.2084421,1.5950656000059098,106,194381.0957575,4.899999999906868,107.69049997907132,3,1,1,4,1,0.0,1,estabilizada,1,1,1,446.75,275.25,0.1407851129770279,0.8917833566665649,0.1635256463904754,0.8269203548818289,0.1506643963904754,0.8154758548818289,0.024049511209971692,0.14990066416111664,0.8154592787766647,0.043720555809589626,0.0,0.5406903545310929,-0.24886949984504764,1.5827012975246462
2026-08-18T06:29:29.212+00:00,1787034569.2127335,194381.2084601,1.5950835999974515,106,194381.0957575,4.899999999906868,107.69049997907132,10,0,0,4,1,0.0,1,estabilizada,1,1,1,,,,,,,,,,,,,nan,0.5406903545310929,-0.24886949984504764,1.5827012975246462
2026-08-18T06:29:29.364+00:00,1787034569.3649337,194381.3608655,1.7474890000012238,111,194381.2627706,5.269199988106266,92.7945000003092,1,0,0,4,1,0.0,1,estabilizada,1,1,1,,,,,,,,,,,,,nan,0.5406995110967181,-0.2488499701858668,1.5827230322828825
2026-08-18T06:29:29.364+00:00,1787034569.3649337,194381.3609323,1.7475558000151068,111,194381.2627706,5.269199988106266,92.7945000003092,2,1,1,4,1,0.0,1,estabilizada,1,1,1,979.75,250.0,1.049450159072876,0.931786298751831,1.020520550174842,0.8646505699875064,1.007659300174842,0.8532060699875065,1.8655792727289797,1.0178082662201016,0.8510459967500379,1.5552644633009076,0.0,0.5406995110967181,-0.2488499701858668,1.5827230322828825
2026-08-18T06:29:29.364+00:00,1787034569.3649337,194381.3609485,1.7475719999929424,111,194381.2627706,5.269199988106266,92.7945000003092,3,1,1,4,1,0.0,1,estabilizada,1,1,1,447.0,275.0,0.14116202294826508,0.8922819495201111,0.16388133213876527,0.8273925970062961,0.15102008213876528,0.8159480970062961,0.06144585726279556,0.14990066416111664,0.8154592787766647,0.043720555809589626,0.0,0.5406995110967181,-0.2488499701858668,1.5827230322828825
2026-08-18T06:29:29.364+00:00,1787034569.3649337,194381.3609784,1.7476018999877851,111,194381.2627706,5.269199988106266,92.7945000003092,10,0,0,4,1,0.0,1,estabilizada,1,1,1,,,,,,,,,,,,,nan,0.5406995110967181,-0.2488499701858668,1.5827230322828825
2026-08-18T06:29:29.508+00:00,1787034569.508648,194381.5048693,1.8914928000012878,115,194381.3971728,25.947599991923198,81.72380001633428,1,0,0,4,1,0.0,1,estabilizada,1,1,1,,,,,,,,,,,,,nan,0.5407072772542432,-0.24883124380409838,1.5827438800208549
2026-08-18T06:29:29.508+00:00,1787034569.508648,194381.5049116,1.8915351000032388,115,194381.3971728,25.947599991923198,81.72380001633428,2,1,1,4,1,0.0,1,estabilizada,1,1,1,979.25,251.25,1.048227310180664,0.9291614294052124,1.0193680591420335,0.862176908455783,1.0065068091420335,0.850732408455783,1.9728012861400621,1.0138706803471598,0.8516860455489484,1.8488406266555073,0.0,0.5407072772542432,-0.24883124380409838,1.5827438800208549
2026-08-18T06:29:29.508+00:00,1787034569.508648,194381.504924,1.891547500010347,115,194381.3971728,25.947599991923198,81.72380001633428,3,1,1,4,1,0.0,1,estabilizada,1,1,1,446.75,275.25,0.1407867968082428,0.891786515712738,0.16352758493857872,0.8269272547467991,0.15066633493857873,0.8154827547467991,0.024035697421459643,0.14990066416111664,0.8154592787766647,0.043720555809589626,0.0,0.5407072772542432,-0.24883124380409838,1.5827438800208549
2026-08-18T06:29:29.508+00:00,1787034569.508648,194381.5049376,1.8915610999974888,115,194381.3971728,25.947599991923198,81.72380001633428,10,0,0,4,1,0.0,1,estabilizada,1,1,1,,,,,,,,,,,,,nan,0.5407072772542432,-0.24883124380409838,1.5827438800208549
2026-08-18T06:29:29.660+00:00,1787034569.6602552,194381.6558964,2.0425199000164866,119,194381.5375107,25.650700001278892,92.69570000469685,1,0,0,4,1,0.0,1,estabilizada,1,1,1,,,,,,,,,,,,,nan,0.5407154595434662,-0.24881640278001463,1.5827604847062553
2026-08-18T06:29:29.660+00:00,1787034569.6602552,194381.6559736,2.042597099993145,119,194381.5375107,25.650700001278892,92.69570000469685,2,1,1,4,1,0.0,1,estabilizada,1,1,1,979.25,252.0,1.0480231046676636,0.9275804758071899,1.0191762333296723,0.8606873987460084,1.0063149833296723,0.8492428987460084,2.1812827629617466,1.0138706803471598,0.8516860455489484,1.9273482143894587,0.0,0.5407154595434662,-0.24881640278001463,1.5827604847062553
2026-08-18T06:29:29.660+00:00,1787034569.6602552,194381.655998,2.0426215000043157,119,194381.5375107,25.650700001278892,92.69570000469685,3,1,1,4,1,0.0,1,estabilizada,1,1,1,447.0,275.25,0.14119994640350342,0.8917826414108276,0.16391746843544236,0.8269251250847061,0.15105621843544237,0.8154806250847061,0.024029916509080037,0.14990066416111664,0.8154592787766647,0.043720555809589626,0.0,0.5407154595434662,-0.24881640278001463,1.5827604847062553
2026-08-18T06:29:29.660+00:00,1787034569.6602552,194381.6560198,2.0426432999956887,119,194381.5375107,25.650700001278892,92.69570000469685,10,0,0,4,1,0.0,1,estabilizada,1,1,1,,,,,,,,,,,,,nan,0.5407154595434662,-0.24881640278001463,1.5827604847062553
2026-08-18T06:29:29.810+00:00,1787034569.8101463,194381.8064611,2.1930846000032034,124,194381.69541,31.346600007964298,79.6773000038229,1,0,0,4,1,0.0,1,estabilizada,1,1,1,,,,,,,,,,,,,nan,0.5407265233890162,-0.24880124882569535,1.5827777539364338
2026-08-18T06:29:29.810+00:00,1787034569.8101463,194381.8065056,2.1931290999928024,124,194381.69541,31.346600007964298,79.6773000038229,2,0,0,4,1,0.0,1,estabilizada,1,1,1,,,,,,,,,,1.0138706803471598,0.8516860455489484,1.9273482143894587,162.91308403015137,0.5407265233890162,-0.24880124882569535,1.5827777539364338
2026-08-18T06:29:29.810+00:00,1787034569.8101463,194381.8065343,2.1931578000076115,124,194381.69541,31.346600007964298,79.6773000038229,3,1,1,4,1,0.0,1,estabilizada,1,1,1,447.0,275.0,0.14116409420967102,0.8922873139381409,0.16388403611983848,0.8274026702202649,0.1510227861198385,0.815958170220265,0.06142587816201655,0.14990066416111664,0.8154592787766647,0.043720555809589626,0.0,0.5407265233890162,-0.24880124882569535,1.5827777539364338
2026-08-18T06:29:29.810+00:00,1787034569.8101463,194381.8065441,2.193167599994922,124,194381.69541,31.346600007964298,79.6773000038229,10,0,0,4,1,0.0,1,estabilizada,1,1,1,,,,,,,,,,,,,nan,0.5407265233890162,-0.24880124882569535,1.5827777539364338
2026-08-18T06:29:29.958+00:00,1787034569.958278,194381.9546874,2.341310899995733,128,194381.8281474,39.16169999865815,87.34820000245236,1,0,0,4,1,0.0,1,estabilizada,1,1,1,,,,,,,,,,,,,nan,0.5407408812646438,-0.24878924049421194,1.5827935543907632
2026-08-18T06:29:29.959+00:00,1787034569.9592762,194381.9547643,2.341387799999211,128,194381.8281474,39.16169999865815,87.34820000245236,2,1,1,4,1,0.0,1,estabilizada,1,1,1,979.0,253.75,1.047104835510254,0.9239032864570618,1.0183122265463853,0.8572222419627663,1.0054509765463853,0.8457777419627663,2.4183821180150558,1.0121774576199096,0.8511553025422393,2.0263519101301832,0.0,0.5407408812646438,-0.24878924049421194,1.5827935543907632
2026-08-18T06:29:29.959+00:00,1787034569.9592762,194381.9547787,2.3414021999924444,128,194381.8281474,39.16169999865815,87.34820000245236,3,1,1,4,1,0.0,1,estabilizada,1,1,1,447.0,275.25,0.14120011031627655,0.8917867541313171,0.1639185939022133,0.8269319035214348,0.15105734390221331,0.8154874035214348,0.024017277030390326,0.14990066416111664,0.8154592787766647,0.043720555809589626,0.0,0.5407408812646438,-0.24878924049421194,1.5827935543907632
2026-08-18T06:29:29.959+00:00,1787034569.9592762,194381.9547914,2.341414900001837,128,194381.8281474,39.16169999865815,87.34820000245236,10,0,0,4,1,0.0,1,estabilizada,1,1,1,,,,,,,,,,,,,nan,0.5407408812646438,-0.24878924049421194,1.5827935543907632
2026-08-18T06:29:30.117+00:00,1787034570.1172183,194382.1132521,2.4998756000131834,133,194381.9947255,26.77130000665784,91.73200000077486,1,0,0,4,1,0.0,1,estabilizada,1,1,1,,,,,,,,,,,,,nan,0.540756473178658,-0.2487786029691421,1.5828090456728598
2026-08-18T06:29:30.117+00:00,1787034570.1172183,194382.1132935,2.4999170000082813,133,194381.9947255,26.77130000665784,91.73200000077486,2,1,1,4,1,0.0,1,estabilizada,1,1,1,979.25,254.5,1.0473382472991943,0.9223210215568542,1.0185335346931537,0.8557312036028293,1.0056722846931536,0.8442867036028293,2.5577137911168824,1.010752593801558,0.8499774258605649,2.2333969141522814,0.0,0.540756473178658,-0.2487786029691421,1.5828090456728598
2026-08-18T06:29:30.117+00:00,1787034570.1172183,194382.1133255,2.4999489999900106,133,194381.9947255,26.77130000665784,91.73200000077486,3,1,1,4,1,0.0,1,estabilizada,1,1,1,446.5,275.0,0.14033891260623932,0.8923029899597168,0.16310702891820922,0.8274200253062387,0.15024577891820923,0.8159755253062387,0.06141451385512475,0.14990066416111664,0.8154592787766647,0.043720555809589626,0.0,0.540756473178658,-0.2487786029691421,1.5828090456728598
2026-08-18T06:29:30.117+00:00,1787034570.1172183,194382.1133378,2.4999612999963574,133,194381.9947255,26.77130000665784,91.73200000077486,10,0,0,4,1,0.0,1,estabilizada,1,1,1,,,,,,,,,,,,,nan,0.540756473178658,-0.2487786029691421,1.5828090456728598
2026-08-18T06:29:30.266+00:00,1787034570.2664886,194382.262578,2.649201499996707,138,194382.1630303,13.951500004623085,85.57009999640286,1,0,0,4,1,0.0,1,estabilizada,1,1,1,,,,,,,,,,,,,nan,0.5407751033791401,-0.24876781008183288,1.5828245672677812
2026-08-18T06:29:30.266+00:00,1787034570.2664886,194382.2626212,2.649244700005511,138,194382.1630303,13.951500004623085,85.57009999640286,2,1,1,4,1,0.0,1,estabilizada,1,1,1,980.75,255.5,1.0496909618377686,0.9201876521110535,1.020753814785307,0.8537204050307514,1.007892564785307,0.8422759050307514,2.629854384355306,1.0096410534693425,0.8485171248212161,2.420906040134217,0.0,0.5407751033791401,-0.24876781008183288,1.5828245672677812
2026-08-18T06:29:30.266+00:00,1787034570.2664886,194382.2626335,2.6492570000118576,138,194382.1630303,13.951500004623085,85.57009999640286,3,1,1,4,1,0.0,1,estabilizada,1,1,1,447.0,275.0,0.1411624699831009,0.8922936916351318,0.163884594563038,0.8274125056349699,0.151023344563038,0.81596800563497,0.061407192158088854,0.14990066416111664,0.8154592787766647,0.043720555809589626,0.0,0.5407751033791401,-0.24876781008183288,1.5828245672677812
2026-08-18T06:29:30.266+00:00,1787034570.2664886,194382.2626463,2.649269799992908,138,194382.1630303,13.951500004623085,85.57009999640286,10,0,0,4,1,0.0,1,estabilizada,1,1,1,,,,,,,,,,,,,nan,0.5407751033791401,-0.24876781008183288,1.5828245672677812
2026-08-18T06:29:30.414+00:00,1787034570.4143484,194382.4100418,2.7966653000039514,142,194382.2962716,27.441599988378584,86.30200001061894,1,0,0,4,1,0.0,1,estabilizada,1,1,1,,,,,,,,,,,,,nan,0.5407944015652728,-0.24875698307442443,1.5828399665616695
2026-08-18T06:29:30.414+00:00,1787034570.4143484,194382.4100865,2.7967099999950733,142,194382.2962716,27.441599988378584,86.30200001061894,2,1,1,4,1,0.0,1,estabilizada,1,1,1,981.25,256.25,1.0503602027893066,0.9186022281646729,1.021386381633031,0.8522263902840178,1.008525131633031,0.8407818902840178,2.787131461150651,1.0096410534693425,0.8485171248212161,2.5041017153762932,0.0,0.5407944015652728,-0.24875698307442443,1.5828399665616695
2026-08-18T06:29:30.414+00:00,1787034570.4143484,194382.4102386,2.7968620999890845,142,194382.2962716,27.441599988378584,86.30200001061894,3,1,1,4,1,0.0,1,estabilizada,1,1,1,446.75,275.25,0.14078517258167267,0.8917989730834961,0.16352962645512836,0.8269471635368907,0.15066837645512837,0.8155026635368907,0.02399891048062724,0.14990066416111664,0.8154592787766647,0.043720555809589626,0.0,0.5407944015652728,-0.24875698307442443,1.5828399665616695
2026-08-18T06:29:30.414+00:00,1787034570.4143484,194382.4103041,2.7969275999930687,142,194382.2962716,27.441599988378584,86.30200001061894,10,0,0,4,1,0.0,1,estabilizada,1,1,1,,,,,,,,,,,,,nan,0.5407944015652728,-0.24875698307442443,1.5828399665616695
2026-08-18T06:29:30.547+00:00,1787034570.5475926,194382.545192,2.9318154999928083,147,194382.4622966,8.47190001513809,74.3979999970179,1,0,0,4,1,0.0,1,estabilizada,1,1,1,,,,,,,,,,,,,nan,0.5408134553372627,-0.248748355679514,1.582854094699292
2026-08-18T06:29:30.547+00:00,1787034570.5475926,194382.5452346,2.9318580999970436,147,194382.4622966,8.47190001513809,74.3979999970179,2,1,1,4,1,0.0,1,estabilizada,1,1,1,981.5,257.25,1.050520420074463,0.9165007472038269,1.021538831070163,0.850245481092629,1.008677581070163,0.838800981092629,2.879407672196054,1.0096410534693425,0.8485171248212161,2.5934490404128487,0.0,0.5408134553372627,-0.248748355679514,1.582854094699292
2026-08-18T06:29:30.547+00:00,1787034570.5475926,194382.5452473,2.931870800006436,147,194382.4622966,8.47190001513809,74.3979999970179,3,1,1,4,1,0.0,1,estabilizada,1,1,1,447.0,275.25,0.14119599759578705,0.8917954564094543,0.1639179726136838,0.8269449162164189,0.1510567226136838,0.8155004162164189,0.023994238041813425,0.14990066416111664,0.8154592787766647,0.043720555809589626,0.0,0.5408134553372627,-0.248748355679514,1.582854094699292
2026-08-18T06:29:30.547+00:00,1787034570.5475926,194382.5452594,2.93188290001126,147,194382.4622966,8.47190001513809,74.3979999970179,10,0,0,4,1,0.0,1,estabilizada,1,1,1,,,,,,,,,,,,,nan,0.5408134553372627,-0.248748355679514,1.582854094699292
2026-08-18T06:29:30.690+00:00,1787034570.6900108,194382.6863306,3.072954100003699,151,194382.5953102,8.949299983214587,82.0442000112962,1,0,0,4,1,0.0,1,estabilizada,1,1,1,,,,,,,,,,,,,nan,0.5408336580926041,-0.2487406755876469,1.5828676323907285
2026-08-18T06:29:30.690+00:00,1787034570.6900108,194382.686375,3.0729984999925364,151,194382.5953102,8.949299983214587,82.0442000112962,2,1,1,4,1,0.0,1,estabilizada,1,1,1,980.5,258.0,1.0485628843307495,0.9149521589279175,1.0196939950905195,0.8487859470708872,1.0068327450905195,0.8373414470708872,2.994380412159809,1.009072836141109,0.8445844390959695,2.8184322608038284,0.0,0.5408336580926041,-0.2487406755876469,1.5828676323907285
2026-08-18T06:29:30.690+00:00,1787034570.6900108,194382.6863869,3.0730103999958374,151,194382.5953102,8.949299983214587,82.0442000112962,3,1,1,4,1,0.0,1,estabilizada,1,1,1,446.75,275.0,0.1407461017370224,0.8923061490058899,0.16349461167882773,0.82742756275398,0.15063336167882774,0.81598306275398,0.06138956435934999,0.14990066416111664,0.8154592787766647,0.043720555809589626,0.0,0.5408336580926041,-0.2487406755876469,1.5828676323907285
2026-08-18T06:29:30.690+00:00,1787034570.6900108,194382.6863996,3.07302310000523,151,194382.5953102,8.949299983214587,82.0442000112962,10,0,0,4,1,0.0,1,estabilizada,1,1,1,,,,,,,,,,,,,nan,0.5408336580926041,-0.2487406755876469,1.5828676323907285
2026-08-18T06:29:30.838+00:00,1787034570.8382454,194382.8342735,3.2208969999919645,155,194382.729103,24.501900014001876,80.63609999953769,1,0,0,4,1,0.0,1,estabilizada,1,1,1,,,,,,,,,,,,,nan,0.5408528371225719,-0.24873137858412692,1.5828839159956867
2026-08-18T06:29:30.838+00:00,1787034570.8382454,194382.8343195,3.2209429999929853,155,194382.729103,24.501900014001876,80.63609999953769,2,1,1,4,1,0.0,1,estabilizada,1,1,1,981.5,258.75,1.0501070022583008,0.913358747959137,1.0211517046530527,0.8472843439349451,1.0082904546530527,0.8358398439349451,3.1278568424797215,1.0087942788878106,0.8426530881828146,2.9458261513414192,0.0,0.5408528371225719,-0.24873137858412692,1.5828839159956867
2026-08-18T06:29:30.838+00:00,1787034570.8382454,194382.8343312,3.2209546999947634,155,194382.729103,24.501900014001876,80.63609999953769,3,1,1,4,1,0.0,1,estabilizada,1,1,1,447.0,275.0,0.14115726947784424,0.8923022150993347,0.16388325760906963,0.8274250485593522,0.15102200760906964,0.8159805485593522,0.061383316902841045,0.14990066416111664,0.8154592787766647,0.043720555809589626,0.0,0.5408528371225719,-0.24873137858412692,1.5828839159956867
2026-08-18T06:29:30.838+00:00,1787034570.8382454,194382.8343412,3.2209647000127006,155,194382.729103,24.501900014001876,80.63609999953769,10,0,0,4,1,0.0,1,estabilizada,1,1,1,,,,,,,,,,,,,nan,0.5408528371225719,-0.24873137858412692,1.5828839159956867
2026-08-18T06:29:30.980+00:00,1787034570.9803786,194382.9765621,3.3631855999992695,159,194382.8614764,33.59989999444224,81.46080002188683,1,0,0,4,1,0.0,1,estabilizada,1,1,1,,,,,,,,,,,,,nan,0.5408736875239526,-0.24872521640551143,1.5829002765628877
2026-08-18T06:29:30.980+00:00,1787034570.9803786,194382.9766052,3.363228700007312,159,194382.8614764,33.59989999444224,81.46080002188683,2,1,1,4,1,0.0,1,estabilizada,1,1,1,981.0,260.0,1.0488862991333008,0.9107570648193359,1.0200018926284764,0.844831619701069,1.0071406426284764,0.833387119701069,-2.984738771710472,1.0087942788878106,0.8426530881828146,3.033449105704947,0.0,0.5408736875239526,-0.24872521640551143,1.5829002765628877
2026-08-18T06:29:30.980+00:00,1787034570.9803786,194382.9766173,3.363240800012136,159,194382.8614764,33.59989999444224,81.46080002188683,3,1,1,4,1,0.0,1,estabilizada,1,1,1,447.0,275.0,0.14115607738494873,0.8923039436340332,0.16388308390909034,0.8274276997391581,0.15102183390909035,0.8159831997391581,0.06137706960392251,0.14990066416111664,0.8154592787766647,0.043720555809589626,0.0,0.5408736875239526,-0.24872521640551143,1.5829002765628877
2026-08-18T06:29:30.980+00:00,1787034570.9803786,194382.9766278,3.3632513000047766,159,194382.8614764,33.59989999444224,81.46080002188683,10,0,0,4,1,0.0,1,estabilizada,1,1,1,,,,,,,,,,,,,nan,0.5408736875239526,-0.24872521640551143,1.5829002765628877
2026-08-18T06:29:31.139+00:00,1787034571.1394892,194383.1351018,3.5217253000009805,164,194383.028344,25.20640002330765,81.52659999905154,1,0,0,4,1,0.0,1,estabilizada,1,1,1,,,,,,,,,,,,,nan,0.5408974418774901,-0.248721462204301,1.5829164267306632
2026-08-18T06:29:31.139+00:00,1787034571.1394892,194383.1351461,3.5217695999890566,164,194383.028344,25.20640002330765,81.52659999905154,2,1,1,4,1,0.0,1,estabilizada,1,1,1,982.0,260.75,1.0504297018051147,0.9091663956642151,1.0214591872415628,0.8433322774199561,1.0085979372415628,0.8318877774199561,-2.7944419594118504,1.008634239485948,0.8386714220193151,-3.002022434882196,0.0,0.5408974418774901,-0.248721462204301,1.5829164267306632
2026-08-18T06:29:31.139+00:00,1787034571.1394892,194383.1351595,3.5217830000037793,164,194383.028344,25.20640002330765,81.52659999905154,3,1,1,4,1,0.0,1,estabilizada,1,1,1,446.5,275.0,0.14033058285713196,0.8923175930976868,0.16310564331076033,0.827441448505972,0.15024439331076034,0.815996948505972,0.061370822462585586,0.14990066416111664,0.8154592787766647,0.043720555809589626,0.0,0.5408974418774901,-0.248721462204301,1.5829164267306632
2026-08-18T06:29:31.139+00:00,1787034571.1394892,194383.135173,3.5217964999901596,164,194383.028344,25.20640002330765,81.52659999905154,10,0,0,4,1,0.0,1,estabilizada,1,1,1,,,,,,,,,,,,,nan,0.5408974418774901,-0.248721462204301,1.5829164267306632
2026-08-18T06:29:31.278+00:00,1787034571.2784436,194383.2742137,3.6608372000046074,168,194383.1660043,28.044400009093806,80.13930000015534,1,0,0,4,1,0.0,1,estabilizada,1,1,1,,,,,,,,,,,,,nan,0.540916072449217,-0.2487193419658274,1.5829313827148146
2026-08-18T06:29:31.278+00:00,1787034571.2784436,194383.2742589,3.6608823999995366,168,194383.1660043,28.044400009093806,80.13930000015534,2,1,1,4,1,0.0,1,estabilizada,1,1,1,982.0,262.25,1.0500143766403198,0.9060376286506653,1.0210688090196833,0.8403821438391621,1.0082075590196833,0.8289376438391621,-2.7414856655338404,1.0086159979572233,0.8364811244758666,-2.8373782890054278,0.0,0.540916072449217,-0.2487193419658274,1.5829313827148146
2026-08-18T06:29:31.278+00:00,1787034571.2784436,194383.2742714,3.6608949000074062,168,194383.1660043,28.044400009093806,80.13930000015534,3,1,1,4,1,0.0,1,estabilizada,1,1,1,447.0,275.0,0.14115458726882935,0.8923083543777466,0.16388364176803938,0.8274334685852882,0.1510223917680394,0.8159889685852882,0.06136451686366532,0.14990066416111664,0.8154592787766647,0.043720555809589626,0.0,0.540916072449217,-0.2487193419658274,1.5829313827148146
2026-08-18T06:29:31.278+00:00,1787034571.2784436,194383.2744127,3.6610362000064924,168,194383.1660043,28.044400009093806,80.13930000015534,10,0,0,4,1,0.0,1,estabilizada,1,1,1,,,,,,,,,,,,,nan,0.540916072449217,-0.2487193419658274,1.5829313827148146
2026-08-18T06:29:31.414+00:00,1787034571.4142451,194383.409745,3.7963685000140686,173,194383.32829,4.389499983517453,77.03800001763739,1,0,0,4,1,0.0,1,estabilizada,1,1,1,,,,,,,,,,,,,nan,0.5409298120704977,-0.24871852342492717,1.582944673039632
2026-08-18T06:29:31.414+00:00,1787034571.4142451,194383.4097901,3.7964136000082362,173,194383.32829,4.389499983517453,77.03800001763739,2,1,1,4,1,0.0,1,estabilizada,1,1,1,981.25,263.75,1.0482908487319946,0.9029308557510376,1.0194442983267604,0.8374526075904072,1.0065830483267604,0.8260081075904072,-2.520263235897744,1.008602353359097,0.8347349821509515,-2.8033529579641323,0.0,0.5409298120704977,-0.24871852342492717,1.582944673039632
2026-08-18T06:29:31.414+00:00,1787034571.4142451,194383.409802,3.7964255000115372,173,194383.32829,4.389499983517453,77.03800001763739,3,1,1,4,1,0.0,1,estabilizada,1,1,1,447.0,275.0,0.141154482960701,0.892310619354248,0.16388413373920352,0.8274361960094754,0.15102288373920353,0.8159916960094754,0.06135823655367739,0.14990066416111664,0.8154592787766647,0.043720555809589626,0.0,0.5409298120704977,-0.24871852342492717,1.582944673039632
2026-08-18T06:29:31.414+00:00,1787034571.4142451,194383.4098125,3.796436000004178,173,194383.32829,4.389499983517453,77.03800001763739,10,0,0,4,1,0.0,1,estabilizada,1,1,1,,,,,,,,,,,,,nan,0.5409298120704977,-0.24871852342492717,1.582944673039632
2026-08-18T06:29:31.556+00:00,1787034571.5560918,194383.5515792,3.9382026999955997,177,194383.4612418,9.914599999319762,80.3959000040777,1,0,0,4,1,0.0,1,estabilizada,1,1,1,,,,,,,,,,,,,nan,0.5409384543833055,-0.24871717046285188,1.5829578174883248
2026-08-18T06:29:31.556+00:00,1787034571.5560918,194383.5516228,3.9382463000074495,177,194383.4612418,9.914599999319762,80.3959000040777,2,1,1,4,1,0.0,1,estabilizada,1,1,1,981.25,264.5,1.0480878353118896,0.901369035243988,1.0192535582520024,0.8359802059460277,1.0063923082520023,0.8245357059460278,-2.353953540706354,1.008602353359097,0.8347349821509515,-2.75748533888336,0.0,0.5409384543833055,-0.24871717046285188,1.5829578174883248
2026-08-18T06:29:31.556+00:00,1787034571.5560918,194383.5516361,3.938259599992307,177,194383.4612418,9.914599999319762,80.3959000040777,3,1,1,4,1,0.0,1,estabilizada,1,1,1,447.0,275.0,0.14115431904792786,0.8923122882843018,0.16388428176877556,0.8274383856744483,0.15102303176877557,0.8159938856744483,0.06135304666251339,0.14990066416111664,0.8154592787766647,0.043720555809589626,0.0,0.5409384543833055,-0.24871717046285188,1.5829578174883248
2026-08-18T06:29:31.556+00:00,1787034571.5560918,194383.5516468,3.9382703000155743,177,194383.4612418,9.914599999319762,80.3959000040777,10,0,0,4,1,0.0,1,estabilizada,1,1,1,,,,,,,,,,,,,nan,0.5409384543833055,-0.24871717046285188,1.5829578174883248
2026-08-18T06:29:31.696+00:00,1787034571.696568,194383.692435,4.079058500006795,181,194383.5955684,16.42930001253262,80.40030000847764,1,0,0,4,1,0.0,1,estabilizada,1,1,1,,,,,,,,,,,,,nan,0.5409452480081816,-0.24871584875763936,1.5829696019694932
2026-08-18T06:29:31.696+00:00,1787034571.696568,194383.6924945,4.079117999994196,181,194383.5955684,16.42930001253262,80.40030000847764,2,0,0,4,1,0.0,1,estabilizada,1,1,1,,,,,,,,,,1.008602353359097,0.8347349821509515,-2.75748533888336,141.12401008605957,0.5409452480081816,-0.24871584875763936,1.5829696019694932
2026-08-18T06:29:31.696+00:00,1787034571.696568,194383.6925309,4.079154400009429,181,194383.5955684,16.42930001253262,80.40030000847764,3,1,1,4,1,0.0,1,estabilizada,1,1,1,447.0,275.0,0.14115464687347412,0.892314076423645,0.16388480799429211,0.8274406302509909,0.15102355799429212,0.8159961302509909,0.061346783410794435,0.14990066416111664,0.8154592787766647,0.043720555809589626,0.0,0.5409452480081816,-0.24871584875763936,1.5829696019694932
2026-08-18T06:29:31.696+00:00,1787034571.696568,194383.692547,4.079170500015607,181,194383.5955684,16.42930001253262,80.40030000847764,10,0,0,4,1,0.0,1,estabilizada,1,1,1,,,,,,,,,,,,,nan,0.5409452480081816,-0.24871584875763936,1.5829696019694932
2026-08-18T06:29:31.848+00:00,1787034571.8486784,194383.8442501,4.230873599997722,185,194383.7286964,25.106499990215525,90.37009999155998,1,0,0,4,1,0.0,1,estabilizada,1,1,1,,,,,,,,,,,,,nan,0.5409482555551736,-0.24871575912313715,1.5829799619852942
2026-08-18T06:29:31.848+00:00,1787034571.8486784,194383.8443658,4.230989300005604,185,194383.7286964,25.106499990215525,90.37009999155998,2,1,1,4,1,0.0,1,estabilizada,1,1,1,981.25,265.0,1.0479621887207031,0.9003245234489441,1.0191360158816805,0.8349960746277781,1.0062747658816804,0.8235515746277782,-2.292651818427122,1.0077689781806494,0.8309913768240984,-2.5531293942412874,0.0,0.5409482555551736,-0.24871575912313715,1.5829799619852942
2026-08-18T06:29:31.848+00:00,1787034571.8486784,194383.8443972,4.231020700011868,185,194383.7286964,25.106499990215525,90.37009999155998,3,1,1,4,1,0.0,1,estabilizada,1,1,1,447.0,275.0,0.14115536212921143,0.8923158049583435,0.16388550481731634,0.8274426901789617,0.15102425481731635,0.8159981901789617,0.06134162728670015,0.14990066416111664,0.8154592787766647,0.043720555809589626,0.0,0.5409482555551736,-0.24871575912313715,1.5829799619852942
2026-08-18T06:29:31.848+00:00,1787034571.8486784,194383.8444103,4.231033799995203,185,194383.7286964,25.106499990215525,90.37009999155998,10,0,0,4,1,0.0,1,estabilizada,1,1,1,,,,,,,,,,,,,nan,0.5409482555551736,-0.24871575912313715,1.5829799619852942
2026-08-18T06:29:31.994+00:00,1787034571.9944603,194383.9904136,4.377037099999143,190,194383.8942485,15.367799991508946,80.77130001038313,1,0,0,4,1,0.0,1,estabilizada,1,1,1,,,,,,,,,,,,,nan,0.5409518624116495,-0.2487150363640543,1.5829911884388632
2026-08-18T06:29:31.994+00:00,1787034571.9944603,194383.9904587,4.3770821999933105,190,194383.8942485,15.367799991508946,80.77130001038313,2,1,1,4,1,0.0,1,estabilizada,1,1,1,982.0909423828125,264.11212158203125,1.0496855974197388,0.9021467566490173,1.0207618507273253,0.8367152102654116,1.0079006007273252,0.8252707102654117,-2.300227876690564,1.0077689781806494,0.8309913768240984,-2.5081196139275113,0.0,0.5409518624116495,-0.2487150363640543,1.5829911884388632
2026-08-18T06:29:31.994+00:00,1787034571.9944603,194383.9904715,4.3770950000034645,190,194383.8942485,15.367799991508946,80.77130001038313,3,1,1,4,1,0.0,1,estabilizada,1,1,1,446.75,275.25,0.1407795548439026,0.89182049036026,0.16353110769153123,0.8269760375579551,0.15066985769153124,0.8155315375579552,0.02393648577871038,0.14990066416111664,0.8154592787766647,0.043720555809589626,0.0,0.5409518624116495,-0.2487150363640543,1.5829911884388632
2026-08-18T06:29:31.994+00:00,1787034571.9944603,194383.9904823,4.37710579999839,190,194383.8942485,15.367799991508946,80.77130001038313,10,0,0,4,1,0.0,1,estabilizada,1,1,1,,,,,,,,,,,,,nan,0.5409518624116495,-0.2487150363640543,1.5829911884388632
2026-08-18T06:29:32.154+00:00,1787034572.1548576,194384.1505276,4.537151099997573,195,194384.0614045,8.281199989141896,80.81579999998212,1,0,0,4,1,0.0,1,estabilizada,1,1,1,,,,,,,,,,,,,nan,0.5409533581645457,-0.24871510536192196,1.5830002895564284
2026-08-18T06:29:32.154+00:00,1787034572.1548576,194384.1505712,4.537194700009422,195,194384.0614045,8.281199989141896,80.81579999998212,2,1,1,4,1,0.0,1,estabilizada,1,1,1,981.75,264.75,1.048918604850769,0.9008266925811768,1.0200387161335216,0.835470569466462,1.0071774661335215,0.8240260694664621,-2.3261908280393127,1.0077689781806494,0.8309913768240984,-2.4253588967285817,0.0,0.5409533581645457,-0.24871510536192196,1.5830002895564284
2026-08-18T06:29:32.154+00:00,1787034572.1548576,194384.1505845,4.53720799999428,195,194384.0614045,8.281199989141896,80.81579999998212,3,1,1,4,1,0.0,1,estabilizada,1,1,1,447.0,275.25,0.14119239151477814,0.8918165564537048,0.16392042715434246,0.8269726961963139,0.15105917715434247,0.8155281961963139,0.023931831131965314,0.14990066416111664,0.8154592787766647,0.043720555809589626,0.0,0.5409533581645457,-0.24871510536192196,1.5830002895564284
2026-08-18T06:29:32.154+00:00,1787034572.1548576,194384.1505961,4.5372195999952964,195,194384.0614045,8.281199989141896,80.81579999998212,10,0,0,4,1,0.0,1,estabilizada,1,1,1,,,,,,,,,,,,,nan,0.5409533581645457,-0.24871510536192196,1.5830002895564284
2026-08-18T06:29:32.301+00:00,1787034572.3017533,194384.297236,4.683859500015387,199,194384.1942407,15.468700003111735,87.49730000272393,1,0,0,4,1,0.0,1,estabilizada,1,1,1,,,,,,,,,,,,,nan,0.5409566099766404,-0.24871785176849637,1.5830072908973587
2026-08-18T06:29:32.301+00:00,1787034572.3017533,194384.2972931,4.683916600013617,199,194384.1942407,15.468700003111735,87.49730000272393,2,1,1,4,1,0.0,1,estabilizada,1,1,1,980.3390502929688,266.5419616699219,1.045964002609253,0.8971380591392517,1.017252406902596,0.8319917818133665,1.004391156902596,0.8205472818133666,-2.271356804583035,1.0077689781806494,0.8309913768240984,-2.396317581834082,0.0,0.5409566099766404,-0.24871785176849637,1.5830072908973587
2026-08-18T06:29:32.301+00:00,1787034572.3017533,194384.2973085,4.683932000014465,199,194384.1942407,15.468700003111735,87.49730000272393,3,1,1,4,1,0.0,1,estabilizada,1,1,1,447.0,275.25,0.14119300246238708,0.8918188214302063,0.16392108772337638,0.8269749630486726,0.1510598377233764,0.8155304630486726,0.023926088858365915,0.14990066416111664,0.8154592787766647,0.043720555809589626,0.0,0.5409566099766404,-0.24871785176849637,1.5830072908973587
2026-08-18T06:29:32.301+00:00,1787034572.3017533,194384.2973299,4.6839534000027925,199,194384.1942407,15.468700003111735,87.49730000272393,10,0,0,4,1,0.0,1,estabilizada,1,1,1,,,,,,,,,,,,,nan,0.5409566099766404,-0.24871785176849637,1.5830072908973587
2026-08-18T06:29:32.464+00:00,1787034572.4646447,194384.4603035,4.846927000005962,204,194384.3611137,4.267600015737116,94.86629997263663,1,0,0,4,1,0.0,1,estabilizada,1,1,1,,,,,,,,,,,,,nan,0.540959547279021,-0.24872129746806898,1.5830136001435768
2026-08-18T06:29:32.464+00:00,1787034572.4646447,194384.4604165,4.847039999993285,204,194384.3611137,4.267600015737116,94.86629997263663,2,1,1,4,1,0.0,1,estabilizada,1,1,1,977.5,269.75,1.0401378870010376,0.8905609250068665,1.0117578082885699,0.8257886450887126,0.9988965582885698,0.8143441450887127,-2.240921519679237,1.0077689781806494,0.8309913768240984,-2.371389303382605,0.0,0.540959547279021,-0.24872129746806898,1.5830136001435768
2026-08-18T06:29:32.464+00:00,1787034572.4646447,194384.4604348,4.847058300016215,204,194384.3611137,4.267600015737116,94.86629997263663,3,1,1,4,1,0.0,1,estabilizada,1,1,1,446.75,275.25,0.14078141748905182,0.8918272852897644,0.16353297924305737,0.8269830082482437,0.15067172924305738,0.8155385082482437,0.023920349983829508,0.14990066416111664,0.8154592787766647,0.043720555809589626,0.0,0.540959547279021,-0.24872129746806898,1.5830136001435768
2026-08-18T06:29:32.464+00:00,1787034572.4646447,194384.4604521,4.847075600002427,204,194384.3611137,4.267600015737116,94.86629997263663,10,0,0,4,1,0.0,1,estabilizada,1,1,1,,,,,,,,,,,,,nan,0.540959547279021,-0.24872129746806898,1.5830136001435768
2026-08-18T06:29:32.639+00:00,1787034572.639439,194384.6354372,5.0220606999937445,208,194384.4963281,40.78809998463839,98.28770000603981,1,0,0,4,1,0.0,1,estabilizada,1,1,1,,,,,,,,,,,,,nan,0.5409599994718844,-0.24872272836817727,1.5830208766913743
2026-08-18T06:29:32.639+00:00,1787034572.639439,194384.6354815,5.022105000010924,208,194384.4963281,40.78809998463839,98.28770000603981,2,0,0,4,1,0.0,1,estabilizada,1,1,1,,,,,,,,,,1.0077689781806494,0.8309913768240984,-2.371389303382605,171.9989776611328,0.5409599994718844,-0.24872272836817727,1.5830208766913743
2026-08-18T06:29:32.639+00:00,1787034572.639439,194384.6354947,5.02211819999502,208,194384.4963281,40.78809998463839,98.28770000603981,3,1,1,4,1,0.0,1,estabilizada,1,1,1,446.75,275.25,0.14078189432621002,0.8918294310569763,0.16353335009878756,0.826985248734625,0.15067210009878756,0.815540748734625,0.023915708745347413,0.14990066416111664,0.8154592787766647,0.043720555809589626,0.0,0.5409599994718844,-0.24872272836817727,1.5830208766913743
2026-08-18T06:29:32.639+00:00,1787034572.639439,194384.6355077,5.022131200006697,208,194384.4963281,40.78809998463839,98.28770000603981,10,0,0,4,1,0.0,1,estabilizada,1,1,1,,,,,,,,,,,,,nan,0.5409599994718844,-0.24872272836817727,1.5830208766913743
2026-08-18T06:29:32.804+00:00,1787034572.8043706,194384.800696,5.187319499993464,214,194384.6948488,8.306400006404147,97.49360001296736,1,0,0,4,1,0.0,1,estabilizada,1,1,1,,,,,,,,,,,,,nan,0.5409574234048937,-0.24872564178580941,1.5830264045764582
2026-08-18T06:29:32.804+00:00,1787034572.8043706,194384.8007535,5.18737699999474,214,194384.6948488,8.306400006404147,97.49360001296736,2,1,1,4,1,0.0,1,estabilizada,1,1,1,970.5,276.5,1.0261619091033936,0.8768179416656494,0.9985765172320883,0.8128272702417358,0.9857152672320884,0.8013827702417359,-2.354207821706962,1.006989487087618,0.8285812199905991,-2.3543197720718263,0.0,0.5409574234048937,-0.24872564178580941,1.5830264045764582
2026-08-18T06:29:32.804+00:00,1787034572.8043706,194384.8007815,5.187405000004219,214,194384.6948488,8.306400006404147,97.49360001296736,3,1,1,4,1,0.0,1,estabilizada,1,1,1,446.5,275.25,0.14037005603313446,0.8918368816375732,0.16314470019524774,0.8269923365236407,0.15028345019524775,0.8155478365236407,0.023911093704631733,0.14990066416111664,0.8154592787766647,0.043720555809589626,0.0,0.5409574234048937,-0.24872564178580941,1.5830264045764582
2026-08-18T06:29:32.804+00:00,1787034572.8043706,194384.8007955,5.1874189999944065,214,194384.6948488,8.306400006404147,97.49360001296736,10,0,0,4,1,0.0,1,estabilizada,1,1,1,,,,,,,,,,,,,nan,0.5409574234048937,-0.24872564178580941,1.5830264045764582
2026-08-18T06:29:32.974+00:00,1787034572.9743679,194384.9703389,5.35696239999379,219,194384.8678273,6.2969999853521585,96.18379999301396,1,0,0,4,1,0.0,1,estabilizada,1,1,1,,,,,,,,,,,,,nan,0.5409558485752907,-0.24873069796880098,1.5830302499276936
2026-08-18T06:29:32.974+00:00,1787034572.9743679,194384.9703918,5.357015299989143,219,194384.8678273,6.2969999853521585,96.18379999301396,2,1,1,4,1,0.0,1,estabilizada,1,1,1,966.5,279.0,1.01857590675354,0.8717864751815796,0.9914217792578679,0.808081725643066,0.9785605292578679,0.796637225643066,-2.5116483577229225,0.9987633950610004,0.817388400688331,-2.3543197720718263,0.0,0.5409558485752907,-0.24873069796880098,1.5830302499276936
2026-08-18T06:29:32.974+00:00,1787034572.9743679,194384.9704232,5.357046699995408,219,194384.8678273,6.2969999853521585,96.18379999301396,3,1,1,4,1,0.0,1,estabilizada,1,1,1,446.25,275.25,0.13995790481567383,0.8918442726135254,0.16275583615022282,0.8269991773558082,0.14989458615022283,0.8155546773558082,0.02507299802698729,0.14990066416111664,0.8154592787766647,0.043720555809589626,0.0,0.5409558485752907,-0.24873069796880098,1.5830302499276936
2026-08-18T06:29:32.974+00:00,1787034572.9743679,194384.9704352,5.35705869999947,219,194384.8678273,6.2969999853521585,96.18379999301396,10,0,0,4,1,0.0,1,estabilizada,1,1,1,,,,,,,,,,,,,nan,0.5409558485752907,-0.24873069796880098,1.5830302499276936
2026-08-18T06:29:33.135+00:00,1787034573.135403,194385.1310058,5.517629300011322,223,194385.0017946,30.81750002456829,98.31679999479093,1,0,0,4,1,0.0,1,estabilizada,1,1,1,,,,,,,,,,,,,nan,0.5409555587307672,-0.24873625149269993,1.5830330979874083
2026-08-18T06:29:33.135+00:00,1787034573.135403,194385.1310724,5.517695899994578,223,194385.0017946,30.81750002456829,98.31679999479093,2,0,0,4,1,0.0,1,estabilizada,1,1,1,,,,,,,,,,0.9987633950610004,0.817388400688331,-2.3543197720718263,158.31875801086426,0.5409555587307672,-0.24873625149269993,1.5830330979874083
2026-08-18T06:29:33.135+00:00,1787034573.135403,194385.1310901,5.517713600012939,223,194385.0017946,30.81750002456829,98.31679999479093,3,1,1,4,1,0.0,1,estabilizada,1,1,1,447.0,275.25,0.1411948949098587,0.8918283581733704,0.16392244229318442,0.8269839686274715,0.15106119229318443,0.8155394686274715,0.023901935632821326,0.14990066416111664,0.8154592787766647,0.043720555809589626,0.0,0.5409555587307672,-0.24873625149269993,1.5830330979874083
2026-08-18T06:29:33.135+00:00,1787034573.135403,194385.131109,5.517732500011334,223,194385.0017946,30.81750002456829,98.31679999479093,10,0,0,4,1,0.0,1,estabilizada,1,1,1,,,,,,,,,,,,,nan,0.5409555587307672,-0.24873625149269993,1.5830330979874083
2026-08-18T06:29:33.289+00:00,1787034573.2896574,194385.2854108,5.672034299990628,229,194385.1972482,5.950999999186024,82.14439998846501,1,0,0,4,1,0.0,1,estabilizada,1,1,1,,,,,,,,,,,,,nan,0.5409529775231389,-0.2487445986656736,1.583033326114679
2026-08-18T06:29:33.289+00:00,1787034573.2896574,194385.2855331,5.672156599990558,229,194385.1972482,5.950999999186024,82.14439998846501,2,1,1,4,1,0.0,1,estabilizada,1,1,1,958.75,285.0,1.003639578819275,0.8597217202186584,0.9773345140870902,0.796702220215812,0.9644732640870901,0.7852577202158121,-2.653223532759342,0.992727460775133,0.810927690223531,-2.37634767549288,0.0,0.5409529775231389,-0.2487445986656736,1.583033326114679
2026-08-18T06:29:33.289+00:00,1787034573.2896574,194385.2855574,5.672180900000967,229,194385.1972482,5.950999999186024,82.14439998846501,3,1,1,4,1,0.0,1,estabilizada,1,1,1,447.0,275.25,0.14119532704353333,0.891829788684845,0.1639226998345204,0.8269848525940235,0.1510614498345204,0.8155403525940236,0.02389849003131698,0.14990066416111664,0.8154592787766647,0.043720555809589626,0.0,0.5409529775231389,-0.2487445986656736,1.583033326114679
2026-08-18T06:29:33.289+00:00,1787034573.2896574,194385.2855914,5.672214899997925,229,194385.1972482,5.950999999186024,82.14439998846501,10,0,0,4,1,0.0,1,estabilizada,1,1,1,,,,,,,,,,,,,nan,0.5409529775231389,-0.2487445986656736,1.583033326114679
2026-08-18T06:29:33.434+00:00,1787034573.4345212,194385.4300775,5.816701000003377,233,194385.3273834,21.03890001308173,81.62959999754094,1,0,0,4,1,0.0,1,estabilizada,1,1,1,,,,,,,,,,,,,nan,0.5409476942347505,-0.24875371718938627,1.5830324809176488
2026-08-18T06:29:33.434+00:00,1787034573.4345212,194385.4301172,5.816740700014634,233,194385.3273834,21.03890001308173,81.62959999754094,2,1,1,4,1,0.0,1,estabilizada,1,1,1,954.75,287.0,0.9962437748908997,0.8557522296905518,0.970358868704199,0.7929578547061729,0.957497618704199,0.7815133547061729,-2.7121206435286744,0.9807828237568532,0.7998141757938464,-2.5106453457710285,0.0,0.5409476942347505,-0.24875371718938627,1.5830324809176488
2026-08-18T06:29:33.434+00:00,1787034573.4345212,194385.430131,5.816754500003299,233,194385.3273834,21.03890001308173,81.62959999754094,3,1,1,4,1,0.0,1,estabilizada,1,1,1,447.0,275.25,0.14119574427604675,0.8918308019638062,0.16392280511021728,0.8269852552291732,0.1510615551102173,0.8155407552291732,0.023895057515497004,0.14990066416111664,0.8154592787766647,0.043720555809589626,0.0,0.5409476942347505,-0.24875371718938627,1.5830324809176488
2026-08-18T06:29:33.434+00:00,1787034573.4345212,194385.430144,5.816767500014976,233,194385.3273834,21.03890001308173,81.62959999754094,10,0,0,4,1,0.0,1,estabilizada,1,1,1,,,,,,,,,,,,,nan,0.5409476942347505,-0.24875371718938627,1.5830324809176488
2026-08-18T06:29:33.588+00:00,1787034573.5887249,194385.5849919,5.9716153999906965,238,194385.4942036,8.821099996566772,81.94069997989573,1,0,0,4,1,0.0,1,estabilizada,1,1,1,,,,,,,,,,,,,nan,0.5409434264513249,-0.248764161346414,1.5830301036950503
2026-08-18T06:29:33.588+00:00,1787034573.5887249,194385.5850362,5.971659700007876,238,194385.4942036,8.821099996566772,81.94069997989573,2,1,1,4,1,0.0,1,estabilizada,1,1,1,949.25,288.75,0.9863465428352356,0.8523370027542114,0.9610240424096379,0.7897361055648637,0.9481627924096379,0.7782916055648638,-2.7593065643475416,0.9734344063905351,0.7941937472064994,-2.547090833703271,0.0,0.5409434264513249,-0.248764161346414,1.5830301036950503
2026-08-18T06:29:33.588+00:00,1787034573.5887249,194385.5850484,5.971671900013462,238,194385.4942036,8.821099996566772,81.94069997989573,3,1,1,4,1,0.0,1,estabilizada,1,1,1,446.5,275.25,0.140371173620224,0.8918431401252747,0.16314490525719605,0.8269962007696432,0.15028365525719606,0.8155517007696432,0.02505992701384648,0.14990066416111664,0.8154592787766647,0.043720555809589626,0.0,0.5409434264513249,-0.248764161346414,1.5830301036950503
2026-08-18T06:29:33.589+00:00,1787034573.5897095,194385.5852312,5.971854700008407,238,194385.4942036,8.821099996566772,81.94069997989573,10,0,0,4,1,0.0,1,estabilizada,1,1,1,,,,,,,,,,,,,nan,0.5409434264513249,-0.248764161346414,1.5830301036950503
2026-08-18T06:29:33.736+00:00,1787034573.7366602,194385.7326004,6.119223899993813,242,194385.6277741,23.435000010067597,81.36529999319464,1,0,0,4,1,0.0,1,estabilizada,1,1,1,,,,,,,,,,,,,nan,0.5409401123374518,-0.24877580917605607,1.5830263286771693
2026-08-18T06:29:33.736+00:00,1787034573.7366602,194385.7326432,6.119266699999571,242,194385.6277741,23.435000010067597,81.36529999319464,2,1,1,4,1,0.0,1,estabilizada,1,1,1,945.75,290.75,0.9798434376716614,0.8483716249465942,0.9548904103186119,0.7859953603941583,0.942029160318612,0.7745508603941583,-2.825882692940141,0.962795602061442,0.7870717337420063,-2.6286671190187008,0.0,0.5409401123374518,-0.24877580917605607,1.5830263286771693
2026-08-18T06:29:33.736+00:00,1787034573.7366602,194385.7326563,6.119279800012009,242,194385.6277741,23.435000010067597,81.36529999319464,3,1,1,4,1,0.0,1,estabilizada,1,1,1,447.0,275.25,0.14119546115398407,0.8918319344520569,0.1639221953559198,0.8269848153189772,0.1510609453559198,0.8155403153189772,0.02388828710593038,0.14990066416111664,0.8154592787766647,0.043720555809589626,0.0,0.5409401123374518,-0.24877580917605607,1.5830263286771693
2026-08-18T06:29:33.736+00:00,1787034573.7366602,194385.7326699,6.119293399999151,242,194385.6277741,23.435000010067597,81.36529999319464,10,0,0,4,1,0.0,1,estabilizada,1,1,1,,,,,,,,,,,,,nan,0.5409401123374518,-0.24877580917605607,1.5830263286771693
2026-08-18T06:29:33.883+00:00,1787034573.883617,194385.8793318,6.265955300012138,247,194385.7939125,5.524200008949265,79.86110000638291,1,0,0,4,1,0.0,1,estabilizada,1,1,1,,,,,,,,,,,,,nan,0.540935392701608,-0.248786924437101,1.5830218555482236
2026-08-18T06:29:33.883+00:00,1787034573.883617,194385.8793781,6.266001600015443,247,194385.7939125,5.524200008949265,79.86110000638291,2,1,1,4,1,0.0,1,estabilizada,1,1,1,940.3784790039062,292.4500732421875,0.9702169299125671,0.8450697660446167,0.9458108623566606,0.7828804148374211,0.9329496123566605,0.7714359148374211,-2.835634959764199,0.9570725721370237,0.7836044731226246,-2.6638841432612987,0.0,0.540935392701608,-0.248786924437101,1.5830218555482236
2026-08-18T06:29:33.883+00:00,1787034573.883617,194385.8794085,6.266032000014093,247,194385.7939125,5.524200008949265,79.86110000638291,3,1,1,4,1,0.0,1,estabilizada,1,1,1,447.0,275.25,0.14119556546211243,0.8918326497077942,0.16392208962566884,0.8269846747330649,0.15106083962566885,0.815540174733065,0.023886007525758257,0.14990066416111664,0.8154592787766647,0.043720555809589626,0.0,0.540935392701608,-0.248786924437101,1.5830218555482236
2026-08-18T06:29:33.883+00:00,1787034573.883617,194385.8794221,6.266045600001235,247,194385.7939125,5.524200008949265,79.86110000638291,10,0,0,4,1,0.0,1,estabilizada,1,1,1,,,,,,,,,,,,,nan,0.540935392701608,-0.248786924437101,1.5830218555482236
2026-08-18T06:29:34.033+00:00,1787034574.0336034,194386.0299192,6.4165426999970805,251,194385.9282697,11.501400003908202,90.11879999889061,1,0,0,4,1,0.0,1,estabilizada,1,1,1,,,,,,,,,,,,,nan,0.5409327149772636,-0.24879652330976146,1.5830185278367006
2026-08-18T06:29:34.034+00:00,1787034574.034603,194386.0300534,6.416676900000311,251,194385.9282697,11.501400003908202,90.11879999889061,2,1,1,4,1,0.0,1,estabilizada,1,1,1,935.0,294.25,0.9605746865272522,0.8415730595588684,0.9367166098368226,0.779581831577297,0.9238553598368227,0.768137331577297,-2.900184447841755,0.9531431687037909,0.7812396308004291,-2.6996252329565564,0.0,0.5409327149772636,-0.24879652330976146,1.5830185278367006
2026-08-18T06:29:34.034+00:00,1787034574.034603,194386.0301085,6.416732000012416,251,194385.9282697,11.501400003908202,90.11879999889061,3,1,1,4,1,0.0,1,estabilizada,1,1,1,447.0,275.25,0.1411951184272766,0.8918328285217285,0.1639215635426493,0.8269841613332775,0.15106031354264932,0.8155396613332775,0.02388373447901086,0.14990066416111664,0.8154592787766647,0.043720555809589626,0.0,0.5409327149772636,-0.24879652330976146,1.5830185278367006
2026-08-18T06:29:34.034+00:00,1787034574.034603,194386.0301347,6.416758200008189,251,194385.9282697,11.501400003908202,90.11879999889061,10,0,0,4,1,0.0,1,estabilizada,1,1,1,,,,,,,,,,,,,nan,0.5409327149772636,-0.24879652330976146,1.5830185278367006
2026-08-18T06:29:34.180+00:00,1787034574.1807287,194386.176419,6.563042499998119,256,194386.0936889,4.597499995725229,78.10400001471862,1,0,0,4,1,0.0,1,estabilizada,1,1,1,,,,,,,,,,,,,nan,0.5409286997764923,-0.2488082326620991,1.5830128452725203
2026-08-18T06:29:34.180+00:00,1787034574.1807287,194386.176461,6.563084499997785,256,194386.0936889,4.597499995725229,78.10400001471862,2,0,0,4,1,0.0,1,estabilizada,1,1,1,,,,,,,,,,0.9531431687037909,0.7812396308004291,-2.6996252329565564,158.24556350708008,0.5409286997764923,-0.2488082326620991,1.5830128452725203
2026-08-18T06:29:34.180+00:00,1787034574.1807287,194386.1764748,6.563098300015554,256,194386.0936889,4.597499995725229,78.10400001471862,3,1,1,4,1,0.0,1,estabilizada,1,1,1,447.0,275.25,0.14119501411914825,0.8918332457542419,0.16392131846759317,0.8269836563374247,0.15106006846759318,0.8155391563374247,0.023880383567556816,0.14990066416111664,0.8154592787766647,0.043720555809589626,0.0,0.5409286997764923,-0.2488082326620991,1.5830128452725203
2026-08-18T06:29:34.180+00:00,1787034574.1807287,194386.176488,6.56311149999965,256,194386.0936889,4.597499995725229,78.10400001471862,10,0,0,4,1,0.0,1,estabilizada,1,1,1,,,,,,,,,,,,,nan,0.5409286997764923,-0.2488082326620991,1.5830128452725203
2026-08-18T06:29:34.325+00:00,1787034574.3256574,194386.321751,6.708374500012724,260,194386.2266862,10.553699976298958,84.37970001250505,1,0,0,4,1,0.0,1,estabilizada,1,1,1,,,,,,,,,,,,,nan,0.5409239536757074,-0.24882030053177895,1.5830062523875805
2026-08-18T06:29:34.325+00:00,1787034574.3256574,194386.3219909,6.708614400005899,260,194386.2266862,10.553699976298958,84.37970001250505,2,1,1,4,1,0.0,1,estabilizada,1,1,1,923.5098266601562,298.0034484863281,0.9400662779808044,0.8343141674995422,0.9173735001517354,0.7727338029395218,0.9045122501517353,0.7612893029395218,-2.8710565273104858,0.9474118350497147,0.7784571408681009,-2.7324204239509173,0.0,0.5409239536757074,-0.24882030053177895,1.5830062523875805
2026-08-18T06:29:34.325+00:00,1787034574.3256574,194386.3220239,6.708647399995243,260,194386.2266862,10.553699976298958,84.37970001250505,3,1,1,4,1,0.0,1,estabilizada,1,1,1,447.0,275.5,0.14123158156871796,0.8913312554359436,0.16395563173300098,0.8265092499117536,0.151094381733001,0.8150647499117536,-0.013373846006002056,0.14990066416111664,0.8154592787766647,0.03603150016653398,0.0,0.5409239536757074,-0.24882030053177895,1.5830062523875805
2026-08-18T06:29:34.325+00:00,1787034574.3256574,194386.3220429,6.708666399994399,260,194386.2266862,10.553699976298958,84.37970001250505,10,0,0,4,1,0.0,1,estabilizada,1,1,1,,,,,,,,,,,,,nan,0.5409239536757074,-0.24882030053177895,1.5830062523875805
2026-08-18T06:29:34.479+00:00,1787034574.479915,194386.4760686,6.862692099995911,264,194386.3600568,33.383999980287626,82.60140000493266,1,0,0,4,1,0.0,1,estabilizada,1,1,1,,,,,,,,,,,,,nan,0.5409198672430457,-0.24883445021744743,1.5829986912352436
2026-08-18T06:29:34.479+00:00,1787034574.479915,194386.4761116,6.862735100003192,264,194386.3600568,33.383999980287626,82.60140000493266,2,1,1,4,1,0.0,1,estabilizada,1,1,1,919.0805053710938,300.5703430175781,0.9319390058517456,0.8292793035507202,0.9097079562181403,0.7679840931526493,0.8968467062181402,0.7565395931526493,-2.8522313178821044,0.9403697470979668,0.7753720865883615,-2.759827170386006,0.0,0.5409198672430457,-0.24883445021744743,1.5829986912352436
2026-08-18T06:29:34.479+00:00,1787034574.479915,194386.4761237,6.862747200008016,264,194386.3600568,33.383999980287626,82.60140000493266,3,1,1,4,1,0.0,1,estabilizada,1,1,1,446.75,275.0,0.14074695110321045,0.8923435211181641,0.16349843071718384,0.8274628500292563,0.15063718071718385,0.8160183500292564,0.06127593547245706,0.14990066416111664,0.8154592787766647,0.03603150016653398,0.0,0.5409198672430457,-0.24883445021744743,1.5829986912352436
2026-08-18T06:29:34.479+00:00,1787034574.479915,194386.4761338,6.862757299997611,264,194386.3600568,33.383999980287626,82.60140000493266,10,0,0,4,1,0.0,1,estabilizada,1,1,1,,,,,,,,,,,,,nan,0.5409198672430457,-0.24883445021744743,1.5829986912352436
2026-08-18T06:29:34.612+00:00,1787034574.612568,194386.6081994,6.994822900014697,269,194386.529419,3.1420000013895333,75.61279999208637,1,0,0,4,1,0.0,1,estabilizada,1,1,1,,,,,,,,,,,,,nan,0.540911242609902,-0.24884643163968034,1.5829927670399104
2026-08-18T06:29:34.612+00:00,1787034574.612568,194386.608242,6.994865499989828,269,194386.529419,3.1420000013895333,75.61279999208637,2,1,1,4,1,0.0,1,estabilizada,1,1,1,912.75,302.5,0.9207363128662109,0.8255831003189087,0.899141611339564,0.7644971245079812,0.886280361339564,0.7530526245079813,-2.7983840490706484,0.9275265713898468,0.770328018254961,-2.7799950372168936,0.0,0.540911242609902,-0.24884643163968034,1.5829927670399104
2026-08-18T06:29:34.612+00:00,1787034574.612568,194386.608255,6.994878500001505,269,194386.529419,3.1420000013895333,75.61279999208637,3,1,1,4,1,0.0,1,estabilizada,1,1,1,446.75,275.25,0.14078406989574432,0.8918417096138,0.1635330339428847,0.8269886446785861,0.15067178394288472,0.8155441446785862,0.02387142837361395,0.14990066416111664,0.8154592787766647,0.04464413023689433,0.0,0.540911242609902,-0.24884643163968034,1.5829927670399104
2026-08-18T06:29:34.612+00:00,1787034574.612568,194386.6082681,6.994891600013943,269,194386.529419,3.1420000013895333,75.61279999208637,10,0,0,4,1,0.0,1,estabilizada,1,1,1,,,,,,,,,,,,,nan,0.540911242609902,-0.24884643163968034,1.5829927670399104
2026-08-18T06:29:34.755+00:00,1787034574.7556365,194386.7511433,7.13776680000592,273,194386.6607564,11.268400005064905,79.0532999963034,1,0,0,4,1,0.0,1,estabilizada,1,1,1,,,,,,,,,,,,,nan,0.5409011422990218,-0.24885728535981141,1.5829880436408197
2026-08-18T06:29:34.755+00:00,1787034574.7556365,194386.7512093,7.137832800013712,273,194386.6607564,11.268400005064905,79.0532999963034,2,1,1,4,1,0.0,1,estabilizada,1,1,1,908.0091552734375,304.7601623535156,0.9121935963630676,0.821193277835846,0.8910839480621824,0.7603560838504058,0.8782226980621823,0.7489115838504058,-2.777951794280449,0.9172314484412556,0.7657010901083976,-2.7931881273185435,0.0,0.5409011422990218,-0.24885728535981141,1.5829880436408197
2026-08-18T06:29:34.755+00:00,1787034574.7556365,194386.7512236,7.137847100006184,273,194386.6607564,11.268400005064905,79.0532999963034,3,1,1,4,1,0.0,1,estabilizada,1,1,1,447.0,275.25,0.14119760692119598,0.8918367624282837,0.16392255315721865,0.8269831681681474,0.15106130315721866,0.8155386681681475,0.02386806126687555,0.14990066416111664,0.8154592787766647,0.04464413023689433,0.0,0.5409011422990218,-0.24885728535981141,1.5829880436408197
2026-08-18T06:29:34.755+00:00,1787034574.7556365,194386.7512355,7.137859000009485,273,194386.6607564,11.268400005064905,79.0532999963034,10,0,0,4,1,0.0,1,estabilizada,1,1,1,,,,,,,,,,,,,nan,0.5409011422990218,-0.24885728535981141,1.5829880436408197
2026-08-18T06:29:34.902+00:00,1787034574.9026775,194386.8984189,7.285042400006205,277,194386.7940132,19.559599983040243,84.81940001365729,1,0,0,4,1,0.0,1,estabilizada,1,1,1,,,,,,,,,,,,,nan,0.5408910898369681,-0.2488684238307983,1.5829830111338796
2026-08-18T06:29:34.902+00:00,1787034574.9026775,194386.8984608,7.28508430000511,277,194386.7940132,19.559599983040243,84.81940001365729,2,1,1,4,1,0.0,1,estabilizada,1,1,1,903.75,306.75,0.9045462012290955,0.8173400163650513,0.883870704527556,0.7567210716621058,0.871009454527556,0.7452765716621058,-2.811416204622055,0.897571477837333,0.7573914577017523,-2.7931881273185435,0.0,0.5408910898369681,-0.2488684238307983,1.5829830111338796
2026-08-18T06:29:34.902+00:00,1787034574.9026775,194386.8984802,7.285103700007312,277,194386.7940132,19.559599983040243,84.81940001365729,3,1,1,4,1,0.0,1,estabilizada,1,1,1,446.5,275.0,0.14033782482147217,0.8923524022102356,0.16311115441366564,0.8274686519606844,0.15024990441366565,0.8160241519606845,0.06360529151108124,0.14990066416111664,0.8154592787766647,0.04464413023689433,0.0,0.5408910898369681,-0.2488684238307983,1.5829830111338796
2026-08-18T06:29:34.902+00:00,1787034574.9026775,194386.8984909,7.285114400001476,277,194386.7940132,19.559599983040243,84.81940001365729,10,0,0,4,1,0.0,1,estabilizada,1,1,1,,,,,,,,,,,,,nan,0.5408910898369681,-0.2488684238307983,1.5829830111338796
2026-08-18T06:29:35.055+00:00,1787034575.0557942,194387.0517017,7.4383251999970526,281,194386.9294497,32.26209999411367,89.96430001570843,1,0,0,4,1,0.0,1,estabilizada,1,1,1,,,,,,,,,,,,,nan,0.5408843848699179,-0.24888245748889737,1.5829755613570675
2026-08-18T06:29:35.056+00:00,1787034575.0565045,194387.0519177,7.438541200011969,281,194386.9294497,32.26209999411367,89.96430001570843,2,1,1,4,1,0.0,1,estabilizada,1,1,1,899.5,308.75,0.8969290852546692,0.8134753704071045,0.8766861808050537,0.7530750667987071,0.8638249308050536,0.7416305667987071,-2.7370510247637254,0.8892038033908813,0.7535749780174539,-2.7931881273185435,0.0,0.5408843848699179,-0.24888245748889737,1.5829755613570675
2026-08-18T06:29:35.056+00:00,1787034575.0565045,194387.0519619,7.438585399999283,281,194386.9294497,32.26209999411367,89.96430001570843,3,1,1,4,1,0.0,1,estabilizada,1,1,1,446.75,275.25,0.1407880038022995,0.891845703125,0.16353546445495537,0.8269896579898265,0.15067421445495538,0.8155451579898265,0.02386021997234683,0.14990066416111664,0.8154592787766647,0.04464413023689433,0.0,0.5408843848699179,-0.24888245748889737,1.5829755613570675
2026-08-18T06:29:35.056+00:00,1787034575.0565045,194387.0519798,7.4386032999900635,281,194386.9294497,32.26209999411367,89.96430001570843,10,0,0,4,1,0.0,1,estabilizada,1,1,1,,,,,,,,,,,,,nan,0.5408843848699179,-0.24888245748889737,1.5829755613570675
2026-08-18T06:29:35.205+00:00,1787034575.2051399,194387.2006033,7.587226800009375,286,194387.0929709,20.30820000800304,87.29809999931604,1,0,0,4,1,0.0,1,estabilizada,1,1,1,,,,,,,,,,,,,nan,0.5408766735621933,-0.24889555638671454,1.582967855560106
2026-08-18T06:29:35.205+00:00,1787034575.2051399,194387.2006482,7.58727170000202,286,194387.0929709,20.30820000800304,87.29809999931604,2,1,1,4,1,0.0,1,estabilizada,1,1,1,893.0,312.25,0.8852235078811646,0.8067092895507812,0.8656455897447652,0.7466926342531542,0.8527843397447652,0.7352481342531543,-2.6863314005327394,0.8707757020930079,0.7443920597409226,-2.781854973190487,0.0,0.5408766735621933,-0.24889555638671454,1.582967855560106
2026-08-18T06:29:35.205+00:00,1787034575.2051399,194387.2006609,7.587284400011413,286,194387.0929709,20.30820000800304,87.29809999931604,3,1,1,4,1,0.0,1,estabilizada,1,1,1,447.0,275.0,0.1411658078432083,0.8923447132110596,0.16389146066575405,0.8274592362867939,0.15103021066575406,0.8160147362867939,0.06125833875543735,0.14990066416111664,0.8154592787766647,0.04464413023689433,0.0,0.5408766735621933,-0.24889555638671454,1.582967855560106
2026-08-18T06:29:35.205+00:00,1787034575.2051399,194387.200674,7.587297499994747,286,194387.0929709,20.30820000800304,87.29809999931604,10,0,0,4,1,0.0,1,estabilizada,1,1,1,,,,,,,,,,,,,nan,0.5408766735621933,-0.24889555638671454,1.582967855560106
2026-08-18T06:29:35.357+00:00,1787034575.3573425,194387.3530944,7.739717899996322,291,194387.2606003,7.378599984804168,85.08879999862984,1,0,0,4,1,0.0,1,estabilizada,1,1,1,,,,,,,,,,,,,nan,0.5408716795320536,-0.24891086564289305,1.5829597220040603
2026-08-18T06:29:35.357+00:00,1787034575.3573425,194387.3531378,7.7397613000066485,291,194387.2606003,7.378599984804168,85.08879999862984,2,1,1,4,1,0.0,1,estabilizada,1,1,1,889.5,314.5,0.8788694739341736,0.802354097366333,0.8596524331760684,0.7425838799971587,0.8467911831760684,0.7311393799971587,-2.737263642689069,0.862688872276833,0.7401234995407635,-2.761417473272372,0.0,0.5408716795320536,-0.24891086564289305,1.5829597220040603
2026-08-18T06:29:35.357+00:00,1787034575.3573425,194387.3531512,7.739774699992267,291,194387.2606003,7.378599984804168,85.08879999862984,3,1,1,4,1,0.0,1,estabilizada,1,1,1,447.0,275.25,0.14120377600193024,0.8918442726135254,0.16392710295567753,0.8269860446902666,0.15106585295567754,0.8155415446902666,0.02385131395491915,0.14990066416111664,0.8154592787766647,0.04464413023689433,0.0,0.5408716795320536,-0.24891086564289305,1.5829597220040603
2026-08-18T06:29:35.357+00:00,1787034575.3573425,194387.3531617,7.739785200014012,291,194387.2606003,7.378599984804168,85.08879999862984,10,0,0,4,1,0.0,1,estabilizada,1,1,1,,,,,,,,,,,,,nan,0.5408716795320536,-0.24891086564289305,1.5829597220040603
2026-08-18T06:29:35.505+00:00,1787034575.5057273,194387.501662,7.888285499997437,295,194387.3962499,20.000500022433698,85.38709999993443,1,0,0,4,1,0.0,1,estabilizada,1,1,1,,,,,,,,,,,,,nan,0.5408666323592606,-0.24892552970028975,1.5829528184538493
2026-08-18T06:29:35.505+00:00,1787034575.5057273,194387.5017047,7.888328200002434,295,194387.3962499,20.000500022433698,85.38709999993443,2,1,1,4,1,0.0,1,estabilizada,1,1,1,886.5,316.25,0.8734703063964844,0.7989813685417175,0.8545598686914688,0.7394018158587135,0.8416986186914688,0.7279573158587135,-2.6698828942031625,0.8556534127675781,0.7361476129276395,-2.743992113255032,0.0,0.5408666323592606,-0.24892552970028975,1.5829528184538493
2026-08-18T06:29:35.505+00:00,1787034575.5057273,194387.5017355,7.8883590000041295,295,194387.3962499,20.000500022433698,85.38709999993443,3,1,1,4,1,0.0,1,estabilizada,1,1,1,446.75,275.25,0.14079315960407257,0.891852617263794,0.16353964460868342,0.8269927983040282,0.15067839460868343,0.8155482983040282,0.023847937234540085,0.14990066416111664,0.8154592787766647,0.04464413023689433,0.0,0.5408666323592606,-0.24892552970028975,1.5829528184538493
2026-08-18T06:29:35.505+00:00,1787034575.5057273,194387.5017464,7.888369899999816,295,194387.3962499,20.000500022433698,85.38709999993443,10,0,0,4,1,0.0,1,estabilizada,1,1,1,,,,,,,,,,,,,nan,0.5408666323592606,-0.24892552970028975,1.5829528184538493
2026-08-18T06:29:35.649+00:00,1787034575.6495786,194387.6454588,8.032082299992908,300,194387.5597213,6.353500008117408,79.35739998356439,1,0,0,4,1,0.0,1,estabilizada,1,1,1,,,,,,,,,,,,,nan,0.5408650542649922,-0.248938331183071,1.5829473872086945
2026-08-18T06:29:35.649+00:00,1787034575.6495786,194387.6454998,8.032123300014064,300,194387.5597213,6.353500008117408,79.35739998356439,2,1,1,4,1,0.0,1,estabilizada,1,1,1,880.0,319.5,0.8619033098220825,0.7927619814872742,0.8436503702527595,0.7335351057882332,0.8307891202527595,0.7220906057882333,-2.7603761055212845,0.8495346980113133,0.7326131414746978,-2.743992113255032,0.0,0.5408650542649922,-0.248938331183071,1.5829473872086945
2026-08-18T06:29:35.649+00:00,1787034575.6495786,194387.6455117,8.03213519998826,300,194387.5597213,6.353500008117408,79.35739998356439,3,1,1,4,1,0.0,1,estabilizada,1,1,1,447.0,275.25,0.1412065178155899,0.8918492794036865,0.1639294892618317,0.8269886998402346,0.15106823926183172,0.8155441998402346,0.023843469672430524,0.14990066416111664,0.8154592787766647,0.04464413023689433,0.0,0.5408650542649922,-0.248938331183071,1.5829473872086945
2026-08-18T06:29:35.649+00:00,1787034575.6495786,194387.6455238,8.032147299993085,300,194387.5597213,6.353500008117408,79.35739998356439,10,0,0,4,1,0.0,1,estabilizada,1,1,1,,,,,,,,,,,,,nan,0.5408650542649922,-0.248938331183071,1.5829473872086945
2026-08-18T06:29:35.793+00:00,1787034575.7930913,194387.7888389,8.17546240001684,304,194387.6941873,11.890599998878315,82.73750002263114,1,0,0,4,1,0.0,1,estabilizada,1,1,1,,,,,,,,,,,,,nan,0.5408656735179073,-0.2489521866536797,1.5829413800938652
2026-08-18T06:29:35.793+00:00,1787034575.7930913,194387.7888803,8.175503800011938,304,194387.6941873,11.890599998878315,82.73750002263114,2,1,1,4,1,0.0,1,estabilizada,1,1,1,875.75,321.5,0.8543864488601685,0.7889525890350342,0.8365608552307124,0.7299412883092643,0.8236996052307124,0.7184967883092643,-2.7227270126784213,0.8365999830443707,0.7255626820837758,-2.743992113255032,0.0,0.5408656735179073,-0.2489521866536797,1.5829413800938652
2026-08-18T06:29:35.793+00:00,1787034575.7930913,194387.7888924,8.175515900016762,304,194387.6941873,11.890599998878315,82.73750002263114,3,1,1,4,1,0.0,1,estabilizada,1,1,1,447.0,275.25,0.14120754599571228,0.8918522000312805,0.16393058042347147,0.8269904205031224,0.15106933042347148,0.8155459205031225,0.023838998897127227,0.14990066416111664,0.8154592787766647,0.04464413023689433,0.0,0.5408656735179073,-0.2489521866536797,1.5829413800938652
2026-08-18T06:29:35.793+00:00,1787034575.7930913,194387.7889049,8.175528399995528,304,194387.6941873,11.890599998878315,82.73750002263114,10,0,0,4,1,0.0,1,estabilizada,1,1,1,,,,,,,,,,,,,nan,0.5408656735179073,-0.2489521866536797,1.5829413800938652
2026-08-18T06:29:35.952+00:00,1787034575.9521244,194387.947779,8.334402500011493,308,194387.8267005,35.867600003257394,85.18470000126399,1,0,0,4,1,0.0,1,estabilizada,1,1,1,,,,,,,,,,,,,nan,0.540865876021819,-0.24896577041160886,1.5829342425659843
2026-08-18T06:29:35.952+00:00,1787034575.9521244,194387.947822,8.33444549998967,308,194387.8267005,35.867600003257394,85.18470000126399,2,1,1,4,1,0.0,1,estabilizada,1,1,1,872.25,324.0,0.848055899143219,0.7841522693634033,0.8305901691479481,0.725412859298569,0.8177289191479482,0.713968359298569,-2.6868626005491554,0.8312426272852039,0.7224720575214426,-2.7254534862173037,0.0,0.540865876021819,-0.24896577041160886,1.5829342425659843
2026-08-18T06:29:35.952+00:00,1787034575.9521244,194387.9478347,8.334458199999062,308,194387.8267005,35.867600003257394,85.18470000126399,3,1,1,4,1,0.0,1,estabilizada,1,1,1,447.0,275.25,0.14120884239673615,0.8918552398681641,0.16393191708867688,0.826992222716711,0.1510706670886769,0.815547722716711,0.02383454441431277,0.14990066416111664,0.8154592787766647,0.04464413023689433,0.0,0.540865876021819,-0.24896577041160886,1.5829342425659843
2026-08-18T06:29:35.952+00:00,1787034575.9521244,194387.9478476,8.334471100009978,308,194387.8267005,35.867600003257394,85.18470000126399,10,0,0,4,1,0.0,1,estabilizada,1,1,1,,,,,,,,,,,,,nan,0.540865876021819,-0.24896577041160886,1.5829342425659843
2026-08-18T06:29:36.100+00:00,1787034576.1009076,194388.0965872,8.483210700011114,313,194387.9947994,22.178799990797415,79.58459999645129,1,0,0,4,1,0.0,1,estabilizada,1,1,1,,,,,,,,,,,,,nan,0.5408670150762099,-0.248979171264707,1.5829266102385158
2026-08-18T06:29:36.100+00:00,1787034576.1009076,194388.0966299,8.48325340001611,313,194387.9947994,22.178799990797415,79.58459999645129,2,1,1,4,1,0.0,1,estabilizada,1,1,1,866.25,327.0,0.8374641537666321,0.7784598469734192,0.8206006161209318,0.7200430441707307,0.8077393661209318,0.7085985441707308,-2.7380631107309514,0.8278124519841554,0.7203152533789114,-2.7254534862173037,0.0,0.5408670150762099,-0.248979171264707,1.5829266102385158
2026-08-18T06:29:36.100+00:00,1787034576.1009076,194388.0966433,8.48326680000173,313,194387.9947994,22.178799990797415,79.58459999645129,3,1,1,4,1,0.0,1,estabilizada,1,1,1,447.0,275.25,0.1412104219198227,0.8918583393096924,0.16393358113101003,0.826994071258614,0.15107233113101004,0.815549571258614,0.023829012105915752,0.14990066416111664,0.8154592787766647,0.04464413023689433,0.0,0.5408670150762099,-0.248979171264707,1.5829266102385158
2026-08-18T06:29:36.100+00:00,1787034576.1009076,194388.0966544,8.483277899998939,313,194387.9947994,22.178799990797415,79.58459999645129,10,0,0,4,1,0.0,1,estabilizada,1,1,1,,,,,,,,,,,,,nan,0.5408670150762099,-0.248979171264707,1.5829266102385158
2026-08-18T06:29:36.244+00:00,1787034576.2442791,194388.2402409,8.626864399993792,317,194388.1291282,28.43919998849742,82.6459999952931,1,0,0,4,1,0.0,1,estabilizada,1,1,1,,,,,,,,,,,,,nan,0.5408688726645274,-0.24899417668439253,1.5829171961705832
2026-08-18T06:29:36.244+00:00,1787034576.2442791,194388.2402868,8.626910299994051,317,194388.1291282,28.43919998849742,82.6459999952931,2,1,1,4,1,0.0,1,estabilizada,1,1,1,863.0,329.25,0.8316352367401123,0.7741671800613403,0.8151031194378864,0.7159932450444688,0.8022418694378863,0.7045487450444688,-2.6526024374898647,0.8205103307577788,0.7160134671822853,-2.7160842104251053,0.0,0.5408688726645274,-0.24899417668439253,1.5829171961705832
2026-08-18T06:29:36.244+00:00,1787034576.2442791,194388.2403021,8.626925599994138,317,194388.1291282,28.43919998849742,82.6459999952931,3,1,1,4,1,0.0,1,estabilizada,1,1,1,447.0,275.25,0.14121216535568237,0.8918615579605103,0.16393546619846372,0.8269958679759432,0.15107421619846373,0.8155513679759432,0.02382567129143112,0.14990066416111664,0.8154592787766647,0.04464413023689433,0.0,0.5408688726645274,-0.24899417668439253,1.5829171961705832
2026-08-18T06:29:36.244+00:00,1787034576.2442791,194388.2403148,8.62693830000353,317,194388.1291282,28.43919998849742,82.6459999952931,10,0,0,4,1,0.0,1,estabilizada,1,1,1,,,,,,,,,,,,,nan,0.5408688726645274,-0.24899417668439253,1.5829171961705832
2026-08-18T06:29:36.411+00:00,1787034576.4118104,194388.407307,8.793930499989074,322,194388.2951358,19.357599987415597,92.69610000774264,1,0,0,4,1,0.0,1,estabilizada,1,1,1,,,,,,,,,,,,,nan,0.5408750921045312,-0.2490159222031865,1.582902967131145
2026-08-18T06:29:36.411+00:00,1787034576.4118104,194388.4074291,8.794052600016585,322,194388.2951358,19.357599987415597,92.69610000774264,2,1,1,4,1,0.0,1,estabilizada,1,1,1,857.75,331.75,0.822435736656189,0.769457221031189,0.8064268854910563,0.7115493234566312,0.7935656354910563,0.7001048234566313,-2.6522700252438156,0.8070277671458251,0.7077918400111288,-2.706441329914399,0.0,0.5408750921045312,-0.2490159222031865,1.582902967131145
2026-08-18T06:29:36.411+00:00,1787034576.4118104,194388.4074471,8.794070600008126,322,194388.2951358,19.357599987415597,92.69610000774264,3,1,1,4,1,0.0,1,estabilizada,1,1,1,447.0,275.25,0.141214057803154,0.8918652534484863,0.1639378089325837,0.8269975338593654,0.1510765589325837,0.8155530338593654,0.023821268881855814,0.14990066416111664,0.8154592787766647,0.04464413023689433,0.0,0.5408750921045312,-0.2490159222031865,1.582902967131145
2026-08-18T06:29:36.411+00:00,1787034576.4118104,194388.4074606,8.794084099994507,322,194388.2951358,19.357599987415597,92.69610000774264,10,0,0,4,1,0.0,1,estabilizada,1,1,1,,,,,,,,,,,,,nan,0.5408750921045312,-0.2490159222031865,1.582902967131145
2026-08-18T06:29:36.579+00:00,1787034576.5790815,194388.5745592,8.961182700004429,327,194388.4611277,22.26980001432821,91.1167000012938,1,0,0,4,1,0.0,1,estabilizada,1,1,1,,,,,,,,,,,,,nan,0.5408824018106282,-0.24904082197507288,1.5828861674283297
2026-08-18T06:29:36.579+00:00,1787034576.5790815,194388.5746794,8.961302899988368,327,194388.4611277,22.26980001432821,91.1167000012938,2,1,1,4,1,0.0,1,estabilizada,1,1,1,853.0,334.5,0.8140550851821899,0.7642614841461182,0.7985229881752498,0.7066469762759326,0.7856617381752498,0.6952024762759327,-2.703095908092556,0.8011474264026005,0.704294079145415,-2.706441329914399,0.0,0.5408824018106282,-0.24904082197507288,1.5828861674283297
2026-08-18T06:29:36.579+00:00,1787034576.5790815,194388.57471,8.961333499988541,327,194388.4611277,22.26980001432821,91.1167000012938,3,1,1,4,1,0.0,1,estabilizada,1,1,1,447.0,275.0,0.14117994904518127,0.8923719525337219,0.16390629632720655,0.827473318747131,0.15104504632720656,0.8160288187471311,0.06121937184879609,0.14990066416111664,0.8154592787766647,0.04464413023689433,0.0,0.5408824018106282,-0.24904082197507288,1.5828861674283297
2026-08-18T06:29:36.579+00:00,1787034576.5790815,194388.5747273,8.961350800003856,327,194388.4611277,22.26980001432821,91.1167000012938,10,0,0,4,1,0.0,1,estabilizada,1,1,1,,,,,,,,,,,,,nan,0.5408824018106282,-0.24904082197507288,1.5828861674283297
2026-08-18T06:29:36.749+00:00,1787034576.749726,194388.7457144,9.132337899995036,332,194388.6268682,27.86460000788793,90.94379999442026,1,0,0,4,1,0.0,1,estabilizada,1,1,1,,,,,,,,,,,,,nan,0.5408860052350345,-0.24906604426878626,1.5828693549411457
2026-08-18T06:29:36.749+00:00,1787034576.749726,194388.7457633,9.132386799989035,332,194388.6268682,27.86460000788793,90.94379999442026,2,1,1,4,1,0.0,1,estabilizada,1,1,1,848.0,336.75,0.8053621053695679,0.760054886341095,0.7903243203888908,0.7026775143732951,0.7774630703888907,0.6912330143732951,-2.8257802151272093,0.7940931564093846,0.7002681081234359,-2.714812914716147,0.0,0.5408860052350345,-0.24906604426878626,1.5828693549411457
2026-08-18T06:29:36.749+00:00,1787034576.749726,194388.745777,9.132400500006042,332,194388.6268682,27.86460000788793,90.94379999442026,3,1,1,4,1,0.0,1,estabilizada,1,1,1,447.0,275.0,0.14118222892284393,0.8923758864402771,0.16390889284858196,0.8274749055455932,0.15104764284858196,0.8160304055455933,0.06121490309862566,0.14990066416111664,0.8154592787766647,0.04464413023689433,0.0,0.5408860052350345,-0.24906604426878626,1.5828693549411457
2026-08-18T06:29:36.749+00:00,1787034576.749726,194388.7457908,9.132414299994707,332,194388.6268682,27.86460000788793,90.94379999442026,10,0,0,4,1,0.0,1,estabilizada,1,1,1,,,,,,,,,,,,,nan,0.5408860052350345,-0.24906604426878626,1.5828693549411457
2026-08-18T06:29:36.924+00:00,1787034576.924733,194388.9201648,9.306788299989421,337,194388.7937937,26.30299999145791,100.03470000810921,1,0,0,4,1,0.0,1,estabilizada,1,1,1,,,,,,,,,,,,,nan,0.540889380703953,-0.24908922519606347,1.5828543886668678
2026-08-18T06:29:36.924+00:00,1787034576.924733,194388.920212,9.306835499999579,337,194388.7937937,26.30299999145791,100.03470000810921,2,1,1,4,1,0.0,1,estabilizada,1,1,1,843.0,339.0,0.796691358089447,0.7558590173721313,0.7821466355113427,0.6987183590281166,0.7692853855113426,0.6872738590281167,-2.7887267786614403,0.7896443191939475,0.6978529131747426,-2.7273463538681275,0.0,0.540889380703953,-0.24908922519606347,1.5828543886668678
2026-08-18T06:29:36.924+00:00,1787034576.924733,194388.9202279,9.306851400004234,337,194388.7937937,26.30299999145791,100.03470000810921,3,1,1,4,1,0.0,1,estabilizada,1,1,1,447.0,275.0,0.14118444919586182,0.8923800587654114,0.1639113936913857,0.8274769089292111,0.1510501436913857,0.8160324089292111,0.06121037590718623,0.14990066416111664,0.8154592787766647,0.04464413023689433,0.0,0.540889380703953,-0.24908922519606347,1.5828543886668678
2026-08-18T06:29:36.924+00:00,1787034576.924733,194388.9202429,9.306866400002036,337,194388.7937937,26.30299999145791,100.03470000810921,10,0,0,4,1,0.0,1,estabilizada,1,1,1,,,,,,,,,,,,,nan,0.540889380703953,-0.24908922519606347,1.5828543886668678
2026-08-18T06:29:37.128+00:00,1787034577.1284423,194389.1243593,9.510982800013153,342,194388.9617081,30.785100010689348,131.83810000191443,1,0,0,4,1,0.0,1,estabilizada,1,1,1,,,,,,,,,,,,,nan,0.5408916228286365,-0.24910765395276488,1.5828423182476037
2026-08-18T06:29:37.128+00:00,1787034577.1284423,194389.1244033,9.511026799998945,342,194388.9617081,30.785100010689348,131.83810000191443,2,1,1,4,1,0.0,1,estabilizada,1,1,1,838.0,341.25,0.7880429625511169,0.7516732215881348,0.7739900020517732,0.6947690829002079,0.7611287520517731,0.6833245829002079,-2.8930179072766458,0.7818925614079091,0.6938094299954463,-2.7605681039125938,0.0,0.5408916228286365,-0.24910765395276488,1.5828423182476037
2026-08-18T06:29:37.128+00:00,1787034577.1284423,194389.1244194,9.511042900005123,342,194388.9617081,30.785100010689348,131.83810000191443,3,1,1,4,1,0.0,1,estabilizada,1,1,1,447.0,275.0,0.14118707180023193,0.892383873462677,0.16391416797263103,0.8274789639318721,0.15105291797263104,0.8160344639318722,0.061205806987894726,0.14990066416111664,0.8154592787766647,0.04464413023689433,0.0,0.5408916228286365,-0.24910765395276488,1.5828423182476037
2026-08-18T06:29:37.128+00:00,1787034577.1284423,194389.124433,9.511056499992264,342,194388.9617081,30.785100010689348,131.83810000191443,10,0,0,4,1,0.0,1,estabilizada,1,1,1,,,,,,,,,,,,,nan,0.5408916228286365,-0.24910765395276488,1.5828423182476037
2026-08-18T06:29:37.294+00:00,1787034577.294961,194389.2911667,9.677790199988522,349,194389.1966429,10.610299999825656,83.88799999374896,1,0,0,4,1,0.0,1,estabilizada,1,1,1,,,,,,,,,,,,,nan,0.5408951131558799,-0.2491204855879085,1.5828351393008235
2026-08-18T06:29:37.294+00:00,1787034577.294961,194389.2912112,9.677834700007224,349,194389.1966429,10.610299999825656,83.88799999374896,2,1,1,4,1,0.0,1,estabilizada,1,1,1,832.0,343.0,0.7778322696685791,0.7484872937202454,0.764360023850507,0.6917633191833938,0.751498773850507,0.6803188191833939,-2.8140087833050753,0.7662708475381718,0.6863699528186217,-2.8132490743756726,0.0,0.5408951131558799,-0.2491204855879085,1.5828351393008235
2026-08-18T06:29:37.294+00:00,1787034577.294961,194389.2912244,9.67784789999132,349,194389.1966429,10.610299999825656,83.88799999374896,3,1,1,4,1,0.0,1,estabilizada,1,1,1,447.0,275.25,0.14122608304023743,0.8918848633766174,0.16395126257238807,0.8270073035745471,0.15109001257238808,0.8155628035745471,0.023796913070211357,0.14990066416111664,0.8154592787766647,0.04464413023689433,0.0,0.5408951131558799,-0.2491204855879085,1.5828351393008235
2026-08-18T06:29:37.294+00:00,1787034577.294961,194389.2912373,9.677860800002236,349,194389.1966429,10.610299999825656,83.88799999374896,10,0,0,4,1,0.0,1,estabilizada,1,1,1,,,,,,,,,,,,,nan,0.5408951131558799,-0.2491204855879085,1.5828351393008235
2026-08-18T06:29:37.434+00:00,1787034577.4348245,194389.4308715,9.817494999995688,353,194389.3263691,21.899300016229972,82.57480000611395,1,0,0,4,1,0.0,1,estabilizada,1,1,1,,,,,,,,,,,,,nan,0.5408974904641706,-0.24913129835197423,1.5828288820035217
2026-08-18T06:29:37.434+00:00,1787034577.4348245,194389.4309644,9.817587900004582,353,194389.3263691,21.899300016229972,82.57480000611395,2,1,1,4,1,0.0,1,estabilizada,1,1,1,827.5,345.0,0.7700917720794678,0.7447845339775085,0.7570597345800845,0.6882702601184001,0.7441984845800844,0.6768257601184001,-2.8126279745100953,0.7557031052236347,0.6819242066761818,-2.8249349141589053,0.0,0.5408974904641706,-0.24913129835197423,1.5828288820035217
2026-08-18T06:29:37.434+00:00,1787034577.4348245,194389.4309813,9.817604800016852,353,194389.3263691,21.899300016229972,82.57480000611395,3,1,1,4,1,0.0,1,estabilizada,1,1,1,447.0,275.25,0.14122872054576874,0.8918886780738831,0.16395397512106158,0.8270100300747756,0.1510927251210616,0.8155655300747756,0.02379024474196863,0.14990066416111664,0.8154592787766647,0.04464413023689433,0.0,0.5408974904641706,-0.24913129835197423,1.5828288820035217
2026-08-18T06:29:37.434+00:00,1787034577.4348245,194389.4309944,9.817617900000187,353,194389.3263691,21.899300016229972,82.57480000611395,10,0,0,4,1,0.0,1,estabilizada,1,1,1,,,,,,,,,,,,,nan,0.5408974904641706,-0.24913129835197423,1.5828288820035217
2026-08-18T06:29:37.570+00:00,1787034577.5701249,194389.5663611,9.952984600007767,357,194389.4611838,28.05539997643791,77.09360000444576,1,0,0,4,1,0.0,1,estabilizada,1,1,1,,,,,,,,,,,,,nan,0.5408999483559341,-0.24914099852533278,1.5828226339359353
2026-08-18T06:29:37.570+00:00,1787034577.5701249,194389.5664062,9.953029700001935,357,194389.4611838,28.05539997643791,77.09360000444576,2,0,0,4,1,0.0,1,estabilizada,1,1,1,,,,,,,,,,0.7557031052236347,0.6819242066761818,-2.8249349141589053,140.5949592590332,0.5408999483559341,-0.24914099852533278,1.5828226339359353
2026-08-18T06:29:37.570+00:00,1787034577.5701249,194389.5664192,9.953042700013611,357,194389.4611838,28.05539997643791,77.09360000444576,3,1,1,4,1,0.0,1,estabilizada,1,1,1,447.0,275.25,0.14123156666755676,0.8918923735618591,0.16395688887406867,0.8270127077761322,0.15109563887406868,0.8155682077761323,0.023785761381652296,0.14990066416111664,0.8154592787766647,0.04464413023689433,0.0,0.5408999483559341,-0.24914099852533278,1.5828226339359353
2026-08-18T06:29:37.570+00:00,1787034577.5701249,194389.5664325,9.953055999998469,357,194389.4611838,28.05539997643791,77.09360000444576,10,0,0,4,1,0.0,1,estabilizada,1,1,1,,,,,,,,,,,,,nan,0.5408999483559341,-0.24914099852533278,1.5828226339359353
2026-08-18T06:29:37.711+00:00,1787034577.7110016,194389.7066956,10.093319100007648,362,194389.6263605,1.5910000074654818,78.7185000081081,1,0,0,4,1,0.0,1,estabilizada,1,1,1,,,,,,,,,,,,,nan,0.5409018524491197,-0.24914989273399843,1.5828167408980804
2026-08-18T06:29:37.711+00:00,1787034577.7110016,194389.7067401,10.093363599997247,362,194389.6263605,1.5910000074654818,78.7185000081081,2,1,1,4,1,0.0,1,estabilizada,1,1,1,816.5,348.75,0.7513934969902039,0.7379413843154907,0.7394248037617327,0.6818147256575542,0.7265635537617328,0.6703702256575542,-2.884553095407625,0.7436467149601991,0.6770014144010772,-2.8249349141589053,0.0,0.5409018524491197,-0.24914989273399843,1.5828167408980804
2026-08-18T06:29:37.711+00:00,1787034577.7110016,194389.7067533,10.093376800010446,362,194389.6263605,1.5910000074654818,78.7185000081081,3,1,1,4,1,0.0,1,estabilizada,1,1,1,447.0,275.0,0.14119833707809448,0.8923988342285156,0.16392574161829493,0.8274896234702741,0.15106449161829494,0.8160451234702741,0.061183827478661856,0.14990066416111664,0.8154592787766647,0.04464413023689433,0.0,0.5409018524491197,-0.24914989273399843,1.5828167408980804
2026-08-18T06:29:37.711+00:00,1787034577.7110016,194389.7067663,10.09338979999302,362,194389.6263605,1.5910000074654818,78.7185000081081,10,0,0,4,1,0.0,1,estabilizada,1,1,1,,,,,,,,,,,,,nan,0.5409018524491197,-0.24914989273399843,1.5828167408980804
2026-08-18T06:29:37.850+00:00,1787034577.8503861,194389.846205,10.232828500011237,366,194389.7601818,7.0875000092200935,78.91019998351112,1,0,0,4,1,0.0,1,estabilizada,1,1,1,,,,,,,,,,,,,nan,0.5409026903924533,-0.24915222060007386,1.5828158350101371
2026-08-18T06:29:37.850+00:00,1787034577.8503861,194389.8462501,10.232873600005405,366,194389.7601818,7.0875000092200935,78.91019998351112,2,1,1,4,1,0.0,1,estabilizada,1,1,1,811.5,350.5,0.7429170608520508,0.7347534894943237,0.7314303844243745,0.6788079322476535,0.7185691344243745,0.6673634322476535,-2.8010512425788407,0.7315248306269756,0.6721220037017968,-2.833227093938726,0.0,0.5409026903924533,-0.24915222060007386,1.5828158350101371
2026-08-18T06:29:37.850+00:00,1787034577.8503861,194389.8462634,10.232886899990262,366,194389.7601818,7.0875000092200935,78.91019998351112,3,1,1,4,1,0.0,1,estabilizada,1,1,1,447.0,275.25,0.14123809337615967,0.8918991088867188,0.16396329799937226,0.8270181433427055,0.15110204799937227,0.8155736433427055,0.023773496402080867,0.14990066416111664,0.8154592787766647,0.04464413023689433,0.0,0.5409026903924533,-0.24915222060007386,1.5828158350101371
2026-08-18T06:29:37.850+00:00,1787034577.8503861,194389.8462741,10.23289760001353,366,194389.7601818,7.0875000092200935,78.91019998351112,10,0,0,4,1,0.0,1,estabilizada,1,1,1,,,,,,,,,,,,,nan,0.5409026903924533,-0.24915222060007386,1.5828158350101371
2026-08-18T06:29:37.990+00:00,1787034577.9909642,194389.9871348,10.373758300003828,370,194389.8928271,11.611800000537187,82.66899999580346,1,0,0,4,1,0.0,1,estabilizada,1,1,1,,,,,,,,,,,,,nan,0.5409042235763857,-0.2491569570395756,1.5828126685704476
2026-08-18T06:29:37.990+00:00,1787034577.9909642,194389.9871806,10.373804100003326,370,194389.8928271,11.611800000537187,82.66899999580346,2,1,1,4,1,0.0,1,estabilizada,1,1,1,805.75,353.75,0.7330352663993835,0.7287435531616211,0.7221105409423354,0.6731393444856841,0.7092492909423354,0.6616948444856842,-2.7177133166109946,0.7260578803154778,0.6696219242448506,-2.8188793323144217,0.0,0.5409042235763857,-0.2491569570395756,1.5828126685704476
2026-08-18T06:29:37.990+00:00,1787034577.9909642,194389.9871946,10.373818099993514,370,194389.8928271,11.611800000537187,82.66899999580346,3,1,1,4,1,0.0,1,estabilizada,1,1,1,446.75,275.0,0.14079292118549347,0.8924111127853394,0.16354357129729952,0.827500635175228,0.15068232129729953,0.816056135175228,0.06117000453779929,0.14990066416111664,0.8154592787766647,0.04464413023689433,0.0,0.5409042235763857,-0.2491569570395756,1.5828126685704476
2026-08-18T06:29:37.990+00:00,1787034577.9909642,194389.9872059,10.373829399992246,370,194389.8928271,11.611800000537187,82.66899999580346,10,0,0,4,1,0.0,1,estabilizada,1,1,1,,,,,,,,,,,,,nan,0.5409042235763857,-0.2491569570395756,1.5828126685704476
2026-08-18T06:29:38.142+00:00,1787034578.1429656,194390.1383887,10.525012199999765,374,194390.0287368,28.434599982574582,81.19250001618639,1,0,0,4,1,0.0,1,estabilizada,1,1,1,,,,,,,,,,,,,nan,0.5409072273375043,-0.24916292910689672,1.582809057597454
2026-08-18T06:29:38.142+00:00,1787034578.1429656,194390.1384574,10.525080899999011,374,194390.0287368,28.434599982574582,81.19250001618639,2,1,1,4,1,0.0,1,estabilizada,1,1,1,802.0,355.5,0.7266552448272705,0.7255356311798096,0.7160934392235964,0.6701133615101135,0.7032321892235964,0.6586688615101135,-2.6839034868974916,0.7121558090246549,0.6627173713200532,-2.74867888708066,0.0,0.5409072273375043,-0.24916292910689672,1.582809057597454
2026-08-18T06:29:38.142+00:00,1787034578.1429656,194390.1384899,10.525113400013652,374,194390.0287368,28.434599982574582,81.19250001618639,3,1,1,4,1,0.0,1,estabilizada,1,1,1,446.75,275.25,0.1408325582742691,0.8919115662574768,0.16358117728352967,0.8270290056669548,0.15071992728352968,0.8155845056669548,0.02376014736492825,0.14990066416111664,0.8154592787766647,0.04464413023689433,0.0,0.5409072273375043,-0.24916292910689672,1.582809057597454
2026-08-18T06:29:38.142+00:00,1787034578.1429656,194390.1385015,10.525125000014668,374,194390.0287368,28.434599982574582,81.19250001618639,10,0,0,4,1,0.0,1,estabilizada,1,1,1,,,,,,,,,,,,,nan,0.5409072273375043,-0.24916292910689672,1.582809057597454
2026-08-18T06:29:38.280+00:00,1787034578.2809937,194390.2764057,10.663029199989978,379,194390.1930224,3.19429999217391,80.16460001817904,1,0,0,4,1,0.0,1,estabilizada,1,1,1,,,,,,,,,,,,,nan,0.5409095155454182,-0.24916409106444865,1.5828091265306297
2026-08-18T06:29:38.280+00:00,1787034578.2809937,194390.2764494,10.66307290000259,379,194390.1930224,3.19429999217391,80.16460001817904,2,1,1,4,1,0.0,1,estabilizada,1,1,1,796.5,359.5,0.7171513438224792,0.7181318402290344,0.7071300694444985,0.6631304933469668,0.6942688194444986,0.6516859933469669,-2.6685545406705287,0.7102234061444874,0.6617048028842871,-2.7153742664097464,0.0,0.5409095155454182,-0.24916409106444865,1.5828091265306297
2026-08-18T06:29:38.280+00:00,1787034578.2809937,194390.2764618,10.663085300009698,379,194390.1930224,3.19429999217391,80.16460001817904,3,1,1,4,1,0.0,1,estabilizada,1,1,1,446.75,275.0,0.14079999923706055,0.8924176096916199,0.1635505987023811,0.8275062117561987,0.1506893487023811,0.8160617117561987,0.061156106823995894,0.14990066416111664,0.8154592787766647,0.04464413023689433,0.0,0.5409095155454182,-0.24916409106444865,1.5828091265306297
2026-08-18T06:29:38.280+00:00,1787034578.2809937,194390.2764727,10.663096200005384,379,194390.1930224,3.19429999217391,80.16460001817904,10,0,0,4,1,0.0,1,estabilizada,1,1,1,,,,,,,,,,,,,nan,0.5409095155454182,-0.24916409106444865,1.5828091265306297
2026-08-18T06:29:38.420+00:00,1787034578.4202652,194390.4156142,10.80223770000157,383,194390.3255627,10.991400020429865,79.03259998420253,1,0,0,4,1,0.0,1,estabilizada,1,1,1,,,,,,,,,,,,,nan,0.5409136300060544,-0.2491685146727579,1.582806058709318
2026-08-18T06:29:38.420+00:00,1787034578.4202652,194390.4156589,10.802282399992691,383,194390.3255627,10.991400020429865,79.03259998420253,2,1,1,4,1,0.0,1,estabilizada,1,1,1,792.5,362.75,0.7102258205413818,0.712124228477478,0.7005985531548738,0.6574641225172632,0.6877373031548739,0.6460196225172632,-2.5801429250280803,0.6992264198105718,0.6541654696097632,-2.6663326148467634,0.0,0.5409136300060544,-0.2491685146727579,1.582806058709318
2026-08-18T06:29:38.420+00:00,1787034578.4202652,194390.4156723,10.802295800007414,383,194390.3255627,10.991400020429865,79.03259998420253,3,1,1,4,1,0.0,1,estabilizada,1,1,1,446.75,275.25,0.14084000885486603,0.8919181227684021,0.16358861137978198,0.8270347488360023,0.150727361379782,0.8155902488360023,0.023745639811521512,0.14990066416111664,0.8154592787766647,0.04464413023689433,0.0,0.5409136300060544,-0.2491685146727579,1.582806058709318
2026-08-18T06:29:38.420+00:00,1787034578.4202652,194390.4156831,10.802306600002339,383,194390.3255627,10.991400020429865,79.03259998420253,10,0,0,4,1,0.0,1,estabilizada,1,1,1,,,,,,,,,,,,,nan,0.5409136300060544,-0.2491685146727579,1.582806058709318
2026-08-18T06:29:38.561+00:00,1787034578.5614424,194390.5568624,10.943485900002997,387,194390.4599761,14.455699973041192,82.37770001869649,1,0,0,4,1,0.0,1,estabilizada,1,1,1,,,,,,,,,,,,,nan,0.5409199952203625,-0.24917425951680464,1.58280204284738
2026-08-18T06:29:38.561+00:00,1787034578.5614424,194390.5569297,10.943553199991584,387,194390.4599761,14.455699973041192,82.37770001869649,2,1,1,4,1,0.0,1,estabilizada,1,1,1,788.5,365.0,0.7034332156181335,0.708015501499176,0.6941925213052252,0.653588557282915,0.6813312713052253,0.642144057282915,-2.5857808295372036,0.6944223093428117,0.6507576409795799,-2.631021862193535,0.0,0.5409199952203625,-0.24917425951680464,1.58280204284738
2026-08-18T06:29:38.561+00:00,1787034578.5614424,194390.5569447,10.943568199989386,387,194390.4599761,14.455699973041192,82.37770001869649,3,1,1,4,1,0.0,1,estabilizada,1,1,1,446.75,275.25,0.1408434510231018,0.891921877861023,0.16359227747329952,0.8270377991298289,0.15073102747329953,0.8155932991298289,0.023737871542384336,0.14990066416111664,0.8154592787766647,0.04464413023689433,0.0,0.5409199952203625,-0.24917425951680464,1.58280204284738
2026-08-18T06:29:38.561+00:00,1787034578.5614424,194390.5569556,10.943579100014176,387,194390.4599761,14.455699973041192,82.37770001869649,10,0,0,4,1,0.0,1,estabilizada,1,1,1,,,,,,,,,,,,,nan,0.5409199952203625,-0.24917425951680464,1.58280204284738
2026-08-18T06:29:38.698+00:00,1787034578.6982722,194390.6938296,11.08045310000307,391,194390.5932017,20.985000010114163,79.61680000880733,1,0,0,4,1,0.0,1,estabilizada,1,1,1,,,,,,,,,,,,,nan,0.5409262941091527,-0.2491818339552119,1.582796220701844
2026-08-18T06:29:38.698+00:00,1787034578.6982722,194390.6939037,11.08052720001433,391,194390.5932017,20.985000010114163,79.61680000880733,2,1,1,4,1,0.0,1,estabilizada,1,1,1,784.25,368.75,0.6960877180099487,0.7011133432388306,0.6872650231055601,0.6470782344681388,0.6744037731055601,0.6356337344681389,-2.484731213247375,0.6889754072313007,0.6469720849702105,-2.5997825541532555,0.0,0.5409262941091527,-0.2491818339552119,1.582796220701844
2026-08-18T06:29:38.698+00:00,1787034578.6982722,194390.6939164,11.08053989999462,391,194390.5932017,20.985000010114163,79.61680000880733,3,1,1,4,1,0.0,1,estabilizada,1,1,1,446.75,275.25,0.14084699749946594,0.8919255137443542,0.1635960641347815,0.8270405589095353,0.15073481413478151,0.8155960589095353,0.023731216791497735,0.14990066416111664,0.8154592787766647,0.04464413023689433,0.0,0.5409262941091527,-0.2491818339552119,1.582796220701844
2026-08-18T06:29:38.698+00:00,1787034578.6982722,194390.6939295,11.080553000007058,391,194390.5932017,20.985000010114163,79.61680000880733,10,0,0,4,1,0.0,1,estabilizada,1,1,1,,,,,,,,,,,,,nan,0.5409262941091527,-0.2491818339552119,1.582796220701844
2026-08-18T06:29:38.839+00:00,1787034578.8394258,194390.8355782,11.222201700002188,395,194390.7290563,25.24779998930171,81.24870000756346,1,0,0,4,1,0.0,1,estabilizada,1,1,1,,,,,,,,,,,,,nan,0.5409345975300325,-0.2491904030028728,1.582789731105665
2026-08-18T06:29:38.839+00:00,1787034578.8394258,194390.8356255,11.222249000013107,395,194390.7290563,25.24779998930171,81.24870000756346,2,1,1,4,1,0.0,1,estabilizada,1,1,1,780.0,371.5,0.6888730525970459,0.6961046457290649,0.6804610312815359,0.6423536308507691,0.667599781281536,0.6309091308507692,-2.52559002576085,0.6826112672915062,0.6420429620563708,-2.5681266582895863,0.0,0.5409345975300325,-0.2491904030028728,1.582789731105665
2026-08-18T06:29:38.839+00:00,1787034578.8394258,194390.8356411,11.222264600015478,395,194390.7290563,25.24779998930171,81.24870000756346,3,1,1,4,1,0.0,1,estabilizada,1,1,1,446.75,275.25,0.14085030555725098,0.8919294476509094,0.1635997495104899,0.8270435158429629,0.1507384995104899,0.8155990158429629,0.02372456210024064,0.14990066416111664,0.8154592787766647,0.04464413023689433,0.0,0.5409345975300325,-0.2491904030028728,1.582789731105665
2026-08-18T06:29:38.839+00:00,1787034578.8394258,194390.8356535,11.222276999993483,395,194390.7290563,25.24779998930171,81.24870000756346,10,0,0,4,1,0.0,1,estabilizada,1,1,1,,,,,,,,,,,,,nan,0.5409345975300325,-0.2491904030028728,1.582789731105665
2026-08-18T06:29:38.984+00:00,1787034578.984446,194390.979763,11.366386500012595,399,194390.8599844,36.748899990925565,83.0034000100568,1,0,0,4,1,0.0,1,estabilizada,1,1,1,,,,,,,,,,,,,nan,0.5409448509186733,-0.24920009322324332,1.5827824619183
2026-08-18T06:29:38.984+00:00,1787034578.984446,194390.9798072,11.36643069999991,399,194390.8599844,36.748899990925565,83.0034000100568,2,1,1,4,1,0.0,1,estabilizada,1,1,1,776.25,374.5,0.6824668645858765,0.6906290650367737,0.674419655612755,0.6371886041531682,0.661558405612755,0.6257441041531683,-2.5552675755243905,0.6721261962190661,0.6340507253766772,-2.5581272366937853,0.0,0.5409448509186733,-0.24920009322324332,1.5827824619183
2026-08-18T06:29:38.984+00:00,1787034578.984446,194390.9798401,11.366463599988492,399,194390.8599844,36.748899990925565,83.0034000100568,3,1,1,4,1,0.0,1,estabilizada,1,1,1,446.75,275.25,0.1408536583185196,0.8919338583946228,0.16360359913500594,0.8270468267799717,0.15074234913500595,0.8156023267799717,0.023717913937540813,0.14990066416111664,0.8154592787766647,0.03513219692351685,0.0,0.5409448509186733,-0.24920009322324332,1.5827824619183
2026-08-18T06:29:38.984+00:00,1787034578.984446,194390.9798516,11.366475099988747,399,194390.8599844,36.748899990925565,83.0034000100568,10,0,0,4,1,0.0,1,estabilizada,1,1,1,,,,,,,,,,,,,nan,0.5409448509186733,-0.24920009322324332,1.5827824619183
2026-08-18T06:29:39.140+00:00,1787034579.1402483,194391.1356745,11.522297999996226,404,194391.0258771,24.09379999153316,85.67820000462234,1,0,0,4,1,0.0,1,estabilizada,1,1,1,,,,,,,,,,,,,nan,0.540957769804085,-0.24920995797724543,1.5827754726866605
2026-08-18T06:29:39.140+00:00,1787034579.1402483,194391.1357175,11.522341000003507,404,194391.0258771,24.09379999153316,85.67820000462234,2,1,1,4,1,0.0,1,estabilizada,1,1,1,772.3413696289062,378.4110107421875,0.6757333874702454,0.6834840178489685,0.6680697574739043,0.6304490427227288,0.6552085074739042,0.6190045427227289,-2.561942923107794,0.6694655216339138,0.6320281960124483,-2.5581272366937853,0.0,0.540957769804085,-0.24920995797724543,1.5827754726866605
2026-08-18T06:29:39.140+00:00,1787034579.1402483,194391.1357302,11.5223537000129,404,194391.0258771,24.09379999153316,85.67820000462234,3,1,1,4,1,0.0,1,estabilizada,1,1,1,447.0,275.25,0.14126916229724884,0.8919327855110168,0.16399631172328533,0.8270449674431694,0.15113506172328534,0.8156004674431694,0.023712363065717192,0.14990066416111664,0.8154592787766647,0.03513219692351685,0.0,0.540957769804085,-0.24920995797724543,1.5827754726866605
2026-08-18T06:29:39.140+00:00,1787034579.1402483,194391.135741,11.522364500007825,404,194391.0258771,24.09379999153316,85.67820000462234,10,0,0,4,1,0.0,1,estabilizada,1,1,1,,,,,,,,,,,,,nan,0.540957769804085,-0.24920995797724543,1.5827754726866605
2026-08-18T06:29:39.287+00:00,1787034579.2878072,194391.2831423,11.669765800004825,409,194391.1960803,9.818199992878363,77.21630000742152,1,0,0,4,1,0.0,1,estabilizada,1,1,1,,,,,,,,,,,,,nan,0.5409672323877086,-0.2492163965441426,1.5827711372494284
2026-08-18T06:29:39.287+00:00,1787034579.2878072,194391.2831862,11.669809699989855,409,194391.1960803,9.818199992878363,77.21630000742152,2,1,1,4,1,0.0,1,estabilizada,1,1,1,765.25,380.75,0.6640174984931946,0.6793785095214844,0.6570205779095029,0.6265764716405421,0.6441593279095028,0.6151319716405421,-2.653102931142377,0.6593402778394438,0.6240453287910067,-2.5581272366937853,0.0,0.5409672323877086,-0.2492163965441426,1.5827711372494284
2026-08-18T06:29:39.287+00:00,1787034579.2878072,194391.2831987,11.669822199997725,409,194391.1960803,9.818199992878363,77.21630000742152,3,1,1,4,1,0.0,1,estabilizada,1,1,1,447.0,275.25,0.14127182960510254,0.8919367790222168,0.1639994276790404,0.8270481900254189,0.15113817767904042,0.8156036900254189,0.023706815470791797,0.14990066416111664,0.8154592787766647,0.03513219692351685,0.0,0.5409672323877086,-0.2492163965441426,1.5827711372494284
2026-08-18T06:29:39.287+00:00,1787034579.2878072,194391.2832093,11.669832799991127,409,194391.1960803,9.818199992878363,77.21630000742152,10,0,0,4,1,0.0,1,estabilizada,1,1,1,,,,,,,,,,,,,nan,0.5409672323877086,-0.2492163965441426,1.5827711372494284
2026-08-18T06:29:39.422+00:00,1787034579.4228134,194391.4188547,11.805478199996287,413,194391.325699,17.524099996080622,75.60650000232272,1,0,0,4,1,0.0,1,estabilizada,1,1,1,,,,,,,,,,,,,nan,0.5409794168072606,-0.24922329425525203,1.582766823713212
2026-08-18T06:29:39.422+00:00,1787034579.4228134,194391.4188981,11.805521600006614,413,194391.325699,17.524099996080622,75.60650000232272,2,1,1,4,1,0.0,1,estabilizada,1,1,1,762.5,383.75,0.659295916557312,0.6739222407341003,0.652568150459383,0.621429923543545,0.6397069004593829,0.609985423543545,-2.697851983623945,0.6557263072952668,0.6217419520994683,-2.571317610574909,0.0,0.5409794168072606,-0.24922329425525203,1.582766823713212
2026-08-18T06:29:39.422+00:00,1787034579.4228134,194391.418911,11.805534499988426,413,194391.325699,17.524099996080622,75.60650000232272,3,1,1,4,1,0.0,1,estabilizada,1,1,1,447.0,275.25,0.14127428829669952,0.8919411301612854,0.16400250133919675,0.8270517246855372,0.15114125133919676,0.8156072246855373,0.023701271150452913,0.14990066416111664,0.8154592787766647,0.03513219692351685,0.0,0.5409794168072606,-0.24922329425525203,1.582766823713212
2026-08-18T06:29:39.422+00:00,1787034579.4228134,194391.4189241,11.805547600000864,413,194391.325699,17.524099996080622,75.60650000232272,10,0,0,4,1,0.0,1,estabilizada,1,1,1,,,,,,,,,,,,,nan,0.5409794168072606,-0.24922329425525203,1.582766823713212
2026-08-18T06:29:39.565+00:00,1787034579.5658927,194391.5611941,11.947817600012058,417,194391.4598054,21.16900001419708,80.17719999770634,1,0,0,4,1,0.0,1,estabilizada,1,1,1,,,,,,,,,,,,,nan,0.540992141812575,-0.2492289331576259,1.582763710246916
2026-08-18T06:29:39.565+00:00,1787034579.5658927,194391.5612739,11.947897400008515,417,194391.4598054,21.16900001419708,80.17719999770634,2,1,1,4,1,0.0,1,estabilizada,1,1,1,758.0,385.5,0.651870846748352,0.6708425879478455,0.645565999486809,0.6185249638050891,0.632704749486809,0.6070804638050892,-2.6690303160076843,0.6495268191256381,0.6174482376721131,-2.5988852909074995,0.0,0.540992141812575,-0.2492289331576259,1.582763710246916
2026-08-18T06:29:39.565+00:00,1787034579.5658927,194391.5613047,11.94792820001021,417,194391.4598054,21.16900001419708,80.17719999770634,3,1,1,4,1,0.0,1,estabilizada,1,1,1,447.0,275.25,0.14127665758132935,0.8919457793235779,0.164005504185476,0.8270556611976789,0.151144254185476,0.815611161197679,0.023695717176857055,0.14990066416111664,0.8154592787766647,0.03513219692351685,0.0,0.540992141812575,-0.2492289331576259,1.582763710246916
2026-08-18T06:29:39.565+00:00,1787034579.5658927,194391.5613166,11.947940100013511,417,194391.4598054,21.16900001419708,80.17719999770634,10,0,0,4,1,0.0,1,estabilizada,1,1,1,,,,,,,,,,,,,nan,0.540992141812575,-0.2492289331576259,1.582763710246916
2026-08-18T06:29:39.707+00:00,1787034579.7075818,194391.7030284,12.089651899994351,421,194391.5950906,25.969900016207248,81.94149998598732,1,0,0,4,1,0.0,1,estabilizada,1,1,1,,,,,,,,,,,,,nan,0.5410018007215734,-0.24923391666682834,1.582760240950172
2026-08-18T06:29:39.707+00:00,1787034579.7075818,194391.7030719,12.08969540000544,421,194391.5950906,25.969900016207248,81.94149998598732,2,1,1,4,1,0.0,1,estabilizada,1,1,1,753.75,388.75,0.6447386741638184,0.6650025844573975,0.638839916810527,0.6130166405523466,0.6259786668105269,0.6015721405523466,-2.7055003193913927,0.6351204141626895,0.6082014569968488,-2.658591246695445,0.0,0.5410018007215734,-0.24923391666682834,1.582760240950172
2026-08-18T06:29:39.707+00:00,1787034579.7075818,194391.7030848,12.089708300016355,421,194391.5950906,25.969900016207248,81.94149998598732,3,1,1,4,1,0.0,1,estabilizada,1,1,1,447.0,275.25,0.1412791758775711,0.8919503688812256,0.16400847833614407,0.8270595641705464,0.15114722833614408,0.8156150641705464,0.023691257230772204,0.14990066416111664,0.8154592787766647,0.03513219692351685,0.0,0.5410018007215734,-0.24923391666682834,1.582760240950172
2026-08-18T06:29:39.707+00:00,1787034579.7075818,194391.7030994,12.089722900011111,421,194391.5950906,25.969900016207248,81.94149998598732,10,0,0,4,1,0.0,1,estabilizada,1,1,1,,,,,,,,,,,,,nan,0.5410018007215734,-0.24923391666682834,1.582760240950172
2026-08-18T06:29:39.847+00:00,1787034579.8478117,194391.843509,12.230132500000764,426,194391.7592939,1.6101000073831528,82.57729999604635,1,0,0,4,1,0.0,1,estabilizada,1,1,1,,,,,,,,,,,,,nan,0.5410115051803092,-0.24924050605305142,1.5827560150678404
2026-08-18T06:29:39.847+00:00,1787034579.8478117,194391.8435626,12.230186100001447,426,194391.7592939,1.6101000073831528,82.57729999604635,2,1,1,4,1,0.0,1,estabilizada,1,1,1,748.0,390.75,0.6353142857551575,0.6615227460861206,0.6299519619535495,0.6097341621779353,0.6170907119535496,0.5982896621779353,-2.769383813705748,0.6330081532416085,0.6067716339152529,-2.6728323148393995,0.0,0.5410115051803092,-0.24924050605305142,1.5827560150678404
2026-08-18T06:29:39.847+00:00,1787034579.8478117,194391.8435749,12.230198400007794,426,194391.7592939,1.6101000073831528,82.57729999604635,3,1,1,4,1,0.0,1,estabilizada,1,1,1,446.75,275.25,0.1408693641424179,0.8919606804847717,0.16362258216880254,0.827068741480514,0.15076133216880255,0.815624241480514,0.02368681993126459,0.14990066416111664,0.8154592787766647,0.03513219692351685,0.0,0.5410115051803092,-0.24924050605305142,1.5827560150678404
2026-08-18T06:29:39.847+00:00,1787034579.8478117,194391.8435867,12.230210200010333,426,194391.7592939,1.6101000073831528,82.57729999604635,10,0,0,4,1,0.0,1,estabilizada,1,1,1,,,,,,,,,,,,,nan,0.5410115051803092,-0.24924050605305142,1.5827560150678404
2026-08-18T06:29:39.986+00:00,1787034579.9869878,194391.9828205,12.369444000010844,430,194391.892741,8.016400010092184,82.03789999242872,1,0,0,4,1,0.0,1,estabilizada,1,1,1,,,,,,,,,,,,,nan,0.5410206234139057,-0.24924873274207543,1.582751480588045
2026-08-18T06:29:39.986+00:00,1787034579.9869878,194391.9828623,12.369485800008988,430,194391.892741,8.016400010092184,82.03789999242872,2,1,1,4,1,0.0,1,estabilizada,1,1,1,744.5,392.25,0.629567563533783,0.6588914394378662,0.6245325187345653,0.607251863358728,0.6116712687345653,0.5958073633587281,-2.8276262155161374,0.6277391311511267,0.6037552504022039,-2.7025198642365993,0.0,0.5410206234139057,-0.24924873274207543,1.582751480588045
2026-08-18T06:29:39.986+00:00,1787034579.9869878,194391.9828751,12.369498599990038,430,194391.892741,8.016400010092184,82.03789999242872,3,1,1,4,1,0.0,1,estabilizada,1,1,1,447.0,275.25,0.14128436148166656,0.8919589519500732,0.16401456519029628,0.8270664575300815,0.1511533151902963,0.8156219575300815,0.023682405265432457,0.14990066416111664,0.8154592787766647,0.03513219692351685,0.0,0.5410206234139057,-0.24924873274207543,1.582751480588045
2026-08-18T06:29:39.986+00:00,1787034579.9869878,194391.9828881,12.369511600001715,430,194391.892741,8.016400010092184,82.03789999242872,10,0,0,4,1,0.0,1,estabilizada,1,1,1,,,,,,,,,,,,,nan,0.5410206234139057,-0.24924873274207543,1.582751480588045
2026-08-18T06:29:40.145+00:00,1787034580.1458588,194392.1416481,12.528271599992877,434,194392.0295775,19.652999995741993,92.38419999019243,1,0,0,4,1,0.0,1,estabilizada,1,1,1,,,,,,,,,,,,,nan,0.5410279740946857,-0.2492565488124995,1.5827474880933894
2026-08-18T06:29:40.145+00:00,1787034580.1458588,194392.1416992,12.528322700003628,434,194392.0295775,19.652999995741993,92.38419999019243,2,1,1,4,1,0.0,1,estabilizada,1,1,1,740.0,393.75,0.6222233772277832,0.6562977433204651,0.6176063512416724,0.6048050782522404,0.6047451012416725,0.5933605782522404,-2.8716959356086655,0.6168107334138415,0.5984017313468071,-2.7623841706287617,0.0,0.5410279740946857,-0.2492565488124995,1.5827474880933894
2026-08-18T06:29:40.145+00:00,1787034580.1458588,194392.1417153,12.528338800009806,434,194392.0295775,19.652999995741993,92.38419999019243,3,1,1,4,1,0.0,1,estabilizada,1,1,1,447.0,275.25,0.14128708839416504,0.891963005065918,0.16401761236194284,0.8270696720347698,0.15115636236194285,0.8156251720347698,0.023677993846877295,0.14990066416111664,0.8154592787766647,0.03513219692351685,0.0,0.5410279740946857,-0.2492565488124995,1.5827474880933894
2026-08-18T06:29:40.145+00:00,1787034580.1458588,194392.1417287,12.528352199995425,434,194392.0295775,19.652999995741993,92.38419999019243,10,0,0,4,1,0.0,1,estabilizada,1,1,1,,,,,,,,,,,,,nan,0.5410279740946857,-0.2492565488124995,1.5827474880933894
2026-08-18T06:29:40.294+00:00,1787034580.2943573,194392.2904556,12.677079100016272,439,194392.1926087,13.5491999972146,84.25730001181364,1,0,0,4,1,0.0,1,estabilizada,1,1,1,,,,,,,,,,,,,nan,0.541030056057274,-0.24926306605252516,1.582744777213111
2026-08-18T06:29:40.294+00:00,1787034580.2943573,194392.2905134,12.677136899990728,439,194392.1926087,13.5491999972146,84.25730001181364,2,1,1,4,1,0.0,1,estabilizada,1,1,1,734.5,395.75,0.6132526397705078,0.6528288722038269,0.6091458294826001,0.6015329996083554,0.5962845794826002,0.5900884996083554,-2.8806359037451856,0.6079644968374237,0.5947040124363665,-2.8133129053499113,0.0,0.541030056057274,-0.24926306605252516,1.582744777213111
2026-08-18T06:29:40.294+00:00,1787034580.2943573,194392.2905354,12.677158900012728,439,194392.1926087,13.5491999972146,84.25730001181364,3,1,1,4,1,0.0,1,estabilizada,1,1,1,447.0,275.25,0.14128997921943665,0.891966700553894,0.1640204961248551,0.8270726756464607,0.1511592461248551,0.8156281756464607,0.023674669958951775,0.14990066416111664,0.8154592787766647,0.03513219692351685,0.0,0.541030056057274,-0.24926306605252516,1.582744777213111
2026-08-18T06:29:40.294+00:00,1787034580.2943573,194392.290549,12.67717249999987,439,194392.1926087,13.5491999972146,84.25730001181364,10,0,0,4,1,0.0,1,estabilizada,1,1,1,,,,,,,,,,,,,nan,0.541030056057274,-0.24926306605252516,1.582744777213111
2026-08-18T06:29:40.477+00:00,1787034580.4778125,194392.4731924,12.85981590001029,443,194392.3310926,31.581499992171302,110.42799998540431,1,0,0,4,1,0.0,1,estabilizada,1,1,1,,,,,,,,,,,,,nan,0.5410279163379568,-0.24926802760117817,1.582742969384277
2026-08-18T06:29:40.477+00:00,1787034580.4778125,194392.4733302,12.859953700011829,443,194392.3310926,31.581499992171302,110.42799998540431,2,1,1,4,1,0.0,1,estabilizada,1,1,1,731.0,397.25,0.6075407862663269,0.6502114534378052,0.6037586444976719,0.5990640752093609,0.5908973944976719,0.5876195752093609,-2.880795371200761,0.6003928646549435,0.591604873813421,-2.8479067303169097,0.0,0.5410279163379568,-0.24926802760117817,1.582742969384277
2026-08-18T06:29:40.477+00:00,1787034580.4778125,194392.4733559,12.859979400003795,443,194392.3310926,31.581499992171302,110.42799998540431,3,1,1,4,1,0.0,1,estabilizada,1,1,1,447.0,275.25,0.14129315316677094,0.8919699192047119,0.16402339388261017,0.8270753550213136,0.15116214388261018,0.8156308550213136,0.02367024566180844,0.14990066416111664,0.8154592787766647,0.03513219692351685,0.0,0.5410279163379568,-0.24926802760117817,1.582742969384277
2026-08-18T06:29:40.477+00:00,1787034580.4778125,194392.4733774,12.860000899992883,443,194392.3310926,31.581499992171302,110.42799998540431,10,0,0,4,1,0.0,1,estabilizada,1,1,1,,,,,,,,,,,,,nan,0.5410279163379568,-0.24926802760117817,1.582742969384277
2026-08-18T06:29:40.651+00:00,1787034580.6512861,194392.6469925,13.03361600000062,449,194392.526051,18.652900005690753,102.26290000719018,1,0,0,4,1,0.0,1,estabilizada,1,1,1,,,,,,,,,,,,,nan,0.5410277747265428,-0.24927237113698467,1.5827414732263565
2026-08-18T06:29:40.651+00:00,1787034580.6512861,194392.6470381,13.033661599998595,449,194392.526051,18.652900005690753,102.26290000719018,2,1,1,4,1,0.0,1,estabilizada,1,1,1,724.75,398.25,0.5974652767181396,0.6486008763313293,0.5942560506599575,0.597544785593135,0.5813948006599574,0.586100285593135,-2.921685663984908,0.5964591113443164,0.5900969225073096,-2.87170274224149,0.0,0.5410277747265428,-0.24927237113698467,1.5827414732263565
2026-08-18T06:29:40.651+00:00,1787034580.6512861,194392.6470513,13.033674800011795,449,194392.526051,18.652900005690753,102.26290000719018,3,1,1,4,1,0.0,1,estabilizada,1,1,1,447.0,275.25,0.14129576086997986,0.8919730186462402,0.1640258667373362,0.8270779698856137,0.15116461673733622,0.8156334698856137,0.023668006087308752,0.14990066416111664,0.8154592787766647,0.03513219692351685,0.0,0.5410277747265428,-0.24927237113698467,1.5827414732263565
2026-08-18T06:29:40.651+00:00,1787034580.6512861,194392.6470644,13.03368789999513,449,194392.526051,18.652900005690753,102.26290000719018,10,0,0,4,1,0.0,1,estabilizada,1,1,1,,,,,,,,,,,,,nan,0.5410277747265428,-0.24927237113698467,1.5827414732263565
2026-08-18T06:29:40.820+00:00,1787034580.820337,194392.8161714,13.202794899989385,454,194392.6958712,26.041600009193644,94.23029999015853,1,0,0,4,1,0.0,1,estabilizada,1,1,1,,,,,,,,,,,,,nan,0.5410288413786465,-0.2492771081174255,1.5827397821678102
2026-08-18T06:29:40.820+00:00,1787034580.820337,194392.8162213,13.202844799990999,454,194392.6958712,26.041600009193644,94.23029999015853,2,1,1,4,1,0.0,1,estabilizada,1,1,1,719.75,400.25,0.5893457531929016,0.6451331377029419,0.5865982882512376,0.5942739105382718,0.5737370382512377,0.5828294105382719,-2.948730919918188,0.5900159339819453,0.5882877812638829,-2.895262705965052,0.0,0.5410288413786465,-0.2492771081174255,1.5827397821678102
2026-08-18T06:29:40.820+00:00,1787034580.820337,194392.8162348,13.202858300006483,454,194392.6958712,26.041600009193644,94.23029999015853,3,1,1,4,1,0.0,1,estabilizada,1,1,1,447.0,275.0,0.14126193523406982,0.8924792408943176,0.1639940494820184,0.8275550679071991,0.1511327994820184,0.8161105679071992,0.06106825291799806,0.14990066416111664,0.8154592787766647,0.03513219692351685,0.0,0.5410288413786465,-0.2492771081174255,1.5827397821678102
2026-08-18T06:29:40.820+00:00,1787034580.820337,194392.8162481,13.20287159999134,454,194392.6958712,26.041600009193644,94.23029999015853,10,0,0,4,1,0.0,1,estabilizada,1,1,1,,,,,,,,,,,,,nan,0.5410288413786465,-0.2492771081174255,1.5827397821678102
2026-08-18T06:29:40.978+00:00,1787034580.9781327,194392.9739829,13.360606400005054,459,194392.8590989,15.97310000215657,98.6962000024505,1,0,0,4,1,0.0,1,estabilizada,1,1,1,,,,,,,,,,,,,nan,0.5410321702248365,-0.24928407890500343,1.5827370744373261
2026-08-18T06:29:40.978+00:00,1787034580.9781327,194392.974306,13.360929499991471,459,194392.8590989,15.97310000215657,98.6962000024505,2,1,1,4,1,0.0,1,estabilizada,1,1,1,714.25,401.25,0.5804997682571411,0.6435040235519409,0.5782555017391724,0.5927369501580924,0.5653942517391723,0.5812924501580924,-2.9891589699985133,0.5830648505873838,0.5856991909063612,-2.9177754235900495,0.0,0.5410321702248365,-0.24928407890500343,1.5827370744373261
2026-08-18T06:29:40.978+00:00,1787034580.9781327,194392.9743429,13.360966400010511,459,194392.8590989,15.97310000215657,98.6962000024505,3,1,1,4,1,0.0,1,estabilizada,1,1,1,446.75,275.25,0.14088799059391022,0.8919857144355774,0.1636415968298583,0.827089097644587,0.1507803468298583,0.8156445976445871,0.023661339054213804,0.14990066416111664,0.8154592787766647,0.03513219692351685,0.0,0.5410321702248365,-0.24928407890500343,1.5827370744373261
2026-08-18T06:29:40.978+00:00,1787034580.9781327,194392.9743733,13.360996800009161,459,194392.8590989,15.97310000215657,98.6962000024505,10,0,0,4,1,0.0,1,estabilizada,1,1,1,,,,,,,,,,,,,nan,0.5410321702248365,-0.24928407890500343,1.5827370744373261
2026-08-18T06:29:41.153+00:00,1787034581.15348,194393.1490986,13.535722100001294,464,194393.0306424,14.486100000794977,103.94470000755973,1,0,0,4,1,0.0,1,estabilizada,1,1,1,,,,,,,,,,,,,nan,0.5410369377024572,-0.24929211312103747,1.5827338643825766
2026-08-18T06:29:41.153+00:00,1787034581.15348,194393.1491438,13.535767299996223,464,194393.0306424,14.486100000794977,103.94470000755973,2,1,1,4,1,0.0,1,estabilizada,1,1,1,708.5,402.25,0.5712666511535645,0.6418857574462891,0.5695476797763639,0.5912101447257969,0.5566864297763638,0.579765644725797,-3.0613224269510857,0.578395756283302,0.5845347998008843,-2.9316142669763803,0.0,0.5410369377024572,-0.24929211312103747,1.5827338643825766
2026-08-18T06:29:41.153+00:00,1787034581.15348,194393.1491568,13.5357803000079,464,194393.0306424,14.486100000794977,103.94470000755973,3,1,1,4,1,0.0,1,estabilizada,1,1,1,447.0,275.25,0.14130236208438873,0.8919835090637207,0.1640327228956553,0.8270864292020363,0.1511714728956553,0.8156419292020364,0.023658012015116595,0.14990066416111664,0.8154592787766647,0.03513219692351685,0.0,0.5410369377024572,-0.24929211312103747,1.5827338643825766
2026-08-18T06:29:41.153+00:00,1787034581.15348,194393.1491704,13.535793899995042,464,194393.0306424,14.486100000794977,103.94470000755973,10,0,0,4,1,0.0,1,estabilizada,1,1,1,,,,,,,,,,,,,nan,0.5410369377024572,-0.24929211312103747,1.5827338643825766
2026-08-18T06:29:41.300+00:00,1787034581.3008416,194393.2965349,13.683158400002867,469,194393.1923771,18.808599998010322,85.32179999747314,1,0,0,4,1,0.0,1,estabilizada,1,1,1,,,,,,,,,,,,,nan,0.5410369154920424,-0.24929588819330983,1.5827332558995761
2026-08-18T06:29:41.300+00:00,1787034581.3008416,194393.296582,13.683205500012264,469,194393.1923771,18.808599998010322,85.32179999747314,2,1,1,4,1,0.0,1,estabilizada,1,1,1,703.25,403.0,0.5628559589385986,0.6407053470611572,0.5616152483495778,0.5900966226444988,0.5487539983495777,0.5786521226444988,-3.019017339057322,0.5612333757852386,0.5808440133014183,-2.9799789710806324,0.0,0.5410369154920424,-0.24929588819330983,1.5827332558995761
2026-08-18T06:29:41.300+00:00,1787034581.3008416,194393.2966961,13.683319600007962,469,194393.1923771,18.808599998010322,85.32179999747314,3,1,1,4,1,0.0,1,estabilizada,1,1,1,446.75,275.25,0.14089231193065643,0.8919926881790161,0.16364599716870126,0.8270948467451298,0.15078474716870127,0.8156503467451298,0.023654662411043435,0.14990066416111664,0.8154592787766647,0.03513219692351685,0.0,0.5410369154920424,-0.24929588819330983,1.5827332558995761
2026-08-18T06:29:41.300+00:00,1787034581.3008416,194393.2967171,13.683340599993244,469,194393.1923771,18.808599998010322,85.32179999747314,10,0,0,4,1,0.0,1,estabilizada,1,1,1,,,,,,,,,,,,,nan,0.5410369154920424,-0.24929588819330983,1.5827332558995761
2026-08-18T06:29:41.447+00:00,1787034581.447171,194393.4428739,13.829497400001856,474,194393.358841,7.58429997949861,76.42270001815632,1,0,0,4,1,0.0,1,estabilizada,1,1,1,,,,,,,,,,,,,nan,0.5410362702939947,-0.24929983491872632,1.5827313203914555
2026-08-18T06:29:41.447+00:00,1787034581.447171,194393.442917,13.829540500009898,474,194393.358841,7.58429997949861,76.42270001815632,2,1,1,4,1,0.0,1,estabilizada,1,1,1,698.5,404.25,0.5552299618721008,0.6386049389839172,0.5544228556844798,0.5881153652819995,0.5415616056844799,0.5766708652819995,-3.061429406922058,0.5584704589411496,0.5802213481023458,-2.9884068723863546,0.0,0.5410362702939947,-0.24929983491872632,1.5827313203914555
2026-08-18T06:29:41.447+00:00,1787034581.447171,194393.4429296,13.829553099989425,474,194393.358841,7.58429997949861,76.42270001815632,3,1,1,4,1,0.0,1,estabilizada,1,1,1,446.25,275.0,0.14003360271453857,0.8925107717514038,0.1628361084950048,0.8275831663667479,0.1499748584950048,0.8161386663667479,0.06854547454221009,0.14990066416111664,0.8154592787766647,0.03513219692351685,0.0,0.5410362702939947,-0.24929983491872632,1.5827313203914555
2026-08-18T06:29:41.447+00:00,1787034581.447171,194393.4429426,13.829566100001102,474,194393.358841,7.58429997949861,76.42270001815632,10,0,0,4,1,0.0,1,estabilizada,1,1,1,,,,,,,,,,,,,nan,0.5410362702939947,-0.24929983491872632,1.5827313203914555
2026-08-18T06:29:41.595+00:00,1787034581.5955193,194393.5913974,13.978020900016418,478,194393.4948517,11.927299987291917,84.57600002293475,1,0,0,4,1,0.0,1,estabilizada,1,1,1,,,,,,,,,,,,,nan,0.541027287030473,-0.24930122315312522,1.5827315321143205
2026-08-18T06:29:41.595+00:00,1787034581.5955193,194393.5914436,13.978067099989858,478,194393.4948517,11.927299987291917,84.57600002293475,2,1,1,4,1,0.0,1,estabilizada,1,1,1,693.5,405.25,0.5472277998924255,0.6369678974151611,0.5468752156756758,0.5865713397977165,0.5340139656756757,0.5751268397977165,-3.061474393824432,0.5476323069109839,0.5780750805972721,-3.02143822009295,0.0,0.541027287030473,-0.24930122315312522,1.5827315321143205
2026-08-18T06:29:41.595+00:00,1787034581.5955193,194393.5914656,13.978089100011857,478,194393.4948517,11.927299987291917,84.57600002293475,3,1,1,4,1,0.0,1,estabilizada,1,1,1,446.75,275.0,0.14086110889911652,0.8925018906593323,0.1636160457289343,0.8275747200318259,0.1507547957289343,0.8161302200318259,0.061053175941705125,0.14990066416111664,0.8154592787766647,0.03513219692351685,0.0,0.541027287030473,-0.24930122315312522,1.5827315321143205
2026-08-18T06:29:41.595+00:00,1787034581.5955193,194393.5914872,13.978110700001707,478,194393.4948517,11.927299987291917,84.57600002293475,10,0,0,4,1,0.0,1,estabilizada,1,1,1,,,,,,,,,,,,,nan,0.541027287030473,-0.24930122315312522,1.5827315321143205
2026-08-18T06:29:41.746+00:00,1787034581.746833,194393.742172,14.128795500000706,482,194393.6267003,32.03190001659095,83.3959000010509,1,0,0,4,1,0.0,1,estabilizada,1,1,1,,,,,,,,,,,,,nan,0.5410184881119702,-0.24930159982138028,1.582732551101397
2026-08-18T06:29:41.746+00:00,1787034581.746833,194393.7422723,14.12889580000774,482,194393.6267003,32.03190001659095,83.3959000010509,2,1,1,4,1,0.0,1,estabilizada,1,1,1,689.25,405.5,0.5404568910598755,0.6366620659828186,0.5404888255358887,0.586282910093916,0.5276275755358888,0.574838410093916,-3.093291066194598,0.5361520033189616,0.5760609818605209,-3.0303493321873622,0.0,0.5410184881119702,-0.24930159982138028,1.582732551101397
2026-08-18T06:29:41.746+00:00,1787034581.746833,194393.7422894,14.128912899992429,482,194393.6267003,32.03190001659095,83.3959000010509,3,1,1,4,1,0.0,1,estabilizada,1,1,1,447.0,275.0,0.14127609133720398,0.8924990892410278,0.16400691574887943,0.8275720982948276,0.15114566574887944,0.8161275982948276,0.06105074625977375,0.14990066416111664,0.8154592787766647,0.04436318943379657,0.0,0.5410184881119702,-0.24930159982138028,1.582732551101397
2026-08-18T06:29:41.746+00:00,1787034581.746833,194393.7423033,14.128926800010959,482,194393.6267003,32.03190001659095,83.3959000010509,10,0,0,4,1,0.0,1,estabilizada,1,1,1,,,,,,,,,,,,,nan,0.5410184881119702,-0.24930159982138028,1.582732551101397
2026-08-18T06:29:41.891+00:00,1787034581.8916812,194393.8875938,14.2742173000006,487,194393.7920626,20.152100012637675,75.35259998985566,1,0,0,4,1,0.0,1,estabilizada,1,1,1,,,,,,,,,,,,,nan,0.5410124479522179,-0.24930256189425162,1.5827327391988548
2026-08-18T06:29:41.891+00:00,1787034581.8916812,194393.8876348,14.274258299992653,487,194393.7920626,20.152100012637675,75.35259998985566,2,1,1,4,1,0.0,1,estabilizada,1,1,1,684.75,407.0,0.5332502722740173,0.6341092586517334,0.5336916581086161,0.5838752160493269,0.5208304081086161,0.5724307160493269,-3.0934288309675075,0.5310742493252778,0.5752209050867135,-3.049295930511017,0.0,0.5410124479522179,-0.24930256189425162,1.5827327391988548
2026-08-18T06:29:41.891+00:00,1787034581.8916812,194393.8876626,14.274286100000609,487,194393.7920626,20.152100012637675,75.35259998985566,3,1,1,4,1,0.0,1,estabilizada,1,1,1,447.0,275.25,0.14131468534469604,0.8919996023178101,0.1640429689921839,0.827100967042799,0.1511817189921839,0.815656467042799,0.023643406943183953,0.14990066416111664,0.8154592787766647,0.04436318943379657,0.0,0.5410124479522179,-0.24930256189425162,1.5827327391988548
2026-08-18T06:29:41.891+00:00,1787034581.8916812,194393.8876759,14.27429940001457,487,194393.7920626,20.152100012637675,75.35259998985566,10,0,0,4,1,0.0,1,estabilizada,1,1,1,,,,,,,,,,,,,nan,0.5410124479522179,-0.24930256189425162,1.5827327391988548
2026-08-18T06:29:42.040+00:00,1787034582.0402308,194394.0356996,14.422323100006906,491,194393.9268117,24.59149999776855,84.27020002272911,1,0,0,4,1,0.0,1,estabilizada,1,1,1,,,,,,,,,,,,,nan,0.5410105724794835,-0.24930438511667097,1.5827325665665615
2026-08-18T06:29:42.040+00:00,1787034582.0402308,194394.0357445,14.422367999999551,491,194393.9268117,24.59149999776855,84.27020002272911,2,1,1,4,1,0.0,1,estabilizada,1,1,1,680.25,407.0,0.5261014699935913,0.6342647075653076,0.5269492564434785,0.5840217164111644,0.5140880064434785,0.5725772164111644,-3.0615457239373063,0.5264083048308427,0.574466749169499,-3.0593666966708493,0.0,0.5410105724794835,-0.24930438511667097,1.5827325665665615
2026-08-18T06:29:42.040+00:00,1787034582.0402308,194394.03576,14.42238350000116,491,194393.9268117,24.59149999776855,84.27020002272911,3,1,1,4,1,0.0,1,estabilizada,1,1,1,447.0,275.0,0.14128057658672333,0.8925063014030457,0.1640106956164915,0.8275787425990342,0.15114944561649152,0.8161342425990342,0.061045886953556304,0.14990066416111664,0.8154592787766647,0.04436318943379657,0.0,0.5410105724794835,-0.24930438511667097,1.5827325665665615
2026-08-18T06:29:42.040+00:00,1787034582.0402308,194394.0357727,14.422396200010553,491,194393.9268117,24.59149999776855,84.27020002272911,10,0,0,4,1,0.0,1,estabilizada,1,1,1,,,,,,,,,,,,,nan,0.5410105724794835,-0.24930438511667097,1.5827325665665615
2026-08-18T06:29:42.193+00:00,1787034582.1937604,194394.189237,14.575860500015551,496,194394.0915427,10.927299998002127,86.71389997471124,1,0,0,4,1,0.0,1,estabilizada,1,1,1,,,,,,,,,,,,,nan,0.5410108860644185,-0.24930737218089688,1.5827307634899668
2026-08-18T06:29:42.193+00:00,1787034582.1937604,194394.1893036,14.575927099998808,496,194394.0915427,10.927299998002127,86.71389997471124,2,1,1,4,1,0.0,1,estabilizada,1,1,1,674.5,407.5,0.5169569253921509,0.6335611939430237,0.5183247237002665,0.5833579801153317,0.5054634737002666,0.5719134801153317,-3.0955055566020517,0.521538348592284,0.5736656271409212,-3.0593666966708493,0.0,0.5410108860644185,-0.24930737218089688,1.5827307634899668
2026-08-18T06:29:42.193+00:00,1787034582.1937604,194394.1893167,14.575940200011246,496,194394.0915427,10.927299998002127,86.71389997471124,3,1,1,4,1,0.0,1,estabilizada,1,1,1,446.75,275.25,0.14090663194656372,0.8920129537582397,0.16365805859553162,0.8271132047269993,0.15079680859553163,0.8156687047269994,0.023638876480624602,0.14990066416111664,0.8154592787766647,0.04436318943379657,0.0,0.5410108860644185,-0.24930737218089688,1.5827307634899668
2026-08-18T06:29:42.193+00:00,1787034582.1937604,194394.1893292,14.575952699990012,496,194394.0915427,10.927299998002127,86.71389997471124,10,0,0,4,1,0.0,1,estabilizada,1,1,1,,,,,,,,,,,,,nan,0.5410108860644185,-0.24930737218089688,1.5827307634899668
2026-08-18T06:29:42.346+00:00,1787034582.346211,194394.3420683,14.728691800002707,500,194394.2254546,31.577899993862957,85.00550000462681,1,0,0,4,1,0.0,1,estabilizada,1,1,1,,,,,,,,,,,,,nan,0.5410114108878573,-0.24931088222759246,1.5827286890238552
2026-08-18T06:29:42.346+00:00,1787034582.346211,194394.3421157,14.728739200014388,500,194394.2254546,31.577899993862957,85.00550000462681,2,1,1,4,1,0.0,1,estabilizada,1,1,1,670.5,408.75,0.5105798244476318,0.6314480900764465,0.5123102807150983,0.5813647700121264,0.49944903071509833,0.5699202700121264,-3.097652735262326,0.5176862151749927,0.5732252339684694,-3.0593666966708493,0.0,0.5410114108878573,-0.24931088222759246,1.5827286890238552
2026-08-18T06:29:42.346+00:00,1787034582.346211,194394.3421288,14.728752299997723,500,194394.2254546,31.577899993862957,85.00550000462681,3,1,1,4,1,0.0,1,estabilizada,1,1,1,447.0,275.0,0.1412847638130188,0.8925133943557739,0.16401474810294991,0.827584903702153,0.15115349810294992,0.816140403702153,0.06104007936997915,0.14990066416111664,0.8154592787766647,0.04436318943379657,0.0,0.5410114108878573,-0.24931088222759246,1.5827286890238552
2026-08-18T06:29:42.346+00:00,1787034582.346211,194394.3421422,14.728765700012445,500,194394.2254546,31.577899993862957,85.00550000462681,10,0,0,4,1,0.0,1,estabilizada,1,1,1,,,,,,,,,,,,,nan,0.5410114108878573,-0.24931088222759246,1.5827286890238552
2026-08-18T06:29:42.495+00:00,1787034582.495262,194394.4912345,14.877857999992557,505,194394.3919877,19.21960001345724,80.00059999176301,1,0,0,4,1,0.0,1,estabilizada,1,1,1,,,,,,,,,,,,,nan,0.5410114259810616,-0.2493170090680004,1.5827238310074208
2026-08-18T06:29:42.495+00:00,1787034582.495262,194394.4912771,14.877900599996792,505,194394.3919877,19.21960001345724,80.00059999176301,2,1,1,4,1,0.0,1,estabilizada,1,1,1,664.25,409.25,0.5006604194641113,0.6307637691497803,0.5029549388966101,0.5807188601847184,0.49009368889661015,0.5692743601847184,-3.0956246085222814,0.5051463829823023,0.5713572795005841,-3.0593666966708493,0.0,0.5410114259810616,-0.2493170090680004,1.5827238310074208
2026-08-18T06:29:42.495+00:00,1787034582.495262,194394.4913049,14.877928400004748,505,194394.3919877,19.21960001345724,80.00059999176301,3,1,1,4,1,0.0,1,estabilizada,1,1,1,447.0,275.0,0.14128677546977997,0.8925167322158813,0.16401671599460088,0.8275875040699081,0.1511554659946009,0.8161430040699081,0.06103779964967647,0.14990066416111664,0.8154592787766647,0.04436318943379657,0.0,0.5410114259810616,-0.2493170090680004,1.5827238310074208
2026-08-18T06:29:42.495+00:00,1787034582.495262,194394.4913157,14.877939199999673,505,194394.3919877,19.21960001345724,80.00059999176301,10,0,0,4,1,0.0,1,estabilizada,1,1,1,,,,,,,,,,,,,nan,0.5410114259810616,-0.2493170090680004,1.5827238310074208
2026-08-18T06:29:42.652+00:00,1787034582.6524959,194394.6486334,15.0352569000097,510,194394.5610728,3.470800002105534,84.06530000502244,1,0,0,4,1,0.0,1,estabilizada,1,1,1,,,,,,,,,,,,,nan,0.541008432734157,-0.2493240205255714,1.5827180049807223
2026-08-18T06:29:42.652+00:00,1787034582.6524959,194394.6486788,15.035302300006151,510,194394.5610728,3.470800002105534,84.06530000502244,2,1,1,4,1,0.0,1,estabilizada,1,1,1,656.5,411.25,0.4883544445037842,0.6274364590644836,0.49134857164824114,0.577580172022329,0.47848732164824115,0.5661356720223291,-3.0237217850522553,0.49349620398569716,0.5692293245345906,-3.0593666966708493,0.0,0.541008432734157,-0.2493240205255714,1.5827180049807223
2026-08-18T06:29:42.652+00:00,1787034582.6524959,194394.648692,15.035315499990247,510,194394.5610728,3.470800002105534,84.06530000502244,3,1,1,4,1,0.0,1,estabilizada,1,1,1,447.0,275.25,0.14132510125637054,0.8920168280601501,0.16405277587673917,0.8271153888590677,0.15119152587673917,0.8156708888590677,0.023632203361609004,0.14990066416111664,0.8154592787766647,0.04436318943379657,0.0,0.541008432734157,-0.2493240205255714,1.5827180049807223
2026-08-18T06:29:42.652+00:00,1787034582.6524959,194394.6487029,15.035326400015038,510,194394.5610728,3.470800002105534,84.06530000502244,10,0,0,4,1,0.0,1,estabilizada,1,1,1,,,,,,,,,,,,,nan,0.541008432734157,-0.2493240205255714,1.5827180049807223
2026-08-18T06:29:42.805+00:00,1787034582.805954,194394.801496,15.188119500002358,514,194394.6922697,16.65169998886995,92.54500002134591,1,0,0,4,1,0.0,1,estabilizada,1,1,1,,,,,,,,,,,,,nan,0.5410040137860125,-0.24933254228953142,1.582710558048397
2026-08-18T06:29:42.805+00:00,1787034582.805954,194394.801545,15.188168499997118,514,194394.6922697,16.65169998886995,92.54500002134591,2,1,1,4,1,0.0,1,estabilizada,1,1,1,651.25,413.25,0.4800289571285248,0.6240311861038208,0.4834962715223459,0.5743678189419028,0.47063502152234593,0.5629233189419028,-2.935479207893811,0.48973084537725214,0.5684532033780199,-3.0484535778439796,0.0,0.5410040137860125,-0.24933254228953142,1.582710558048397
2026-08-18T06:29:42.805+00:00,1787034582.805954,194394.8015587,15.188182200014126,514,194394.6922697,16.65169998886995,92.54500002134591,3,1,1,4,1,0.0,1,estabilizada,1,1,1,446.75,275.25,0.14091484248638153,0.8920255899429321,0.16366570191159913,0.8271228625436873,0.15080445191159914,0.8156783625436873,0.02363001552306353,0.14990066416111664,0.8154592787766647,0.04436318943379657,0.0,0.5410040137860125,-0.24933254228953142,1.582710558048397
2026-08-18T06:29:42.805+00:00,1787034582.805954,194394.8015729,15.188196400005836,514,194394.6922697,16.65169998886995,92.54500002134591,10,0,0,4,1,0.0,1,estabilizada,1,1,1,,,,,,,,,,,,,nan,0.5410040137860125,-0.24933254228953142,1.582710558048397
2026-08-18T06:29:42.955+00:00,1787034582.9558284,194394.9516531,15.338276599999517,519,194394.857981,6.345600006170571,87.25289997528307,1,0,0,4,1,0.0,1,estabilizada,1,1,1,,,,,,,,,,,,,nan,0.5410010870339315,-0.24934329411743975,1.5827013829885388
2026-08-18T06:29:42.955+00:00,1787034582.9558284,194394.9517668,15.33839029999217,519,194394.857981,6.345600006170571,87.25289997528307,2,1,1,4,1,0.0,1,estabilizada,1,1,1,644.5,416.0,0.46935024857521057,0.6193442940711975,0.4734246592824966,0.5699465467909428,0.4605634092824966,0.5585020467909428,-2.896707174780429,0.4869926401169734,0.5677016889366047,-3.0311923527112214,0.0,0.5410010870339315,-0.24934329411743975,1.5827013829885388
2026-08-18T06:29:42.955+00:00,1787034582.9558284,194394.9518115,15.338435000012396,519,194394.857981,6.345600006170571,87.25289997528307,3,1,1,4,1,0.0,1,estabilizada,1,1,1,447.0,275.0,0.1412932425737381,0.892525315284729,0.16402254981266273,0.8275931834557019,0.15116129981266274,0.8161486834557019,0.061033340134003425,0.14990066416111664,0.8154592787766647,0.04436318943379657,0.0,0.5410010870339315,-0.24934329411743975,1.5827013829885388
2026-08-18T06:29:42.955+00:00,1787034582.9558284,194394.9518348,15.33845830001519,519,194394.857981,6.345600006170571,87.25289997528307,10,0,0,4,1,0.0,1,estabilizada,1,1,1,,,,,,,,,,,,,nan,0.5410010870339315,-0.24934329411743975,1.5827013829885388
2026-08-18T06:29:43.127+00:00,1787034583.1270006,194395.1223601,15.508983600011561,523,194394.9931612,28.642999997828156,100.52840001299046,1,0,0,4,1,0.0,1,estabilizada,1,1,1,,,,,,,,,,,,,nan,0.5409992083849389,-0.2493527853265848,1.5826931030973175
2026-08-18T06:29:43.127+00:00,1787034583.1270006,194395.1224106,15.50903409998864,523,194394.9931612,28.642999997828156,100.52840001299046,2,1,1,4,1,0.0,1,estabilizada,1,1,1,639.25,417.25,0.4610687792301178,0.6172948479652405,0.4656140309974098,0.5680128444968344,0.4527527809974098,0.5565683444968345,-2.8650351542932992,0.48275902960548245,0.5664649711759884,-3.011808238094775,0.0,0.5409992083849389,-0.2493527853265848,1.5826931030973175
2026-08-18T06:29:43.127+00:00,1787034583.1270006,194395.1224291,15.509052600013092,523,194394.9931612,28.642999997828156,100.52840001299046,3,1,1,4,1,0.0,1,estabilizada,1,1,1,446.75,275.25,0.14091943204402924,0.8920308351516724,0.16367000813500743,0.8271259425720484,0.15080875813500744,0.8156814425720484,0.02362676920691282,0.14990066416111664,0.8154592787766647,0.04436318943379657,0.0,0.5409992083849389,-0.2493527853265848,1.5826931030973175
2026-08-18T06:29:43.127+00:00,1787034583.1270006,194395.1224514,15.509074900008272,523,194394.9931612,28.642999997828156,100.52840001299046,10,0,0,4,1,0.0,1,estabilizada,1,1,1,,,,,,,,,,,,,nan,0.5409992083849389,-0.2493527853265848,1.5826931030973175
2026-08-18T06:29:43.274+00:00,1787034583.2748175,194395.2705185,15.657142000010936,528,194395.1615845,27.82750001642853,81.06060000136495,1,0,0,4,1,0.0,1,estabilizada,1,1,1,,,,,,,,,,,,,nan,0.5409965269255069,-0.24936192449795727,1.5826852124536162
2026-08-18T06:29:43.274+00:00,1787034583.2748175,194395.2706066,15.657230100012384,528,194395.1615845,27.82750001642853,81.06060000136495,2,1,1,4,1,0.0,1,estabilizada,1,1,1,632.5,420.0,0.45044273138046265,0.6126283407211304,0.4555921076019157,0.563610934569058,0.4427308576019157,0.552166434569058,-2.8140963412235815,0.4763431378359677,0.5641631990119379,-2.988746766431617,0.0,0.5409965269255069,-0.24936192449795727,1.5826852124536162
2026-08-18T06:29:43.274+00:00,1787034583.2748175,194395.2706371,15.657260600011796,528,194395.1615845,27.82750001642853,81.06060000136495,3,1,1,4,1,0.0,1,estabilizada,1,1,1,446.5,275.25,0.1405095010995865,0.8920390009880066,0.16328334901369856,0.8271328007623269,0.15042209901369857,0.8156883007623269,0.023624613582643884,0.14990066416111664,0.8154592787766647,0.04436318943379657,0.0,0.5409965269255069,-0.24936192449795727,1.5826852124536162
2026-08-18T06:29:43.274+00:00,1787034583.2748175,194395.270648,15.657271500007482,528,194395.1615845,27.82750001642853,81.06060000136495,10,0,0,4,1,0.0,1,estabilizada,1,1,1,,,,,,,,,,,,,nan,0.5409965269255069,-0.24936192449795727,1.5826852124536162
2026-08-18T06:29:43.417+00:00,1787034583.4179966,194395.4137365,15.800359999993816,533,194395.325445,4.596700018737465,83.6711999727413,1,0,0,4,1,0.0,1,estabilizada,1,1,1,,,,,,,,,,,,,nan,0.5409944559463958,-0.24937034747907066,1.5826769609779232
2026-08-18T06:29:43.417+00:00,1787034583.4179966,194395.4137804,15.80040390000795,533,194395.325445,4.596700018737465,83.6711999727413,2,1,1,4,1,0.0,1,estabilizada,1,1,1,628.0,422.5,0.4433806538581848,0.6083412766456604,0.4489315289922429,0.5595669227664404,0.43607027899224293,0.5481224227664404,-2.8034645853593525,0.4693929372239757,0.5619255998581775,-2.9610722260415607,0.0,0.5409944559463958,-0.24937034747907066,1.5826769609779232
2026-08-18T06:29:43.417+00:00,1787034583.4179966,194395.4137928,15.800416300015058,533,194395.325445,4.596700018737465,83.6711999727413,3,1,1,4,1,0.0,1,estabilizada,1,1,1,446.25,275.75,0.14017240703105927,0.8910416960716248,0.16296542499480754,0.8261913908923897,0.15010417499480755,0.8147468908923897,-0.05884540738371017,0.14990066416111664,0.8154592787766647,0.04436318943379657,0.0,0.5409944559463958,-0.24937034747907066,1.5826769609779232
2026-08-18T06:29:43.417+00:00,1787034583.4179966,194395.4138059,15.800429399998393,533,194395.325445,4.596700018737465,83.6711999727413,10,0,0,4,1,0.0,1,estabilizada,1,1,1,,,,,,,,,,,,,nan,0.5409944559463958,-0.24937034747907066,1.5826769609779232
2026-08-18T06:29:43.558+00:00,1787034583.5584176,194395.5541322,15.940755699994043,537,194395.458827,12.848100013798103,82.43209999636747,1,0,0,4,1,0.0,1,estabilizada,1,1,1,,,,,,,,,,,,,nan,0.5409916941929815,-0.24937737477260072,1.582669171611732
2026-08-18T06:29:43.558+00:00,1787034583.5584176,194395.5541734,15.940796900016721,537,194395.458827,12.848100013798103,82.43209999636747,2,1,1,4,1,0.0,1,estabilizada,1,1,1,623.5,425.25,0.43633899092674255,0.603622317314148,0.44229016724514514,0.5551156719173542,0.42942891724514515,0.5436711719173543,-2.7510015837993635,0.46109268059876224,0.558887443139129,-2.93136992777118,0.0,0.5409916941929815,-0.24937737477260072,1.582669171611732
2026-08-18T06:29:43.558+00:00,1787034583.5584176,194395.5541859,15.940809399995487,537,194395.458827,12.848100013798103,82.43209999636747,3,1,1,4,1,0.0,1,estabilizada,1,1,1,446.5,275.25,0.14051474630832672,0.89204341173172,0.1632882519506425,0.82713542424576,0.1504270019506425,0.8156909242457601,0.02362360341769271,0.14990066416111664,0.8154592787766647,0.04436318943379657,0.0,0.5409916941929815,-0.24937737477260072,1.582669171611732
2026-08-18T06:29:43.558+00:00,1787034583.5584176,194395.5542133,15.940836800000397,537,194395.458827,12.848100013798103,82.43209999636747,10,0,0,4,1,0.0,1,estabilizada,1,1,1,,,,,,,,,,,,,nan,0.5409916941929815,-0.24937737477260072,1.582669171611732
2026-08-18T06:29:43.697+00:00,1787034583.6974652,194395.6935726,16.0801960999961,541,194395.595256,16.206600004807115,82.06459999200888,1,0,0,4,1,0.0,1,estabilizada,1,1,1,,,,,,,,,,,,,nan,0.5409876726625641,-0.24938219494481267,1.582662221289655
2026-08-18T06:29:43.697+00:00,1787034583.6974652,194395.6936421,16.08026560000144,541,194395.595256,16.206600004807115,82.06459999200888,2,1,1,4,1,0.0,1,estabilizada,1,1,1,617.25,428.25,0.4265802502632141,0.598536491394043,0.43308616660937616,0.5503185705111444,0.42022491660937616,0.5388740705111444,-2.738621322273658,0.4461386794824344,0.5519694609918753,-2.873156981996026,0.0,0.5409876726625641,-0.24938219494481267,1.582662221289655
2026-08-18T06:29:43.697+00:00,1787034583.6974652,194395.6936678,16.080291299993405,541,194395.595256,16.206600004807115,82.06459999200888,3,1,1,4,1,0.0,1,estabilizada,1,1,1,446.75,275.25,0.1409299522638321,0.8920395374298096,0.16367971803921438,0.8271312111098656,0.1508184680392144,0.8156867111098657,0.023622551369432386,0.14990066416111664,0.8154592787766647,0.04436318943379657,0.0,0.5409876726625641,-0.24938219494481267,1.582662221289655
2026-08-18T06:29:43.698+00:00,1787034583.6984644,194395.6936857,16.08030920001329,541,194395.595256,16.206600004807115,82.06459999200888,10,0,0,4,1,0.0,1,estabilizada,1,1,1,,,,,,,,,,,,,nan,0.5409876726625641,-0.24938219494481267,1.582662221289655
2026-08-18T06:29:43.839+00:00,1787034583.8399508,194395.8357519,16.222375400015153,545,194395.7267667,28.76539999851957,80.19589999457821,1,0,0,4,1,0.0,1,estabilizada,1,1,1,,,,,,,,,,,,,nan,0.5409831516625426,-0.2493859625447795,1.582655619521065
2026-08-18T06:29:43.839+00:00,1787034583.8399508,194395.8357948,16.22241829999257,545,194395.7267667,28.76539999851957,80.19589999457821,2,1,1,4,1,0.0,1,estabilizada,1,1,1,613.0,431.5,0.41998162865638733,0.592955470085144,0.4268625552055563,0.5450545066654238,0.41400130520555634,0.5336100066654238,-2.5967603218858435,0.4243181944792586,0.5399264512324156,-2.741417542620092,0.0,0.5409831516625426,-0.2493859625447795,1.582655619521065
2026-08-18T06:29:43.839+00:00,1787034583.8399508,194395.8358083,16.222431800008053,545,194395.7267667,28.76539999851957,80.19589999457821,3,1,1,4,1,0.0,1,estabilizada,1,1,1,446.75,275.25,0.14093288779258728,0.8920414447784424,0.16368232443831288,0.8271325249907141,0.15082107443831289,0.8156880249907141,0.02362150575991217,0.14990066416111664,0.8154592787766647,0.04436318943379657,0.0,0.5409831516625426,-0.2493859625447795,1.582655619521065
2026-08-18T06:29:43.839+00:00,1787034583.8399508,194395.8358215,16.22244499999215,545,194395.7267667,28.76539999851957,80.19589999457821,10,0,0,4,1,0.0,1,estabilizada,1,1,1,,,,,,,,,,,,,nan,0.5409831516625426,-0.2493859625447795,1.582655619521065
2026-08-18T06:29:43.980+00:00,1787034583.980556,194395.9759381,16.36256159999175,549,194395.8656205,31.494800001382828,78.79739999771118,1,0,0,4,1,0.0,1,estabilizada,1,1,1,,,,,,,,,,,,,nan,0.5409772476728328,-0.24938901814916187,1.5826491706226442
2026-08-18T06:29:43.980+00:00,1787034583.980556,194395.9759807,16.362604199995985,549,194395.8656205,31.494800001382828,78.79739999771118,2,1,1,4,1,0.0,1,estabilizada,1,1,1,608.0,435.0,0.4122389256954193,0.5869801044464111,0.4195598463347098,0.5394185712710025,0.4066985963347098,0.5279740712710025,-2.5232435817025025,0.41682703730449205,0.5350021625152106,-2.6538367636237217,0.0,0.5409772476728328,-0.24938901814916187,1.5826491706226442
2026-08-18T06:29:43.980+00:00,1787034583.980556,194395.9760091,16.36263260000851,549,194395.8656205,31.494800001382828,78.79739999771118,3,1,1,4,1,0.0,1,estabilizada,1,1,1,447.0,275.25,0.14134825766086578,0.8920374512672424,0.16407383056021352,0.8271283203275905,0.15121258056021353,0.8156838203275906,0.023620460146345685,0.14990066416111664,0.8154592787766647,0.04436318943379657,0.0,0.5409772476728328,-0.24938901814916187,1.5826491706226442
2026-08-18T06:29:43.980+00:00,1787034583.980556,194395.9760197,16.362643200001912,549,194395.8656205,31.494800001382828,78.79739999771118,10,0,0,4,1,0.0,1,estabilizada,1,1,1,,,,,,,,,,,,,nan,0.5409772476728328,-0.24938901814916187,1.5826491706226442
2026-08-18T06:29:44.126+00:00,1787034584.1260896,194396.1217726,16.508396099990932,554,194396.0250794,8.911400014767423,87.75589999277145,1,0,0,4,1,0.0,1,estabilizada,1,1,1,,,,,,,,,,,,,nan,0.5409730333665499,-0.24939445486274256,1.5826416550553892
2026-08-18T06:29:44.126+00:00,1787034584.1260896,194396.1218161,16.50843960000202,554,194396.0250794,8.911400014767423,87.75589999277145,2,1,1,4,1,0.0,1,estabilizada,1,1,1,603.25,439.25,0.40492910146713257,0.5797045230865479,0.41266550460794277,0.5325561949877119,0.3998042546079428,0.5211116949877119,-2.570575653761896,0.4096428726761173,0.5293420931527835,-2.5983085483548467,0.0,0.5409730333665499,-0.24939445486274256,1.5826416550553892
2026-08-18T06:29:44.126+00:00,1787034584.1260896,194396.1218298,16.508453299989924,554,194396.0250794,8.911400014767423,87.75589999277145,3,1,1,4,1,0.0,1,estabilizada,1,1,1,446.75,275.25,0.14093896746635437,0.8920456171035767,0.1636876837130259,0.827135404391291,0.1508264337130259,0.815690904391291,0.023620489135211767,0.14990066416111664,0.8154592787766647,0.04436318943379657,0.0,0.5409730333665499,-0.24939445486274256,1.5826416550553892
2026-08-18T06:29:44.126+00:00,1787034584.1260896,194396.1218433,16.508466800005408,554,194396.0250794,8.911400014767423,87.75589999277145,10,0,0,4,1,0.0,1,estabilizada,1,1,1,,,,,,,,,,,,,nan,0.5409730333665499,-0.24939445486274256,1.5826416550553892
2026-08-18T06:29:44.280+00:00,1787034584.2803159,194396.2755964,16.66221989999758,559,194396.1908286,3.381299989996478,81.36270000250079,1,0,0,4,1,0.0,1,estabilizada,1,1,1,,,,,,,,,,,,,nan,0.5409661662759728,-0.24939824581446535,1.582635188668459
2026-08-18T06:29:44.280+00:00,1787034584.2803159,194396.2756371,16.662260600016452,559,194396.1908286,3.381299989996478,81.36270000250079,2,1,1,4,1,0.0,1,estabilizada,1,1,1,598.75,443.5,0.39803725481033325,0.5724495053291321,0.40616521893245683,0.5257133414092872,0.39330396893245684,0.5142688414092872,-2.5880314214539655,0.4001491136679064,0.5212769887324143,-2.5886242617505824,0.0,0.5409661662759728,-0.24939824581446535,1.582635188668459
2026-08-18T06:29:44.280+00:00,1787034584.2803159,194396.2756506,16.662274100002833,559,194396.1908286,3.381299989996478,81.36270000250079,3,1,1,4,1,0.0,1,estabilizada,1,1,1,446.75,275.25,0.14094214141368866,0.8920477628707886,0.16369037960236166,0.8271369473415925,0.15082912960236167,0.8156924473415925,0.023619420970423147,0.14990066416111664,0.8154592787766647,0.04436318943379657,0.0,0.5409661662759728,-0.24939824581446535,1.582635188668459
2026-08-18T06:29:44.280+00:00,1787034584.2803159,194396.2756611,16.662284599995473,559,194396.1908286,3.381299989996478,81.36270000250079,10,0,0,4,1,0.0,1,estabilizada,1,1,1,,,,,,,,,,,,,nan,0.5409661662759728,-0.24939824581446535,1.582635188668459
2026-08-18T06:29:44.439+00:00,1787034584.4392412,194396.4352132,16.821836699993582,563,194396.3258279,25.09519999148324,84.26540001528338,1,0,0,4,1,0.0,1,estabilizada,1,1,1,,,,,,,,,,,,,nan,0.540961301035304,-0.24940367118175444,1.5826290320286218
2026-08-18T06:29:44.439+00:00,1787034584.4392412,194396.4352542,16.82187770001474,563,194396.3258279,25.09519999148324,84.26540001528338,2,1,1,4,1,0.0,1,estabilizada,1,1,1,595.0,445.5,0.39227330684661865,0.5691056251525879,0.4007288066549526,0.5225591286715613,0.3878675566549526,0.5111146286715613,-2.5314946442525055,0.39349032060494993,0.5159518435348398,-2.5718405870831855,0.0,0.540961301035304,-0.24940367118175444,1.5826290320286218
2026-08-18T06:29:44.439+00:00,1787034584.4392412,194396.4352671,16.82189059999655,563,194396.3258279,25.09519999148324,84.26540001528338,3,1,1,4,1,0.0,1,estabilizada,1,1,1,446.75,275.25,0.14094512164592743,0.89205002784729,0.16369300217665234,0.8271385224764243,0.15083175217665235,0.8156940224764243,0.023618330258631297,0.14990066416111664,0.8154592787766647,0.04436318943379657,0.0,0.540961301035304,-0.24940367118175444,1.5826290320286218
2026-08-18T06:29:44.439+00:00,1787034584.4392412,194396.4352785,16.821901999996044,563,194396.3258279,25.09519999148324,84.26540001528338,10,0,0,4,1,0.0,1,estabilizada,1,1,1,,,,,,,,,,,,,nan,0.540961301035304,-0.24940367118175444,1.5826290320286218
2026-08-18T06:29:44.604+00:00,1787034584.6045427,194396.5999667,16.986590200016508,568,194396.4918767,12.918499996885657,95.14740001759492,1,0,0,4,1,0.0,1,estabilizada,1,1,1,,,,,,,,,,,,,nan,0.540956275964793,-0.24941198247673868,1.5826213926345511
2026-08-18T06:29:44.604+00:00,1787034584.6045427,194396.6000112,16.986634700006107,568,194396.4918767,12.918499996885657,95.14740001759492,2,1,1,4,1,0.0,1,estabilizada,1,1,1,588.5,449.0,0.3823098838329315,0.5632665753364563,0.3913317354004116,0.517051434720019,0.3784704854004116,0.505606934720019,-2.6488809855466653,0.38631531983076295,0.510699822191146,-2.5718405870831855,0.0,0.540956275964793,-0.24941198247673868,1.5826213926345511
2026-08-18T06:29:44.604+00:00,1787034584.6045427,194396.6000249,16.98664839999401,568,194396.4918767,12.918499996885657,95.14740001759492,3,1,1,4,1,0.0,1,estabilizada,1,1,1,447.0,275.25,0.14136062562465668,0.8920465111732483,0.16408470145099474,0.8271344198122914,0.15122345145099475,0.8156899198122914,0.023618320596544822,0.14990066416111664,0.8154592787766647,0.04436318943379657,0.0,0.540956275964793,-0.24941198247673868,1.5826213926345511
2026-08-18T06:29:44.604+00:00,1787034584.6045427,194396.6000385,16.986662000010256,568,194396.4918767,12.918499996885657,95.14740001759492,10,0,0,4,1,0.0,1,estabilizada,1,1,1,,,,,,,,,,,,,nan,0.540956275964793,-0.24941198247673868,1.5826213926345511
2026-08-18T06:29:44.759+00:00,1787034584.759284,194396.7550071,17.141630600002827,573,194396.6585977,3.2805999799165875,93.09800001210533,1,0,0,4,1,0.0,1,estabilizada,1,1,1,,,,,,,,,,,,,nan,0.5409554996882963,-0.2494227259123706,1.5826127078832086
2026-08-18T06:29:44.759+00:00,1787034584.759284,194396.7550552,17.141678699990734,573,194396.6585977,3.2805999799165875,93.09800001210533,2,1,1,4,1,0.0,1,estabilizada,1,1,1,583.5,452.25,0.37468957901000977,0.55782550573349,0.38414478734146595,0.5119189232283475,0.37128353734146596,0.5004744232283476,-2.695590038327513,0.3812937913411609,0.5070510643332583,-2.6105212776591085,0.0,0.5409554996882963,-0.2494227259123706,1.5826127078832086
2026-08-18T06:29:44.759+00:00,1787034584.759284,194396.7550694,17.14169290001155,573,194396.6585977,3.2805999799165875,93.09800001210533,3,1,1,4,1,0.0,1,estabilizada,1,1,1,447.0,275.25,0.14136332273483276,0.8920491933822632,0.16408732573738272,0.8271359823200793,0.15122607573738273,0.8156914823200794,0.023618317375852887,0.14990066416111664,0.8154592787766647,0.04436318943379657,0.0,0.5409554996882963,-0.2494227259123706,1.5826127078832086
2026-08-18T06:29:44.759+00:00,1787034584.759284,194396.7550831,17.141706599999452,573,194396.6585977,3.2805999799165875,93.09800001210533,10,0,0,4,1,0.0,1,estabilizada,1,1,1,,,,,,,,,,,,,nan,0.5409554996882963,-0.2494227259123706,1.5826127078832086
2026-08-18T06:29:44.932+00:00,1787034584.9324148,194396.9281476,17.3147711000056,578,194396.8248173,7.526400004280731,95.77620000345632,1,0,0,4,1,0.0,1,estabilizada,1,1,1,,,,,,,,,,,,,nan,0.5409533506246064,-0.249430814064218,1.5826050522038597
2026-08-18T06:29:44.932+00:00,1787034584.9324148,194396.9281917,17.314815199992154,578,194396.8248173,7.526400004280731,95.77620000345632,2,1,1,4,1,0.0,1,estabilizada,1,1,1,578.0,454.5,0.3662843704223633,0.5541443228721619,0.376217491889599,0.5084464008141206,0.36335624188959903,0.49700190081412066,-2.6924785064701173,0.3773010810519798,0.5042897142701063,-2.640653251227593,0.0,0.5409533506246064,-0.249430814064218,1.5826050522038597
2026-08-18T06:29:44.932+00:00,1787034584.9324148,194396.9282044,17.314827900001546,578,194396.8248173,7.526400004280731,95.77620000345632,3,1,1,4,1,0.0,1,estabilizada,1,1,1,447.0,275.25,0.1413661539554596,0.8920516967773438,0.1640899836627786,0.8271375693817066,0.1512287336627786,0.8156930693817066,0.023616139173694307,0.14990066416111664,0.8154592787766647,0.04436318943379657,0.0,0.5409533506246064,-0.249430814064218,1.5826050522038597
2026-08-18T06:29:44.932+00:00,1787034584.9324148,194396.9282187,17.31484219999402,578,194396.8248173,7.526400004280731,95.77620000345632,10,0,0,4,1,0.0,1,estabilizada,1,1,1,,,,,,,,,,,,,nan,0.5409533506246064,-0.249430814064218,1.5826050522038597
2026-08-18T06:29:45.122+00:00,1787034585.1227362,194397.1182674,17.504890899988823,583,194396.9908074,15.226699993945658,112.18150000786409,1,0,0,4,1,0.0,1,estabilizada,1,1,1,,,,,,,,,,,,,nan,0.5409509877012834,-0.24943760061873496,1.5825984196962373
2026-08-18T06:29:45.122+00:00,1787034585.1227362,194397.1183198,17.504943300009472,583,194396.9908074,15.226699993945658,112.18150000786409,2,1,1,4,1,0.0,1,estabilizada,1,1,1,573.5,458.5,0.3595121204853058,0.5474249720573425,0.36983027690844456,0.5021085919521403,0.35696902690844456,0.49066409195214034,-2.6960347027748486,0.37139090713560546,0.500869843051114,-2.6636097354592896,0.0,0.5409509877012834,-0.24943760061873496,1.5825984196962373
2026-08-18T06:29:45.122+00:00,1787034585.1227362,194397.1183501,17.50497360000736,583,194396.9908074,15.226699993945658,112.18150000786409,3,1,1,4,1,0.0,1,estabilizada,1,1,1,447.0,275.25,0.1413688212633133,0.8920539021492004,0.16409246014216416,0.8271389913477395,0.15123121014216417,0.8156944913477395,0.023617223444052426,0.14990066416111664,0.8154592787766647,0.04436318943379657,0.0,0.5409509877012834,-0.24943760061873496,1.5825984196962373
2026-08-18T06:29:45.122+00:00,1787034585.1227362,194397.1183619,17.5049854000099,583,194396.9908074,15.226699993945658,112.18150000786409,10,0,0,4,1,0.0,1,estabilizada,1,1,1,,,,,,,,,,,,,nan,0.5409509877012834,-0.24943760061873496,1.5825984196962373
2026-08-18T06:29:45.268+00:00,1787034585.268915,194397.2648326,17.651456099993084,588,194397.1598649,21.786199999041855,83.15700001548976,1,0,0,4,1,0.0,1,estabilizada,1,1,1,,,,,,,,,,,,,nan,0.5409546038171884,-0.24944553935492353,1.5825923912762907
2026-08-18T06:29:45.268+00:00,1787034585.268915,194397.2648761,17.651499600004172,588,194397.1598649,21.786199999041855,83.15700001548976,2,1,1,4,1,0.0,1,estabilizada,1,1,1,567.75,460.5,0.3507554829120636,0.5442054271697998,0.36157186303357824,0.49907151436890407,0.34871061303357825,0.4876270143689041,-2.753888171822857,0.36763191638334286,0.4983153926507645,-2.6749235382429672,0.0,0.5409546038171884,-0.24944553935492353,1.5825923912762907
2026-08-18T06:29:45.268+00:00,1787034585.268915,194397.2648905,17.651513999997405,588,194397.1598649,21.786199999041855,83.15700001548976,3,1,1,4,1,0.0,1,estabilizada,1,1,1,446.5,275.25,0.14054647088050842,0.8920681476593018,0.16331716797405327,0.8271517279939524,0.15045591797405328,0.8157072279939525,0.023616132732899805,0.14990066416111664,0.8154592787766647,0.04436318943379657,0.0,0.5409546038171884,-0.24944553935492353,1.5825923912762907
2026-08-18T06:29:45.268+00:00,1787034585.268915,194397.2649153,17.651538800011622,588,194397.1598649,21.786199999041855,83.15700001548976,10,0,0,4,1,0.0,1,estabilizada,1,1,1,,,,,,,,,,,,,nan,0.5409546038171884,-0.24944553935492353,1.5825923912762907
2026-08-18T06:29:45.426+00:00,1787034585.4269748,194397.4222733,17.80889680000837,593,194397.3278945,8.233100001234561,86.10859999316745,1,0,0,4,1,0.0,1,estabilizada,1,1,1,,,,,,,,,,,,,nan,0.5409655845459908,-0.24945327512386242,1.5825885001470728
2026-08-18T06:29:45.426+00:00,1787034585.4269748,194397.4223654,17.808988900011173,593,194397.3278945,8.233100001234561,86.10859999316745,2,1,1,4,1,0.0,1,estabilizada,1,1,1,561.75,462.25,0.3416220247745514,0.5414304137229919,0.35295846528183566,0.49645376187091417,0.3400972152818357,0.4850092618709142,-2.8469185825409182,0.3607132229279488,0.4941204238848823,-2.7065551607344416,0.0,0.5409655845459908,-0.24945327512386242,1.5825885001470728
2026-08-18T06:29:45.426+00:00,1787034585.4269748,194397.422384,17.809007500007283,593,194397.3278945,8.233100001234561,86.10859999316745,3,1,1,4,1,0.0,1,estabilizada,1,1,1,447.0,275.25,0.1413733959197998,0.8920590281486511,0.16409774717915437,0.827142527564337,0.15123649717915438,0.8156980275643371,0.0236139416501206,0.14990066416111664,0.8154592787766647,0.04436318943379657,0.0,0.5409655845459908,-0.24945327512386242,1.5825885001470728
2026-08-18T06:29:45.426+00:00,1787034585.4269748,194397.422398,17.80902149999747,593,194397.3278945,8.233100001234561,86.10859999316745,10,0,0,4,1,0.0,1,estabilizada,1,1,1,,,,,,,,,,,,,nan,0.5409655845459908,-0.24945327512386242,1.5825885001470728
2026-08-18T06:29:45.571+00:00,1787034585.5719602,194397.5680817,17.95470520001254,597,194397.4576349,27.95940000214614,82.41450000787154,1,0,0,4,1,0.0,1,estabilizada,1,1,1,,,,,,,,,,,,,nan,0.54097349228996,-0.2494639976093835,1.5825817312692123
2026-08-18T06:29:45.572+00:00,1787034585.5729642,194397.5681653,17.954788800008828,597,194397.4576349,27.95940000214614,82.41450000787154,2,1,1,4,1,0.0,1,estabilizada,1,1,1,556.75,464.0,0.3340403139591217,0.5386235117912292,0.34580841773651033,0.49380568377979894,0.33294716773651034,0.482361183779799,-2.8279083429293497,0.34637106456456723,0.48788150385574863,-2.767630225966584,0.0,0.54097349228996,-0.2494639976093835,1.5825817312692123
2026-08-18T06:29:45.572+00:00,1787034585.5729642,194397.5681798,17.954803300002823,597,194397.4576349,27.95940000214614,82.41450000787154,3,1,1,4,1,0.0,1,estabilizada,1,1,1,446.5,275.25,0.14055085182189941,0.8920733332633972,0.16332252732533353,0.8271551317268766,0.15046127732533354,0.8157106317268766,0.0247801557699412,0.14990066416111664,0.8154592787766647,0.04436318943379657,0.0,0.54097349228996,-0.2494639976093835,1.5825817312692123
2026-08-18T06:29:45.572+00:00,1787034585.5729642,194397.5681986,17.954822100000456,597,194397.4576349,27.95940000214614,82.41450000787154,10,0,0,4,1,0.0,1,estabilizada,1,1,1,,,,,,,,,,,,,nan,0.54097349228996,-0.2494639976093835,1.5825817312692123
2026-08-18T06:29:45.717+00:00,1787034585.7170238,194397.7128494,18.09947290000855,601,194397.5989712,26.578899996820837,87.25800001411699,1,0,0,4,1,0.0,1,estabilizada,1,1,1,,,,,,,,,,,,,nan,0.5409798823373191,-0.24947561168807084,1.5825737603368144
2026-08-18T06:29:45.717+00:00,1787034585.7170238,194397.7129165,18.099539999995613,601,194397.5989712,26.578899996820837,87.25800001411699,2,1,1,4,1,0.0,1,estabilizada,1,1,1,553.0,466.25,0.3284150958061218,0.5349222421646118,0.34050352496327924,0.490314016869813,0.32764227496327925,0.47886951686981305,-2.8603501612032214,0.3351730462848695,0.4829201738492616,-2.8029874856483805,0.0,0.5409798823373191,-0.24947561168807084,1.5825737603368144
2026-08-18T06:29:45.717+00:00,1787034585.7170238,194397.7129574,18.099580900016008,601,194397.5989712,26.578899996820837,87.25800001411699,3,1,1,4,1,0.0,1,estabilizada,1,1,1,446.5,275.25,0.14055313169956207,0.8920760154724121,0.16332515563968364,0.8271566739419561,0.15046390563968365,0.8157121739419562,0.023611760228303618,0.14990066416111664,0.8154592787766647,0.04436318943379657,0.0,0.5409798823373191,-0.24947561168807084,1.5825737603368144
2026-08-18T06:29:45.717+00:00,1787034585.7170238,194397.7129758,18.099599300010595,601,194397.5989712,26.578899996820837,87.25800001411699,10,0,0,4,1,0.0,1,estabilizada,1,1,1,,,,,,,,,,,,,nan,0.5409798823373191,-0.24947561168807084,1.5825737603368144
2026-08-18T06:29:45.877+00:00,1787034585.8770459,194397.8729429,18.2595663999964,606,194397.7599476,23.847000004025176,89.12190000410192,1,0,0,4,1,0.0,1,estabilizada,1,1,1,,,,,,,,,,,,,nan,0.5409916632692168,-0.24948624229046065,1.5825677965592908
2026-08-18T06:29:45.877+00:00,1787034585.8770459,194397.8729915,18.259614999988116,606,194397.7599476,23.847000004025176,89.12190000410192,2,1,1,4,1,0.0,1,estabilizada,1,1,1,547.25,467.25,0.3196708858013153,0.5334336161613464,0.33225731022838717,0.4889092757736183,0.3193960602283872,0.47746477577361834,-2.8469174645986617,0.33024400350369665,0.48091095478707774,-2.8338123422860337,0.0,0.5409916632692168,-0.24948624229046065,1.5825677965592908
2026-08-18T06:29:45.877+00:00,1787034585.8770459,194397.8730052,18.259628700005123,606,194397.7599476,23.847000004025176,89.12190000410192,3,1,1,4,1,0.0,1,estabilizada,1,1,1,447.0,275.25,0.1413799524307251,0.8920670747756958,0.16410571119673628,0.8271473924977397,0.1512444611967363,0.8157028924977398,0.023609565928263028,0.14990066416111664,0.8154592787766647,0.04436318943379657,0.0,0.5409916632692168,-0.24948624229046065,1.5825677965592908
2026-08-18T06:29:45.877+00:00,1787034585.8770459,194397.8730782,18.25970170000801,606,194397.7599476,23.847000004025176,89.12190000410192,10,0,0,4,1,0.0,1,estabilizada,1,1,1,,,,,,,,,,,,,nan,0.5409916632692168,-0.24948624229046065,1.5825677965592908
2026-08-18T06:29:46.091+00:00,1787034586.0916967,194398.0876437,18.474267200013855,611,194397.9275016,31.486099993344396,128.6260999913793,1,0,0,4,1,0.0,1,estabilizada,1,1,1,,,,,,,,,,,,,nan,0.5410032105105833,-0.24949809541377274,1.5825609298814518
2026-08-18T06:29:46.091+00:00,1787034586.0916967,194398.0877959,18.474419400008628,611,194397.9275016,31.486099993344396,128.6260999913793,2,1,1,4,1,0.0,1,estabilizada,1,1,1,541.75,469.25,0.31138211488723755,0.5302358269691467,0.32444063176067583,0.4858924770927413,0.31157938176067584,0.47444797709274134,-2.901201102583491,0.32230006494983193,0.4778739690578032,-2.865923079196398,0.0,0.5410032105105833,-0.24949809541377274,1.5825609298814518
2026-08-18T06:29:46.091+00:00,1787034586.0916967,194398.0878296,18.474453100003302,611,194397.9275016,31.486099993344396,128.6260999913793,3,1,1,4,1,0.0,1,estabilizada,1,1,1,446.5,275.5,0.1405935436487198,0.8915791511535645,0.16336478065901755,0.8266862612483691,0.15050353065901756,0.8152417612483691,-0.013649473652981588,0.14990066416111664,0.8154592787766647,0.04436318943379657,0.0,0.5410032105105833,-0.24949809541377274,1.5825609298814518
2026-08-18T06:29:46.091+00:00,1787034586.0916967,194398.0878458,18.47446930001024,611,194397.9275016,31.486099993344396,128.6260999913793,10,0,0,4,1,0.0,1,estabilizada,1,1,1,,,,,,,,,,,,,nan,0.5410032105105833,-0.24949809541377274,1.5825609298814518
2026-08-18T06:29:46.267+00:00,1787034586.267997,194398.2635246,18.65014810001594,617,194398.1520124,9.985299984691665,101.3884000130929,1,0,0,4,1,0.0,1,estabilizada,1,1,1,,,,,,,,,,,,,nan,0.541008322908168,-0.24950693704601581,1.5825563785898693
2026-08-18T06:29:46.267+00:00,1787034586.267997,194398.2638661,18.650489599996945,617,194398.1520124,9.985299984691665,101.3884000130929,2,1,1,4,1,0.0,1,estabilizada,1,1,1,532.75,472.5,0.29785510897636414,0.525054931640625,0.3116832351334631,0.481005588991668,0.2988219851334631,0.46956108899166804,-2.8281774729768396,0.31281348895898264,0.47460770213146153,-2.865923079196398,0.0,0.541008322908168,-0.24950693704601581,1.5825563785898693
2026-08-18T06:29:46.267+00:00,1787034586.267997,194398.2639023,18.650525800010655,617,194398.1520124,9.985299984691665,101.3884000130929,3,1,1,4,1,0.0,1,estabilizada,1,1,1,446.25,275.0,0.14011090993881226,0.8925933837890625,0.16290995056407687,0.8276421250119522,0.15004870056407688,0.8161976250119523,0.06584389397726163,0.14990066416111664,0.8154592787766647,0.03647039737425359,0.0,0.541008322908168,-0.24950693704601581,1.5825563785898693
2026-08-18T06:29:46.267+00:00,1787034586.267997,194398.2639257,18.65054920001421,617,194398.1520124,9.985299984691665,101.3884000130929,10,0,0,4,1,0.0,1,estabilizada,1,1,1,,,,,,,,,,,,,nan,0.541008322908168,-0.24950693704601581,1.5825563785898693
2026-08-18T06:29:46.464+00:00,1787034586.4642656,194398.4593944,18.846017900010338,623,194398.329553,19.918200006941333,109.72189999301918,1,0,0,4,1,0.0,1,estabilizada,1,1,1,,,,,,,,,,,,,nan,0.5410123484248248,-0.24951512784921065,1.5825511536725927
2026-08-18T06:29:46.464+00:00,1787034586.4642656,194398.4596014,18.84622490001493,623,194398.329553,19.918200006941333,109.72189999301918,2,1,1,4,1,0.0,1,estabilizada,1,1,1,525.0,476.25,0.28631365299224854,0.5189999938011169,0.3007984186415201,0.47529438543072305,0.28793716864152014,0.4638498854307231,-2.7224855489692046,0.297855634372622,0.46841523656320544,-2.8242508152663452,0.0,0.5410123484248248,-0.24951512784921065,1.5825511536725927
2026-08-18T06:29:46.464+00:00,1787034586.4642656,194398.4596219,18.846245399996405,623,194398.329553,19.918200006941333,109.72189999301918,3,1,1,4,1,0.0,1,estabilizada,1,1,1,446.25,275.5,0.14018602669239044,0.8915901184082031,0.16298109961764917,0.8266952352792536,0.15011984961764918,0.8152507352792536,-0.013652801024719717,0.14990066416111664,0.8154592787766647,0.03647039737425359,0.0,0.5410123484248248,-0.24951512784921065,1.5825511536725927
2026-08-18T06:29:46.464+00:00,1787034586.4642656,194398.4596373,18.846260799997253,623,194398.329553,19.918200006941333,109.72189999301918,10,0,0,4,1,0.0,1,estabilizada,1,1,1,,,,,,,,,,,,,nan,0.5410123484248248,-0.24951512784921065,1.5825511536725927
2026-08-18T06:29:46.646+00:00,1787034586.6462352,194398.6417193,19.02834280001116,628,194398.5101669,22.29660001466982,109.22889999346808,1,0,0,4,1,0.0,1,estabilizada,1,1,1,,,,,,,,,,,,,nan,0.5410153234858794,-0.24952380478532477,1.5825453178510247
2026-08-18T06:29:46.646+00:00,1787034586.6462352,194398.6417742,19.028397699992638,628,194398.5101669,22.29660001466982,109.22889999346808,2,1,1,4,1,0.0,1,estabilizada,1,1,1,517.75,480.0,0.2755752205848694,0.5129491686820984,0.29067090788786,0.46958701858250285,0.27780965788786,0.4581425185825029,-2.7092488044032135,0.2896687779383417,0.4641519365131702,-2.7738217655418937,0.0,0.5410153234858794,-0.24952380478532477,1.5825453178510247
2026-08-18T06:29:46.646+00:00,1787034586.6462352,194398.6417881,19.028411600011168,628,194398.5101669,22.29660001466982,109.22889999346808,3,1,1,4,1,0.0,1,estabilizada,1,1,1,446.25,275.5,0.14018841087818146,0.8915925025939941,0.16298360146626467,0.8266967511070173,0.15012235146626468,0.8152522511070174,-0.013652793361401202,0.14990066416111664,0.8154592787766647,0.03647039737425359,0.0,0.5410153234858794,-0.24952380478532477,1.5825453178510247
2026-08-18T06:29:46.646+00:00,1787034586.6462352,194398.6418044,19.028427899989765,628,194398.5101669,22.29660001466982,109.22889999346808,10,0,0,4,1,0.0,1,estabilizada,1,1,1,,,,,,,,,,,,,nan,0.5410153234858794,-0.24952380478532477,1.5825453178510247
2026-08-18T06:29:46.825+00:00,1787034586.8253162,194398.8214239,19.20804739999585,634,194398.6918918,30.48270000726916,99.02269998565316,1,0,0,4,1,0.0,1,estabilizada,1,1,1,,,,,,,,,,,,,nan,0.5410177471725006,-0.24953061860764855,1.582539552190144
2026-08-18T06:29:46.826+00:00,1787034586.8263164,194398.8214744,19.20809790000203,634,194398.6918918,30.48270000726916,99.02269998565316,2,1,1,4,1,0.0,1,estabilizada,1,1,1,510.0,485.25,0.2642413377761841,0.5044240951538086,0.2799817828166854,0.46154622575419546,0.2671205328166854,0.4501017257541955,-2.662814580584196,0.284908704882737,0.4615749657180289,-2.7383263206770274,0.0,0.5410177471725006,-0.24953061860764855,1.582539552190144
2026-08-18T06:29:46.826+00:00,1787034586.8263164,194398.8214888,19.208112299995264,634,194398.6918918,30.48270000726916,99.02269998565316,3,1,1,4,1,0.0,1,estabilizada,1,1,1,447.0,275.0,0.1413554698228836,0.8925828337669373,0.16408450993545814,0.8276301375948528,0.15122325993545815,0.8161856375948529,0.06100754030282067,0.14990066416111664,0.8154592787766647,0.028726896046385487,0.0,0.5410177471725006,-0.24953061860764855,1.582539552190144
2026-08-18T06:29:46.826+00:00,1787034586.8263164,194398.821503,19.20812650001608,634,194398.6918918,30.48270000726916,99.02269998565316,10,0,0,4,1,0.0,1,estabilizada,1,1,1,,,,,,,,,,,,,nan,0.5410177471725006,-0.24953061860764855,1.582539552190144
2026-08-18T06:29:46.979+00:00,1787034586.979278,194398.974648,19.361271500005387,640,194398.8910466,3.3665999944787472,80.2100999862887,1,0,0,4,1,0.0,1,estabilizada,1,1,1,,,,,,,,,,,,,nan,0.5410193535758931,-0.24953693018139636,1.5825332770404628
2026-08-18T06:29:46.979+00:00,1787034586.979278,194398.9746919,19.361315399990417,640,194398.8910466,3.3665999944787472,80.2100999862887,2,1,1,4,1,0.0,1,estabilizada,1,1,1,503.0,491.5,0.25418174266815186,0.494245320558548,0.27049443912529986,0.4519457976747183,0.25763318912529987,0.44050129767471835,-2.51998681665361,0.2711363244985555,0.4517197876452278,-2.6648220944946894,0.0,0.5410193535758931,-0.24953693018139636,1.5825332770404628
2026-08-18T06:29:46.979+00:00,1787034586.979278,194398.9747049,19.361328400002094,640,194398.8910466,3.3665999944787472,80.2100999862887,3,1,1,4,1,0.0,1,estabilizada,1,1,1,447.0,275.0,0.1413579285144806,0.8925851583480835,0.16408701028317157,0.8276317134765259,0.15122576028317158,0.8161872134765259,0.06100646703521247,0.14990066416111664,0.8154592787766647,0.028726896046385487,0.0,0.5410193535758931,-0.24953693018139636,1.5825332770404628
2026-08-18T06:29:46.979+00:00,1787034586.979278,194398.9748505,19.36147400000482,640,194398.8910466,3.3665999944787472,80.2100999862887,10,0,0,4,1,0.0,1,estabilizada,1,1,1,,,,,,,,,,,,,nan,0.5410193535758931,-0.24953693018139636,1.5825332770404628
2026-08-18T06:29:47.146+00:00,1787034587.1465764,194399.1423579,19.528981400013436,644,194399.0270017,21.53350002481602,93.7844000000041,1,0,0,4,1,0.0,1,estabilizada,1,1,1,,,,,,,,,,,,,nan,0.5410166388673397,-0.24953796687966726,1.582531167506868
2026-08-18T06:29:47.146+00:00,1787034587.1465764,194399.1424711,19.52909460000228,644,194399.0270017,21.53350002481602,93.7844000000041,2,1,1,4,1,0.0,1,estabilizada,1,1,1,498.5,494.75,0.24767911434173584,0.48900938034057617,0.2643614885972115,0.44700751483890755,0.2515002385972115,0.4355630148389076,-2.4486343770159027,0.2614405361631741,0.443850095796614,-2.5759260891202094,0.0,0.5410166388673397,-0.24953796687966726,1.582531167506868
2026-08-18T06:29:47.146+00:00,1787034587.1465764,194399.1424909,19.52911440000753,644,194399.0270017,21.53350002481602,93.7844000000041,3,1,1,4,1,0.0,1,estabilizada,1,1,1,446.5,275.5,0.14060764014720917,0.8915927410125732,0.16337926741416814,0.8266955902840357,0.15051801741416815,0.8152510902840358,-0.013656155204690266,0.14990066416111664,0.8154592787766647,0.028726896046385487,0.0,0.5410166388673397,-0.24953796687966726,1.582531167506868
2026-08-18T06:29:47.146+00:00,1787034587.1465764,194399.142506,19.529129500006093,644,194399.0270017,21.53350002481602,93.7844000000041,10,0,0,4,1,0.0,1,estabilizada,1,1,1,,,,,,,,,,,,,nan,0.5410166388673397,-0.24953796687966726,1.582531167506868
2026-08-18T06:29:47.327+00:00,1787034587.327184,194399.3228342,19.709457699995255,649,194399.1957591,30.04240000154823,96.98920001392253,1,0,0,4,1,0.0,1,estabilizada,1,1,1,,,,,,,,,,,,,nan,0.5410106192066964,-0.2495404571060172,1.5825284157622548
2026-08-18T06:29:47.327+00:00,1787034587.327184,194399.322908,19.709531500004232,649,194399.1957591,30.04240000154823,96.98920001392253,2,1,1,4,1,0.0,1,estabilizada,1,1,1,493.25,500.25,0.24027231335639954,0.48009192943573,0.25737560657814534,0.4385969937778906,0.24451435657814535,0.4271524937778906,-2.3178272219333675,0.2590563067009672,0.4418623985024491,-2.545068332863637,0.0,0.5410106192066964,-0.2495404571060172,1.5825284157622548
2026-08-18T06:29:47.327+00:00,1787034587.327184,194399.3229432,19.709566700010328,649,194399.1957591,30.04240000154823,96.98920001392253,3,1,1,4,1,0.0,1,estabilizada,1,1,1,446.75,275.25,0.1409858614206314,0.892090916633606,0.16373567611094436,0.82716517968431,0.15087442611094437,0.8157206796843101,0.02359962080592678,0.14990066416111664,0.8154592787766647,0.028726896046385487,0.0,0.5410106192066964,-0.2495404571060172,1.5825284157622548
2026-08-18T06:29:47.327+00:00,1787034587.327184,194399.3229585,19.709582000010414,649,194399.1957591,30.04240000154823,96.98920001392253,10,0,0,4,1,0.0,1,estabilizada,1,1,1,,,,,,,,,,,,,nan,0.5410106192066964,-0.2495404571060172,1.5825284157622548
2026-08-18T06:29:47.490+00:00,1787034587.4907622,194399.4863745,19.87299800000619,654,194399.3606213,38.960900012170896,86.68119998765178,1,0,0,4,1,0.0,1,estabilizada,1,1,1,,,,,,,,,,,,,nan,0.541007139842429,-0.24954431550858275,1.5825253965975519
2026-08-18T06:29:47.490+00:00,1787034587.4907622,194399.4864585,19.873082000005525,654,194399.3606213,38.960900012170896,86.68119998765178,2,1,1,4,1,0.0,1,estabilizada,1,1,1,488.25,504.5,0.233161062002182,0.47326910495758057,0.25066861484474035,0.4321618924086889,0.23780736484474035,0.42071739240868894,-2.3637523625339036,0.25394009444265675,0.43678094639891,-2.489752273007317,0.0,0.541007139842429,-0.24954431550858275,1.5825253965975519
2026-08-18T06:29:47.490+00:00,1787034587.4907622,194399.4864847,19.873108200001298,654,194399.3606213,38.960900012170896,86.68119998765178,3,1,1,4,1,0.0,1,estabilizada,1,1,1,447.0,275.0,0.14136402308940887,0.8925894498825073,0.16409217682716448,0.827635017488435,0.1512309268271645,0.8161905174884351,0.061006267313073084,0.14990066416111664,0.8154592787766647,0.028726896046385487,0.0,0.541007139842429,-0.24954431550858275,1.5825253965975519
2026-08-18T06:29:47.490+00:00,1787034587.4907622,194399.4865058,19.873129300016444,654,194399.3606213,38.960900012170896,86.68119998765178,10,0,0,4,1,0.0,1,estabilizada,1,1,1,,,,,,,,,,,,,nan,0.541007139842429,-0.24954431550858275,1.5825253965975519
2026-08-18T06:29:47.688+00:00,1787034587.688105,194399.6838484,20.07047189999139,659,194399.5305134,26.74869998008944,126.53010000940412,1,0,0,4,1,0.0,1,estabilizada,1,1,1,,,,,,,,,,,,,nan,0.5410038716937091,-0.24954667184001547,1.5825244130786358
2026-08-18T06:29:47.688+00:00,1787034587.688105,194399.6839391,20.070562600012636,659,194399.5305134,26.74869998008944,126.53010000940412,2,1,1,4,1,0.0,1,estabilizada,1,1,1,483.0,509.5,0.22577568888664246,0.4652511179447174,0.24370308148682618,0.4245997380677554,0.2308418314868262,0.41315523806775545,-2.341645591934257,0.24210120020619202,0.424716724555809,-2.4184746235462886,0.0,0.5410038716937091,-0.24954667184001547,1.5825244130786358
2026-08-18T06:29:47.688+00:00,1787034587.688105,194399.6839579,20.07058140001027,659,194399.5305134,26.74869998008944,126.53010000940412,3,1,1,4,1,0.0,1,estabilizada,1,1,1,447.0,275.25,0.1414014995098114,0.8920875191688538,0.1641273501818944,0.8271614577813302,0.1512661001818944,0.8157169577813302,0.023599524262548525,0.14990066416111664,0.8154592787766647,0.028726896046385487,0.0,0.5410038716937091,-0.24954667184001547,1.5825244130786358
2026-08-18T06:29:47.688+00:00,1787034587.688105,194399.6839732,20.070596700010356,659,194399.5305134,26.74869998008944,126.53010000940412,10,0,0,4,1,0.0,1,estabilizada,1,1,1,,,,,,,,,,,,,nan,0.5410038716937091,-0.24954667184001547,1.5825244130786358
2026-08-18T06:29:47.889+00:00,1787034587.8890653,194399.8850052,20.271628699993016,666,194399.7651396,22.122700000181794,97.71659999387339,1,0,0,4,1,0.0,1,estabilizada,1,1,1,,,,,,,,,,,,,nan,0.5410017946459978,-0.24955097860331543,1.5825222232462572
2026-08-18T06:29:47.889+00:00,1787034587.8890653,194399.885051,20.271674499992514,666,194399.7651396,22.122700000181794,97.71659999387339,2,1,1,4,1,0.0,1,estabilizada,1,1,1,475.75,515.75,0.21556660532951355,0.45530763268470764,0.23407450784629602,0.41522144995433685,0.22121325784629603,0.4037769499543369,-2.493793467450497,0.232808654766205,0.4151464364846077,-2.406748929064743,0.0,0.5410017946459978,-0.24955097860331543,1.5825222232462572
2026-08-18T06:29:47.889+00:00,1787034587.8890653,194399.8850651,20.271688600012567,666,194399.7651396,22.122700000181794,97.71659999387339,3,1,1,4,1,0.0,1,estabilizada,1,1,1,447.0,275.0,0.14136643707752228,0.8925917744636536,0.1640941951164474,0.8276367006794976,0.15123294511644741,0.8161922006794976,0.061007032669522475,0.14990066416111664,0.8154592787766647,0.028726896046385487,0.0,0.5410017946459978,-0.24955097860331543,1.5825222232462572
2026-08-18T06:29:47.889+00:00,1787034587.8890653,194399.8850787,20.27170219999971,666,194399.7651396,22.122700000181794,97.71659999387339,10,0,0,4,1,0.0,1,estabilizada,1,1,1,,,,,,,,,,,,,nan,0.5410017946459978,-0.24955097860331543,1.5825222232462572
2026-08-18T06:29:48.099+00:00,1787034588.0998359,194400.0951104,20.48173390000011,671,194399.9369936,36.742900003446266,121.32400000700727,1,0,0,4,1,0.0,1,estabilizada,1,1,1,,,,,,,,,,,,,nan,0.5410018686615853,-0.24955117246024347,1.5825237042830769
2026-08-18T06:29:48.099+00:00,1787034588.0998359,194400.0952705,20.481893999996828,671,194399.9369936,36.742900003446266,121.32400000700727,2,1,1,4,1,0.0,1,estabilizada,1,1,1,470.5,519.75,0.20815664529800415,0.4489983320236206,0.22708594791865155,0.4092709931955244,0.21422469791865156,0.39782649319552443,-2.468420031759033,0.2242252922931368,0.40681312040155027,-2.426066142629956,0.0,0.5410018686615853,-0.24955117246024347,1.5825237042830769
2026-08-18T06:29:48.099+00:00,1787034588.0998359,194400.0953383,20.48196179998922,671,194399.9369936,36.742900003446266,121.32400000700727,3,1,1,4,1,0.0,1,estabilizada,1,1,1,447.0,275.25,0.14140306413173676,0.8920899033546448,0.16412872208576967,0.8271634213403438,0.15126747208576968,0.8157189213403438,0.023600460488218452,0.14990066416111664,0.8154592787766647,0.028726896046385487,0.0,0.5410018686615853,-0.24955117246024347,1.5825237042830769
2026-08-18T06:29:48.099+00:00,1787034588.0998359,194400.0953566,20.48198010001215,671,194399.9369936,36.742900003446266,121.32400000700727,10,0,0,4,1,0.0,1,estabilizada,1,1,1,,,,,,,,,,,,,nan,0.5410018686615853,-0.24955117246024347,1.5825237042830769
2026-08-18T06:29:48.277+00:00,1787034588.2774944,194400.2735517,20.660175199998775,678,194400.1608382,7.95769999967888,104.727300000377,1,0,0,4,1,0.0,1,estabilizada,1,1,1,,,,,,,,,,,,,nan,0.5410005694005219,-0.24955473070912335,1.5825234763231082
2026-08-18T06:29:48.277+00:00,1787034588.2774944,194400.2735998,20.660223300015787,678,194400.1608382,7.95769999967888,104.727300000377,2,1,1,4,1,0.0,1,estabilizada,1,1,1,464.25,525.75,0.19950267672538757,0.4395127594470978,0.21892406970982053,0.400324668374888,0.20606281970982054,0.38888016837488804,-2.5121721633047915,0.22006057664776177,0.4027423255674054,-2.4462878097497627,0.0,0.5410005694005219,-0.24955473070912335,1.5825234763231082
2026-08-18T06:29:48.277+00:00,1787034588.2774944,194400.2736136,20.66023710000445,678,194400.1608382,7.95769999967888,104.727300000377,3,1,1,4,1,0.0,1,estabilizada,1,1,1,446.75,275.25,0.14099131524562836,0.8920969367027283,0.1637403192336046,0.8271698429791036,0.1508790692336046,0.8157253429791036,0.02360036716061486,0.14990066416111664,0.8154592787766647,0.028726896046385487,0.0,0.5410005694005219,-0.24955473070912335,1.5825234763231082
2026-08-18T06:29:48.278+00:00,1787034588.2785008,194400.2736273,20.660250799992355,678,194400.1608382,7.95769999967888,104.727300000377,10,0,0,4,1,0.0,1,estabilizada,1,1,1,,,,,,,,,,,,,nan,0.5410005694005219,-0.24955473070912335,1.5825234763231082
2026-08-18T06:29:48.504+00:00,1787034588.504155,194400.5001959,20.8868194000097,683,194400.3246525,39.70719999051653,135.74850000441074,1,0,0,4,1,0.0,1,estabilizada,1,1,1,,,,,,,,,,,,,nan,0.5410001868653815,-0.24955550058795922,1.5825244497052378
2026-08-18T06:29:48.505+00:00,1787034588.5051508,194400.5002805,20.8869040000136,683,194400.3246525,39.70719999051653,135.74850000441074,2,1,1,4,1,0.0,1,estabilizada,1,1,1,459.75,527.25,0.1929953396320343,0.43726789951324463,0.21278677871964846,0.3982074565478156,0.19992552871964847,0.3867629565478156,-2.581450529308354,0.21026715613131,0.3939256966829385,-2.481105298986045,0.0,0.5410001868653815,-0.24955550058795922,1.5825244497052378
2026-08-18T06:29:48.505+00:00,1787034588.5051508,194400.5003091,20.886932599998545,683,194400.3246525,39.70719999051653,135.74850000441074,3,1,1,4,1,0.0,1,estabilizada,1,1,1,447.0,275.25,0.14140422642230988,0.8920917510986328,0.16412971192528275,0.827164948437902,0.15126846192528276,0.815720448437902,0.02360139026495617,0.14990066416111664,0.8154592787766647,0.028726896046385487,0.0,0.5410001868653815,-0.24955550058795922,1.5825244497052378
2026-08-18T06:29:48.505+00:00,1787034588.5051508,194400.5003318,20.88695529999677,683,194400.3246525,39.70719999051653,135.74850000441074,10,0,0,4,1,0.0,1,estabilizada,1,1,1,,,,,,,,,,,,,nan,0.5410001868653815,-0.24955550058795922,1.5825244497052378
2026-08-18T06:29:48.738+00:00,1787034588.738906,194400.7348902,21.121513699996285,691,194400.5933473,5.1485000003594905,136.25020001200028,1,0,0,4,1,0.0,1,estabilizada,1,1,1,,,,,,,,,,,,,nan,0.5410006187881323,-0.24955374611476328,1.5825265356630611
2026-08-18T06:29:48.739+00:00,1787034588.739909,194400.7351106,21.1217341000156,691,194400.5933473,5.1485000003594905,136.25020001200028,2,1,1,4,1,0.0,1,estabilizada,1,1,1,456.75,530.25,0.18888375163078308,0.4325462281703949,0.2089090196626291,0.3937544630389855,0.1960477696626291,0.3823099630389855,-2.6224682006426607,0.20387878918412694,0.3890192824076117,-2.521012899418501,0.0,0.5410006187881323,-0.24955374611476328,1.5825265356630611
2026-08-18T06:29:48.739+00:00,1787034588.739909,194400.7351387,21.121762199996738,691,194400.5933473,5.1485000003594905,136.25020001200028,3,1,1,4,1,0.0,1,estabilizada,1,1,1,447.0,275.25,0.14140458405017853,0.8920921087265015,0.16413004382349444,0.8271654710871119,0.15126879382349445,0.815720971087112,0.02360243267404672,0.14990066416111664,0.8154592787766647,0.028726896046385487,0.0,0.5410006187881323,-0.24955374611476328,1.5825265356630611
2026-08-18T06:29:48.739+00:00,1787034588.739909,194400.7351604,21.121783900016453,691,194400.5933473,5.1485000003594905,136.25020001200028,10,0,0,4,1,0.0,1,estabilizada,1,1,1,,,,,,,,,,,,,nan,0.5410006187881323,-0.24955374611476328,1.5825265356630611
2026-08-18T06:29:48.950+00:00,1787034588.950773,194400.9459238,21.332547300000442,697,194400.7948276,23.47469999222085,127.50939998659305,1,0,0,4,1,0.0,1,estabilizada,1,1,1,,,,,,,,,,,,,nan,0.5410053095533645,-0.2495492053328255,1.5825310712507155
2026-08-18T06:29:48.950+00:00,1787034588.950773,194400.9461335,21.33275699999649,697,194400.7948276,23.47469999222085,127.50939998659305,2,1,1,4,1,0.0,1,estabilizada,1,1,1,454.75,531.25,0.18603786826133728,0.4310157597064972,0.20622519367734565,0.3923114031436077,0.19336394367734566,0.3808669031436077,-2.6387593084867165,0.20209571648499233,0.38749161360751094,-2.53797174052701,0.0,0.5410053095533645,-0.2495492053328255,1.5825310712507155
2026-08-18T06:29:48.950+00:00,1787034588.950773,194400.9461619,21.332785400009016,697,194400.7948276,23.47469999222085,127.50939998659305,3,1,1,4,1,0.0,1,estabilizada,1,1,1,447.0,275.25,0.14140455424785614,0.8920925259590149,0.16413021735226047,0.8271663089116227,0.15126896735226047,0.8157218089116227,0.02360347186023948,0.14990066416111664,0.8154592787766647,0.028726896046385487,0.0,0.5410053095533645,-0.2495492053328255,1.5825310712507155
2026-08-18T06:29:48.950+00:00,1787034588.950773,194400.9461821,21.332805599988205,697,194400.7948276,23.47469999222085,127.50939998659305,10,0,0,4,1,0.0,1,estabilizada,1,1,1,,,,,,,,,,,,,nan,0.5410053095533645,-0.2495492053328255,1.5825310712507155
2026-08-18T06:29:49.206+00:00,1787034589.2066145,194401.2022518,21.588875299989013,704,194401.0388879,9.69419998000376,153.5996000166051,1,0,0,4,1,0.0,1,estabilizada,1,1,1,,,,,,,,,,,,,nan,0.5410085997001292,-0.24954345385537072,1.5825359223947735
2026-08-18T06:29:49.206+00:00,1787034589.2066145,194401.2023531,21.58897660000366,704,194401.0388879,9.69419998000376,153.5996000166051,2,1,1,4,1,0.0,1,estabilizada,1,1,1,454.75,531.25,0.18603862822055817,0.4310154616832733,0.20622603564750436,0.392311567805281,0.19336478564750437,0.380867067805281,-2.5859588457693023,0.20209571648499233,0.38749161360751094,-2.5513981027637427,0.0,0.5410085997001292,-0.24954345385537072,1.5825359223947735
2026-08-18T06:29:49.206+00:00,1787034589.2066145,194401.2023728,21.588996300008148,704,194401.0388879,9.69419998000376,153.5996000166051,3,1,1,4,1,0.0,1,estabilizada,1,1,1,447.0,275.0,0.14136819541454315,0.8925952911376953,0.164096043722261,0.8276410075762675,0.151234793722261,0.8161965075762675,0.06101153342465019,0.14990066416111664,0.8154592787766647,0.028726896046385487,0.0,0.5410085997001292,-0.24954345385537072,1.5825359223947735
2026-08-18T06:29:49.206+00:00,1787034589.2066145,194401.2023891,21.58901260001585,704,194401.0388879,9.69419998000376,153.5996000166051,10,0,0,4,1,0.0,1,estabilizada,1,1,1,,,,,,,,,,,,,nan,0.5410085997001292,-0.24954345385537072,1.5825359223947735
2026-08-18T06:29:49.379+00:00,1787034589.3797991,194401.3755544,21.762177900003735,711,194401.263452,15.955499984556809,96.1206000065431,1,0,0,4,1,0.0,1,estabilizada,1,1,1,,,,,,,,,,,,,nan,0.5410096669503375,-0.2495368592426183,1.582540885688946
2026-08-18T06:29:49.379+00:00,1787034589.3797991,194401.3756,21.76222350000171,711,194401.263452,15.955499984556809,96.1206000065431,2,1,1,4,1,0.0,1,estabilizada,1,1,1,454.75,531.25,0.18603917956352234,0.4310150742530823,0.20622655301700843,0.39231169883415995,0.19336530301700844,0.38086719883416,-2.5859573170992647,0.2000817316835456,0.38596345337536,-2.5608349075368966,0.0,0.5410096669503375,-0.2495368592426183,1.582540885688946
2026-08-18T06:29:49.379+00:00,1787034589.3797991,194401.3756136,21.76223709998885,711,194401.263452,15.955499984556809,96.1206000065431,3,1,1,4,1,0.0,1,estabilizada,1,1,1,446.75,275.25,0.1409917175769806,0.8920977115631104,0.16374096580757475,0.8271723043893265,0.15087971580757475,0.8157278043893266,0.023606698837263948,0.14990066416111664,0.8154592787766647,0.028726896046385487,0.0,0.5410096669503375,-0.2495368592426183,1.582540885688946
2026-08-18T06:29:49.379+00:00,1787034589.3797991,194401.3756276,21.762251100008143,711,194401.263452,15.955499984556809,96.1206000065431,10,0,0,4,1,0.0,1,estabilizada,1,1,1,,,,,,,,,,,,,nan,0.5410096669503375,-0.2495368592426183,1.582540885688946
2026-08-18T06:29:49.520+00:00,1787034589.5203543,194401.516177,21.902800500014564,716,194401.4236176,8.956100005889311,83.57829999295063,1,0,0,4,1,0.0,1,estabilizada,1,1,1,,,,,,,,,,,,,nan,0.5410081559573856,-0.2495285992908538,1.58254634230516
2026-08-18T06:29:49.520+00:00,1787034589.5203543,194401.5162191,21.902842600014992,716,194401.4236176,8.956100005889311,83.57829999295063,2,1,1,4,1,0.0,1,estabilizada,1,1,1,454.75,531.25,0.18603958189487457,0.4310145676136017,0.2062267769308767,0.39231182420314015,0.19336552693087672,0.3808673242031402,-2.5859556450770853,0.19861087744826567,0.38484740674579704,-2.5702913628314,0.0,0.5410081559573856,-0.2495285992908538,1.58254634230516
2026-08-18T06:29:49.520+00:00,1787034589.5203543,194401.5162316,21.902855099993758,716,194401.4236176,8.956100005889311,83.57829999295063,3,1,1,4,1,0.0,1,estabilizada,1,1,1,447.0,275.0,0.14136752486228943,0.8925938606262207,0.16409523642248786,0.8276409308795885,0.15123398642248786,0.8161964308795885,0.06101472817313016,0.14990066416111664,0.8154592787766647,0.028726896046385487,0.0,0.5410081559573856,-0.2495285992908538,1.58254634230516
2026-08-18T06:29:49.520+00:00,1787034589.5203543,194401.516244,21.902867500000866,716,194401.4236176,8.956100005889311,83.57829999295063,10,0,0,4,1,0.0,1,estabilizada,1,1,1,,,,,,,,,,,,,nan,0.5410081559573856,-0.2495285992908538,1.58254634230516
2026-08-18T06:29:49.669+00:00,1787034589.6695268,194401.6649482,22.051571699994383,720,194401.5565809,24.99009997700341,83.35120000992902,1,0,0,4,1,0.0,1,estabilizada,1,1,1,,,,,,,,,,,,,nan,0.5410065918959901,-0.2495209123730156,1.5825513366804755
2026-08-18T06:29:49.669+00:00,1787034589.6695268,194401.6649968,22.051620300015202,720,194401.5565809,24.99009997700341,83.35120000992902,2,1,1,4,1,0.0,1,estabilizada,1,1,1,454.75,531.0,0.18601219356060028,0.4314170479774475,0.2062007935191973,0.3926919747295296,0.1933395435191973,0.38124747472952963,-2.611889661882969,0.19861087744826567,0.38484740674579704,-2.5702913628314,0.0,0.5410065918959901,-0.2495209123730156,1.5825513366804755
2026-08-18T06:29:49.669+00:00,1787034589.6695268,194401.6650098,22.051633299997775,720,194401.5565809,24.99009997700341,83.35120000992902,3,1,1,4,1,0.0,1,estabilizada,1,1,1,447.0,275.0,0.1413673311471939,0.8925931453704834,0.1640948930491265,0.8276408984420991,0.1512336430491265,0.8161963984420991,0.06101799782063932,0.14990066416111664,0.8154592787766647,0.028726896046385487,0.0,0.5410065918959901,-0.2495209123730156,1.5825513366804755
2026-08-18T06:29:49.669+00:00,1787034589.6695268,194401.6650242,22.05164769999101,720,194401.5565809,24.99009997700341,83.35120000992902,10,0,0,4,1,0.0,1,estabilizada,1,1,1,,,,,,,,,,,,,nan,0.5410065918959901,-0.2495209123730156,1.5825513366804755
2026-08-18T06:29:49.815+00:00,1787034589.8156796,194401.8116084,22.198231899994425,725,194401.7238006,6.371099996613339,81.40729999286123,1,0,0,4,1,0.0,1,estabilizada,1,1,1,,,,,,,,,,,,,nan,0.541009481958603,-0.24951107900618608,1.5825584546020308
2026-08-18T06:29:49.815+00:00,1787034589.8156796,194401.8116635,22.19828700000653,725,194401.7238006,6.371099996613339,81.40729999286123,2,1,1,4,1,0.0,1,estabilizada,1,1,1,454.75,531.0,0.18601256608963013,0.43141695857048035,0.20620121841732064,0.3926926238050318,0.19333996841732065,0.3812481238050318,-2.6118885721602587,0.19861087744826567,0.38484740674579704,-2.5702913628314,0.0,0.541009481958603,-0.24951107900618608,1.5825584546020308
2026-08-18T06:29:49.815+00:00,1787034589.8156796,194401.8116757,22.198299200012116,725,194401.7238006,6.371099996613339,81.40729999286123,3,1,1,4,1,0.0,1,estabilizada,1,1,1,447.0,275.25,0.14140300452709198,0.8920895457267761,0.16412859982137773,0.8271667898391877,0.15126734982137774,0.8157222898391877,0.0236132203705667,0.14990066416111664,0.8154592787766647,0.028726896046385487,0.0,0.541009481958603,-0.24951107900618608,1.5825584546020308
2026-08-18T06:29:49.815+00:00,1787034589.8156796,194401.8116895,22.19831300000078,725,194401.7238006,6.371099996613339,81.40729999286123,10,0,0,4,1,0.0,1,estabilizada,1,1,1,,,,,,,,,,,,,nan,0.541009481958603,-0.24951107900618608,1.5825584546020308
