wall_time_iso,t_wall,t_perf,session_elapsed_s,stage,robot_id,seq,left_cmd,right_cmd,requested_delay_ms,actual_delay_ms,scheduled_perf,sent_perf,ack_perf,rtt_ms,esp_rx_ms,duplicate,ack_requested,success,error
2026-08-18T06:12:08.808+00:00,1787033528.8084471,193340.8265062,0.2085304000065662,send_error,1,5,0,0,0.0,0.0,193340.8264984,,,,,,,0,robot_not_discovered
2026-08-18T06:12:08.945+00:00,1787033528.9456358,193340.9643833,0.34640749997925013,queued,2,6,-35,35,50.0,,193340.9636162,,,,,,,1,
2026-08-18T06:12:08.948+00:00,1787033528.9481483,193340.9666922,0.3487163999816403,sent,3,7,0,0,0.0,0.0,193340.9646364,193340.9646532,,,,,0,1,
2026-08-18T06:12:08.949+00:00,1787033528.9491565,193340.9670903,0.3491144999861717,send_error,10,8,0,0,0.0,0.0,193340.9670817,,,,,,,0,robot_not_discovered
2026-08-18T06:12:09.006+00:00,1787033529.006864,193341.0258458,0.40786999999545515,sent,2,6,-35,35,50.0,59.05090001760982,193340.9636162,193341.0228756,,,,,0,1,
2026-08-18T06:12:09.145+00:00,1787033529.1455655,193341.1643652,0.5463893999985885,send_error,1,9,0,0,0.0,0.0,193341.1643473,,,,,,,0,robot_not_discovered
2026-08-18T06:12:09.153+00:00,1787033529.1530683,193341.1715391,0.5535632999963127,queued,2,10,-35,35,50.0,,193341.171141,,,,,,,1,
2026-08-18T06:12:09.154+00:00,1787033529.1540697,193341.1724252,0.5544493999914266,sent,3,11,0,0,0.0,0.0,193341.1716916,193341.1716941,,,,,0,1,
2026-08-18T06:12:09.154+00:00,1787033529.1540697,193341.1724723,0.5544965000008233,send_error,10,12,0,0,0.0,0.0,193341.1724693,,,,,,,0,robot_not_discovered
2026-08-18T06:12:09.204+00:00,1787033529.204675,193341.2231151,0.6051392999943346,sent,2,10,-35,35,50.0,51.58639998990111,193341.171141,193341.2227386,,,,,0,1,
2026-08-18T06:12:09.298+00:00,1787033529.2982774,193341.3168515,0.6988757000071928,send_error,1,13,0,0,0.0,0.0,193341.3168418,,,,,,,0,robot_not_discovered
2026-08-18T06:12:09.302+00:00,1787033529.3023288,193341.3211724,0.703196599992225,queued,2,14,-35,35,50.0,,193341.3209625,,,,,,,1,
2026-08-18T06:12:09.304+00:00,1787033529.3043272,193341.3228717,0.704895899980329,sent,3,15,0,0,0.0,0.0,193341.32123,193341.3212361,,,,,0,1,
2026-08-18T06:12:09.304+00:00,1787033529.3043272,193341.3229911,0.7050152999872807,send_error,10,16,0,0,0.0,0.0,193341.3229868,,,,,,,0,robot_not_discovered
2026-08-18T06:12:09.367+00:00,1787033529.3674588,193341.3856014,0.7676255999831483,sent,2,14,-35,35,50.0,62.79229998472147,193341.3209625,193341.3838438,,,,,0,1,
2026-08-18T06:12:09.444+00:00,1787033529.444353,193341.4630689,0.8450930999824777,send_error,1,17,0,0,0.0,0.0,193341.4630587,,,,,,,0,robot_not_discovered
2026-08-18T06:12:09.449+00:00,1787033529.4498644,193341.4684108,0.8504350000002887,queued,2,18,-35,35,50.0,,193341.4671162,,,,,,,1,
2026-08-18T06:12:09.450+00:00,1787033529.4508634,193341.4690084,0.8510325999814086,sent,3,19,0,0,0.0,0.0,193341.4685048,193341.4685093,,,,,0,1,
2026-08-18T06:12:09.450+00:00,1787033529.4508634,193341.4690614,0.8510856000066269,send_error,10,20,0,0,0.0,0.0,193341.4690586,,,,,,,0,robot_not_discovered
2026-08-18T06:12:09.505+00:00,1787033529.5057786,193341.5240812,0.9061054000048898,sent,2,18,-35,35,50.0,56.644100026460364,193341.4671162,193341.5237714,,,,,0,1,
2026-08-18T06:12:09.604+00:00,1787033529.604625,193341.6227308,1.0047550000017509,send_error,1,21,0,0,0.0,0.0,193341.6227019,,,,,,,0,robot_not_discovered
2026-08-18T06:12:09.610+00:00,1787033529.61014,193341.6287153,1.010739499994088,queued,2,22,-35,35,50.0,,193341.62861,,,,,,,1,
2026-08-18T06:12:09.611+00:00,1787033529.6111467,193341.6293775,1.0114017000014428,sent,3,23,0,0,0.0,0.0,193341.6287589,193341.6287624,,,,,0,1,
2026-08-18T06:12:09.611+00:00,1787033529.6111467,193341.6294435,1.0114676999801304,send_error,10,24,0,0,0.0,0.0,193341.6294405,,,,,,,0,robot_not_discovered
2026-08-18T06:12:09.668+00:00,1787033529.6682954,193341.6866662,1.0686903999885544,sent,2,22,-35,35,50.0,55.160999996587634,193341.62861,193341.6838795,,,,,0,1,
2026-08-18T06:12:09.755+00:00,1787033529.7551262,193341.7736518,1.1556759999948554,send_error,1,25,0,0,0.0,0.0,193341.7736402,,,,,,,0,robot_not_discovered
2026-08-18T06:12:09.758+00:00,1787033529.7586465,193341.7770994,1.1591235999949276,queued,2,26,-35,35,50.0,,193341.7770135,,,,,,,1,
2026-08-18T06:12:09.758+00:00,1787033529.7586465,193341.7774524,1.1594766000052914,sent,3,27,0,0,0.0,0.0,193341.7771232,193341.7771252,,,,,0,1,
2026-08-18T06:12:09.758+00:00,1787033529.7586465,193341.7774881,1.1595122999860905,send_error,10,28,0,0,0.0,0.0,193341.7774852,,,,,,,0,robot_not_discovered
2026-08-18T06:12:09.811+00:00,1787033529.8118021,193341.8304541,1.2124783000035677,sent,2,26,-35,35,50.0,52.80620002304204,193341.7770135,193341.829836,,,,,0,1,
2026-08-18T06:12:09.903+00:00,1787033529.903411,193341.9215561,1.30358029998024,send_error,1,29,0,0,0.0,0.0,193341.9215429,,,,,,,0,robot_not_discovered
2026-08-18T06:12:09.908+00:00,1787033529.9089322,193341.927275,1.3092991999874357,queued,2,30,-35,35,50.0,,193341.9271617,,,,,,,1,
2026-08-18T06:12:09.908+00:00,1787033529.9089322,193341.927574,1.3095981999940705,sent,3,31,0,0,0.0,0.0,193341.9273172,193341.9273216,,,,,0,1,
2026-08-18T06:12:09.908+00:00,1787033529.9089322,193341.9276121,1.3096362999931443,send_error,10,32,0,0,0.0,0.0,193341.9276091,,,,,,,0,robot_not_discovered
2026-08-18T06:12:09.968+00:00,1787033529.9680154,193341.9867516,1.3687757999869063,sent,2,30,-35,35,50.0,58.99329998646863,193341.9271617,193341.9861786,,,,,0,1,
2026-08-18T06:12:10.048+00:00,1787033530.0487332,193342.067485,1.4495091999997385,send_error,1,33,0,0,0.0,0.0,193342.0674751,,,,,,,0,robot_not_discovered
2026-08-18T06:12:10.053+00:00,1787033530.0537393,193342.0719378,1.453961999999592,queued,2,34,-32,32,50.0,,193342.0718013,,,,,,,1,
2026-08-18T06:12:10.053+00:00,1787033530.0537393,193342.0723923,1.4544164999970235,sent,3,35,0,0,0.0,0.0,193342.0719858,193342.0719991,,,,,0,1,
2026-08-18T06:12:10.053+00:00,1787033530.0537393,193342.072462,1.4544862000038847,send_error,10,36,0,0,0.0,0.0,193342.0724591,,,,,,,0,robot_not_discovered
2026-08-18T06:12:10.109+00:00,1787033530.1096528,193342.1282853,1.5103094999794848,sent,2,34,-32,32,50.0,55.85160001646727,193342.0718013,193342.1276833,,,,,0,1,
2026-08-18T06:12:10.193+00:00,1787033530.193776,193342.2120403,1.5940644999791402,send_error,1,37,0,0,0.0,0.0,193342.2120151,,,,,,,0,robot_not_discovered
2026-08-18T06:12:10.196+00:00,1787033530.1967719,193342.2160078,1.5980319999798667,queued,2,38,-27,27,50.0,,193342.2157775,,,,,,,1,
2026-08-18T06:12:10.198+00:00,1787033530.1982763,193342.2167517,1.5987758999981452,sent,3,39,0,0,0.0,0.0,193342.2160754,193342.2160833,,,,,0,1,
2026-08-18T06:12:10.198+00:00,1787033530.1982763,193342.2167918,1.5988159999833442,send_error,10,40,0,0,0.0,0.0,193342.2167887,,,,,,,0,robot_not_discovered
2026-08-18T06:12:10.251+00:00,1787033530.2516775,193342.2697603,1.6517844999907538,sent,2,38,-27,27,50.0,53.83829999482259,193342.2157775,193342.2696251,,,,,0,1,
2026-08-18T06:12:10.349+00:00,1787033530.349196,193342.3678518,1.7498759999871254,send_error,1,41,0,0,0.0,0.0,193342.3678425,,,,,,,0,robot_not_discovered
2026-08-18T06:12:10.354+00:00,1787033530.354195,193342.3721314,1.754155600006925,queued,2,42,-33,33,50.0,,193342.3720144,,,,,,,1,
2026-08-18T06:12:10.354+00:00,1787033530.354195,193342.3723703,1.754394499992486,sent,3,43,0,0,0.0,0.0,193342.3721642,193342.3721666,,,,,0,1,
2026-08-18T06:12:10.354+00:00,1787033530.354195,193342.3724042,1.754428399988683,send_error,10,44,0,0,0.0,0.0,193342.3724014,,,,,,,0,robot_not_discovered
2026-08-18T06:12:10.409+00:00,1787033530.40903,193342.4271819,1.8092061000061221,sent,2,42,-33,33,50.0,55.012800003169104,193342.3720144,193342.4270422,,,,,0,1,
2026-08-18T06:12:10.497+00:00,1787033530.4984918,193342.5163222,1.8983464000048116,send_error,1,45,0,0,0.0,0.0,193342.5162875,,,,,,,0,robot_not_discovered
2026-08-18T06:12:10.504+00:00,1787033530.5040102,193342.5221246,1.9041487999784295,queued,2,46,-35,35,50.0,,193342.5217979,,,,,,,1,
2026-08-18T06:12:10.504+00:00,1787033530.5040102,193342.522748,1.9047721999813803,sent,3,47,0,0,0.0,0.0,193342.522238,193342.5222491,,,,,0,1,
2026-08-18T06:12:10.504+00:00,1787033530.5050046,193342.5228528,1.9048769999935757,send_error,10,48,0,0,0.0,0.0,193342.5228487,,,,,,,0,robot_not_discovered
2026-08-18T06:12:10.563+00:00,1787033530.5634358,193342.5821103,1.9641344999836292,sent,2,46,-35,35,50.0,59.87470000400208,193342.5217979,193342.581729,,,,,0,1,
2026-08-18T06:12:10.638+00:00,1787033530.638609,193342.6573911,2.039415299979737,send_error,1,49,0,0,0.0,0.0,193342.6573624,,,,,,,0,robot_not_discovered
2026-08-18T06:12:10.645+00:00,1787033530.6456285,193342.6642531,2.046277299989015,queued,2,50,-26,26,50.0,,193342.6641653,,,,,,,1,
2026-08-18T06:12:10.646+00:00,1787033530.646611,193342.6644555,2.0464796999876853,sent,3,51,0,0,0.0,0.0,193342.6642874,193342.66429,,,,,0,1,
2026-08-18T06:12:10.646+00:00,1787033530.646611,193342.6644951,2.046519299998181,send_error,10,52,0,0,0.0,0.0,193342.6644921,,,,,,,0,robot_not_discovered
2026-08-18T06:12:10.706+00:00,1787033530.7063344,193342.7249339,2.106958099990152,sent,2,50,-26,26,50.0,60.26739999651909,193342.6641653,193342.7244648,,,,,0,1,
2026-08-18T06:12:10.778+00:00,1787033530.778904,193342.7975441,2.179568299994571,send_error,1,53,0,0,0.0,0.0,193342.7975247,,,,,,,0,robot_not_discovered
2026-08-18T06:12:10.784+00:00,1787033530.7849038,193342.8031971,2.185221299994737,queued,2,54,-26,26,50.0,,193342.8030456,,,,,,,1,
2026-08-18T06:12:10.784+00:00,1787033530.7849038,193342.8034762,2.1855003999953624,sent,3,55,0,0,0.0,0.0,193342.8032316,193342.8032343,,,,,0,1,
2026-08-18T06:12:10.784+00:00,1787033530.7849038,193342.8035133,2.185537499986822,send_error,10,56,0,0,0.0,0.0,193342.8035103,,,,,,,0,robot_not_discovered
2026-08-18T06:12:10.846+00:00,1787033530.8467853,193342.8650862,2.247110399999656,sent,2,54,-26,26,50.0,61.142199992900714,193342.8030456,193342.8642632,,,,,0,1,
2026-08-18T06:12:10.919+00:00,1787033530.919118,193342.9374084,2.3194325999938883,send_error,1,57,0,0,0.0,0.0,193342.937397,,,,,,,0,robot_not_discovered
2026-08-18T06:12:10.924+00:00,1787033530.9241118,193342.9423043,2.3243284999916796,queued,2,58,-32,32,50.0,,193342.9422087,,,,,,,1,
2026-08-18T06:12:10.924+00:00,1787033530.9241118,193342.9425746,2.324598799983505,sent,3,59,0,0,0.0,0.0,193342.9423468,193342.9423496,,,,,0,1,
2026-08-18T06:12:10.924+00:00,1787033530.9241118,193342.9426105,2.324634699994931,send_error,10,60,0,0,0.0,0.0,193342.9426077,,,,,,,0,robot_not_discovered
2026-08-18T06:12:10.984+00:00,1787033530.9848855,193343.0036008,2.3856249999953434,sent,2,58,-32,32,50.0,60.20370000624098,193342.9422087,193343.0024548,,,,,0,1,
2026-08-18T06:12:11.075+00:00,1787033531.0754054,193343.094024,2.4760481999837793,send_error,1,61,0,0,0.0,0.0,193343.0940116,,,,,,,0,robot_not_discovered
2026-08-18T06:12:11.080+00:00,1787033531.0819166,193343.0997493,2.4817734999815,queued,2,62,26,-26,50.0,,193343.0994997,,,,,,,1,
2026-08-18T06:12:11.081+00:00,1787033531.0819166,193343.1001953,2.48221950000152,sent,3,63,0,0,0.0,0.0,193343.0998214,193343.0998296,,,,,0,1,
2026-08-18T06:12:11.081+00:00,1787033531.0819166,193343.1002358,2.4822599999897648,send_error,10,64,0,0,0.0,0.0,193343.100233,,,,,,,0,robot_not_discovered
2026-08-18T06:12:11.140+00:00,1787033531.1409972,193343.1596037,2.541627900005551,sent,2,62,26,-26,50.0,59.57230000058189,193343.0994997,193343.1591261,,,,,0,1,
2026-08-18T06:12:11.216+00:00,1787033531.2166722,193343.2359003,2.6179244999948423,send_error,1,65,0,0,0.0,0.0,193343.2358904,,,,,,,0,robot_not_discovered
2026-08-18T06:12:11.224+00:00,1787033531.2241998,193343.2426551,2.6246793000027537,queued,2,66,26,-26,50.0,,193343.2425655,,,,,,,1,
2026-08-18T06:12:11.224+00:00,1787033531.2241998,193343.2428909,2.624915099993814,sent,3,67,0,0,0.0,0.0,193343.2426827,193343.2426857,,,,,0,1,
2026-08-18T06:12:11.224+00:00,1787033531.2241998,193343.2429241,2.6249482999846805,send_error,10,68,0,0,0.0,0.0,193343.2429217,,,,,,,0,robot_not_discovered
2026-08-18T06:12:11.282+00:00,1787033531.2823422,193343.3002655,2.682289699994726,sent,2,66,26,-26,50.0,56.96340001304634,193343.2425655,193343.2995851,,,,,0,1,
2026-08-18T06:12:11.359+00:00,1787033531.3592875,193343.3780633,2.7600875000061933,send_error,1,69,0,0,0.0,0.0,193343.3780149,,,,,,,0,robot_not_discovered
2026-08-18T06:12:11.365+00:00,1787033531.3658206,193343.3839746,2.7659987999941222,queued,2,70,-26,26,50.0,,193343.3837473,,,,,,,1,
2026-08-18T06:12:11.365+00:00,1787033531.3658206,193343.3846049,2.7666290999914054,sent,3,71,0,0,0.0,0.0,193343.3840506,193343.3840582,,,,,0,1,
2026-08-18T06:12:11.365+00:00,1787033531.3658206,193343.3846476,2.766671799996402,send_error,10,72,0,0,0.0,0.0,193343.3846449,,,,,,,0,robot_not_discovered
2026-08-18T06:12:11.420+00:00,1787033531.4205995,193343.4387424,2.8207665999943856,sent,2,70,-26,26,50.0,54.794800002127886,193343.3837473,193343.438553,,,,,0,1,
2026-08-18T06:12:11.510+00:00,1787033531.510573,193343.5291903,2.9112144999962766,send_error,1,73,0,0,0.0,0.0,193343.5291722,,,,,,,0,robot_not_discovered
2026-08-18T06:12:11.515+00:00,1787033531.515566,193343.5342,2.9162241999874823,queued,2,74,-26,26,50.0,,193343.5339427,,,,,,,1,
2026-08-18T06:12:11.516+00:00,1787033531.5165951,193343.5344583,2.9164825000043493,sent,3,75,0,0,0.0,0.0,193343.5342618,193343.5342644,,,,,0,1,
2026-08-18T06:12:11.516+00:00,1787033531.5165951,193343.5344894,2.9165135999792255,send_error,10,76,0,0,0.0,0.0,193343.5344867,,,,,,,0,robot_not_discovered
2026-08-18T06:12:11.579+00:00,1787033531.5795443,193343.597466,2.979490199999418,sent,2,74,-26,26,50.0,62.69889997201972,193343.5339427,193343.5967015,,,,,0,1,
2026-08-18T06:12:11.658+00:00,1787033531.6588097,193343.6775105,3.0595347000053152,send_error,1,77,0,0,0.0,0.0,193343.6774879,,,,,,,0,robot_not_discovered
2026-08-18T06:12:11.665+00:00,1787033531.665351,193343.6836266,3.0656507999810856,queued,2,78,-26,26,50.0,,193343.6835107,,,,,,,1,
2026-08-18T06:12:11.665+00:00,1787033531.665351,193343.6839643,3.065988499991363,sent,3,79,0,0,0.0,0.0,193343.6836702,193343.6836727,,,,,0,1,
2026-08-18T06:12:11.665+00:00,1787033531.665351,193343.6839994,3.066023599996697,send_error,10,80,0,0,0.0,0.0,193343.6839967,,,,,,,0,robot_not_discovered
2026-08-18T06:12:11.716+00:00,1787033531.7166648,193343.7348014,3.116825599980075,sent,2,78,-26,26,50.0,51.08829998061992,193343.6835107,193343.7346124,,,,,0,1,
2026-08-18T06:12:11.804+00:00,1787033531.804867,193343.8229265,3.2049506999901496,send_error,1,81,0,0,0.0,0.0,193343.8229171,,,,,,,0,robot_not_discovered
2026-08-18T06:12:11.808+00:00,1787033531.8083706,193343.826214,3.2082381999935023,queued,2,82,-26,26,50.0,,193343.8261018,,,,,,,1,
2026-08-18T06:12:11.808+00:00,1787033531.8083706,193343.8264523,3.2084765000035986,sent,3,83,0,0,0.0,0.0,193343.8262576,193343.8262599,,,,,0,1,
2026-08-18T06:12:11.808+00:00,1787033531.8083706,193343.8264834,3.208507599978475,send_error,10,84,0,0,0.0,0.0,193343.8264808,,,,,,,0,robot_not_discovered
2026-08-18T06:12:11.872+00:00,1787033531.8722851,193343.8906624,3.2726865999866277,sent,2,82,-26,26,50.0,64.23300001188181,193343.8261018,193343.8903709,,,,,0,1,
2026-08-18T06:12:11.943+00:00,1787033531.9432106,193343.9617199,3.3437440999841783,send_error,1,85,0,0,0.0,0.0,193343.9616961,,,,,,,0,robot_not_discovered
2026-08-18T06:12:11.950+00:00,1787033531.9503508,193343.9685681,3.3505923000047915,queued,2,86,-26,26,50.0,,193343.9684472,,,,,,,1,
2026-08-18T06:12:11.950+00:00,1787033531.9503508,193343.9688733,3.3508975000004284,sent,3,87,0,0,0.0,0.0,193343.9686024,193343.9686056,,,,,0,1,
2026-08-18T06:12:11.950+00:00,1787033531.9503508,193343.9689098,3.350933999987319,send_error,10,88,0,0,0.0,0.0,193343.9689071,,,,,,,0,robot_not_discovered
2026-08-18T06:12:12.002+00:00,1787033532.0029895,193344.0212012,3.4032253999903332,sent,2,86,-26,26,50.0,52.53280000761151,193343.9684472,193344.0209959,,,,,0,1,
2026-08-18T06:12:12.110+00:00,1787033532.110376,193344.1286833,3.510707499983255,send_error,1,89,0,0,0.0,0.0,193344.128673,,,,,,,0,robot_not_discovered
2026-08-18T06:12:12.116+00:00,1787033532.1163733,193344.1345012,3.516525399987586,queued,2,90,-26,26,50.0,,193344.134395,,,,,,,1,
2026-08-18T06:12:12.116+00:00,1787033532.1163733,193344.134907,3.5169311999925412,sent,3,91,0,0,0.0,0.0,193344.1345727,193344.1345762,,,,,0,1,
2026-08-18T06:12:12.116+00:00,1787033532.1163733,193344.1349527,3.5169768999912776,send_error,10,92,0,0,0.0,0.0,193344.134949,,,,,,,0,robot_not_discovered
2026-08-18T06:12:12.180+00:00,1787033532.1803901,193344.1982424,3.58026659997995,sent,2,90,-26,26,50.0,61.77269999170676,193344.134395,193344.1962469,,,,,0,1,
2026-08-18T06:12:12.263+00:00,1787033532.2631354,193344.281742,3.6637661999848206,send_error,1,93,0,0,0.0,0.0,193344.2817289,,,,,,,0,robot_not_discovered
2026-08-18T06:12:12.268+00:00,1787033532.26831,193344.2871418,3.6691660000069533,queued,2,94,-26,26,50.0,,193344.2869222,,,,,,,1,
2026-08-18T06:12:12.269+00:00,1787033532.2696593,193344.2881371,3.6701612999895588,sent,3,95,0,0,0.0,0.0,193344.2872117,193344.2872158,,,,,0,1,
2026-08-18T06:12:12.269+00:00,1787033532.2696593,193344.2882599,3.670284099993296,send_error,10,96,0,0,0.0,0.0,193344.2882556,,,,,,,0,robot_not_discovered
2026-08-18T06:12:12.330+00:00,1787033532.3308582,193344.348968,3.730992199998582,sent,2,94,-26,26,50.0,61.03439998696558,193344.2869222,193344.3480309,,,,,0,1,
2026-08-18T06:12:12.411+00:00,1787033532.4118602,193344.4304328,3.812456999992719,send_error,1,97,0,0,0.0,0.0,193344.4304218,,,,,,,0,robot_not_discovered
2026-08-18T06:12:12.418+00:00,1787033532.418492,193344.4368248,3.818849000002956,queued,2,98,-26,26,50.0,,193344.4367286,,,,,,,1,
2026-08-18T06:12:12.418+00:00,1787033532.418492,193344.4370519,3.8190760999859776,sent,3,99,0,0,0.0,0.0,193344.4368533,193344.4368564,,,,,0,1,
2026-08-18T06:12:12.418+00:00,1787033532.418492,193344.4370816,3.8191057999792974,send_error,10,100,0,0,0.0,0.0,193344.4370791,,,,,,,0,robot_not_discovered
2026-08-18T06:12:12.470+00:00,1787033532.470432,193344.4883868,3.8704109999816865,sent,2,98,-26,26,50.0,51.16020000423305,193344.4367286,193344.4879489,,,,,0,1,
2026-08-18T06:12:12.593+00:00,1787033532.593451,193344.6113851,3.9934092999901623,send_error,1,101,0,0,0.0,0.0,193344.6113448,,,,,,,0,robot_not_discovered
2026-08-18T06:12:12.596+00:00,1787033532.5969174,193344.6155653,3.997589499980677,queued,2,102,-26,26,50.0,,193344.6154783,,,,,,,1,
2026-08-18T06:12:12.596+00:00,1787033532.5969174,193344.6157699,3.9977940999960992,sent,3,103,0,0,0.0,0.0,193344.615596,193344.6155986,,,,,0,1,
2026-08-18T06:12:12.596+00:00,1787033532.5969174,193344.615797,3.997821199998725,send_error,10,104,0,0,0.0,0.0,193344.6157945,,,,,,,0,robot_not_discovered
2026-08-18T06:12:12.659+00:00,1787033532.6593673,193344.6774496,4.059473800007254,sent,2,102,-26,26,50.0,59.96949999826029,193344.6154783,193344.6755738,,,,,0,1,
2026-08-18T06:12:12.757+00:00,1787033532.7574046,193344.7754454,4.157469600002514,send_error,1,105,0,0,0.0,0.0,193344.7754358,,,,,,,0,robot_not_discovered
2026-08-18T06:12:12.761+00:00,1787033532.7616496,193344.7804975,4.162521699996432,queued,2,106,-26,26,50.0,,193344.7803653,,,,,,,1,
2026-08-18T06:12:12.761+00:00,1787033532.7616496,193344.7807043,4.162728499999503,sent,3,107,0,0,0.0,0.0,193344.7805278,193344.78053,,,,,0,1,
2026-08-18T06:12:12.761+00:00,1787033532.7616496,193344.7807429,4.162767100002384,send_error,10,108,0,0,0.0,0.0,193344.7807401,,,,,,,0,robot_not_discovered
2026-08-18T06:12:12.815+00:00,1787033532.8151033,193344.8333682,4.21539239998674,sent,2,106,-26,26,50.0,52.6677000161726,193344.7803653,193344.8330496,,,,,0,1,
2026-08-18T06:12:12.936+00:00,1787033532.9381585,193344.9559293,4.337953499983996,send_error,1,109,0,0,0.0,0.0,193344.9559173,,,,,,,0,robot_not_discovered
2026-08-18T06:12:12.947+00:00,1787033532.947164,193344.9653996,4.347423800005345,queued,2,110,26,-26,50.0,,193344.9650535,,,,,,,1,
2026-08-18T06:12:12.948+00:00,1787033532.9481654,193344.9662697,4.348293899995042,sent,3,111,0,0,0.0,0.0,193344.9654844,193344.9654888,,,,,0,1,
2026-08-18T06:12:12.948+00:00,1787033532.9481654,193344.9663299,4.348354099987773,send_error,10,112,0,0,0.0,0.0,193344.9663263,,,,,,,0,robot_not_discovered
2026-08-18T06:12:13.002+00:00,1787033533.0021768,193345.0201684,4.402192599984119,sent,2,110,26,-26,50.0,54.19510000501759,193344.9650535,193345.0193847,,,,,0,1,
2026-08-18T06:12:13.109+00:00,1787033533.109285,193345.1278977,4.509921899996698,send_error,1,113,0,0,0.0,0.0,193345.1278468,,,,,,,0,robot_not_discovered
2026-08-18T06:12:13.120+00:00,1787033533.1202838,193345.1388063,4.520830499997828,queued,2,114,-26,26,50.0,,193345.138538,,,,,,,1,
2026-08-18T06:12:13.120+00:00,1787033533.1202838,193345.1394844,4.521508599980734,sent,3,115,0,0,0.0,0.0,193345.138928,193345.1389385,,,,,0,1,
2026-08-18T06:12:13.120+00:00,1787033533.1202838,193345.1395386,4.521562799985986,send_error,10,116,0,0,0.0,0.0,193345.1395349,,,,,,,0,robot_not_discovered
2026-08-18T06:12:13.186+00:00,1787033533.1862986,193345.2041782,4.586202399979811,sent,2,114,-26,26,50.0,64.81879999046214,193345.138538,193345.2034255,,,,,0,1,
2026-08-18T06:12:13.267+00:00,1787033533.2675986,193345.2859447,4.667968900001142,send_error,1,117,0,0,0.0,0.0,193345.2859319,,,,,,,0,robot_not_discovered
2026-08-18T06:12:13.278+00:00,1787033533.2782996,193345.2966824,4.678706599981524,queued,2,118,-26,26,50.0,,193345.2965798,,,,,,,1,
2026-08-18T06:12:13.278+00:00,1787033533.2782996,193345.2969087,4.678932899987558,sent,3,119,0,0,0.0,0.0,193345.2967132,193345.2967168,,,,,0,1,
2026-08-18T06:12:13.278+00:00,1787033533.2782996,193345.2969524,4.678976600000169,send_error,10,120,0,0,0.0,0.0,193345.2969493,,,,,,,0,robot_not_discovered
2026-08-18T06:12:13.332+00:00,1787033533.3326344,193345.3510648,4.733088999986649,sent,2,118,-26,26,50.0,52.793200011365116,193345.2965798,193345.3495188,,,,,0,1,
2026-08-18T06:12:13.406+00:00,1787033533.4060867,193345.424486,4.80651019999641,send_error,1,121,0,0,0.0,0.0,193345.4244561,,,,,,,0,robot_not_discovered
2026-08-18T06:12:13.411+00:00,1787033533.411598,193345.4297991,4.81182329999865,queued,2,122,-26,26,50.0,,193345.429779,,,,,,,1,
2026-08-18T06:12:13.411+00:00,1787033533.411598,193345.4300612,4.812085399986245,sent,3,123,0,0,0.0,0.0,193345.4298247,193345.4298272,,,,,0,1,
2026-08-18T06:12:13.411+00:00,1787033533.411598,193345.4300972,4.812121399998432,send_error,10,124,0,0,0.0,0.0,193345.4300937,,,,,,,0,robot_not_discovered
2026-08-18T06:12:13.470+00:00,1787033533.4700246,193345.4888534,4.870877599983942,sent,2,122,-26,26,50.0,58.320999989518896,193345.429779,193345.4881635,,,,,0,1,
2026-08-18T06:12:13.549+00:00,1787033533.5493598,193345.5678632,4.949887399998261,send_error,1,125,0,0,0.0,0.0,193345.5678534,,,,,,,0,robot_not_discovered
2026-08-18T06:12:13.555+00:00,1787033533.555361,193345.573316,4.955340199987404,queued,2,126,31,38,50.0,,193345.5732457,,,,,,,1,
2026-08-18T06:12:13.555+00:00,1787033533.555361,193345.5735231,4.955547299992759,sent,3,127,0,0,0.0,0.0,193345.5733414,193345.5733443,,,,,0,1,
2026-08-18T06:12:13.555+00:00,1787033533.555361,193345.5735569,4.955581099988194,send_error,10,128,0,0,0.0,0.0,193345.5735542,,,,,,,0,robot_not_discovered
2026-08-18T06:12:13.608+00:00,1787033533.60856,193345.6266711,5.00869529999909,sent,2,126,31,38,50.0,53.228699980536476,193345.5732457,193345.626488,,,,,0,1,
2026-08-18T06:12:13.700+00:00,1787033533.7008395,193345.7193944,5.101418599981116,send_error,1,129,0,0,0.0,0.0,193345.7193697,,,,,,,0,robot_not_discovered
2026-08-18T06:12:13.708+00:00,1787033533.7084126,193345.7265697,5.108593899989501,queued,2,130,37,32,50.0,,193345.7264774,,,,,,,1,
2026-08-18T06:12:13.708+00:00,1787033533.7084126,193345.7268717,5.108895899989875,sent,3,131,0,0,0.0,0.0,193345.7266224,193345.7266255,,,,,0,1,
2026-08-18T06:12:13.708+00:00,1787033533.7084126,193345.7269135,5.108937699988019,send_error,10,132,0,0,0.0,0.0,193345.7269105,,,,,,,0,robot_not_discovered
2026-08-18T06:12:13.762+00:00,1787033533.7622917,193345.7803866,5.162410799995996,sent,2,130,37,32,50.0,53.701099997852,193345.7264774,193345.7801879,,,,,0,1,
2026-08-18T06:12:13.863+00:00,1787033533.8630717,193345.8812512,5.263275399978738,send_error,1,133,0,0,0.0,0.0,193345.8812352,,,,,,,0,robot_not_discovered
2026-08-18T06:12:13.868+00:00,1787033533.868316,193345.8873441,5.269368299981579,queued,2,134,36,33,50.0,,193345.8872489,,,,,,,1,
2026-08-18T06:12:13.869+00:00,1787033533.8697114,193345.8876404,5.269664599996759,sent,3,135,0,0,0.0,0.0,193345.8873716,193345.8873743,,,,,0,1,
2026-08-18T06:12:13.869+00:00,1787033533.8697114,193345.8876918,5.26971599998069,send_error,10,136,0,0,0.0,0.0,193345.8876739,,,,,,,0,robot_not_discovered
2026-08-18T06:12:13.936+00:00,1787033533.936676,193345.9554357,5.337459899979876,sent,2,134,36,33,50.0,65.9888000227511,193345.8872489,193345.953362,,,,,0,1,
2026-08-18T06:12:14.022+00:00,1787033534.0228844,193346.0407625,5.422786699986318,send_error,1,137,0,0,0.0,0.0,193346.0407531,,,,,,,0,robot_not_discovered
2026-08-18T06:12:14.028+00:00,1787033534.0283895,193346.0466793,5.428703499987023,queued,2,138,35,34,50.0,,193346.046539,,,,,,,1,
2026-08-18T06:12:14.028+00:00,1787033534.0283895,193346.046981,5.429005199985113,sent,3,139,0,0,0.0,0.0,193346.0467269,193346.04673,,,,,0,1,
2026-08-18T06:12:14.028+00:00,1787033534.0283895,193346.0470259,5.429050100006862,send_error,10,140,0,0,0.0,0.0,193346.0470227,,,,,,,0,robot_not_discovered
2026-08-18T06:12:14.090+00:00,1787033534.0903301,193346.1087303,5.490754500002367,sent,2,138,35,34,50.0,61.77289999322966,193346.046539,193346.1083357,,,,,0,1,
2026-08-18T06:12:14.166+00:00,1787033534.1662178,193346.1839816,5.566005800006678,send_error,1,141,0,0,0.0,0.0,193346.1839411,,,,,,,0,robot_not_discovered
2026-08-18T06:12:14.174+00:00,1787033534.1747496,193346.1926496,5.574673800001619,queued,2,142,36,33,50.0,,193346.1925263,,,,,,,1,
2026-08-18T06:12:14.174+00:00,1787033534.1747496,193346.1928881,5.574912299984135,sent,3,143,0,0,0.0,0.0,193346.1926843,193346.1926875,,,,,0,1,
2026-08-18T06:12:14.174+00:00,1787033534.1747496,193346.1929214,5.574945600004867,send_error,10,144,0,0,0.0,0.0,193346.1929186,,,,,,,0,robot_not_discovered
2026-08-18T06:12:14.237+00:00,1787033534.2370055,193346.2551585,5.637182699982077,sent,2,142,36,33,50.0,60.99659999017604,193346.1925263,193346.2536704,,,,,0,1,
2026-08-18T06:12:14.316+00:00,1787033534.3161025,193346.33473,5.716754199995194,send_error,1,145,0,0,0.0,0.0,193346.3347196,,,,,,,0,robot_not_discovered
2026-08-18T06:12:14.319+00:00,1787033534.3199172,193346.3381823,5.72020650000195,queued,2,146,36,33,50.0,,193346.3380709,,,,,,,1,
2026-08-18T06:12:14.319+00:00,1787033534.3199172,193346.3384473,5.720471499982523,sent,3,147,0,0,0.0,0.0,193346.3382216,193346.3382238,,,,,0,1,
2026-08-18T06:12:14.319+00:00,1787033534.3199172,193346.3384844,5.720508600003086,send_error,10,148,0,0,0.0,0.0,193346.3384814,,,,,,,0,robot_not_discovered
2026-08-18T06:12:14.374+00:00,1787033534.3748877,193346.3930128,5.775036999984877,sent,2,146,36,33,50.0,54.78219999349676,193346.3380709,193346.3928647,,,,,0,1,
2026-08-18T06:12:14.471+00:00,1787033534.4721134,193346.4898557,5.871879899990745,send_error,1,149,0,0,0.0,0.0,193346.4898449,,,,,,,0,robot_not_discovered
2026-08-18T06:12:14.477+00:00,1787033534.4771209,193346.4958361,5.877860299980966,queued,2,150,37,32,50.0,,193346.4956276,,,,,,,1,
2026-08-18T06:12:14.478+00:00,1787033534.4781218,193346.4962965,5.8783206999942195,sent,3,151,0,0,0.0,0.0,193346.4959608,193346.4959679,,,,,0,1,
2026-08-18T06:12:14.478+00:00,1787033534.4781218,193346.4963314,5.878355599998031,send_error,10,152,0,0,0.0,0.0,193346.4963281,,,,,,,0,robot_not_discovered
2026-08-18T06:12:14.541+00:00,1787033534.5411968,193346.5595403,5.941564499982633,sent,2,150,37,32,50.0,63.598600012483075,193346.4956276,193346.5592596,,,,,0,1,
2026-08-18T06:12:14.616+00:00,1787033534.616354,193346.6347981,6.016822300007334,send_error,1,153,0,0,0.0,0.0,193346.6347887,,,,,,,0,robot_not_discovered
2026-08-18T06:12:14.620+00:00,1787033534.6209846,193346.6395047,6.021528899989789,queued,2,154,37,32,50.0,,193346.63927,,,,,,,1,
2026-08-18T06:12:14.621+00:00,1787033534.6219842,193346.6400203,6.022044499986805,sent,3,155,0,0,0.0,0.0,193346.6395812,193346.6395882,,,,,0,1,
2026-08-18T06:12:14.621+00:00,1787033534.6219842,193346.6400558,6.022079999995185,send_error,10,156,0,0,0.0,0.0,193346.6400532,,,,,,,0,robot_not_discovered
2026-08-18T06:12:14.679+00:00,1787033534.6799605,193346.6986028,6.0806269999884535,sent,2,154,37,32,50.0,58.79569999524392,193346.63927,193346.6981043,,,,,0,1,
2026-08-18T06:12:14.760+00:00,1787033534.760906,193346.7786475,6.1606716999958735,send_error,1,157,0,0,0.0,0.0,193346.7785947,,,,,,,0,robot_not_discovered
2026-08-18T06:12:14.767+00:00,1787033534.7675085,193346.7853178,6.1673420000006445,queued,2,158,37,32,50.0,,193346.785019,,,,,,,1,
2026-08-18T06:12:14.768+00:00,1787033534.768517,193346.786341,6.1683651999919675,sent,3,159,0,0,0.0,0.0,193346.7854042,193346.7854175,,,,,0,1,
2026-08-18T06:12:14.768+00:00,1787033534.768517,193346.7864058,6.168429999990622,send_error,10,160,0,0,0.0,0.0,193346.7864009,,,,,,,0,robot_not_discovered
2026-08-18T06:12:14.833+00:00,1787033534.8334062,193346.851488,6.233512199978577,sent,2,158,37,32,50.0,65.6711999909021,193346.785019,193346.8507637,,,,,0,1,
2026-08-18T06:12:14.907+00:00,1787033534.9085648,193346.9262771,6.3083012999850325,send_error,1,161,0,0,0.0,0.0,193346.9262669,,,,,,,0,robot_not_discovered
2026-08-18T06:12:14.913+00:00,1787033534.9136176,193346.9322521,6.314276299992343,queued,2,162,36,33,50.0,,193346.932128,,,,,,,1,
2026-08-18T06:12:14.914+00:00,1787033534.914614,193346.9326548,6.314679000002798,sent,3,163,0,0,0.0,0.0,193346.9323113,193346.9323346,,,,,0,1,
2026-08-18T06:12:14.914+00:00,1787033534.914614,193346.9326869,6.3147110999852885,send_error,10,164,0,0,0.0,0.0,193346.9326842,,,,,,,0,robot_not_discovered
2026-08-18T06:12:14.968+00:00,1787033534.9689367,193346.9869922,6.369016399985412,sent,2,162,36,33,50.0,54.26920001627877,193346.932128,193346.9864449,,,,,0,1,
2026-08-18T06:12:15.070+00:00,1787033535.0708246,193347.0890667,6.4710908999841195,send_error,1,165,0,0,0.0,0.0,193347.0890568,,,,,,,0,robot_not_discovered
2026-08-18T06:12:15.075+00:00,1787033535.0758233,193347.0942033,6.476227499981178,queued,2,166,37,32,50.0,,193347.094135,,,,,,,1,
2026-08-18T06:12:15.075+00:00,1787033535.0758233,193347.0944337,6.476457899989327,sent,3,167,0,0,0.0,0.0,193347.0942471,193347.0942592,,,,,0,1,
2026-08-18T06:12:15.075+00:00,1787033535.0758233,193347.0944825,6.476506699982565,send_error,10,168,0,0,0.0,0.0,193347.0944782,,,,,,,0,robot_not_discovered
2026-08-18T06:12:15.140+00:00,1787033535.1401765,193347.1583497,6.540373900003033,sent,2,166,37,32,50.0,63.9456000062637,193347.094135,193347.1581312,,,,,0,1,
2026-08-18T06:12:15.215+00:00,1787033535.2156632,193347.2341948,6.616218999988632,send_error,1,169,0,0,0.0,0.0,193347.2341849,,,,,,,0,robot_not_discovered
2026-08-18T06:12:15.220+00:00,1787033535.220187,193347.2384954,6.620519599993713,queued,2,170,36,33,50.0,,193347.2384763,,,,,,,1,
2026-08-18T06:12:15.220+00:00,1787033535.220187,193347.2387861,6.620810299995355,sent,3,171,0,0,0.0,0.0,193347.2385298,193347.2385321,,,,,0,1,
2026-08-18T06:12:15.220+00:00,1787033535.220187,193347.2388223,6.620846499979962,send_error,10,172,0,0,0.0,0.0,193347.2388195,,,,,,,0,robot_not_discovered
2026-08-18T06:12:15.284+00:00,1787033535.2842307,193347.3022113,6.684235499997158,sent,2,170,36,33,50.0,62.72549999994226,193347.2384763,193347.3012656,,,,,0,1,
2026-08-18T06:12:15.354+00:00,1787033535.3547301,193347.3726439,6.754668099980336,send_error,1,173,0,0,0.0,0.0,193347.3726344,,,,,,,0,robot_not_discovered
2026-08-18T06:12:15.359+00:00,1787033535.3592587,193347.3774026,6.759426799981156,queued,2,174,37,32,50.0,,193347.3772805,,,,,,,1,
2026-08-18T06:12:15.359+00:00,1787033535.3592587,193347.3777305,6.759754700004123,sent,3,175,0,0,0.0,0.0,193347.3774602,193347.3774632,,,,,0,1,
2026-08-18T06:12:15.359+00:00,1787033535.3592587,193347.3777636,6.759787799994228,send_error,10,176,0,0,0.0,0.0,193347.377761,,,,,,,0,robot_not_discovered
2026-08-18T06:12:15.422+00:00,1787033535.4223962,193347.4409692,6.822993399982806,sent,2,174,37,32,50.0,63.17120001767762,193347.3772805,193347.4404932,,,,,0,1,
2026-08-18T06:12:15.501+00:00,1787033535.5019972,193347.5197487,6.901772899989737,send_error,1,177,0,0,0.0,0.0,193347.5197105,,,,,,,0,robot_not_discovered
2026-08-18T06:12:15.506+00:00,1787033535.5069964,193347.5249762,6.907000399980461,queued,2,178,36,33,50.0,,193347.5248684,,,,,,,1,
2026-08-18T06:12:15.506+00:00,1787033535.5069964,193347.5251697,6.907193899998674,sent,3,179,0,0,0.0,0.0,193347.5250079,193347.5250106,,,,,0,1,
2026-08-18T06:12:15.506+00:00,1787033535.5069964,193347.5252157,6.907239899999695,send_error,10,180,0,0,0.0,0.0,193347.5252129,,,,,,,0,robot_not_discovered
2026-08-18T06:12:15.560+00:00,1787033535.560143,193347.5782399,6.960264099994674,sent,2,178,36,33,50.0,53.095299983397126,193347.5248684,193347.5779764,,,,,0,1,
2026-08-18T06:12:15.646+00:00,1787033535.6467896,193347.6652362,7.047260399995139,send_error,1,181,0,0,0.0,0.0,193347.6652148,,,,,,,0,robot_not_discovered
2026-08-18T06:12:15.653+00:00,1787033535.6533148,193347.6716856,7.05370980000589,queued,2,182,35,34,50.0,,193347.671585,,,,,,,1,
2026-08-18T06:12:15.653+00:00,1787033535.6533148,193347.6719694,7.053993599984096,sent,3,183,0,0,0.0,0.0,193347.6717376,193347.6717411,,,,,0,1,
2026-08-18T06:12:15.653+00:00,1787033535.6533148,193347.6720117,7.054035899986047,send_error,10,184,0,0,0.0,0.0,193347.6720048,,,,,,,0,robot_not_discovered
2026-08-18T06:12:15.707+00:00,1787033535.707594,193347.7255806,7.107604799995897,sent,2,182,35,34,50.0,53.83699998492375,193347.671585,193347.7254346,,,,,0,1,
2026-08-18T06:12:15.795+00:00,1787033535.7957795,193347.8140154,7.19603960000677,send_error,1,185,0,0,0.0,0.0,193347.8140054,,,,,,,0,robot_not_discovered
2026-08-18T06:12:15.799+00:00,1787033535.7992866,193347.8175431,7.199567300005583,queued,2,186,34,35,50.0,,193347.8174564,,,,,,,1,
2026-08-18T06:12:15.799+00:00,1787033535.7992866,193347.8177437,7.1997678999905474,sent,3,187,0,0,0.0,0.0,193347.8175679,193347.8175702,,,,,0,1,
2026-08-18T06:12:15.799+00:00,1787033535.7992866,193347.8177724,7.199796600005357,send_error,10,188,0,0,0.0,0.0,193347.8177696,,,,,,,0,robot_not_discovered
2026-08-18T06:12:15.860+00:00,1787033535.8606071,193347.8786328,7.2606570000061765,sent,2,186,34,35,50.0,60.46300000161864,193347.8174564,193347.8779899,,,,,0,1,
2026-08-18T06:12:15.937+00:00,1787033535.9373002,193347.9554499,7.337474100000691,send_error,1,189,0,0,0.0,0.0,193347.9554401,,,,,,,0,robot_not_discovered
2026-08-18T06:12:15.943+00:00,1787033535.943656,193347.9617436,7.343767799990019,queued,2,190,31,38,50.0,,193347.9610705,,,,,,,1,
2026-08-18T06:12:15.943+00:00,1787033535.943656,193347.9621327,7.3441568999842275,sent,3,191,0,0,0.0,0.0,193347.9618187,193347.9618266,,,,,0,1,
2026-08-18T06:12:15.943+00:00,1787033535.943656,193347.9621881,7.344212299998617,send_error,10,192,0,0,0.0,0.0,193347.9621851,,,,,,,0,robot_not_discovered
2026-08-18T06:12:16.001+00:00,1787033536.0014327,193348.0195005,7.401524699991569,sent,2,190,31,38,50.0,57.51640000380576,193347.9610705,193348.0186205,,,,,0,1,
2026-08-18T06:12:16.096+00:00,1787033536.0968568,193348.1147346,7.496758799999952,send_error,1,193,0,0,0.0,0.0,193348.1147196,,,,,,,0,robot_not_discovered
2026-08-18T06:12:16.101+00:00,1787033536.1013923,193348.1197578,7.501782000006642,queued,2,194,35,34,50.0,,193348.1197366,,,,,,,1,
2026-08-18T06:12:16.102+00:00,1787033536.102391,193348.1201416,7.502165799989598,sent,3,195,0,0,0.0,0.0,193348.1197912,193348.1197939,,,,,0,1,
2026-08-18T06:12:16.102+00:00,1787033536.102391,193348.1201764,7.502200599992648,send_error,10,196,0,0,0.0,0.0,193348.1201739,,,,,,,0,robot_not_discovered
2026-08-18T06:12:16.156+00:00,1787033536.1567018,193348.1747599,7.556784099986544,sent,2,194,35,34,50.0,54.78179999045096,193348.1197366,193348.1745307,,,,,0,1,
2026-08-18T06:12:16.243+00:00,1787033536.2432387,193348.2616888,7.6437129999976605,send_error,1,197,0,0,0.0,0.0,193348.2616755,,,,,,,0,robot_not_discovered
2026-08-18T06:12:16.249+00:00,1787033536.2497857,193348.268172,7.6501962000038475,queued,2,198,33,36,50.0,,193348.2680416,,,,,,,1,
2026-08-18T06:12:16.249+00:00,1787033536.2497857,193348.2684531,7.650477299990598,sent,3,199,0,0,0.0,0.0,193348.2682,193348.2682026,,,,,0,1,
2026-08-18T06:12:16.250+00:00,1787033536.2507706,193348.2684962,7.650520399998641,send_error,10,200,0,0,0.0,0.0,193348.268493,,,,,,,0,robot_not_discovered
2026-08-18T06:12:16.311+00:00,1787033536.3117151,193348.3300753,7.712099500000477,sent,2,198,33,36,50.0,61.15140000474639,193348.2680416,193348.329276,,,,,0,1,
2026-08-18T06:12:16.398+00:00,1787033536.3989422,193348.4166848,7.798708999995142,send_error,1,201,0,0,0.0,0.0,193348.4166409,,,,,,,0,robot_not_discovered
2026-08-18T06:12:16.402+00:00,1787033536.4029422,193348.4208361,7.802860299998429,queued,2,202,33,36,50.0,,193348.4207242,,,,,,,1,
2026-08-18T06:12:16.402+00:00,1787033536.4029422,193348.4210004,7.803024599998025,sent,3,203,0,0,0.0,0.0,193348.4208787,193348.4208816,,,,,0,1,
2026-08-18T06:12:16.402+00:00,1787033536.4029422,193348.4210281,7.80305230000522,send_error,10,204,0,0,0.0,0.0,193348.4210254,,,,,,,0,robot_not_discovered
2026-08-18T06:12:16.458+00:00,1787033536.4584963,193348.4762246,7.858248799981084,sent,2,202,33,36,50.0,54.934100015088916,193348.4207242,193348.4756963,,,,,0,1,
2026-08-18T06:12:16.554+00:00,1787033536.5544882,193348.5729072,7.954931399988709,send_error,1,205,0,0,0.0,0.0,193348.5728289,,,,,,,0,robot_not_discovered
2026-08-18T06:12:16.562+00:00,1787033536.5629988,193348.5808759,7.962900099984836,queued,2,206,31,38,50.0,,193348.580857,,,,,,,1,
2026-08-18T06:12:16.562+00:00,1787033536.5629988,193348.5812225,7.9632467000046745,sent,3,207,0,0,0.0,0.0,193348.5809002,193348.580903,,,,,0,1,
2026-08-18T06:12:16.562+00:00,1787033536.5629988,193348.5812657,7.963289899984375,send_error,10,208,0,0,0.0,0.0,193348.5812629,,,,,,,0,robot_not_discovered
2026-08-18T06:12:16.626+00:00,1787033536.6269486,193348.6447474,8.026771599979838,sent,2,206,31,38,50.0,63.25609999476001,193348.580857,193348.6441735,,,,,0,1,
2026-08-18T06:12:16.717+00:00,1787033536.7173238,193348.7353781,8.117402300005779,send_error,1,209,0,0,0.0,0.0,193348.7353552,,,,,,,0,robot_not_discovered
2026-08-18T06:12:16.722+00:00,1787033536.7224212,193348.740664,8.122688200004632,queued,2,210,33,36,50.0,,193348.7405504,,,,,,,1,
2026-08-18T06:12:16.722+00:00,1787033536.7224212,193348.7409621,8.122986300004413,sent,3,211,0,0,0.0,0.0,193348.7407166,193348.7407192,,,,,0,1,
2026-08-18T06:12:16.722+00:00,1787033536.7224212,193348.7409979,8.123022099985974,send_error,10,212,0,0,0.0,0.0,193348.7409951,,,,,,,0,robot_not_discovered
2026-08-18T06:12:16.781+00:00,1787033536.7812939,193348.7997812,8.181805400003213,sent,2,210,33,36,50.0,57.96230002306402,193348.7405504,193348.7985978,,,,,0,1,
2026-08-18T06:12:16.887+00:00,1787033536.8870862,193348.9055207,8.287544899998466,send_error,1,213,0,0,0.0,0.0,193348.9055085,,,,,,,0,robot_not_discovered
2026-08-18T06:12:16.898+00:00,1787033536.8986542,193348.9165366,8.298560800001724,queued,2,214,33,36,50.0,,193348.9162309,,,,,,,1,
2026-08-18T06:12:16.899+00:00,1787033536.899158,193348.9175546,8.299578799982555,sent,3,215,0,0,0.0,0.0,193348.9166458,193348.9166516,,,,,0,1,
2026-08-18T06:12:16.899+00:00,1787033536.899158,193348.9176656,8.299689799983753,send_error,10,216,0,0,0.0,0.0,193348.9176583,,,,,,,0,robot_not_discovered
2026-08-18T06:12:16.952+00:00,1787033536.9520736,193348.9703972,8.352421399991727,sent,2,214,33,36,50.0,53.52200000197627,193348.9162309,193348.9698027,,,,,0,1,
2026-08-18T06:12:17.063+00:00,1787033537.0636504,193349.0820912,8.464115399983712,send_error,1,217,0,0,0.0,0.0,193349.0820703,,,,,,,0,robot_not_discovered
2026-08-18T06:12:17.070+00:00,1787033537.0706422,193349.0883604,8.470384599990211,queued,2,218,34,35,50.0,,193349.0882352,,,,,,,1,
2026-08-18T06:12:17.070+00:00,1787033537.0706422,193349.0885436,8.470567799988203,sent,3,219,0,0,0.0,0.0,193349.0883894,193349.0883926,,,,,0,1,
2026-08-18T06:12:17.070+00:00,1787033537.0706422,193349.0885818,8.470605999988038,send_error,10,220,0,0,0.0,0.0,193349.0885788,,,,,,,0,robot_not_discovered
2026-08-18T06:12:17.130+00:00,1787033537.1303134,193349.1481348,8.53015899998718,sent,2,218,34,35,50.0,57.999699987703934,193349.0882352,193349.1464155,,,,,0,1,
2026-08-18T06:12:17.215+00:00,1787033537.2155712,193349.2333054,8.615329599997494,send_error,1,221,0,0,0.0,0.0,193349.2332937,,,,,,,0,robot_not_discovered
2026-08-18T06:12:17.219+00:00,1787033537.2190902,193349.2376609,8.619685099984054,queued,2,222,35,34,50.0,,193349.2375604,,,,,,,1,
2026-08-18T06:12:17.220+00:00,1787033537.2200909,193349.2379218,8.619945999991614,sent,3,223,0,0,0.0,0.0,193349.2376973,193349.2376998,,,,,0,1,
2026-08-18T06:12:17.220+00:00,1787033537.2200909,193349.2379552,8.619979399984004,send_error,10,224,0,0,0.0,0.0,193349.2379523,,,,,,,0,robot_not_discovered
2026-08-18T06:12:17.284+00:00,1787033537.2842257,193349.3027301,8.684754299989436,sent,2,222,35,34,50.0,64.50589999440126,193349.2375604,193349.3021098,,,,,0,1,
2026-08-18T06:12:17.359+00:00,1787033537.359281,193349.3777506,8.759774799982551,send_error,1,225,0,0,0.0,0.0,193349.3777397,,,,,,,0,robot_not_discovered
2026-08-18T06:12:17.363+00:00,1787033537.3632815,193349.3818567,8.763880899990909,queued,2,226,34,35,50.0,,193349.3816919,,,,,,,1,
2026-08-18T06:12:17.364+00:00,1787033537.3642948,193349.3825269,8.764551100000972,sent,3,227,0,0,0.0,0.0,193349.3819005,193349.381904,,,,,0,1,
2026-08-18T06:12:17.364+00:00,1787033537.3642948,193349.382594,8.764618199988035,send_error,10,228,0,0,0.0,0.0,193349.3825868,,,,,,,0,robot_not_discovered
2026-08-18T06:12:17.423+00:00,1787033537.423378,193349.4416716,8.823695800005225,sent,2,226,34,35,50.0,59.64190000668168,193349.3816919,193349.4413506,,,,,0,1,
2026-08-18T06:12:17.501+00:00,1787033537.5013554,193349.5195107,8.901534899981925,send_error,1,229,0,0,0.0,0.0,193349.5194681,,,,,,,0,robot_not_discovered
2026-08-18T06:12:17.509+00:00,1787033537.5098598,193349.5276978,8.909721999982139,queued,2,230,35,34,50.0,,193349.5273605,,,,,,,1,
2026-08-18T06:12:17.509+00:00,1787033537.5098598,193349.5283475,8.910371699981624,sent,3,231,0,0,0.0,0.0,193349.5278185,193349.5278311,,,,,0,1,
2026-08-18T06:12:17.509+00:00,1787033537.5098598,193349.528433,8.91045719999238,send_error,10,232,0,0,0.0,0.0,193349.5284283,,,,,,,0,robot_not_discovered
2026-08-18T06:12:17.563+00:00,1787033537.5634058,193349.5814308,8.963454999990063,sent,2,230,35,34,50.0,53.843799978494644,193349.5273605,193349.5812166,,,,,0,1,
2026-08-18T06:12:17.653+00:00,1787033537.653315,193349.6710254,9.05304959998466,send_error,1,233,0,0,0.0,0.0,193349.6710151,,,,,,,0,robot_not_discovered
2026-08-18T06:12:17.658+00:00,1787033537.658318,193349.6763637,9.058387900004163,queued,2,234,35,34,50.0,,193349.6762448,,,,,,,1,
2026-08-18T06:12:17.658+00:00,1787033537.658318,193349.6766333,9.058657499990659,sent,3,235,0,0,0.0,0.0,193349.6764149,193349.6764173,,,,,0,1,
2026-08-18T06:12:17.658+00:00,1787033537.658318,193349.6766687,9.058692899998277,send_error,10,236,0,0,0.0,0.0,193349.6766659,,,,,,,0,robot_not_discovered
2026-08-18T06:12:17.719+00:00,1787033537.7197855,193349.7379435,9.119967699982226,sent,2,234,35,34,50.0,60.25399998179637,193349.6762448,193349.7365574,,,,,0,1,
2026-08-18T06:12:17.792+00:00,1787033537.7925344,193349.8104299,9.192454100004397,send_error,1,237,0,0,0.0,0.0,193349.8104196,,,,,,,0,robot_not_discovered
2026-08-18T06:12:17.797+00:00,1787033537.7975347,193349.8159037,9.197927899978822,queued,2,238,34,35,50.0,,193349.8157764,,,,,,,1,
2026-08-18T06:12:17.797+00:00,1787033537.7975347,193349.8161343,9.198158499988494,sent,3,239,0,0,0.0,0.0,193349.8159413,193349.8159442,,,,,0,1,
2026-08-18T06:12:17.797+00:00,1787033537.7975347,193349.8161712,9.198195399978431,send_error,10,240,0,0,0.0,0.0,193349.8161683,,,,,,,0,robot_not_discovered
2026-08-18T06:12:17.864+00:00,1787033537.8641343,193349.8818521,9.263876299984986,sent,2,238,34,35,50.0,65.32769999466836,193349.8157764,193349.8811602,,,,,0,1,
2026-08-18T06:12:17.939+00:00,1787033537.9394195,193349.9574244,9.339448599988827,send_error,1,241,0,0,0.0,0.0,193349.957394,,,,,,,0,robot_not_discovered
2026-08-18T06:12:17.945+00:00,1787033537.9454193,193349.9639994,9.346023599995533,queued,2,242,35,34,50.0,,193349.9639799,,,,,,,1,
2026-08-18T06:12:17.947+00:00,1787033537.9474227,193349.9656755,9.347699699981604,sent,3,243,0,0,0.0,0.0,193349.964049,193349.9640537,,,,,0,1,
2026-08-18T06:12:17.947+00:00,1787033537.9474227,193349.9658502,9.347874400002183,send_error,10,244,0,0,0.0,0.0,193349.9658447,,,,,,,0,robot_not_discovered
2026-08-18T06:12:18.001+00:00,1787033538.0012994,193350.0192099,9.401234099990688,sent,2,242,35,34,50.0,55.063000007066876,193349.9639799,193350.0190558,,,,,0,1,
2026-08-18T06:12:18.102+00:00,1787033538.1020522,193350.1202957,9.502319899998838,send_error,1,245,0,0,0.0,0.0,193350.1202523,,,,,,,0,robot_not_discovered
2026-08-18T06:12:18.109+00:00,1787033538.1095726,193350.1272358,9.509259999991627,queued,2,246,35,34,50.0,,193350.1271296,,,,,,,1,
2026-08-18T06:12:18.109+00:00,1787033538.1095726,193350.1275164,9.509540600003675,sent,3,247,0,0,0.0,0.0,193350.1273153,193350.1273182,,,,,0,1,
2026-08-18T06:12:18.109+00:00,1787033538.1095726,193350.1275533,9.509577499993611,send_error,10,248,0,0,0.0,0.0,193350.1275503,,,,,,,0,robot_not_discovered
2026-08-18T06:12:18.173+00:00,1787033538.1738498,193350.1924238,9.574447999999393,sent,2,246,35,34,50.0,64.24159999005497,193350.1271296,193350.1915331,,,,,0,1,
2026-08-18T06:12:18.249+00:00,1787033538.2496808,193350.2673554,9.649379599984968,send_error,1,249,0,0,0.0,0.0,193350.2673417,,,,,,,0,robot_not_discovered
2026-08-18T06:12:18.255+00:00,1787033538.2556818,193350.2741957,9.656219900003634,queued,2,250,36,33,50.0,,193350.2740928,,,,,,,1,
2026-08-18T06:12:18.256+00:00,1787033538.2566843,193350.2744667,9.65649090000079,sent,3,251,0,0,0.0,0.0,193350.2742391,193350.274242,,,,,0,1,
2026-08-18T06:12:18.256+00:00,1787033538.2566843,193350.2744998,9.656523999990895,send_error,10,252,0,0,0.0,0.0,193350.274497,,,,,,,0,robot_not_discovered
2026-08-18T06:12:18.313+00:00,1787033538.3135786,193350.331767,9.713791199988918,sent,2,250,36,33,50.0,57.36479998449795,193350.2740928,193350.3314817,,,,,0,1,
2026-08-18T06:12:18.385+00:00,1787033538.385834,193350.4043426,9.78636679999181,send_error,1,253,0,0,0.0,0.0,193350.4043328,,,,,,,0,robot_not_discovered
2026-08-18T06:12:18.389+00:00,1787033538.3894093,193350.4079076,9.789931799983606,queued,2,254,36,33,50.0,,193350.4078207,,,,,,,1,
2026-08-18T06:12:18.389+00:00,1787033538.3894093,193350.4080994,9.790123599988874,sent,3,255,0,0,0.0,0.0,193350.4079408,193350.4079433,,,,,0,1,
2026-08-18T06:12:18.390+00:00,1787033538.3904662,193350.4081247,9.790148900006898,send_error,10,256,0,0,0.0,0.0,193350.4081224,,,,,,,0,robot_not_discovered
2026-08-18T06:12:18.456+00:00,1787033538.4561923,193350.4744068,9.856430999992881,sent,2,254,36,33,50.0,65.42369999806397,193350.4078207,193350.4733139,,,,,0,1,
2026-08-18T06:12:18.533+00:00,1787033538.5335686,193350.5514012,9.933425399998669,send_error,1,257,0,0,0.0,0.0,193350.55137,,,,,,,0,robot_not_discovered
2026-08-18T06:12:18.537+00:00,1787033538.5375032,193350.5554389,9.93746309998096,queued,2,258,35,34,50.0,,193350.5552683,,,,,,,1,
2026-08-18T06:12:18.537+00:00,1787033538.5375032,193350.5559149,9.937939099996584,sent,3,259,0,0,0.0,0.0,193350.555487,193350.5554916,,,,,0,1,
2026-08-18T06:12:18.537+00:00,1787033538.5375032,193350.5559885,9.938012700004037,send_error,10,260,0,0,0.0,0.0,193350.5559815,,,,,,,0,robot_not_discovered
2026-08-18T06:12:18.593+00:00,1787033538.5938787,193350.6119603,9.993984500004444,sent,2,258,35,34,50.0,56.411300000036135,193350.5552683,193350.6116938,,,,,0,1,
2026-08-18T06:12:18.687+00:00,1787033538.6874146,193350.7055289,10.087553099991055,send_error,1,261,0,0,0.0,0.0,193350.705517,,,,,,,0,robot_not_discovered
2026-08-18T06:12:18.694+00:00,1787033538.6940136,193350.7118169,10.093841099995188,queued,2,262,34,35,50.0,,193350.7116704,,,,,,,1,
2026-08-18T06:12:18.694+00:00,1787033538.6940136,193350.7121057,10.094129899982363,sent,3,263,0,0,0.0,0.0,193350.7118593,193350.711862,,,,,0,1,
2026-08-18T06:12:18.694+00:00,1787033538.6940136,193350.7121392,10.094163400004618,send_error,10,264,0,0,0.0,0.0,193350.7121364,,,,,,,0,robot_not_discovered
2026-08-18T06:12:18.749+00:00,1787033538.7494454,193350.7673548,10.1493789999804,sent,2,262,34,35,50.0,55.50849999417551,193350.7116704,193350.7671895,,,,,0,1,
2026-08-18T06:12:18.838+00:00,1787033538.8388205,193350.8569467,10.238970899983542,send_error,1,265,0,0,0.0,0.0,193350.8568938,,,,,,,0,robot_not_discovered
2026-08-18T06:12:18.846+00:00,1787033538.8468273,193350.8647522,10.246776399988448,queued,2,266,33,36,50.0,,193350.864547,,,,,,,1,
2026-08-18T06:12:18.846+00:00,1787033538.8468273,193350.8653019,10.247326099983184,sent,3,267,0,0,0.0,0.0,193350.8648253,193350.8648365,,,,,0,1,
2026-08-18T06:12:18.846+00:00,1787033538.8468273,193350.8653431,10.247367300005862,send_error,10,268,0,0,0.0,0.0,193350.8653398,,,,,,,0,robot_not_discovered
2026-08-18T06:12:18.899+00:00,1787033538.899669,193350.9172869,10.299311099981423,sent,2,266,33,36,50.0,51.4885000011418,193350.864547,193350.9161117,,,,,0,1,
2026-08-18T06:12:18.979+00:00,1787033538.9796019,193350.9981444,10.380168599978788,send_error,1,269,0,0,0.0,0.0,193350.9981328,,,,,,,0,robot_not_discovered
2026-08-18T06:12:18.986+00:00,1787033538.9866116,193351.0049721,10.386996299988823,queued,2,270,33,36,50.0,,193351.0048401,,,,,,,1,
2026-08-18T06:12:18.987+00:00,1787033538.9876027,193351.0052978,10.387321999995038,sent,3,271,0,0,0.0,0.0,193351.0050388,193351.0050433,,,,,0,1,
2026-08-18T06:12:18.987+00:00,1787033538.9876027,193351.0053351,10.38735929998802,send_error,10,272,0,0,0.0,0.0,193351.0053317,,,,,,,0,robot_not_discovered
2026-08-18T06:12:19.048+00:00,1787033539.0488791,193351.0670829,10.449107099993853,sent,2,270,33,36,50.0,61.53519998770207,193351.0048401,193351.0664182,,,,,0,1,
2026-08-18T06:12:19.127+00:00,1787033539.127456,193351.1452263,10.52725049998844,send_error,1,273,0,0,0.0,0.0,193351.14519,,,,,,,0,robot_not_discovered
2026-08-18T06:12:19.132+00:00,1787033539.1329129,193351.1512364,10.533260600001086,queued,2,274,32,37,50.0,,193351.1511239,,,,,,,1,
2026-08-18T06:12:19.133+00:00,1787033539.133911,193351.1519578,10.533981999993557,sent,3,275,0,0,0.0,0.0,193351.1512784,193351.1512825,,,,,0,1,
2026-08-18T06:12:19.133+00:00,1787033539.133911,193351.15205,10.534074199997121,send_error,10,276,0,0,0.0,0.0,193351.1520465,,,,,,,0,robot_not_discovered
2026-08-18T06:12:19.187+00:00,1787033539.1875074,193351.2054612,10.587485399999423,sent,2,274,32,37,50.0,54.105999995954335,193351.1511239,193351.2052406,,,,,0,1,
2026-08-18T06:12:19.277+00:00,1787033539.2772543,193351.2951533,10.677177499979734,send_error,1,277,0,0,0.0,0.0,193351.2951345,,,,,,,0,robot_not_discovered
2026-08-18T06:12:19.282+00:00,1787033539.2826476,193351.3005369,10.682561099994928,queued,2,278,32,37,50.0,,193351.3003377,,,,,,,1,
2026-08-18T06:12:19.282+00:00,1787033539.2826476,193351.3008962,10.682920399995055,sent,3,279,0,0,0.0,0.0,193351.3005763,193351.3005793,,,,,0,1,
2026-08-18T06:12:19.282+00:00,1787033539.2826476,193351.3009321,10.68295630000648,send_error,10,280,0,0,0.0,0.0,193351.3009289,,,,,,,0,robot_not_discovered
2026-08-18T06:12:19.344+00:00,1787033539.3442993,193351.3620952,10.744119399983902,sent,2,278,32,37,50.0,61.10280001303181,193351.3003377,193351.3615195,,,,,0,1,
2026-08-18T06:12:19.414+00:00,1787033539.414945,193351.4334327,10.81545689998893,send_error,1,281,0,0,0.0,0.0,193351.4334215,,,,,,,0,robot_not_discovered
2026-08-18T06:12:19.419+00:00,1787033539.4194548,193351.4379799,10.820004099979997,queued,2,282,32,37,50.0,,193351.4378326,,,,,,,1,
2026-08-18T06:12:19.420+00:00,1787033539.4204478,193351.4382586,10.82028280000668,sent,3,283,0,0,0.0,0.0,193351.4380184,193351.4380219,,,,,0,1,
2026-08-18T06:12:19.420+00:00,1787033539.4204478,193351.4382938,10.820317999983672,send_error,10,284,0,0,0.0,0.0,193351.438291,,,,,,,0,robot_not_discovered
2026-08-18T06:12:19.483+00:00,1787033539.483417,193351.5016025,10.883626700000605,sent,2,282,32,37,50.0,62.570200010668486,193351.4378326,193351.5004755,,,,,0,1,
2026-08-18T06:12:19.559+00:00,1787033539.5592842,193351.5772131,10.959237300005043,send_error,1,285,0,0,0.0,0.0,193351.5771911,,,,,,,0,robot_not_discovered
2026-08-18T06:12:19.562+00:00,1787033539.562979,193351.5810811,10.963105300004827,queued,2,286,32,37,50.0,,193351.580993,,,,,,,1,
2026-08-18T06:12:19.562+00:00,1787033539.562979,193351.5812723,10.963296500005526,sent,3,287,0,0,0.0,0.0,193351.5811111,193351.5811143,,,,,0,1,
2026-08-18T06:12:19.562+00:00,1787033539.562979,193351.5813002,10.96332439998514,send_error,10,288,0,0,0.0,0.0,193351.5812978,,,,,,,0,robot_not_discovered
2026-08-18T06:12:19.628+00:00,1787033539.628319,193351.646879,11.028903200000059,sent,2,286,32,37,50.0,65.33119999221526,193351.580993,193351.646387,,,,,0,1,
2026-08-18T06:12:19.700+00:00,1787033539.7005646,193351.7183013,11.100325499981409,send_error,1,289,0,0,0.0,0.0,193351.7182811,,,,,,,0,robot_not_discovered
2026-08-18T06:12:19.706+00:00,1787033539.7065766,193351.7249456,11.10696979999193,queued,2,290,32,37,50.0,,193351.7248166,,,,,,,1,
2026-08-18T06:12:19.706+00:00,1787033539.7065766,193351.725166,11.107190199982142,sent,3,291,0,0,0.0,0.0,193351.725015,193351.7250178,,,,,0,1,
2026-08-18T06:12:19.707+00:00,1787033539.7075675,193351.7251998,11.107224000006681,send_error,10,292,0,0,0.0,0.0,193351.725197,,,,,,,0,robot_not_discovered
2026-08-18T06:12:19.769+00:00,1787033539.7696702,193351.7876715,11.169695699994918,sent,2,290,32,37,50.0,62.05579999368638,193351.7248166,193351.7869492,,,,,0,1,
2026-08-18T06:12:19.845+00:00,1787033539.8458061,193351.8642608,11.24628500000108,send_error,1,293,0,0,0.0,0.0,193351.8642514,,,,,,,0,robot_not_discovered
2026-08-18T06:12:19.851+00:00,1787033539.8513834,193351.8699098,11.251933999999892,queued,2,294,30,39,50.0,,193351.8696035,,,,,,,1,
2026-08-18T06:12:19.852+00:00,1787033539.8523805,193351.8705773,11.252601499989396,sent,3,295,0,0,0.0,0.0,193351.8700322,193351.8700465,,,,,0,1,
2026-08-18T06:12:19.852+00:00,1787033539.8523805,193351.8706167,11.252640899998369,send_error,10,296,0,0,0.0,0.0,193351.8706135,,,,,,,0,robot_not_discovered
2026-08-18T06:12:19.907+00:00,1787033539.9076054,193351.9257561,11.307780300005106,sent,2,294,30,39,50.0,55.75999998836778,193351.8696035,193351.9253773,,,,,0,1,
2026-08-18T06:12:20.001+00:00,1787033540.0016682,193352.0197745,11.401798699982464,send_error,1,297,0,0,0.0,0.0,193352.0197191,,,,,,,0,robot_not_discovered
2026-08-18T06:12:20.012+00:00,1787033540.0127995,193352.0306394,11.412663600000087,queued,2,298,29,40,50.0,,193352.0304171,,,,,,,1,
2026-08-18T06:12:20.013+00:00,1787033540.013802,193352.0314924,11.413516600005096,sent,3,299,0,0,0.0,0.0,193352.0307242,193352.0307371,,,,,0,1,
2026-08-18T06:12:20.013+00:00,1787033540.013802,193352.0315775,11.413601699983701,send_error,10,300,0,0,0.0,0.0,193352.031573,,,,,,,0,robot_not_discovered
2026-08-18T06:12:20.064+00:00,1787033540.0642796,193352.0822345,11.464258699998027,sent,2,298,29,40,50.0,51.539899985073134,193352.0304171,193352.0819705,,,,,0,1,
2026-08-18T06:12:20.155+00:00,1787033540.1554635,193352.1732644,11.555288599978667,send_error,1,301,0,0,0.0,0.0,193352.1732345,,,,,,,0,robot_not_discovered
2026-08-18T06:12:20.160+00:00,1787033540.1601744,193352.1779982,11.560022399993613,queued,2,302,31,38,50.0,,193352.1778673,,,,,,,1,
2026-08-18T06:12:20.160+00:00,1787033540.1601744,193352.1783427,11.560366899997462,sent,3,303,0,0,0.0,0.0,193352.1780394,193352.1780538,,,,,0,1,
2026-08-18T06:12:20.160+00:00,1787033540.1601744,193352.1783759,11.560400099988328,send_error,10,304,0,0,0.0,0.0,193352.1783721,,,,,,,0,robot_not_discovered
2026-08-18T06:12:20.220+00:00,1787033540.220149,193352.2378675,11.619891699985601,sent,2,302,31,38,50.0,59.00320000364445,193352.1778673,193352.236939,,,,,0,1,
2026-08-18T06:12:20.303+00:00,1787033540.3036935,193352.3222199,11.704244099993957,send_error,1,305,0,0,0.0,0.0,193352.3221827,,,,,,,0,robot_not_discovered
2026-08-18T06:12:20.316+00:00,1787033540.3169587,193352.3358748,11.717898999981117,queued,2,306,30,39,50.0,,193352.3357298,,,,,,,1,
2026-08-18T06:12:20.318+00:00,1787033540.3184779,193352.3361872,11.718211400002474,sent,3,307,0,0,0.0,0.0,193352.3359239,193352.335927,,,,,0,1,
2026-08-18T06:12:20.318+00:00,1787033540.3184779,193352.3362318,11.718255999992834,send_error,10,308,0,0,0.0,0.0,193352.3362289,,,,,,,0,robot_not_discovered
2026-08-18T06:12:20.376+00:00,1787033540.3763597,193352.3939232,11.7759473999904,sent,2,306,30,39,50.0,56.97500001406297,193352.3357298,193352.3927908,,,,,0,1,
2026-08-18T06:12:20.466+00:00,1787033540.4665675,193352.4844648,11.866489000007277,send_error,1,309,0,0,0.0,0.0,193352.4844548,,,,,,,0,robot_not_discovered
2026-08-18T06:12:20.478+00:00,1787033540.4788258,193352.496611,11.878635200002464,queued,2,310,31,38,50.0,,193352.4965933,,,,,,,1,
2026-08-18T06:12:20.478+00:00,1787033540.4788258,193352.496971,11.878995199978817,sent,3,311,0,0,0.0,0.0,193352.4966559,193352.4966586,,,,,0,1,
2026-08-18T06:12:20.478+00:00,1787033540.4788258,193352.497012,11.879036199999973,send_error,10,312,0,0,0.0,0.0,193352.4970087,,,,,,,0,robot_not_discovered
2026-08-18T06:12:20.529+00:00,1787033540.5297992,193352.5479463,11.929970500001218,sent,2,310,31,38,50.0,50.98749999888241,193352.4965933,193352.5475986,,,,,0,1,
2026-08-18T06:12:20.632+00:00,1787033540.6327064,193352.6510114,12.03303560000495,send_error,1,313,0,0,0.0,0.0,193352.6509957,,,,,,,0,robot_not_discovered
2026-08-18T06:12:20.639+00:00,1787033540.6392205,193352.6573537,12.039377899985993,queued,2,314,33,36,50.0,,193352.6567312,,,,,,,1,
2026-08-18T06:12:20.639+00:00,1787033540.6392205,193352.6575798,12.039603999990504,sent,3,315,0,0,0.0,0.0,193352.6574241,193352.6574292,,,,,0,1,
2026-08-18T06:12:20.639+00:00,1787033540.6392205,193352.6576139,12.039638099988224,send_error,10,316,0,0,0.0,0.0,193352.657611,,,,,,,0,robot_not_discovered
2026-08-18T06:12:20.702+00:00,1787033540.7020519,193352.72041,12.10243420000188,sent,2,314,33,36,50.0,62.77260000933893,193352.6567312,193352.7196047,,,,,0,1,
2026-08-18T06:12:20.785+00:00,1787033540.7853653,193352.8032591,12.185283300001174,send_error,1,317,0,0,0.0,0.0,193352.803249,,,,,,,0,robot_not_discovered
2026-08-18T06:12:20.795+00:00,1787033540.7950628,193352.8129081,12.194932299986249,queued,2,318,33,36,50.0,,193352.8125663,,,,,,,1,
2026-08-18T06:12:20.796+00:00,1787033540.796068,193352.8141137,12.196137899998575,sent,3,319,0,0,0.0,0.0,193352.8131334,193352.8131698,,,,,0,1,
2026-08-18T06:12:20.796+00:00,1787033540.796068,193352.8141627,12.196186899993336,send_error,10,320,0,0,0.0,0.0,193352.8141596,,,,,,,0,robot_not_discovered
2026-08-18T06:12:20.859+00:00,1787033540.8593297,193352.8776535,12.259677699999884,sent,2,318,33,36,50.0,62.9402999766171,193352.8125663,193352.8756425,,,,,0,1,
2026-08-18T06:12:20.955+00:00,1787033540.955015,193352.9728056,12.35482979999506,send_error,1,321,0,0,0.0,0.0,193352.9727922,,,,,,,0,robot_not_discovered
2026-08-18T06:12:20.963+00:00,1787033540.963608,193352.9818215,12.363845699990634,queued,2,322,32,37,50.0,,193352.9816699,,,,,,,1,
2026-08-18T06:12:20.964+00:00,1787033540.964608,193352.9822031,12.364227299985941,sent,3,323,0,0,0.0,0.0,193352.9818728,193352.9818763,,,,,0,1,
2026-08-18T06:12:20.964+00:00,1787033540.964608,193352.9822824,12.36430659997859,send_error,10,324,0,0,0.0,0.0,193352.9822795,,,,,,,0,robot_not_discovered
2026-08-18T06:12:21.032+00:00,1787033541.0322459,193353.0497949,12.431819099991117,sent,2,322,32,37,50.0,66.50119999540038,193352.9816699,193353.0482527,,,,,0,1,
2026-08-18T06:12:21.143+00:00,1787033541.143663,193353.161376,12.54340019999654,send_error,1,325,0,0,0.0,0.0,193353.161356,,,,,,,0,robot_not_discovered
2026-08-18T06:12:21.153+00:00,1787033541.1531613,193353.1707624,12.552786599990213,queued,2,326,33,36,50.0,,193353.1706541,,,,,,,1,
2026-08-18T06:12:21.153+00:00,1787033541.1531613,193353.1710182,12.553042399988044,sent,3,327,0,0,0.0,0.0,193353.170791,193353.1707939,,,,,0,1,
2026-08-18T06:12:21.153+00:00,1787033541.1531613,193353.1710604,12.553084599989234,send_error,10,328,0,0,0.0,0.0,193353.1710574,,,,,,,0,robot_not_discovered
2026-08-18T06:12:21.219+00:00,1787033541.2194142,193353.2369762,12.619000399979996,sent,2,326,33,36,50.0,65.56950000231154,193353.1706541,193353.236269,,,,,0,1,
2026-08-18T06:12:21.302+00:00,1787033541.3036027,193353.3211524,12.703176599985454,send_error,1,329,0,0,0.0,0.0,193353.3211417,,,,,,,0,robot_not_discovered
2026-08-18T06:12:21.306+00:00,1787033541.3066022,193353.3248185,12.706842699990375,queued,2,330,33,36,50.0,,193353.3246713,,,,,,,1,
2026-08-18T06:12:21.307+00:00,1787033541.307604,193353.3253056,12.707329800003208,sent,3,331,0,0,0.0,0.0,193353.3248699,193353.3248769,,,,,0,1,
2026-08-18T06:12:21.307+00:00,1787033541.307604,193353.3253678,12.707391999982065,send_error,10,332,0,0,0.0,0.0,193353.3253645,,,,,,,0,robot_not_discovered
2026-08-18T06:12:21.373+00:00,1787033541.3736858,193353.3918224,12.77384660000098,sent,2,330,33,36,50.0,66.0947999858763,193353.3246713,193353.3909364,,,,,0,1,
2026-08-18T06:12:21.449+00:00,1787033541.4497025,193353.467822,12.849846199998865,send_error,1,333,0,0,0.0,0.0,193353.4677476,,,,,,,0,robot_not_discovered
2026-08-18T06:12:21.456+00:00,1787033541.4564314,193353.4741497,12.856173899985151,queued,2,334,34,35,50.0,,193353.4740485,,,,,,,1,
2026-08-18T06:12:21.456+00:00,1787033541.4564314,193353.4744056,12.856429799983744,sent,3,335,0,0,0.0,0.0,193353.4741801,193353.4741833,,,,,0,1,
2026-08-18T06:12:21.456+00:00,1787033541.4564314,193353.4744419,12.856466099998215,send_error,10,336,0,0,0.0,0.0,193353.4744391,,,,,,,0,robot_not_discovered
2026-08-18T06:12:21.517+00:00,1787033541.5178287,193353.5358442,12.917868399992585,sent,2,334,34,35,50.0,60.860500001581386,193353.4740485,193353.5349671,,,,,0,1,
2026-08-18T06:12:21.598+00:00,1787033541.5986729,193353.6168444,12.998868599999696,send_error,1,337,0,0,0.0,0.0,193353.6168147,,,,,,,0,robot_not_discovered
2026-08-18T06:12:21.603+00:00,1787033541.6030827,193353.6216071,13.00363130000187,queued,2,338,34,35,50.0,,193353.6214802,,,,,,,1,
2026-08-18T06:12:21.604+00:00,1787033541.6040895,193353.6218773,13.003901499992935,sent,3,339,0,0,0.0,0.0,193353.6216565,193353.6216601,,,,,0,1,
2026-08-18T06:12:21.604+00:00,1787033541.6040895,193353.6219116,13.003935799992178,send_error,10,340,0,0,0.0,0.0,193353.6219088,,,,,,,0,robot_not_discovered
2026-08-18T06:12:21.656+00:00,1787033541.6568754,193353.6744694,13.056493599986425,sent,2,338,34,35,50.0,52.25869998685084,193353.6214802,193353.6737894,,,,,0,1,
2026-08-18T06:12:21.733+00:00,1787033541.7334557,193353.751525,13.133549199992558,send_error,1,341,0,0,0.0,0.0,193353.7515147,,,,,,,0,robot_not_discovered
2026-08-18T06:12:21.737+00:00,1787033541.7374556,193353.7555304,13.137554599990835,queued,2,342,33,36,50.0,,193353.7552969,,,,,,,1,
2026-08-18T06:12:21.738+00:00,1787033541.7386055,193353.756164,13.138188199984143,sent,3,343,0,0,0.0,0.0,193353.7556402,193353.7556546,,,,,0,1,
2026-08-18T06:12:21.738+00:00,1787033541.7386055,193353.7562441,13.138268299982883,send_error,10,344,0,0,0.0,0.0,193353.756225,,,,,,,0,robot_not_discovered
2026-08-18T06:12:21.792+00:00,1787033541.792364,193353.8103129,13.192337099986617,sent,2,342,33,36,50.0,54.7249999945052,193353.7552969,193353.8100426,,,,,0,1,
2026-08-18T06:12:21.886+00:00,1787033541.8868833,193353.9047306,13.286754800006747,send_error,1,345,0,0,0.0,0.0,193353.9046574,,,,,,,0,robot_not_discovered
2026-08-18T06:12:21.891+00:00,1787033541.8913987,193353.9089863,13.29101049999008,queued,2,346,33,36,50.0,,193353.9088282,,,,,,,1,
2026-08-18T06:12:21.891+00:00,1787033541.8913987,193353.9096734,13.291697599983308,sent,3,347,0,0,0.0,0.0,193353.9090438,193353.9090484,,,,,0,1,
2026-08-18T06:12:21.891+00:00,1787033541.8913987,193353.9097277,13.291751899989322,send_error,10,348,0,0,0.0,0.0,193353.9097248,,,,,,,0,robot_not_discovered
2026-08-18T06:12:21.947+00:00,1787033541.947013,193353.9648456,13.34686980000697,sent,2,346,33,36,50.0,55.827700009103864,193353.9088282,193353.9646674,,,,,0,1,
2026-08-18T06:12:22.049+00:00,1787033542.050582,193354.0680855,13.45010970000294,send_error,1,349,0,0,0.0,0.0,193354.0680547,,,,,,,0,robot_not_discovered
2026-08-18T06:12:22.055+00:00,1787033542.0555835,193354.0732881,13.455312299978686,queued,2,350,33,36,50.0,,193354.0731836,,,,,,,1,
2026-08-18T06:12:22.055+00:00,1787033542.0555835,193354.0735513,13.45557550000376,sent,3,351,0,0,0.0,0.0,193354.0733155,193354.073318,,,,,0,1,
2026-08-18T06:12:22.055+00:00,1787033542.0555835,193354.0735983,13.455622499983292,send_error,10,352,0,0,0.0,0.0,193354.0735944,,,,,,,0,robot_not_discovered
2026-08-18T06:12:22.114+00:00,1787033542.1144788,193354.1321454,13.514169600006426,sent,2,350,33,36,50.0,57.978900003945455,193354.0731836,193354.1312245,,,,,0,1,
2026-08-18T06:12:22.200+00:00,1787033542.2001925,193354.2178664,13.599890599987702,send_error,1,353,0,0,0.0,0.0,193354.2178547,,,,,,,0,robot_not_discovered
2026-08-18T06:12:22.205+00:00,1787033542.2052007,193354.2234556,13.605479799996829,queued,2,354,33,36,50.0,,193354.2233578,,,,,,,1,
2026-08-18T06:12:22.206+00:00,1787033542.206197,193354.2238968,13.605920999980299,sent,3,355,0,0,0.0,0.0,193354.2234853,193354.223488,,,,,0,1,
2026-08-18T06:12:22.206+00:00,1787033542.206197,193354.2239459,13.605970100004924,send_error,10,356,0,0,0.0,0.0,193354.2239425,,,,,,,0,robot_not_discovered
2026-08-18T06:12:22.269+00:00,1787033542.2697294,193354.287863,13.669887199997902,sent,2,354,33,36,50.0,64.07180000678636,193354.2233578,193354.2874778,,,,,0,1,
2026-08-18T06:12:22.344+00:00,1787033542.3449469,193354.3631283,13.7451524999924,send_error,1,357,0,0,0.0,0.0,193354.3631166,,,,,,,0,robot_not_discovered
2026-08-18T06:12:22.350+00:00,1787033542.3505225,193354.3690571,13.751081299997168,queued,2,358,33,36,50.0,,193354.3689095,,,,,,,1,
2026-08-18T06:12:22.351+00:00,1787033542.3516037,193354.3693031,13.751327299978584,sent,3,359,0,0,0.0,0.0,193354.3690931,193354.3690956,,,,,0,1,
2026-08-18T06:12:22.351+00:00,1787033542.3516037,193354.3693312,13.751355399988825,send_error,10,360,0,0,0.0,0.0,193354.3693287,,,,,,,0,robot_not_discovered
2026-08-18T06:12:22.407+00:00,1787033542.407545,193354.4254425,13.807466700003715,sent,2,358,33,36,50.0,56.304700003238395,193354.3689095,193354.4252292,,,,,0,1,
2026-08-18T06:12:22.497+00:00,1787033542.497272,193354.5155882,13.897612400003709,send_error,1,361,0,0,0.0,0.0,193354.5155784,,,,,,,0,robot_not_discovered
2026-08-18T06:12:22.501+00:00,1787033542.5017989,193354.5196654,13.901689599995734,queued,2,362,33,36,50.0,,193354.5194433,,,,,,,1,
2026-08-18T06:12:22.501+00:00,1787033542.5017989,193354.5202778,13.902302000002237,sent,3,363,0,0,0.0,0.0,193354.5197833,193354.5197887,,,,,0,1,
2026-08-18T06:12:22.502+00:00,1787033542.5027976,193354.5203406,13.902364799985662,send_error,10,364,0,0,0.0,0.0,193354.5203359,,,,,,,0,robot_not_discovered
2026-08-18T06:12:22.553+00:00,1787033542.5539353,193354.5718658,13.953890000004321,sent,2,362,33,36,50.0,52.14499999419786,193354.5194433,193354.5716022,,,,,0,1,
2026-08-18T06:12:22.641+00:00,1787033542.642175,193354.6596674,14.04169159999583,send_error,1,365,0,0,0.0,0.0,193354.6596279,,,,,,,0,robot_not_discovered
2026-08-18T06:12:22.646+00:00,1787033542.64617,193354.6641837,14.046207899984438,queued,2,366,33,36,50.0,,193354.664094,,,,,,,1,
2026-08-18T06:12:22.646+00:00,1787033542.64617,193354.6644266,14.046450800000457,sent,3,367,0,0,0.0,0.0,193354.6642104,193354.664213,,,,,0,1,
2026-08-18T06:12:22.646+00:00,1787033542.64617,193354.6644651,14.046489300002577,send_error,10,368,0,0,0.0,0.0,193354.6644621,,,,,,,0,robot_not_discovered
2026-08-18T06:12:22.704+00:00,1787033542.7044127,193354.722847,14.104871199990157,sent,2,366,33,36,50.0,58.130199991865084,193354.664094,193354.7222664,,,,,0,1,
2026-08-18T06:12:22.783+00:00,1787033542.7834053,193354.8011326,14.183156799990684,send_error,1,369,0,0,0.0,0.0,193354.8011226,,,,,,,0,robot_not_discovered
2026-08-18T06:12:22.787+00:00,1787033542.7874048,193354.8053491,14.18737329999567,queued,2,370,33,36,50.0,,193354.8052296,,,,,,,1,
2026-08-18T06:12:22.787+00:00,1787033542.7874048,193354.8057404,14.18776460000663,sent,3,371,0,0,0.0,0.0,193354.8053881,193354.8053915,,,,,0,1,
2026-08-18T06:12:22.787+00:00,1787033542.7874048,193354.805778,14.187802200001897,send_error,10,372,0,0,0.0,0.0,193354.805775,,,,,,,0,robot_not_discovered
2026-08-18T06:12:22.844+00:00,1787033542.8454378,193354.86296,14.24498419999145,sent,2,370,33,36,50.0,57.46660000295378,193354.8052296,193354.862716,,,,,0,1,
2026-08-18T06:12:22.934+00:00,1787033542.9349003,193354.9530833,14.335107499995502,send_error,1,373,0,0,0.0,0.0,193354.9530693,,,,,,,0,robot_not_discovered
2026-08-18T06:12:22.939+00:00,1787033542.9394038,193354.9575921,14.33961629998521,queued,2,374,32,37,50.0,,193354.9575532,,,,,,,1,
2026-08-18T06:12:22.940+00:00,1787033542.9403977,193354.9583823,14.340406500006793,sent,3,375,0,0,0.0,0.0,193354.9576577,193354.9576643,,,,,0,1,
2026-08-18T06:12:22.940+00:00,1787033542.9403977,193354.9584685,14.340492699993774,send_error,10,376,0,0,0.0,0.0,193354.9584639,,,,,,,0,robot_not_discovered
2026-08-18T06:12:22.991+00:00,1787033542.9920673,193355.0095688,14.391592999978457,sent,2,374,32,37,50.0,51.35590001009405,193354.9575532,193355.0089403,,,,,0,1,
2026-08-18T06:12:23.103+00:00,1787033543.1039226,193355.1215449,14.50356909999391,send_error,1,377,0,0,0.0,0.0,193355.1215343,,,,,,,0,robot_not_discovered
2026-08-18T06:12:23.108+00:00,1787033543.1083477,193355.1260538,14.50807799998438,queued,2,378,32,37,50.0,,193355.1259373,,,,,,,1,
2026-08-18T06:12:23.108+00:00,1787033543.1083477,193355.1263087,14.508332900004461,sent,3,379,0,0,0.0,0.0,193355.1260814,193355.1260845,,,,,0,1,
2026-08-18T06:12:23.108+00:00,1787033543.1083477,193355.1263463,14.508370499999728,send_error,10,380,0,0,0.0,0.0,193355.1263431,,,,,,,0,robot_not_discovered
2026-08-18T06:12:23.173+00:00,1787033543.1730537,193355.1908654,14.57288960000733,sent,2,378,32,37,50.0,63.19519999669865,193355.1259373,193355.189247,,,,,0,1,
2026-08-18T06:12:23.262+00:00,1787033543.262549,193355.2810259,14.663050100003602,send_error,1,381,0,0,0.0,0.0,193355.2809984,,,,,,,0,robot_not_discovered
2026-08-18T06:12:23.268+00:00,1787033543.2685573,193355.2867253,14.66874949997873,queued,2,382,32,37,50.0,,193355.2866311,,,,,,,1,
2026-08-18T06:12:23.268+00:00,1787033543.2685573,193355.2869366,14.668960799986962,sent,3,383,0,0,0.0,0.0,193355.2867536,193355.2867561,,,,,0,1,
2026-08-18T06:12:23.268+00:00,1787033543.2685573,193355.2870085,14.669032699981472,send_error,10,384,0,0,0.0,0.0,193355.2870054,,,,,,,0,robot_not_discovered
2026-08-18T06:12:23.324+00:00,1787033543.3246572,193355.3425777,14.72460190000129,sent,2,382,32,37,50.0,55.701700010104105,193355.2866311,193355.3423446,,,,,0,1,
2026-08-18T06:12:23.416+00:00,1787033543.4164026,193355.4346022,14.816626399988309,send_error,1,385,0,0,0.0,0.0,193355.434592,,,,,,,0,robot_not_discovered
2026-08-18T06:12:23.420+00:00,1787033543.4206157,193355.4386857,14.820709899999201,queued,2,386,32,37,50.0,,193355.4385859,,,,,,,1,
2026-08-18T06:12:23.420+00:00,1787033543.4206157,193355.43898,14.821004199999152,sent,3,387,0,0,0.0,0.0,193355.4387241,193355.4387272,,,,,0,1,
2026-08-18T06:12:23.420+00:00,1787033543.4206157,193355.4390155,14.821039699978428,send_error,10,388,0,0,0.0,0.0,193355.4390127,,,,,,,0,robot_not_discovered
2026-08-18T06:12:23.476+00:00,1787033543.4763644,193355.4941734,14.876197599980514,sent,2,386,32,37,50.0,55.420099990442395,193355.4385859,193355.4940175,,,,,0,1,
2026-08-18T06:12:23.566+00:00,1787033543.5669756,193355.5847232,14.966747400001623,send_error,1,389,0,0,0.0,0.0,193355.58467,,,,,,,0,robot_not_discovered
2026-08-18T06:12:23.572+00:00,1787033543.5725014,193355.5903003,14.972324500005925,queued,2,390,31,38,50.0,,193355.5901448,,,,,,,1,
2026-08-18T06:12:23.572+00:00,1787033543.5725014,193355.5906232,14.97264739999082,sent,3,391,0,0,0.0,0.0,193355.5903505,193355.5903536,,,,,0,1,
2026-08-18T06:12:23.572+00:00,1787033543.5725014,193355.5906703,14.972694500000216,send_error,10,392,0,0,0.0,0.0,193355.5906671,,,,,,,0,robot_not_discovered
2026-08-18T06:12:23.628+00:00,1787033543.6287434,193355.6466945,15.028718699992169,sent,2,390,31,38,50.0,55.85160001646727,193355.5901448,193355.646053,,,,,0,1,
2026-08-18T06:12:23.707+00:00,1787033543.7077456,193355.7258818,15.10790599999018,send_error,1,393,0,0,0.0,0.0,193355.7258615,,,,,,,0,robot_not_discovered
2026-08-18T06:12:23.713+00:00,1787033543.7132416,193355.7313982,15.113422399997944,queued,2,394,32,37,50.0,,193355.7312828,,,,,,,1,
2026-08-18T06:12:23.713+00:00,1787033543.7132416,193355.7317065,15.113730699988082,sent,3,395,0,0,0.0,0.0,193355.7314503,193355.731454,,,,,0,1,
2026-08-18T06:12:23.714+00:00,1787033543.7142353,193355.7317419,15.1137660999957,send_error,10,396,0,0,0.0,0.0,193355.7317379,,,,,,,0,robot_not_discovered
2026-08-18T06:12:23.766+00:00,1787033543.7666817,193355.785055,15.167079199978616,sent,2,394,32,37,50.0,53.45649999799207,193355.7312828,193355.7847701,,,,,0,1,
2026-08-18T06:12:23.852+00:00,1787033543.8523915,193355.8705232,15.252547399984905,send_error,1,397,0,0,0.0,0.0,193355.8705016,,,,,,,0,robot_not_discovered
2026-08-18T06:12:23.857+00:00,1787033543.8573916,193355.8755089,15.25753309999709,queued,2,398,32,37,50.0,,193355.875307,,,,,,,1,
2026-08-18T06:12:23.857+00:00,1787033543.8573916,193355.8758488,15.257872999995016,sent,3,399,0,0,0.0,0.0,193355.8755526,193355.8755558,,,,,0,1,
2026-08-18T06:12:23.857+00:00,1787033543.8573916,193355.8758834,15.257907599996543,send_error,10,400,0,0,0.0,0.0,193355.8758807,,,,,,,0,robot_not_discovered
2026-08-18T06:12:23.923+00:00,1787033543.9232233,193355.9407305,15.322754699998768,sent,2,398,32,37,50.0,64.73929999629036,193355.875307,193355.9400714,,,,,0,1,
2026-08-18T06:12:24.001+00:00,1787033544.001913,193356.0197633,15.401787499984493,send_error,1,401,0,0,0.0,0.0,193356.0197405,,,,,,,0,robot_not_discovered
2026-08-18T06:12:24.006+00:00,1787033544.0061376,193356.0240011,15.40602530000615,queued,2,402,32,37,50.0,,193356.0238882,,,,,,,1,
2026-08-18T06:12:24.006+00:00,1787033544.0061376,193356.0242336,15.406257800001185,sent,3,403,0,0,0.0,0.0,193356.0240403,193356.0240432,,,,,0,1,
2026-08-18T06:12:24.006+00:00,1787033544.0061376,193356.0242712,15.406295399996452,send_error,10,404,0,0,0.0,0.0,193356.0242681,,,,,,,0,robot_not_discovered
2026-08-18T06:12:24.064+00:00,1787033544.0641422,193356.0816799,15.463704099995084,sent,2,402,32,37,50.0,57.50660001649521,193356.0238882,193356.081409,,,,,0,1,
2026-08-18T06:12:24.154+00:00,1787033544.1549408,193356.1733393,15.55536349999602,send_error,1,405,0,0,0.0,0.0,193356.1733294,,,,,,,0,robot_not_discovered
2026-08-18T06:12:24.159+00:00,1787033544.1595685,193356.1776545,15.559678699995857,queued,2,406,34,35,50.0,,193356.1775527,,,,,,,1,
2026-08-18T06:12:24.159+00:00,1787033544.1595685,193356.1779138,15.559937999991234,sent,3,407,0,0,0.0,0.0,193356.1776887,193356.177691,,,,,0,1,
2026-08-18T06:12:24.159+00:00,1787033544.1595685,193356.1779432,15.55996739998227,send_error,10,408,0,0,0.0,0.0,193356.1779407,,,,,,,0,robot_not_discovered
2026-08-18T06:12:24.221+00:00,1787033544.2215052,193356.2397764,15.621800599998096,sent,2,406,34,35,50.0,61.82439997792244,193356.1775527,193356.2394125,,,,,0,1,
2026-08-18T06:12:24.311+00:00,1787033544.311543,193356.3294183,15.711442500003614,send_error,1,409,0,0,0.0,0.0,193356.3293623,,,,,,,0,robot_not_discovered
2026-08-18T06:12:24.323+00:00,1787033544.323369,193356.3409143,15.722938499995507,queued,2,410,32,37,50.0,,193356.340782,,,,,,,1,
2026-08-18T06:12:24.323+00:00,1787033544.323369,193356.3413087,15.723332900000969,sent,3,411,0,0,0.0,0.0,193356.3409607,193356.3409639,,,,,0,1,
2026-08-18T06:12:24.323+00:00,1787033544.323369,193356.3413526,15.723376799986,send_error,10,412,0,0,0.0,0.0,193356.3413497,,,,,,,0,robot_not_discovered
2026-08-18T06:12:24.377+00:00,1787033544.3770187,193356.39516,15.777184199978365,sent,2,410,32,37,50.0,53.737099980935454,193356.340782,193356.3945708,,,,,0,1,
2026-08-18T06:12:24.473+00:00,1787033544.4733207,193356.4910075,15.873031700000865,send_error,1,413,0,0,0.0,0.0,193356.4909869,,,,,,,0,robot_not_discovered
2026-08-18T06:12:24.485+00:00,1787033544.485387,193356.5029886,15.885012799990363,queued,2,414,34,35,50.0,,193356.5028782,,,,,,,1,
2026-08-18T06:12:24.485+00:00,1787033544.485387,193356.5032505,15.885274700005539,sent,3,415,0,0,0.0,0.0,193356.5030313,193356.5030349,,,,,0,1,
2026-08-18T06:12:24.485+00:00,1787033544.485387,193356.5032856,15.88530979998177,send_error,10,416,0,0,0.0,0.0,193356.5032828,,,,,,,0,robot_not_discovered
2026-08-18T06:12:24.548+00:00,1787033544.5486495,193356.5666773,15.94870149999042,sent,2,414,34,35,50.0,62.29589998838492,193356.5028782,193356.5652502,,,,,0,1,
2026-08-18T06:12:24.644+00:00,1787033544.644897,193356.6625611,16.04458529999829,send_error,1,417,0,0,0.0,0.0,193356.6625491,,,,,,,0,robot_not_discovered
2026-08-18T06:12:24.650+00:00,1787033544.6504133,193356.6688461,16.05087029997958,queued,2,418,33,36,50.0,,193356.6684512,,,,,,,1,
2026-08-18T06:12:24.651+00:00,1787033544.6514056,193356.6695503,16.0515744999866,sent,3,419,0,0,0.0,0.0,193356.6689723,193356.6689921,,,,,0,1,
2026-08-18T06:12:24.651+00:00,1787033544.6514056,193356.6696164,16.051640599995153,send_error,10,420,0,0,0.0,0.0,193356.6696135,,,,,,,0,robot_not_discovered
2026-08-18T06:12:24.701+00:00,1787033544.7015111,193356.7193201,16.101344299997436,sent,2,418,33,36,50.0,50.68149999715388,193356.6684512,193356.7191483,,,,,0,1,
2026-08-18T06:12:24.807+00:00,1787033544.8073232,193356.8260596,16.208083799981978,send_error,1,421,0,0,0.0,0.0,193356.8260188,,,,,,,0,robot_not_discovered
2026-08-18T06:12:24.815+00:00,1787033544.8159173,193356.8338867,16.215910900005838,queued,2,422,33,36,50.0,,193356.8336821,,,,,,,1,
2026-08-18T06:12:24.815+00:00,1787033544.8159173,193356.8341699,16.216194099979475,sent,3,423,0,0,0.0,0.0,193356.833929,193356.8339371,,,,,0,1,
2026-08-18T06:12:24.815+00:00,1787033544.8159173,193356.8342088,16.21623299998464,send_error,10,424,0,0,0.0,0.0,193356.8342057,,,,,,,0,robot_not_discovered
2026-08-18T06:12:24.873+00:00,1787033544.8736987,193356.8919749,16.273999099998036,sent,2,422,33,36,50.0,57.867900002747774,193356.8336821,193356.8916117,,,,,0,1,
2026-08-18T06:12:24.975+00:00,1787033544.9753723,193356.9931179,16.375142100005178,send_error,1,425,0,0,0.0,0.0,193356.9930751,,,,,,,0,robot_not_discovered
2026-08-18T06:12:24.986+00:00,1787033544.9868743,193357.0051919,16.38721610000357,queued,2,426,33,36,50.0,,193357.0049599,,,,,,,1,
2026-08-18T06:12:24.987+00:00,1787033544.987871,193357.0060592,16.38808340000105,sent,3,427,0,0,0.0,0.0,193357.0052576,193357.0052642,,,,,0,1,
2026-08-18T06:12:24.987+00:00,1787033544.987871,193357.0061588,16.388183000002755,send_error,10,428,0,0,0.0,0.0,193357.0061539,,,,,,,0,robot_not_discovered
2026-08-18T06:12:25.044+00:00,1787033545.0442812,193357.0625692,16.444593399995938,sent,2,426,33,36,50.0,56.15129999932833,193357.0049599,193357.0611773,,,,,0,1,
2026-08-18T06:12:25.142+00:00,1787033545.142691,193357.1607824,16.54280659998767,send_error,1,429,0,0,0.0,0.0,193357.1607718,,,,,,,0,robot_not_discovered
2026-08-18T06:12:25.146+00:00,1787033545.1466827,193357.1651028,16.547126999998,queued,2,430,33,36,50.0,,193357.1648988,,,,,,,1,
2026-08-18T06:12:25.147+00:00,1787033545.1476817,193357.1657352,16.54775939998217,sent,3,431,0,0,0.0,0.0,193357.1651718,193357.1651785,,,,,0,1,
2026-08-18T06:12:25.147+00:00,1787033545.1476817,193357.1657802,16.54780440000468,send_error,10,432,0,0,0.0,0.0,193357.1657772,,,,,,,0,robot_not_discovered
2026-08-18T06:12:25.200+00:00,1787033545.2005417,193357.2184321,16.600456299987854,sent,2,430,33,36,50.0,53.29070001607761,193357.1648988,193357.2182054,,,,,0,1,
2026-08-18T06:12:25.294+00:00,1787033545.2944548,193357.3125436,16.694567800004734,send_error,1,433,0,0,0.0,0.0,193357.3125093,,,,,,,0,robot_not_discovered
2026-08-18T06:12:25.299+00:00,1787033545.2999828,193357.3181866,16.700210799986962,queued,2,434,36,33,50.0,,193357.3179469,,,,,,,1,
2026-08-18T06:12:25.300+00:00,1787033545.3009748,193357.3187237,16.70074790000217,sent,3,435,0,0,0.0,0.0,193357.3182751,193357.3182864,,,,,0,1,
2026-08-18T06:12:25.300+00:00,1787033545.3009748,193357.3187993,16.70082349999575,send_error,10,436,0,0,0.0,0.0,193357.3187947,,,,,,,0,robot_not_discovered
2026-08-18T06:12:25.355+00:00,1787033545.3559859,193357.37371,16.755734200007282,sent,2,434,36,33,50.0,55.57329999282956,193357.3179469,193357.373529,,,,,0,1,
2026-08-18T06:12:25.446+00:00,1787033545.4478245,193357.4652291,16.847253299987642,send_error,1,437,0,0,0.0,0.0,193357.4651874,,,,,,,0,robot_not_discovered
2026-08-18T06:12:25.454+00:00,1787033545.454351,193357.4720267,16.85405090000131,queued,2,438,35,34,50.0,,193357.4718607,,,,,,,1,
2026-08-18T06:12:25.454+00:00,1787033545.454351,193357.4723257,16.854349899978843,sent,3,439,0,0,0.0,0.0,193357.4720735,193357.4720771,,,,,0,1,
2026-08-18T06:12:25.454+00:00,1787033545.454351,193357.4723674,16.85439160000533,send_error,10,440,0,0,0.0,0.0,193357.4723642,,,,,,,0,robot_not_discovered
2026-08-18T06:12:25.509+00:00,1787033545.5107653,193357.5281803,16.91020449998905,sent,2,438,35,34,50.0,55.747500009601936,193357.4718607,193357.5277039,,,,,0,1,
2026-08-18T06:12:25.586+00:00,1787033545.5863135,193357.6045935,16.986617699993076,send_error,1,441,0,0,0.0,0.0,193357.6045509,,,,,,,0,robot_not_discovered
2026-08-18T06:12:25.589+00:00,1787033545.5898144,193357.6077913,16.989815499982797,queued,2,442,37,32,50.0,,193357.6077127,,,,,,,1,
2026-08-18T06:12:25.589+00:00,1787033545.5898144,193357.6080005,16.990024700004142,sent,3,443,0,0,0.0,0.0,193357.6078228,193357.607825,,,,,0,1,
2026-08-18T06:12:25.589+00:00,1787033545.5898144,193357.6080295,16.99005369999213,send_error,10,444,0,0,0.0,0.0,193357.6080257,,,,,,,0,robot_not_discovered
2026-08-18T06:12:25.656+00:00,1787033545.656034,193357.6737051,17.055729299987433,sent,2,442,37,32,50.0,64.27509998320602,193357.6077127,193357.6720487,,,,,0,1,
2026-08-18T06:12:25.733+00:00,1787033545.733941,193357.7522615,17.134285699983593,send_error,1,445,0,0,0.0,0.0,193357.752252,,,,,,,0,robot_not_discovered
2026-08-18T06:12:25.738+00:00,1787033545.738931,193357.7575249,17.139549099985743,queued,2,446,36,33,50.0,,193357.757386,,,,,,,1,
2026-08-18T06:12:25.740+00:00,1787033545.7402647,193357.7577978,17.139821999997366,sent,3,447,0,0,0.0,0.0,193357.7575936,193357.7575976,,,,,0,1,
2026-08-18T06:12:25.740+00:00,1787033545.7402647,193357.7578279,17.139852099993732,send_error,10,448,0,0,0.0,0.0,193357.7578252,,,,,,,0,robot_not_discovered
2026-08-18T06:12:25.793+00:00,1787033545.7931767,193357.8109814,17.193005599983735,sent,2,446,36,33,50.0,53.3401999855414,193357.757386,193357.8107371,,,,,0,1,
2026-08-18T06:12:25.884+00:00,1787033545.884344,193357.9027037,17.28472789999796,send_error,1,449,0,0,0.0,0.0,193357.9026735,,,,,,,0,robot_not_discovered
2026-08-18T06:12:25.890+00:00,1787033545.8908026,193357.909145,17.291169200005243,queued,2,450,35,34,50.0,,193357.9089712,,,,,,,1,
2026-08-18T06:12:25.891+00:00,1787033545.8918169,193357.9095013,17.291525499982527,sent,3,451,0,0,0.0,0.0,193357.9092169,193357.9092213,,,,,0,1,
2026-08-18T06:12:25.891+00:00,1787033545.8918169,193357.9095385,17.29156270000385,send_error,10,452,0,0,0.0,0.0,193357.9095355,,,,,,,0,robot_not_discovered
2026-08-18T06:12:25.948+00:00,1787033545.9488068,193357.9669584,17.348982600000454,sent,2,450,35,34,50.0,57.53409999306314,193357.9089712,193357.966531,,,,,0,1,
2026-08-18T06:12:26.038+00:00,1787033546.0384593,193358.0566892,17.438713399984408,send_error,1,453,0,0,0.0,0.0,193358.0566762,,,,,,,0,robot_not_discovered
2026-08-18T06:12:26.045+00:00,1787033546.0454643,193358.0635642,17.445588400005363,queued,2,454,34,35,50.0,,193358.0632998,,,,,,,1,
2026-08-18T06:12:26.046+00:00,1787033546.046465,193358.0639065,17.44593069999246,sent,3,455,0,0,0.0,0.0,193358.0636283,193358.0636342,,,,,0,1,
2026-08-18T06:12:26.046+00:00,1787033546.046465,193358.0639574,17.445981600001687,send_error,10,456,0,0,0.0,0.0,193358.0639545,,,,,,,0,robot_not_discovered
2026-08-18T06:12:26.103+00:00,1787033546.1033952,193358.1214213,17.503445499984082,sent,2,454,34,35,50.0,57.79989997972734,193358.0632998,193358.1211352,,,,,0,1,
2026-08-18T06:12:26.185+00:00,1787033546.1856978,193358.2032005,17.5852246999857,send_error,1,457,0,0,0.0,0.0,193358.2031907,,,,,,,0,robot_not_discovered
2026-08-18T06:12:26.191+00:00,1787033546.1912305,193358.2096402,17.5916643999808,queued,2,458,33,36,50.0,,193358.2095162,,,,,,,1,
2026-08-18T06:12:26.192+00:00,1787033546.1922243,193358.2099244,17.591948599991156,sent,3,459,0,0,0.0,0.0,193358.2096685,193358.2096716,,,,,0,1,
2026-08-18T06:12:26.192+00:00,1787033546.1922243,193358.2099624,17.59198659998947,send_error,10,460,0,0,0.0,0.0,193358.2099594,,,,,,,0,robot_not_discovered
2026-08-18T06:12:26.253+00:00,1787033546.253874,193358.2713895,17.653413699998055,sent,2,458,33,36,50.0,60.90579999727197,193358.2095162,193358.2704766,,,,,0,1,
2026-08-18T06:12:26.333+00:00,1787033546.3336077,193358.3517187,17.73374289998901,send_error,1,461,0,0,0.0,0.0,193358.3516927,,,,,,,0,robot_not_discovered
2026-08-18T06:12:26.338+00:00,1787033546.3386006,193358.3567841,17.73880829999689,queued,2,462,32,37,50.0,,193358.3566585,,,,,,,1,
2026-08-18T06:12:26.338+00:00,1787033546.3386006,193358.357042,17.739066199981607,sent,3,463,0,0,0.0,0.0,193358.3568254,193358.356828,,,,,0,1,
2026-08-18T06:12:26.339+00:00,1787033546.3396301,193358.357079,17.73910320000141,send_error,10,464,0,0,0.0,0.0,193358.357076,,,,,,,0,robot_not_discovered
2026-08-18T06:12:26.392+00:00,1787033546.392274,193358.4102048,17.792228999984218,sent,2,462,32,37,50.0,53.19299999973737,193358.3566585,193358.4098694,,,,,0,1,
2026-08-18T06:12:26.484+00:00,1787033546.4841444,193358.501663,17.88368719999562,send_error,1,465,0,0,0.0,0.0,193358.5016513,,,,,,,0,robot_not_discovered
2026-08-18T06:12:26.489+00:00,1787033546.4896786,193358.507569,17.8895932000014,queued,2,466,32,37,50.0,,193358.5072824,,,,,,,1,
2026-08-18T06:12:26.489+00:00,1787033546.4896786,193358.5080054,17.890029600006528,sent,3,467,0,0,0.0,0.0,193358.5076457,193358.5076512,,,,,0,1,
2026-08-18T06:12:26.489+00:00,1787033546.4896786,193358.5080489,17.890073099988513,send_error,10,468,0,0,0.0,0.0,193358.5080462,,,,,,,0,robot_not_discovered
2026-08-18T06:12:26.548+00:00,1787033546.5484378,193358.5663235,17.94834770000307,sent,2,466,32,37,50.0,58.75739999464713,193358.5072824,193358.5660488,,,,,0,1,
2026-08-18T06:12:26.620+00:00,1787033546.620653,193358.6385849,18.0206091,send_error,1,469,0,0,0.0,0.0,193358.6385738,,,,,,,0,robot_not_discovered
2026-08-18T06:12:26.623+00:00,1787033546.6236587,193358.6418588,18.02388299998711,queued,2,470,31,38,50.0,,193358.6417739,,,,,,,1,
2026-08-18T06:12:26.623+00:00,1787033546.6236587,193358.6420452,18.024069399980363,sent,3,471,0,0,0.0,0.0,193358.6418827,193358.6418855,,,,,0,1,
2026-08-18T06:12:26.623+00:00,1787033546.6236587,193358.6420719,18.024096099979943,send_error,10,472,0,0,0.0,0.0,193358.6420697,,,,,,,0,robot_not_discovered
2026-08-18T06:12:26.689+00:00,1787033546.689556,193358.7074745,18.089498699991964,sent,2,470,31,38,50.0,64.55249999999069,193358.6417739,193358.7063696,,,,,0,1,
2026-08-18T06:12:26.762+00:00,1787033546.7627525,193358.7806864,18.16271059997962,send_error,1,473,0,0,0.0,0.0,193358.7806739,,,,,,,0,robot_not_discovered
2026-08-18T06:12:26.770+00:00,1787033546.7702687,193358.7879591,18.16998330000206,queued,2,474,32,37,50.0,,193358.7878115,,,,,,,1,
2026-08-18T06:12:26.770+00:00,1787033546.7702687,193358.7881965,18.170220700005302,sent,3,475,0,0,0.0,0.0,193358.7880125,193358.7880155,,,,,0,1,
2026-08-18T06:12:26.770+00:00,1787033546.7702687,193358.7882293,18.170253499993123,send_error,10,476,0,0,0.0,0.0,193358.7882267,,,,,,,0,robot_not_discovered
2026-08-18T06:12:26.826+00:00,1787033546.8269842,193358.8455518,18.227576000004774,sent,2,474,32,37,50.0,56.904700002633035,193358.7878115,193358.8447642,,,,,0,1,
2026-08-18T06:12:26.903+00:00,1787033546.9030054,193358.9209979,18.30302209997899,send_error,1,477,0,0,0.0,0.0,193358.9209812,,,,,,,0,robot_not_discovered
2026-08-18T06:12:26.908+00:00,1787033546.9085145,193358.9261325,18.308156699989922,queued,2,478,32,37,50.0,,193358.9260392,,,,,,,1,
2026-08-18T06:12:26.908+00:00,1787033546.9085145,193358.9263548,18.308378999994602,sent,3,479,0,0,0.0,0.0,193358.9261596,193358.926163,,,,,0,1,
2026-08-18T06:12:26.908+00:00,1787033546.9085145,193358.9263902,18.30841440000222,send_error,10,480,0,0,0.0,0.0,193358.926387,,,,,,,0,robot_not_discovered
2026-08-18T06:12:26.967+00:00,1787033546.9672346,193358.9849292,18.36695339999278,sent,2,478,32,37,50.0,58.05249998229556,193358.9260392,193358.9841453,,,,,0,1,
2026-08-18T06:12:27.052+00:00,1787033547.052736,193359.0709263,18.452950499980943,send_error,1,481,0,0,0.0,0.0,193359.0708642,,,,,,,0,robot_not_discovered
2026-08-18T06:12:27.058+00:00,1787033547.0587354,193359.076866,18.458890199981397,queued,2,482,31,38,50.0,,193359.0767422,,,,,,,1,
2026-08-18T06:12:27.059+00:00,1787033547.0597608,193359.0771846,18.459208799991757,sent,3,483,0,0,0.0,0.0,193359.0769144,193359.0769189,,,,,0,1,
2026-08-18T06:12:27.059+00:00,1787033547.0597608,193359.0772498,18.459273999993457,send_error,10,484,0,0,0.0,0.0,193359.0772438,,,,,,,0,robot_not_discovered
2026-08-18T06:12:27.122+00:00,1787033547.1224334,193359.1398425,18.521866700000828,sent,2,482,31,38,50.0,61.667899979511276,193359.0767422,193359.1385134,,,,,0,1,
2026-08-18T06:12:27.198+00:00,1787033547.1984284,193359.2160172,18.598041399993235,send_error,1,485,0,0,0.0,0.0,193359.2159899,,,,,,,0,robot_not_discovered
2026-08-18T06:12:27.202+00:00,1787033547.2024417,193359.2204763,18.602500499982852,queued,2,486,29,40,50.0,,193359.2202943,,,,,,,1,
2026-08-18T06:12:27.203+00:00,1787033547.2034369,193359.2209624,18.60298659998807,sent,3,487,0,0,0.0,0.0,193359.220581,193359.2205903,,,,,0,1,
2026-08-18T06:12:27.203+00:00,1787033547.2034369,193359.2210167,18.603040899994085,send_error,10,488,0,0,0.0,0.0,193359.221013,,,,,,,0,robot_not_discovered
2026-08-18T06:12:27.253+00:00,1787033547.2535913,193359.2713906,18.65341480000643,sent,2,486,29,40,50.0,50.864199991337955,193359.2202943,193359.2711712,,,,,0,1,
2026-08-18T06:12:27.351+00:00,1787033547.351509,193359.3695297,18.751553899986902,send_error,1,489,0,0,0.0,0.0,193359.3695217,,,,,,,0,robot_not_discovered
2026-08-18T06:12:27.355+00:00,1787033547.355514,193359.3739037,18.755927899997914,queued,2,490,31,38,50.0,,193359.3737826,,,,,,,1,
2026-08-18T06:12:27.356+00:00,1787033547.3565094,193359.3742966,18.756320799991954,sent,3,491,0,0,0.0,0.0,193359.3739362,193359.3739392,,,,,0,1,
2026-08-18T06:12:27.356+00:00,1787033547.3565094,193359.3743403,18.756364500004565,send_error,10,492,0,0,0.0,0.0,193359.3743372,,,,,,,0,robot_not_discovered
2026-08-18T06:12:27.408+00:00,1787033547.4085217,193359.4262134,18.808237599994754,sent,2,490,31,38,50.0,52.234799979487434,193359.3737826,193359.4260292,,,,,0,1,
2026-08-18T06:12:27.504+00:00,1787033547.504155,193359.5223828,18.904406999994535,send_error,1,493,0,0,0.0,0.0,193359.5223728,,,,,,,0,robot_not_discovered
2026-08-18T06:12:27.510+00:00,1787033547.5106688,193359.528372,18.910396199993556,queued,2,494,32,37,50.0,,193359.5283553,,,,,,,1,
2026-08-18T06:12:27.510+00:00,1787033547.5106688,193359.5286925,18.91071669998928,sent,3,495,0,0,0.0,0.0,193359.5284167,193359.5284196,,,,,0,1,
2026-08-18T06:12:27.510+00:00,1787033547.5106688,193359.5287297,18.9107538999815,send_error,10,496,0,0,0.0,0.0,193359.5287268,,,,,,,0,robot_not_discovered
2026-08-18T06:12:27.565+00:00,1787033547.565431,193359.5832932,18.96531739999773,sent,2,494,32,37,50.0,54.620200011413544,193359.5283553,193359.5829906,,,,,0,1,
2026-08-18T06:12:27.656+00:00,1787033547.6564207,193359.6745734,19.05659759999253,send_error,1,497,0,0,0.0,0.0,193359.6745439,,,,,,,0,robot_not_discovered
2026-08-18T06:12:27.662+00:00,1787033547.6629353,193359.6805438,19.062567999993917,queued,2,498,32,37,50.0,,193359.6804069,,,,,,,1,
2026-08-18T06:12:27.662+00:00,1787033547.6629353,193359.6808679,19.06289209998795,sent,3,499,0,0,0.0,0.0,193359.6805966,193359.6805994,,,,,0,1,
2026-08-18T06:12:27.662+00:00,1787033547.6629353,193359.6809034,19.06292759999633,send_error,10,500,0,0,0.0,0.0,193359.6809,,,,,,,0,robot_not_discovered
2026-08-18T06:12:27.723+00:00,1787033547.7238572,193359.741539,19.123563200002536,sent,2,498,32,37,50.0,60.30700000701472,193359.6804069,193359.7407677,,,,,0,1,
2026-08-18T06:12:27.796+00:00,1787033547.7966838,193359.8144035,19.196427699993365,send_error,1,501,0,0,0.0,0.0,193359.8143911,,,,,,,0,robot_not_discovered
2026-08-18T06:12:27.800+00:00,1787033547.8008895,193359.8190473,19.201071499992395,queued,2,502,33,36,50.0,,193359.8189174,,,,,,,1,
2026-08-18T06:12:27.801+00:00,1787033547.8018887,193359.8194581,19.20148230000632,sent,3,503,0,0,0.0,0.0,193359.81908,193359.8190839,,,,,0,1,
2026-08-18T06:12:27.801+00:00,1787033547.8018887,193359.8195098,19.201533999992535,send_error,10,504,0,0,0.0,0.0,193359.8195061,,,,,,,0,robot_not_discovered
2026-08-18T06:12:27.863+00:00,1787033547.8636608,193359.8818088,19.263833000004524,sent,2,502,33,36,50.0,62.45210001361556,193359.8189174,193359.8813998,,,,,0,1,
2026-08-18T06:12:27.934+00:00,1787033547.934428,193359.9520013,19.334025499993004,send_error,1,505,0,0,0.0,0.0,193359.9519886,,,,,,,0,robot_not_discovered
2026-08-18T06:12:27.938+00:00,1787033547.9384449,193359.9560807,19.33810490000178,queued,2,506,35,34,50.0,,193359.9556964,,,,,,,1,
2026-08-18T06:12:27.938+00:00,1787033547.9384449,193359.9565427,19.338566899998114,sent,3,507,0,0,0.0,0.0,193359.9561394,193359.9561433,,,,,0,1,
2026-08-18T06:12:27.938+00:00,1787033547.9384449,193359.9566129,19.338637099979678,send_error,10,508,0,0,0.0,0.0,193359.9566091,,,,,,,0,robot_not_discovered
2026-08-18T06:12:28.001+00:00,1787033548.0013804,193360.0192623,19.401286499982234,sent,2,506,35,34,50.0,62.76510001043789,193359.9556964,193360.0185399,,,,,0,1,
2026-08-18T06:12:28.084+00:00,1787033548.0842338,193360.1019173,19.48394149998785,send_error,1,509,0,0,0.0,0.0,193360.1018889,,,,,,,0,robot_not_discovered
2026-08-18T06:12:28.087+00:00,1787033548.0872436,193360.1059461,19.487970299989684,queued,2,510,34,35,50.0,,193360.1058508,,,,,,,1,
2026-08-18T06:12:28.088+00:00,1787033548.0887485,193360.1062294,19.488253599993186,sent,3,511,0,0,0.0,0.0,193360.1059731,193360.1059757,,,,,0,1,
2026-08-18T06:12:28.088+00:00,1787033548.0887485,193360.1062617,19.488285900006304,send_error,10,512,0,0,0.0,0.0,193360.1062594,,,,,,,0,robot_not_discovered
2026-08-18T06:12:28.140+00:00,1787033548.1400316,193360.1577004,19.539724600006593,sent,2,510,34,35,50.0,51.684900012332946,193360.1058508,193360.1575454,,,,,0,1,
2026-08-18T06:12:28.233+00:00,1787033548.2339218,193360.2514373,19.633461499994155,send_error,1,513,0,0,0.0,0.0,193360.2514241,,,,,,,0,robot_not_discovered
2026-08-18T06:12:28.238+00:00,1787033548.238945,193360.2570849,19.639109099982306,queued,2,514,35,34,50.0,,193360.2568018,,,,,,,1,
2026-08-18T06:12:28.239+00:00,1787033548.2399976,193360.2574752,19.639499399985652,sent,3,515,0,0,0.0,0.0,193360.257145,193360.2571514,,,,,0,1,
2026-08-18T06:12:28.239+00:00,1787033548.2399976,193360.2575284,19.63955259998329,send_error,10,516,0,0,0.0,0.0,193360.2575254,,,,,,,0,robot_not_discovered
2026-08-18T06:12:28.299+00:00,1787033548.2993093,193360.3168732,19.698897399997804,sent,2,514,35,34,50.0,58.88210001285188,193360.2568018,193360.3157238,,,,,0,1,
2026-08-18T06:12:28.409+00:00,1787033548.4095309,193360.4271239,19.80914810000104,send_error,1,517,0,0,0.0,0.0,193360.4270999,,,,,,,0,robot_not_discovered
2026-08-18T06:12:28.417+00:00,1787033548.4175322,193360.4356393,19.81766349999816,queued,2,518,35,34,50.0,,193360.4353832,,,,,,,1,
2026-08-18T06:12:28.419+00:00,1787033548.4190373,193360.4364758,19.818499999993946,sent,3,519,0,0,0.0,0.0,193360.4357883,193360.4358193,,,,,0,1,
2026-08-18T06:12:28.419+00:00,1787033548.4190373,193360.4365665,19.81859069998609,send_error,10,520,0,0,0.0,0.0,193360.4365618,,,,,,,0,robot_not_discovered
2026-08-18T06:12:28.469+00:00,1787033548.4691246,193360.4865104,19.868534599983832,sent,2,518,35,34,50.0,50.761799997417256,193360.4353832,193360.4861639,,,,,0,1,
2026-08-18T06:12:28.586+00:00,1787033548.5868037,193360.605001,19.987025199981872,send_error,1,521,0,0,0.0,0.0,193360.6049847,,,,,,,0,robot_not_discovered
2026-08-18T06:12:28.594+00:00,1787033548.5940316,193360.6115519,19.99357609997969,queued,2,522,33,20,50.0,,193360.6114321,,,,,,,1,
2026-08-18T06:12:28.594+00:00,1787033548.5940316,193360.6118065,19.99383069999749,sent,3,523,0,0,0.0,0.0,193360.6115793,193360.6115925,,,,,0,1,
2026-08-18T06:12:28.594+00:00,1787033548.5940316,193360.6118438,19.99386799999047,send_error,10,524,0,0,0.0,0.0,193360.611841,,,,,,,0,robot_not_discovered
2026-08-18T06:12:28.657+00:00,1787033548.657998,193360.6757856,20.057809799996903,sent,2,522,33,20,50.0,62.64099999680184,193360.6114321,193360.674204,,,,,0,1,
2026-08-18T06:12:28.753+00:00,1787033548.7538486,193360.7715831,20.153607299987925,send_error,1,525,0,0,0.0,0.0,193360.7715728,,,,,,,0,robot_not_discovered
2026-08-18T06:12:28.757+00:00,1787033548.757846,193360.7755793,20.15760350000346,queued,2,526,27,18,50.0,,193360.7754204,,,,,,,1,
2026-08-18T06:12:28.757+00:00,1787033548.757846,193360.77619,20.15821419999702,sent,3,527,0,0,0.0,0.0,193360.7756473,193360.7756531,,,,,0,1,
2026-08-18T06:12:28.758+00:00,1787033548.7588468,193360.7763268,20.158350999990944,send_error,10,528,0,0,0.0,0.0,193360.7763216,,,,,,,0,robot_not_discovered
2026-08-18T06:12:28.810+00:00,1787033548.8100393,193360.8278042,20.209828399994876,sent,2,526,27,18,50.0,52.239300013752654,193360.7754204,193360.8276701,,,,,0,1,
2026-08-18T06:12:28.914+00:00,1787033548.9147208,193360.9330292,20.31505340000149,send_error,1,529,0,0,0.0,0.0,193360.9330191,,,,,,,0,robot_not_discovered
2026-08-18T06:12:28.921+00:00,1787033548.9212568,193360.9388221,20.32084629999008,queued,2,530,23,18,50.0,,193360.9386162,,,,,,,1,
2026-08-18T06:12:28.921+00:00,1787033548.9212568,193360.9391625,20.321186699991813,sent,3,531,0,0,0.0,0.0,193360.9388749,193360.9388807,,,,,0,1,
2026-08-18T06:12:28.921+00:00,1787033548.9212568,193360.9391975,20.321221699996386,send_error,10,532,0,0,0.0,0.0,193360.9391948,,,,,,,0,robot_not_discovered
2026-08-18T06:12:28.974+00:00,1787033548.9741092,193360.9917775,20.37380169998505,sent,2,530,23,18,50.0,52.98840001341887,193360.9386162,193360.991622,,,,,0,1,
2026-08-18T06:12:29.103+00:00,1787033549.1039145,193361.1216656,20.503689799981657,send_error,1,533,0,0,0.0,0.0,193361.121646,,,,,,,0,robot_not_discovered
2026-08-18T06:12:29.114+00:00,1787033549.1146352,193361.1326106,20.51463479999802,queued,2,534,18,18,50.0,,193361.1323049,,,,,,,1,
2026-08-18T06:12:29.114+00:00,1787033549.1146352,193361.132897,20.514921199996024,sent,3,535,0,0,0.0,0.0,193361.1326561,193361.1326594,,,,,0,1,
2026-08-18T06:12:29.114+00:00,1787033549.1146352,193361.1329514,20.5149756000028,send_error,10,536,0,0,0.0,0.0,193361.1329486,,,,,,,0,robot_not_discovered
2026-08-18T06:12:29.174+00:00,1787033549.1743217,193361.1917938,20.573818000004394,sent,2,534,18,18,50.0,58.872299996437505,193361.1323049,193361.1912111,,,,,0,1,
2026-08-18T06:12:29.247+00:00,1787033549.2475028,193361.2653996,20.647423799993703,send_error,1,537,0,0,0.0,0.0,193361.2653907,,,,,,,0,robot_not_discovered
2026-08-18T06:12:29.253+00:00,1787033549.2530274,193361.2705914,20.652615600003628,queued,2,538,18,18,50.0,,193361.2704966,,,,,,,1,
2026-08-18T06:12:29.253+00:00,1787033549.2530274,193361.2708668,20.652891000005184,sent,3,539,0,0,0.0,0.0,193361.2706191,193361.2706225,,,,,0,1,
2026-08-18T06:12:29.253+00:00,1787033549.2530274,193361.2709062,20.652930399985053,send_error,10,540,0,0,0.0,0.0,193361.2709031,,,,,,,0,robot_not_discovered
2026-08-18T06:12:29.314+00:00,1787033549.3148677,193361.3327319,20.714756100001978,sent,2,538,18,18,50.0,61.23620001017116,193361.2704966,193361.3317975,,,,,0,1,
2026-08-18T06:12:29.391+00:00,1787033549.3918295,193361.4099697,20.791993899998488,send_error,1,541,0,0,0.0,0.0,193361.4099606,,,,,,,0,robot_not_discovered
2026-08-18T06:12:29.392+00:00,1787033549.3928244,193361.4103717,20.792395900003612,sent,2,542,0,0,0.0,0.0,193361.4101801,193361.4101832,,,,,0,1,
2026-08-18T06:12:29.392+00:00,1787033549.3928244,193361.4106404,20.792664599983254,sent,3,543,0,0,0.0,0.0,193361.4104691,193361.410471,,,,,0,1,
2026-08-18T06:12:29.392+00:00,1787033549.3928244,193361.4106761,20.792700299993157,send_error,10,544,0,0,0.0,0.0,193361.4106732,,,,,,,0,robot_not_discovered
2026-08-18T06:12:29.547+00:00,1787033549.5474799,193361.5653666,20.947390799992718,send_error,1,545,0,0,0.0,0.0,193361.5653474,,,,,,,0,robot_not_discovered
2026-08-18T06:12:29.547+00:00,1787033549.5474799,193361.5658297,20.947853899997426,sent,2,546,0,0,0.0,0.0,193361.5654937,193361.5654959,,,,,0,1,
2026-08-18T06:12:29.547+00:00,1787033549.5474799,193361.5661285,20.948152700002538,sent,3,547,0,0,0.0,0.0,193361.5658838,193361.5658865,,,,,0,1,
2026-08-18T06:12:29.547+00:00,1787033549.5474799,193361.5662,20.948224199994,send_error,10,548,0,0,0.0,0.0,193361.566196,,,,,,,0,robot_not_discovered
2026-08-18T06:12:29.703+00:00,1787033549.7031534,193361.7205678,21.102591999981087,send_error,1,549,0,0,0.0,0.0,193361.7205327,,,,,,,0,robot_not_discovered
2026-08-18T06:12:29.703+00:00,1787033549.7031534,193361.7209867,21.10301089999848,sent,2,550,0,0,0.0,0.0,193361.7206399,193361.7206441,,,,,0,1,
2026-08-18T06:12:29.703+00:00,1787033549.7031534,193361.721195,21.10321919998387,sent,3,551,0,0,0.0,0.0,193361.7210323,193361.7210341,,,,,0,1,
2026-08-18T06:12:29.703+00:00,1787033549.7031534,193361.7212248,21.103249000007054,send_error,10,552,0,0,0.0,0.0,193361.7212221,,,,,,,0,robot_not_discovered
2026-08-18T06:12:29.839+00:00,1787033549.8398619,193361.8572423,21.23926649999339,send_error,1,553,0,0,0.0,0.0,193361.8572093,,,,,,,0,robot_not_discovered
2026-08-18T06:12:29.840+00:00,1787033549.8408628,193361.8582913,21.240315500006545,sent,2,554,0,0,0.0,0.0,193361.85733,193361.8573316,,,,,0,1,
2026-08-18T06:12:29.840+00:00,1787033549.8408628,193361.8585559,21.240580099984072,sent,3,555,0,0,0.0,0.0,193361.8583909,193361.8583948,,,,,0,1,
2026-08-18T06:12:29.840+00:00,1787033549.8408628,193361.858592,21.24061619999702,send_error,10,556,0,0,0.0,0.0,193361.8585879,,,,,,,0,robot_not_discovered
2026-08-18T06:12:29.983+00:00,1787033549.983534,193362.0011614,21.383185599988792,send_error,1,557,0,0,0.0,0.0,193362.0011477,,,,,,,0,robot_not_discovered
2026-08-18T06:12:29.983+00:00,1787033549.983534,193362.0015699,21.383594099985203,sent,2,558,0,0,0.0,0.0,193362.0012289,193362.0012322,,,,,0,1,
2026-08-18T06:12:29.983+00:00,1787033549.983534,193362.0017956,21.383819799986668,sent,3,559,0,0,0.0,0.0,193362.0016016,193362.0016034,,,,,0,1,
2026-08-18T06:12:29.983+00:00,1787033549.983534,193362.0018282,21.38385240000207,send_error,10,560,0,0,0.0,0.0,193362.0018254,,,,,,,0,robot_not_discovered
2026-08-18T06:12:30.144+00:00,1787033550.14449,193362.1623103,21.544334499980323,send_error,1,561,0,0,0.0,0.0,193362.1623007,,,,,,,0,robot_not_discovered
2026-08-18T06:12:30.144+00:00,1787033550.14449,193362.1625546,21.544578800007002,sent,2,562,0,0,0.0,0.0,193362.1623511,193362.1623527,,,,,0,1,
2026-08-18T06:12:30.144+00:00,1787033550.14449,193362.1627466,21.54477079998469,sent,3,563,0,0,0.0,0.0,193362.1625929,193362.1625943,,,,,0,1,
2026-08-18T06:12:30.144+00:00,1787033550.14449,193362.1628011,21.544825299992226,send_error,10,564,0,0,0.0,0.0,193362.1627981,,,,,,,0,robot_not_discovered
2026-08-18T06:12:30.287+00:00,1787033550.2870922,193362.3053759,21.68740009999601,send_error,1,565,0,0,0.0,0.0,193362.3053644,,,,,,,0,robot_not_discovered
2026-08-18T06:12:30.288+00:00,1787033550.2880929,193362.3061196,21.688143799983663,sent,2,566,0,0,0.0,0.0,193362.3054437,193362.3054458,,,,,0,1,
2026-08-18T06:12:30.288+00:00,1787033550.2880929,193362.3064114,21.68843559999368,sent,3,567,0,0,0.0,0.0,193362.3061561,193362.3061579,,,,,0,1,
2026-08-18T06:12:30.289+00:00,1787033550.2890935,193362.30644,21.688464199978625,send_error,10,568,0,0,0.0,0.0,193362.3064377,,,,,,,0,robot_not_discovered
2026-08-18T06:12:30.432+00:00,1787033550.4322832,193362.4499805,21.832004700001562,send_error,1,569,0,0,0.0,0.0,193362.4499417,,,,,,,0,robot_not_discovered
2026-08-18T06:12:30.432+00:00,1787033550.4322832,193362.4505172,21.83254139998462,sent,2,570,0,0,0.0,0.0,193362.4501149,193362.4501169,,,,,0,1,
2026-08-18T06:12:30.433+00:00,1787033550.433288,193362.450799,21.832823200005805,sent,3,571,0,0,0.0,0.0,193362.450582,193362.4505848,,,,,0,1,
2026-08-18T06:12:30.433+00:00,1787033550.433288,193362.4508758,21.832899999979418,send_error,10,572,0,0,0.0,0.0,193362.4508547,,,,,,,0,robot_not_discovered
2026-08-18T06:12:30.578+00:00,1787033550.5785937,193362.596032,21.97805619999417,send_error,1,573,0,0,0.0,0.0,193362.5960217,,,,,,,0,robot_not_discovered
2026-08-18T06:12:30.578+00:00,1787033550.5785937,193362.5962211,21.97824529997888,send_error,1,575,0,0,0.0,0.0,193362.5962168,,,,,,,0,robot_not_discovered
2026-08-18T06:12:30.578+00:00,1787033550.5785937,193362.5963882,21.978412399999797,sent,2,574,0,0,0.0,0.0,193362.5960889,193362.5960906,,,,,0,1,
2026-08-18T06:12:30.578+00:00,1787033550.5785937,193362.596513,21.97853719998966,sent,2,576,0,0,0.0,0.0,193362.5962283,193362.5962297,,,,,0,1,
2026-08-18T06:12:30.578+00:00,1787033550.5785937,193362.5966597,21.97868390000076,sent,3,577,0,0,0.0,0.0,193362.5964253,193362.596427,,,,,0,1,
2026-08-18T06:12:30.578+00:00,1787033550.5785937,193362.5966891,21.978713299991796,send_error,10,579,0,0,0.0,0.0,193362.5966865,,,,,,,0,robot_not_discovered
2026-08-18T06:12:30.578+00:00,1787033550.5785937,193362.5967105,21.978734699980123,sent,3,578,0,0,0.0,0.0,193362.5965299,193362.5965314,,,,,0,1,
2026-08-18T06:12:30.578+00:00,1787033550.5785937,193362.5967183,21.97874249998131,send_error,10,580,0,0,0.0,0.0,193362.5967165,,,,,,,0,robot_not_discovered
