wall_time_iso,t_wall,t_perf,session_elapsed_s,frame_seq,frame_received_perf,frame_wait_ms,processing_ms,robot_id,detected,accepted,workspace_markers_seen,homography_valid,homography_age_ms,calibration_enabled,homography_mode,parallax_enabled,alignment_enabled,pose_filter_enabled,pixel_x,pixel_y,floor_x,floor_y,corrected_x,corrected_y,aligned_x,aligned_y,raw_yaw,x,y,yaw,pose_age_ms,cam_x,cam_y,cam_z
2026-08-18T02:44:29.442+00:00,1787021069.4425511,180881.8224493,0.2670681999879889,72,180881.6927153,19.856699975207448,109.84640000970103,1,0,0,4,1,0.0,1,estabilizada,1,1,1,,,,,,,,,,,,,nan,0.5424025317101592,-0.25152315550211074,1.5817970868467686
2026-08-18T02:44:29.442+00:00,1787021069.4425511,180881.8225042,0.267123099998571,72,180881.6927153,19.856699975207448,109.84640000970103,2,1,1,4,1,0.0,1,estabilizada,1,1,1,741.5,645.75,0.6082853674888611,0.241438627243042,0.6045368113248696,0.21339042762503269,0.5916755613248696,0.20194592762503272,-1.6737030424224855,0.5924415646424579,0.20330365432230824,-1.6464682584568713,0.0,0.5424025317101592,-0.25152315550211074,1.5817970868467686
2026-08-18T02:44:29.442+00:00,1787021069.4425511,180881.8225156,0.2671344999980647,72,180881.6927153,19.856699975207448,109.84640000970103,3,1,1,4,1,0.0,1,estabilizada,1,1,1,454.25,392.25,0.1688845455646515,0.6685621738433838,0.19013671440010477,0.6162117931721389,0.17727546440010478,0.604767293172139,-2.9595946979735577,0.17770425435636145,0.604314387433399,-2.940824250189708,0.0,0.5424025317101592,-0.25152315550211074,1.5817970868467686
2026-08-18T02:44:29.442+00:00,1787021069.4425511,180881.8225296,0.2671484999882523,72,180881.6927153,19.856699975207448,109.84640000970103,10,0,0,4,1,0.0,1,estabilizada,1,1,1,,,,,,,,,,,,,nan,0.5424025317101592,-0.25152315550211074,1.5817970868467686
2026-08-18T02:44:29.606+00:00,1787021069.6065557,180881.9864834,0.4311022999754641,77,180881.8665026,21.213300002273172,98.74350001337007,1,0,0,4,1,0.0,1,estabilizada,1,1,1,,,,,,,,,,,,,nan,0.5424048963116193,-0.2514898832986787,1.5818183945260034
2026-08-18T02:44:29.606+00:00,1787021069.6065557,180881.9865232,0.43114209998748265,77,180881.8665026,21.213300002273172,98.74350001337007,2,1,1,4,1,0.0,1,estabilizada,1,1,1,742.0,645.5,0.6090183854103088,0.24178670346736908,0.6052283080919334,0.21372097040814048,0.5923670580919334,0.2022764704081405,-1.618415367859435,0.5924415646424579,0.20330365432230824,-1.6464682584568713,0.0,0.5424048963116193,-0.2514898832986787,1.5818183945260034
2026-08-18T02:44:29.606+00:00,1787021069.6065557,180881.986534,0.4311528999824077,77,180881.8665026,21.213300002273172,98.74350001337007,3,1,1,4,1,0.0,1,estabilizada,1,1,1,454.25,392.25,0.16887979209423065,0.6685605049133301,0.19013207964879442,0.61621281745083,0.17727082964879443,0.60476831745083,-2.959597144660174,0.17770425435636145,0.604314387433399,-2.940824250189708,0.0,0.5424048963116193,-0.2514898832986787,1.5818183945260034
2026-08-18T02:44:29.606+00:00,1787021069.6065557,180881.9865444,0.43116329997428693,77,180881.8665026,21.213300002273172,98.74350001337007,10,0,0,4,1,0.0,1,estabilizada,1,1,1,,,,,,,,,,,,,nan,0.5424048963116193,-0.2514898832986787,1.5818183945260034
2026-08-18T02:44:29.769+00:00,1787021069.7697098,180882.1495455,0.5941643999831285,82,180882.0266742,20.589299994753674,102.21880002063699,1,0,0,4,1,0.0,1,estabilizada,1,1,1,,,,,,,,,,,,,nan,0.5424053981448096,-0.25145351600988336,1.5818409472658423
2026-08-18T02:44:29.769+00:00,1787021069.7697098,180882.149603,0.5942218999844044,82,180882.0266742,20.589299994753674,102.21880002063699,2,1,1,4,1,0.0,1,estabilizada,1,1,1,741.5,645.75,0.6082757115364075,0.24143992364406586,0.6045279717807192,0.21339639016142914,0.5916667217807192,0.20195189016142917,-1.6737039625753445,0.5924415646424579,0.20330365432230824,-1.636708166530945,0.0,0.5424053981448096,-0.25145351600988336,1.5818409472658423
2026-08-18T02:44:29.769+00:00,1787021069.7697098,180882.1497532,0.594372099993052,82,180882.0266742,20.589299994753674,102.21880002063699,3,1,1,4,1,0.0,1,estabilizada,1,1,1,454.25,392.25,0.16887478530406952,0.6685585379600525,0.19012708327610883,0.6162137778876742,0.17726583327610884,0.6047692778876742,-2.959597283494383,0.17770425435636145,0.604314387433399,-2.940824250189708,0.0,0.5424053981448096,-0.25145351600988336,1.5818409472658423
2026-08-18T02:44:29.769+00:00,1787021069.7697098,180882.149813,0.5944318999827374,82,180882.0266742,20.589299994753674,102.21880002063699,10,0,0,4,1,0.0,1,estabilizada,1,1,1,,,,,,,,,,,,,nan,0.5424053981448096,-0.25145351600988336,1.5818409472658423
2026-08-18T02:44:29.919+00:00,1787021069.9192657,180882.2991807,0.7437995999935083,87,180882.1922781,14.785600011236966,92.09149997332133,1,0,0,4,1,0.0,1,estabilizada,1,1,1,,,,,,,,,,,,,nan,0.5424069666863461,-0.25141720456714883,1.581863432830152
2026-08-18T02:44:29.919+00:00,1787021069.9192657,180882.2992226,0.7438414999924134,87,180882.1922781,14.785600011236966,92.09149997332133,2,1,1,4,1,0.0,1,estabilizada,1,1,1,742.0,645.5,0.6090080142021179,0.2417881339788437,0.6052187526565145,0.2137272536601661,0.5923575026565144,0.20228275366016613,-1.6184151859000357,0.5924415646424579,0.20330365432230824,-1.636708166530945,0.0,0.5424069666863461,-0.25141720456714883,1.581863432830152
2026-08-18T02:44:29.919+00:00,1787021069.9192657,180882.2992526,0.7438714999880176,87,180882.1922781,14.785600011236966,92.09149997332133,3,1,1,4,1,0.0,1,estabilizada,1,1,1,457.5,392.0,0.17393605411052704,0.6689053177833557,0.1949001787268298,0.6165436376961222,0.1820389287268298,0.6050991376961222,-2.8689088014651225,0.17770425435636145,0.604314387433399,-2.940824250189708,0.0,0.5424069666863461,-0.25141720456714883,1.581863432830152
2026-08-18T02:44:29.919+00:00,1787021069.9192657,180882.2992629,0.7438817999791354,87,180882.1922781,14.785600011236966,92.09149997332133,10,0,0,4,1,0.0,1,estabilizada,1,1,1,,,,,,,,,,,,,nan,0.5424069666863461,-0.25141720456714883,1.581863432830152
2026-08-18T02:44:30.078+00:00,1787021070.0781624,180882.4589102,0.9035290999745484,91,180882.3293522,30.110199993941933,99.41510000498965,1,0,0,4,1,0.0,1,estabilizada,1,1,1,,,,,,,,,,,,,nan,0.54240664232372,-0.25138128427076273,1.581885973916256
2026-08-18T02:44:30.079+00:00,1787021070.0791678,180882.458961,0.9035798999830149,91,180882.3293522,30.110199993941933,99.41510000498965,2,1,1,4,1,0.0,1,estabilizada,1,1,1,741.0,647.5,0.6074385046958923,0.2388722449541092,0.6037385745428955,0.21097970506325714,0.5908773245428955,0.19953520506325717,-1.6753959103145195,0.5924415646424579,0.20330365432230824,-1.636708166530945,0.0,0.54240664232372,-0.25138128427076273,1.581885973916256
2026-08-18T02:44:30.079+00:00,1787021070.0791678,180882.4589737,0.9035925999924075,91,180882.3293522,30.110199993941933,99.41510000498965,3,1,1,4,1,0.0,1,estabilizada,1,1,1,463.01934814453125,392.8412170410156,0.18269307911396027,0.6671994924545288,0.20315866337394956,0.6149376535682496,0.19029741337394956,0.6034931535682496,-2.6504800447725514,0.17770425435636145,0.604314387433399,-2.929190370280092,0.0,0.54240664232372,-0.25138128427076273,1.581885973916256
2026-08-18T02:44:30.079+00:00,1787021070.0791678,180882.4590039,0.9036227999895345,91,180882.3293522,30.110199993941933,99.41510000498965,10,0,0,4,1,0.0,1,estabilizada,1,1,1,,,,,,,,,,,,,nan,0.54240664232372,-0.25138128427076273,1.581885973916256
2026-08-18T02:44:30.231+00:00,1787021070.231772,180882.6115817,1.056200599996373,96,180882.4938306,25.44369999668561,92.24309999262914,1,0,0,4,1,0.0,1,estabilizada,1,1,1,,,,,,,,,,,,,nan,0.5424056510321352,-0.2513471286538136,1.5819064244319498
2026-08-18T02:44:30.231+00:00,1787021070.231772,180882.6116457,1.0562645999889355,96,180882.4938306,25.44369999668561,92.24309999262914,2,1,1,4,1,0.0,1,estabilizada,1,1,1,738.75,651.25,0.6039665937423706,0.2334352433681488,0.6004641837651744,0.20585433667978764,0.5876029337651745,0.19440983667978767,-1.8364942348738948,0.5924415646424579,0.20330365432230824,-1.6458959287450745,0.0,0.5424056510321352,-0.2513471286538136,1.5819064244319498
2026-08-18T02:44:30.231+00:00,1787021070.231772,180882.6116616,1.0562804999935906,96,180882.4938306,25.44369999668561,92.24309999262914,3,1,1,4,1,0.0,1,estabilizada,1,1,1,466.9609069824219,393.936767578125,0.18900206685066223,0.6650844216346741,0.2091083905150054,0.612945535129057,0.1962471405150054,0.6015010351290571,-2.4036253663140026,0.17770425435636145,0.604314387433399,-2.895576542688592,0.0,0.5424056510321352,-0.2513471286538136,1.5819064244319498
2026-08-18T02:44:30.231+00:00,1787021070.231772,180882.6116754,1.0562942999822553,96,180882.4938306,25.44369999668561,92.24309999262914,10,0,0,4,1,0.0,1,estabilizada,1,1,1,,,,,,,,,,,,,nan,0.5424056510321352,-0.2513471286538136,1.5819064244319498
2026-08-18T02:44:30.377+00:00,1787021070.377404,180882.7572764,1.201895299978787,101,180882.6586871,13.120600022375584,85.43959999224171,1,0,0,4,1,0.0,1,estabilizada,1,1,1,,,,,,,,,,,,,nan,0.5424051352630772,-0.25131705895816014,1.5819234360408463
2026-08-18T02:44:30.377+00:00,1787021070.377404,180882.7573259,1.2019447999773547,101,180882.6586871,13.120600022375584,85.43959999224171,2,1,1,4,1,0.0,1,estabilizada,1,1,1,736.5576782226562,653.9533081054688,0.6006470918655396,0.22955317795276642,0.5973335458526298,0.20219514005031386,0.5844722958526298,0.1907506400503139,-2.0351971682549013,0.5924415646424579,0.20330365432230824,-1.6725511675386762,0.0,0.5424051352630772,-0.25131705895816014,1.5819234360408463
2026-08-18T02:44:30.377+00:00,1787021070.377404,180882.7573406,1.2019594999728724,101,180882.6586871,13.120600022375584,85.43959999224171,3,1,1,4,1,0.0,1,estabilizada,1,1,1,472.0,394.25,0.19693976640701294,0.6643520593643188,0.21659424682539585,0.6122571104107366,0.20373299682539586,0.6008126104107366,-2.0572460457668806,0.18463623492847558,0.6034566682635276,-2.60014120408279,0.0,0.5424051352630772,-0.25131705895816014,1.5819234360408463
2026-08-18T02:44:30.377+00:00,1787021070.377404,180882.7573525,1.2019713999761734,101,180882.6586871,13.120600022375584,85.43959999224171,10,0,0,4,1,0.0,1,estabilizada,1,1,1,,,,,,,,,,,,,nan,0.5424051352630772,-0.25131705895816014,1.5819234360408463
2026-08-18T02:44:30.523+00:00,1787021070.5233338,180882.9037116,1.3483304999826942,105,180882.7930727,24.318599986145273,86.29770000698045,1,0,0,4,1,0.0,1,estabilizada,1,1,1,,,,,,,,,,,,,nan,0.542404855135349,-0.2512893923926611,1.5819388780410777
2026-08-18T02:44:30.523+00:00,1787021070.5233338,180882.9037547,1.3483735999907367,105,180882.7930727,24.318599986145273,86.29770000698045,2,1,1,4,1,0.0,1,estabilizada,1,1,1,734.3429565429688,655.9110717773438,0.5973438024520874,0.22677671909332275,0.5942182042844583,0.19957848113926357,0.5813569542844583,0.1881339811392636,-2.122191186853196,0.5913440307022101,0.20128629301316842,-1.7155692702305616,0.0,0.542404855135349,-0.2512893923926611,1.5819388780410777
2026-08-18T02:44:30.523+00:00,1787021070.5233338,180882.9037661,1.3483849999902304,105,180882.7930727,24.318599986145273,86.29770000698045,3,1,1,4,1,0.0,1,estabilizada,1,1,1,472.75,397.5,0.1984800100326538,0.6584469676017761,0.21804665479302038,0.6066900549068386,0.2051854047930204,0.5952455549068386,-1.821154955911793,0.1934556897943773,0.602046122972413,-2.2482473240978686,0.0,0.542404855135349,-0.2512893923926611,1.5819388780410777
2026-08-18T02:44:30.523+00:00,1787021070.5233338,180882.903777,1.348395899985917,105,180882.7930727,24.318599986145273,86.29770000698045,10,0,0,4,1,0.0,1,estabilizada,1,1,1,,,,,,,,,,,,,nan,0.542404855135349,-0.2512893923926611,1.5819388780410777
2026-08-18T02:44:30.689+00:00,1787021070.6897893,180883.0701943,1.5148131999885663,110,180882.9587042,11.420700000599027,100.03510001115501,1,0,0,4,1,0.0,1,estabilizada,1,1,1,,,,,,,,,,,,,nan,0.542404764559567,-0.25126390699811074,1.5819529127647076
2026-08-18T02:44:30.689+00:00,1787021070.6897893,180883.0702636,1.5148824999923818,110,180882.9587042,11.420700000599027,100.03510001115501,2,1,1,4,1,0.0,1,estabilizada,1,1,1,730.4091186523438,658.574462890625,0.5915379524230957,0.2230500429868698,0.5887426815449066,0.19606551319827836,0.5758814315449066,0.1846210131982784,-2.308536096421313,0.5897073487853983,0.19877695395053552,-1.8416290298456734,0.0,0.542404764559567,-0.25126390699811074,1.5819529127647076
2026-08-18T02:44:30.689+00:00,1787021070.6897893,180883.0702893,1.5149081999843474,110,180882.9587042,11.420700000599027,100.03510001115501,3,1,1,4,1,0.0,1,estabilizada,1,1,1,476.25,396.5,0.20385019481182098,0.6601389646530151,0.22311114185483144,0.6082877004423455,0.21024989185483145,0.5968432004423455,-1.4526042645082677,0.19625545825505486,0.600801404177103,-2.068723842986664,0.0,0.542404764559567,-0.25126390699811074,1.5819529127647076
2026-08-18T02:44:30.689+00:00,1787021070.6897893,180883.0703095,1.514928399992641,110,180882.9587042,11.420700000599027,100.03510001115501,10,0,0,4,1,0.0,1,estabilizada,1,1,1,,,,,,,,,,,,,nan,0.542404764559567,-0.25126390699811074,1.5819529127647076
2026-08-18T02:44:30.839+00:00,1787021070.8393843,180883.2197988,1.6644176999980118,115,180883.1265042,5.9665000007953495,87.28470001369715,1,0,0,4,1,0.0,1,estabilizada,1,1,1,,,,,,,,,,,,,nan,0.5424037642990729,-0.2512410333785166,1.5819648522307799
2026-08-18T02:44:30.839+00:00,1787021070.8393843,180883.219861,1.6644798999768682,115,180883.1265042,5.9665000007953495,87.28470001369715,2,1,1,4,1,0.0,1,estabilizada,1,1,1,726.0,660.25,0.5851131081581116,0.22080078721046448,0.5826833190626755,0.19394572542252364,0.5698220690626754,0.18250122542252367,-2.4715607552636762,0.5846556440214254,0.19322712448489507,-2.116846199162808,0.0,0.5424037642990729,-0.2512410333785166,1.5819648522307799
2026-08-18T02:44:30.839+00:00,1787021070.8393843,180883.2198823,1.6645011999935377,115,180883.1265042,5.9665000007953495,87.28470001369715,3,1,1,4,1,0.0,1,estabilizada,1,1,1,480.5,394.0,0.21024160087108612,0.66452556848526,0.2291387303909762,0.6124264374258575,0.21627748039097622,0.6009819374258575,-1.1080901418453595,0.2047847831075132,0.5996303318373715,-1.522098104534276,0.0,0.5424037642990729,-0.2512410333785166,1.5819648522307799
2026-08-18T02:44:30.839+00:00,1787021070.8393843,180883.2198917,1.6645105999778025,115,180883.1265042,5.9665000007953495,87.28470001369715,10,0,0,4,1,0.0,1,estabilizada,1,1,1,,,,,,,,,,,,,nan,0.5424037642990729,-0.2512410333785166,1.5819648522307799
2026-08-18T02:44:30.989+00:00,1787021070.9899778,180883.3698744,1.8144932999857701,119,180883.2590815,24.049900006502867,86.71999999205582,1,0,0,4,1,0.0,1,estabilizada,1,1,1,,,,,,,,,,,,,nan,0.5424003737128633,-0.2512188519632513,1.5819760653759123
2026-08-18T02:44:30.989+00:00,1787021070.9899778,180883.3699177,1.8145365999953356,119,180883.2590815,24.049900006502867,86.71999999205582,2,1,1,4,1,0.0,1,estabilizada,1,1,1,722.75,660.75,0.5804171562194824,0.22022081911563873,0.578254348260196,0.19340020448957745,0.565393098260196,0.18195570448957749,-2.6292819275155006,0.5750849877236383,0.18701462207120345,-2.3979065120948437,0.0,0.5424003737128633,-0.2512188519632513,1.5819760653759123
2026-08-18T02:44:30.989+00:00,1787021070.9899778,180883.3699293,1.8145481999963522,119,180883.2590815,24.049900006502867,86.71999999205582,3,1,1,4,1,0.0,1,estabilizada,1,1,1,480.75,390.75,0.21027737855911255,0.6704144477844238,0.22917214581763917,0.6179819244405382,0.21631089581763918,0.6065374244405383,-0.9587000670172273,0.21092554471574373,0.6014237353406835,-1.1784531031142522,0.0,0.5424003737128633,-0.2512188519632513,1.5819760653759123
2026-08-18T02:44:30.989+00:00,1787021070.9899778,180883.3699398,1.8145586999889929,119,180883.2590815,24.049900006502867,86.71999999205582,10,0,0,4,1,0.0,1,estabilizada,1,1,1,,,,,,,,,,,,,nan,0.5424003737128633,-0.2512188519632513,1.5819760653759123
2026-08-18T02:44:31.136+00:00,1787021071.1365323,180883.5164467,1.9610655999858864,124,180883.4254025,3.1682999979238957,87.85090001765639,1,0,0,4,1,0.0,1,estabilizada,1,1,1,,,,,,,,,,,,,nan,0.5423956990636306,-0.2511956568655742,1.5819874507572358
2026-08-18T02:44:31.136+00:00,1787021071.1365323,180883.5164932,1.9611120999907143,124,180883.4254025,3.1682999979238957,87.85090001765639,2,1,1,4,1,0.0,1,estabilizada,1,1,1,719.0,662.0,0.5749731063842773,0.2185681015253067,0.5731197625682725,0.19184302337443887,0.5602585125682724,0.1803985233744389,-2.7461564597019197,0.5728503865151411,0.18584821758586234,-2.4932425180294233,0.0,0.5423956990636306,-0.2511956568655742,1.5819874507572358
2026-08-18T02:44:31.136+00:00,1787021071.1365323,180883.5165073,1.9611261999816634,124,180883.4254025,3.1682999979238957,87.85090001765639,3,1,1,4,1,0.0,1,estabilizada,1,1,1,483.25,391.25,0.21425838768482208,0.6694237589836121,0.2329262715608647,0.6170492933159059,0.22006502156086472,0.6056047933159059,-0.7493000983116591,0.21092554471574373,0.6014237353406835,-1.081551896284795,0.0,0.5423956990636306,-0.2511956568655742,1.5819874507572358
2026-08-18T02:44:31.136+00:00,1787021071.1365323,180883.5165195,1.9611383999872487,124,180883.4254025,3.1682999979238957,87.85090001765639,10,0,0,4,1,0.0,1,estabilizada,1,1,1,,,,,,,,,,,,,nan,0.5423956990636306,-0.2511956568655742,1.5819874507572358
2026-08-18T02:44:31.284+00:00,1787021071.2848637,180883.6655887,2.110207599995192,128,180883.5607865,20.398299995576963,84.3798000132665,1,0,0,4,1,0.0,1,estabilizada,1,1,1,,,,,,,,,,,,,nan,0.5423886926364963,-0.25117223178565873,1.581997538192418
2026-08-18T02:44:31.285+00:00,1787021071.2859523,180883.6657392,2.11035809997702,128,180883.5607865,20.398299995576963,84.3798000132665,2,1,1,4,1,0.0,1,estabilizada,1,1,1,716.5,662.0,0.571382462978363,0.2186862826347351,0.5697330044502862,0.1919559842133149,0.5568717544502861,0.18051148421331492,-2.8398684572768667,0.5685881989030158,0.18394096440732846,-2.578766411297347,0.0,0.5423886926364963,-0.25117223178565873,1.581997538192418
2026-08-18T02:44:31.285+00:00,1787021071.2859523,180883.6657739,2.1103927999793086,128,180883.5607865,20.398299995576963,84.3798000132665,3,1,1,4,1,0.0,1,estabilizada,1,1,1,483.75,391.0,0.21501383185386658,0.6698607802391052,0.23363822080462426,0.6174631190032085,0.22077697080462427,0.6060186190032085,-0.7700213361929595,0.21470315252154043,0.6032444645881625,-0.9004308870236188,0.0,0.5423886926364963,-0.25117223178565873,1.581997538192418
2026-08-18T02:44:31.285+00:00,1787021071.2859523,180883.6657886,2.1104074999748264,128,180883.5607865,20.398299995576963,84.3798000132665,10,0,0,4,1,0.0,1,estabilizada,1,1,1,,,,,,,,,,,,,nan,0.5423886926364963,-0.25117223178565873,1.581997538192418
2026-08-18T02:44:31.436+00:00,1787021071.4366515,180883.817229,2.2618478999938816,132,180883.6920905,35.49810001277365,89.5981999929063,1,0,0,4,1,0.0,1,estabilizada,1,1,1,,,,,,,,,,,,,nan,0.5423826480171074,-0.2511496596858548,1.5820066717632808
2026-08-18T02:44:31.436+00:00,1787021071.4366515,180883.8172724,2.2618912999751046,132,180883.6920905,35.49810001277365,89.5981999929063,2,1,1,4,1,0.0,1,estabilizada,1,1,1,712.75,661.75,0.5660120844841003,0.21922875940799713,0.5646678112139636,0.1924690380528009,0.5518065612139635,0.18102453805280094,-3.002965417904974,0.563816716203915,0.18249902297465384,-2.7324657439140405,0.0,0.5423826480171074,-0.2511496596858548,1.5820066717632808
2026-08-18T02:44:31.436+00:00,1787021071.4366515,180883.8173027,2.261921599972993,132,180883.6920905,35.49810001277365,89.5981999929063,3,1,1,4,1,0.0,1,estabilizada,1,1,1,482.75,390.75,0.2134099006652832,0.6703466176986694,0.23212508549358996,0.6179229039148524,0.21926383549358996,0.6064784039148524,-0.8152143078147118,0.21470315252154043,0.6032444645881625,-0.8340471513753089,0.0,0.5423826480171074,-0.2511496596858548,1.5820066717632808
2026-08-18T02:44:31.436+00:00,1787021071.4366515,180883.817316,2.2619348999869544,132,180883.6920905,35.49810001277365,89.5981999929063,10,0,0,4,1,0.0,1,estabilizada,1,1,1,,,,,,,,,,,,,nan,0.5423826480171074,-0.2511496596858548,1.5820066717632808
2026-08-18T02:44:31.577+00:00,1787021071.5777724,180883.9575623,2.402181199984625,137,180883.8582919,14.685000001918525,84.56099999602884,1,0,0,4,1,0.0,1,estabilizada,1,1,1,,,,,,,,,,,,,nan,0.5423767933190105,-0.25112704671462915,1.5820146812024254
2026-08-18T02:44:31.577+00:00,1787021071.5777724,180883.957646,2.402264899981674,137,180883.8582919,14.685000001918525,84.56099999602884,2,1,1,4,1,0.0,1,estabilizada,1,1,1,708.75,660.5,0.5603243708610535,0.2212463915348053,0.5593033424230897,0.19437331004725783,0.5464420924230897,0.18292881004725786,-3.090583988245251,0.5561107792313866,0.18183096598237838,-2.9254849667636678,0.0,0.5423767933190105,-0.25112704671462915,1.5820146812024254
2026-08-18T02:44:31.577+00:00,1787021071.5777724,180883.957659,2.4022778999933507,137,180883.8582919,14.685000001918525,84.56099999602884,3,1,1,4,1,0.0,1,estabilizada,1,1,1,485.5,393.0,0.21796880662441254,0.6661715507507324,0.23642420981973727,0.6139869062257306,0.22356295981973728,0.6025424062257306,-0.7937185542779751,0.21470315252154043,0.6032444645881625,-0.8340471513753089,0.0,0.5423767933190105,-0.25112704671462915,1.5820146812024254
2026-08-18T02:44:31.577+00:00,1787021071.5777724,180883.9576725,2.402291399979731,137,180883.8582919,14.685000001918525,84.56099999602884,10,0,0,4,1,0.0,1,estabilizada,1,1,1,,,,,,,,,,,,,nan,0.5423767933190105,-0.25112704671462915,1.5820146812024254
2026-08-18T02:44:31.738+00:00,1787021071.7384832,180884.118889,2.5635078999912366,141,180883.9924963,26.67330001713708,99.6910999820102,1,0,0,4,1,0.0,1,estabilizada,1,1,1,,,,,,,,,,,,,nan,0.542369953544661,-0.2511061412297774,1.5820208312121844
2026-08-18T02:44:31.738+00:00,1787021071.7384832,180884.1189411,2.563559999980498,141,180883.9924963,26.67330001713708,99.6910999820102,2,1,1,4,1,0.0,1,estabilizada,1,1,1,705.75,660.25,0.5560280084609985,0.22175462543964386,0.5552510117753553,0.1948539246646488,0.5423897617753553,0.18340942466464882,3.052048293558075,0.5539341857115667,0.1820002723642406,-2.967913048532076,0.0,0.542369953544661,-0.2511061412297774,1.5820208312121844
2026-08-18T02:44:31.738+00:00,1787021071.7384832,180884.1189582,2.5635770999942906,141,180883.9924963,26.67330001713708,99.6910999820102,3,1,1,4,1,0.0,1,estabilizada,1,1,1,490.25,397.5,0.22588986158370972,0.6578681468963623,0.2438941809419201,0.6061572690638186,0.23103293094192012,0.5947127690638186,-0.685536840227529,0.22035442246830872,0.600937056109367,-0.8008811120273488,0.0,0.542369953544661,-0.2511061412297774,1.5820208312121844
2026-08-18T02:44:31.738+00:00,1787021071.7384832,180884.1189727,2.5635915999882855,141,180883.9924963,26.67330001713708,99.6910999820102,10,0,0,4,1,0.0,1,estabilizada,1,1,1,,,,,,,,,,,,,nan,0.542369953544661,-0.2511061412297774,1.5820208312121844
2026-08-18T02:44:31.892+00:00,1787021071.892965,180884.2728513,2.7174701999756508,146,180884.1600793,25.387900008354336,87.35680000972934,1,0,0,4,1,0.0,1,estabilizada,1,1,1,,,,,,,,,,,,,nan,0.5423589506433301,-0.2510905133087658,1.5820234904037105
2026-08-18T02:44:31.892+00:00,1787021071.892965,180884.2728998,2.7175186999957077,146,180884.1600793,25.387900008354336,87.35680000972934,2,1,1,4,1,0.0,1,estabilizada,1,1,1,702.25,658.75,0.5510610342025757,0.2241162806749344,0.5505659799097141,0.19708216157495878,0.5377047299097142,0.1856376615749588,2.9314660676709074,0.5512352234528044,0.18232971702918574,-3.1057778801735414,0.0,0.5423589506433301,-0.2510905133087658,1.5820234904037105
2026-08-18T02:44:31.892+00:00,1787021071.892965,180884.2729123,2.7175311999744736,146,180884.1600793,25.387900008354336,87.35680000972934,3,1,1,4,1,0.0,1,estabilizada,1,1,1,499.25,402.5,0.24049192667007446,0.6485529541969299,0.2576648904865979,0.5973729859052765,0.24480364048659792,0.5859284859052766,-0.6250262592103017,0.22484321781531955,0.5981045718120815,-0.7580226331871371,0.0,0.5423589506433301,-0.2510905133087658,1.5820234904037105
2026-08-18T02:44:31.892+00:00,1787021071.892965,180884.272925,2.717543899983866,146,180884.1600793,25.387900008354336,87.35680000972934,10,0,0,4,1,0.0,1,estabilizada,1,1,1,,,,,,,,,,,,,nan,0.5423589506433301,-0.2510905133087658,1.5820234904037105
2026-08-18T02:44:32.036+00:00,1787021072.036837,180884.4174304,2.8620492999907583,151,180884.3249034,6.352700002025813,86.14840000518598,1,0,0,4,1,0.0,1,estabilizada,1,1,1,,,,,,,,,,,,,nan,0.542350836526004,-0.25107320035679953,1.582027976212333
2026-08-18T02:44:32.036+00:00,1787021072.036837,180884.4174759,2.862094799987972,151,180884.3249034,6.352700002025813,86.14840000518598,2,1,1,4,1,0.0,1,estabilizada,1,1,1,698.25,656.5,0.5453983545303345,0.22760364413261414,0.5452249842584342,0.200372193961176,0.5323637342584342,0.18892769396117604,2.7745024516180545,0.5455853086668057,0.18387044732179547,3.0256590552359097,0.0,0.542350836526004,-0.25107320035679953,1.582027976212333
2026-08-18T02:44:32.036+00:00,1787021072.036837,180884.4174904,2.8621092999819666,151,180884.3249034,6.352700002025813,86.14840000518598,3,1,1,4,1,0.0,1,estabilizada,1,1,1,508.75,406.25,0.2557141184806824,0.6414965391159058,0.2720205966289655,0.5907191333048709,0.2591593466289655,0.579274633304871,-0.4831868578275706,0.23426778524788155,0.5922494521849034,-0.6966510422761611,0.0,0.542350836526004,-0.25107320035679953,1.582027976212333
2026-08-18T02:44:32.036+00:00,1787021072.036837,180884.4175029,2.8621217999898363,151,180884.3249034,6.352700002025813,86.14840000518598,10,0,0,4,1,0.0,1,estabilizada,1,1,1,,,,,,,,,,,,,nan,0.542350836526004,-0.25107320035679953,1.582027976212333
2026-08-18T02:44:32.190+00:00,1787021072.1903853,180884.5709827,3.015601599996444,155,180884.4653598,12.93140000780113,92.66709999064915,1,0,0,4,1,0.0,1,estabilizada,1,1,1,,,,,,,,,,,,,nan,0.5423434425265494,-0.251053929000042,1.5820346427119578
2026-08-18T02:44:32.190+00:00,1787021072.1903853,180884.571026,3.0156448999769054,155,180884.4653598,12.93140000780113,92.66709999064915,2,1,1,4,1,0.0,1,estabilizada,1,1,1,695.75,654.0,0.5418885946273804,0.23139387369155884,0.5419144703634863,0.20394801310799282,0.5290532203634863,0.19250351310799285,2.71381665020944,0.5357301103743097,0.18858815663748196,2.821782806468258,0.0,0.5423434425265494,-0.251053929000042,1.5820346427119578
2026-08-18T02:44:32.190+00:00,1787021072.1903853,180884.5710376,3.015656499977922,155,180884.4653598,12.93140000780113,92.66709999064915,3,1,1,4,1,0.0,1,estabilizada,1,1,1,515.25,409.25,0.26614251732826233,0.6359002590179443,0.2818552473764701,0.5854425289743218,0.2689939973764701,0.5739980289743218,-0.41001520929768315,0.257312333808224,0.5802550478984818,-0.5352579787186971,0.0,0.5423434425265494,-0.251053929000042,1.5820346427119578
2026-08-18T02:44:32.190+00:00,1787021072.1903853,180884.5710506,3.015669499989599,155,180884.4653598,12.93140000780113,92.66709999064915,10,0,0,4,1,0.0,1,estabilizada,1,1,1,,,,,,,,,,,,,nan,0.5423434425265494,-0.251053929000042,1.5820346427119578
2026-08-18T02:44:32.333+00:00,1787021072.3330631,180884.7132535,3.157872399984626,159,180884.5934977,36.3915000052657,83.33950000815094,1,0,0,4,1,0.0,1,estabilizada,1,1,1,,,,,,,,,,,,,nan,0.5423379340553618,-0.2510333515100867,1.582041595495605
2026-08-18T02:44:32.333+00:00,1787021072.3330631,180884.7132973,3.1579161999979988,159,180884.5934977,36.3915000052657,83.33950000815094,2,1,1,4,1,0.0,1,estabilizada,1,1,1,694.0,651.5,0.5394505858421326,0.23515643179416656,0.5396148427996806,0.2074978161029179,0.5267535927996807,0.19605331610291793,2.5685029439267235,0.5326908229995239,0.19091343214881976,2.725380155759476,0.0,0.5423379340553618,-0.2510333515100867,1.582041595495605
2026-08-18T02:44:32.333+00:00,1787021072.3330631,180884.7133096,3.1579284999752417,159,180884.5934977,36.3915000052657,83.33950000815094,3,1,1,4,1,0.0,1,estabilizada,1,1,1,519.5,411.75,0.2729916274547577,0.6312850117683411,0.2883143393626329,0.5810912286711385,0.2754530893626329,0.5696467286711385,-0.40989080118480753,0.26574956372616043,0.5756372364118132,-0.46727466342872387,0.0,0.5423379340553618,-0.2510333515100867,1.582041595495605
2026-08-18T02:44:32.333+00:00,1787021072.3330631,180884.7133222,3.157941099983873,159,180884.5934977,36.3915000052657,83.33950000815094,10,0,0,4,1,0.0,1,estabilizada,1,1,1,,,,,,,,,,,,,nan,0.5423379340553618,-0.2510333515100867,1.582041595495605
2026-08-18T02:44:32.485+00:00,1787021072.4854808,180884.8655709,3.310189799987711,164,180884.7584336,17.018199985614046,90.05960001377389,1,0,0,4,1,0.0,1,estabilizada,1,1,1,,,,,,,,,,,,,nan,0.5423330894204195,-0.2510125262462973,1.5820489078187907
2026-08-18T02:44:32.485+00:00,1787021072.4854808,180884.8656478,3.310266699991189,164,180884.7584336,17.018199985614046,90.05960001377389,2,1,1,4,1,0.0,1,estabilizada,1,1,1,692.25,649.75,0.5369845628738403,0.23781898617744446,0.5372888312101813,0.2100102149689781,0.5244275812101813,0.19856571496897812,2.5312440114042003,0.5297725057429665,0.19339499073724106,2.6067287961347705,0.0,0.5423330894204195,-0.2510125262462973,1.5820489078187907
2026-08-18T02:44:32.485+00:00,1787021072.4854808,180884.8656702,3.3102890999871306,164,180884.7584336,17.018199985614046,90.05960001377389,3,1,1,4,1,0.0,1,estabilizada,1,1,1,526.5,415.5,0.2842199504375458,0.6243564486503601,0.2989035562310523,0.5745582361227084,0.2860423062310523,0.5631137361227084,-0.4528464272728151,0.2699867492871335,0.5731996873354759,-0.45934778212520155,0.0,0.5423330894204195,-0.2510125262462973,1.5820489078187907
2026-08-18T02:44:32.485+00:00,1787021072.4854808,180884.8656996,3.310318499978166,164,180884.7584336,17.018199985614046,90.05960001377389,10,0,0,4,1,0.0,1,estabilizada,1,1,1,,,,,,,,,,,,,nan,0.5423330894204195,-0.2510125262462973,1.5820489078187907
2026-08-18T02:44:32.628+00:00,1787021072.6286309,180885.0086635,3.4532823999761604,168,180884.8932824,28.474599996116012,86.87430000281893,1,0,0,4,1,0.0,1,estabilizada,1,1,1,,,,,,,,,,,,,nan,0.5423279857370918,-0.2509923451860929,1.5820555521415596
2026-08-18T02:44:32.628+00:00,1787021072.6286309,180885.0087051,3.453323999972781,168,180884.8932824,28.474599996116012,86.87430000281893,2,1,1,4,1,0.0,1,estabilizada,1,1,1,691.0899047851562,647.7152709960938,0.5353723764419556,0.240878164768219,0.5357680672479547,0.21289662781399254,0.5229068172479547,0.20145212781399258,2.4105417618511877,0.5297725057429665,0.19339499073724106,2.580296993729566,0.0,0.5423279857370918,-0.2509923451860929,1.5820555521415596
2026-08-18T02:44:32.628+00:00,1787021072.6286309,180885.0087163,3.453335199999856,168,180884.8932824,28.474599996116012,86.87430000281893,3,1,1,4,1,0.0,1,estabilizada,1,1,1,531.5,419.75,0.29233336448669434,0.6166266798973083,0.30655506225329876,0.5672695557736928,0.29369381225329877,0.5558250557736928,-0.5828257207864139,0.27428471169207996,0.5704997474154835,-0.45934778212520155,0.0,0.5423279857370918,-0.2509923451860929,1.5820555521415596
2026-08-18T02:44:32.628+00:00,1787021072.6286309,180885.0087281,3.4533469999732915,168,180884.8932824,28.474599996116012,86.87430000281893,10,0,0,4,1,0.0,1,estabilizada,1,1,1,,,,,,,,,,,,,nan,0.5423279857370918,-0.2509923451860929,1.5820555521415596
2026-08-18T02:44:32.785+00:00,1787021072.785265,180885.1654223,3.610041199979605,173,180885.0608423,16.132799995830283,88.42220000224188,1,0,0,4,1,0.0,1,estabilizada,1,1,1,,,,,,,,,,,,,nan,0.542320546561906,-0.2509747393119793,1.5820591434974032
2026-08-18T02:44:32.785+00:00,1787021072.785265,180885.1654636,3.6100824999739416,173,180885.0608423,16.132799995830283,88.42220000224188,2,1,1,4,1,0.0,1,estabilizada,1,1,1,688.75,645.5,0.5320645570755005,0.2442636787891388,0.5326479986349203,0.21609061218015718,0.5197867486349204,0.2046461121801572,2.3213891665066293,0.5285327425962365,0.19467531863251503,2.553046633150527,0.0,0.542320546561906,-0.2509747393119793,1.5820591434974032
2026-08-18T02:44:32.785+00:00,1787021072.785265,180885.1654752,3.6100940999749582,173,180885.0608423,16.132799995830283,88.42220000224188,3,1,1,4,1,0.0,1,estabilizada,1,1,1,537.5,425.25,0.3020625710487366,0.6066772937774658,0.31573033933986605,0.5578872828001189,0.30286908933986606,0.5464427828001189,-0.6684760768322902,0.2882693259699635,0.5593827953839605,-0.5174860273222593,0.0,0.542320546561906,-0.2509747393119793,1.5820591434974032
2026-08-18T02:44:32.785+00:00,1787021072.785265,180885.1654882,3.610107099986635,173,180885.0608423,16.132799995830283,88.42220000224188,10,0,0,4,1,0.0,1,estabilizada,1,1,1,,,,,,,,,,,,,nan,0.542320546561906,-0.2509747393119793,1.5820591434974032
2026-08-18T02:44:32.931+00:00,1787021072.9316843,180885.3114298,3.7560486999864224,178,180885.2255799,1.5872000076342374,84.24050000030547,1,0,0,4,1,0.0,1,estabilizada,1,1,1,,,,,,,,,,,,,nan,0.542313769253071,-0.2509592563524471,1.5820611169503949
2026-08-18T02:44:32.931+00:00,1787021072.9316843,180885.3114705,3.75608939997619,178,180885.2255799,1.5872000076342374,84.24050000030547,2,1,1,4,1,0.0,1,estabilizada,1,1,1,687.25,640.75,0.5300335884094238,0.25137755274772644,0.5307321810643388,0.2228007093283244,0.5178709310643388,0.21135620932832444,2.113224876839198,0.5237192577725881,0.20144254003340456,2.3713626668010828,0.0,0.542313769253071,-0.2509592563524471,1.5820611169503949
2026-08-18T02:44:32.931+00:00,1787021072.9316843,180885.3114824,3.756101299979491,178,180885.2255799,1.5872000076342374,84.24050000030547,3,1,1,4,1,0.0,1,estabilizada,1,1,1,543.5,430.75,0.3117506206035614,0.596770167350769,0.3248668543293831,0.5485446927999765,0.3120056043293831,0.5371001927999766,-0.6323785479305941,0.30322918203136145,0.544677033307456,-0.6294297646771975,0.0,0.542313769253071,-0.2509592563524471,1.5820611169503949
2026-08-18T02:44:32.931+00:00,1787021072.9316843,180885.3114931,3.7561119999736547,178,180885.2255799,1.5872000076342374,84.24050000030547,10,0,0,4,1,0.0,1,estabilizada,1,1,1,,,,,,,,,,,,,nan,0.542313769253071,-0.2509592563524471,1.5820611169503949
2026-08-18T02:44:33.078+00:00,1787021073.0789435,180885.45879,3.903408899990609,182,180885.3590066,13.57599999755621,86.18530002422631,1,0,0,4,1,0.0,1,estabilizada,1,1,1,,,,,,,,,,,,,nan,0.5423053546099853,-0.25094498631616685,1.5820623167637973
2026-08-18T02:44:33.078+00:00,1787021073.0789435,180885.4588323,3.90345119999256,182,180885.3590066,13.57599999755621,86.18530002422631,2,1,1,4,1,0.0,1,estabilizada,1,1,1,687.0,637.0,0.5297726988792419,0.2569693922996521,0.5304856537381089,0.22807527505088843,0.5176244037381088,0.21663077505088846,1.9955382723346096,0.5213428993262094,0.20577024659078358,2.2218260198657007,0.0,0.5423053546099853,-0.25094498631616685,1.5820623167637973
2026-08-18T02:44:33.078+00:00,1787021073.0789435,180885.4588438,3.903462699992815,182,180885.3590066,13.57599999755621,86.18530002422631,3,1,1,4,1,0.0,1,estabilizada,1,1,1,546.75,435.5,0.3170865774154663,0.588315486907959,0.3298987718105453,0.5405718286526511,0.3170375218105453,0.5291273286526511,-0.8192173992609911,0.3093299157686143,0.53785916247438,-0.6915943108109847,0.0,0.5423053546099853,-0.25094498631616685,1.5820623167637973
2026-08-18T02:44:33.078+00:00,1787021073.0789435,180885.458854,3.9034728999831714,182,180885.3590066,13.57599999755621,86.18530002422631,10,0,0,4,1,0.0,1,estabilizada,1,1,1,,,,,,,,,,,,,nan,0.5423053546099853,-0.25094498631616685,1.5820623167637973
2026-08-18T02:44:33.222+00:00,1787021073.2229712,180885.6027644,4.0473832999996375,186,180885.49267,25.83159998175688,84.22370001790114,1,0,0,4,1,0.0,1,estabilizada,1,1,1,,,,,,,,,,,,,nan,0.5422948082300777,-0.25093283520503157,1.582062407938129
2026-08-18T02:44:33.222+00:00,1787021073.2229712,180885.6028422,4.047461099980865,186,180885.49267,25.83159998175688,84.22370001790114,2,1,1,4,1,0.0,1,estabilizada,1,1,1,686.0,632.75,0.5284405946731567,0.2633591294288635,0.5292287299665981,0.2341022072083459,0.516367479966598,0.22265770720834593,1.893311174455812,0.5197728260904273,0.21000256684621416,2.1334203959784293,0.0,0.5422948082300777,-0.25093283520503157,1.582062407938129
2026-08-18T02:44:33.222+00:00,1787021073.2229712,180885.602856,4.047474899998633,186,180885.49267,25.83159998175688,84.22370001790114,3,1,1,4,1,0.0,1,estabilizada,1,1,1,552.5,440.0,0.32626062631607056,0.5802404880523682,0.33855032884278724,0.532956892463583,0.32568907884278725,0.521512392463583,-0.7113748483994271,0.31583997548873943,0.5310613647594725,-0.7216364817456247,0.0,0.5422948082300777,-0.25093283520503157,1.582062407938129
2026-08-18T02:44:33.222+00:00,1787021073.2229712,180885.6028663,4.047485199989751,186,180885.49267,25.83159998175688,84.22370001790114,10,0,0,4,1,0.0,1,estabilizada,1,1,1,,,,,,,,,,,,,nan,0.5422948082300777,-0.25093283520503157,1.582062407938129
2026-08-18T02:44:33.385+00:00,1787021073.3850932,180885.7654834,4.21010229998501,191,180885.6614981,9.453000006033108,94.50829998240806,1,0,0,4,1,0.0,1,estabilizada,1,1,1,,,,,,,,,,,,,nan,0.5422823593697561,-0.25092513138266626,1.5820592267240148
2026-08-18T02:44:33.385+00:00,1787021073.3850932,180885.7655252,4.210144099983154,191,180885.6614981,9.453000006033108,94.50829998240806,2,1,1,4,1,0.0,1,estabilizada,1,1,1,687.25,627.75,0.5303861498832703,0.270792692899704,0.5310629000552602,0.241113270415223,0.5182016500552602,0.22966877041522304,1.7095734299697738,0.518800549955649,0.2151996914382533,1.9808907469278487,0.0,0.5422823593697561,-0.25092513138266626,1.5820592267240148
2026-08-18T02:44:33.385+00:00,1787021073.3850932,180885.7655366,4.210155499982648,191,180885.6614981,9.453000006033108,94.50829998240806,3,1,1,4,1,0.0,1,estabilizada,1,1,1,562.25,445.0,0.3416179120540619,0.5711794495582581,0.3530332876312513,0.5244116604421111,0.3401720376312513,0.5129671604421111,-0.5663752031420466,0.32002609037210145,0.5270810169617433,-0.7062412396926079,0.0,0.5422823593697561,-0.25092513138266626,1.5820592267240148
2026-08-18T02:44:33.385+00:00,1787021073.3850932,180885.7655464,4.210165299999062,191,180885.6614981,9.453000006033108,94.50829998240806,10,0,0,4,1,0.0,1,estabilizada,1,1,1,,,,,,,,,,,,,nan,0.5422823593697561,-0.25092513138266626,1.5820592267240148
2026-08-18T02:44:33.527+00:00,1787021073.5276613,180885.9113675,4.3559863999835216,195,180885.7931823,31.94169999915175,86.22120000654832,1,0,0,4,1,0.0,1,estabilizada,1,1,1,,,,,,,,,,,,,nan,0.5422700516420074,-0.25091837232412123,1.5820570465885884
2026-08-18T02:44:33.527+00:00,1787021073.5276613,180885.9114103,4.35602919998928,195,180885.7931823,31.94169999915175,86.22120000654832,2,1,1,4,1,0.0,1,estabilizada,1,1,1,688.25,624.0,0.5319398641586304,0.2763851284980774,0.5325275274641406,0.24638790736352306,0.5196662774641405,0.2349434073635231,1.558266076704045,0.5184835490184189,0.2187761849831691,1.8728831395359533,0.0,0.5422700516420074,-0.25091837232412123,1.5820570465885884
2026-08-18T02:44:33.527+00:00,1787021073.5276613,180885.9114219,4.356040799990296,195,180885.7931823,31.94169999915175,86.22120000654832,3,1,1,4,1,0.0,1,estabilizada,1,1,1,570.25,448.0,0.35412925481796265,0.565680205821991,0.3648322011817971,0.5192255775318002,0.3519709511817971,0.5077810775318002,-0.3670224586410108,0.3294662523816017,0.5203612254107663,-0.6454664995568197,0.0,0.5422700516420074,-0.25091837232412123,1.5820570465885884
2026-08-18T02:44:33.527+00:00,1787021073.5276613,180885.9114344,4.356053299998166,195,180885.7931823,31.94169999915175,86.22120000654832,10,0,0,4,1,0.0,1,estabilizada,1,1,1,,,,,,,,,,,,,nan,0.5422700516420074,-0.25091837232412123,1.5820570465885884
2026-08-18T02:44:33.680+00:00,1787021073.6807265,180886.0611743,4.505793199990876,200,180885.9623749,7.437899999786168,91.32410000893287,1,0,0,4,1,0.0,1,estabilizada,1,1,1,,,,,,,,,,,,,nan,0.5422583426571743,-0.2509118135283268,1.5820542583022459
2026-08-18T02:44:33.680+00:00,1787021073.6807265,180886.0612626,4.505881499993848,200,180885.9623749,7.437899999786168,91.32410000893287,2,1,1,4,1,0.0,1,estabilizada,1,1,1,689.5,619.5,0.5338847637176514,0.28311654925346375,0.5343611203916416,0.2527367108894252,0.5214998703916416,0.2412922108894252,1.4733436335693764,0.5184185729710541,0.22129179824515754,1.827041695706887,0.0,0.5422583426571743,-0.2509118135283268,1.5820542583022459
2026-08-18T02:44:33.680+00:00,1787021073.6807265,180886.0612777,4.505896599992411,200,180885.9623749,7.437899999786168,91.32410000893287,3,1,1,4,1,0.0,1,estabilizada,1,1,1,580.75,450.5,0.3704620599746704,0.5609666109085083,0.3802352174756134,0.514780421139184,0.3673739674756134,0.503335921139184,-0.2720084714789204,0.3485325397790299,0.5109274603798444,-0.46204263704835224,0.0,0.5422583426571743,-0.2509118135283268,1.5820542583022459
2026-08-18T02:44:33.680+00:00,1787021073.6807265,180886.0612908,4.505909699975746,200,180885.9623749,7.437899999786168,91.32410000893287,10,0,0,4,1,0.0,1,estabilizada,1,1,1,,,,,,,,,,,,,nan,0.5422583426571743,-0.2509118135283268,1.5820542583022459
2026-08-18T02:44:33.835+00:00,1787021073.8357828,180886.2160439,4.660662799986312,205,180886.1247324,4.929599992465228,86.34920002077706,1,0,0,4,1,0.0,1,estabilizada,1,1,1,,,,,,,,,,,,,nan,0.5422480762356687,-0.25090350719781196,1.5820532877418527
2026-08-18T02:44:33.835+00:00,1787021073.8357828,180886.2160879,4.660706799972104,205,180886.1247324,4.929599992465228,86.34920002077706,2,1,1,4,1,0.0,1,estabilizada,1,1,1,690.5,611.75,0.5355738997459412,0.2948192059993744,0.5359535809417199,0.2637740796636797,0.5230923309417199,0.25232957966367975,1.4482047422567468,0.5194394335423231,0.22892071582304366,1.6702123505756306,0.0,0.5422480762356687,-0.25090350719781196,1.5820532877418527
2026-08-18T02:44:33.835+00:00,1787021073.8357828,180886.2161005,4.660719399980735,205,180886.1247324,4.929599992465228,86.34920002077706,3,1,1,4,1,0.0,1,estabilizada,1,1,1,588.25,453.0,0.38213807344436646,0.5563684701919556,0.39124642672353144,0.5104443040921002,0.37838517672353145,0.4989998040921002,-0.29403905379171486,0.36306076355045575,0.5051022256047625,-0.35671909279906644,0.0,0.5422480762356687,-0.25090350719781196,1.5820532877418527
2026-08-18T02:44:33.835+00:00,1787021073.8357828,180886.216114,4.660732899996219,205,180886.1247324,4.929599992465228,86.34920002077706,10,0,0,4,1,0.0,1,estabilizada,1,1,1,,,,,,,,,,,,,nan,0.5422480762356687,-0.25090350719781196,1.5820532877418527
2026-08-18T02:44:33.995+00:00,1787021073.9953856,180886.3757092,4.820328099973267,209,180886.2577546,24.594899994553998,93.33500001230277,1,0,0,4,1,0.0,1,estabilizada,1,1,1,,,,,,,,,,,,,nan,0.5422353366615925,-0.25089505040129495,1.5820526302341273
2026-08-18T02:44:33.995+00:00,1787021073.9953856,180886.3757547,4.820373599999584,209,180886.2577546,24.594899994553998,93.33500001230277,2,1,1,4,1,0.0,1,estabilizada,1,1,1,691.5,606.75,0.5371861457824707,0.3023926913738251,0.5374733847595038,0.27091719188150315,0.5246121347595039,0.2594726918815032,1.456619924634585,0.5210807107166968,0.23970811992355495,1.5862940427803205,0.0,0.5422353366615925,-0.25089505040129495,1.5820526302341273
2026-08-18T02:44:33.995+00:00,1787021073.9953856,180886.3758773,4.820496199972695,209,180886.2577546,24.594899994553998,93.33500001230277,3,1,1,4,1,0.0,1,estabilizada,1,1,1,596.75,454.5,0.39531436562538147,0.5534663200378418,0.40367242346780746,0.5077077138094201,0.39081117346780747,0.4962632138094202,-0.24836566101437624,0.3757593772278893,0.5008244498025547,-0.3063710541048587,0.0,0.5422353366615925,-0.25089505040129495,1.5820526302341273
2026-08-18T02:44:33.995+00:00,1787021073.9953856,180886.3759026,4.820521499990718,209,180886.2577546,24.594899994553998,93.33500001230277,10,0,0,4,1,0.0,1,estabilizada,1,1,1,,,,,,,,,,,,,nan,0.5422353366615925,-0.25089505040129495,1.5820526302341273
2026-08-18T02:44:34.137+00:00,1787021074.1377375,180886.518519,4.963137899991125,214,180886.4287697,6.050399999367073,83.67260001250543,1,0,0,4,1,0.0,1,estabilizada,1,1,1,,,,,,,,,,,,,nan,0.5422214863493882,-0.2508839430506674,1.5820539799262938
2026-08-18T02:44:34.137+00:00,1787021074.1388316,180886.5185608,4.963179699989269,214,180886.4287697,6.050399999367073,83.67260001250543,2,1,1,4,1,0.0,1,estabilizada,1,1,1,692.75,599.25,0.5392530560493469,0.3138217628002167,0.5394219243246355,0.2816967442032232,0.5265606743246356,0.27025224420322325,1.4281323862810353,0.522675522770472,0.24856912200232745,1.5266917125827988,0.0,0.5422214863493882,-0.2508839430506674,1.5820539799262938
2026-08-18T02:44:34.138+00:00,1787021074.1388316,180886.5185724,4.963191299990285,214,180886.4287697,6.050399999367073,83.67260001250543,3,1,1,4,1,0.0,1,estabilizada,1,1,1,607.25,455.5,0.41156452894210815,0.5513548851013184,0.41899735128310256,0.5057170652482672,0.40613610128310257,0.49427256524826724,-0.1500259566429807,0.38249028623633285,0.4988560357132865,-0.27076202821248774,0.0,0.5422214863493882,-0.2508839430506674,1.5820539799262938
2026-08-18T02:44:34.138+00:00,1787021074.1388316,180886.5185823,4.963201199978357,214,180886.4287697,6.050399999367073,83.67260001250543,10,0,0,4,1,0.0,1,estabilizada,1,1,1,,,,,,,,,,,,,nan,0.5422214863493882,-0.2508839430506674,1.5820539799262938
2026-08-18T02:44:34.285+00:00,1787021074.2859259,180886.6663958,5.1110146999999415,218,180886.557876,16.96559999254532,91.53149998746812,1,0,0,4,1,0.0,1,estabilizada,1,1,1,,,,,,,,,,,,,nan,0.5422103834093319,-0.2508713218817674,1.5820569952488177
2026-08-18T02:44:34.285+00:00,1787021074.2859259,180886.6664374,5.111056299996562,218,180886.557876,16.96559999254532,91.53149998746812,2,1,1,4,1,0.0,1,estabilizada,1,1,1,693.5,592.25,0.5405802130699158,0.3245706856250763,0.5406729501400643,0.29183496192412917,0.5278117001400644,0.2803904619241292,1.4505011522541837,0.5254013596729827,0.2644827642928469,1.477290063999991,0.0,0.5422103834093319,-0.2508713218817674,1.5820569952488177
2026-08-18T02:44:34.285+00:00,1787021074.2859259,180886.6664486,5.111067499994533,218,180886.557876,16.96559999254532,91.53149998746812,3,1,1,4,1,0.0,1,estabilizada,1,1,1,616.5,457.5,0.42589521408081055,0.5475648045539856,0.4325121471439083,0.5021433996393566,0.4196508971439083,0.49069889963935664,-0.15370697969713523,0.4013523611773455,0.4947351458500136,-0.2179811954720237,0.0,0.5422103834093319,-0.2508713218817674,1.5820569952488177
2026-08-18T02:44:34.285+00:00,1787021074.2859259,180886.6664611,5.111079999973299,218,180886.557876,16.96559999254532,91.53149998746812,10,0,0,4,1,0.0,1,estabilizada,1,1,1,,,,,,,,,,,,,nan,0.5422103834093319,-0.2508713218817674,1.5820569952488177
2026-08-18T02:44:34.431+00:00,1787021074.4312184,180886.8109568,5.255575699993642,223,180886.7240911,2.2674999781884253,84.57340000313707,1,0,0,4,1,0.0,1,estabilizada,1,1,1,,,,,,,,,,,,,nan,0.5422004022727921,-0.25086160488776466,1.5820584215846083
2026-08-18T02:44:34.431+00:00,1787021074.4312184,180886.8110011,5.255619999981718,223,180886.7240911,2.2674999781884253,84.57340000313707,2,1,1,4,1,0.0,1,estabilizada,1,1,1,694.0,585.0,0.5415546298027039,0.3357802629470825,0.5415913664500457,0.3024074320928001,0.5287301164500458,0.2909629320928001,1.4792894142093367,0.5260145813096014,0.26852988730700844,1.477290063999991,0.0,0.5422004022727921,-0.25086160488776466,1.5820584215846083
2026-08-18T02:44:34.431+00:00,1787021074.4312184,180886.8110122,5.2556310999789275,223,180886.7240911,2.2674999781884253,84.57340000313707,3,1,1,4,1,0.0,1,estabilizada,1,1,1,626.5,458.5,0.44136491417884827,0.545472264289856,0.4471012345350619,0.5001704933513338,0.4342399845350619,0.4887259933513338,-0.08880449593346462,0.41662135730142213,0.491626634680725,-0.16684745537070714,0.0,0.5422004022727921,-0.25086160488776466,1.5820584215846083
2026-08-18T02:44:34.431+00:00,1787021074.4312184,180886.8110218,5.255640699993819,223,180886.7240911,2.2674999781884253,84.57340000313707,10,0,0,4,1,0.0,1,estabilizada,1,1,1,,,,,,,,,,,,,nan,0.5422004022727921,-0.25086160488776466,1.5820584215846083
2026-08-18T02:44:34.575+00:00,1787021074.5751257,180886.9557568,5.400375699973665,227,180886.8605753,11.582900013308972,83.5363999940455,1,0,0,4,1,0.0,1,estabilizada,1,1,1,,,,,,,,,,,,,nan,0.5421875888009859,-0.250851241974154,1.5820601463157924
2026-08-18T02:44:34.575+00:00,1787021074.5751257,180886.955815,5.400433899980271,227,180886.8605753,11.582900013308972,83.5363999940455,2,1,1,4,1,0.0,1,estabilizada,1,1,1,695.0,578.5,0.5432491302490234,0.34586286544799805,0.5431887414385563,0.3119170829231952,0.5303274914385563,0.30047258292319523,1.4507067319613156,0.5277747510546399,0.2831913175695755,1.477290063999991,0.0,0.5421875888009859,-0.250851241974154,1.5820601463157924
2026-08-18T02:44:34.575+00:00,1787021074.5751257,180886.9558265,5.400445399980526,227,180886.8605753,11.582900013308972,83.5363999940455,3,1,1,4,1,0.0,1,estabilizada,1,1,1,634.25,458.5,0.4533514678478241,0.5451852083206177,0.4584051637546475,0.4999004062899439,0.4455439137546475,0.48845590628994395,-0.023112919962279228,0.43026782672420705,0.4898226833839958,-0.11589684450383861,0.0,0.5421875888009859,-0.250851241974154,1.5820601463157924
2026-08-18T02:44:34.575+00:00,1787021074.5751257,180886.9558382,5.4004570999823045,227,180886.8605753,11.582900013308972,83.5363999940455,10,0,0,4,1,0.0,1,estabilizada,1,1,1,,,,,,,,,,,,,nan,0.5421875888009859,-0.250851241974154,1.5820601463157924
2026-08-18T02:44:34.724+00:00,1787021074.7245662,180887.1050765,5.54969539999729,231,180886.9919104,27.373200020520017,85.76899999752641,1,0,0,4,1,0.0,1,estabilizada,1,1,1,,,,,,,,,,,,,nan,0.5421760979186176,-0.25084361261131544,1.582060386201478
2026-08-18T02:44:34.724+00:00,1787021074.7245662,180887.1051188,5.549737699999241,231,180886.9919104,27.373200020520017,85.76899999752641,2,1,1,4,1,0.0,1,estabilizada,1,1,1,698.0,572.0,0.5479204654693604,0.35591328144073486,0.5475936808004084,0.32139619161219896,0.5347324308004084,0.309951691612199,1.2906063459116963,0.528252714622678,0.28757339120505987,1.4692630418252153,0.0,0.5421760979186176,-0.25084361261131544,1.582060386201478
2026-08-18T02:44:34.724+00:00,1787021074.7245662,180887.1051319,5.549750799982576,231,180886.9919104,27.373200020520017,85.76899999752641,3,1,1,4,1,0.0,1,estabilizada,1,1,1,640.5,456.0,0.46302804350852966,0.5492665767669678,0.4675306054581472,0.5037500353807434,0.4546693554581472,0.4923055353807434,0.14100854154661774,0.4368740118015121,0.48923930253839565,-0.06712423620310438,0.0,0.5421760979186176,-0.25084361261131544,1.582060386201478
2026-08-18T02:44:34.724+00:00,1787021074.7245662,180887.1051503,5.549769199977163,231,180886.9919104,27.373200020520017,85.76899999752641,10,0,0,4,1,0.0,1,estabilizada,1,1,1,,,,,,,,,,,,,nan,0.5421760979186176,-0.25084361261131544,1.582060386201478
2026-08-18T02:44:34.872+00:00,1787021074.8720412,180887.2519782,5.696597099973587,236,180887.1611342,2.927800000179559,87.89130000513978,1,0,0,4,1,0.0,1,estabilizada,1,1,1,,,,,,,,,,,,,nan,0.542163746573105,-0.2508379698872159,1.5820597883854821
2026-08-18T02:44:34.872+00:00,1787021074.8720412,180887.2520211,5.696639999980107,236,180887.1611342,2.927800000179559,87.89130000513978,2,1,1,4,1,0.0,1,estabilizada,1,1,1,703.5,564.75,0.5563689470291138,0.367096871137619,0.5555608435361696,0.3319438787535635,0.5426995935361696,0.32049937875356355,1.1109812218034438,0.530386411731028,0.29594403116739265,1.4095549348893974,0.0,0.542163746573105,-0.2508379698872159,1.5820597883854821
2026-08-18T02:44:34.872+00:00,1787021074.8720412,180887.2520328,5.696651699981885,236,180887.1611342,2.927800000179559,87.89130000513978,3,1,1,4,1,0.0,1,estabilizada,1,1,1,643.5,454.5,0.46768075227737427,0.5517474412918091,0.4719179306291841,0.5060900726282473,0.4590566806291841,0.4946455726282474,0.3278032211110361,0.44455209253231853,0.4905103703000326,0.016051800363860197,0.0,0.542163746573105,-0.2508379698872159,1.5820597883854821
2026-08-18T02:44:34.872+00:00,1787021074.8720412,180887.2520423,5.696661199996015,236,180887.1611342,2.927800000179559,87.89130000513978,10,0,0,4,1,0.0,1,estabilizada,1,1,1,,,,,,,,,,,,,nan,0.542163746573105,-0.2508379698872159,1.5820597883854821
2026-08-18T02:44:35.013+00:00,1787021075.0136273,180887.3934898,5.8381086999725085,240,180887.2915002,18.086700001731515,83.87130001210608,1,0,0,4,1,0.0,1,estabilizada,1,1,1,,,,,,,,,,,,,nan,0.5421527093849947,-0.2508346015830321,1.5820579438218805
2026-08-18T02:44:35.013+00:00,1787021075.0136273,180887.3935405,5.8381593999802135,240,180887.2915002,18.086700001731515,83.87130001210608,2,1,1,4,1,0.0,1,estabilizada,1,1,1,707.5,562.25,0.5624268054962158,0.37087932229042053,0.5612734541558712,0.3355113047237323,0.5484122041558712,0.32406680472373234,0.912528960661355,0.5363061649808805,0.3081636558279096,1.1966722331549522,0.0,0.5421527093849947,-0.2508346015830321,1.5820579438218805
2026-08-18T02:44:35.013+00:00,1787021075.0136273,180887.3935542,5.838173099997221,240,180887.2915002,18.086700001731515,83.87130001210608,3,1,1,4,1,0.0,1,estabilizada,1,1,1,645.75,452.75,0.47117727994918823,0.5546925067901611,0.4752149251404833,0.5088677378322994,0.4623536751404833,0.49742323783229947,0.33784351400831275,0.4508124341502414,0.4923642448655764,0.15402963050625312,0.0,0.5421527093849947,-0.2508346015830321,1.5820579438218805
2026-08-18T02:44:35.013+00:00,1787021075.0136273,180887.3935656,5.838184499996714,240,180887.2915002,18.086700001731515,83.87130001210608,10,0,0,4,1,0.0,1,estabilizada,1,1,1,,,,,,,,,,,,,nan,0.5421527093849947,-0.2508346015830321,1.5820579438218805
2026-08-18T02:44:35.170+00:00,1787021075.1703181,180887.550849,5.995467899978394,244,180887.4244052,31.260699994163588,95.15690000262111,1,0,0,4,1,0.0,1,estabilizada,1,1,1,,,,,,,,,,,,,nan,0.5421422648937638,-0.2508323594036271,1.5820553941544446
2026-08-18T02:44:35.170+00:00,1787021075.1703181,180887.5508925,5.995511399989482,244,180887.4244052,31.260699994163588,95.15690000262111,2,1,1,4,1,0.0,1,estabilizada,1,1,1,710.4608154296875,561.9337768554688,0.5668500661849976,0.3712526559829712,0.5654444882738654,0.33586347075490436,0.5525832382738654,0.3244189707549044,0.6829244413813564,0.5395001397585429,0.31248120788328604,1.0835609821887182,0.0,0.5421422648937638,-0.2508323594036271,1.5820553941544446
2026-08-18T02:44:35.170+00:00,1787021075.1703181,180887.5509045,5.9955233999935444,244,180887.4244052,31.260699994163588,95.15690000262111,3,1,1,4,1,0.0,1,estabilizada,1,1,1,649.25,452.5,0.47661110758781433,0.5549958944320679,0.480339045420666,0.5091539200529251,0.46747779542066603,0.4977094200529252,0.3376511051947042,0.4584307784979482,0.49510331629515425,0.23912195940940129,0.0,0.5421422648937638,-0.2508323594036271,1.5820553941544446
2026-08-18T02:44:35.170+00:00,1787021075.1703181,180887.5509146,5.995533499983139,244,180887.4244052,31.260699994163588,95.15690000262111,10,0,0,4,1,0.0,1,estabilizada,1,1,1,,,,,,,,,,,,,nan,0.5421422648937638,-0.2508323594036271,1.5820553941544446
2026-08-18T02:44:35.315+00:00,1787021075.3154914,180887.6960192,6.1406380999833345,249,180887.5938826,14.706300018588081,87.40729998680763,1,0,0,4,1,0.0,1,estabilizada,1,1,1,,,,,,,,,,,,,nan,0.5421300600368568,-0.25082605228039967,1.5820554282687467
2026-08-18T02:44:35.315+00:00,1787021075.3154914,180887.696061,6.140679899981478,249,180887.5938826,14.706300018588081,87.40729998680763,2,1,1,4,1,0.0,1,estabilizada,1,1,1,715.25,559.5,0.574104905128479,0.3749065697193146,0.5722859195184773,0.3393098801383425,0.5594246695184772,0.32786538013834254,0.5526426213991672,0.5482247521205074,0.32023516768038285,0.7610498518658743,0.0,0.5421300600368568,-0.25082605228039967,1.5820554282687467
2026-08-18T02:44:35.315+00:00,1787021075.3154914,180887.696078,6.140696899994509,249,180887.5938826,14.706300018588081,87.40729998680763,3,1,1,4,1,0.0,1,estabilizada,1,1,1,656.25,449.25,0.48752665519714355,0.5603784918785095,0.49063293475458736,0.5142306719793069,0.47777168475458737,0.502786171979307,0.4028178115235989,0.4604500387481449,0.4956211140823751,0.2785289864141778,0.0,0.5421300600368568,-0.25082605228039967,1.5820554282687467
2026-08-18T02:44:35.315+00:00,1787021075.3154914,180887.6960942,6.140713099972345,249,180887.5938826,14.706300018588081,87.40729998680763,10,0,0,4,1,0.0,1,estabilizada,1,1,1,,,,,,,,,,,,,nan,0.5421300600368568,-0.25082605228039967,1.5820554282687467
2026-08-18T02:44:35.467+00:00,1787021075.4675272,180887.8479933,6.292612199991709,254,180887.7586438,2.210199978435412,87.11530000437051,1,0,0,4,1,0.0,1,estabilizada,1,1,1,,,,,,,,,,,,,nan,0.5421166355399812,-0.2508176496681845,1.5820560376116135
2026-08-18T02:44:35.467+00:00,1787021075.4675272,180887.8480349,6.292653799988329,254,180887.7586438,2.210199978435412,87.11530000437051,2,1,1,4,1,0.0,1,estabilizada,1,1,1,720.0,559.0,0.5812204480171204,0.3754971921443939,0.5789959104285178,0.3398673949545106,0.5661346604285178,0.32842289495451066,0.39819739077001837,0.5527904959163661,0.32332405708704304,0.6164341498954066,0.0,0.5421166355399812,-0.2508176496681845,1.5820560376116135
2026-08-18T02:44:35.467+00:00,1787021075.4675272,180887.8480493,6.292668199981563,254,180887.7586438,2.210199978435412,87.11530000437051,3,1,1,4,1,0.0,1,estabilizada,1,1,1,665.5,444.25,0.5020226240158081,0.5687510371208191,0.5043034920453775,0.5221274156703641,0.4914422420453775,0.5106829156703642,0.4791534372912127,0.47534690295806015,0.5018635628671906,0.3499721381823487,0.0,0.5421166355399812,-0.2508176496681845,1.5820560376116135
2026-08-18T02:44:35.467+00:00,1787021075.4675272,180887.8480608,6.292679699981818,254,180887.7586438,2.210199978435412,87.11530000437051,10,0,0,4,1,0.0,1,estabilizada,1,1,1,,,,,,,,,,,,,nan,0.5421166355399812,-0.2508176496681845,1.5820560376116135
2026-08-18T02:44:35.609+00:00,1787021075.6091428,180887.9893469,6.433965799980797,258,180887.8906862,15.959399985149503,82.6734000002034,1,0,0,4,1,0.0,1,estabilizada,1,1,1,,,,,,,,,,,,,nan,0.5421019969059688,-0.2508071461748138,1.5820573454284084
2026-08-18T02:44:35.609+00:00,1787021075.6091428,180887.9893874,6.4340062999981456,258,180887.8906862,15.959399985149503,82.6734000002034,2,1,1,4,1,0.0,1,estabilizada,1,1,1,723.5,559.5,0.5864195823669434,0.3745530843734741,0.5838984457576963,0.3389776225155444,0.5710371957576963,0.32753312251554445,0.2767852099041094,0.5582166760470431,0.32524210754934607,0.5277965482439382,0.0,0.5421019969059688,-0.2508071461748138,1.5820573454284084
2026-08-18T02:44:35.609+00:00,1787021075.6091428,180887.9894179,6.434036799997557,258,180887.8906862,15.959399985149503,82.6734000002034,3,1,1,4,1,0.0,1,estabilizada,1,1,1,672.75,440.0,0.5134428143501282,0.5759229063987732,0.5150731765095524,0.528891928067533,0.5022119265095524,0.5174474280675331,0.5342860096864578,0.48296173280771737,0.5057210653543442,0.4025796926613881,0.0,0.5421019969059688,-0.2508071461748138,1.5820573454284084
2026-08-18T02:44:35.609+00:00,1787021075.6091428,180887.9894288,6.434047699993243,258,180887.8906862,15.959399985149503,82.6734000002034,10,0,0,4,1,0.0,1,estabilizada,1,1,1,,,,,,,,,,,,,nan,0.5421019969059688,-0.2508071461748138,1.5820573454284084
2026-08-18T02:44:35.764+00:00,1787021075.7645254,180888.1448434,6.589462299976731,263,180888.0576455,2.2622999968007207,84.90790001815185,1,0,0,4,1,0.0,1,estabilizada,1,1,1,,,,,,,,,,,,,nan,0.5420867967916464,-0.25079398733530023,1.582061597505047
2026-08-18T02:44:35.764+00:00,1787021075.7645254,180888.1448883,6.589507199998479,263,180888.0576455,2.2622999968007207,84.90790001815185,2,1,1,4,1,0.0,1,estabilizada,1,1,1,727.5,559.75,0.5923798680305481,0.3739847242832184,0.5895188059716249,0.3384424393719715,0.5766575559716249,0.3269979393719715,0.09384495579426781,0.5610965007052905,0.32587978798963757,0.4143033788279356,0.0,0.5420867967916464,-0.25079398733530023,1.582061597505047
2026-08-18T02:44:35.764+00:00,1787021075.7645254,180888.1449003,6.589519199973438,263,180888.0576455,2.2622999968007207,84.90790001815185,3,1,1,4,1,0.0,1,estabilizada,1,1,1,682.0,434.25,0.5280968546867371,0.585695743560791,0.5288927116820825,0.5381096850284474,0.5160314616820825,0.5266651850284474,0.6261251983292144,0.49203578086111516,0.5110174374846891,0.4573500676910291,0.0,0.5420867967916464,-0.25079398733530023,1.582061597505047
2026-08-18T02:44:35.764+00:00,1787021075.7645254,180888.1451401,6.589758999994956,263,180888.0576455,2.2622999968007207,84.90790001815185,10,0,0,4,1,0.0,1,estabilizada,1,1,1,,,,,,,,,,,,,nan,0.5420867967916464,-0.25079398733530023,1.582061597505047
2026-08-18T02:44:35.912+00:00,1787021075.9128854,180888.2933979,6.7380167999945115,267,180888.1902351,14.959500025724992,88.18069999688305,1,0,0,4,1,0.0,1,estabilizada,1,1,1,,,,,,,,,,,,,nan,0.5420672461975541,-0.25077547398914096,1.5820697298789417
2026-08-18T02:44:35.912+00:00,1787021075.9128854,180888.2934383,6.738057199981995,267,180888.1902351,14.959500025724992,88.18069999688305,2,1,1,4,1,0.0,1,estabilizada,1,1,1,734.0,559.75,0.6020947694778442,0.3737063407897949,0.598679953434534,0.338181128298431,0.5858187034345339,0.32673662829843103,0.05865755440981674,0.5665650803136545,0.32643410897117375,0.2697150698690117,0.0,0.5420672461975541,-0.25077547398914096,1.5820697298789417
2026-08-18T02:44:35.912+00:00,1787021075.9128854,180888.2934499,6.738068799983012,267,180888.1902351,14.959500025724992,88.18069999688305,3,1,1,4,1,0.0,1,estabilizada,1,1,1,688.5,431.25,0.5384076833724976,0.5907564163208008,0.5386158667717718,0.5428837665269828,0.5257546167717717,0.5314392665269828,0.5813401028821376,0.5102517970266343,0.5224760027555116,0.534410382591972,0.0,0.5420672461975541,-0.25077547398914096,1.5820697298789417
2026-08-18T02:44:35.912+00:00,1787021075.9128854,180888.2934596,6.7380784999986645,267,180888.1902351,14.959500025724992,88.18069999688305,10,0,0,4,1,0.0,1,estabilizada,1,1,1,,,,,,,,,,,,,nan,0.5420672461975541,-0.25077547398914096,1.5820697298789417
2026-08-18T02:44:36.062+00:00,1787021076.0620153,180888.4419124,6.886531299998751,271,180888.3247879,26.576100004604086,90.52530000917614,1,0,0,4,1,0.0,1,estabilizada,1,1,1,,,,,,,,,,,,,nan,0.5420450593375441,-0.2507529142839952,1.5820805548610701
2026-08-18T02:44:36.062+00:00,1787021076.0620153,180888.4419544,6.8865732999984175,271,180888.3247879,26.576100004604086,90.52530000917614,2,1,1,4,1,0.0,1,estabilizada,1,1,1,739.75,559.75,0.6106926202774048,0.3734598159790039,0.6067874585170859,0.33795015400189726,0.593926208517086,0.3265056540018973,0.061002980526447634,0.5799586234581169,0.32666397132362635,0.16964951614917484,0.0,0.5420450593375441,-0.2507529142839952,1.5820805548610701
2026-08-18T02:44:36.062+00:00,1787021076.0620153,180888.4419657,6.88658459999715,271,180888.3247879,26.576100004604086,90.52530000917614,3,1,1,4,1,0.0,1,estabilizada,1,1,1,695.25,425.75,0.5492446422576904,0.6002594828605652,0.5488350787491685,0.5518478419313608,0.5359738287491684,0.5404033419313609,0.5702536400011814,0.5171386715000863,0.5269274620331377,0.5674041695425145,0.0,0.5420450593375441,-0.2507529142839952,1.5820805548610701
2026-08-18T02:44:36.062+00:00,1787021076.0620153,180888.4419758,6.886594699986745,271,180888.3247879,26.576100004604086,90.52530000917614,10,0,0,4,1,0.0,1,estabilizada,1,1,1,,,,,,,,,,,,,nan,0.5420450593375441,-0.2507529142839952,1.5820805548610701
2026-08-18T02:44:36.218+00:00,1787021076.218368,180888.5984911,7.0431099999987055,276,180888.4920277,13.34050000878051,93.0979999830015,1,0,0,4,1,0.0,1,estabilizada,1,1,1,,,,,,,,,,,,,nan,0.5420252715333825,-0.2507306161555879,1.5820921649220128
2026-08-18T02:44:36.218+00:00,1787021076.218368,180888.5985414,7.043160299974261,276,180888.4920277,13.34050000878051,93.0979999830015,2,1,1,4,1,0.0,1,estabilizada,1,1,1,747.75,559.0,0.6227142810821533,0.37430840730667114,0.6181241497229304,0.3387520008223648,0.6052628997229303,0.3273075008223648,0.09027610154866986,0.585991685343088,0.32672312305027185,0.13198816781165928,0.0,0.5420252715333825,-0.2507306161555879,1.5820921649220128
2026-08-18T02:44:36.218+00:00,1787021076.218368,180888.5985572,7.0431760999781545,276,180888.4920277,13.34050000878051,93.0979999830015,3,1,1,4,1,0.0,1,estabilizada,1,1,1,703.25,419.5,0.5621523261070251,0.6111089587211609,0.5610073644216121,0.5620817506616791,0.5481461144216122,0.5506372506616791,0.6637416098463833,0.5257369781362683,0.5333602772240923,0.5940433601742172,0.0,0.5420252715333825,-0.2507306161555879,1.5820921649220128
2026-08-18T02:44:36.218+00:00,1787021076.218368,180888.5985748,7.043193699995754,276,180888.4920277,13.34050000878051,93.0979999830015,10,0,0,4,1,0.0,1,estabilizada,1,1,1,,,,,,,,,,,,,nan,0.5420252715333825,-0.2507306161555879,1.5820921649220128
2026-08-18T02:44:36.379+00:00,1787021076.3797178,180888.7597371,7.204355999972904,281,180888.6574051,14.497199998004362,87.77660000487231,1,0,0,4,1,0.0,1,estabilizada,1,1,1,,,,,,,,,,,,,nan,0.5420154754536197,-0.25071072853383686,1.5821038357429649
2026-08-18T02:44:36.379+00:00,1787021076.3797178,180888.7598073,7.204426199983573,281,180888.6574051,14.497199998004362,87.77660000487231,2,1,1,4,1,0.0,1,estabilizada,1,1,1,755.25,558.75,0.6339656114578247,0.37438422441482544,0.6287349103790347,0.3388248986016999,0.6158736603790347,0.32738039860169993,0.14810965382380012,0.5910408911617261,0.3267597167327099,0.12240368633370252,0.0,0.5420154754536197,-0.25071072853383686,1.5821038357429649
2026-08-18T02:44:36.379+00:00,1787021076.3797178,180888.7598291,7.204447999974946,281,180888.6574051,14.497199998004362,87.77660000487231,3,1,1,4,1,0.0,1,estabilizada,1,1,1,711.25,413.0,0.5751525163650513,0.6224747896194458,0.5732674734148657,0.5728025147292892,0.5604062234148657,0.5613580147292893,0.8712508251976523,0.5367788469035414,0.5419405061970717,0.6286214513116279,0.0,0.5420154754536197,-0.25071072853383686,1.5821038357429649
2026-08-18T02:44:36.379+00:00,1787021076.3797178,180888.7598422,7.204461099987384,281,180888.6574051,14.497199998004362,87.77660000487231,10,0,0,4,1,0.0,1,estabilizada,1,1,1,,,,,,,,,,,,,nan,0.5420154754536197,-0.25071072853383686,1.5821038357429649
2026-08-18T02:44:36.528+00:00,1787021076.5289817,180888.9092354,7.353854299988598,285,180888.7914765,24.911400018027052,92.82379999058321,1,0,0,4,1,0.0,1,estabilizada,1,1,1,,,,,,,,,,,,,nan,0.5420106422152724,-0.2506917302198139,1.5821160447417215
2026-08-18T02:44:36.528+00:00,1787021076.5289817,180888.9092773,7.353896199987503,285,180888.7914765,24.911400018027052,92.82379999058321,2,1,1,4,1,0.0,1,estabilizada,1,1,1,762.0,558.25,0.6441201567649841,0.374889612197876,0.6383115712696172,0.3393028921183237,0.6254503212696172,0.32785839211832374,0.11919468473761426,0.6004837057308116,0.3270298342102097,0.12240368633370252,0.0,0.5420106422152724,-0.2506917302198139,1.5821160447417215
2026-08-18T02:44:36.528+00:00,1787021076.5289817,180888.9092884,7.353907299984712,285,180888.7914765,24.911400018027052,92.82379999058321,3,1,1,4,1,0.0,1,estabilizada,1,1,1,716.5,408.0,0.5837678909301758,0.6312974095344543,0.5813924947657593,0.581124716550456,0.5685312447657593,0.5696802165504561,0.849557060023626,0.5547739685740659,0.5569949947752338,0.706809666544808,0.0,0.5420106422152724,-0.2506917302198139,1.5821160447417215
2026-08-18T02:44:36.528+00:00,1787021076.5289817,180888.9093003,7.353919199988013,285,180888.7914765,24.911400018027052,92.82379999058321,10,0,0,4,1,0.0,1,estabilizada,1,1,1,,,,,,,,,,,,,nan,0.5420106422152724,-0.2506917302198139,1.5821160447417215
2026-08-18T02:44:36.680+00:00,1787021076.6808887,180889.0614728,7.5060916999937035,290,180888.9589367,10.026700008893386,92.48500000103377,1,0,0,4,1,0.0,1,estabilizada,1,1,1,,,,,,,,,,,,,nan,0.5420037523393548,-0.2506776988344158,1.5821244498763558
2026-08-18T02:44:36.680+00:00,1787021076.6808887,180889.0615328,7.506151699984912,290,180888.9589367,10.026700008893386,92.48500000103377,2,1,1,4,1,0.0,1,estabilizada,1,1,1,769.75,557.0,0.6558476090431213,0.3765471279621124,0.6493715400435305,0.3408671064466753,0.6365102900435304,0.3294226064466753,0.20438637195355158,0.6120911758569215,0.32753464625638873,0.12240368633370252,0.0,0.5420037523393548,-0.2506776988344158,1.5821244498763558
2026-08-18T02:44:36.681+00:00,1787021076.6818943,180889.0616712,7.50629009999102,290,180888.9589367,10.026700008893386,92.48500000103377,3,1,1,4,1,0.0,1,estabilizada,1,1,1,723.25,402.0,0.5948823690414429,0.6419263482093811,0.5918743404988337,0.5911500870624025,0.5790130904988338,0.5797055870624025,0.870997494132363,0.5584368718395708,0.5603756523203312,0.7360934032031644,0.0,0.5420037523393548,-0.2506776988344158,1.5821244498763558
2026-08-18T02:44:36.681+00:00,1787021076.6818943,180889.061697,7.506315899983747,290,180888.9589367,10.026700008893386,92.48500000103377,10,0,0,4,1,0.0,1,estabilizada,1,1,1,,,,,,,,,,,,,nan,0.5420037523393548,-0.2506776988344158,1.5821244498763558
2026-08-18T02:44:36.829+00:00,1787021076.8298025,180889.2095466,7.654165499989176,294,180889.0906025,31.98370002792217,86.92829997744411,1,0,0,4,1,0.0,1,estabilizada,1,1,1,,,,,,,,,,,,,nan,0.5419983042092722,-0.25066469653708207,1.5821327065499988
2026-08-18T02:44:36.829+00:00,1787021076.8298025,180889.2095913,7.654210199980298,294,180889.0906025,31.98370002792217,86.92829997744411,2,1,1,4,1,0.0,1,estabilizada,1,1,1,774.5,556.0,0.6630628705024719,0.37793636322021484,0.6561760834957439,0.34217824056467455,0.6433148334957439,0.3307337405646746,0.16588195100511316,0.6289893076112564,0.328813278469715,0.14087173524720423,0.0,0.5419983042092722,-0.25066469653708207,1.5821327065499988
2026-08-18T02:44:36.829+00:00,1787021076.8298025,180889.2096199,7.654238799994346,294,180889.0906025,31.98370002792217,86.92829997744411,3,1,1,4,1,0.0,1,estabilizada,1,1,1,728.75,397.75,0.6039449572563171,0.6494680047035217,0.6004211069805768,0.5982637392356083,0.5875598569805769,0.5868192392356083,0.7793394023215819,0.566243840130018,0.5677538503290914,0.7669978220533029,0.0,0.5419983042092722,-0.25066469653708207,1.5821327065499988
2026-08-18T02:44:36.829+00:00,1787021076.8298025,180889.2096306,7.654249499988509,294,180889.0906025,31.98370002792217,86.92829997744411,10,0,0,4,1,0.0,1,estabilizada,1,1,1,,,,,,,,,,,,,nan,0.5419983042092722,-0.25066469653708207,1.5821327065499988
2026-08-18T02:44:36.973+00:00,1787021076.973402,180889.3539622,7.798581099981675,299,180889.2570178,10.708499990869313,86.21219999622554,1,0,0,4,1,0.0,1,estabilizada,1,1,1,,,,,,,,,,,,,nan,0.5419951621990639,-0.2506545608621743,1.582140124784867
2026-08-18T02:44:36.973+00:00,1787021076.973402,180889.3540232,7.798642099980498,299,180889.2570178,10.708499990869313,86.21219999622554,2,1,1,4,1,0.0,1,estabilizada,1,1,1,782.0,554.5,0.6744696497917175,0.3800079822540283,0.6669338419978534,0.34413275983137703,0.6540725919978534,0.33268825983137706,0.2042858864647843,0.6404327339993653,0.3303370144197592,0.14087173524720423,0.0,0.5419951621990639,-0.2506545608621743,1.582140124784867
2026-08-18T02:44:36.973+00:00,1787021076.973402,180889.3540398,7.798658699990483,299,180889.2570178,10.708499990869313,86.21219999622554,3,1,1,4,1,0.0,1,estabilizada,1,1,1,736.25,393.75,0.6162412166595459,0.6565175652503967,0.6120177317755177,0.604913102364258,0.5991564817755177,0.593468602364258,0.6561627727876902,0.583163818006221,0.5821065450370015,0.7414156044330794,0.0,0.5419951621990639,-0.2506545608621743,1.582140124784867
2026-08-18T02:44:36.973+00:00,1787021076.973402,180889.3540663,7.79868519998854,299,180889.2570178,10.708499990869313,86.21219999622554,10,0,0,4,1,0.0,1,estabilizada,1,1,1,,,,,,,,,,,,,nan,0.5419951621990639,-0.2506545608621743,1.582140124784867
2026-08-18T02:44:37.117+00:00,1787021077.1179545,180889.4985339,7.943152799998643,303,180889.3932105,20.167999988188967,85.13309998670593,1,0,0,4,1,0.0,1,estabilizada,1,1,1,,,,,,,,,,,,,nan,0.5419955583022039,-0.25064519374024263,1.5821481225612266
2026-08-18T02:44:37.117+00:00,1787021077.1179545,180889.4985752,7.943194099992979,303,180889.3932105,20.167999988188967,85.13309998670593,2,1,1,4,1,0.0,1,estabilizada,1,1,1,789.25,553.25,0.6854973435401917,0.38169389963150024,0.6773342894700636,0.3457234885227549,0.6644730394700635,0.33427898852275495,0.1878761514427668,0.6467474428608659,0.33132646373434854,0.14087173524720423,0.0,0.5419955583022039,-0.25064519374024263,1.5821481225612266
2026-08-18T02:44:37.117+00:00,1787021077.1179545,180889.4985876,7.9432065000000875,303,180889.3932105,20.167999988188967,85.13309998670593,3,1,1,4,1,0.0,1,estabilizada,1,1,1,742.5,390.75,0.6265019774436951,0.6618025898933411,0.6216948562808408,0.6098982837440002,0.6088336062808408,0.5984537837440003,0.5830299638030686,0.5873691527056202,0.5851688139670852,0.7207079092254414,0.0,0.5419955583022039,-0.25064519374024263,1.5821481225612266
2026-08-18T02:44:37.117+00:00,1787021077.1179545,180889.4985977,7.943216599989682,303,180889.3932105,20.167999988188967,85.13309998670593,10,0,0,4,1,0.0,1,estabilizada,1,1,1,,,,,,,,,,,,,nan,0.5419955583022039,-0.25064519374024263,1.5821481225612266
2026-08-18T02:44:37.263+00:00,1787021077.2631185,180889.6436872,8.088306099991314,308,180889.5562985,2.8538999904412776,84.49000000837259,1,0,0,4,1,0.0,1,estabilizada,1,1,1,,,,,,,,,,,,,nan,0.5420009543898631,-0.2506365931748236,1.582157650508007
2026-08-18T02:44:37.263+00:00,1787021077.2631185,180889.6437375,8.088356399995973,308,180889.5562985,2.8538999904412776,84.49000000837259,2,1,1,4,1,0.0,1,estabilizada,1,1,1,796.75,552.25,0.6968963146209717,0.3829716742038727,0.6880851936708415,0.34692928358257585,0.6752239436708416,0.3354847835825759,0.21722909760754,0.6543724438876508,0.33240421799855513,0.16180946206394245,0.0,0.5420009543898631,-0.2506365931748236,1.582157650508007
2026-08-18T02:44:37.263+00:00,1787021077.2631185,180889.6437588,8.088377699983539,308,180889.5562985,2.8538999904412776,84.49000000837259,3,1,1,4,1,0.0,1,estabilizada,1,1,1,750.4225463867188,387.3558044433594,0.6395248174667358,0.6677750945091248,0.6339772364945739,0.6155318481644791,0.6211159864945739,0.6040873481644792,0.472434966905197,0.5902775309165837,0.5872224821991078,0.6910740357432709,0.0,0.5420009543898631,-0.2506365931748236,1.582157650508007
2026-08-18T02:44:37.263+00:00,1787021077.2631185,180889.6437808,8.088399699976435,308,180889.5562985,2.8538999904412776,84.49000000837259,10,0,0,4,1,0.0,1,estabilizada,1,1,1,,,,,,,,,,,,,nan,0.5420009543898631,-0.2506365931748236,1.582157650508007
2026-08-18T02:44:37.418+00:00,1787021077.4185407,180889.7986594,8.243278299982194,312,180889.6906509,21.260499983327463,86.72389999264851,1,0,0,4,1,0.0,1,estabilizada,1,1,1,,,,,,,,,,,,,nan,0.542009551247396,-0.25062520211790223,1.582169644468763
2026-08-18T02:44:37.418+00:00,1787021077.4185407,180889.7987012,8.243320099980338,312,180889.6906509,21.260499983327463,86.72389999264851,2,1,1,4,1,0.0,1,estabilizada,1,1,1,803.0,548.5,0.7067078948020935,0.38871604204177856,0.6973392085984723,0.3523478104962345,0.6844779585984724,0.3409033104962345,0.4310324752875451,0.6696241514332082,0.3356386267411108,0.23135767706541796,0.0,0.542009551247396,-0.25062520211790223,1.582169644468763
2026-08-18T02:44:37.418+00:00,1787021077.4185407,180889.7987129,8.243331799982116,312,180889.6906509,21.260499983327463,86.72389999264851,3,1,1,4,1,0.0,1,estabilizada,1,1,1,757.5,385.5,0.6510979533195496,0.6709585785865784,0.6448925781748441,0.6185352872199612,0.6320313281748442,0.6070907872199612,0.46734833937357295,0.6035412727038159,0.5946843185297281,0.6339884041124787,0.0,0.542009551247396,-0.25062520211790223,1.582169644468763
2026-08-18T02:44:37.418+00:00,1787021077.4185407,180889.7987256,8.243344499991508,312,180889.6906509,21.260499983327463,86.72389999264851,10,0,0,4,1,0.0,1,estabilizada,1,1,1,,,,,,,,,,,,,nan,0.542009551247396,-0.25062520211790223,1.582169644468763
2026-08-18T02:44:37.563+00:00,1787021077.563581,180889.9436393,8.388258199993288,316,180889.8250581,33.948600001167506,84.6093000145629,1,0,0,4,1,0.0,1,estabilizada,1,1,1,,,,,,,,,,,,,nan,0.542016474806365,-0.2506132625382132,1.5821821959062858
2026-08-18T02:44:37.563+00:00,1787021077.563581,180889.9436823,8.38830120000057,316,180889.8250581,33.948600001167506,84.6093000145629,2,1,1,4,1,0.0,1,estabilizada,1,1,1,808.25,541.5,0.7153884768486023,0.39976727962493896,0.7055264772481937,0.36277138310547713,0.6926652272481937,0.35132688310547716,0.8152402493473988,0.6804818204464171,0.3411316181643933,0.5328464646870155,0.0,0.542016474806365,-0.2506132625382132,1.5821821959062858
2026-08-18T02:44:37.563+00:00,1787021077.563581,180889.9436947,8.388313599978574,316,180889.8250581,33.948600001167506,84.6093000145629,3,1,1,4,1,0.0,1,estabilizada,1,1,1,766.0,383.0,0.6650582551956177,0.6752932667732239,0.65805921282004,0.6226244983762337,0.6451979628200399,0.6111799983762337,0.3000675822312132,0.6263419049944648,0.6040847140203429,0.5266388920788663,0.0,0.542016474806365,-0.2506132625382132,1.5821821959062858
2026-08-18T02:44:37.563+00:00,1787021077.563581,180889.943708,8.388326899992535,316,180889.8250581,33.948600001167506,84.6093000145629,10,0,0,4,1,0.0,1,estabilizada,1,1,1,,,,,,,,,,,,,nan,0.542016474806365,-0.2506132625382132,1.5821821959062858
2026-08-18T02:44:37.727+00:00,1787021077.727614,180890.1081326,8.552751499984879,321,180889.9932339,10.899200016865507,103.97169998032041,1,0,0,4,1,0.0,1,estabilizada,1,1,1,,,,,,,,,,,,,nan,0.5420208816461963,-0.25060074169512936,1.582195823151529
2026-08-18T02:44:37.727+00:00,1787021077.727614,180890.1082783,8.552897199988365,321,180889.9932339,10.899200016865507,103.97169998032041,2,1,1,4,1,0.0,1,estabilizada,1,1,1,810.0,534.5,0.7187982201576233,0.4110337793827057,0.7087425998398185,0.37339804174158675,0.6958813498398184,0.3619535417415868,1.0680697186338806,0.6857060261328052,0.3455033150096203,0.7713611659279447,0.0,0.5420208816461963,-0.25060074169512936,1.582195823151529
2026-08-18T02:44:37.727+00:00,1787021077.727614,180890.1083242,8.552943099988624,321,180889.9932339,10.899200016865507,103.97169998032041,3,1,1,4,1,0.0,1,estabilizada,1,1,1,774.25,382.5,0.6784585118293762,0.6759452223777771,0.6706975339928735,0.623240534660639,0.6578362839928735,0.611796034660639,0.2665013373364854,0.6454218669399079,0.6092306228248681,0.3864909655693593,0.0,0.5420208816461963,-0.25060074169512936,1.582195823151529
2026-08-18T02:44:37.727+00:00,1787021077.727614,180890.1083486,8.552967499999795,321,180889.9932339,10.899200016865507,103.97169998032041,10,0,0,4,1,0.0,1,estabilizada,1,1,1,,,,,,,,,,,,,nan,0.5420208816461963,-0.25060074169512936,1.582195823151529
2026-08-18T02:44:37.890+00:00,1787021077.8907933,180890.2714048,8.716023699991638,326,180890.1588306,11.920499993721023,100.62929999548942,1,0,0,4,1,0.0,1,estabilizada,1,1,1,,,,,,,,,,,,,nan,0.5420285982752839,-0.25059113044943226,1.5822073718040266
2026-08-18T02:44:37.890+00:00,1787021077.8907933,180890.2714601,8.716078999976162,326,180890.1588306,11.920499993721023,100.62929999548942,2,1,1,4,1,0.0,1,estabilizada,1,1,1,809.5,528.5,0.7186863422393799,0.4208272099494934,0.708637598161895,0.38263521836055014,0.695776348161895,0.3711907183605502,1.3444296772851299,0.6916397849997342,0.3570917769497288,1.1102314135879419,0.0,0.5420285982752839,-0.25059113044943226,1.5822073718040266
2026-08-18T02:44:37.891+00:00,1787021077.8917925,180890.2714807,8.716099599987501,326,180890.1588306,11.920499993721023,100.62929999548942,3,1,1,4,1,0.0,1,estabilizada,1,1,1,783.75,382.25,0.6938753724098206,0.6760945916175842,0.6852379397220142,0.623382338804012,0.6723766897220143,0.611937838804012,0.15720590638091964,0.6567853330156279,0.6107110424632668,0.2844572261589139,0.0,0.5420285982752839,-0.25059113044943226,1.5822073718040266
2026-08-18T02:44:37.891+00:00,1787021077.8917925,180890.2715007,8.716119599994272,326,180890.1588306,11.920499993721023,100.62929999548942,10,0,0,4,1,0.0,1,estabilizada,1,1,1,,,,,,,,,,,,,nan,0.5420285982752839,-0.25059113044943226,1.5822073718040266
2026-08-18T02:44:38.042+00:00,1787021078.0423298,180890.4221814,8.866800299991155,331,180890.3242606,12.330600002314895,85.56479998514988,1,0,0,4,1,0.0,1,estabilizada,1,1,1,,,,,,,,,,,,,nan,0.5420383511742759,-0.2505797066691275,1.5822201533696256
2026-08-18T02:44:38.042+00:00,1787021078.0423298,180890.4222237,8.866842599993106,331,180890.3242606,12.330600002314895,85.56479998514988,2,1,1,4,1,0.0,1,estabilizada,1,1,1,809.0,523.75,0.7184373736381531,0.42861878871917725,0.7084034273583397,0.38998455412498095,0.6955421773583397,0.378540054124981,1.458419960159322,0.6938958135114337,0.36670979096623724,1.29764715172781,0.0,0.5420383511742759,-0.2505797066691275,1.5822201533696256
2026-08-18T02:44:38.042+00:00,1787021078.0423298,180890.4222358,8.86685469999793,331,180890.3242606,12.330600002314895,85.56479998514988,3,1,1,4,1,0.0,1,estabilizada,1,1,1,793.25,381.5,0.7093648314476013,0.67717045545578,0.6998469503913352,0.6243980808823564,0.6869857003913351,0.6129535808823564,0.12261198921959526,0.6705651994967694,0.6117990969072791,0.20114531502222002,0.0,0.5420383511742759,-0.2505797066691275,1.5822201533696256
2026-08-18T02:44:38.042+00:00,1787021078.0423298,180890.4222486,8.86686749997898,331,180890.3242606,12.330600002314895,85.56479998514988,10,0,0,4,1,0.0,1,estabilizada,1,1,1,,,,,,,,,,,,,nan,0.5420383511742759,-0.2505797066691275,1.5822201533696256
2026-08-18T02:44:38.188+00:00,1787021078.1885262,180890.5685521,9.013170999998692,335,180890.4564625,26.06579998973757,85.99049999611452,1,0,0,4,1,0.0,1,estabilizada,1,1,1,,,,,,,,,,,,,nan,0.5420460753471766,-0.2505677339938137,1.58223181622045
2026-08-18T02:44:38.188+00:00,1787021078.1885262,180890.5685961,9.013214999984484,335,180890.4564625,26.06579998973757,85.99049999611452,2,1,1,4,1,0.0,1,estabilizada,1,1,1,808.75,519.0,0.7185702919960022,0.43643084168434143,0.7085292984225416,0.39735321021645076,0.6956680484225417,0.3859087102164508,1.458506875312352,0.6945652193744615,0.3716087527063081,1.3589341050337793,0.0,0.5420460753471766,-0.2505677339938137,1.58223181622045
2026-08-18T02:44:38.188+00:00,1787021078.1885262,180890.5686071,9.013225999980932,335,180890.4564625,26.06579998973757,85.99049999611452,3,1,1,4,1,0.0,1,estabilizada,1,1,1,802.25,381.5,0.723976731300354,0.6768734455108643,0.71362821038962,0.6241190353797312,0.70076696038962,0.6126745353797313,0.11827290910836508,0.6779839783223771,0.6122954440756266,0.17040475315780948,0.0,0.5420460753471766,-0.2505677339938137,1.58223181622045
2026-08-18T02:44:38.188+00:00,1787021078.1885262,180890.5686429,9.013261799991596,335,180890.4564625,26.06579998973757,85.99049999611452,10,0,0,4,1,0.0,1,estabilizada,1,1,1,,,,,,,,,,,,,nan,0.5420460753471766,-0.2505677339938137,1.58223181622045
2026-08-18T02:44:38.334+00:00,1787021078.3349335,180890.7155253,9.160144199995557,340,180890.625416,3.2866999972611666,86.79890001076274,1,0,0,4,1,0.0,1,estabilizada,1,1,1,,,,,,,,,,,,,nan,0.5420534755371793,-0.2505563247077085,1.5822428615361586
2026-08-18T02:44:38.334+00:00,1787021078.3349335,180890.7155675,9.160186399996746,340,180890.625416,3.2866999972611666,86.79890001076274,2,1,1,4,1,0.0,1,estabilizada,1,1,1,809.0,511.75,0.7197465300559998,0.4483904242515564,0.7096391215819509,0.40863343818099773,0.6967778715819508,0.39718893818099776,1.4831605400848387,0.6951044021306662,0.3775227158759138,1.398905415730728,0.0,0.5420534755371793,-0.2505563247077085,1.5822428615361586
2026-08-18T02:44:38.334+00:00,1787021078.3349335,180890.715579,9.160197899997002,340,180890.625416,3.2866999972611666,86.79890001076274,3,1,1,4,1,0.0,1,estabilizada,1,1,1,813.5,377.5,0.7427674531936646,0.6839339137077332,0.7313505851336339,0.6307789123473634,0.7184893351336339,0.6193344123473634,0.2245209707526008,0.688636121008946,0.6126033262122306,0.17040475315780948,0.0,0.5420534755371793,-0.2505563247077085,1.5822428615361586
2026-08-18T02:44:38.334+00:00,1787021078.3349335,180890.7155886,9.16020749998279,340,180890.625416,3.2866999972611666,86.79890001076274,10,0,0,4,1,0.0,1,estabilizada,1,1,1,,,,,,,,,,,,,nan,0.5420534755371793,-0.2505563247077085,1.5822428615361586
2026-08-18T02:44:38.494+00:00,1787021078.4948027,180890.8751653,9.319784199993592,344,180890.7564026,28.343599988147616,90.39540000958368,1,0,0,4,1,0.0,1,estabilizada,1,1,1,,,,,,,,,,,,,nan,0.5420573273284292,-0.25054466212122123,1.5822532561020353
2026-08-18T02:44:38.494+00:00,1787021078.4948027,180890.8752091,9.31982799997786,344,180890.7564026,28.343599988147616,90.39540000958368,2,1,1,4,1,0.0,1,estabilizada,1,1,1,808.75,506.25,0.7199663519859314,0.4575294554233551,0.7098467253348723,0.41725355753327537,0.6969854753348723,0.4058090575332754,1.4819753555636737,0.696098812533274,0.39136006840539855,1.43783485944896,0.0,0.5420573273284292,-0.25054466212122123,1.5822532561020353
2026-08-18T02:44:38.494+00:00,1787021078.4948027,180890.8752211,9.319839999981923,344,180890.7564026,28.343599988147616,90.39540000958368,3,1,1,4,1,0.0,1,estabilizada,1,1,1,816.0,376.5,0.7469671368598938,0.6857122182846069,0.7353116810807954,0.632457077926033,0.7224504310807953,0.621012577926033,0.3523051485609643,0.7087139967950211,0.6168312369174959,0.21793128432914527,0.0,0.5420573273284292,-0.25054466212122123,1.5822532561020353
2026-08-18T02:44:38.494+00:00,1787021078.4948027,180890.8752331,9.319851999985985,344,180890.7564026,28.343599988147616,90.39540000958368,10,0,0,4,1,0.0,1,estabilizada,1,1,1,,,,,,,,,,,,,nan,0.5420573273284292,-0.25054466212122123,1.5822532561020353
2026-08-18T02:44:38.650+00:00,1787021078.6508596,180891.0311302,9.475749099976383,349,180890.9242333,16.518899996299297,90.26349999476224,1,0,0,4,1,0.0,1,estabilizada,1,1,1,,,,,,,,,,,,,nan,0.5420621191160631,-0.2505333005867612,1.5822620274853132
2026-08-18T02:44:38.651+00:00,1787021078.6518593,180891.0315321,9.476150999980746,349,180890.9242333,16.518899996299297,90.26349999476224,2,1,1,4,1,0.0,1,estabilizada,1,1,1,808.5,503.0,0.7199381589889526,0.4629533290863037,0.7098204646308298,0.42236978757729654,0.6969592146308299,0.41092528757729657,1.5704209205302333,0.6964163124623319,0.4046561266683733,1.4973017768703112,0.0,0.5420621191160631,-0.2505333005867612,1.5822620274853132
2026-08-18T02:44:38.651+00:00,1787021078.6518593,180891.0317821,9.47640099999262,349,180890.9242333,16.518899996299297,90.26349999476224,3,1,1,4,1,0.0,1,estabilizada,1,1,1,823.75,374.25,0.7599076628684998,0.6896560192108154,0.7475164794885388,0.636177494597377,0.7346552294885389,0.6247329945973771,0.37287981335259646,0.7234907792141919,0.6209394663627746,0.2962467180507677,0.0,0.5420621191160631,-0.2505333005867612,1.5822620274853132
2026-08-18T02:44:38.652+00:00,1787021078.6522398,180891.0319412,9.476560099981725,349,180890.9242333,16.518899996299297,90.26349999476224,10,0,0,4,1,0.0,1,estabilizada,1,1,1,,,,,,,,,,,,,nan,0.5420621191160631,-0.2505333005867612,1.5822620274853132
2026-08-18T02:44:38.815+00:00,1787021078.8152382,180891.1952676,9.639886499993736,354,180891.0898517,18.734000012045726,86.65819998714142,1,0,0,4,1,0.0,1,estabilizada,1,1,1,,,,,,,,,,,,,nan,0.5420672528154636,-0.250522630056003,1.5822695587153128
2026-08-18T02:44:38.815+00:00,1787021078.8152382,180891.1953107,9.639929599972675,354,180891.0898517,18.734000012045726,86.65819998714142,2,1,1,4,1,0.0,1,estabilizada,1,1,1,806.0,502.0,0.716191291809082,0.46472153067588806,0.7062870606222358,0.42403821340462894,0.6934258106222357,0.41259371340462897,1.8387176851238352,0.6964163124623319,0.4046561266683733,1.5579077924784346,0.0,0.5420672528154636,-0.250522630056003,1.5822695587153128
2026-08-18T02:44:38.815+00:00,1787021078.8152382,180891.1953221,9.639940999972168,354,180891.0898517,18.734000012045726,86.65819998714142,3,1,1,4,1,0.0,1,estabilizada,1,1,1,830.25,373.25,0.7706636786460876,0.6913130879402161,0.7576610406243712,0.637741170214337,0.7447997906243713,0.626296670214337,0.3184076640675087,0.7355211413642536,0.6240566777977957,0.3154647190135441,0.0,0.5420672528154636,-0.250522630056003,1.5822695587153128
2026-08-18T02:44:38.815+00:00,1787021078.8152382,180891.1953325,9.639951399993151,354,180891.0898517,18.734000012045726,86.65819998714142,10,0,0,4,1,0.0,1,estabilizada,1,1,1,,,,,,,,,,,,,nan,0.5420672528154636,-0.250522630056003,1.5822695587153128
2026-08-18T02:44:38.961+00:00,1787021078.9614038,180891.3412487,9.785867599974154,358,180891.2240481,29.614600003696978,87.56250000442378,1,0,0,4,1,0.0,1,estabilizada,1,1,1,,,,,,,,,,,,,nan,0.542072075468388,-0.2505116698688666,1.5822763657330485
2026-08-18T02:44:38.961+00:00,1787021078.9614038,180891.3412905,9.785909399972297,358,180891.2240481,29.614600003696978,87.56250000442378,2,1,1,4,1,0.0,1,estabilizada,1,1,1,805.0,502.75,0.7145656943321228,0.46350881457328796,0.7047542441746506,0.4228952751237352,0.6918929941746506,0.41145077512373524,2.0494237157558026,0.6954313512360147,0.4061356743918253,1.82161982999783,0.0,0.542072075468388,-0.2505116698688666,1.5822763657330485
2026-08-18T02:44:38.961+00:00,1787021078.9614038,180891.3413021,9.785920999973314,358,180891.2240481,29.614600003696978,87.56250000442378,3,1,1,4,1,0.0,1,estabilizada,1,1,1,837.75,372.25,0.7830725312232971,0.6929409503936768,0.76936440697416,0.6392772936125233,0.75650315697416,0.6278327936125233,0.26544255604384603,0.7438661790780811,0.6257149881389563,0.3154647190135441,0.0,0.542072075468388,-0.2505116698688666,1.5822763657330485
2026-08-18T02:44:38.961+00:00,1787021078.9614038,180891.3413119,9.785930799989728,358,180891.2240481,29.614600003696978,87.56250000442378,10,0,0,4,1,0.0,1,estabilizada,1,1,1,,,,,,,,,,,,,nan,0.542072075468388,-0.2505116698688666,1.5822763657330485
2026-08-18T02:44:39.105+00:00,1787021079.1051466,180891.4852872,9.929906099976506,363,180891.3895532,9.439800021937117,86.2683999876026,1,0,0,4,1,0.0,1,estabilizada,1,1,1,,,,,,,,,,,,,nan,0.5420730449286429,-0.25050346579405647,1.582280866707638
2026-08-18T02:44:39.105+00:00,1787021079.1051466,180891.4853303,9.929949199984549,363,180891.3895532,9.439800021937117,86.2683999876026,2,1,1,4,1,0.0,1,estabilizada,1,1,1,802.75,504.0,0.7109623551368713,0.46151354908943176,0.7013559456563798,0.42101408234630366,0.6884946956563798,0.4095695823463037,2.3929104434038586,0.6954313512360147,0.4061356743918253,2.0304532994763855,0.0,0.5420730449286429,-0.25050346579405647,1.582280866707638
2026-08-18T02:44:39.105+00:00,1787021079.1051466,180891.4853485,9.929967399977613,363,180891.3895532,9.439800021937117,86.2683999876026,3,1,1,4,1,0.0,1,estabilizada,1,1,1,847.5,370.75,0.7992649674415588,0.6954362988471985,0.7846359129461161,0.6416313261593479,0.7717746629461162,0.630186826159348,0.25708002643835315,0.7493609767752953,0.6267934864089911,0.2972111134520723,0.0,0.5420730449286429,-0.25050346579405647,1.582280866707638
2026-08-18T02:44:39.105+00:00,1787021079.1051466,180891.4853642,9.929983099980745,363,180891.3895532,9.439800021937117,86.2683999876026,10,0,0,4,1,0.0,1,estabilizada,1,1,1,,,,,,,,,,,,,nan,0.5420730449286429,-0.25050346579405647,1.582280866707638
2026-08-18T02:44:39.285+00:00,1787021079.285455,180891.6656237,10.110242599999765,367,180891.5252717,23.676800017710775,116.52319997665472,1,0,0,4,1,0.0,1,estabilizada,1,1,1,,,,,,,,,,,,,nan,0.5420720081072831,-0.2504942762642629,1.5822854173561056
2026-08-18T02:44:39.285+00:00,1787021079.2864563,180891.66609,10.110708899999736,367,180891.5252717,23.676800017710775,116.52319997665472,2,1,1,4,1,0.0,1,estabilizada,1,1,1,801.0,505.75,0.708080530166626,0.45866870880126953,0.6986380068257322,0.4183316950388949,0.6857767568257322,0.4068871950388949,2.5312138117669933,0.6954313512360147,0.4061356743918253,2.245683638606263,0.0,0.5420720081072831,-0.2504942762642629,1.5822854173561056
2026-08-18T02:44:39.286+00:00,1787021079.2864563,180891.6661991,10.110817999986466,367,180891.5252717,23.676800017710775,116.52319997665472,3,1,1,4,1,0.0,1,estabilizada,1,1,1,854.75,369.75,0.8113106489181519,0.6970788240432739,0.795996422162863,0.6431811023729458,0.783135172162863,0.6317366023729458,0.19121083049958332,0.7599773679571891,0.6284960806213294,0.27409643929856853,0.0,0.5420720081072831,-0.2504942762642629,1.5822854173561056
2026-08-18T02:44:39.286+00:00,1787021079.2864563,180891.6662308,10.110849699995015,367,180891.5252717,23.676800017710775,116.52319997665472,10,0,0,4,1,0.0,1,estabilizada,1,1,1,,,,,,,,,,,,,nan,0.5420720081072831,-0.2504942762642629,1.5822854173561056
2026-08-18T02:44:39.459+00:00,1787021079.4594736,180891.8395283,10.284147200000007,373,180891.7233905,11.481900000944734,104.63079999317415,1,0,0,4,1,0.0,1,estabilizada,1,1,1,,,,,,,,,,,,,nan,0.5420706281100279,-0.25048297499934885,1.5822907908608914
2026-08-18T02:44:39.459+00:00,1787021079.4594736,180891.8395737,10.284192599996459,373,180891.7233905,11.481900000944734,104.63079999317415,2,1,1,4,1,0.0,1,estabilizada,1,1,1,800.0,508.0,0.7063040137290955,0.45496776700019836,0.696962491430483,0.41484204096635385,0.684101241430483,0.4033975409663539,2.864734147372957,0.6933382910250683,0.4063036090286017,2.3766100259829117,0.0,0.5420706281100279,-0.25048297499934885,1.5822907908608914
2026-08-18T02:44:39.459+00:00,1787021079.4594736,180891.8395867,10.284205599979032,373,180891.7233905,11.481900000944734,104.63079999317415,3,1,1,4,1,0.0,1,estabilizada,1,1,1,866.0,369.25,0.8298642635345459,0.6976567506790161,0.8134946889040102,0.6437269826465388,0.8006334389040102,0.6322824826465389,0.21712717618869057,0.7708622508681113,0.6298326512938529,0.24486234268101376,0.0,0.5420706281100279,-0.25048297499934885,1.5822907908608914
2026-08-18T02:44:39.459+00:00,1787021079.4594736,180891.8396003,10.284219199995277,373,180891.7233905,11.481900000944734,104.63079999317415,10,0,0,4,1,0.0,1,estabilizada,1,1,1,,,,,,,,,,,,,nan,0.5420706281100279,-0.25048297499934885,1.5822907908608914
2026-08-18T02:44:39.628+00:00,1787021079.6288638,180892.0087687,10.453387599991402,378,180891.8932378,18.562400015071034,96.93120000883937,1,0,0,4,1,0.0,1,estabilizada,1,1,1,,,,,,,,,,,,,nan,0.5420684027027691,-0.2504707568280637,1.5822964463176703
2026-08-18T02:44:39.628+00:00,1787021079.6288638,180892.0088694,10.453488299972378,378,180891.8932378,18.562400015071034,96.93120000883937,2,1,1,4,1,0.0,1,estabilizada,1,1,1,794.4970092773438,507.35760498046875,0.6979104280471802,0.4562574028968811,0.689046234290291,0.41605916158548323,0.676184984290291,0.40461466158548326,2.8561973915303143,0.6933382910250683,0.4063036090286017,2.49563093779428,0.0,0.5420684027027691,-0.2504707568280637,1.5822964463176703
2026-08-18T02:44:39.628+00:00,1787021079.6288638,180892.0089018,10.453520699986257,378,180891.8932378,18.562400015071034,96.93120000883937,3,1,1,4,1,0.0,1,estabilizada,1,1,1,875.25,365.75,0.8456782102584839,0.7039474248886108,0.8284090804796709,0.6496607350875927,0.8155478304796708,0.6382162350875927,0.3070004806824591,0.8006875160723574,0.6348623518230307,0.24817928860293972,0.0,0.5420684027027691,-0.2504707568280637,1.5822964463176703
2026-08-18T02:44:39.628+00:00,1787021079.6288638,180892.0089386,10.453557499975432,378,180891.8932378,18.562400015071034,96.93120000883937,10,0,0,4,1,0.0,1,estabilizada,1,1,1,,,,,,,,,,,,,nan,0.5420684027027691,-0.2504707568280637,1.5822964463176703
2026-08-18T02:44:39.798+00:00,1787021079.7983465,180892.1789345,10.623553399986122,384,180892.0897658,3.9829000015743077,85.15790000092238,1,0,0,4,1,0.0,1,estabilizada,1,1,1,,,,,,,,,,,,,nan,0.5420666845675731,-0.25045816239164426,1.5823036956709322
2026-08-18T02:44:39.798+00:00,1787021079.7983465,180892.1789817,10.62360059999628,384,180892.0897658,3.9829000015743077,85.15790000092238,2,1,1,4,1,0.0,1,estabilizada,1,1,1,784.5,507.0,0.6825851202011108,0.4572543799877167,0.674592558949046,0.4170003320521623,0.661731308949046,0.40555583205216233,2.8649224428321576,0.6875060098055774,0.4058361168218029,2.6511070315845346,0.0,0.5420666845675731,-0.25045816239164426,1.5823036956709322
2026-08-18T02:44:39.798+00:00,1787021079.7983465,180892.1789944,10.623613299976569,384,180892.0897658,3.9829000015743077,85.15790000092238,3,1,1,4,1,0.0,1,estabilizada,1,1,1,886.0,361.25,0.864215612411499,0.7121080756187439,0.8458920733934981,0.6573581804766475,0.8330308233934982,0.6459136804766475,0.371011967261543,0.8044164163762272,0.6358136153170749,0.2645405952326001,0.0,0.5420666845675731,-0.25045816239164426,1.5823036956709322
2026-08-18T02:44:39.799+00:00,1787021079.799344,180892.1790075,10.623626399989007,384,180892.0897658,3.9829000015743077,85.15790000092238,10,0,0,4,1,0.0,1,estabilizada,1,1,1,,,,,,,,,,,,,nan,0.5420666845675731,-0.25045816239164426,1.5823036956709322
2026-08-18T02:44:39.946+00:00,1787021079.9463336,180892.3267691,10.771387999993749,388,180892.2245001,14.873199979774654,87.37250001286156,1,0,0,4,1,0.0,1,estabilizada,1,1,1,,,,,,,,,,,,,nan,0.5420613626131945,-0.2504484207875711,1.582308152676827
2026-08-18T02:44:39.946+00:00,1787021079.9463336,180892.3268106,10.771429499989608,388,180892.2245001,14.873199979774654,87.37250001286156,2,1,1,4,1,0.0,1,estabilizada,1,1,1,778.0,506.5,0.672649085521698,0.4583469033241272,0.6652213951303652,0.41803138130514794,0.6523601451303651,0.406586881305148,2.9570029625857965,0.6797930273760872,0.4056407047570074,2.7586107693270714,0.0,0.5420613626131945,-0.2504484207875711,1.582308152676827
2026-08-18T02:44:39.946+00:00,1787021079.9463336,180892.3268226,10.77144149999367,388,180892.2245001,14.873199979774654,87.37250001286156,3,1,1,4,1,0.0,1,estabilizada,1,1,1,892.5,357.25,0.8757111430168152,0.7194922566413879,0.8567334993855629,0.6643230654690313,0.8438722493855628,0.6528785654690313,0.422300677357079,0.8150956397587845,0.639456755818143,0.3042110371961542,0.0,0.5420613626131945,-0.2504484207875711,1.582308152676827
2026-08-18T02:44:39.946+00:00,1787021079.9463336,180892.3268325,10.771451399981743,388,180892.2245001,14.873199979774654,87.37250001286156,10,0,0,4,1,0.0,1,estabilizada,1,1,1,,,,,,,,,,,,,nan,0.5420613626131945,-0.2504484207875711,1.582308152676827
2026-08-18T02:44:40.094+00:00,1787021080.0949264,180892.4746172,10.919236099987756,392,180892.3581193,26.92829997977242,89.51829999568872,1,0,0,4,1,0.0,1,estabilizada,1,1,1,,,,,,,,,,,,,nan,0.5420525965167035,-0.2504435023722601,1.5823099906682176
2026-08-18T02:44:40.094+00:00,1787021080.0949264,180892.4747078,10.919326699979138,392,180892.3581193,26.92829997977242,89.51829999568872,2,1,1,4,1,0.0,1,estabilizada,1,1,1,772.0,505.75,0.6635036468505859,0.4598343074321747,0.6565956486741772,0.41943451013619526,0.6437343986741773,0.4079900101361953,2.9570001600332607,0.6684122639257448,0.4058929512173917,2.820110153075765,0.0,0.5420525965167035,-0.2504435023722601,1.5823099906682176
2026-08-18T02:44:40.094+00:00,1787021080.0949264,180892.4747617,10.919380599982105,392,180892.3581193,26.92829997977242,89.51829999568872,3,1,1,4,1,0.0,1,estabilizada,1,1,1,899.0,355.25,0.8868668079376221,0.7230941653251648,0.8672541661601552,0.6677204455044572,0.8543929161601551,0.6562759455044572,0.42688586170335846,0.8411893073274529,0.6512397307762754,0.39737009370864057,0.0,0.5420525965167035,-0.2504435023722601,1.5823099906682176
2026-08-18T02:44:40.094+00:00,1787021080.0949264,180892.4747833,10.919402199971955,392,180892.3581193,26.92829997977242,89.51829999568872,10,0,0,4,1,0.0,1,estabilizada,1,1,1,,,,,,,,,,,,,nan,0.5420525965167035,-0.2504435023722601,1.5823099906682176
2026-08-18T02:44:40.246+00:00,1787021080.2462807,180892.6262444,11.070863299974008,397,180892.5225014,15.603799984091893,88.11550002428703,1,0,0,4,1,0.0,1,estabilizada,1,1,1,,,,,,,,,,,,,nan,0.5420432202650846,-0.2504388768185245,1.5823124860297069
2026-08-18T02:44:40.246+00:00,1787021080.2462807,180892.6262856,11.070904499996686,397,180892.5225014,15.603799984091893,88.11550002428703,2,1,1,4,1,0.0,1,estabilizada,1,1,1,764.75,502.5,0.6526446342468262,0.46553516387939453,0.6463537610177756,0.42481143564509494,0.6334925110177756,0.41336693564509497,2.805604850036945,0.6565975342397387,0.4068111887732172,2.851085302787289,0.0,0.5420432202650846,-0.2504388768185245,1.5823124860297069
2026-08-18T02:44:40.246+00:00,1787021080.2462807,180892.6262972,11.070916099997703,397,180892.5225014,15.603799984091893,88.11550002428703,3,1,1,4,1,0.0,1,estabilizada,1,1,1,907.0,353.25,0.9005417823791504,0.7266585826873779,0.8801508223917056,0.6710824735863338,0.8672895723917056,0.6596379735863338,0.3826463796572238,0.8466758749399981,0.6537359956310608,0.41135312301970056,0.0,0.5420432202650846,-0.2504388768185245,1.5823124860297069
2026-08-18T02:44:40.246+00:00,1787021080.2462807,180892.6264219,11.071040799986804,397,180892.5225014,15.603799984091893,88.11550002428703,10,0,0,4,1,0.0,1,estabilizada,1,1,1,,,,,,,,,,,,,nan,0.5420432202650846,-0.2504388768185245,1.5823124860297069
2026-08-18T02:44:40.408+00:00,1787021080.4086401,180892.7883901,11.23300899998867,401,180892.6588104,24.756900005741045,104.74519999115728,1,0,0,4,1,0.0,1,estabilizada,1,1,1,,,,,,,,,,,,,nan,0.5420336902201561,-0.2504352749179972,1.5823131961253523
2026-08-18T02:44:40.408+00:00,1787021080.4086401,180892.7885325,11.233151399996132,401,180892.6588104,24.756900005741045,104.74519999115728,2,1,1,4,1,0.0,1,estabilizada,1,1,1,760.75,499.25,0.6467592716217041,0.4711190164089203,0.6408026112404223,0.4300779087581451,0.6279413612404223,0.41863340875814514,2.6572016926924973,0.6409890173487232,0.41187572639672165,2.803777202707731,0.0,0.5420336902201561,-0.2504352749179972,1.5823131961253523
2026-08-18T02:44:40.408+00:00,1787021080.4086401,180892.7885673,11.233186199999182,401,180892.6588104,24.756900005741045,104.74519999115728,3,1,1,4,1,0.0,1,estabilizada,1,1,1,912.75,351.0,0.9105589389801025,0.7307799458503723,0.8895976827195766,0.6749696485682675,0.8767364327195766,0.6635251485682675,0.4570294925240036,0.8561501324092586,0.6563576759836481,0.41135312301970056,0.0,0.5420336902201561,-0.2504352749179972,1.5823131961253523
2026-08-18T02:44:40.408+00:00,1787021080.4086401,180892.7885968,11.233215699990978,401,180892.6588104,24.756900005741045,104.74519999115728,10,0,0,4,1,0.0,1,estabilizada,1,1,1,,,,,,,,,,,,,nan,0.5420336902201561,-0.2504352749179972,1.5823131961253523
2026-08-18T02:44:40.585+00:00,1787021080.5859907,180892.9665952,11.41121409999323,407,180892.8585268,13.11659999191761,94.92190001765266,1,0,0,4,1,0.0,1,estabilizada,1,1,1,,,,,,,,,,,,,nan,0.5420222270598142,-0.25043529754579974,1.5823110354762975
2026-08-18T02:44:40.586+00:00,1787021080.5869906,180892.9666536,11.411272499972256,407,180892.8585268,13.11659999191761,94.92190001765266,2,1,1,4,1,0.0,1,estabilizada,1,1,1,754.0,493.25,0.6368357539176941,0.4814377427101135,0.631442871465452,0.4398096606540436,0.618581621465452,0.4283651606540436,2.3430284018788714,0.6353591218251118,0.4149278254164054,2.6536981272429943,0.0,0.5420222270598142,-0.25043529754579974,1.5823110354762975
2026-08-18T02:44:40.586+00:00,1787021080.5869906,180892.9666705,11.411289399984526,407,180892.8585268,13.11659999191761,94.92190001765266,3,1,1,4,1,0.0,1,estabilizada,1,1,1,924.75,350.5,0.9306452870368958,0.7313659191131592,0.9085408621711429,0.6755222148614801,0.895679612171143,0.6640777148614802,0.16380118586260525,0.8748914150753424,0.6608900003076357,0.3624178242561162,0.0,0.5420222270598142,-0.25043529754579974,1.5823110354762975
2026-08-18T02:44:40.586+00:00,1787021080.5869906,180892.9666837,11.411302599997725,407,180892.8585268,13.11659999191761,94.92190001765266,10,0,0,4,1,0.0,1,estabilizada,1,1,1,,,,,,,,,,,,,nan,0.5420222270598142,-0.25043529754579974,1.5823110354762975
2026-08-18T02:44:40.739+00:00,1787021080.7395828,180893.1198133,11.564432199986186,412,180893.0256682,5.0604999996721745,89.05580002465285,1,0,0,4,1,0.0,1,estabilizada,1,1,1,,,,,,,,,,,,,nan,0.542012589127652,-0.25043483335863514,1.5823103082012044
2026-08-18T02:44:40.739+00:00,1787021080.7395828,180893.1198995,11.564518399973167,412,180893.0256682,5.0604999996721745,89.05580002465285,2,1,1,4,1,0.0,1,estabilizada,1,1,1,751.75,487.0,0.6338346600532532,0.49204879999160767,0.6286119257131737,0.4498171804065163,0.6157506757131737,0.43837268040651634,2.047263429282052,0.6277054488979894,0.4212190902891791,2.4264521343133394,0.0,0.542012589127652,-0.25043483335863514,1.5823103082012044
2026-08-18T02:44:40.739+00:00,1787021080.7395828,180893.119913,11.564531899988651,412,180893.0256682,5.0604999996721745,89.05580002465285,3,1,1,4,1,0.0,1,estabilizada,1,1,1,936.25,352.0,0.9494819045066833,0.7281383872032166,0.9263055160359526,0.6724782620090074,0.9134442660359525,0.6610337620090074,-0.01783091520080945,0.8806479743387203,0.6616197118386649,0.32480607269133904,0.0,0.542012589127652,-0.25043483335863514,1.5823103082012044
2026-08-18T02:44:40.739+00:00,1787021080.7395828,180893.119941,11.56455989999813,412,180893.0256682,5.0604999996721745,89.05580002465285,10,0,0,4,1,0.0,1,estabilizada,1,1,1,,,,,,,,,,,,,nan,0.542012589127652,-0.25043483335863514,1.5823103082012044
2026-08-18T02:44:40.886+00:00,1787021080.886351,180893.266569,11.711187899985816,416,180893.1587357,18.25619998271577,89.5522000209894,1,0,0,4,1,0.0,1,estabilizada,1,1,1,,,,,,,,,,,,,nan,0.542002674834833,-0.25043141730157276,1.5823114598994543
2026-08-18T02:44:40.886+00:00,1787021080.886351,180893.2666108,11.71122969998396,416,180893.1587357,18.25619998271577,89.5522000209894,2,1,1,4,1,0.0,1,estabilizada,1,1,1,750.75,483.25,0.6325674653053284,0.4984273910522461,0.6274162473884319,0.4558331898093842,0.6145549973884319,0.44438868980938423,1.939760643551716,0.6204062921493186,0.43251059866268743,2.0914135156735414,0.0,0.542002674834833,-0.25043141730157276,1.5823114598994543
2026-08-18T02:44:40.886+00:00,1787021080.886351,180893.2666226,11.7112414999865,416,180893.1587357,18.25619998271577,89.5522000209894,3,1,1,4,1,0.0,1,estabilizada,1,1,1,944.75,354.25,0.963138997554779,0.7235721349716187,0.9391852627779332,0.6681719676049753,0.9263240127779333,0.6567274676049754,-0.05418590309619906,0.9044663871916998,0.6600463111797589,0.1396427392884542,0.0,0.542002674834833,-0.25043141730157276,1.5823114598994543
2026-08-18T02:44:40.886+00:00,1787021080.886351,180893.2666333,11.711252199980663,416,180893.1587357,18.25619998271577,89.5522000209894,10,0,0,4,1,0.0,1,estabilizada,1,1,1,,,,,,,,,,,,,nan,0.542002674834833,-0.25043141730157276,1.5823114598994543
2026-08-18T02:44:41.048+00:00,1787021081.0482543,180893.4284015,11.87302039997303,421,180893.322612,10.333600017474964,95.4316999996081,1,0,0,4,1,0.0,1,estabilizada,1,1,1,,,,,,,,,,,,,nan,0.541989961988754,-0.2504258738103368,1.5823144265066829
2026-08-18T02:44:41.048+00:00,1787021081.0482543,180893.4284506,11.873069499997655,421,180893.322612,10.333600017474964,95.4316999996081,2,1,1,4,1,0.0,1,estabilizada,1,1,1,750.25,479.75,0.6320525407791138,0.5043814778327942,0.6269298976714304,0.46144901099189045,0.6140686476714303,0.4500045109918905,1.8298434453756518,0.6181190984073796,0.4374048862526543,2.0193263407593567,0.0,0.541989961988754,-0.2504258738103368,1.5823144265066829
2026-08-18T02:44:41.048+00:00,1787021081.0482543,180893.4284674,11.87308629998006,421,180893.322612,10.333600017474964,95.4316999996081,3,1,1,4,1,0.0,1,estabilizada,1,1,1,954.75,357.25,0.9791008830070496,0.7175350189208984,0.954238578630227,0.6624786540881891,0.9413773286302269,0.6510341540881891,-0.1634708278720125,0.9227400436769229,0.6560712931130505,-0.023789963579238203,0.0,0.541989961988754,-0.2504258738103368,1.5823144265066829
2026-08-18T02:44:41.048+00:00,1787021081.0482543,180893.4284803,11.873099199990975,421,180893.322612,10.333600017474964,95.4316999996081,10,0,0,4,1,0.0,1,estabilizada,1,1,1,,,,,,,,,,,,,nan,0.541989961988754,-0.2504258738103368,1.5823144265066829
2026-08-18T02:44:41.206+00:00,1787021081.2069054,180893.5874059,12.032024799991632,426,180893.4917805,5.790300027001649,89.81089998269454,1,0,0,4,1,0.0,1,estabilizada,1,1,1,,,,,,,,,,,,,nan,0.5419762759622349,-0.2504193413345673,1.5823186955381272
2026-08-18T02:44:41.206+00:00,1787021081.2069054,180893.5874495,12.032068399974378,426,180893.4917805,5.790300027001649,89.81089998269454,2,1,1,4,1,0.0,1,estabilizada,1,1,1,748.25,472.5,0.6294841170310974,0.5168088674545288,0.6245067975325629,0.47317003604481994,0.6116455475325628,0.46172553604482,1.7454105100651764,0.6165107359596811,0.4428209777902865,1.9463992537288162,0.0,0.5419762759622349,-0.2504193413345673,1.5823186955381272
2026-08-18T02:44:41.206+00:00,1787021081.2069054,180893.5874614,12.032080299977679,426,180893.4917805,5.790300027001649,89.81089998269454,3,1,1,4,1,0.0,1,estabilizada,1,1,1,964.25,362.0,0.9937770366668701,0.7082005143165588,0.9680792625218275,0.6536756027093809,0.9552180125218275,0.6422311027093809,-0.32345653590799667,0.9381770948730279,0.6501789167844801,-0.13611793928602223,0.0,0.5419762759622349,-0.2504193413345673,1.5823186955381272
2026-08-18T02:44:41.206+00:00,1787021081.2069054,180893.5874871,12.032105999998748,426,180893.4917805,5.790300027001649,89.81089998269454,10,0,0,4,1,0.0,1,estabilizada,1,1,1,,,,,,,,,,,,,nan,0.5419762759622349,-0.2504193413345673,1.5823186955381272
2026-08-18T02:44:41.362+00:00,1787021081.3621097,180893.7422699,12.18688879997353,430,180893.624963,27.419699996244162,89.8592000012286,1,0,0,4,1,0.0,1,estabilizada,1,1,1,,,,,,,,,,,,,nan,0.5419607553615313,-0.25041440572986445,1.5823224804177713
2026-08-18T02:44:41.362+00:00,1787021081.3621097,180893.7424373,12.187056199996732,430,180893.624963,27.419699996244162,89.8592000012286,2,1,1,4,1,0.0,1,estabilizada,1,1,1,746.5,467.25,0.6271446943283081,0.5258653163909912,0.6222995666113678,0.4817117536024306,0.6094383166113677,0.47026725360243066,1.7856929180532186,0.6143228310879909,0.4513224727933781,1.8820679022879598,0.0,0.5419607553615313,-0.25041440572986445,1.5823224804177713
2026-08-18T02:44:41.362+00:00,1787021081.3621097,180893.7424805,12.187099399976432,430,180893.624963,27.419699996244162,89.8592000012286,3,1,1,4,1,0.0,1,estabilizada,1,1,1,971.5,365.25,1.0050363540649414,0.7018075585365295,0.978697346435913,0.6476466792944242,0.965836096435913,0.6362021792944242,-0.4220006531301937,0.9513627438764114,0.6435426738435266,-0.2603072376740388,0.0,0.5419607553615313,-0.25041440572986445,1.5823224804177713
2026-08-18T02:44:41.362+00:00,1787021081.3621097,180893.7424965,12.187115399981849,430,180893.624963,27.419699996244162,89.8592000012286,10,0,0,4,1,0.0,1,estabilizada,1,1,1,,,,,,,,,,,,,nan,0.5419607553615313,-0.25041440572986445,1.5823224804177713
2026-08-18T02:44:41.508+00:00,1787021081.5089548,180893.8889929,12.333611799986102,435,180893.7898777,11.525499983690679,87.55170000949875,1,0,0,4,1,0.0,1,estabilizada,1,1,1,,,,,,,,,,,,,nan,0.5419459742357439,-0.2504113103331935,1.5823256048897032
2026-08-18T02:44:41.508+00:00,1787021081.5089548,180893.8890529,12.33367179997731,435,180893.7898777,11.525499983690679,87.55170000949875,2,1,1,4,1,0.0,1,estabilizada,1,1,1,745.0,460.25,0.6253114938735962,0.5379714369773865,0.6205698043349694,0.4931295618041043,0.6077085543349694,0.4816850618041043,1.7655856356911153,0.6109349911448037,0.46581661039619726,1.818910176967739,0.0,0.5419459742357439,-0.2504113103331935,1.5823256048897032
2026-08-18T02:44:41.508+00:00,1787021081.5089548,180893.8890687,12.333687599981204,435,180893.7898777,11.525499983690679,87.55170000949875,3,1,1,4,1,0.0,1,estabilizada,1,1,1,979.44287109375,371.44189453125,1.0166786909103394,0.6898602843284607,0.9896766981670747,0.6363792288124263,0.9768154481670748,0.6249347288124263,-0.5756537408007227,0.9550497348892775,0.6415510276469444,-0.30067999084025476,0.0,0.5419459742357439,-0.2504113103331935,1.5823256048897032
2026-08-18T02:44:41.508+00:00,1787021081.5089548,180893.8890993,12.333718199981377,435,180893.7898777,11.525499983690679,87.55170000949875,10,0,0,4,1,0.0,1,estabilizada,1,1,1,,,,,,,,,,,,,nan,0.5419459742357439,-0.2504113103331935,1.5823256048897032
2026-08-18T02:44:41.676+00:00,1787021081.676098,180894.0557821,12.50040099999751,439,180893.9235794,30.754800012800843,101.42179997637868,1,0,0,4,1,0.0,1,estabilizada,1,1,1,,,,,,,,,,,,,nan,0.541930012452276,-0.2504079727236529,1.5823295501195154
2026-08-18T02:44:41.676+00:00,1787021081.676098,180894.055827,12.500445899990154,439,180893.9235794,30.754800012800843,101.42179997637868,2,1,1,4,1,0.0,1,estabilizada,1,1,1,743.25,455.0,0.6229518055915833,0.5471203923225403,0.6183434347361019,0.5017584430062705,0.6054821847361018,0.4903139430062705,1.785459895458362,0.6089534464492805,0.4725984224794097,1.795582625693469,0.0,0.541930012452276,-0.2504079727236529,1.5823295501195154
2026-08-18T02:44:41.676+00:00,1787021081.676098,180894.0558419,12.500460799987195,439,180893.9235794,30.754800012800843,101.42179997637868,3,1,1,4,1,0.0,1,estabilizada,1,1,1,984.5,376.0,1.0239051580429077,0.6811280846595764,0.9964912965626108,0.6281440238119746,0.9836300465626109,0.6166995238119747,-0.6166262353793501,0.9694526605828819,0.6302625595762228,-0.4330635477317694,0.0,0.541930012452276,-0.2504079727236529,1.5823295501195154
2026-08-18T02:44:41.676+00:00,1787021081.676098,180894.0558553,12.500474199972814,439,180893.9235794,30.754800012800843,101.42179997637868,10,0,0,4,1,0.0,1,estabilizada,1,1,1,,,,,,,,,,,,,nan,0.541930012452276,-0.2504079727236529,1.5823295501195154
2026-08-18T02:44:41.830+00:00,1787021081.8306546,180894.2112662,12.655885099986335,444,180894.0895568,31.61140001611784,90.07389997714199,1,0,0,4,1,0.0,1,estabilizada,1,1,1,,,,,,,,,,,,,nan,0.5419146655590031,-0.25040476456026056,1.5823346060228554
2026-08-18T02:44:41.830+00:00,1787021081.8306546,180894.2113089,12.655927799991332,444,180894.0895568,31.61140001611784,90.07389997714199,2,1,1,4,1,0.0,1,estabilizada,1,1,1,741.0,447.75,0.6199378371238708,0.5598148107528687,0.6155000365385144,0.5137311559426745,0.6026387865385143,0.5022866559426745,1.7589418130281809,0.6069640303197661,0.48035901057921954,1.795582625693469,0.0,0.5419146655590031,-0.25040476456026056,1.5823346060228554
2026-08-18T02:44:41.830+00:00,1787021081.8306546,180894.2113213,12.65594019999844,444,180894.0895568,31.61140001611784,90.07389997714199,3,1,1,4,1,0.0,1,estabilizada,1,1,1,992.5,381.75,1.035662055015564,0.6701042056083679,1.007578699648154,0.6177475125297738,0.9947174496481539,0.6063030125297738,-0.6959793079839667,0.9764089916744004,0.6242837013170501,-0.5175485014435313,0.0,0.5419146655590031,-0.25040476456026056,1.5823346060228554
2026-08-18T02:44:41.830+00:00,1787021081.8306546,180894.2113314,12.655950299988035,444,180894.0895568,31.61140001611784,90.07389997714199,10,0,0,4,1,0.0,1,estabilizada,1,1,1,,,,,,,,,,,,,nan,0.5419146655590031,-0.25040476456026056,1.5823346060228554
2026-08-18T02:44:41.974+00:00,1787021081.9741714,180894.3545871,12.799205999996047,449,180894.2569469,10.081900021759793,87.53369998885319,1,0,0,4,1,0.0,1,estabilizada,1,1,1,,,,,,,,,,,,,nan,0.5418986877830541,-0.2504053417877839,1.582336914261479
2026-08-18T02:44:41.974+00:00,1787021081.9741714,180894.3546305,12.79924939997727,449,180894.2569469,10.081900021759793,87.53369998885319,2,1,1,4,1,0.0,1,estabilizada,1,1,1,739.6481323242188,441.5572814941406,0.6182457804679871,0.5706977248191833,0.6139033182023886,0.5239951071095295,0.6010420682023887,0.5125506071095295,1.7018253415308757,0.6057706277328105,0.4859552629976195,1.7859186686036677,0.0,0.5418986877830541,-0.2504053417877839,1.582336914261479
2026-08-18T02:44:41.974+00:00,1787021081.9741714,180894.3546594,12.799278299993603,449,180894.2569469,10.081900021759793,87.53369998885319,3,1,1,4,1,0.0,1,estabilizada,1,1,1,998.25,387.0,1.0437865257263184,0.6601336002349854,1.0152401997145941,0.6083440577908612,1.002378949714594,0.5968995577908612,-0.6767600500768647,0.9899481513199766,0.6102455824992397,-0.6078111752737766,0.0,0.5418986877830541,-0.2504053417877839,1.582336914261479
2026-08-18T02:44:41.974+00:00,1787021081.9741714,180894.3546706,12.799289499991573,449,180894.2569469,10.081900021759793,87.53369998885319,10,0,0,4,1,0.0,1,estabilizada,1,1,1,,,,,,,,,,,,,nan,0.5418986877830541,-0.2504053417877839,1.582336914261479
2026-08-18T02:44:42.116+00:00,1787021082.1162534,180894.4969616,12.94158049998805,453,180894.3895515,22.99910000874661,84.38590000150725,1,0,0,4,1,0.0,1,estabilizada,1,1,1,,,,,,,,,,,,,nan,0.5418805671866843,-0.2503995127019888,1.5823431759818807
2026-08-18T02:44:42.116+00:00,1787021082.1162534,180894.4970076,12.94162649998907,453,180894.3895515,22.99910000874661,84.38590000150725,2,1,1,4,1,0.0,1,estabilizada,1,1,1,738.0,436.25,0.6160165071487427,0.5800867676734924,0.6117998272920201,0.5328506393997295,0.5989385772920202,0.5214061393997296,1.6999137722435016,0.6049488889023747,0.49015189337554393,1.7757552381732944,0.0,0.5418805671866843,-0.2503995127019888,1.5823431759818807
2026-08-18T02:44:42.116+00:00,1787021082.1162534,180894.4970193,12.941638199990848,453,180894.3895515,22.99910000874661,84.38590000150725,3,1,1,4,1,0.0,1,estabilizada,1,1,1,999.5,388.25,1.045520305633545,0.6577681303024292,1.0168744485601633,0.6061136667757804,1.0040131985601632,0.5946691667757804,-0.5988560376370171,0.9955619358827403,0.6044221169701776,-0.6334897162264433,0.0,0.5418805671866843,-0.2503995127019888,1.5823431759818807
2026-08-18T02:44:42.116+00:00,1787021082.1162534,180894.4970295,12.941648399981204,453,180894.3895515,22.99910000874661,84.38590000150725,10,0,0,4,1,0.0,1,estabilizada,1,1,1,,,,,,,,,,,,,nan,0.5418805671866843,-0.2503995127019888,1.5823431759818807
2026-08-18T02:44:42.263+00:00,1787021082.2630508,180894.6433843,13.088003199984087,457,180894.5244231,34.09930001362227,84.83879998675548,1,0,0,4,1,0.0,1,estabilizada,1,1,1,,,,,,,,,,,,,nan,0.5418623231951779,-0.25038984642593054,1.5823516159861666
2026-08-18T02:44:42.263+00:00,1787021082.2630508,180894.6434256,13.088044499978423,457,180894.5244231,34.09930001362227,84.83879998675548,2,1,1,4,1,0.0,1,estabilizada,1,1,1,737.5,430.5,0.6156226992607117,0.590260922908783,0.6114274029821657,0.5424469171746834,0.5985661529821658,0.5310024171746834,1.6995084285020854,0.600593796881689,0.5168693854047834,1.745118011816972,0.0,0.5418623231951779,-0.25038984642593054,1.5823516159861666
2026-08-18T02:44:42.263+00:00,1787021082.2630508,180894.6434549,13.088073799997801,457,180894.5244231,34.09930001362227,84.83879998675548,3,1,1,4,1,0.0,1,estabilizada,1,1,1,1002.5,389.75,1.050071358680725,0.6548823118209839,1.0211657647965278,0.6033928113717142,1.0083045147965277,0.5919483113717142,-0.695655464309439,0.9991266326404995,0.6002927589409952,-0.6334897162264433,0.0,0.5418623231951779,-0.25038984642593054,1.5823516159861666
2026-08-18T02:44:42.263+00:00,1787021082.2630508,180894.6434658,13.088084699993487,457,180894.5244231,34.09930001362227,84.83879998675548,10,0,0,4,1,0.0,1,estabilizada,1,1,1,,,,,,,,,,,,,nan,0.5418623231951779,-0.25038984642593054,1.5823516159861666
2026-08-18T02:44:42.418+00:00,1787021082.418667,180894.7990865,13.243705399974715,462,180894.6889516,18.415200000163168,91.69090000796132,1,0,0,4,1,0.0,1,estabilizada,1,1,1,,,,,,,,,,,,,nan,0.5418473123118402,-0.2503827579793864,1.5823585287781117
2026-08-18T02:44:42.418+00:00,1787021082.418667,180894.7992447,13.24386359998607,462,180894.6889516,18.415200000163168,91.69090000796132,2,1,1,4,1,0.0,1,estabilizada,1,1,1,735.75,424.75,0.6132460236549377,0.6005297303199768,0.6091850703981301,0.5521322764217891,0.59632382039813,0.5406877764217891,1.6504593336674975,0.6000948265877069,0.5202178048292765,1.7356898942901866,0.0,0.5418473123118402,-0.2503827579793864,1.5823585287781117
2026-08-18T02:44:42.418+00:00,1787021082.418667,180894.7992853,13.243904199975077,462,180894.6889516,18.415200000163168,91.69090000796132,3,1,1,4,1,0.0,1,estabilizada,1,1,1,1002.75,389.75,1.050484538078308,0.6548717021942139,1.0215547162418301,0.6033834333007306,1.00869346624183,0.5919389333007307,-0.6769768371620106,1.0013051797935995,0.5983120435442183,-0.6334897162264433,0.0,0.5418473123118402,-0.2503827579793864,1.5823585287781117
2026-08-18T02:44:42.419+00:00,1787021082.4196646,180894.7993012,13.243920099979732,462,180894.6889516,18.415200000163168,91.69090000796132,10,0,0,4,1,0.0,1,estabilizada,1,1,1,,,,,,,,,,,,,nan,0.5418473123118402,-0.2503827579793864,1.5823585287781117
2026-08-18T02:44:42.573+00:00,1787021082.5738857,180894.9570159,13.401634799985914,467,180894.8577063,13.076299976091832,86.20950000477023,1,0,0,4,1,0.0,1,estabilizada,1,1,1,,,,,,,,,,,,,nan,0.5418333716608073,-0.25037828170167553,1.582362238532037
2026-08-18T02:44:42.573+00:00,1787021082.5738857,180894.9570591,13.401677999994718,467,180894.8577063,13.076299976091832,86.20950000477023,2,1,1,4,1,0.0,1,estabilizada,1,1,1,734.25,418.0,0.6113215684890747,0.6126296520233154,0.6073692890664149,0.5635443590708593,0.5945080390664148,0.5520998590708593,1.67772183655659,0.5976686437651417,0.5345661184862815,1.7183357513025876,0.0,0.5418333716608073,-0.25037828170167553,1.582362238532037
2026-08-18T02:44:42.573+00:00,1787021082.5738857,180894.9570706,13.401689499994973,467,180894.8577063,13.076299976091832,86.20950000477023,3,1,1,4,1,0.0,1,estabilizada,1,1,1,1002.75,389.75,1.0504851341247559,0.6548696160316467,1.0215545533089343,0.6033818411011851,1.0086933033089343,0.5919373411011851,-0.6769765074800997,1.002952710492783,0.5968786849811965,-0.6417140868605592,0.0,0.5418333716608073,-0.25037828170167553,1.582362238532037
2026-08-18T02:44:42.573+00:00,1787021082.5738857,180894.9570834,13.401702299976023,467,180894.8577063,13.076299976091832,86.20950000477023,10,0,0,4,1,0.0,1,estabilizada,1,1,1,,,,,,,,,,,,,nan,0.5418333716608073,-0.25037828170167553,1.582362238532037
2026-08-18T02:44:42.728+00:00,1787021082.7289624,180895.1086564,13.553275299986126,471,180894.9908399,26.32079998147674,91.38960001291707,1,0,0,4,1,0.0,1,estabilizada,1,1,1,,,,,,,,,,,,,nan,0.5418223753427625,-0.2503739758286739,1.5823656867277427
2026-08-18T02:44:42.728+00:00,1787021082.7289624,180895.1088413,13.553460199997062,471,180894.9908399,26.32079998147674,91.38960001291707,2,1,1,4,1,0.0,1,estabilizada,1,1,1,732.75,412.75,0.6092857718467712,0.6220998167991638,0.6054486653319575,0.5724762424287624,0.5925874153319575,0.5610317424287624,1.7054657137440135,0.5968452508612319,0.5390261496346539,1.7183357513025876,0.0,0.5418223753427625,-0.2503739758286739,1.5823656867277427
2026-08-18T02:44:42.728+00:00,1787021082.7289624,180895.1088935,13.553512399987085,471,180894.9908399,26.32079998147674,91.38960001291707,3,1,1,4,1,0.0,1,estabilizada,1,1,1,1002.75,389.75,1.0504852533340454,0.6548672914505005,1.021554103345647,0.6033800058385346,1.008692853345647,0.5919355058385346,-0.676976177796187,1.002952710492783,0.5968786849811965,-0.6515640324450402,0.0,0.5418223753427625,-0.2503739758286739,1.5823656867277427
2026-08-18T02:44:42.728+00:00,1787021082.7289624,180895.1089098,13.553528699994786,471,180894.9908399,26.32079998147674,91.38960001291707,10,0,0,4,1,0.0,1,estabilizada,1,1,1,,,,,,,,,,,,,nan,0.5418223753427625,-0.2503739758286739,1.5823656867277427
2026-08-18T02:44:42.918+00:00,1787021082.9186783,180895.2986147,13.743233599991072,476,180895.1566994,22.621700016316026,119.26179999136366,1,0,0,4,1,0.0,1,estabilizada,1,1,1,,,,,,,,,,,,,nan,0.5418136312394266,-0.2503699077768976,1.5823682608595877
2026-08-18T02:44:42.918+00:00,1787021082.9186783,180895.2986882,13.743307099997764,476,180895.1566994,22.621700016316026,119.26179999136366,2,1,1,4,1,0.0,1,estabilizada,1,1,1,732.0,407.0,0.6084709167480469,0.6324909329414368,0.6046796654671871,0.5822766575227131,0.591818415467187,0.5708321575227131,1.6781422647594286,0.5961857995888837,0.542186952578272,1.7183357513025876,0.0,0.5418136312394266,-0.2503699077768976,1.5823682608595877
2026-08-18T02:44:42.918+00:00,1787021082.9186783,180895.2987072,13.74332609999692,476,180895.1566994,22.621700016316026,119.26179999136366,3,1,1,4,1,0.0,1,estabilizada,1,1,1,1003.0,390.0,1.0508309602737427,0.6543935537338257,1.0218796973179232,0.6029335279293832,1.0090184473179231,0.5914890279293832,-0.676974498535159,1.002952710492783,0.5968786849811965,-0.6515640324450402,0.0,0.5418136312394266,-0.2503699077768976,1.5823682608595877
2026-08-18T02:44:42.918+00:00,1787021082.9186783,180895.2987235,13.743342399975518,476,180895.1566994,22.621700016316026,119.26179999136366,10,0,0,4,1,0.0,1,estabilizada,1,1,1,,,,,,,,,,,,,nan,0.5418136312394266,-0.2503699077768976,1.5823682608595877
2026-08-18T02:44:43.092+00:00,1787021083.092981,180895.4732996,13.917918499995722,482,180895.3569573,8.190699998522177,108.12609997810796,1,0,0,4,1,0.0,1,estabilizada,1,1,1,,,,,,,,,,,,,nan,0.5418027877542361,-0.2503711806577929,1.582367875216199
2026-08-18T02:44:43.092+00:00,1787021083.092981,180895.4733491,13.91796799999429,482,180895.3569573,8.190699998522177,108.12609997810796,2,1,1,4,1,0.0,1,estabilizada,1,1,1,730.75,398.5,0.6070327758789062,0.6479523777961731,0.6033227037628263,0.5968586204423019,0.5904614537628263,0.5854141204423019,1.7044218039361063,0.5932567428434334,0.5640813474954008,1.7106275990020858,0.0,0.5418027877542361,-0.2503711806577929,1.582367875216199
2026-08-18T02:44:43.092+00:00,1787021083.092981,180895.4733624,13.917981299979147,482,180895.3569573,8.190699998522177,108.12609997810796,3,1,1,4,1,0.0,1,estabilizada,1,1,1,1003.0,390.0,1.0508311986923218,0.6543912291526794,1.0218792983776315,0.602931250624098,1.0090180483776314,0.5914867506240981,-0.6769763580567152,1.002952710492783,0.5968786849811965,-0.6515640324450402,0.0,0.5418027877542361,-0.2503711806577929,1.582367875216199
2026-08-18T02:44:43.092+00:00,1787021083.092981,180895.4733762,13.917995099996915,482,180895.3569573,8.190699998522177,108.12609997810796,10,0,0,4,1,0.0,1,estabilizada,1,1,1,,,,,,,,,,,,,nan,0.5418027877542361,-0.2503711806577929,1.582367875216199
2026-08-18T02:44:43.256+00:00,1787021083.2560773,180895.6365466,14.081165499985218,487,180895.524785,26.348300016252324,85.38919998682104,1,0,0,4,1,0.0,1,estabilizada,1,1,1,,,,,,,,,,,,,nan,0.5417873841243489,-0.2503752460670717,1.5823651617375178
2026-08-18T02:44:43.256+00:00,1787021083.2560773,180895.6365899,14.081208799994783,487,180895.524785,26.348300016252324,85.38919998682104,2,1,1,4,1,0.0,1,estabilizada,1,1,1,730.0,392.0,0.6062567234039307,0.6598455905914307,0.6025899082619749,0.6080750655064919,0.589728658261975,0.596630565506492,1.673522197359031,0.5921235549357763,0.5739049602757679,1.7106275990020858,0.0,0.5417873841243489,-0.2503752460670717,1.5823651617375178
2026-08-18T02:44:43.257+00:00,1787021083.2570693,180895.6367006,14.081319499993697,487,180895.524785,26.348300016252324,85.38919998682104,3,1,1,4,1,0.0,1,estabilizada,1,1,1,1003.0,390.0,1.0508313179016113,0.6543890833854675,1.0218784850487648,0.6029289074287902,1.0090172350487647,0.5914844074287903,-0.7058505505988465,1.0042721814444315,0.5957062806840397,-0.6515640324450402,0.0,0.5417873841243489,-0.2503752460670717,1.5823651617375178
2026-08-18T02:44:43.257+00:00,1787021083.2570693,180895.6367234,14.081342299992684,487,180895.524785,26.348300016252324,85.38919998682104,10,0,0,4,1,0.0,1,estabilizada,1,1,1,,,,,,,,,,,,,nan,0.5417873841243489,-0.2503752460670717,1.5823651617375178
2026-08-18T02:44:43.403+00:00,1787021083.4030843,180895.7832585,14.22787740000058,492,180895.6890278,7.85250001354143,86.35329999378882,1,0,0,4,1,0.0,1,estabilizada,1,1,1,,,,,,,,,,,,,nan,0.5417763743335051,-0.2503812833726913,1.5823611226223564
2026-08-18T02:44:43.403+00:00,1787021083.4030843,180895.7833023,14.227921199984848,492,180895.6890278,7.85250001354143,86.35329999378882,2,1,1,4,1,0.0,1,estabilizada,1,1,1,729.75,385.5,0.6062814593315125,0.6717903017997742,0.6026126017194147,0.6193399214921624,0.5897513517194146,0.6078954214921625,1.6231556758071777,0.5915476010244666,0.580223047250222,1.7027999817809427,0.0,0.5417763743335051,-0.2503812833726913,1.5823611226223564
2026-08-18T02:44:43.403+00:00,1787021083.4030843,180895.7833145,14.227933399990434,492,180895.6890278,7.85250001354143,86.35329999378882,3,1,1,4,1,0.0,1,estabilizada,1,1,1,1003.0,390.0,1.0508309602737427,0.6543866991996765,1.021877447652872,0.6029261841077957,1.009016197652872,0.5914816841077958,-0.6769777076403984,1.0042721814444315,0.5957062806840397,-0.6515640324450402,0.0,0.5417763743335051,-0.2503812833726913,1.5823611226223564
2026-08-18T02:44:43.403+00:00,1787021083.4030843,180895.7833247,14.22794359998079,492,180895.6890278,7.85250001354143,86.35329999378882,10,0,0,4,1,0.0,1,estabilizada,1,1,1,,,,,,,,,,,,,nan,0.5417763743335051,-0.2503812833726913,1.5823611226223564
2026-08-18T02:44:43.555+00:00,1787021083.5558274,180895.9357154,14.380334299989045,496,180895.8237335,19.178399990778416,92.77730001485907,1,0,0,4,1,0.0,1,estabilizada,1,1,1,,,,,,,,,,,,,nan,0.5417709293616926,-0.2503883661394013,1.582357750425691
2026-08-18T02:44:43.555+00:00,1787021083.5558274,180895.9359077,14.38052659999812,496,180895.8237335,19.178399990778416,92.77730001485907,2,1,1,4,1,0.0,1,estabilizada,1,1,1,729.25,380.5,0.6058037281036377,0.6810349225997925,0.6021617249692487,0.6280582199774077,0.5893004749692488,0.6166137199774078,1.5977527665647304,0.5904120423409893,0.5987596790264075,1.6616012157948585,0.0,0.5417709293616926,-0.2503883661394013,1.582357750425691
2026-08-18T02:44:43.555+00:00,1787021083.5558274,180895.9359451,14.380563999991864,496,180895.8237335,19.178399990778416,92.77730001485907,3,1,1,4,1,0.0,1,estabilizada,1,1,1,1003.0,389.75,1.0508971214294434,0.6548478603363037,1.0219394743526236,0.6033606031968257,1.0090782243526235,0.5919161031968257,-0.67698040682136,1.0042721814444315,0.5957062806840397,-0.6515640324450402,0.0,0.5417709293616926,-0.2503883661394013,1.582357750425691
2026-08-18T02:44:43.555+00:00,1787021083.5558274,180895.9359616,14.380580499971984,496,180895.8237335,19.178399990778416,92.77730001485907,10,0,0,4,1,0.0,1,estabilizada,1,1,1,,,,,,,,,,,,,nan,0.5417709293616926,-0.2503883661394013,1.582357750425691
2026-08-18T02:44:43.740+00:00,1787021083.7401648,180896.1197664,14.564385299978312,501,180895.9933727,10.23340001120232,116.09379999572411,1,0,0,4,1,0.0,1,estabilizada,1,1,1,,,,,,,,,,,,,nan,0.5417625723079293,-0.25039481215001336,1.5823549018033387
2026-08-18T02:44:43.740+00:00,1787021083.7401648,180896.1198842,14.56450309997308,501,180895.9933727,10.23340001120232,116.09379999572411,2,1,1,4,1,0.0,1,estabilizada,1,1,1,728.5,374.5,0.6049849390983582,0.6921872496604919,0.6013890245505826,0.6385757713086595,0.5885277745505826,0.6271312713086595,1.6538032658049684,0.5897383614504531,0.6066316527074945,1.6374548594079483,0.0,0.5417625723079293,-0.25039481215001336,1.5823549018033387
2026-08-18T02:44:43.740+00:00,1787021083.7401648,180896.1199013,14.564520199986873,501,180895.9933727,10.23340001120232,116.09379999572411,3,1,1,4,1,0.0,1,estabilizada,1,1,1,1003.25,390.0,1.051242709159851,0.6543734669685364,1.0222648785452297,0.6029127326997143,1.0094036285452297,0.5914682326997144,-0.7058532976392013,1.0042721814444315,0.5957062806840397,-0.6515640324450402,0.0,0.5417625723079293,-0.25039481215001336,1.5823549018033387
2026-08-18T02:44:43.740+00:00,1787021083.7401648,180896.1199184,14.564537300000666,501,180895.9933727,10.23340001120232,116.09379999572411,10,0,0,4,1,0.0,1,estabilizada,1,1,1,,,,,,,,,,,,,nan,0.5417625723079293,-0.25039481215001336,1.5823549018033387
2026-08-18T02:44:43.899+00:00,1787021083.8994784,180896.2799671,14.724585999996634,506,180896.1575983,29.764800012344494,92.55440000561066,1,0,0,4,1,0.0,1,estabilizada,1,1,1,,,,,,,,,,,,,nan,0.5417539189659086,-0.2504024776806538,1.5823504788295655
2026-08-18T02:44:43.899+00:00,1787021083.8994784,180896.2800496,14.724668499984546,506,180896.1575983,29.764800012344494,92.55440000561066,2,1,1,4,1,0.0,1,estabilizada,1,1,1,728.25,368.0,0.6050061583518982,0.7043180465698242,0.6014085346769271,0.6500160140352241,0.5885472846769271,0.6385715140352242,1.5964646047153734,0.5894180412233969,0.6117929942347515,1.6374548594079483,0.0,0.5417539189659086,-0.2504024776806538,1.5823504788295655
2026-08-18T02:44:43.899+00:00,1787021083.8994784,180896.2800697,14.724688599992078,506,180896.1575983,29.764800012344494,92.55440000561066,3,1,1,4,1,0.0,1,estabilizada,1,1,1,1003.25,390.0,1.0512421131134033,0.654370903968811,1.0222637432220556,0.6029097356385914,1.0094024932220556,0.5914652356385914,-0.6769825960538445,1.0042721814444315,0.5957062806840397,-0.6515640324450402,0.0,0.5417539189659086,-0.2504024776806538,1.5823504788295655
2026-08-18T02:44:43.899+00:00,1787021083.8994784,180896.2800843,14.724703199986834,506,180896.1575983,29.764800012344494,92.55440000561066,10,0,0,4,1,0.0,1,estabilizada,1,1,1,,,,,,,,,,,,,nan,0.5417539189659086,-0.2504024776806538,1.5823504788295655
2026-08-18T02:44:44.046+00:00,1787021084.0466821,180896.4269677,14.871586599998409,511,180896.3229311,19.61620000656694,84.39760000328533,1,0,0,4,1,0.0,1,estabilizada,1,1,1,,,,,,,,,,,,,nan,0.541747882225307,-0.25041121876059746,1.582345625894459
2026-08-18T02:44:44.046+00:00,1787021084.0466821,180896.4270107,14.871629599976586,511,180896.3229311,19.61620000656694,84.39760000328533,2,1,1,4,1,0.0,1,estabilizada,1,1,1,727.5,362.25,0.6041641235351562,0.7151241302490234,0.6006140383793225,0.6602068100448837,0.5877527883793225,0.6487623100448837,1.5999395761107205,0.5886708744933888,0.6302483207182517,1.6374548594079483,0.0,0.541747882225307,-0.25041121876059746,1.582345625894459
2026-08-18T02:44:44.046+00:00,1787021084.0466821,180896.4270226,14.871641499979887,511,180896.3229311,19.61620000656694,84.39760000328533,3,1,1,4,1,0.0,1,estabilizada,1,1,1,1003.25,390.0,1.0512415170669556,0.65436851978302,1.0222627488475737,0.6029068320604687,1.0094014988475737,0.5914623320604687,-0.7058582239671756,1.0042721814444315,0.5957062806840397,-0.659696949515059,0.0,0.541747882225307,-0.25041121876059746,1.582345625894459
2026-08-18T02:44:44.046+00:00,1787021084.0466821,180896.4270357,14.871654599992326,511,180896.3229311,19.61620000656694,84.39760000328533,10,0,0,4,1,0.0,1,estabilizada,1,1,1,,,,,,,,,,,,,nan,0.541747882225307,-0.25041121876059746,1.582345625894459
2026-08-18T02:44:44.195+00:00,1787021084.1953044,180896.5752752,15.019894099998055,515,180896.4558146,32.68240002216771,86.75129999755882,1,0,0,4,1,0.0,1,estabilizada,1,1,1,,,,,,,,,,,,,nan,0.5417432132097227,-0.25041763678813467,1.5823434124797464
2026-08-18T02:44:44.195+00:00,1787021084.1953044,180896.575389,15.02000789999147,515,180896.4558146,32.68240002216771,86.75129999755882,2,1,1,4,1,0.0,1,estabilizada,1,1,1,727.75,356.5,0.6049495935440063,0.7259544134140015,0.6013545621587707,0.6704206501201773,0.5884933121587708,0.6589761501201773,1.5690616847129615,0.5884064566400159,0.6386036371814909,1.6207005377330073,0.0,0.5417432132097227,-0.25041763678813467,1.5823434124797464
2026-08-18T02:44:44.195+00:00,1787021084.1953044,180896.5754556,15.020074499974726,515,180896.4558146,32.68240002216771,86.75129999755882,3,1,1,4,1,0.0,1,estabilizada,1,1,1,1003.0,389.75,1.0508952140808105,0.6548377275466919,1.0219358366681754,0.6033489153536071,1.0090745866681754,0.5919044153536072,-0.6769869745320155,1.0042721814444315,0.5957062806840397,-0.659696949515059,0.0,0.5417432132097227,-0.25041763678813467,1.5823434124797464
2026-08-18T02:44:44.195+00:00,1787021084.1953044,180896.5754748,15.020093699975405,515,180896.4558146,32.68240002216771,86.75129999755882,10,0,0,4,1,0.0,1,estabilizada,1,1,1,,,,,,,,,,,,,nan,0.5417432132097227,-0.25041763678813467,1.5823434124797464
2026-08-18T02:44:44.348+00:00,1787021084.3483562,180896.7287653,15.17338419999578,520,180896.6224307,11.883200000738725,94.42820001277141,1,0,0,4,1,0.0,1,estabilizada,1,1,1,,,,,,,,,,,,,nan,0.5417413769329514,-0.2504208969951417,1.5823441188289193
2026-08-18T02:44:44.348+00:00,1787021084.3483562,180896.7288079,15.173426800000016,520,180896.6224307,11.883200000738725,94.42820001277141,2,1,1,4,1,0.0,1,estabilizada,1,1,1,727.25,351.25,0.6044783592224121,0.7359137535095215,0.6009100276952407,0.6798133658068024,0.5880487776952408,0.6683688658068024,1.5426962404942994,0.5883098296950839,0.6438684803504593,1.6120093324750502,0.0,0.5417413769329514,-0.2504208969951417,1.5823441188289193
2026-08-18T02:44:44.348+00:00,1787021084.3483562,180896.7288195,15.173438399971928,520,180896.6224307,11.883200000738725,94.42820001277141,3,1,1,4,1,0.0,1,estabilizada,1,1,1,1003.0,389.75,1.0508944988250732,0.6548347473144531,1.0219350705787036,0.6033459421813693,1.0090738205787035,0.5919014421813693,-0.67698832414439,1.0042721814444315,0.5957062806840397,-0.659696949515059,0.0,0.5417413769329514,-0.2504208969951417,1.5823441188289193
2026-08-18T02:44:44.348+00:00,1787021084.3483562,180896.7288332,15.173452099988936,520,180896.6224307,11.883200000738725,94.42820001277141,10,0,0,4,1,0.0,1,estabilizada,1,1,1,,,,,,,,,,,,,nan,0.5417413769329514,-0.2504208969951417,1.5823441188289193
2026-08-18T02:44:44.494+00:00,1787021084.4941585,180896.874042,15.318660899996758,524,180896.7562968,30.764399998588488,86.9578999991063,1,0,0,4,1,0.0,1,estabilizada,1,1,1,,,,,,,,,,,,,nan,0.5417375375014921,-0.2504207318915511,1.5823480567579955
2026-08-18T02:44:44.494+00:00,1787021084.4941585,180896.8741608,15.31877969999914,524,180896.7562968,30.764399998588488,86.9578999991063,2,1,1,4,1,0.0,1,estabilizada,1,1,1,727.25,346.0,0.6048250198364258,0.7459046244621277,0.6012367616236421,0.6892361300124611,0.5883755116236422,0.6777916300124611,1.6014859576351528,0.5882499678912694,0.6603344388234507,1.6027933594519428,0.0,0.5417375375014921,-0.2504207318915511,1.5823480567579955
2026-08-18T02:44:44.494+00:00,1787021084.4941585,180896.8741825,15.318801399989752,524,180896.7562968,30.764399998588488,86.9578999991063,3,1,1,4,1,0.0,1,estabilizada,1,1,1,1003.25,390.0,1.0512398481369019,0.6543599367141724,1.02226063097836,0.6028982751494253,1.00939938097836,0.5914537751494253,-0.7058625825190931,1.0042721814444315,0.5957062806840397,-0.659696949515059,0.0,0.5417375375014921,-0.2504207318915511,1.5823480567579955
2026-08-18T02:44:44.494+00:00,1787021084.4941585,180896.8741945,15.318813399993815,524,180896.7562968,30.764399998588488,86.9578999991063,10,0,0,4,1,0.0,1,estabilizada,1,1,1,,,,,,,,,,,,,nan,0.5417375375014921,-0.2504207318915511,1.5823480567579955
2026-08-18T02:44:44.639+00:00,1787021084.6399949,180897.0202185,15.464837399980752,529,180896.9225255,10.07639997988008,87.57780000451021,1,0,0,4,1,0.0,1,estabilizada,1,1,1,,,,,,,,,,,,,nan,0.5417328399845598,-0.2504205037424272,1.5823519861106605
2026-08-18T02:44:44.639+00:00,1787021084.6399949,180897.0202908,15.464909699978307,529,180896.9225255,10.07639997988008,87.57780000451021,2,1,1,4,1,0.0,1,estabilizada,1,1,1,727.5,340.0,0.6056342124938965,0.7573733925819397,0.6019996712689847,0.7000527386027119,0.5891384212689847,0.6886082386027119,1.5419224160944078,0.5883882831707465,0.668117738110778,1.6027933594519428,0.0,0.5417328399845598,-0.2504205037424272,1.5823519861106605
2026-08-18T02:44:44.639+00:00,1787021084.6399949,180897.0203214,15.46494029997848,529,180896.9225255,10.07639997988008,87.57780000451021,3,1,1,4,1,0.0,1,estabilizada,1,1,1,1003.25,390.25,1.0511728525161743,0.653892993927002,1.0221972506713906,0.6024580316021549,1.0093360006713905,0.591013531602155,-0.7058625825190942,1.0042721814444315,0.5957062806840397,-0.659696949515059,0.0,0.5417328399845598,-0.2504205037424272,1.5823519861106605
2026-08-18T02:44:44.639+00:00,1787021084.6399949,180897.0203508,15.464969699998619,529,180896.9225255,10.07639997988008,87.57780000451021,10,0,0,4,1,0.0,1,estabilizada,1,1,1,,,,,,,,,,,,,nan,0.5417328399845598,-0.2504205037424272,1.5823519861106605
2026-08-18T02:44:44.793+00:00,1787021084.7936764,180897.173674,15.61829289997695,533,180897.0555629,30.163699993863702,87.92409999296069,1,0,0,4,1,0.0,1,estabilizada,1,1,1,,,,,,,,,,,,,nan,0.5417265047560004,-0.2504215358423293,1.5823563098783673
2026-08-18T02:44:44.793+00:00,1787021084.7936764,180897.1737173,15.618336199986516,533,180897.0555629,30.163699993863702,87.92409999296069,2,1,1,4,1,0.0,1,estabilizada,1,1,1,728.25,335.25,0.607187807559967,0.7664802074432373,0.6034645517953979,0.7086416812375081,0.590603301795398,0.6971971812375082,1.5419222517777114,0.5886487114084183,0.6772219383102327,1.6027933594519428,0.0,0.5417265047560004,-0.2504215358423293,1.5823563098783673
2026-08-18T02:44:44.793+00:00,1787021084.7936764,180897.1737297,15.618348599993624,533,180897.0555629,30.163699993863702,87.92409999296069,3,1,1,4,1,0.0,1,estabilizada,1,1,1,1003.0,390.0,1.0508272647857666,0.6543606519699097,1.0218710378496216,0.6028991724063334,1.0090097878496216,0.5914546724063334,-0.7058647618010965,1.0042721814444315,0.5957062806840397,-0.659696949515059,0.0,0.5417265047560004,-0.2504215358423293,1.5823563098783673
2026-08-18T02:44:44.793+00:00,1787021084.7936764,180897.1737401,15.618358999985503,533,180897.0555629,30.163699993863702,87.92409999296069,10,0,0,4,1,0.0,1,estabilizada,1,1,1,,,,,,,,,,,,,nan,0.5417265047560004,-0.2504215358423293,1.5823563098783673
2026-08-18T02:44:44.946+00:00,1787021084.946221,180897.3266788,15.771297699975548,538,180897.2250508,6.482400000095367,95.05579998949543,1,0,0,4,1,0.0,1,estabilizada,1,1,1,,,,,,,,,,,,,nan,0.541720664110175,-0.2504242700306426,1.5823598326792747
2026-08-18T02:44:44.947+00:00,1787021084.9472194,180897.326829,15.771447899984196,538,180897.2250508,6.482400000095367,95.05579998949543,2,1,1,4,1,0.0,1,estabilizada,1,1,1,727.5,329.0,0.6063724160194397,0.7785747647285461,0.602695213431466,0.7200483087254771,0.589833963431466,0.7086038087254771,1.5708834100883102,0.5893465975123702,0.6920322571533983,1.5944780786412664,0.0,0.541720664110175,-0.2504242700306426,1.5823598326792747
2026-08-18T02:44:44.947+00:00,1787021084.9472194,180897.3268546,15.7714734999754,538,180897.2250508,6.482400000095367,95.05579998949543,3,1,1,4,1,0.0,1,estabilizada,1,1,1,1003.25,390.0,1.0512391328811646,0.6543480157852173,1.022259212358445,0.6028872139867099,1.009397962358445,0.5914427139867099,-0.6769927026502142,1.0042721814444315,0.5957062806840397,-0.659696949515059,0.0,0.541720664110175,-0.2504242700306426,1.5823598326792747
2026-08-18T02:44:44.947+00:00,1787021084.9472194,180897.326883,15.771501899987925,538,180897.2250508,6.482400000095367,95.05579998949543,10,0,0,4,1,0.0,1,estabilizada,1,1,1,,,,,,,,,,,,,nan,0.541720664110175,-0.2504242700306426,1.5823598326792747
2026-08-18T02:44:45.136+00:00,1787021085.1363182,180897.515923,15.960541899985401,543,180897.3903276,10.643599991453812,114.904000016395,1,0,0,4,1,0.0,1,estabilizada,1,1,1,,,,,,,,,,,,,nan,0.5417184649828427,-0.2504248696240058,1.5823657408699652
2026-08-18T02:44:45.136+00:00,1787021085.1363182,180897.5160619,15.960680799995316,543,180897.3903276,10.643599991453812,114.904000016395,2,1,1,4,1,0.0,1,estabilizada,1,1,1,727.75,322.5,0.6072268486022949,0.7911970019340515,0.6035009372194376,0.7319528170917503,0.5906396872194377,0.7205083170917503,1.5419217286602644,0.5902135199344642,0.7080992726778621,1.5559220690828053,0.0,0.5417184649828427,-0.2504248696240058,1.5823657408699652
2026-08-18T02:44:45.136+00:00,1787021085.1363182,180897.5160901,15.960708999977214,543,180897.3903276,10.643599991453812,114.904000016395,3,1,1,4,1,0.0,1,estabilizada,1,1,1,1003.25,390.0,1.0512394905090332,0.6543439626693726,1.0222595327704729,0.6028835494392205,1.0093982827704728,0.5914390494392205,-0.6769935422822501,1.0042721814444315,0.5957062806840397,-0.659696949515059,0.0,0.5417184649828427,-0.2504248696240058,1.5823657408699652
2026-08-18T02:44:45.136+00:00,1787021085.1363182,180897.5161116,15.960730499995407,543,180897.3903276,10.643599991453812,114.904000016395,10,0,0,4,1,0.0,1,estabilizada,1,1,1,,,,,,,,,,,,,nan,0.5417184649828427,-0.2504248696240058,1.5823657408699652
2026-08-18T02:44:45.321+00:00,1787021085.321448,180897.7016526,16.146271499979775,549,180897.5905642,5.3032999858260155,105.75829999288544,1,0,0,4,1,0.0,1,estabilizada,1,1,1,,,,,,,,,,,,,nan,0.5417179171712074,-0.2504245316947456,1.5823733573363803
2026-08-18T02:44:45.321+00:00,1787021085.321448,180897.7017046,16.14632349999738,549,180897.5905642,5.3032999858260155,105.75829999288544,2,1,1,4,1,0.0,1,estabilizada,1,1,1,728.0,315.75,0.6081036329269409,0.8043853044509888,0.6043278398182442,0.7443913183206121,0.5914665898182443,0.7329468183206121,1.5419226274730935,0.5903889967570504,0.7107755906389415,1.5479832257409414,0.0,0.5417179171712074,-0.2504245316947456,1.5823733573363803
2026-08-18T02:44:45.321+00:00,1787021085.321448,180897.7017179,16.146336799982237,549,180897.5905642,5.3032999858260155,105.75829999288544,3,1,1,4,1,0.0,1,estabilizada,1,1,1,1003.25,390.0,1.051240086555481,0.6543401479721069,1.0222602032479309,0.6028802186245308,1.0093989532479308,0.5914357186245308,-0.7058707318348445,1.0042721814444315,0.5957062806840397,-0.659696949515059,0.0,0.5417179171712074,-0.2504245316947456,1.5823733573363803
2026-08-18T02:44:45.321+00:00,1787021085.321448,180897.7017311,16.146349999995437,549,180897.5905642,5.3032999858260155,105.75829999288544,10,0,0,4,1,0.0,1,estabilizada,1,1,1,,,,,,,,,,,,,nan,0.5417179171712074,-0.2504245316947456,1.5823733573363803
2026-08-18T02:44:45.472+00:00,1787021085.4729817,180897.8529969,16.297615799994674,554,180897.7551078,11.27339998492971,86.59350001835264,1,0,0,4,1,0.0,1,estabilizada,1,1,1,,,,,,,,,,,,,nan,0.5417180891176983,-0.2504241615506003,1.5823800358882372
2026-08-18T02:44:45.472+00:00,1787021085.4729817,180897.8530571,16.297675999987405,554,180897.7551078,11.27339998492971,86.59350001835264,2,1,1,4,1,0.0,1,estabilizada,1,1,1,728.25,309.75,0.6089339256286621,0.8161764740943909,0.6051109342177581,0.7555121235395855,0.592249684217758,0.7440676235395856,1.541921811213853,0.5908464950997919,0.7184118835141866,1.5479832257409414,0.0,0.5417180891176983,-0.2504241615506003,1.5823800358882372
2026-08-18T02:44:45.472+00:00,1787021085.4729817,180897.8530858,16.29770469997311,554,180897.7551078,11.27339998492971,86.59350001835264,3,1,1,4,1,0.0,1,estabilizada,1,1,1,1003.0,390.0,1.0508285760879517,0.6543450355529785,1.0218722300850125,0.6028850664605262,1.0090109800850124,0.5914405664605262,-0.6769974108005323,1.0042721814444315,0.5957062806840397,-0.659696949515059,0.0,0.5417180891176983,-0.2504241615506003,1.5823800358882372
2026-08-18T02:44:45.472+00:00,1787021085.4729817,180897.8530987,16.297717599984026,554,180897.7551078,11.27339998492971,86.59350001835264,10,0,0,4,1,0.0,1,estabilizada,1,1,1,,,,,,,,,,,,,nan,0.5417180891176983,-0.2504241615506003,1.5823800358882372
2026-08-18T02:44:45.617+00:00,1787021085.6176517,180897.9977164,16.44233529997291,558,180897.8887449,22.857600008137524,86.09060000162572,1,0,0,4,1,0.0,1,estabilizada,1,1,1,,,,,,,,,,,,,nan,0.5417205244340738,-0.2504188412631942,1.5823903068557372
2026-08-18T02:44:45.617+00:00,1787021085.6176517,180897.9977566,16.442375499987975,558,180897.8887449,22.857600008137524,86.09060000162572,2,1,1,4,1,0.0,1,estabilizada,1,1,1,728.0,305.5,0.6088109612464905,0.8245788812637329,0.6049951268806218,0.7634373319201524,0.5921338768806219,0.7519928319201524,1.5419224074407536,0.5917017146889771,0.7362705743548787,1.5479832257409414,0.0,0.5417205244340738,-0.2504188412631942,1.5823903068557372
2026-08-18T02:44:45.617+00:00,1787021085.6176517,180897.9977681,16.44238699998823,558,180897.8887449,22.857600008137524,86.09060000162572,3,1,1,4,1,0.0,1,estabilizada,1,1,1,1003.0,390.0,1.0508291721343994,0.6543416380882263,1.0218731186913808,0.6028824988424679,1.0090118686913807,0.591437998842468,-0.6769990900554077,1.0042721814444315,0.5957062806840397,-0.659696949515059,0.0,0.5417205244340738,-0.2504188412631942,1.5823903068557372
2026-08-18T02:44:45.617+00:00,1787021085.6176517,180897.9977808,16.442399699997623,558,180897.8887449,22.857600008137524,86.09060000162572,10,0,0,4,1,0.0,1,estabilizada,1,1,1,,,,,,,,,,,,,nan,0.5417205244340738,-0.2504188412631942,1.5823903068557372
2026-08-18T02:44:45.768+00:00,1787021085.7684352,180898.1484328,16.593051699979696,563,180898.0548804,2.7111999806948006,90.81749999313615,1,0,0,4,1,0.0,1,estabilizada,1,1,1,,,,,,,,,,,,,nan,0.5417214866247645,-0.25041150684099694,1.5824014234966963
2026-08-18T02:44:45.768+00:00,1787021085.7684352,180898.1484759,16.59309479998774,563,180898.0548804,2.7111999806948006,90.81749999313615,2,1,1,4,1,0.0,1,estabilizada,1,1,1,727.25,299.75,0.6079545021057129,0.836010754108429,0.6041874608829407,0.7742198570366958,0.5913262108829407,0.7627753570366959,1.4918906967603416,0.5918100079521039,0.7400933582153917,1.5479832257409414,0.0,0.5417214866247645,-0.25041150684099694,1.5824014234966963
2026-08-18T02:44:45.768+00:00,1787021085.7684352,180898.1484872,16.59310609998647,563,180898.0548804,2.7111999806948006,90.81749999313615,3,1,1,4,1,0.0,1,estabilizada,1,1,1,1003.0,390.0,1.0508300065994263,0.6543383002281189,1.0218741638421127,0.6028801294838795,1.0090129138421127,0.5914356294838795,-0.6769999296811459,1.0042721814444315,0.5957062806840397,-0.659696949515059,0.0,0.5417214866247645,-0.25041150684099694,1.5824014234966963
2026-08-18T02:44:45.768+00:00,1787021085.7684352,180898.1484981,16.593116999982158,563,180898.0548804,2.7111999806948006,90.81749999313615,10,0,0,4,1,0.0,1,estabilizada,1,1,1,,,,,,,,,,,,,nan,0.5417214866247645,-0.25041150684099694,1.5824014234966963
2026-08-18T02:44:45.917+00:00,1787021085.9173648,180898.2976153,16.742234199977247,567,180898.189013,21.382200007792562,87.1972999884747,1,0,0,4,1,0.0,1,estabilizada,1,1,1,,,,,,,,,,,,,nan,0.5417210088599737,-0.25040292199713376,1.582412603040124
2026-08-18T02:44:45.917+00:00,1787021085.9173648,180898.2976559,16.742274799995357,567,180898.189013,21.382200007792562,87.1972999884747,2,1,1,4,1,0.0,1,estabilizada,1,1,1,728.0,295.0,0.6095425486564636,0.8454639911651611,0.6056851864426155,0.7831363643533404,0.5928239364426156,0.7716918643533405,1.5419217087707664,0.591886135107626,0.7428903943173065,1.5479832257409414,0.0,0.5417210088599737,-0.25040292199713376,1.582412603040124
2026-08-18T02:44:45.917+00:00,1787021085.9173648,180898.2976677,16.742286599997897,567,180898.189013,21.382200007792562,87.1972999884747,3,1,1,4,1,0.0,1,estabilizada,1,1,1,1003.25,390.0,1.0512429475784302,0.6543266177177429,1.0222637961254142,0.6028699632283231,1.0094025461254141,0.5914254632283231,-0.6769994196747842,1.0042721814444315,0.5957062806840397,-0.659696949515059,0.0,0.5417210088599737,-0.25040292199713376,1.582412603040124
2026-08-18T02:44:45.917+00:00,1787021085.9173648,180898.2976811,16.742299999983516,567,180898.189013,21.382200007792562,87.1972999884747,10,0,0,4,1,0.0,1,estabilizada,1,1,1,,,,,,,,,,,,,nan,0.5417210088599737,-0.25040292199713376,1.582412603040124
2026-08-18T02:44:46.064+00:00,1787021086.0644128,180898.4445996,16.889218500000425,572,180898.3553303,1.709200005279854,87.53660001093522,1,0,0,4,1,0.0,1,estabilizada,1,1,1,,,,,,,,,,,,,nan,0.5417210918991999,-0.2503931484475293,1.5824254409809173
2026-08-18T02:44:46.064+00:00,1787021086.0644128,180898.4446426,16.889261499978602,572,180898.3553303,1.709200005279854,87.53660001093522,2,1,1,4,1,0.0,1,estabilizada,1,1,1,728.0,289.25,0.609946608543396,0.8569875359535217,0.6060663015545427,0.7940055723076929,0.5932050515545426,0.7825610723076929,1.5709496427103409,0.5923380448824523,0.7550426189113981,1.5479832257409414,0.0,0.5417210918991999,-0.2503931484475293,1.5824254409809173
2026-08-18T02:44:46.064+00:00,1787021086.0644128,180898.4446685,16.88928739997209,572,180898.3553303,1.709200005279854,87.53660001093522,3,1,1,4,1,0.0,1,estabilizada,1,1,1,1003.0,390.0,1.0508320331573486,0.6543315052986145,1.021876492171588,0.602875546156123,1.009015242171588,0.5914310461561231,-0.6770010989195981,1.0042721814444315,0.5957062806840397,-0.659696949515059,0.0,0.5417210918991999,-0.2503931484475293,1.5824254409809173
2026-08-18T02:44:46.064+00:00,1787021086.0644128,180898.4446784,16.889297299989266,572,180898.3553303,1.709200005279854,87.53660001093522,10,0,0,4,1,0.0,1,estabilizada,1,1,1,,,,,,,,,,,,,nan,0.5417210918991999,-0.2503931484475293,1.5824254409809173
2026-08-18T02:44:46.213+00:00,1787021086.2140946,180898.5936667,17.038285599992378,576,180898.4892123,20.06680000340566,84.36570002231747,1,0,0,4,1,0.0,1,estabilizada,1,1,1,,,,,,,,,,,,,nan,0.5417257844353603,-0.25038081916513283,1.5824401478073884
2026-08-18T02:44:46.214+00:00,1787021086.2140946,180898.5937081,17.038326999987476,576,180898.4892123,20.06680000340566,84.36570002231747,2,1,1,4,1,0.0,1,estabilizada,1,1,1,728.0,284.5,0.6102821230888367,0.8665527105331421,0.6063830369291724,0.8030280218982324,0.5935217869291725,0.7915835218982324,1.5419203617522068,0.592761055598231,0.7684805254936278,1.5479832257409414,0.0,0.5417257844353603,-0.25038081916513283,1.5824401478073884
2026-08-18T02:44:46.214+00:00,1787021086.2140946,180898.5937195,17.03833839998697,576,180898.4892123,20.06680000340566,84.36570002231747,3,1,1,4,1,0.0,1,estabilizada,1,1,1,1003.25,390.0,1.0512454509735107,0.6543188095092773,1.0222669331749246,0.6028647518670243,1.0094056831749245,0.5914202518670243,-0.6770019385403003,1.0042721814444315,0.5957062806840397,-0.659696949515059,0.0,0.5417257844353603,-0.25038081916513283,1.5824401478073884
2026-08-18T02:44:46.214+00:00,1787021086.2140946,180898.5937322,17.038351099996362,576,180898.4892123,20.06680000340566,84.36570002231747,10,0,0,4,1,0.0,1,estabilizada,1,1,1,,,,,,,,,,,,,nan,0.5417257844353603,-0.25038081916513283,1.5824401478073884
2026-08-18T02:44:46.360+00:00,1787021086.3606846,180898.7412229,17.185841799975606,580,180898.6218589,32.929299981333315,86.41210000496358,1,0,0,4,1,0.0,1,estabilizada,1,1,1,,,,,,,,,,,,,nan,0.5417313644486312,-0.25036952692244036,1.5824527254077332
2026-08-18T02:44:46.361+00:00,1787021086.3616843,180898.7412647,17.18588359997375,580,180898.6218589,32.929299981333315,86.41210000496358,2,1,1,4,1,0.0,1,estabilizada,1,1,1,727.75,279.25,0.6102319955825806,0.8771809935569763,0.606336108708319,0.8130529818863588,0.593474858708319,0.8016084818863588,1.5419195688711071,0.5937439575482675,0.7914973753279066,1.5479832257409414,0.0,0.5417313644486312,-0.25036952692244036,1.5824527254077332
2026-08-18T02:44:46.361+00:00,1787021086.3616843,180898.7412774,17.185896299983142,580,180898.6218589,32.929299981333315,86.41210000496358,3,1,1,4,1,0.0,1,estabilizada,1,1,1,1003.25,390.0,1.0512465238571167,0.6543152332305908,1.0222684927219696,0.602862430182213,1.0094072427219696,0.591417930182213,-0.6770036177783136,1.0042721814444315,0.5957062806840397,-0.659696949515059,0.0,0.5417313644486312,-0.25036952692244036,1.5824527254077332
2026-08-18T02:44:46.361+00:00,1787021086.3616843,180898.741288,17.185906899976544,580,180898.6218589,32.929299981333315,86.41210000496358,10,0,0,4,1,0.0,1,estabilizada,1,1,1,,,,,,,,,,,,,nan,0.5417313644486312,-0.25036952692244036,1.5824527254077332
2026-08-18T02:44:46.513+00:00,1787021086.5134525,180898.8935284,17.33814729997539,585,180898.7882606,12.180899997474626,93.06240000296384,1,0,0,4,1,0.0,1,estabilizada,1,1,1,,,,,,,,,,,,,nan,0.541738643693366,-0.2503583495122243,1.58246435679101
2026-08-18T02:44:46.513+00:00,1787021086.5134525,180898.8935848,17.338203699997393,585,180898.7882606,12.180899997474626,93.06240000296384,2,1,1,4,1,0.0,1,estabilizada,1,1,1,728.25,273.75,0.6114708185195923,0.888353168964386,0.6075049183036235,0.8235908656473516,0.5946436683036236,0.8121463656473517,1.5131277979056867,0.5940627029862322,0.7983975919204342,1.5479832257409414,0.0,0.541738643693366,-0.2503583495122243,1.58246435679101
2026-08-18T02:44:46.513+00:00,1787021086.5134525,180898.8936011,17.33821999997599,585,180898.7882606,12.180899997474626,93.06240000296384,3,1,1,4,1,0.0,1,estabilizada,1,1,1,1003.0,390.0,1.0508352518081665,0.6543205380439758,1.0218812380676958,0.60286844717656,1.0090199880676958,0.59142394717656,-0.6770052970117943,1.0042721814444315,0.5957062806840397,-0.659696949515059,0.0,0.541738643693366,-0.2503583495122243,1.58246435679101
2026-08-18T02:44:46.513+00:00,1787021086.5134525,180898.8936154,17.338234299997566,585,180898.7882606,12.180899997474626,93.06240000296384,10,0,0,4,1,0.0,1,estabilizada,1,1,1,,,,,,,,,,,,,nan,0.541738643693366,-0.2503583495122243,1.58246435679101
2026-08-18T02:44:46.664+00:00,1787021086.6640477,180899.0445061,17.489124999992782,589,180898.9231995,30.044600018300116,91.22470000875182,1,0,0,4,1,0.0,1,estabilizada,1,1,1,,,,,,,,,,,,,nan,0.5417492339481947,-0.250347886154803,1.582475296965043
2026-08-18T02:44:46.664+00:00,1787021086.6640477,180899.0445717,17.489190599997528,589,180898.9231995,30.044600018300116,91.22470000875182,2,1,1,4,1,0.0,1,estabilizada,1,1,1,728.25,269.5,0.6117761135101318,0.8970353603363037,0.6077934799912001,0.8317803181993138,0.5949322299912001,0.8203358181993138,1.5419204213574043,0.5944627852982147,0.8040143249663446,1.5479832257409414,0.0,0.5417492339481947,-0.250347886154803,1.582475296965043
2026-08-18T02:44:46.664+00:00,1787021086.6640477,180899.0446008,17.48921969998628,589,180898.9231995,30.044600018300116,91.22470000875182,3,1,1,4,1,0.0,1,estabilizada,1,1,1,1003.0,390.0,1.050836205482483,0.6543179750442505,1.021882939971193,0.6028669807291629,1.009021689971193,0.5914224807291629,-0.6770061366268333,1.0042721814444315,0.5957062806840397,-0.659696949515059,0.0,0.5417492339481947,-0.250347886154803,1.582475296965043
2026-08-18T02:44:46.665+00:00,1787021086.6650484,180899.0446369,17.489255799999228,589,180898.9231995,30.044600018300116,91.22470000875182,10,0,0,4,1,0.0,1,estabilizada,1,1,1,,,,,,,,,,,,,nan,0.5417492339481947,-0.250347886154803,1.582475296965043
2026-08-18T02:44:46.811+00:00,1787021086.8119025,180899.1923642,17.636983099975623,594,180899.0880348,17.795100022340193,86.51159997680224,1,0,0,4,1,0.0,1,estabilizada,1,1,1,,,,,,,,,,,,,nan,0.541760032764118,-0.25033751529262915,1.5824853277612259
2026-08-18T02:44:46.811+00:00,1787021086.8119025,180899.1924045,17.63702339999145,594,180899.0880348,17.795100022340193,86.51159997680224,2,1,1,4,1,0.0,1,estabilizada,1,1,1,728.25,264.0,0.6121727228164673,0.9083229899406433,0.6081681725097187,0.8424269947982929,0.5953069225097187,0.8309824947982929,1.5419208712473524,0.5948269929478125,0.8110552259333512,1.5479832257409414,0.0,0.541760032764118,-0.25033751529262915,1.5824853277612259
2026-08-18T02:44:46.811+00:00,1787021086.8119025,180899.1924161,17.637034999992466,594,180899.0880348,17.795100022340193,86.51159997680224,3,1,1,4,1,0.0,1,estabilizada,1,1,1,1003.25,390.0,1.0512487888336182,0.6543071866035461,1.0222728563293177,0.6028577218013419,1.0094116063293177,0.5914132218013419,-0.6770086554651564,1.0042721814444315,0.5957062806840397,-0.659696949515059,0.0,0.541760032764118,-0.25033751529262915,1.5824853277612259
2026-08-18T02:44:46.811+00:00,1787021086.8119025,180899.1924278,17.637046699994244,594,180899.0880348,17.795100022340193,86.51159997680224,10,0,0,4,1,0.0,1,estabilizada,1,1,1,,,,,,,,,,,,,nan,0.541760032764118,-0.25033751529262915,1.5824853277612259
2026-08-18T02:44:46.957+00:00,1787021086.957934,180899.3382496,17.782868499984033,598,180899.2264978,25.435399991692975,86.291000014171,1,0,0,4,1,0.0,1,estabilizada,1,1,1,,,,,,,,,,,,,nan,0.5417712432155585,-0.2503279339884616,1.582494220997002
2026-08-18T02:44:46.957+00:00,1787021086.957934,180899.3382896,17.782908499997575,598,180899.2264978,25.435399991692975,86.291000014171,2,1,1,4,1,0.0,1,estabilizada,1,1,1,728.25,259.75,0.6124802231788635,0.9170846343040466,0.6084588447041364,0.8506912600014653,0.5955975947041363,0.8392467600014654,1.475314062637038,0.5950439354803227,0.8200629481424282,1.5479832257409414,0.0,0.5417712432155585,-0.2503279339884616,1.582494220997002
2026-08-18T02:44:46.957+00:00,1787021086.957934,180899.3383017,17.782920599973295,598,180899.2264978,25.435399991692975,86.291000014171,3,1,1,4,1,0.0,1,estabilizada,1,1,1,1003.0,390.0,1.0508370399475098,0.654312789440155,1.0218853249282849,0.6028638400359159,1.0090240749282848,0.5914193400359159,-0.6770103346850374,1.0042721814444315,0.5957062806840397,-0.659696949515059,0.0,0.5417712432155585,-0.2503279339884616,1.582494220997002
2026-08-18T02:44:46.957+00:00,1787021086.957934,180899.3383137,17.782932599977357,598,180899.2264978,25.435399991692975,86.291000014171,10,0,0,4,1,0.0,1,estabilizada,1,1,1,,,,,,,,,,,,,nan,0.5417712432155585,-0.2503279339884616,1.582494220997002
2026-08-18T02:44:47.105+00:00,1787021087.1058238,180899.4859872,17.93060609998065,603,180899.3879245,9.739799977978691,88.29919999698177,1,0,0,4,1,0.0,1,estabilizada,1,1,1,,,,,,,,,,,,,nan,0.5417843716975542,-0.2503186541064568,1.5825034054653693
2026-08-18T02:44:47.105+00:00,1787021087.1058238,180899.486028,17.930646900000283,603,180899.3879245,9.739799977978691,88.29919999698177,2,1,1,4,1,0.0,1,estabilizada,1,1,1,728.75,254.5,0.6137171983718872,0.9279454350471497,0.6096262407295014,0.8609352992979378,0.5967649907295014,0.8494907992979378,1.6024520082354274,0.5957019847742588,0.8345093966208532,1.5479832257409414,0.0,0.5417843716975542,-0.2503186541064568,1.5825034054653693
2026-08-18T02:44:47.105+00:00,1787021087.1058238,180899.4860395,17.93065840000054,603,180899.3879245,9.739799977978691,88.29919999698177,3,1,1,4,1,0.0,1,estabilizada,1,1,1,1003.0,390.0,1.0508371591567993,0.6543098092079163,1.0218863520286092,0.6028618556571614,1.0090251020286092,0.5914173556571615,-0.677010664266469,1.0042721814444315,0.5957062806840397,-0.659696949515059,0.0,0.5417843716975542,-0.2503186541064568,1.5825034054653693
2026-08-18T02:44:47.105+00:00,1787021087.1058238,180899.4860495,17.930668399989372,603,180899.3879245,9.739799977978691,88.29919999698177,10,0,0,4,1,0.0,1,estabilizada,1,1,1,,,,,,,,,,,,,nan,0.5417843716975542,-0.2503186541064568,1.5825034054653693
2026-08-18T02:44:47.256+00:00,1787021087.2563903,180899.6361235,18.08074239999405,607,180899.5256366,24.69859999837354,85.76489999541081,1,0,0,4,1,0.0,1,estabilizada,1,1,1,,,,,,,,,,,,,nan,0.5417994083488945,-0.2503067726805499,1.5825142209079583
2026-08-18T02:44:47.256+00:00,1787021087.2563903,180899.6361734,18.080792299995665,607,180899.5256366,24.69859999837354,85.76489999541081,2,1,1,4,1,0.0,1,estabilizada,1,1,1,729.5,249.75,0.6153520941734314,0.9378120303153992,0.6111690406268981,0.8702418999134842,0.5983077906268981,0.8587973999134842,1.4537822251146102,0.5962308268596443,0.8409984297952472,1.5479832257409414,0.0,0.5417994083488945,-0.2503067726805499,1.5825142209079583
2026-08-18T02:44:47.256+00:00,1787021087.2563903,180899.6361861,18.080804999975953,607,180899.5256366,24.69859999837354,85.76489999541081,3,1,1,4,1,0.0,1,estabilizada,1,1,1,1003.0,389.75,1.0509039163589478,0.6547701954841614,1.0219503656637658,0.6032970863906527,1.0090891156637658,0.5918525863906527,-0.6770109938458989,1.0042721814444315,0.5957062806840397,-0.659696949515059,0.0,0.5417994083488945,-0.2503067726805499,1.5825142209079583
2026-08-18T02:44:47.256+00:00,1787021087.2563903,180899.636199,18.08081789998687,607,180899.5256366,24.69859999837354,85.76489999541081,10,0,0,4,1,0.0,1,estabilizada,1,1,1,,,,,,,,,,,,,nan,0.5417994083488945,-0.2503067726805499,1.5825142209079583
2026-08-18T02:44:47.401+00:00,1787021087.401237,180899.7811427,18.225761599984253,612,180899.6879417,8.066400012467057,85.11049998924136,1,0,0,4,1,0.0,1,estabilizada,1,1,1,,,,,,,,,,,,,nan,0.5418107519343239,-0.25029339480000745,1.5825247069925052
2026-08-18T02:44:47.401+00:00,1787021087.401237,180899.7811865,18.225805399997625,612,180899.6879417,8.066400012467057,85.11049998924136,2,1,1,4,1,0.0,1,estabilizada,1,1,1,729.75,244.25,0.6161914467811584,0.9493066072463989,0.6119613311269535,0.8810839755824953,0.5991000811269536,0.8696394755824953,1.5117405895994998,0.5975721248988599,0.8576172574800424,1.512410888287261,0.0,0.5418107519343239,-0.25029339480000745,1.5825247069925052
2026-08-18T02:44:47.401+00:00,1787021087.401237,180899.7811989,18.22581779997563,612,180899.6879417,8.066400012467057,85.11049998924136,3,1,1,4,1,0.0,1,estabilizada,1,1,1,1003.0,390.25,1.0507713556289673,0.6538410186767578,1.0218261807889673,0.6024218548220893,1.0089649307889672,0.5909773548220894,-0.7058873218474269,1.0042721814444315,0.5957062806840397,-0.659696949515059,0.0,0.5418107519343239,-0.25029339480000745,1.5825247069925052
2026-08-18T02:44:47.401+00:00,1787021087.401237,180899.7812119,18.225830799987307,612,180899.6879417,8.066400012467057,85.11049998924136,10,0,0,4,1,0.0,1,estabilizada,1,1,1,,,,,,,,,,,,,nan,0.5418107519343239,-0.25029339480000745,1.5825247069925052
2026-08-18T02:44:47.549+00:00,1787021087.5496888,180899.9297078,18.374326699995436,616,180899.8220758,19.704699981957674,87.9045000183396,1,0,0,4,1,0.0,1,estabilizada,1,1,1,,,,,,,,,,,,,nan,0.5418200098478759,-0.25027936338752255,1.5825362567635648
2026-08-18T02:44:47.549+00:00,1787021087.5496888,180899.9297497,18.37436859999434,616,180899.8220758,19.704699981957674,87.9045000183396,2,1,1,4,1,0.0,1,estabilizada,1,1,1,729.75,239.5,0.6165478229522705,0.9592869281768799,0.6122979973001557,0.8904980042103433,0.5994367473001556,0.8790535042103433,1.5118092295473946,0.5979418109981846,0.862394547599896,1.512410888287261,0.0,0.5418200098478759,-0.25027936338752255,1.5825362567635648
2026-08-18T02:44:47.549+00:00,1787021087.5496888,180899.9297621,18.374380999972345,616,180899.8220758,19.704699981957674,87.9045000183396,3,1,1,4,1,0.0,1,estabilizada,1,1,1,1003.0,390.0,1.0508383512496948,0.6543022394180298,1.0218901040734483,0.602858018848325,1.0090288540734482,0.591413518848325,-0.6770135126506305,1.0042721814444315,0.5957062806840397,-0.659696949515059,0.0,0.5418200098478759,-0.25027936338752255,1.5825362567635648
2026-08-18T02:44:47.549+00:00,1787021087.5496888,180899.9297725,18.37439139999333,616,180899.8220758,19.704699981957674,87.9045000183396,10,0,0,4,1,0.0,1,estabilizada,1,1,1,,,,,,,,,,,,,nan,0.5418200098478759,-0.25027936338752255,1.5825362567635648
2026-08-18T02:44:47.718+00:00,1787021087.7185373,180900.0987573,18.543376199988415,621,180899.9885924,6.298699998296797,103.83889998774976,1,0,0,4,1,0.0,1,estabilizada,1,1,1,,,,,,,,,,,,,nan,0.5418287510288943,-0.2502668679528136,1.582547725993674
2026-08-18T02:44:47.718+00:00,1787021087.7185373,180900.0988931,18.543511999974726,621,180899.9885924,6.298699998296797,103.83889998774976,2,1,1,4,1,0.0,1,estabilizada,1,1,1,729.75,234.25,0.6169438362121582,0.9703706502914429,0.6126720170717598,0.9009526006253549,0.5998107670717598,0.8895081006253549,1.5711424478275275,0.5990217695129763,0.8783848934835201,1.512410888287261,0.0,0.5418287510288943,-0.2502668679528136,1.582547725993674
2026-08-18T02:44:47.718+00:00,1787021087.7185373,180900.0989188,18.543537699995795,621,180899.9885924,6.298699998296797,103.83889998774976,3,1,1,4,1,0.0,1,estabilizada,1,1,1,1003.0,389.75,1.050905466079712,0.6547638177871704,1.0219541089724213,0.6032944305587664,1.0090928589724213,0.5918499305587664,-0.6770138422197707,1.0042721814444315,0.5957062806840397,-0.659696949515059,0.0,0.5418287510288943,-0.2502668679528136,1.582547725993674
2026-08-18T02:44:47.718+00:00,1787021087.7185373,180900.0989328,18.543551699985983,621,180899.9885924,6.298699998296797,103.83889998774976,10,0,0,4,1,0.0,1,estabilizada,1,1,1,,,,,,,,,,,,,nan,0.5418287510288943,-0.2502668679528136,1.582547725993674
2026-08-18T02:44:47.876+00:00,1787021087.8765068,180900.256223,18.700841899990337,626,180900.1548945,6.548799981828779,94.75740001653321,1,0,0,4,1,0.0,1,estabilizada,1,1,1,,,,,,,,,,,,,nan,0.5418389608169057,-0.25025413867569796,1.5825595529881094
2026-08-18T02:44:47.876+00:00,1787021087.8765068,180900.2562618,18.70088069999474,626,180900.1548945,6.548799981828779,94.75740001653321,2,1,1,4,1,0.0,1,estabilizada,1,1,1,729.5,229.25,0.6168896555900574,0.9809832572937012,0.6126215302504263,0.9109629124491627,0.5997602802504263,0.8995184124491628,1.6110795033740581,0.5994593178802075,0.8871278368780938,1.5278801700776383,0.0,0.5418389608169057,-0.25025413867569796,1.5825595529881094
2026-08-18T02:44:47.876+00:00,1787021087.8765068,180900.2562726,18.700891499989666,626,180900.1548945,6.548799981828779,94.75740001653321,3,1,1,4,1,0.0,1,estabilizada,1,1,1,1003.0,389.75,1.0509060621261597,0.6547619104385376,1.0219554681144998,0.6032937402414107,1.0090942181144997,0.5918492402414107,-0.677015521411726,1.0042721814444315,0.5957062806840397,-0.659696949515059,0.0,0.5418389608169057,-0.25025413867569796,1.5825595529881094
2026-08-18T02:44:47.876+00:00,1787021087.8765068,180900.2562853,18.70090419999906,626,180900.1548945,6.548799981828779,94.75740001653321,10,0,0,4,1,0.0,1,estabilizada,1,1,1,,,,,,,,,,,,,nan,0.5418389608169057,-0.25025413867569796,1.5825595529881094
2026-08-18T02:44:48.013+00:00,1787021088.013441,180900.393147,18.837765899981605,630,180900.2913103,23.121100006392226,78.6927999870386,1,0,0,4,1,0.0,1,estabilizada,1,1,1,,,,,,,,,,,,,nan,0.5418475419969037,-0.2502423575089403,1.5825704713591557
2026-08-18T02:44:48.013+00:00,1787021088.013441,180900.3931886,18.837807499978226,630,180900.2913103,23.121100006392226,78.6927999870386,2,1,1,4,1,0.0,1,estabilizada,1,1,1,729.25,224.0,0.6168543696403503,0.9921810030937195,0.6125887684490728,0.9215250010528075,0.5997275184490729,0.9100805010528076,1.6313575419315252,0.5996215965548315,0.8972232805166883,1.5601688099406408,0.0,0.5418475419969037,-0.2502423575089403,1.5825704713591557
2026-08-18T02:44:48.013+00:00,1787021088.013441,180900.3931999,18.837818799976958,630,180900.2913103,23.121100006392226,78.6927999870386,3,1,1,4,1,0.0,1,estabilizada,1,1,1,1002.75,389.75,1.0504945516586304,0.6547690629959106,1.021568047785321,0.6033015111114854,1.008706797785321,0.5918570111114855,-0.6770155214117292,1.0042721814444315,0.5957062806840397,-0.659696949515059,0.0,0.5418475419969037,-0.2502423575089403,1.5825704713591557
2026-08-18T02:44:48.013+00:00,1787021088.013441,180900.3932101,18.837828999996418,630,180900.2913103,23.121100006392226,78.6927999870386,10,0,0,4,1,0.0,1,estabilizada,1,1,1,,,,,,,,,,,,,nan,0.5418475419969037,-0.2502423575089403,1.5825704713591557
2026-08-18T02:44:48.156+00:00,1787021088.156517,180900.5360801,18.980698999977903,634,180900.4247224,28.9817999873776,82.30530002037995,1,0,0,4,1,0.0,1,estabilizada,1,1,1,,,,,,,,,,,,,nan,0.5418577085436473,-0.25023357624730225,1.5825807636378402
2026-08-18T02:44:48.156+00:00,1787021088.156517,180900.536175,18.980793899972923,634,180900.4247224,28.9817999873776,82.30530002037995,2,1,1,4,1,0.0,1,estabilizada,1,1,1,728.25,220.0,0.6154190897941589,1.0007659196853638,0.6112357176310046,0.9296226597514237,0.5983744676310045,0.9181781597514237,1.5128367260624243,0.5996469613173709,0.9003021562123265,1.5683240373902059,0.0,0.5418577085436473,-0.25023357624730225,1.5825807636378402
2026-08-18T02:44:48.156+00:00,1787021088.156517,180900.536193,18.98081189999357,634,180900.4247224,28.9817999873776,82.30530002037995,3,1,1,4,1,0.0,1,estabilizada,1,1,1,1003.25,390.0,1.0512529611587524,0.6542872786521912,1.0222840934783597,0.6028479595277589,1.0094228434783596,0.591403459527759,-0.6770158509733422,1.0042721814444315,0.5957062806840397,-0.659696949515059,0.0,0.5418577085436473,-0.25023357624730225,1.5825807636378402
2026-08-18T02:44:48.156+00:00,1787021088.156517,180900.5362081,18.980826999992132,634,180900.4247224,28.9817999873776,82.30530002037995,10,0,0,4,1,0.0,1,estabilizada,1,1,1,,,,,,,,,,,,,nan,0.5418577085436473,-0.25023357624730225,1.5825807636378402
2026-08-18T02:44:48.295+00:00,1787021088.2956781,180900.6759994,19.120618299988564,639,180900.5874895,4.654999997001141,83.83049999247305,1,0,0,4,1,0.0,1,estabilizada,1,1,1,,,,,,,,,,,,,nan,0.5418705664161965,-0.2502252232980203,1.5825905121723365
2026-08-18T02:44:48.295+00:00,1787021088.2956781,180900.6760403,19.120659199979855,639,180900.5874895,4.654999997001141,83.83049999247305,2,1,1,4,1,0.0,1,estabilizada,1,1,1,729.25,215.0,0.6175403594970703,1.0115000009536743,0.6132371102832667,0.9397472201115972,0.6003758602832667,0.9283027201115972,1.5065572506255591,0.5996779109988218,0.9065539836379488,1.5683240373902059,0.0,0.5418705664161965,-0.2502252232980203,1.5825905121723365
2026-08-18T02:44:48.295+00:00,1787021088.2956781,180900.6760519,19.12067079998087,639,180900.5874895,4.654999997001141,83.83049999247305,3,1,1,4,1,0.0,1,estabilizada,1,1,1,1003.0,390.0,1.0508414506912231,0.654294490814209,1.0218968947669778,0.6028555534239185,1.0090356447669777,0.5914110534239185,-0.677016690564855,1.0042721814444315,0.5957062806840397,-0.659696949515059,0.0,0.5418705664161965,-0.2502252232980203,1.5825905121723365
2026-08-18T02:44:48.295+00:00,1787021088.2956781,180900.6760649,19.12068379999255,639,180900.5874895,4.654999997001141,83.83049999247305,10,0,0,4,1,0.0,1,estabilizada,1,1,1,,,,,,,,,,,,,nan,0.5418705664161965,-0.2502252232980203,1.5825905121723365
2026-08-18T02:44:48.435+00:00,1787021088.4355252,180900.8152227,19.259841599996435,643,180900.7208609,9.976600005757064,84.35939997434616,1,0,0,4,1,0.0,1,estabilizada,1,1,1,,,,,,,,,,,,,nan,0.5418835021011122,-0.2502171229786587,1.5825997308921962
2026-08-18T02:44:48.435+00:00,1787021088.4355252,180900.8152623,19.259881199977826,643,180900.7208609,9.976600005757064,84.35939997434616,2,1,1,4,1,0.0,1,estabilizada,1,1,1,728.0,210.0,0.6157392263412476,1.0223283767700195,0.6115391654845046,0.9499606815519652,0.5986779154845046,0.9385161815519653,1.6035126145650644,0.5994346007425241,0.9171163539743187,1.5683240373902059,0.0,0.5418835021011122,-0.2502171229786587,1.5825997308921962
2026-08-18T02:44:48.435+00:00,1787021088.4355252,180900.8152745,19.25989339998341,643,180900.7208609,9.976600005757064,84.35939997434616,3,1,1,4,1,0.0,1,estabilizada,1,1,1,1003.0,390.0,1.050842046737671,0.6542933583259583,1.0218983611530241,0.6028552456254571,1.009037111153024,0.5914107456254571,-0.6770183697444828,1.0042721814444315,0.5957062806840397,-0.659696949515059,0.0,0.5418835021011122,-0.2502171229786587,1.5825997308921962
2026-08-18T02:44:48.435+00:00,1787021088.4355252,180900.8152844,19.259903300000587,643,180900.7208609,9.976600005757064,84.35939997434616,10,0,0,4,1,0.0,1,estabilizada,1,1,1,,,,,,,,,,,,,nan,0.5418835021011122,-0.2502171229786587,1.5825997308921962
2026-08-18T02:44:48.588+00:00,1787021088.588266,180900.9678217,19.412440599990077,647,180900.8578192,25.644100009230897,84.33300000615418,1,0,0,4,1,0.0,1,estabilizada,1,1,1,,,,,,,,,,,,,nan,0.541891812628611,-0.25021231068537825,1.5826067765436307
2026-08-18T02:44:48.588+00:00,1787021088.588266,180900.9678624,19.412481299979845,647,180900.8578192,25.644100009230897,84.33300000615418,2,1,1,4,1,0.0,1,estabilizada,1,1,1,728.24072265625,206.1367645263672,0.6164546012878418,1.030707836151123,0.6122143496480841,0.9578642119963854,0.599353099648084,0.9464197119963854,1.5901763211639834,0.5993681197763547,0.9230864851228482,1.5683240373902059,0.0,0.541891812628611,-0.25021231068537825,1.5826067765436307
2026-08-18T02:44:48.588+00:00,1787021088.588266,180900.9678749,19.412493799987715,647,180900.8578192,25.644100009230897,84.33300000615418,3,1,1,4,1,0.0,1,estabilizada,1,1,1,1003.0,390.0,1.0508427619934082,0.6542920470237732,1.021899637193406,0.6028545115599033,1.0090383871934059,0.5914100115599034,-0.705892869492672,1.0042721814444315,0.5957062806840397,-0.659696949515059,0.0,0.541891812628611,-0.25021231068537825,1.5826067765436307
2026-08-18T02:44:48.588+00:00,1787021088.588266,180900.9678846,19.412503499974264,647,180900.8578192,25.644100009230897,84.33300000615418,10,0,0,4,1,0.0,1,estabilizada,1,1,1,,,,,,,,,,,,,nan,0.541891812628611,-0.25021231068537825,1.5826067765436307
2026-08-18T02:44:48.739+00:00,1787021088.7392929,180901.1190922,19.563711099996,652,180901.0218887,7.80370002030395,89.32339999591932,1,0,0,4,1,0.0,1,estabilizada,1,1,1,,,,,,,,,,,,,nan,0.5418987949528101,-0.2502076771779288,1.5826139459935205
2026-08-18T02:44:48.739+00:00,1787021088.7392929,180901.1193088,19.56392769998638,652,180901.0218887,7.80370002030395,89.32339999591932,2,1,1,4,1,0.0,1,estabilizada,1,1,1,728.5,200.0,0.6173806190490723,1.0440856218338013,0.613088122963175,0.9704818240118828,0.600226872963175,0.9590373240118828,1.6009230315411687,0.5993670886589957,0.9402774541435448,1.5683240373902059,0.0,0.5418987949528101,-0.2502076771779288,1.5826139459935205
2026-08-18T02:44:48.739+00:00,1787021088.7392929,180901.1193865,19.56400539999595,652,180901.0218887,7.80370002030395,89.32339999591932,3,1,1,4,1,0.0,1,estabilizada,1,1,1,1003.0,390.0,1.0508437156677246,0.6542908549308777,1.0219010648208138,0.6028538837757367,1.0090398148208137,0.5914093837757367,-0.6770195388811527,1.0042721814444315,0.5957062806840397,-0.659696949515059,0.0,0.5418987949528101,-0.2502076771779288,1.5826139459935205
2026-08-18T02:44:48.739+00:00,1787021088.7392929,180901.1194256,19.564044499973534,652,180901.0218887,7.80370002030395,89.32339999591932,10,0,0,4,1,0.0,1,estabilizada,1,1,1,,,,,,,,,,,,,nan,0.5418987949528101,-0.2502076771779288,1.5826139459935205
2026-08-18T02:44:48.900+00:00,1787021088.9009326,180901.2807894,19.72540830000071,656,180901.1554844,36.623200023313984,88.65829999558628,1,0,0,4,1,0.0,1,estabilizada,1,1,1,,,,,,,,,,,,,nan,0.5419072319467597,-0.2501990776337855,1.5826226932103444
2026-08-18T02:44:48.900+00:00,1787021088.9009326,180901.2808346,19.725453499995638,656,180901.1554844,36.623200023313984,88.65829999558628,2,1,1,4,1,0.0,1,estabilizada,1,1,1,728.25,196.25,0.6172302961349487,1.0523065328598022,0.6129468520733792,0.9782361271671913,0.6000856020733791,0.9667916271671914,1.5987089056451254,0.5994801494886871,0.9451041534418098,1.5683240373902059,0.0,0.5419072319467597,-0.2501990776337855,1.5826226932103444
2026-08-18T02:44:48.900+00:00,1787021088.9009326,180901.2808498,19.725468699994963,656,180901.1554844,36.623200023313984,88.65829999558628,3,1,1,4,1,0.0,1,estabilizada,1,1,1,1003.0,389.75,1.0509109497070312,0.6547532081604004,1.0219651151787152,0.6032907174031976,1.0091038651787152,0.5918462174031976,-0.6770203784653678,1.0042721814444315,0.5957062806840397,-0.659696949515059,0.0,0.5419072319467597,-0.2501990776337855,1.5826226932103444
2026-08-18T02:44:48.900+00:00,1787021088.9009326,180901.2808622,19.725481099972967,656,180901.1554844,36.623200023313984,88.65829999558628,10,0,0,4,1,0.0,1,estabilizada,1,1,1,,,,,,,,,,,,,nan,0.5419072319467597,-0.2501990776337855,1.5826226932103444
2026-08-18T02:44:49.041+00:00,1787021089.0410717,180901.421169,19.865787899994757,661,180901.3247013,16.963899979600683,79.46050001191907,1,0,0,4,1,0.0,1,estabilizada,1,1,1,,,,,,,,,,,,,nan,0.5419145664621976,-0.25019430073242,1.5826289306959425
2026-08-18T02:44:49.041+00:00,1787021089.0410717,180901.4212304,19.865849299996626,661,180901.3247013,16.963899979600683,79.46050001191907,2,1,1,4,1,0.0,1,estabilizada,1,1,1,727.75,191.0,0.616754412651062,1.0638684034347534,0.6124984648250382,0.9891410677458753,0.5996372148250382,0.9776965677458753,1.5419269590821696,0.5995570278821962,0.948510219069685,1.5683240373902059,0.0,0.5419145664621976,-0.25019430073242,1.5826289306959425
2026-08-18T02:44:49.041+00:00,1787021089.0410717,180901.4212457,19.865864599996712,661,180901.3247013,16.963899979600683,79.46050001191907,3,1,1,4,1,0.0,1,estabilizada,1,1,1,1003.0,390.0,1.0508450269699097,0.6542887687683105,1.0219034724732707,0.6028531639488854,1.0090422224732707,0.5914086639488855,-0.7058931073106613,1.0042721814444315,0.5957062806840397,-0.659696949515059,0.0,0.5419145664621976,-0.25019430073242,1.5826289306959425
2026-08-18T02:44:49.041+00:00,1787021089.0410717,180901.421258,19.865876899973955,661,180901.3247013,16.963899979600683,79.46050001191907,10,0,0,4,1,0.0,1,estabilizada,1,1,1,,,,,,,,,,,,,nan,0.5419145664621976,-0.25019430073242,1.5826289306959425
2026-08-18T02:44:49.183+00:00,1787021089.183388,180901.5637523,20.008371199975954,665,180901.4550053,25.672199990367517,83.05130002554506,1,0,0,4,1,0.0,1,estabilizada,1,1,1,,,,,,,,,,,,,nan,0.5419211343806349,-0.2501907348830196,1.5826342681825125
2026-08-18T02:44:49.183+00:00,1787021089.183388,180901.5637943,20.00841319997562,665,180901.4550053,25.672199990367517,83.05130002554506,2,1,1,4,1,0.0,1,estabilizada,1,1,1,727.25,188.5,0.616064190864563,1.0693988800048828,0.611847881880418,0.9943574963273398,0.598986631880418,0.9829129963273399,1.5419282791110411,0.5997614278796319,0.9668364605730735,1.5683240373902059,0.0,0.5419211343806349,-0.2501907348830196,1.5826342681825125
2026-08-18T02:44:49.183+00:00,1787021089.183388,180901.5638062,20.008425099978922,665,180901.4550053,25.672199990367517,83.05130002554506,3,1,1,4,1,0.0,1,estabilizada,1,1,1,1003.25,390.0,1.051257610321045,0.6542795300483704,1.0222930644646737,0.6028448268574007,1.0094318144646737,0.5914003268574007,-0.677020378465366,1.0042721814444315,0.5957062806840397,-0.659696949515059,0.0,0.5419211343806349,-0.2501907348830196,1.5826342681825125
2026-08-18T02:44:49.183+00:00,1787021089.183388,180901.5639749,20.00859379998292,665,180901.4550053,25.672199990367517,83.05130002554506,10,0,0,4,1,0.0,1,estabilizada,1,1,1,,,,,,,,,,,,,nan,0.5419211343806349,-0.2501907348830196,1.5826342681825125
2026-08-18T02:44:49.324+00:00,1787021089.3241503,180901.7043219,20.14894079999067,669,180901.5891013,30.300000013085082,84.89739999640733,1,0,0,4,1,0.0,1,estabilizada,1,1,1,,,,,,,,,,,,,nan,0.5419248773020438,-0.25018745095303574,1.5826401445279656
2026-08-18T02:44:49.324+00:00,1787021089.3241503,180901.7043629,20.14898179998272,669,180901.5891013,30.300000013085082,84.89739999640733,2,1,1,4,1,0.0,1,estabilizada,1,1,1,727.25,185.0,0.6163337230682373,1.0771523714065552,0.6121023150996527,1.0016705352952937,0.5992410650996527,0.9902260352952937,1.5419305269767583,0.5996564313624435,0.9738999811246277,1.5683240373902059,0.0,0.5419248773020438,-0.25018745095303574,1.5826401445279656
2026-08-18T02:44:49.324+00:00,1787021089.3241503,180901.7043744,20.148993299982976,669,180901.5891013,30.300000013085082,84.89739999640733,3,1,1,4,1,0.0,1,estabilizada,1,1,1,1003.0,390.0,1.0508463382720947,0.6542869806289673,1.0219055006182098,0.6028522314702068,1.0090442506182098,0.5914077314702069,-0.6770212180484501,1.0042721814444315,0.5957062806840397,-0.659696949515059,0.0,0.5419248773020438,-0.25018745095303574,1.5826401445279656
2026-08-18T02:44:49.324+00:00,1787021089.3241503,180901.7043863,20.149005199986277,669,180901.5891013,30.300000013085082,84.89739999640733,10,0,0,4,1,0.0,1,estabilizada,1,1,1,,,,,,,,,,,,,nan,0.5419248773020438,-0.25018745095303574,1.5826401445279656
2026-08-18T02:44:49.471+00:00,1787021089.4710004,180901.8508429,20.29546179997851,674,180901.7550056,10.063399997306988,85.75009999913163,1,0,0,4,1,0.0,1,estabilizada,1,1,1,,,,,,,,,,,,,nan,0.5419230619589729,-0.25018676382342536,1.5826430875112385
2026-08-18T02:44:49.471+00:00,1787021089.4710004,180901.8508804,20.295499299973017,674,180901.7550056,10.063399997306988,85.75009999913163,2,1,1,4,1,0.0,1,estabilizada,1,1,1,727.75,184.0,0.617296040058136,1.0793641805648804,0.6130098127448179,1.0037567451682388,0.600148562744818,0.9923122451682388,1.541930867550376,0.6002907488646505,0.9856951558691829,1.5505685853737299,0.0,0.5419230619589729,-0.25018676382342536,1.5826430875112385
2026-08-18T02:44:49.471+00:00,1787021089.4710004,180901.8509125,20.29553139998461,674,180901.7550056,10.063399997306988,85.75009999913163,3,1,1,4,1,0.0,1,estabilizada,1,1,1,1003.0,390.0,1.050847053527832,0.6542860865592957,1.0219061257832043,0.6028515229632463,1.0090448757832042,0.5914070229632463,-0.6770203784653634,1.0042721814444315,0.5957062806840397,-0.659696949515059,0.0,0.5419230619589729,-0.25018676382342536,1.5826430875112385
2026-08-18T02:44:49.471+00:00,1787021089.4710004,180901.8509229,20.29554179997649,674,180901.7550056,10.063399997306988,85.75009999913163,10,0,0,4,1,0.0,1,estabilizada,1,1,1,,,,,,,,,,,,,nan,0.5419230619589729,-0.25018676382342536,1.5826430875112385
2026-08-18T02:44:49.617+00:00,1787021089.6175306,180901.9971277,20.441746599972248,678,180901.8908575,20.123800000874326,86.12290001474321,1,0,0,4,1,0.0,1,estabilizada,1,1,1,,,,,,,,,,,,,nan,0.5419188771605477,-0.25018982428913145,1.5826424739085292
2026-08-18T02:44:49.617+00:00,1787021089.6175306,180901.9971708,20.44178969998029,678,180901.8908575,20.123800000874326,86.12290001474321,2,1,1,4,1,0.0,1,estabilizada,1,1,1,728.5,181.75,0.618800163269043,1.084355354309082,0.6144281614658331,1.008463882890894,0.6015669114658331,0.9970193828908941,1.480577224253387,0.600465819724384,0.9874788823233986,1.5339822070374018,0.0,0.5419188771605477,-0.25018982428913145,1.5826424739085292
2026-08-18T02:44:49.617+00:00,1787021089.6175306,180901.9972011,20.44181999997818,678,180901.8908575,20.123800000874326,86.12290001474321,3,1,1,4,1,0.0,1,estabilizada,1,1,1,1003.25,390.0,1.0512595176696777,0.6542768478393555,1.0222948851632516,0.6028426156400062,1.0094336351632516,0.5913981156400062,-0.6770195388811534,1.0042721814444315,0.5957062806840397,-0.659696949515059,0.0,0.5419188771605477,-0.25018982428913145,1.5826424739085292
2026-08-18T02:44:49.617+00:00,1787021089.6175306,180901.9972124,20.44183129997691,678,180901.8908575,20.123800000874326,86.12290001474321,10,0,0,4,1,0.0,1,estabilizada,1,1,1,,,,,,,,,,,,,nan,0.5419188771605477,-0.25018982428913145,1.5826424739085292
2026-08-18T02:44:49.769+00:00,1787021089.7692194,180902.1487992,20.59341809997568,682,180902.0241579,39.88729999400675,84.7203999874182,1,0,0,4,1,0.0,1,estabilizada,1,1,1,,,,,,,,,,,,,nan,0.5419143793502353,-0.25019461102556995,1.5826406143385685
2026-08-18T02:44:49.769+00:00,1787021089.7692194,180902.1488419,20.593460799980676,682,180902.0241579,39.88729999400675,84.7203999874182,2,1,1,4,1,0.0,1,estabilizada,1,1,1,728.25,181.5,0.6183765530586243,1.084915280342102,0.6140283797769528,1.0089916062404434,0.6011671297769527,0.9975471062404434,1.4501420673311323,0.6007377206340558,0.9912335489621092,1.5248536198686824,0.0,0.5419143793502353,-0.25019461102556995,1.5826406143385685
2026-08-18T02:44:49.769+00:00,1787021089.7692194,180902.1488537,20.593472599983215,682,180902.0241579,39.88729999400675,84.7203999874182,3,1,1,4,1,0.0,1,estabilizada,1,1,1,1003.0,389.75,1.0509140491485596,0.6547477841377258,1.0219687725855702,0.6032864385695567,1.0091075225855701,0.5918419385695567,-0.6770200489195792,1.0042721814444315,0.5957062806840397,-0.659696949515059,0.0,0.5419143793502353,-0.25019461102556995,1.5826406143385685
2026-08-18T02:44:49.769+00:00,1787021089.7692194,180902.1488659,20.5934847999888,682,180902.0241579,39.88729999400675,84.7203999874182,10,0,0,4,1,0.0,1,estabilizada,1,1,1,,,,,,,,,,,,,nan,0.5419143793502353,-0.25019461102556995,1.5826406143385685
2026-08-18T02:44:49.915+00:00,1787021089.9155924,180902.2958675,20.74048639999819,687,180902.1897849,19.65629999176599,86.40240001841448,1,0,0,4,1,0.0,1,estabilizada,1,1,1,,,,,,,,,,,,,nan,0.5419085003746397,-0.25019739366323634,1.5826390328697055
2026-08-18T02:44:49.915+00:00,1787021089.9155924,180902.2959086,20.740527499991003,687,180902.1897849,19.65629999176599,86.40240001841448,2,1,1,4,1,0.0,1,estabilizada,1,1,1,728.5,180.75,0.6188784837722778,1.0865815877914429,0.6145014285108348,1.0105629216065388,0.6016401785108347,0.9991184216065389,1.4501875854848947,0.6007377206340558,0.9912335489621092,1.5163985575429666,0.0,0.5419085003746397,-0.25019739366323634,1.5826390328697055
2026-08-18T02:44:49.915+00:00,1787021089.9155924,180902.2959207,20.740539599995827,687,180902.1897849,19.65629999176599,86.40240001841448,3,1,1,4,1,0.0,1,estabilizada,1,1,1,1003.0,389.75,1.0509141683578491,0.6547471284866333,1.0219685217719543,0.6032856105397336,1.0091072717719543,0.5918411105397337,-0.6770192093325966,1.0042721814444315,0.5957062806840397,-0.659696949515059,0.0,0.5419085003746397,-0.25019739366323634,1.5826390328697055
2026-08-18T02:44:49.915+00:00,1787021089.9155924,180902.2959328,20.74055170000065,687,180902.1897849,19.65629999176599,86.40240001841448,10,0,0,4,1,0.0,1,estabilizada,1,1,1,,,,,,,,,,,,,nan,0.5419085003746397,-0.25019739366323634,1.5826390328697055
2026-08-18T02:44:50.059+00:00,1787021090.059286,180902.439267,20.88388589999522,692,180902.3543425,1.458599988836795,83.44139999826439,1,0,0,4,1,0.0,1,estabilizada,1,1,1,,,,,,,,,,,,,nan,0.5419009714812673,-0.25020071127952404,1.5826371119138343
2026-08-18T02:44:50.059+00:00,1787021090.059286,180902.4393075,20.883926399983466,692,180902.3543425,1.458599988836795,83.44139999826439,2,1,1,4,1,0.0,1,estabilizada,1,1,1,728.5,180.75,0.6188788414001465,1.0865809917449951,0.6145013323422922,1.010562078523177,0.6016400823422923,0.9991175785231771,1.450187585484893,0.6007377206340558,0.9912335489621092,1.499591447684588,0.0,0.5419009714812673,-0.25020071127952404,1.5826371119138343
2026-08-18T02:44:50.059+00:00,1787021090.059286,180902.4393196,20.88393849998829,692,180902.3543425,1.458599988836795,83.44139999826439,3,1,1,4,1,0.0,1,estabilizada,1,1,1,1003.0,390.0,1.050848126411438,0.654283344745636,1.021905772160485,0.6028479497144746,1.009044522160485,0.5914034497144747,-0.6770205589604061,1.0042721814444315,0.5957062806840397,-0.659696949515059,0.0,0.5419009714812673,-0.25020071127952404,1.5826371119138343
2026-08-18T02:44:50.059+00:00,1787021090.059286,180902.4393318,20.883950699993875,692,180902.3543425,1.458599988836795,83.44139999826439,10,0,0,4,1,0.0,1,estabilizada,1,1,1,,,,,,,,,,,,,nan,0.5419009714812673,-0.25020071127952404,1.5826371119138343
2026-08-18T02:44:50.207+00:00,1787021090.207114,180902.5866875,21.0313063999929,696,180902.4881439,12.780699995346367,85.7350000005681,1,0,0,4,1,0.0,1,estabilizada,1,1,1,,,,,,,,,,,,,nan,0.5418948802034667,-0.25020355368352143,1.58263454035085
2026-08-18T02:44:50.207+00:00,1787021090.207114,180902.5867329,21.031351799989352,696,180902.4881439,12.780699995346367,85.7350000005681,2,1,1,4,1,0.0,1,estabilizada,1,1,1,728.25,180.25,0.6184753775596619,1.0876988172531128,0.6141204588552276,1.011616051261159,0.6012592088552275,1.0001715512611589,1.478226587690889,0.6007377206340558,0.9912335489621092,1.499591447684588,0.0,0.5418948802034667,-0.25020355368352143,1.58263454035085
2026-08-18T02:44:50.207+00:00,1787021090.207114,180902.5867652,21.031384099973366,696,180902.4881439,12.780699995346367,85.7350000005681,3,1,1,4,1,0.0,1,estabilizada,1,1,1,1003.0,390.0,1.0508484840393066,0.654282808303833,1.0219057160297882,0.6028471985636236,1.0090444660297881,0.5914026985636236,-0.6770210690036336,1.0042721814444315,0.5957062806840397,-0.659696949515059,0.0,0.5418948802034667,-0.25020355368352143,1.58263454035085
2026-08-18T02:44:50.207+00:00,1787021090.207114,180902.5867751,21.03139399999054,696,180902.4881439,12.780699995346367,85.7350000005681,10,0,0,4,1,0.0,1,estabilizada,1,1,1,,,,,,,,,,,,,nan,0.5418948802034667,-0.25020355368352143,1.58263454035085
2026-08-18T02:44:50.349+00:00,1787021090.349881,180902.7297717,21.174390599975595,700,180902.6220797,24.931799998739734,82.72330000181682,1,0,0,4,1,0.0,1,estabilizada,1,1,1,,,,,,,,,,,,,nan,0.5418865689801244,-0.250208411320724,1.582630550941824
2026-08-18T02:44:50.349+00:00,1787021090.349881,180902.7298368,21.174455699976534,700,180902.6220797,24.931799998739734,82.72330000181682,2,1,1,4,1,0.0,1,estabilizada,1,1,1,728.5,180.75,0.6188802123069763,1.0865800380706787,0.614501788109811,1.0105604260559673,0.6016405381098111,0.9991159260559673,1.4501880768551443,0.6009314194276149,0.9930771033461603,1.499591447684588,0.0,0.5418865689801244,-0.250208411320724,1.582630550941824
2026-08-18T02:44:50.349+00:00,1787021090.349881,180902.7298696,21.17448849999346,700,180902.6220797,24.931799998739734,82.72330000181682,3,1,1,4,1,0.0,1,estabilizada,1,1,1,1003.0,390.0,1.0508487224578857,0.65428227186203,1.0219053952955615,0.6028462867308165,1.0090441452955614,0.5914017867308166,-0.6770215790492663,1.0042721814444315,0.5957062806840397,-0.659696949515059,0.0,0.5418865689801244,-0.250208411320724,1.582630550941824
2026-08-18T02:44:50.349+00:00,1787021090.349881,180902.7298831,21.17450199997984,700,180902.6220797,24.931799998739734,82.72330000181682,10,0,0,4,1,0.0,1,estabilizada,1,1,1,,,,,,,,,,,,,nan,0.5418865689801244,-0.250208411320724,1.582630550941824
2026-08-18T02:44:50.500+00:00,1787021090.5008824,180902.8808178,21.32543669998995,704,180902.7553935,30.426699988311157,94.97150001698174,1,0,0,4,1,0.0,1,estabilizada,1,1,1,,,,,,,,,,,,,nan,0.5418792585464258,-0.2502117411503161,1.582627913717057
2026-08-18T02:44:50.500+00:00,1787021090.5008824,180902.8808651,21.32548400000087,704,180902.7553935,30.426699988311157,94.97150001698174,2,1,1,4,1,0.0,1,estabilizada,1,1,1,728.5,180.5,0.6189009547233582,1.08713698387146,0.6145209279363649,1.0110853837393279,0.601659677936365,0.9996408837393279,1.4782257247327035,0.6009314194276149,0.9930771033461603,1.499591447684588,0.0,0.5418792585464258,-0.2502117411503161,1.582627913717057
2026-08-18T02:44:50.500+00:00,1787021090.5008824,180902.8808797,21.325498599995626,704,180902.7553935,30.426699988311157,94.97150001698174,3,1,1,4,1,0.0,1,estabilizada,1,1,1,1003.0,390.0,1.0508493185043335,0.6542819142341614,1.0219054934907674,0.6028456743706727,1.0090442434907674,0.5914011743706727,-0.6770220890972957,1.0042721814444315,0.5957062806840397,-0.659696949515059,0.0,0.5418792585464258,-0.2502117411503161,1.582627913717057
2026-08-18T02:44:50.500+00:00,1787021090.5008824,180902.8808922,21.325511099974392,704,180902.7553935,30.426699988311157,94.97150001698174,10,0,0,4,1,0.0,1,estabilizada,1,1,1,,,,,,,,,,,,,nan,0.5418792585464258,-0.2502117411503161,1.582627913717057
2026-08-18T02:44:50.686+00:00,1787021090.6863608,180903.0662446,21.51086349997786,709,180902.9209781,20.533899980364367,124.6691000123974,1,0,0,4,1,0.0,1,estabilizada,1,1,1,,,,,,,,,,,,,nan,0.5418682821365522,-0.25021693206512596,1.582624803651775
2026-08-18T02:44:50.686+00:00,1787021090.6863608,180903.0665462,21.511165099975187,709,180902.9209781,20.533899980364367,124.6691000123974,2,1,1,4,1,0.0,1,estabilizada,1,1,1,728.25,180.25,0.6184788942337036,1.087698221206665,0.6141222361851035,1.0116142602346014,0.6012609861851035,1.0001697602346014,1.4782248617783444,0.6009314194276149,0.9930771033461603,1.499591447684588,0.0,0.5418682821365522,-0.25021693206512596,1.582624803651775
2026-08-18T02:44:50.686+00:00,1787021090.6863608,180903.0666063,21.51122519999626,709,180902.9209781,20.533899980364367,124.6691000123974,3,1,1,4,1,0.0,1,estabilizada,1,1,1,1003.0,389.75,1.0509165525436401,0.6547452807426453,1.0219682230147935,0.6032822940860679,1.0091069730147935,0.591837794086068,-0.6770234387417379,1.0042721814444315,0.5957062806840397,-0.659696949515059,0.0,0.5418682821365522,-0.25021693206512596,1.582624803651775
2026-08-18T02:44:50.686+00:00,1787021090.6863608,180903.0666396,21.51125849998789,709,180902.9209781,20.533899980364367,124.6691000123974,10,0,0,4,1,0.0,1,estabilizada,1,1,1,,,,,,,,,,,,,nan,0.5418682821365522,-0.25021693206512596,1.582624803651775
