wall_time_iso,t_wall,t_perf,session_elapsed_s,frame_seq,frame_received_perf,frame_wait_ms,processing_ms,robot_id,detected,accepted,workspace_markers_seen,homography_valid,homography_age_ms,calibration_enabled,homography_mode,parallax_enabled,alignment_enabled,pose_filter_enabled,pixel_x,pixel_y,floor_x,floor_y,corrected_x,corrected_y,aligned_x,aligned_y,raw_yaw,x,y,yaw,pose_age_ms,cam_x,cam_y,cam_z
2026-08-18T06:05:36.675+00:00,1787033136.6754763,192948.7040888,0.3456927000079304,68,192948.5874987,11.518499988596886,105.02610000548884,1,0,0,4,1,0.0,1,estabilizada,1,1,1,,,,,,,,,,,,,nan,0.5413619811546367,-0.24924427798456777,1.5824329979129084
2026-08-18T06:05:36.675+00:00,1787033136.6754763,192948.7041862,0.34579009999288246,68,192948.5874987,11.518499988596886,105.02610000548884,2,1,1,4,1,0.0,1,estabilizada,1,1,1,468.25,516.75,0.20457525551319122,0.45429274439811707,0.22372981393538505,0.41427946604892124,0.21086856393538506,0.4028349660489213,-1.5725022340025645,0.2115914244523716,0.4028453377784601,-1.6219399540877528,0.0,0.5413619811546367,-0.24924427798456777,1.5824329979129084
2026-08-18T06:05:36.675+00:00,1787033136.6754763,192948.7042018,0.34580569999525324,68,192948.5874987,11.518499988596886,105.02610000548884,3,1,1,4,1,0.0,1,estabilizada,1,1,1,472.0,273.0,0.18252398073673248,0.8962320685386658,0.2029326931941991,0.8310837359880543,0.1900714431941991,0.8196392359880543,-1.7972597443835177,0.19136266412373204,0.8182223576032063,-1.7758013527180267,0.0,0.5413619811546367,-0.24924427798456777,1.5824329979129084
2026-08-18T06:05:36.675+00:00,1787033136.6754763,192948.7042211,0.3458249999966938,68,192948.5874987,11.518499988596886,105.02610000548884,10,0,0,4,1,0.0,1,estabilizada,1,1,1,,,,,,,,,,,,,nan,0.5413619811546367,-0.24924427798456777,1.5824329979129084
2026-08-18T06:05:36.834+00:00,1787033136.8345697,192948.8632805,0.5048843999975361,73,192948.754108,16.43530000001192,92.70920002018102,1,0,0,4,1,0.0,1,estabilizada,1,1,1,,,,,,,,,,,,,nan,0.5413646805602903,-0.249241097089135,1.5824446959692373
2026-08-18T06:05:36.834+00:00,1787033136.8345697,192948.8633286,0.5049325000145473,73,192948.754108,16.43530000001192,92.70920002018102,2,1,1,4,1,0.0,1,estabilizada,1,1,1,468.0,516.5,0.20417390763759613,0.45470520853996277,0.22335130425710648,0.41466894839893187,0.21049005425710648,0.4032244483989319,-1.5724989947395844,0.2115914244523716,0.4028453377784601,-1.6219399540877528,0.0,0.5413646805602903,-0.249241097089135,1.5824446959692373
2026-08-18T06:05:36.834+00:00,1787033136.8345697,192948.8633414,0.5049452999955975,73,192948.754108,16.43530000001192,92.70920002018102,3,1,1,4,1,0.0,1,estabilizada,1,1,1,472.5,273.75,0.18344107270240784,0.8947041034698486,0.20379762910482868,0.8296433349560717,0.1909363791048287,0.8181988349560717,-1.7863933499909315,0.19136266412373204,0.8182223576032063,-1.7758013527180267,0.0,0.5413646805602903,-0.249241097089135,1.5824446959692373
2026-08-18T06:05:36.834+00:00,1787033136.8345697,192948.8633542,0.5049581000057515,73,192948.754108,16.43530000001192,92.70920002018102,10,0,0,4,1,0.0,1,estabilizada,1,1,1,,,,,,,,,,,,,nan,0.5413646805602903,-0.249241097089135,1.5824446959692373
2026-08-18T06:05:37.007+00:00,1787033137.0079186,192949.0365592,0.6781631000048947,78,192948.9201628,2.4102999886963516,113.8212000078056,1,0,0,4,1,0.0,1,estabilizada,1,1,1,,,,,,,,,,,,,nan,0.5413697648858364,-0.24923903393287827,1.5824554863097486
2026-08-18T06:05:37.007+00:00,1787033137.0079186,192949.036784,0.6783878999995068,78,192948.9201628,2.4102999886963516,113.8212000078056,2,1,1,4,1,0.0,1,estabilizada,1,1,1,468.75,518.0,0.20544366538524628,0.4522250294685364,0.22454900466120697,0.41233021646918355,0.21168775466120698,0.4008857164691836,-1.7161172900928348,0.2115914244523716,0.4028453377784601,-1.6122496777486421,0.0,0.5413697648858364,-0.24923903393287827,1.5824554863097486
2026-08-18T06:05:37.007+00:00,1787033137.0079186,192949.0368113,0.6784152000036556,78,192948.9201628,2.4102999886963516,113.8212000078056,3,1,1,4,1,0.0,1,estabilizada,1,1,1,472.25,273.0,0.18292878568172455,0.8962177634239197,0.20331462806873474,0.8310714685334908,0.19045337806873475,0.8196269685334908,-1.7972529282741745,0.19136266412373204,0.8182223576032063,-1.7758013527180267,0.0,0.5413697648858364,-0.24923903393287827,1.5824554863097486
2026-08-18T06:05:37.007+00:00,1787033137.0079186,192949.0368323,0.678436199988937,78,192948.9201628,2.4102999886963516,113.8212000078056,10,0,0,4,1,0.0,1,estabilizada,1,1,1,,,,,,,,,,,,,nan,0.5413697648858364,-0.24923903393287827,1.5824554863097486
2026-08-18T06:05:37.203+00:00,1787033137.203628,192949.2318169,0.873420799995074,83,192949.0958415,39.05849999864586,96.87209999538027,1,0,0,4,1,0.0,1,estabilizada,1,1,1,,,,,,,,,,,,,nan,0.5413727050893722,-0.2492393536803796,1.5824630495049539
2026-08-18T06:05:37.203+00:00,1787033137.203628,192949.2318833,0.8734872000059113,83,192949.0958415,39.05849999864586,96.87209999538027,2,1,1,4,1,0.0,1,estabilizada,1,1,1,469.0095520019531,516.036865234375,0.20562338829040527,0.4554111063480377,0.22471858202738387,0.41533526292003675,0.21185733202738388,0.4038907629200368,-1.518432610641179,0.2115914244523716,0.4028453377784601,-1.6122496777486421,0.0,0.5413727050893722,-0.2492393536803796,1.5824630495049539
2026-08-18T06:05:37.203+00:00,1787033137.203628,192949.2318985,0.8735024000052363,83,192949.0958415,39.05849999864586,96.87209999538027,3,1,1,4,1,0.0,1,estabilizada,1,1,1,472.75,273.75,0.18384617567062378,0.8946902751922607,0.20417991278869013,0.8296311468728066,0.19131866278869014,0.8181866468728066,-1.7863866174007041,0.19136266412373204,0.8182223576032063,-1.7758013527180267,0.0,0.5413727050893722,-0.2492393536803796,1.5824630495049539
2026-08-18T06:05:37.203+00:00,1787033137.203628,192949.2319117,0.8735155999893323,83,192949.0958415,39.05849999864586,96.87209999538027,10,0,0,4,1,0.0,1,estabilizada,1,1,1,,,,,,,,,,,,,nan,0.5413727050893722,-0.2492393536803796,1.5824630495049539
2026-08-18T06:05:37.375+00:00,1787033137.375961,192949.40412,1.0457238999952096,89,192949.2835933,30.53139999974519,89.95610001147725,1,0,0,4,1,0.0,1,estabilizada,1,1,1,,,,,,,,,,,,,nan,0.5413748133719583,-0.24924122616776934,1.582468485874017
2026-08-18T06:05:37.375+00:00,1787033137.375961,192949.4041866,1.0457905000075698,89,192949.2835933,30.53139999974519,89.95610001147725,2,1,1,4,1,0.0,1,estabilizada,1,1,1,471.25,514.75,0.2088259756565094,0.45741942524909973,0.22773908240179797,0.4172293935389949,0.21487783240179797,0.40578489353899494,-1.2278661930538435,0.2115914244523716,0.4028453377784601,-1.5586619325382878,0.0,0.5413748133719583,-0.24924122616776934,1.582468485874017
2026-08-18T06:05:37.375+00:00,1787033137.375961,192949.4042085,1.0458123999997042,89,192949.2835933,30.53139999974519,89.95610001147725,3,1,1,4,1,0.0,1,estabilizada,1,1,1,472.5,273.75,0.1834287941455841,0.8946923613548279,0.20378631912503475,0.8296332313967542,0.19092506912503476,0.8181887313967542,-1.743632582274906,0.19136266412373204,0.8182223576032063,-1.7758013527180267,0.0,0.5413748133719583,-0.24924122616776934,1.582468485874017
2026-08-18T06:05:37.375+00:00,1787033137.375961,192949.4042214,1.0458253000106197,89,192949.2835933,30.53139999974519,89.95610001147725,10,0,0,4,1,0.0,1,estabilizada,1,1,1,,,,,,,,,,,,,nan,0.5413748133719583,-0.24924122616776934,1.582468485874017
2026-08-18T06:05:37.571+00:00,1787033137.571125,192949.6002133,1.2418172000034247,94,192949.4521864,23.21220000158064,124.75009998888709,1,0,0,4,1,0.0,1,estabilizada,1,1,1,,,,,,,,,,,,,nan,0.541381146310842,-0.2492454853691819,1.582473153303806
2026-08-18T06:05:37.572+00:00,1787033137.5721223,192949.6003464,1.2419502999982797,94,192949.4521864,23.21220000158064,124.75009998888709,2,1,1,4,1,0.0,1,estabilizada,1,1,1,473.0,513.5,0.21130485832691193,0.4593895673751831,0.23007728796120508,0.419087364071549,0.2172160379612051,0.40764286407154904,-0.9432375480505224,0.2115914244523716,0.4028453377784601,-1.1870412306646356,0.0,0.541381146310842,-0.2492454853691819,1.582473153303806
2026-08-18T06:05:37.572+00:00,1787033137.5721223,192949.600369,1.2419728999957442,94,192949.4521864,23.21220000158064,124.75009998888709,3,1,1,4,1,0.0,1,estabilizada,1,1,1,472.25,273.0,0.18291719257831573,0.8962068557739258,0.2033041140048012,0.8310615416258456,0.1904428640048012,0.8196170416258456,-1.7972434473407586,0.19136266412373204,0.8182223576032063,-1.7758013527180267,0.0,0.541381146310842,-0.2492454853691819,1.582473153303806
2026-08-18T06:05:37.572+00:00,1787033137.5721223,192949.6003845,1.2419883999973536,94,192949.4521864,23.21220000158064,124.75009998888709,10,0,0,4,1,0.0,1,estabilizada,1,1,1,,,,,,,,,,,,,nan,0.541381146310842,-0.2492454853691819,1.582473153303806
2026-08-18T06:05:37.730+00:00,1787033137.7306144,192949.759011,1.4006148999906145,100,192949.6553754,19.995199982076883,83.61450000666082,1,0,0,4,1,0.0,1,estabilizada,1,1,1,,,,,,,,,,,,,nan,0.54139000224552,-0.2492511573800323,1.5824778928675145
2026-08-18T06:05:37.730+00:00,1787033137.7306144,192949.7590564,1.4006603000161704,100,192949.6553754,19.995199982076883,83.61450000666082,2,1,1,4,1,0.0,1,estabilizada,1,1,1,477.75,515.5,0.21858544647693634,0.45592930912971497,0.23694425587965628,0.41582369863624147,0.2240830058796563,0.4043791986362415,-0.5897076010958757,0.214460020231886,0.4033018452676952,-0.8453215636081364,0.0,0.54139000224552,-0.2492511573800323,1.5824778928675145
2026-08-18T06:05:37.730+00:00,1787033137.7306144,192949.7590683,1.4006721999903675,100,192949.6553754,19.995199982076883,83.61450000666082,3,1,1,4,1,0.0,1,estabilizada,1,1,1,472.75,273.75,0.1838352382183075,0.8946800231933594,0.2041703903916739,0.8296214168673973,0.1913091403916739,0.8181769168673974,-1.78637796111211,0.19136266412373204,0.8182223576032063,-1.7758013527180267,0.0,0.54139000224552,-0.2492511573800323,1.5824778928675145
2026-08-18T06:05:37.730+00:00,1787033137.7306144,192949.7590806,1.4006844999967143,100,192949.6553754,19.995199982076883,83.61450000666082,10,0,0,4,1,0.0,1,estabilizada,1,1,1,,,,,,,,,,,,,nan,0.54139000224552,-0.2492511573800323,1.5824778928675145
2026-08-18T06:05:37.886+00:00,1787033137.886608,192949.9148082,1.5564121000061277,105,192949.8178842,12.565100012579933,84.3336999823805,1,0,0,4,1,0.0,1,estabilizada,1,1,1,,,,,,,,,,,,,nan,0.5413962656372833,-0.2492603600563155,1.5824805371046275
2026-08-18T06:05:37.886+00:00,1787033137.886608,192949.9148522,1.5564560999919195,105,192949.8178842,12.565100012579933,84.3336999823805,2,1,1,4,1,0.0,1,estabilizada,1,1,1,480.5,516.0,0.22273191809654236,0.4549996256828308,0.24085523184745927,0.41494643246473784,0.22799398184745928,0.40350193246473787,-0.468072698932522,0.22084222627718195,0.4035324274888019,-0.5921989439618671,0.0,0.5413962656372833,-0.2492603600563155,1.5824805371046275
2026-08-18T06:05:37.886+00:00,1787033137.886608,192949.9148664,1.5564703000127338,105,192949.8178842,12.565100012579933,84.3336999823805,3,1,1,4,1,0.0,1,estabilizada,1,1,1,472.25,272.75,0.18287919461727142,0.8967047333717346,0.20326904184461064,0.8315305615634494,0.19040779184461065,0.8200860615634494,-1.785750623253553,0.19136266412373204,0.8182223576032063,-1.7758013527180267,0.0,0.5413962656372833,-0.2492603600563155,1.5824805371046275
2026-08-18T06:05:37.886+00:00,1787033137.886608,192949.914878,1.5564819000137504,105,192949.8178842,12.565100012579933,84.3336999823805,10,0,0,4,1,0.0,1,estabilizada,1,1,1,,,,,,,,,,,,,nan,0.5413962656372833,-0.2492603600563155,1.5824805371046275
2026-08-18T06:05:38.051+00:00,1787033138.0510068,192950.0795685,1.7211723999935202,109,192949.9807437,3.5272999957669526,95.26860000914894,1,0,0,4,1,0.0,1,estabilizada,1,1,1,,,,,,,,,,,,,nan,0.5414056216290197,-0.24926808188956517,1.5824861574558597
2026-08-18T06:05:38.051+00:00,1787033138.0510068,192950.0796108,1.7212146999954712,109,192949.9807437,3.5272999957669526,95.26860000914894,2,1,1,4,1,0.0,1,estabilizada,1,1,1,481.75,516.5,0.22464126348495483,0.45412933826446533,0.24265645565497612,0.41412534359089515,0.22979520565497613,0.4026808435908952,-0.3576416916323565,0.22084222627718195,0.4035324274888019,-0.5252683277081629,0.0,0.5414056216290197,-0.24926808188956517,1.5824861574558597
2026-08-18T06:05:38.051+00:00,1787033138.0510068,192950.0796236,1.7212275000056252,109,192949.9807437,3.5272999957669526,95.26860000914894,3,1,1,4,1,0.0,1,estabilizada,1,1,1,472.25,273.0,0.18290729820728302,0.8961971998214722,0.20329600679467952,0.8310516850450695,0.19043475679467953,0.8196071850450696,-1.797235169820111,0.19136266412373204,0.8182223576032063,-1.7758013527180267,0.0,0.5414056216290197,-0.24926808188956517,1.5824861574558597
2026-08-18T06:05:38.051+00:00,1787033138.0510068,192950.0796355,1.7212394000089262,109,192949.9807437,3.5272999957669526,95.26860000914894,10,0,0,4,1,0.0,1,estabilizada,1,1,1,,,,,,,,,,,,,nan,0.5414056216290197,-0.24926808188956517,1.5824861574558597
2026-08-18T06:05:38.193+00:00,1787033138.193228,192950.2221771,1.8637809999927413,114,192950.1193652,20.18680001492612,82.54209998995066,1,0,0,4,1,0.0,1,estabilizada,1,1,1,,,,,,,,,,,,,nan,0.5414154109943212,-0.24927514827755878,1.5824915777501647
2026-08-18T06:05:38.193+00:00,1787033138.193228,192950.2222447,1.863848600012716,114,192950.1193652,20.18680001492612,82.54209998995066,2,1,1,4,1,0.0,1,estabilizada,1,1,1,484.0,517.0,0.2280406504869461,0.4532199203968048,0.24586300660068994,0.4132673815841943,0.23300175660068995,0.4018228815841943,-0.20930305661028048,0.22273925798757493,0.4034123601159381,-0.45260164535707753,0.0,0.5414154109943212,-0.24927514827755878,1.5824915777501647
2026-08-18T06:05:38.193+00:00,1787033138.193228,192950.2222644,1.8638683000172023,114,192950.1193652,20.18680001492612,82.54209998995066,3,1,1,4,1,0.0,1,estabilizada,1,1,1,472.0,273.0,0.18249019980430603,0.8961999416351318,0.20290311666357114,0.8310540921774623,0.19004186666357115,0.8196095921774623,-1.7972319154256433,0.19136266412373204,0.8182223576032063,-1.7758013527180267,0.0,0.5414154109943212,-0.24927514827755878,1.5824915777501647
2026-08-18T06:05:38.193+00:00,1787033138.193228,192950.2222913,1.8638951999892015,114,192950.1193652,20.18680001492612,82.54209998995066,10,0,0,4,1,0.0,1,estabilizada,1,1,1,,,,,,,,,,,,,nan,0.5414154109943212,-0.24927514827755878,1.5824915777501647
2026-08-18T06:05:38.335+00:00,1787033138.3353126,192950.3638653,2.0054691999976058,118,192950.2693107,10.12229998013936,84.40859999973327,1,0,0,4,1,0.0,1,estabilizada,1,1,1,,,,,,,,,,,,,nan,0.5414271557814281,-0.24928251866175447,1.5824965130793291
2026-08-18T06:05:38.335+00:00,1787033138.3353126,192950.3639089,2.0055128000094555,118,192950.2693107,10.12229998013936,84.40859999973327,2,1,1,4,1,0.0,1,estabilizada,1,1,1,485.0,516.5,0.22948208451271057,0.45399218797683716,0.24722307552415634,0.41399543406658035,0.23436182552415635,0.4025509340665804,-0.15310457339305214,0.22670778726128799,0.4031242115751903,-0.3647751538208072,0.0,0.5414271557814281,-0.24928251866175447,1.5824965130793291
2026-08-18T06:05:38.335+00:00,1787033138.3353126,192950.3639366,2.00554050001665,118,192950.2693107,10.12229998013936,84.40859999973327,3,1,1,4,1,0.0,1,estabilizada,1,1,1,472.25,273.0,0.18290050327777863,0.8961915373802185,0.2032906895806479,0.8310459498912621,0.1904294395806479,0.8196014498912622,-1.7972286610683514,0.19136266412373204,0.8182223576032063,-1.7758013527180267,0.0,0.5414271557814281,-0.24928251866175447,1.5824965130793291
2026-08-18T06:05:38.335+00:00,1787033138.3353126,192950.3639466,2.0055505000054836,118,192950.2693107,10.12229998013936,84.40859999973327,10,0,0,4,1,0.0,1,estabilizada,1,1,1,,,,,,,,,,,,,nan,0.5414271557814281,-0.24928251866175447,1.5824965130793291
2026-08-18T06:05:38.491+00:00,1787033138.491915,192950.5205535,2.16215740001644,123,192950.4197913,13.875600008759648,86.82289998978376,1,0,0,4,1,0.0,1,estabilizada,1,1,1,,,,,,,,,,,,,nan,0.5414399920620803,-0.24928841037376198,1.5825022873747197
2026-08-18T06:05:38.491+00:00,1787033138.491915,192950.5206444,2.1622483000101056,123,192950.4197913,13.875600008759648,86.82289998978376,2,1,1,4,1,0.0,1,estabilizada,1,1,1,485.25,514.5,0.22966447472572327,0.45724543929100037,0.24739575813942483,0.4170634774846023,0.23453450813942484,0.40561897748460235,0.0719366222237655,0.22844970554861305,0.40358444733322696,-0.08394494610328979,0.0,0.5414399920620803,-0.24928841037376198,1.5825022873747197
2026-08-18T06:05:38.491+00:00,1787033138.491915,192950.5206945,2.162298400013242,123,192950.4197913,13.875600008759648,86.82289998978376,3,1,1,4,1,0.0,1,estabilizada,1,1,1,472.25,273.0,0.18289682269096375,0.8961890339851379,0.20328787393988973,0.8310434915017042,0.19042662393988974,0.8195989915017042,-1.7972253826711058,0.19136266412373204,0.8182223576032063,-1.7758013527180267,0.0,0.5414399920620803,-0.24928841037376198,1.5825022873747197
2026-08-18T06:05:38.491+00:00,1787033138.491915,192950.5207144,2.1623182999901474,123,192950.4197913,13.875600008759648,86.82289998978376,10,0,0,4,1,0.0,1,estabilizada,1,1,1,,,,,,,,,,,,,nan,0.5414399920620803,-0.24928841037376198,1.5825022873747197
2026-08-18T06:05:38.645+00:00,1787033138.6452138,192950.6753196,2.3169235000095796,128,192950.5858079,2.872499986551702,86.61490000667982,1,0,0,4,1,0.0,1,estabilizada,1,1,1,,,,,,,,,,,,,nan,0.5414560297093218,-0.2492961459559451,1.5825078536687034
2026-08-18T06:05:38.645+00:00,1787033138.6452138,192950.6753652,2.3169691000075545,128,192950.5858079,2.872499986551702,86.61490000667982,2,1,1,4,1,0.0,1,estabilizada,1,1,1,485.0,514.5,0.2292889654636383,0.45725151896476746,0.2470424544696987,0.41706891279605485,0.2341812044696987,0.4056244127960549,0.21241143480050428,0.22844970554861305,0.40358444733322696,-0.004028763802051714,0.0,0.5414560297093218,-0.2492961459559451,1.5825078536687034
2026-08-18T06:05:38.645+00:00,1787033138.6452138,192950.6753766,2.3169805000070482,128,192950.5858079,2.872499986551702,86.61490000667982,3,1,1,4,1,0.0,1,estabilizada,1,1,1,472.25,273.0,0.18289311230182648,0.8961869478225708,0.20328521493301532,0.8310413131888681,0.19042396493301533,0.8195968131888681,-1.7972221043028023,0.19136266412373204,0.8182223576032063,-1.7758013527180267,0.0,0.5414560297093218,-0.2492961459559451,1.5825078536687034
2026-08-18T06:05:38.645+00:00,1787033138.6452138,192950.675388,2.316991900006542,128,192950.5858079,2.872499986551702,86.61490000667982,10,0,0,4,1,0.0,1,estabilizada,1,1,1,,,,,,,,,,,,,nan,0.5414560297093218,-0.2492961459559451,1.5825078536687034
2026-08-18T06:05:38.797+00:00,1787033138.7972937,192950.8254588,2.4670627000159584,132,192950.7171829,25.739000004250556,82.51390000805259,1,0,0,4,1,0.0,1,estabilizada,1,1,1,,,,,,,,,,,,,nan,0.5414701835895284,-0.24930418675133204,1.5825125936050144
2026-08-18T06:05:38.797+00:00,1787033138.7972937,192950.8255009,2.4671048000163864,132,192950.7171829,25.739000004250556,82.51390000805259,2,1,1,4,1,0.0,1,estabilizada,1,1,1,483.75,513.25,0.22730255126953125,0.4593418538570404,0.24516976257834505,0.4190400300911613,0.23230851257834506,0.40759553009116134,0.25667891766453205,0.22844970554861305,0.40358444733322696,0.10134011716973382,0.0,0.5414701835895284,-0.24930418675133204,1.5825125936050144
2026-08-18T06:05:38.797+00:00,1787033138.7972937,192950.8255128,2.4671166999905836,132,192950.7171829,25.739000004250556,82.51390000805259,3,1,1,4,1,0.0,1,estabilizada,1,1,1,472.25,273.0,0.18288969993591309,0.8961848616600037,0.20328274050901096,0.8310390835008746,0.19042149050901097,0.8195945835008747,-1.797218543261359,0.19136266412373204,0.8182223576032063,-1.7758013527180267,0.0,0.5414701835895284,-0.24930418675133204,1.5825125936050144
2026-08-18T06:05:38.797+00:00,1787033138.7972937,192950.8255225,2.4671264000062365,132,192950.7171829,25.739000004250556,82.51390000805259,10,0,0,4,1,0.0,1,estabilizada,1,1,1,,,,,,,,,,,,,nan,0.5414701835895284,-0.24930418675133204,1.5825125936050144
2026-08-18T06:05:38.951+00:00,1787033138.9519908,192950.9801637,2.621767600008752,137,192950.8834026,10.940299980575219,85.6330000096932,1,0,0,4,1,0.0,1,estabilizada,1,1,1,,,,,,,,,,,,,nan,0.5414774907233962,-0.2493111708565774,1.5825190524428039
2026-08-18T06:05:38.951+00:00,1787033138.9519908,192950.9802163,2.621820200001821,137,192950.8834026,10.940299980575219,85.6330000096932,2,1,1,4,1,0.0,1,estabilizada,1,1,1,484.25,513.25,0.22804684937000275,0.4593181610107422,0.24587207408262907,0.41901745198002804,0.23301082408262908,0.4075729519800281,0.2958825172468153,0.22844970554861305,0.40358444733322696,0.159994683285525,0.0,0.5414774907233962,-0.2493111708565774,1.5825190524428039
2026-08-18T06:05:38.951+00:00,1787033138.9519908,192950.9802303,2.6218341999920085,137,192950.8834026,10.940299980575219,85.6330000096932,3,1,1,4,1,0.0,1,estabilizada,1,1,1,472.5,273.75,0.18339446187019348,0.8946648836135864,0.20375912828418796,0.8296054173509924,0.19089787828418797,0.8181609173509924,-1.7863533626314998,0.19136266412373204,0.8182223576032063,-1.7758013527180267,0.0,0.5414774907233962,-0.2493111708565774,1.5825190524428039
2026-08-18T06:05:38.951+00:00,1787033138.9519908,192950.980243,2.621846900001401,137,192950.8834026,10.940299980575219,85.6330000096932,10,0,0,4,1,0.0,1,estabilizada,1,1,1,,,,,,,,,,,,,nan,0.5414774907233962,-0.2493111708565774,1.5825190524428039
2026-08-18T06:05:39.095+00:00,1787033139.0955846,192951.124545,2.7661489000020083,141,192951.0195857,26.067900005728006,78.8235999934841,1,0,0,4,1,0.0,1,estabilizada,1,1,1,,,,,,,,,,,,,nan,0.541482220662333,-0.2493144246737895,1.5825284352119862
2026-08-18T06:05:39.095+00:00,1787033139.0955846,192951.1246254,2.766229300003033,141,192951.0195857,26.067900005728006,78.8235999934841,2,1,1,4,1,0.0,1,estabilizada,1,1,1,484.25,513.25,0.22804482281208038,0.45931386947631836,0.2458703260882626,0.41901345840347304,0.2330090760882626,0.40756895840347307,0.2958787908656496,0.22844970554861305,0.40358444733322696,0.20574732481788835,0.0,0.541482220662333,-0.2493144246737895,1.5825284352119862
2026-08-18T06:05:39.095+00:00,1787033139.0955846,192951.1246584,2.766262299992377,141,192951.0195857,26.067900005728006,78.8235999934841,3,1,1,4,1,0.0,1,estabilizada,1,1,1,472.5,273.5,0.1833600401878357,0.8951663970947266,0.20372681245274432,0.8300786099388713,0.19086556245274433,0.8186341099388713,-1.7757263823492468,0.19136266412373204,0.8182223576032063,-1.7758013527180267,0.0,0.541482220662333,-0.2493144246737895,1.5825284352119862
2026-08-18T06:05:39.095+00:00,1787033139.0955846,192951.1246728,2.766276700014714,141,192951.0195857,26.067900005728006,78.8235999934841,10,0,0,4,1,0.0,1,estabilizada,1,1,1,,,,,,,,,,,,,nan,0.541482220662333,-0.2493144246737895,1.5825284352119862
2026-08-18T06:05:39.249+00:00,1787033139.249299,192951.2775064,2.9191102999902796,146,192951.1827379,10.453599999891594,84.2597000009846,1,0,0,4,1,0.0,1,estabilizada,1,1,1,,,,,,,,,,,,,nan,0.5414841230438053,-0.24931982714164738,1.5825349101832065
2026-08-18T06:05:39.249+00:00,1787033139.249299,192951.2775905,2.9191943999903742,146,192951.1827379,10.453599999891594,84.2597000009846,2,1,1,4,1,0.0,1,estabilizada,1,1,1,484.25,513.25,0.2280431091785431,0.45930957794189453,0.245868745166951,0.4190092685792811,0.23300749516695102,0.40756476857928114,0.29587489859227684,0.22844970554861305,0.40358444733322696,0.24211954202828423,0.0,0.5414841230438053,-0.24931982714164738,1.5825349101832065
2026-08-18T06:05:39.249+00:00,1787033139.249299,192951.2776034,2.9192073000012897,146,192951.1827379,10.453599999891594,84.2597000009846,3,1,1,4,1,0.0,1,estabilizada,1,1,1,472.25,272.75,0.18284934759140015,0.8966823220252991,0.20324518820320686,0.8315082820964833,0.19038393820320687,0.8200637820964833,-1.785723181770868,0.19136266412373204,0.8182223576032063,-1.7758013527180267,0.0,0.5414841230438053,-0.24931982714164738,1.5825349101832065
2026-08-18T06:05:39.249+00:00,1787033139.249299,192951.2776185,2.9192223999998532,146,192951.1827379,10.453599999891594,84.2597000009846,10,0,0,4,1,0.0,1,estabilizada,1,1,1,,,,,,,,,,,,,nan,0.5414841230438053,-0.24931982714164738,1.5825349101832065
2026-08-18T06:05:39.401+00:00,1787033139.401013,192951.4299113,3.0715151999902446,150,192951.3182147,30.979999981354922,80.68680000724271,1,0,0,4,1,0.0,1,estabilizada,1,1,1,,,,,,,,,,,,,nan,0.5414859346012121,-0.24932723368059828,1.5825394214674093
2026-08-18T06:05:39.402+00:00,1787033139.4020283,192951.4301356,3.0717395000101533,150,192951.3182147,30.979999981354922,80.68680000724271,2,1,1,4,1,0.0,1,estabilizada,1,1,1,484.25,513.75,0.22808900475502014,0.45848721265792847,0.24591208284302352,0.4182333653879511,0.23305083284302353,0.4067888653879511,0.2568240326590735,0.22844970554861305,0.40358444733322696,0.25358577092532597,0.0,0.5414859346012121,-0.24932723368059828,1.5825394214674093
2026-08-18T06:05:39.402+00:00,1787033139.4020283,192951.4301649,3.0717688000004273,150,192951.3182147,30.979999981354922,80.68680000724271,3,1,1,4,1,0.0,1,estabilizada,1,1,1,472.25,273.0,0.18287834525108337,0.8961759805679321,0.20327258163072753,0.8310305011670001,0.19041133163072754,0.8195860011670001,-1.7972080531700925,0.19136266412373204,0.8182223576032063,-1.7758013527180267,0.0,0.5414859346012121,-0.24932723368059828,1.5825394214674093
2026-08-18T06:05:39.402+00:00,1787033139.4020283,192951.430176,3.0717798999976367,150,192951.3182147,30.979999981354922,80.68680000724271,10,0,0,4,1,0.0,1,estabilizada,1,1,1,,,,,,,,,,,,,nan,0.5414859346012121,-0.24932723368059828,1.5825394214674093
2026-08-18T06:05:39.560+00:00,1787033139.5609217,192951.5895849,3.231188800011296,155,192951.4849388,17.60280001326464,87.01540000038221,1,0,0,4,1,0.0,1,estabilizada,1,1,1,,,,,,,,,,,,,nan,0.5414864245609767,-0.2493357024961446,1.5825429298880205
2026-08-18T06:05:39.560+00:00,1787033139.5609217,192951.58964,3.231243899994297,155,192951.4849388,17.60280001326464,87.01540000038221,2,1,1,4,1,0.0,1,estabilizada,1,1,1,484.25,513.25,0.22804033756256104,0.4593009948730469,0.24586617172925473,0.41900047502064697,0.23300492172925474,0.407555975020647,0.2958695861701206,0.22844970554861305,0.40358444733322696,0.2718946214912788,0.0,0.5414864245609767,-0.2493357024961446,1.5825429298880205
2026-08-18T06:05:39.560+00:00,1787033139.5609217,192951.5896546,3.2312584999890532,155,192951.4849388,17.60280001326464,87.01540000038221,3,1,1,4,1,0.0,1,estabilizada,1,1,1,472.25,273.0,0.18287602066993713,0.8961740732192993,0.20327037190088754,0.8310283650888509,0.19040912190088755,0.819583865088851,-1.797205460864227,0.19136266412373204,0.8182223576032063,-1.7758013527180267,0.0,0.5414864245609767,-0.2493357024961446,1.5825429298880205
2026-08-18T06:05:39.560+00:00,1787033139.5609217,192951.5896756,3.2312795000034384,155,192951.4849388,17.60280001326464,87.01540000038221,10,0,0,4,1,0.0,1,estabilizada,1,1,1,,,,,,,,,,,,,nan,0.5414864245609767,-0.2493357024961446,1.5825429298880205
2026-08-18T06:05:39.713+00:00,1787033139.7133622,192951.74149,3.383093899989035,160,192951.6527323,4.318000021157786,84.41319997655228,1,0,0,4,1,0.0,1,estabilizada,1,1,1,,,,,,,,,,,,,nan,0.5414804013010349,-0.24934082954641015,1.5825481308203193
2026-08-18T06:05:39.713+00:00,1787033139.7133622,192951.7415351,3.3831390000123065,160,192951.6527323,4.318000021157786,84.41319997655228,2,1,1,4,1,0.0,1,estabilizada,1,1,1,484.25,513.75,0.22808672487735748,0.45847848057746887,0.24590951985517,0.418224578234462,0.23304826985517002,0.40678007823446205,0.2568190129398457,0.22844970554861305,0.40358444733322696,0.2718946214912788,0.0,0.5414804013010349,-0.24934082954641015,1.5825481308203193
2026-08-18T06:05:39.713+00:00,1787033139.7133622,192951.7415468,3.3831507000140846,160,192951.6527323,4.318000021157786,84.41319997655228,3,1,1,4,1,0.0,1,estabilizada,1,1,1,472.25,272.75,0.18284264206886292,0.8966763019561768,0.2032384819819052,0.8315019544424811,0.1903772319819052,0.8200574544424811,-1.7857159944962533,0.19136266412373204,0.8182223576032063,-1.7758013527180267,0.0,0.5414804013010349,-0.24934082954641015,1.5825481308203193
2026-08-18T06:05:39.713+00:00,1787033139.7133622,192951.7415562,3.3831600999983493,160,192951.6527323,4.318000021157786,84.41319997655228,10,0,0,4,1,0.0,1,estabilizada,1,1,1,,,,,,,,,,,,,nan,0.5414804013010349,-0.24934082954641015,1.5825481308203193
2026-08-18T06:05:39.849+00:00,1787033139.8498266,192951.8786384,3.520242300000973,164,192951.7830703,16.65599999250844,78.88730001286604,1,0,0,4,1,0.0,1,estabilizada,1,1,1,,,,,,,,,,,,,nan,0.541472358016511,-0.24934516414448166,1.5825525108483043
2026-08-18T06:05:39.849+00:00,1787033139.8498266,192951.8786988,3.520302699995227,164,192951.7830703,16.65599999250844,78.88730001286604,2,1,1,4,1,0.0,1,estabilizada,1,1,1,484.25,513.75,0.22808583080768585,0.4584742784500122,0.245908169880451,0.41822047998404094,0.233046919880451,0.40677597998404097,0.25681643231186374,0.22844970554861305,0.40358444733322696,0.2718946214912788,0.0,0.541472358016511,-0.24934516414448166,1.5825525108483043
2026-08-18T06:05:39.849+00:00,1787033139.8498266,192951.878717,3.5203209000173956,164,192951.7830703,16.65599999250844,78.88730001286604,3,1,1,4,1,0.0,1,estabilizada,1,1,1,472.25,273.0,0.18287254869937897,0.8961699604988098,0.203266173945496,0.8310243425738582,0.19040492394549602,0.8195798425738582,-1.7972017861404177,0.19136266412373204,0.8182223576032063,-1.7758013527180267,0.0,0.541472358016511,-0.24934516414448166,1.5825525108483043
2026-08-18T06:05:39.849+00:00,1787033139.8498266,192951.8787271,3.5203310000069905,164,192951.7830703,16.65599999250844,78.88730001286604,10,0,0,4,1,0.0,1,estabilizada,1,1,1,,,,,,,,,,,,,nan,0.541472358016511,-0.24934516414448166,1.5825525108483043
2026-08-18T06:05:40.008+00:00,1787033140.008044,192952.0370371,3.6786410000058822,168,192951.919238,23.493399989092723,94.26600000006147,1,0,0,4,1,0.0,1,estabilizada,1,1,1,,,,,,,,,,,,,nan,0.5414654321361397,-0.249347883650863,1.5825572502478513
2026-08-18T06:05:40.008+00:00,1787033140.008044,192952.0370937,3.678697600000305,168,192951.919238,23.493399989092723,94.26600000006147,2,1,1,4,1,0.0,1,estabilizada,1,1,1,484.0,513.75,0.22771179676055908,0.45848000049591064,0.24555495989376003,0.4182258425100098,0.23269370989376004,0.40678134251000986,0.25681439068399536,0.22844970554861305,0.40358444733322696,0.2718946214912788,0.0,0.5414654321361397,-0.249347883650863,1.5825572502478513
2026-08-18T06:05:40.008+00:00,1787033140.008044,192952.0371151,3.678719000017736,168,192951.919238,23.493399989092723,94.26600000006147,3,1,1,4,1,0.0,1,estabilizada,1,1,1,472.75,274.0,0.18382391333580017,0.8941401839256287,0.20416297954461476,0.8291100397929178,0.19130172954461477,0.8176655397929178,-1.7863381559474645,0.19136266412373204,0.8182223576032063,-1.7758013527180267,0.0,0.5414654321361397,-0.249347883650863,1.5825572502478513
2026-08-18T06:05:40.009+00:00,1787033140.0090594,192952.0371452,3.6787491000141017,168,192951.919238,23.493399989092723,94.26600000006147,10,0,0,4,1,0.0,1,estabilizada,1,1,1,,,,,,,,,,,,,nan,0.5414654321361397,-0.249347883650863,1.5825572502478513
2026-08-18T06:05:40.167+00:00,1787033140.1678724,192952.196668,3.838271899992833,173,192952.0827141,29.943600005935878,83.98470000247471,1,0,0,4,1,0.0,1,estabilizada,1,1,1,,,,,,,,,,,,,nan,0.5414546607102785,-0.24934947956459677,1.5825623531005684
2026-08-18T06:05:40.167+00:00,1787033140.1678724,192952.1967118,3.8383157000062056,173,192952.0827141,29.943600005935878,83.98470000247471,2,1,1,4,1,0.0,1,estabilizada,1,1,1,484.25,513.25,0.2280368208885193,0.4592840075492859,0.24586082986275892,0.41898416488255175,0.23299957986275893,0.4075396648825518,0.2958595986634195,0.22844970554861305,0.40358444733322696,0.2718946214912788,0.0,0.5414546607102785,-0.24934947956459677,1.5825623531005684
2026-08-18T06:05:40.167+00:00,1787033140.1678724,192952.1967238,3.838327700010268,173,192952.0827141,29.943600005935878,83.98470000247471,3,1,1,4,1,0.0,1,estabilizada,1,1,1,472.25,273.25,0.18290114402770996,0.895661473274231,0.20329200978930723,0.830544932650352,0.19043075978930724,0.819100432650352,-1.7971990318382993,0.19136266412373204,0.8182223576032063,-1.7758013527180267,0.0,0.5414546607102785,-0.24934947956459677,1.5825623531005684
2026-08-18T06:05:40.167+00:00,1787033140.1678724,192952.1967336,3.8383374999975786,173,192952.0827141,29.943600005935878,83.98470000247471,10,0,0,4,1,0.0,1,estabilizada,1,1,1,,,,,,,,,,,,,nan,0.5414546607102785,-0.24934947956459677,1.5825623531005684
2026-08-18T06:05:40.352+00:00,1787033140.3525295,192952.381526,4.023129900015192,178,192952.2500707,17.834599973866716,113.56970001361333,1,0,0,4,1,0.0,1,estabilizada,1,1,1,,,,,,,,,,,,,nan,0.541441239617012,-0.2493523409100066,1.5825657721090751
2026-08-18T06:05:40.353+00:00,1787033140.3535352,192952.3818381,4.023442000005161,178,192952.2500707,17.834599973866716,113.56970001361333,2,1,1,4,1,0.0,1,estabilizada,1,1,1,484.0,513.75,0.2277103066444397,0.45847150683403015,0.24555208261682276,0.4182177951591812,0.23269083261682277,0.40677329515918126,0.2568086904604547,0.22844970554861305,0.40358444733322696,0.2718946214912788,0.0,0.541441239617012,-0.2493523409100066,1.5825657721090751
2026-08-18T06:05:40.353+00:00,1787033140.3535352,192952.3819221,4.023526000004495,178,192952.2500707,17.834599973866716,113.56970001361333,3,1,1,4,1,0.0,1,estabilizada,1,1,1,472.25,273.25,0.18290004134178162,0.8956591486930847,0.2032901625067089,0.8305427182227462,0.1904289125067089,0.8190982182227462,-1.7971979494309667,0.19136266412373204,0.8182223576032063,-1.7758013527180267,0.0,0.541441239617012,-0.2493523409100066,1.5825657721090751
2026-08-18T06:05:40.353+00:00,1787033140.3535352,192952.3819427,4.023546600015834,178,192952.2500707,17.834599973866716,113.56970001361333,10,0,0,4,1,0.0,1,estabilizada,1,1,1,,,,,,,,,,,,,nan,0.541441239617012,-0.2493523409100066,1.5825657721090751
2026-08-18T06:05:40.510+00:00,1787033140.5104897,192952.5392207,4.180824600014603,183,192952.419427,21.95610001217574,97.7081999881193,1,0,0,4,1,0.0,1,estabilizada,1,1,1,,,,,,,,,,,,,nan,0.5414254665457676,-0.24935209230887675,1.5825706373512636
2026-08-18T06:05:40.510+00:00,1787033140.5104897,192952.5394865,4.181090400001267,183,192952.419427,21.95610001217574,97.7081999881193,2,1,1,4,1,0.0,1,estabilizada,1,1,1,483.25,513.5,0.22656649351119995,0.4589058756828308,0.2444723657069201,0.41862759955738704,0.2316111157069201,0.4071830995573871,0.3564845365298843,0.22844970554861305,0.40358444733322696,0.2718946214912788,0.0,0.5414254665457676,-0.24935209230887675,1.5825706373512636
2026-08-18T06:05:40.510+00:00,1787033140.5104897,192952.5395017,4.181105600000592,183,192952.419427,21.95610001217574,97.7081999881193,3,1,1,4,1,0.0,1,estabilizada,1,1,1,472.25,273.0,0.18286782503128052,0.8961608409881592,0.20325881863034934,0.8310160938511311,0.19039756863034935,0.8195715938511311,-1.7971974805670612,0.19136266412373204,0.8182223576032063,-1.7758013527180267,0.0,0.5414254665457676,-0.24935209230887675,1.5825706373512636
2026-08-18T06:05:40.511+00:00,1787033140.5115185,192952.5398438,4.181447700015269,183,192952.419427,21.95610001217574,97.7081999881193,10,0,0,4,1,0.0,1,estabilizada,1,1,1,,,,,,,,,,,,,nan,0.5414254665457676,-0.24935209230887675,1.5825706373512636
2026-08-18T06:05:40.675+00:00,1787033140.6759775,192952.704893,4.346496899990598,188,192952.5848236,29.811000014888123,90.23279999382794,1,0,0,4,1,0.0,1,estabilizada,1,1,1,,,,,,,,,,,,,nan,0.5414130476058479,-0.2493533325387948,1.5825741495592662
2026-08-18T06:05:40.675+00:00,1787033140.6759775,192952.7049378,4.346541700011585,188,192952.5848236,29.811000014888123,90.23279999382794,2,1,1,4,1,0.0,1,estabilizada,1,1,1,481.0,512.75,0.22313497960567474,0.46021828055381775,0.24123525385064015,0.41986538764442705,0.22837400385064016,0.4084208876444271,0.5267305614339101,0.22844970554861305,0.40358444733322696,0.37609702044795473,0.0,0.5414130476058479,-0.2493533325387948,1.5825741495592662
2026-08-18T06:05:40.675+00:00,1787033140.6759775,192952.7049618,4.346565699990606,188,192952.5848236,29.811000014888123,90.23279999382794,3,1,1,4,1,0.0,1,estabilizada,1,1,1,472.75,273.75,0.18378861248493195,0.8946349024772644,0.20412648996754218,0.8295770085516506,0.1912652399675422,0.8181325085516507,-1.786334674725935,0.19136266412373204,0.8182223576032063,-1.7758013527180267,0.0,0.5414130476058479,-0.2493533325387948,1.5825741495592662
2026-08-18T06:05:40.675+00:00,1787033140.6759775,192952.7049724,4.346576300013112,188,192952.5848236,29.811000014888123,90.23279999382794,10,0,0,4,1,0.0,1,estabilizada,1,1,1,,,,,,,,,,,,,nan,0.5414130476058479,-0.2493533325387948,1.5825741495592662
2026-08-18T06:05:40.848+00:00,1787033140.8484254,192952.8774125,4.519016400008695,194,192952.7833838,2.972499991301447,91.02950000669807,1,0,0,4,1,0.0,1,estabilizada,1,1,1,,,,,,,,,,,,,nan,0.541400275705094,-0.24935333526047565,1.5825779345504896
2026-08-18T06:05:40.848+00:00,1787033140.8484254,192952.8774555,4.519059400015976,194,192952.7833838,2.972499991301447,91.02950000669807,2,1,1,4,1,0.0,1,estabilizada,1,1,1,478.25,512.25,0.21898005902767181,0.4611416459083557,0.23731585081868406,0.4207363382712582,0.22445460081868407,0.40929183827125826,0.8169991339823552,0.22844970554861305,0.40358444733322696,0.6083048463445659,0.0,0.541400275705094,-0.24935333526047565,1.5825779345504896
2026-08-18T06:05:40.848+00:00,1787033140.8484254,192952.8774674,4.519071299990173,194,192952.7833838,2.972499991301447,91.02950000669807,3,1,1,4,1,0.0,1,estabilizada,1,1,1,472.75,273.75,0.18378770351409912,0.894632875919342,0.2041248577196083,0.8295752526842323,0.19126360771960832,0.8181307526842323,-1.7863340079061671,0.19136266412373204,0.8182223576032063,-1.7758013527180267,0.0,0.541400275705094,-0.24935333526047565,1.5825779345504896
2026-08-18T06:05:40.848+00:00,1787033140.8484254,192952.8774781,4.519082000013441,194,192952.7833838,2.972499991301447,91.02950000669807,10,0,0,4,1,0.0,1,estabilizada,1,1,1,,,,,,,,,,,,,nan,0.541400275705094,-0.24935333526047565,1.5825779345504896
2026-08-18T06:05:41.020+00:00,1787033141.0206778,192953.0501322,4.691736100008711,198,192952.917786,26.12219998263754,106.19099999894388,1,0,0,4,1,0.0,1,estabilizada,1,1,1,,,,,,,,,,,,,nan,0.5413910027346788,-0.24935439805665385,1.5825816113457036
2026-08-18T06:05:41.020+00:00,1787033141.0206778,192953.0501774,4.69178130000364,198,192952.917786,26.12219998263754,106.19099999894388,2,1,1,4,1,0.0,1,estabilizada,1,1,1,478.0,510.5,0.21843327581882477,0.46401581168174744,0.23679959273673162,0.42344708624213945,0.22393834273673163,0.4120025862421395,1.0534212722665117,0.22745917844636765,0.4051801755229572,0.791667625733,0.0,0.5413910027346788,-0.24935439805665385,1.5825816113457036
2026-08-18T06:05:41.020+00:00,1787033141.0206778,192953.0501894,4.691793300007703,198,192952.917786,26.12219998263754,106.19099999894388,3,1,1,4,1,0.0,1,estabilizada,1,1,1,472.25,273.0,0.18286502361297607,0.8961551785469055,0.20325407520413896,0.8310110740310849,0.19039282520413897,0.8195665740310849,-1.797195460505044,0.19136266412373204,0.8182223576032063,-1.7758013527180267,0.0,0.5413910027346788,-0.24935439805665385,1.5825816113457036
2026-08-18T06:05:41.020+00:00,1787033141.0206778,192953.050201,4.691804900008719,198,192952.917786,26.12219998263754,106.19099999894388,10,0,0,4,1,0.0,1,estabilizada,1,1,1,,,,,,,,,,,,,nan,0.5413910027346788,-0.24935439805665385,1.5825816113457036
2026-08-18T06:05:41.182+00:00,1787033141.1822748,192953.2105521,4.852156000008108,204,192953.1153726,4.163799982052296,90.98920001997612,1,0,0,4,1,0.0,1,estabilizada,1,1,1,,,,,,,,,,,,,nan,0.5413838311441705,-0.24935698595836403,1.5825844131905475
2026-08-18T06:05:41.182+00:00,1787033141.1822748,192953.2106885,4.852292399998987,204,192953.1153726,4.163799982052296,90.98920001997612,2,1,1,4,1,0.0,1,estabilizada,1,1,1,478.0,511.5,0.21853142976760864,0.46237316727638245,0.2368917244107937,0.42189778204117173,0.2240304744107937,0.41045328204117176,1.0292198865838216,0.22745917844636765,0.4051801755229572,0.9165070293594562,0.0,0.5413838311441705,-0.24935698595836403,1.5825844131905475
2026-08-18T06:05:41.182+00:00,1787033141.1822748,192953.210726,4.852329899993492,204,192953.1153726,4.163799982052296,90.98920001997612,3,1,1,4,1,0.0,1,estabilizada,1,1,1,472.25,273.0,0.18286389112472534,0.8961538076400757,0.20325256318089646,0.8310097492476298,0.19039131318089647,0.8195652492476299,-1.797194071411082,0.19136266412373204,0.8182223576032063,-1.7758013527180267,0.0,0.5413838311441705,-0.24935698595836403,1.5825844131905475
2026-08-18T06:05:41.182+00:00,1787033141.1822748,192953.2107409,4.852344799990533,204,192953.1153726,4.163799982052296,90.98920001997612,10,0,0,4,1,0.0,1,estabilizada,1,1,1,,,,,,,,,,,,,nan,0.5413838311441705,-0.24935698595836403,1.5825844131905475
2026-08-18T06:05:41.343+00:00,1787033141.3438988,192953.3724048,5.014008700003615,208,192953.2539826,29.416400007903576,88.97509999223985,1,0,0,4,1,0.0,1,estabilizada,1,1,1,,,,,,,,,,,,,nan,0.5413785584063272,-0.24936094799935432,1.5825864265469527
2026-08-18T06:05:41.343+00:00,1787033141.3438988,192953.3724558,5.014059700013604,208,192953.2539826,29.416400007903576,88.97509999223985,2,1,1,4,1,0.0,1,estabilizada,1,1,1,479.0,510.25,0.21990123391151428,0.4643798768520355,0.23818330604305787,0.4237901983617535,0.22532205604305788,0.41234569836175355,0.9011800887962816,0.22745917844636765,0.4051801755229572,0.9500817374191889,0.0,0.5413785584063272,-0.24936094799935432,1.5825864265469527
2026-08-18T06:05:41.343+00:00,1787033141.3438988,192953.3724701,5.014074000006076,208,192953.2539826,29.416400007903576,88.97509999223985,3,1,1,4,1,0.0,1,estabilizada,1,1,1,472.25,273.0,0.18286265432834625,0.896152675151825,0.2032510709264972,0.8310085387215942,0.1903898209264972,0.8195640387215942,-1.7971929890900833,0.19136266412373204,0.8182223576032063,-1.7758013527180267,0.0,0.5413785584063272,-0.24936094799935432,1.5825864265469527
2026-08-18T06:05:41.343+00:00,1787033141.3438988,192953.3724806,5.014084499998717,208,192953.2539826,29.416400007903576,88.97509999223985,10,0,0,4,1,0.0,1,estabilizada,1,1,1,,,,,,,,,,,,,nan,0.5413785584063272,-0.24936094799935432,1.5825864265469527
2026-08-18T06:05:41.493+00:00,1787033141.4930556,192953.521239,5.162842899997486,213,192953.4179926,19.5246999792289,83.69410000159405,1,0,0,4,1,0.0,1,estabilizada,1,1,1,,,,,,,,,,,,,nan,0.5413712676382084,-0.2493628066327969,1.5825900845182628
2026-08-18T06:05:41.493+00:00,1787033141.4930556,192953.5212847,5.162888599996222,213,192953.4179926,19.5246999792289,83.69410000159405,2,1,1,4,1,0.0,1,estabilizada,1,1,1,484.5,505.5,0.22766895592212677,0.4719686508178711,0.24550883014517388,0.4309473959739033,0.2326475801451739,0.41950289597390333,0.9451839890196696,0.22745917844636765,0.4051801755229572,0.9500817374191889,0.0,0.5413712676382084,-0.2493628066327969,1.5825900845182628
2026-08-18T06:05:41.493+00:00,1787033141.4930556,192953.5212967,5.162900600000285,213,192953.4179926,19.5246999792289,83.69410000159405,3,1,1,4,1,0.0,1,estabilizada,1,1,1,472.5,273.75,0.18336959183216095,0.8946335911750793,0.20372871775980256,0.8295758881034405,0.19086746775980257,0.8181313881034405,-1.7863304901991255,0.19136266412373204,0.8182223576032063,-1.7758013527180267,0.0,0.5413712676382084,-0.2493628066327969,1.5825900845182628
2026-08-18T06:05:41.493+00:00,1787033141.4930556,192953.521307,5.162910899991402,213,192953.4179926,19.5246999792289,83.69410000159405,10,0,0,4,1,0.0,1,estabilizada,1,1,1,,,,,,,,,,,,,nan,0.5413712676382084,-0.2493628066327969,1.5825900845182628
2026-08-18T06:05:41.653+00:00,1787033141.6533387,192953.6822081,5.323812000016915,218,192953.5822871,10.34599999547936,89.55130001413636,1,0,0,4,1,0.0,1,estabilizada,1,1,1,,,,,,,,,,,,,nan,0.5413597145841214,-0.2493626614875094,1.5825945744687169
2026-08-18T06:05:41.653+00:00,1787033141.6533387,192953.6822528,5.323856700008037,218,192953.5822871,10.34599999547936,89.55130001413636,2,1,1,4,1,0.0,1,estabilizada,1,1,1,491.5,500.25,0.23767799139022827,0.4803597629070282,0.2549479577659348,0.4388614415712838,0.24208670776593483,0.42741694157128385,0.7922582779764886,0.23269937480337533,0.41540184751533604,0.9230528795125545,0.0,0.5413597145841214,-0.2493626614875094,1.5825945744687169
2026-08-18T06:05:41.653+00:00,1787033141.6533387,192953.6822655,5.323869400017429,218,192953.5822871,10.34599999547936,89.55130001413636,3,1,1,4,1,0.0,1,estabilizada,1,1,1,472.25,273.0,0.18286073207855225,0.8961505889892578,0.2032480814009981,0.8310068091443666,0.1903868314009981,0.8195623091443667,-1.7971914621100684,0.19136266412373204,0.8182223576032063,-1.7758013527180267,0.0,0.5413597145841214,-0.2493626614875094,1.5825945744687169
2026-08-18T06:05:41.653+00:00,1787033141.6533387,192953.6822779,5.3238817999954335,218,192953.5822871,10.34599999547936,89.55130001413636,10,0,0,4,1,0.0,1,estabilizada,1,1,1,,,,,,,,,,,,,nan,0.5413597145841214,-0.2493626614875094,1.5825945744687169
2026-08-18T06:05:41.808+00:00,1787033141.8080404,192953.8364584,5.478062300011516,222,192953.7180887,30.02599999308586,88.31960000679828,1,0,0,4,1,0.0,1,estabilizada,1,1,1,,,,,,,,,,,,,nan,0.541348195897437,-0.2493640198355882,1.582598050054541
2026-08-18T06:05:41.808+00:00,1787033141.8080404,192953.8365019,5.4781057999935,222,192953.7180887,30.02599999308586,88.31960000679828,2,1,1,4,1,0.0,1,estabilizada,1,1,1,495.25,496.25,0.24295417964458466,0.4868414103984833,0.25992340405493397,0.44497450128736493,0.24706215405493398,0.43353000128736496,0.8172881633740745,0.23915274445522688,0.42382354879788525,0.8687900167095696,0.0,0.541348195897437,-0.2493640198355882,1.582598050054541
2026-08-18T06:05:41.808+00:00,1787033141.8080404,192953.8365142,5.478118099999847,222,192953.7180887,30.02599999308586,88.31960000679828,3,1,1,4,1,0.0,1,estabilizada,1,1,1,472.25,272.75,0.18282835185527802,0.8966538906097412,0.20321684276911578,0.8314815545661545,0.1903555927691158,0.8200370545661545,-1.7857032322755806,0.19136266412373204,0.8182223576032063,-1.7758013527180267,0.0,0.541348195897437,-0.2493640198355882,1.582598050054541
2026-08-18T06:05:41.808+00:00,1787033141.8080404,192953.8365242,5.478128100017784,222,192953.7180887,30.02599999308586,88.31960000679828,10,0,0,4,1,0.0,1,estabilizada,1,1,1,,,,,,,,,,,,,nan,0.541348195897437,-0.2493640198355882,1.582598050054541
2026-08-18T06:05:41.951+00:00,1787033141.9512863,192953.9795832,5.621187100012321,227,192953.8853261,12.24840001668781,81.982000003336,1,0,0,4,1,0.0,1,estabilizada,1,1,1,,,,,,,,,,,,,nan,0.5413378462788346,-0.2493644322313659,1.582602084291363
2026-08-18T06:05:41.951+00:00,1787033141.9512863,192953.9796298,5.621233699988807,227,192953.8853261,12.24840001668781,81.982000003336,2,1,1,4,1,0.0,1,estabilizada,1,1,1,500.25,492.0,0.250113308429718,0.49371537566185,0.26667477303701165,0.45145763862598925,0.25381352303701166,0.4400131386259893,0.8997626358480134,0.24735032895510412,0.43292164579883013,0.8590363073154819,0.0,0.5413378462788346,-0.2493644322313659,1.582602084291363
2026-08-18T06:05:41.951+00:00,1787033141.9512863,192953.979642,5.621245899994392,227,192953.8853261,12.24840001668781,81.982000003336,3,1,1,4,1,0.0,1,estabilizada,1,1,1,472.25,273.0,0.18285924196243286,0.8961483836174011,0.2032453356676756,0.8310049376117981,0.19038408566767562,0.8195604376117981,-1.7971902660414578,0.19136266412373204,0.8182223576032063,-1.7758013527180267,0.0,0.5413378462788346,-0.2493644322313659,1.582602084291363
2026-08-18T06:05:41.951+00:00,1787033141.9512863,192953.9796525,5.6212564000161365,227,192953.8853261,12.24840001668781,81.982000003336,10,0,0,4,1,0.0,1,estabilizada,1,1,1,,,,,,,,,,,,,nan,0.5413378462788346,-0.2493644322313659,1.582602084291363
2026-08-18T06:05:42.106+00:00,1787033142.1061192,192954.1343827,5.77598659999785,231,192954.0249608,25.389500020537525,84.00599999004044,1,0,0,4,1,0.0,1,estabilizada,1,1,1,,,,,,,,,,,,,nan,0.5413249892704365,-0.2493662191461874,1.5826044657453535
2026-08-18T06:05:42.106+00:00,1787033142.1061192,192954.1344473,5.776051199994981,231,192954.0249608,25.389500020537525,84.00599999004044,2,1,1,4,1,0.0,1,estabilizada,1,1,1,503.0,489.25,0.2540278136730194,0.4981951415538788,0.2703659110077757,0.45568260988898224,0.2575046610077757,0.44423810988898227,0.9810625621860172,0.24889176699858206,0.4346165780346184,0.8688717200630944,0.0,0.5413249892704365,-0.2493662191461874,1.5826044657453535
2026-08-18T06:05:42.106+00:00,1787033142.1061192,192954.1345791,5.776183000009041,231,192954.0249608,25.389500020537525,84.00599999004044,3,1,1,4,1,0.0,1,estabilizada,1,1,1,472.25,272.75,0.18282726407051086,0.8966514468193054,0.20321441447122562,0.8314793888797885,0.19035316447122563,0.8200348888797885,-1.7857031287949314,0.19136266412373204,0.8182223576032063,-1.7758013527180267,0.0,0.5413249892704365,-0.2493662191461874,1.5826044657453535
2026-08-18T06:05:42.106+00:00,1787033142.1061192,192954.1345975,5.776201400003629,231,192954.0249608,25.389500020537525,84.00599999004044,10,0,0,4,1,0.0,1,estabilizada,1,1,1,,,,,,,,,,,,,nan,0.5413249892704365,-0.2493662191461874,1.5826044657453535
2026-08-18T06:05:42.247+00:00,1787033142.247029,192954.2755066,5.917110500013223,236,192954.1824562,9.343399986391887,83.68179999524727,1,0,0,4,1,0.0,1,estabilizada,1,1,1,,,,,,,,,,,,,nan,0.5413126149077533,-0.24936759855591342,1.5826101547181373
2026-08-18T06:05:42.247+00:00,1787033142.247029,192954.2755514,5.917155300005106,236,192954.1824562,9.343399986391887,83.68179999524727,2,1,1,4,1,0.0,1,estabilizada,1,1,1,507.5,484.0,0.2603931725025177,0.5068106055259705,0.2763685216692707,0.46380820334595263,0.2635072716692707,0.45236370334595266,0.990712399633785,0.25095648836804624,0.43692309456732853,0.8911718038093696,0.0,0.5413126149077533,-0.24936759855591342,1.5826101547181373
2026-08-18T06:05:42.247+00:00,1787033142.247029,192954.2755634,5.917167300009169,236,192954.1824562,9.343399986391887,83.68179999524727,3,1,1,4,1,0.0,1,estabilizada,1,1,1,472.25,273.0,0.18285825848579407,0.8961458802223206,0.20324286930217167,0.8310027287123376,0.19038161930217168,0.8195582287123376,-1.797190272843186,0.19136266412373204,0.8182223576032063,-1.7758013527180267,0.0,0.5413126149077533,-0.24936759855591342,1.5826101547181373
2026-08-18T06:05:42.247+00:00,1787033142.247029,192954.2755737,5.9171776000002865,236,192954.1824562,9.343399986391887,83.68179999524727,10,0,0,4,1,0.0,1,estabilizada,1,1,1,,,,,,,,,,,,,nan,0.5413126149077533,-0.24936759855591342,1.5826101547181373
2026-08-18T06:05:42.400+00:00,1787033142.4000487,192954.428335,6.069938900007401,240,192954.3183212,27.210100000957027,82.77810001163743,1,0,0,4,1,0.0,1,estabilizada,1,1,1,,,,,,,,,,,,,nan,0.5413006232008979,-0.2493686023403995,1.5826154615208827
2026-08-18T06:05:42.400+00:00,1787033142.4000487,192954.4283775,6.0699814000108745,240,192954.3183212,27.210100000957027,82.77810001163743,2,1,1,4,1,0.0,1,estabilizada,1,1,1,512.0,480.0,0.2668890357017517,0.5133611559867859,0.28249424333139883,0.46998632494382453,0.26963299333139884,0.45854182494382456,0.9214511652651912,0.2600017234336272,0.4474747514089189,0.912763838098648,0.0,0.5413006232008979,-0.2493686023403995,1.5826154615208827
2026-08-18T06:05:42.400+00:00,1787033142.4000487,192954.4283899,6.069993799988879,240,192954.3183212,27.210100000957027,82.77810001163743,3,1,1,4,1,0.0,1,estabilizada,1,1,1,472.25,273.0,0.18285761773586273,0.8961446285247803,0.2032415146939094,0.8310017095501411,0.1903802646939094,0.8195572095501411,-1.7971898040831717,0.19136266412373204,0.8182223576032063,-1.7758013527180267,0.0,0.5413006232008979,-0.2493686023403995,1.5826154615208827
2026-08-18T06:05:42.400+00:00,1787033142.4000487,192954.4284023,6.070006199995987,240,192954.3183212,27.210100000957027,82.77810001163743,10,0,0,4,1,0.0,1,estabilizada,1,1,1,,,,,,,,,,,,,nan,0.5413006232008979,-0.2493686023403995,1.5826154615208827
2026-08-18T06:05:42.543+00:00,1787033142.5432806,192954.5721708,6.213774700008798,245,192954.4817575,8.33559999591671,82.0497999957297,1,0,0,4,1,0.0,1,estabilizada,1,1,1,,,,,,,,,,,,,nan,0.5412874163061132,-0.24937032954549415,1.5826197580431145
2026-08-18T06:05:42.543+00:00,1787033142.5432806,192954.5722153,6.213819199998397,245,192954.4817575,8.33559999591671,82.0497999957297,2,1,1,4,1,0.0,1,estabilizada,1,1,1,518.0,474.75,0.2755947709083557,0.5219937562942505,0.29070410968936866,0.4781280283625979,0.27784285968936867,0.4666835283625979,0.901303401888386,0.2642433772294536,0.45207315187777936,0.912763838098648,0.0,0.5412874163061132,-0.24937032954549415,1.5826197580431145
2026-08-18T06:05:42.543+00:00,1787033142.5432806,192954.5722273,6.21383120000246,245,192954.4817575,8.33559999591671,82.0497999957297,3,1,1,4,1,0.0,1,estabilizada,1,1,1,472.25,272.75,0.18282562494277954,0.896647572517395,0.20321053487376067,0.8314761308862144,0.19034928487376068,0.8200316308862144,-1.7857024392212757,0.19136266412373204,0.8182223576032063,-1.7758013527180267,0.0,0.5412874163061132,-0.24937032954549415,1.5826197580431145
2026-08-18T06:05:42.543+00:00,1787033142.5432806,192954.572237,6.213840899989009,245,192954.4817575,8.33559999591671,82.0497999957297,10,0,0,4,1,0.0,1,estabilizada,1,1,1,,,,,,,,,,,,,nan,0.5412874163061132,-0.24937032954549415,1.5826197580431145
2026-08-18T06:05:42.701+00:00,1787033142.70124,192954.7295572,6.371161099988967,249,192954.6160636,28.534999990370125,84.93199999793433,1,0,0,4,1,0.0,1,estabilizada,1,1,1,,,,,,,,,,,,,nan,0.5412734506582567,-0.24937091379904,1.5826245473210623
2026-08-18T06:05:42.701+00:00,1787033142.70124,192954.7296344,6.3712382999947295,249,192954.6160636,28.534999990370125,84.93199999793433,2,1,1,4,1,0.0,1,estabilizada,1,1,1,522.75,471.25,0.2825656533241272,0.5277432799339294,0.2972777350996086,0.48355069012837104,0.2844164850996086,0.4721061901283711,0.7722690528692818,0.2740372071562795,0.46185201835303075,0.8866117350466257,0.0,0.5412734506582567,-0.24937091379904,1.5826245473210623
2026-08-18T06:05:42.701+00:00,1787033142.70124,192954.7296477,6.371251600008691,249,192954.6160636,28.534999990370125,84.93199999793433,3,1,1,4,1,0.0,1,estabilizada,1,1,1,472.5,273.5,0.18333321809768677,0.8951274752616882,0.20368840656293685,0.8300426418501102,0.19082715656293686,0.8185981418501103,-1.7757043333320734,0.19136266412373204,0.8182223576032063,-1.7758013527180267,0.0,0.5412734506582567,-0.24937091379904,1.5826245473210623
2026-08-18T06:05:42.701+00:00,1787033142.70124,192954.7296621,6.371266000001924,249,192954.6160636,28.534999990370125,84.93199999793433,10,0,0,4,1,0.0,1,estabilizada,1,1,1,,,,,,,,,,,,,nan,0.5412734506582567,-0.24937091379904,1.5826245473210623
2026-08-18T06:05:42.852+00:00,1787033142.8524883,192954.8805064,6.522110299993074,254,192954.785174,15.311399998608977,79.99610001570545,1,0,0,4,1,0.0,1,estabilizada,1,1,1,,,,,,,,,,,,,nan,0.5412604833932427,-0.2493708179686692,1.5826301493937789
2026-08-18T06:05:42.852+00:00,1787033142.8524883,192954.880552,6.5221558999910485,254,192954.785174,15.311399998608977,79.99610001570545,2,1,1,4,1,0.0,1,estabilizada,1,1,1,528.25,466.75,0.2906351089477539,0.5351876020431519,0.3048875125865536,0.4905718351641303,0.2920262625865536,0.4791273351641303,0.7755349128859549,0.281977433924466,0.4694341513745221,0.8269383131569056,0.0,0.5412604833932427,-0.2493708179686692,1.5826301493937789
2026-08-18T06:05:42.852+00:00,1787033142.8524883,192954.8805723,6.522176200000104,254,192954.785174,15.311399998608977,79.99610001570545,3,1,1,4,1,0.0,1,estabilizada,1,1,1,472.5,273.5,0.18333254754543304,0.8951258659362793,0.20368696467734615,0.8300413598747075,0.19082571467734616,0.8185968598747075,-1.775703862940529,0.19136266412373204,0.8182223576032063,-1.7758013527180267,0.0,0.5412604833932427,-0.2493708179686692,1.5826301493937789
2026-08-18T06:05:42.852+00:00,1787033142.8524883,192954.8805935,6.522197400016012,254,192954.785174,15.311399998608977,79.99610001570545,10,0,0,4,1,0.0,1,estabilizada,1,1,1,,,,,,,,,,,,,nan,0.5412604833932427,-0.2493708179686692,1.5826301493937789
2026-08-18T06:05:42.996+00:00,1787033142.996591,192955.0255216,6.667125500011025,258,192954.9149542,26.711399987107143,83.8246000057552,1,0,0,4,1,0.0,1,estabilizada,1,1,1,,,,,,,,,,,,,nan,0.5412484664612074,-0.24936818449988407,1.5826374016863032
2026-08-18T06:05:42.996+00:00,1787033142.996591,192955.0255723,6.667176199989626,258,192954.9149542,26.711399987107143,83.8246000057552,2,1,1,4,1,0.0,1,estabilizada,1,1,1,533.75,463.0,0.29878926277160645,0.5413810014724731,0.31257721464789434,0.49641338813180325,0.29971596464789435,0.4849688881318033,0.7524063797813306,0.28964880964433504,0.4762068131386814,0.790111741544532,0.0,0.5412484664612074,-0.24936818449988407,1.5826374016863032
2026-08-18T06:05:42.996+00:00,1787033142.996591,192955.0255868,6.667190700012725,258,192954.9149542,26.711399987107143,83.8246000057552,3,1,1,4,1,0.0,1,estabilizada,1,1,1,472.5,273.5,0.1833314597606659,0.8951238393783569,0.20368516211139148,0.830039896562845,0.1908239121113915,0.8185953965628451,-1.7757032963910044,0.19136266412373204,0.8182223576032063,-1.7758013527180267,0.0,0.5412484664612074,-0.24936818449988407,1.5826374016863032
2026-08-18T06:05:42.997+00:00,1787033142.9975922,192955.0255997,6.6672035999945365,258,192954.9149542,26.711399987107143,83.8246000057552,10,0,0,4,1,0.0,1,estabilizada,1,1,1,,,,,,,,,,,,,nan,0.5412484664612074,-0.24936818449988407,1.5826374016863032
2026-08-18T06:05:43.150+00:00,1787033143.1504846,192955.1785866,6.820190500002354,263,192955.0818763,17.225799994776025,79.45910000125878,1,0,0,4,1,0.0,1,estabilizada,1,1,1,,,,,,,,,,,,,nan,0.5412382671954713,-0.24936515621133792,1.5826453164901917
2026-08-18T06:05:43.150+00:00,1787033143.1504846,192955.1786292,6.82023310000659,263,192955.0818763,17.225799994776025,79.45910000125878,2,1,1,4,1,0.0,1,estabilizada,1,1,1,539.5,459.25,0.3073570430278778,0.5475881695747375,0.32065712356756826,0.5022679714397492,0.30779587356756827,0.49082347143974925,0.6787712730565175,0.29731206426615353,0.4824596013129888,0.7516972957111092,0.0,0.5412382671954713,-0.24936515621133792,1.5826453164901917
2026-08-18T06:05:43.150+00:00,1787033143.1504846,192955.1786408,6.820244700007606,263,192955.0818763,17.225799994776025,79.45910000125878,3,1,1,4,1,0.0,1,estabilizada,1,1,1,472.25,272.75,0.18282221257686615,0.8966408371925354,0.20320419240492477,0.8314711252351641,0.19034294240492478,0.8200266252351641,-1.7857007559408737,0.19136266412373204,0.8182223576032063,-1.7758013527180267,0.0,0.5412382671954713,-0.24936515621133792,1.5826453164901917
2026-08-18T06:05:43.150+00:00,1787033143.1504846,192955.1786509,6.820254799997201,263,192955.0818763,17.225799994776025,79.45910000125878,10,0,0,4,1,0.0,1,estabilizada,1,1,1,,,,,,,,,,,,,nan,0.5412382671954713,-0.24936515621133792,1.5826453164901917
2026-08-18T06:05:43.292+00:00,1787033143.2922542,192955.3206454,6.962249300006079,267,192955.2187302,21.612900018226355,80.27879998553544,1,0,0,4,1,0.0,1,estabilizada,1,1,1,,,,,,,,,,,,,nan,0.5412262080781106,-0.24936165087954115,1.5826536258424828
2026-08-18T06:05:43.292+00:00,1787033143.2922542,192955.3206873,6.962291200004984,267,192955.2187302,21.612900018226355,80.27879998553544,2,1,1,4,1,0.0,1,estabilizada,1,1,1,544.0,456.75,0.3141108453273773,0.5517130494117737,0.32702610506191665,0.5061587210047354,0.31416485506191666,0.4947142210047354,0.6264306493111338,0.3015757256672103,0.4858406470309996,0.7164063996205303,0.0,0.5412262080781106,-0.24936165087954115,1.5826536258424828
2026-08-18T06:05:43.292+00:00,1787033143.2922542,192955.3207165,6.962320399994496,267,192955.2187302,21.612900018226355,80.27879998553544,3,1,1,4,1,0.0,1,estabilizada,1,1,1,472.25,272.75,0.18282146751880646,0.8966388702392578,0.2032026969449019,0.8314698116299943,0.1903414469449019,0.8200253116299944,-1.7857012385584463,0.19136266412373204,0.8182223576032063,-1.7758013527180267,0.0,0.5412262080781106,-0.24936165087954115,1.5826536258424828
2026-08-18T06:05:43.292+00:00,1787033143.2922542,192955.320727,6.962330900016241,267,192955.2187302,21.612900018226355,80.27879998553544,10,0,0,4,1,0.0,1,estabilizada,1,1,1,,,,,,,,,,,,,nan,0.5412262080781106,-0.24936165087954115,1.5826536258424828
2026-08-18T06:05:43.449+00:00,1787033143.4493086,192955.4774105,7.119014399999287,272,192955.3817134,11.701399984303862,83.97020000847988,1,0,0,4,1,0.0,1,estabilizada,1,1,1,,,,,,,,,,,,,nan,0.5412166094782916,-0.24935878038263082,1.582662053153259
2026-08-18T06:05:43.449+00:00,1787033143.4493086,192955.4774543,7.11905820001266,272,192955.3817134,11.701399984303862,83.97020000847988,2,1,1,4,1,0.0,1,estabilizada,1,1,1,550.0,453.25,0.32313308119773865,0.5575180053710938,0.33553466592401954,0.5116339768931562,0.32267341592401955,0.5001894768931562,0.5789199985985437,0.31113331218384466,0.49232749840102286,0.6587197046651068,0.0,0.5412166094782916,-0.24935878038263082,1.582662053153259
2026-08-18T06:05:43.449+00:00,1787033143.4493086,192955.4774657,7.119069600012153,272,192955.3817134,11.701399984303862,83.97020000847988,3,1,1,4,1,0.0,1,estabilizada,1,1,1,472.0,273.0,0.1824384182691574,0.896138608455658,0.20284077589470872,0.8309985080848666,0.18997952589470873,0.8195540080848667,-1.7971883632729326,0.19136266412373204,0.8182223576032063,-1.7758013527180267,0.0,0.5412166094782916,-0.24935878038263082,1.582662053153259
2026-08-18T06:05:43.449+00:00,1787033143.4493086,192955.4774791,7.119082999997772,272,192955.3817134,11.701399984303862,83.97020000847988,10,0,0,4,1,0.0,1,estabilizada,1,1,1,,,,,,,,,,,,,nan,0.5412166094782916,-0.24935878038263082,1.582662053153259
2026-08-18T06:05:43.598+00:00,1787033143.598513,192955.6273681,7.268971999990754,276,192955.5152329,32.71809997386299,79.39370002713986,1,0,0,4,1,0.0,1,estabilizada,1,1,1,,,,,,,,,,,,,nan,0.5412143065882229,-0.24935614924761063,1.5826705981925286
2026-08-18T06:05:43.598+00:00,1787033143.598513,192955.6274116,7.269015500001842,276,192955.5152329,32.71809997386299,79.39370002713986,2,1,1,4,1,0.0,1,estabilizada,1,1,1,555.25,451.0,0.3310967981815338,0.5612090229988098,0.3430453209999893,0.5151154988090696,0.3301840709999893,0.5036709988090696,0.5337196520787713,0.31969818715938675,0.49763066136970824,0.6056333126035528,0.0,0.5412143065882229,-0.24935614924761063,1.5826705981925286
2026-08-18T06:05:43.598+00:00,1787033143.598513,192955.6274237,7.269027600006666,276,192955.5152329,32.71809997386299,79.39370002713986,3,1,1,4,1,0.0,1,estabilizada,1,1,1,472.25,273.0,0.1828506588935852,0.8961315155029297,0.2032293329710283,0.8309923198008764,0.1903680829710283,0.8195478198008764,-1.7971869985298348,0.19136266412373204,0.8182223576032063,-1.7758013527180267,0.0,0.5412143065882229,-0.24935614924761063,1.5826705981925286
2026-08-18T06:05:43.598+00:00,1787033143.598513,192955.6274364,7.269040300016059,276,192955.5152329,32.71809997386299,79.39370002713986,10,0,0,4,1,0.0,1,estabilizada,1,1,1,,,,,,,,,,,,,nan,0.5412143065882229,-0.24935614924761063,1.5826705981925286
2026-08-18T06:05:43.737+00:00,1787033143.7378187,192955.7658195,7.407423399999971,281,192955.6817243,6.396999990101904,77.67280002008192,1,0,0,4,1,0.0,1,estabilizada,1,1,1,,,,,,,,,,,,,nan,0.5412162610409043,-0.24935692316702085,1.5826760650481582
2026-08-18T06:05:43.737+00:00,1787033143.7378187,192955.7658622,7.407466100004967,281,192955.6817243,6.396999990101904,77.67280002008192,2,1,1,4,1,0.0,1,estabilizada,1,1,1,562.5,448.5,0.342155396938324,0.5652698874473572,0.35347513454280155,0.5189455545188352,0.34061388454280156,0.5075010545188352,0.504118164022927,0.3222739699645019,0.4990626671973224,0.5902925301342182,0.0,0.5412162610409043,-0.24935692316702085,1.5826760650481582
2026-08-18T06:05:43.737+00:00,1787033143.7378187,192955.7658735,7.4074774000037,281,192955.6817243,6.396999990101904,77.67280002008192,3,1,1,4,1,0.0,1,estabilizada,1,1,1,472.5,273.0,0.18326273560523987,0.8961248397827148,0.20361801739705082,0.8309862046935822,0.19075676739705083,0.8195417046935822,-1.7629433610495104,0.19136266412373204,0.8182223576032063,-1.7758013527180267,0.0,0.5412162610409043,-0.24935692316702085,1.5826760650481582
2026-08-18T06:05:43.737+00:00,1787033143.7378187,192955.7658835,7.407487399992533,281,192955.6817243,6.396999990101904,77.67280002008192,10,0,0,4,1,0.0,1,estabilizada,1,1,1,,,,,,,,,,,,,nan,0.5412162610409043,-0.24935692316702085,1.5826760650481582
2026-08-18T06:05:43.876+00:00,1787033143.8766575,192955.9052399,7.5468437999952585,285,192955.8160128,10.523500008275732,78.67930000065826,1,0,0,4,1,0.0,1,estabilizada,1,1,1,,,,,,,,,,,,,nan,0.54121771083968,-0.2493589980251879,1.582679284869153
2026-08-18T06:05:43.876+00:00,1787033143.8766575,192955.9052863,7.546890199999325,285,192955.8160128,10.523500008275732,78.67930000065826,2,1,1,4,1,0.0,1,estabilizada,1,1,1,566.75,446.5,0.3486272096633911,0.5685823559761047,0.3595789831980394,0.5220696338068735,0.3467177331980394,0.5106251338068736,0.4896243552655886,0.32853668951309994,0.5020485547769278,0.55799434449459,0.0,0.54121771083968,-0.2493589980251879,1.582679284869153
2026-08-18T06:05:43.876+00:00,1787033143.8766575,192955.9052989,7.546902800007956,285,192955.8160128,10.523500008275732,78.67930000065826,3,1,1,4,1,0.0,1,estabilizada,1,1,1,472.5,273.0,0.18326124548912048,0.8961241245269775,0.20361665304992255,0.8309855446420337,0.19075540304992256,0.8195410446420337,-1.7629419087628653,0.19136266412373204,0.8182223576032063,-1.7758013527180267,0.0,0.54121771083968,-0.2493589980251879,1.582679284869153
2026-08-18T06:05:43.876+00:00,1787033143.8766575,192955.9053089,7.5469127999967895,285,192955.8160128,10.523500008275732,78.67930000065826,10,0,0,4,1,0.0,1,estabilizada,1,1,1,,,,,,,,,,,,,nan,0.54121771083968,-0.2493589980251879,1.582679284869153
2026-08-18T06:05:44.042+00:00,1787033144.0422516,192956.0704421,7.712046000000555,289,192955.9485361,25.613499979954213,96.22200002195314,1,0,0,4,1,0.0,1,estabilizada,1,1,1,,,,,,,,,,,,,nan,0.5412215351361117,-0.24936390420973092,1.5826793791245364
2026-08-18T06:05:44.042+00:00,1787033144.0422516,192956.0705902,7.712194099993212,289,192955.9485361,25.613499979954213,96.22200002195314,2,1,1,4,1,0.0,1,estabilizada,1,1,1,571.5,444.5,0.3558867573738098,0.5718842148780823,0.3664259292481751,0.5251834543243001,0.3535646792481751,0.5137389543243002,0.39294070366734307,0.3371161755455398,0.5060636355130599,0.5186805787293124,0.0,0.5412215351361117,-0.24936390420973092,1.5826793791245364
2026-08-18T06:05:44.042+00:00,1787033144.0422516,192956.0706109,7.712214800005313,289,192955.9485361,25.613499979954213,96.22200002195314,3,1,1,4,1,0.0,1,estabilizada,1,1,1,472.25,273.0,0.18284611403942108,0.8961297869682312,0.20322534455453872,0.8309906099714071,0.19036409455453873,0.8195461099714071,-1.7971830663990471,0.19136266412373204,0.8182223576032063,-1.7758013527180267,0.0,0.5412215351361117,-0.24936390420973092,1.5826793791245364
2026-08-18T06:05:44.042+00:00,1787033144.0422516,192956.0706285,7.712232399993809,289,192955.9485361,25.613499979954213,96.22200002195314,10,0,0,4,1,0.0,1,estabilizada,1,1,1,,,,,,,,,,,,,nan,0.5412215351361117,-0.24936390420973092,1.5826793791245364
2026-08-18T06:05:44.200+00:00,1787033144.200507,192956.2288936,7.870497500000056,294,192956.1191619,25.673800002550706,84.03190001263283,1,0,0,4,1,0.0,1,estabilizada,1,1,1,,,,,,,,,,,,,nan,0.5412229204299228,-0.24936985664117944,1.5826786512885387
2026-08-18T06:05:44.200+00:00,1787033144.200507,192956.2289407,7.8705446000094526,294,192956.1191619,25.673800002550706,84.03190001263283,2,1,1,4,1,0.0,1,estabilizada,1,1,1,577.5,443.0,0.36511993408203125,0.5742765665054321,0.3751341392767539,0.5274394034320291,0.3622728892767539,0.5159949034320291,0.38571367578145105,0.3491477646202445,0.5107398810849189,0.4492785768636004,0.0,0.5412229204299228,-0.24936985664117944,1.5826786512885387
2026-08-18T06:05:44.200+00:00,1787033144.200507,192956.2289538,7.870557699992787,294,192956.1191619,25.673800002550706,84.03190001263283,3,1,1,4,1,0.0,1,estabilizada,1,1,1,472.25,273.0,0.18284529447555542,0.8961290717124939,0.20322465974318793,0.8309895669444882,0.19036340974318794,0.8195450669444883,-1.7971822669015172,0.19136266412373204,0.8182223576032063,-1.7758013527180267,0.0,0.5412229204299228,-0.24936985664117944,1.5826786512885387
2026-08-18T06:05:44.200+00:00,1787033144.200507,192956.2289666,7.870570500002941,294,192956.1191619,25.673800002550706,84.03190001263283,10,0,0,4,1,0.0,1,estabilizada,1,1,1,,,,,,,,,,,,,nan,0.5412229204299228,-0.24936985664117944,1.5826786512885387
2026-08-18T06:05:44.362+00:00,1787033144.3623986,192956.3908065,8.032410400017397,299,192956.2865845,10.022900009062141,94.17140000732616,1,0,0,4,1,0.0,1,estabilizada,1,1,1,,,,,,,,,,,,,nan,0.5412229470537011,-0.24938099822220822,1.5826737390613295
2026-08-18T06:05:44.362+00:00,1787033144.3623986,192956.3908506,8.03245450000395,299,192956.2865845,10.022900009062141,94.17140000732616,2,1,1,4,1,0.0,1,estabilizada,1,1,1,584.0,441.0,0.37512823939323425,0.5775275230407715,0.38457334694793965,0.5305047127944809,0.37171209694793966,0.5190602127944809,0.3435872872235833,0.35518637787610513,0.5127274510913026,0.4096654754928837,0.0,0.5412229470537011,-0.24938099822220822,1.5826737390613295
2026-08-18T06:05:44.362+00:00,1787033144.3623986,192956.3908629,8.032466800010297,299,192956.2865845,10.022900009062141,94.17140000732616,3,1,1,4,1,0.0,1,estabilizada,1,1,1,472.25,273.0,0.18284457921981812,0.8961281776428223,0.20322404992752008,0.8309878879650532,0.1903627999275201,0.8195433879650532,-1.7971811607076325,0.19136266412373204,0.8182223576032063,-1.7758013527180267,0.0,0.5412229470537011,-0.24938099822220822,1.5826737390613295
2026-08-18T06:05:44.362+00:00,1787033144.3629022,192956.3908932,8.032497100008186,299,192956.2865845,10.022900009062141,94.17140000732616,10,0,0,4,1,0.0,1,estabilizada,1,1,1,,,,,,,,,,,,,nan,0.5412229470537011,-0.24938099822220822,1.5826737390613295
2026-08-18T06:05:44.528+00:00,1787033144.5286744,192956.5569267,8.198530599998776,304,192956.4480364,14.573499996913597,94.29259999888018,1,0,0,4,1,0.0,1,estabilizada,1,1,1,,,,,,,,,,,,,nan,0.5412179512461359,-0.2493903191602584,1.5826703607143546
2026-08-18T06:05:44.528+00:00,1787033144.5286744,192956.5569698,8.198573700006818,304,192956.4480364,14.573499996913597,94.29259999888018,2,1,1,4,1,0.0,1,estabilizada,1,1,1,591.75,439.5,0.38711830973625183,0.5798665881156921,0.39588132702661777,0.5327101343730765,0.3830200770266178,0.5212656343730765,0.2805586622113426,0.3677819460977197,0.5169744689662762,0.36678713249752826,0.0,0.5412179512461359,-0.2493903191602584,1.5826703607143546
2026-08-18T06:05:44.528+00:00,1787033144.5286744,192956.5569829,8.198586799990153,304,192956.4480364,14.573499996913597,94.29259999888018,3,1,1,4,1,0.0,1,estabilizada,1,1,1,472.25,272.75,0.1828128546476364,0.8966312408447266,0.2031938888127709,0.8314616749258359,0.1903326388127709,0.8200171749258359,-1.7856929234270245,0.19136266412373204,0.8182223576032063,-1.7758013527180267,0.0,0.5412179512461359,-0.2493903191602584,1.5826703607143546
2026-08-18T06:05:44.528+00:00,1787033144.5286744,192956.5569995,8.198603400000138,304,192956.4480364,14.573499996913597,94.29259999888018,10,0,0,4,1,0.0,1,estabilizada,1,1,1,,,,,,,,,,,,,nan,0.5412179512461359,-0.2493903191602584,1.5826703607143546
2026-08-18T06:05:44.694+00:00,1787033144.6942673,192956.7230328,8.364636699989205,309,192956.6160915,4.476600006455556,102.43899998022243,1,0,0,4,1,0.0,1,estabilizada,1,1,1,,,,,,,,,,,,,nan,0.5412124482531828,-0.2494002287103555,1.5826659817147788
2026-08-18T06:05:44.694+00:00,1787033144.6942673,192956.7230765,8.364680400001816,309,192956.6160915,4.476600006455556,102.43899998022243,2,1,1,4,1,0.0,1,estabilizada,1,1,1,596.75,438.5,0.3948655426502228,0.5814334750175476,0.40318771653684143,0.5341872245772024,0.39032646653684144,0.5227427245772024,0.27198205843131695,0.3782985458866246,0.5197820088731978,0.32606425408088824,0.0,0.5412124482531828,-0.2494002287103555,1.5826659817147788
2026-08-18T06:05:44.694+00:00,1787033144.6942673,192956.7230893,8.36469320001197,309,192956.6160915,4.476600006455556,102.43899998022243,3,1,1,4,1,0.0,1,estabilizada,1,1,1,472.25,272.75,0.18281275033950806,0.8966299295425415,0.20319353389390166,0.8314596943606315,0.19033228389390167,0.8200151943606315,-1.7856925203083782,0.19136266412373204,0.8182223576032063,-1.7758013527180267,0.0,0.5412124482531828,-0.2494002287103555,1.5826659817147788
2026-08-18T06:05:44.694+00:00,1787033144.6942673,192956.7231012,8.364705100015271,309,192956.6160915,4.476600006455556,102.43899998022243,10,0,0,4,1,0.0,1,estabilizada,1,1,1,,,,,,,,,,,,,nan,0.5412124482531828,-0.2494002287103555,1.5826659817147788
2026-08-18T06:05:44.855+00:00,1787033144.8553612,192956.8841963,8.525800200004596,313,192956.7498333,36.55689998413436,97.78080001706257,1,0,0,4,1,0.0,1,estabilizada,1,1,1,,,,,,,,,,,,,nan,0.5412078417324613,-0.24941278855051702,1.582659772667094
2026-08-18T06:05:44.855+00:00,1787033144.8553612,192956.884244,8.525847899989458,313,192956.7498333,36.55689998413436,97.78080001706257,2,1,1,4,1,0.0,1,estabilizada,1,1,1,602.0,437.25,0.4030064344406128,0.5834314227104187,0.41086543665389685,0.5360706567972442,0.39800418665389686,0.5246261567972442,0.28038400772662603,0.38703032411380517,0.5216596522084997,0.3042828518398638,0.0,0.5412078417324613,-0.24941278855051702,1.582659772667094
2026-08-18T06:05:44.855+00:00,1787033144.8553612,192956.8842561,8.525859999994282,313,192956.7498333,36.55689998413436,97.78080001706257,3,1,1,4,1,0.0,1,estabilizada,1,1,1,472.25,273.0,0.18284428119659424,0.8961241841316223,0.20322308970947878,0.8309817389125518,0.1903618397094788,0.8195372389125518,-1.7971793757124679,0.19136266412373204,0.8182223576032063,-1.7758013527180267,0.0,0.5412078417324613,-0.24941278855051702,1.582659772667094
2026-08-18T06:05:44.855+00:00,1787033144.8553612,192956.8842678,8.52587169999606,313,192956.7498333,36.55689998413436,97.78080001706257,10,0,0,4,1,0.0,1,estabilizada,1,1,1,,,,,,,,,,,,,nan,0.5412078417324613,-0.24941278855051702,1.582659772667094
2026-08-18T06:05:45.017+00:00,1787033145.0176709,192957.0461038,8.687707700009923,318,192956.9156797,31.542599987005815,98.85550002218224,1,0,0,4,1,0.0,1,estabilizada,1,1,1,,,,,,,,,,,,,nan,0.5412043720079075,-0.2494272677441626,1.5826516967645463
2026-08-18T06:05:45.017+00:00,1787033145.0176709,192957.0461527,8.687756600003922,318,192956.9156797,31.542599987005815,98.85550002218224,2,1,1,4,1,0.0,1,estabilizada,1,1,1,608.5,436.0,0.4131086468696594,0.5853879451751709,0.4203930135348016,0.5379148534542716,0.4075317635348016,0.5264703534542716,0.20227832864518075,0.3914360826504023,0.5227008359055717,0.284421223907218,0.0,0.5412043720079075,-0.2494272677441626,1.5826516967645463
2026-08-18T06:05:45.017+00:00,1787033145.0176709,192957.046168,8.687771900004009,318,192956.9156797,31.542599987005815,98.85550002218224,3,1,1,4,1,0.0,1,estabilizada,1,1,1,472.0,273.0,0.18243072926998138,0.8961286544799805,0.2028329617462893,0.8309847992584286,0.1899717117462893,0.8195402992584286,-1.7971788829620647,0.19136266412373204,0.8182223576032063,-1.7758013527180267,0.0,0.5412043720079075,-0.2494272677441626,1.5826516967645463
2026-08-18T06:05:45.017+00:00,1787033145.0176709,192957.046181,8.687784900015686,318,192956.9156797,31.542599987005815,98.85550002218224,10,0,0,4,1,0.0,1,estabilizada,1,1,1,,,,,,,,,,,,,nan,0.5412043720079075,-0.2494272677441626,1.5826516967645463
2026-08-18T06:05:45.178+00:00,1787033145.1786659,192957.2074957,8.849099599989131,323,192957.0902118,26.29409998189658,90.91739999712445,1,0,0,4,1,0.0,1,estabilizada,1,1,1,,,,,,,,,,,,,nan,0.541202220711237,-0.24943836104508624,1.582646380192765
2026-08-18T06:05:45.178+00:00,1787033145.1786659,192957.2075592,8.84916310000699,323,192957.0902118,26.29409998189658,90.91739999712445,2,1,1,4,1,0.0,1,estabilizada,1,1,1,614.5,435.5,0.42245808243751526,0.5860481858253479,0.42921067896089865,0.5385367580298472,0.41634942896089866,0.5270922580298473,0.24038216708348045,0.39850592285512404,0.5243343842154857,0.26514717297045354,0.0,0.541202220711237,-0.24943836104508624,1.582646380192765
2026-08-18T06:05:45.178+00:00,1787033145.1786659,192957.2075813,8.849185200000647,323,192957.0902118,26.29409998189658,90.91739999712445,3,1,1,4,1,0.0,1,estabilizada,1,1,1,472.25,273.0,0.1828443557024002,0.896121084690094,0.2032230127760461,0.8309768102605727,0.1903617627760461,0.8195323102605727,-1.7971780835209978,0.19136266412373204,0.8182223576032063,-1.7758013527180267,0.0,0.541202220711237,-0.24943836104508624,1.582646380192765
2026-08-18T06:05:45.178+00:00,1787033145.1786659,192957.2075937,8.849197600007756,323,192957.0902118,26.29409998189658,90.91739999712445,10,0,0,4,1,0.0,1,estabilizada,1,1,1,,,,,,,,,,,,,nan,0.541202220711237,-0.24943836104508624,1.582646380192765
2026-08-18T06:05:45.321+00:00,1787033145.3211849,192957.3494006,8.991004500014242,328,192957.2513015,19.125000020721927,78.94919998943806,1,0,0,4,1,0.0,1,estabilizada,1,1,1,,,,,,,,,,,,,nan,0.5411991096558831,-0.24944845658438808,1.5826418617854958
2026-08-18T06:05:45.321+00:00,1787033145.3211849,192957.3494443,8.99104819999775,328,192957.2513015,19.125000020721927,78.94919998943806,2,1,1,4,1,0.0,1,estabilizada,1,1,1,620.25,434.5,0.4314207434654236,0.5875964760780334,0.4376635032430494,0.5399962920069334,0.42480225324304943,0.5285517920069335,0.17080003101744182,0.4063815230443184,0.5255516288200723,0.24208102089637282,0.0,0.5411991096558831,-0.24944845658438808,1.5826418617854958
2026-08-18T06:05:45.321+00:00,1787033145.3211849,192957.3494576,8.99106150001171,328,192957.2513015,19.125000020721927,78.94919998943806,3,1,1,4,1,0.0,1,estabilizada,1,1,1,472.0,273.0,0.18243058025836945,0.896125316619873,0.20283264873983148,0.8309800414455725,0.1899713987398315,0.8195355414455725,-1.797177873348946,0.19136266412373204,0.8182223576032063,-1.7758013527180267,0.0,0.5411991096558831,-0.24944845658438808,1.5826418617854958
2026-08-18T06:05:45.321+00:00,1787033145.3211849,192957.3494675,8.991071399999782,328,192957.2513015,19.125000020721927,78.94919998943806,10,0,0,4,1,0.0,1,estabilizada,1,1,1,,,,,,,,,,,,,nan,0.5411991096558831,-0.24944845658438808,1.5826418617854958
2026-08-18T06:05:45.468+00:00,1787033145.4694045,192957.4973362,9.13894010000513,332,192957.3831441,31.68260000529699,82.48529999400489,1,0,0,4,1,0.0,1,estabilizada,1,1,1,,,,,,,,,,,,,nan,0.541195973564435,-0.24945990541202143,1.582636089177773
2026-08-18T06:05:45.469+00:00,1787033145.4694045,192957.4973797,9.138983600016218,332,192957.3831441,31.68260000529699,82.48529999400489,2,1,1,4,1,0.0,1,estabilizada,1,1,1,625.5,434.5,0.4396213889122009,0.5874063372612,0.44539764580487073,0.5398161411601368,0.43253639580487074,0.5283716411601368,0.20190167948450063,0.4226611154104412,0.5275788764256782,0.19252080474889838,0.0,0.541195973564435,-0.24945990541202143,1.582636089177773
2026-08-18T06:05:45.469+00:00,1787033145.4694045,192957.4973915,9.138995399989653,332,192957.3831441,31.68260000529699,82.48529999400489,3,1,1,4,1,0.0,1,estabilizada,1,1,1,472.25,273.0,0.1828443855047226,0.8961178064346313,0.20322281813741316,0.8309720696659448,0.19036156813741317,0.8195275696659449,-1.797177356485198,0.19136266412373204,0.8182223576032063,-1.7758013527180267,0.0,0.541195973564435,-0.24945990541202143,1.582636089177773
2026-08-18T06:05:45.469+00:00,1787033145.4694045,192957.4974011,9.139005000004545,332,192957.3831441,31.68260000529699,82.48529999400489,10,0,0,4,1,0.0,1,estabilizada,1,1,1,,,,,,,,,,,,,nan,0.541195973564435,-0.24945990541202143,1.582636089177773
2026-08-18T06:05:45.619+00:00,1787033145.6195679,192957.6483775,9.289981400012039,337,192957.5503012,6.302499998128042,91.74760000314564,1,0,0,4,1,0.0,1,estabilizada,1,1,1,,,,,,,,,,,,,nan,0.5411891546728571,-0.24946742251170703,1.5826329111626176
2026-08-18T06:05:45.619+00:00,1787033145.6195679,192957.6484214,9.290025299997069,337,192957.5503012,6.302499998128042,91.74760000314564,2,1,1,4,1,0.0,1,estabilizada,1,1,1,631.75,433.75,0.44938698410987854,0.5884991884231567,0.45460752217173306,0.5408463218283784,0.44174627217173307,0.5294018218283785,0.13896080887267406,0.42687766950499906,0.5280553066387875,0.18417199575998783,0.0,0.5411891546728571,-0.24946742251170703,1.5826329111626176
2026-08-18T06:05:45.619+00:00,1787033145.6195679,192957.6484348,9.290038700011792,337,192957.5503012,6.302499998128042,91.74760000314564,3,1,1,4,1,0.0,1,estabilizada,1,1,1,472.0,273.0,0.18243099749088287,0.8961217999458313,0.2028325915172945,0.8309752777839499,0.1899713415172945,0.8195307777839499,-1.7971774530112983,0.19136266412373204,0.8182223576032063,-1.7758013527180267,0.0,0.5411891546728571,-0.24946742251170703,1.5826329111626176
2026-08-18T06:05:45.619+00:00,1787033145.6195679,192957.6484453,9.290049200004432,337,192957.5503012,6.302499998128042,91.74760000314564,10,0,0,4,1,0.0,1,estabilizada,1,1,1,,,,,,,,,,,,,nan,0.5411891546728571,-0.24946742251170703,1.5826329111626176
2026-08-18T06:05:45.757+00:00,1787033145.7574317,192957.7862293,9.427833199995803,340,192957.6547825,53.40780000551604,78.01529997959733,1,0,0,4,1,0.0,1,estabilizada,1,1,1,,,,,,,,,,,,,nan,0.541182041180054,-0.2494755832286927,1.5826287733299231
2026-08-18T06:05:45.757+00:00,1787033145.7574317,192957.7862728,9.427876700006891,340,192957.6547825,53.40780000551604,78.01529997959733,2,1,1,4,1,0.0,1,estabilizada,1,1,1,635.0,433.25,0.4544696807861328,0.5892599821090698,0.45940078817339,0.5415632624787472,0.44653953817339,0.5301187624787472,0.1035274981373372,0.4330845715703393,0.5285164977173801,0.17368143660240587,0.0,0.541182041180054,-0.2494755832286927,1.5826287733299231
2026-08-18T06:05:45.757+00:00,1787033145.7574317,192957.7862848,9.427888700010953,340,192957.6547825,53.40780000551604,78.01529997959733,3,1,1,4,1,0.0,1,estabilizada,1,1,1,472.25,272.75,0.18281370401382446,0.8966185450553894,0.20319318332601882,0.8314431398790142,0.19033193332601883,0.8199986398790142,-1.7856910623796831,0.19136266412373204,0.8182223576032063,-1.7758013527180267,0.0,0.541182041180054,-0.2494755832286927,1.5826287733299231
2026-08-18T06:05:45.757+00:00,1787033145.7574317,192957.7862973,9.42790119998972,340,192957.6547825,53.40780000551604,78.01529997959733,10,0,0,4,1,0.0,1,estabilizada,1,1,1,,,,,,,,,,,,,nan,0.541182041180054,-0.2494755832286927,1.5826287733299231
2026-08-18T06:05:45.904+00:00,1787033145.9046352,192957.9330201,9.574624000000767,345,192957.8185409,29.188599990447983,85.26510000228882,1,0,0,4,1,0.0,1,estabilizada,1,1,1,,,,,,,,,,,,,nan,0.5411735135527338,-0.24948245363069224,1.582624594882994
2026-08-18T06:05:45.904+00:00,1787033145.9046352,192957.9330649,9.57466879999265,345,192957.8185409,29.188599990447983,85.26510000228882,2,1,1,4,1,0.0,1,estabilizada,1,1,1,641.5,433.25,0.4646424651145935,0.5890257954597473,0.46899459914669595,0.541341876820963,0.45613334914669595,0.529897376820963,0.07781682119173089,0.43634556822004433,0.5287310682209749,0.16004064972866633,0.0,0.5411735135527338,-0.24948245363069224,1.582624594882994
2026-08-18T06:05:45.904+00:00,1787033145.9046352,192957.9330777,9.574681600002805,345,192957.8185409,29.188599990447983,85.26510000228882,3,1,1,4,1,0.0,1,estabilizada,1,1,1,472.0,272.75,0.18240045011043549,0.8966227173805237,0.2028029990245664,0.8314465121550291,0.1899417490245664,0.8200020121550291,-1.7856912122905848,0.19136266412373204,0.8182223576032063,-1.7758013527180267,0.0,0.5411735135527338,-0.24948245363069224,1.582624594882994
2026-08-18T06:05:45.904+00:00,1787033145.9046352,192957.9330881,9.574691999994684,345,192957.8185409,29.188599990447983,85.26510000228882,10,0,0,4,1,0.0,1,estabilizada,1,1,1,,,,,,,,,,,,,nan,0.5411735135527338,-0.24948245363069224,1.582624594882994
2026-08-18T06:05:46.068+00:00,1787033146.0686886,192958.0972845,9.73888839999563,350,192957.981743,21.431000001030043,94.01199998683296,1,0,0,4,1,0.0,1,estabilizada,1,1,1,,,,,,,,,,,,,nan,0.5411637765375138,-0.24949065786735197,1.5826188041230298
2026-08-18T06:05:46.068+00:00,1787033146.0686886,192958.0974852,9.73908910001046,350,192957.981743,21.431000001030043,94.01199998683296,2,1,1,4,1,0.0,1,estabilizada,1,1,1,648.0,433.0,0.47482335567474365,0.5892317295074463,0.4785959873799241,0.5415354588280641,0.4657347373799241,0.5300909588280641,0.14839293632392642,0.44970146087900403,0.5293166255782301,0.13724969708573717,0.0,0.5411637765375138,-0.24949065786735197,1.5826188041230298
2026-08-18T06:05:46.068+00:00,1787033146.0686886,192958.0975023,9.739106199995149,350,192957.981743,21.431000001030043,94.01199998683296,3,1,1,4,1,0.0,1,estabilizada,1,1,1,472.0,272.75,0.18240132927894592,0.8966209292411804,0.2028033491267785,0.8314441206685526,0.1899420991267785,0.8199996206685526,-1.7856916574375221,0.19136266412373204,0.8182223576032063,-1.7758013527180267,0.0,0.5411637765375138,-0.24949065786735197,1.5826188041230298
2026-08-18T06:05:46.068+00:00,1787033146.0686886,192958.0975154,9.739119300007587,350,192957.981743,21.431000001030043,94.01199998683296,10,0,0,4,1,0.0,1,estabilizada,1,1,1,,,,,,,,,,,,,nan,0.5411637765375138,-0.24949065786735197,1.5826188041230298
2026-08-18T06:05:46.211+00:00,1787033146.2114303,192958.2399331,9.881537000008393,355,192958.1531346,8.062600012635812,78.71219998924062,1,0,0,4,1,0.0,1,estabilizada,1,1,1,,,,,,,,,,,,,nan,0.5411515094096734,-0.24950292235794022,1.5826101618053168
2026-08-18T06:05:46.211+00:00,1787033146.2114303,192958.2399768,9.8815806999919,355,192958.1531346,8.062600012635812,78.71219998924062,2,1,1,4,1,0.0,1,estabilizada,1,1,1,655.5,431.5,0.48659607768058777,0.5916057825088501,0.489698540292111,0.5437735460775746,0.476837290292111,0.5323290460775746,0.1434482367846548,0.4568931923902048,0.5296142986619479,0.13724969708573717,0.0,0.5411515094096734,-0.24950292235794022,1.5826101618053168
2026-08-18T06:05:46.211+00:00,1787033146.2114303,192958.2399898,9.881593700003577,355,192958.1531346,8.062600012635812,78.71219998924062,3,1,1,4,1,0.0,1,estabilizada,1,1,1,472.25,272.75,0.18281619250774384,0.8966130018234253,0.20319403368398475,0.831435590692274,0.19033278368398476,0.819991090692274,-1.7856918073439547,0.19136266412373204,0.8182223576032063,-1.7758013527180267,0.0,0.5411515094096734,-0.24950292235794022,1.5826101618053168
2026-08-18T06:05:46.211+00:00,1787033146.2114303,192958.2400005,9.881604399997741,355,192958.1531346,8.062600012635812,78.71219998924062,10,0,0,4,1,0.0,1,estabilizada,1,1,1,,,,,,,,,,,,,nan,0.5411515094096734,-0.24950292235794022,1.5826101618053168
2026-08-18T06:05:46.364+00:00,1787033146.36494,192958.3930757,10.03467960000853,359,192958.282209,31.932600017171353,78.88969997293316,1,0,0,4,1,0.0,1,estabilizada,1,1,1,,,,,,,,,,,,,nan,0.5411401110832151,-0.2495128967894627,1.582603878432474
2026-08-18T06:05:46.364+00:00,1787033146.36494,192958.393157,10.034760900016408,359,192958.282209,31.932600017171353,78.88969997293316,2,1,1,4,1,0.0,1,estabilizada,1,1,1,660.75,431.75,0.4948292076587677,0.590974748134613,0.4974628302379873,0.5431776404224229,0.48460158023798733,0.5317331404224229,0.14335964454264918,0.47410573484724927,0.5311584447388505,0.13724969708573717,0.0,0.5411401110832151,-0.2495128967894627,1.582603878432474
2026-08-18T06:05:46.364+00:00,1787033146.36494,192958.3931692,10.03477309999289,359,192958.282209,31.932600017171353,78.88969997293316,3,1,1,4,1,0.0,1,estabilizada,1,1,1,472.5,273.5,0.183324933052063,0.8950918912887573,0.20367327571801191,0.8300001571341102,0.19081202571801192,0.8185556571341103,-1.7348626503462674,0.19136266412373204,0.8182223576032063,-1.7758013527180267,0.0,0.5411401110832151,-0.2495128967894627,1.582603878432474
2026-08-18T06:05:46.364+00:00,1787033146.36494,192958.3931796,10.034783500013873,359,192958.282209,31.932600017171353,78.88969997293316,10,0,0,4,1,0.0,1,estabilizada,1,1,1,,,,,,,,,,,,,nan,0.5411401110832151,-0.2495128967894627,1.582603878432474
2026-08-18T06:05:46.509+00:00,1787033146.5090861,192958.5370062,10.178610100003425,364,192958.4478387,8.613799989689142,80.5273000150919,1,0,0,4,1,0.0,1,estabilizada,1,1,1,,,,,,,,,,,,,nan,0.5411283642725466,-0.24952226400608402,1.5825974049278229
2026-08-18T06:05:46.509+00:00,1787033146.5090861,192958.5370788,10.178682700003264,364,192958.4478387,8.613799989689142,80.5273000150919,2,1,1,4,1,0.0,1,estabilizada,1,1,1,666.5928955078125,430.6015625,0.5040236115455627,0.5927910208702087,0.5061337045705041,0.544889896173038,0.4932724545705041,0.533445396173038,0.18872762625227305,0.47650782901625943,0.5313850781387102,0.13724969708573717,0.0,0.5411283642725466,-0.24952226400608402,1.5825974049278229
2026-08-18T06:05:46.509+00:00,1787033146.5090861,192958.5370924,10.178696299990406,364,192958.4478387,8.613799989689142,80.5273000150919,3,1,1,4,1,0.0,1,estabilizada,1,1,1,472.5,273.5,0.18332554399967194,0.8950898051261902,0.20367326713146072,0.829997390655434,0.19081201713146073,0.818552890655434,-1.7435711298865528,0.19136266412373204,0.8182223576032063,-1.7758013527180267,0.0,0.5411283642725466,-0.24952226400608402,1.5825974049278229
2026-08-18T06:05:46.509+00:00,1787033146.5090861,192958.5371051,10.178708999999799,364,192958.4478387,8.613799989689142,80.5273000150919,10,0,0,4,1,0.0,1,estabilizada,1,1,1,,,,,,,,,,,,,nan,0.5411283642725466,-0.24952226400608402,1.5825974049278229
2026-08-18T06:05:46.644+00:00,1787033146.6449015,192958.6732379,10.314841799990973,368,192958.5861788,10.485799983143806,76.54900001944043,1,0,0,4,1,0.0,1,estabilizada,1,1,1,,,,,,,,,,,,,nan,0.5411163007976707,-0.2495310718010348,1.5825907733859776
2026-08-18T06:05:46.644+00:00,1787033146.6449015,192958.6732817,10.314885600004345,368,192958.5861788,10.485799983143806,76.54900001944043,2,1,1,4,1,0.0,1,estabilizada,1,1,1,673.25,429.25,0.5145171880722046,0.5949406623840332,0.5160298470523718,0.5469165885964375,0.5031685970523718,0.5354720885964376,0.15364399533480488,0.48208370673001444,0.5320248819471042,0.13724969708573717,0.0,0.5411163007976707,-0.2495310718010348,1.5825907733859776
2026-08-18T06:05:46.644+00:00,1787033146.6449015,192958.6732936,10.314897500007646,368,192958.5861788,10.485799983143806,76.54900001944043,3,1,1,4,1,0.0,1,estabilizada,1,1,1,472.25,272.75,0.18281804025173187,0.8966067433357239,0.20319402372858603,0.8314272888001637,0.19033277372858604,0.8199827888001637,-1.7856919618226783,0.19136266412373204,0.8182223576032063,-1.7758013527180267,0.0,0.5411163007976707,-0.2495310718010348,1.5825907733859776
2026-08-18T06:05:46.644+00:00,1787033146.6449015,192958.6733037,10.314907599997241,368,192958.5861788,10.485799983143806,76.54900001944043,10,0,0,4,1,0.0,1,estabilizada,1,1,1,,,,,,,,,,,,,nan,0.5411163007976707,-0.2495310718010348,1.5825907733859776
2026-08-18T06:05:46.788+00:00,1787033146.7885907,192958.8172981,10.45890200001304,372,192958.7150098,22.23309999681078,80.0013999978546,1,0,0,4,1,0.0,1,estabilizada,1,1,1,,,,,,,,,,,,,nan,0.541107489446143,-0.2495399603507754,1.5825854190025013
2026-08-18T06:05:46.788+00:00,1787033146.7885907,192958.8173932,10.458997100009583,372,192958.7150098,22.23309999681078,80.0013999978546,2,1,1,4,1,0.0,1,estabilizada,1,1,1,679.75,428.75,0.5247567296028137,0.5955920219421387,0.5256865804457636,0.547530238045315,0.5128253304457635,0.536085738045315,0.23895227447839712,0.49716372596762937,0.5341609047702024,0.16969957138964675,0.0,0.541107489446143,-0.2495399603507754,1.5825854190025013
2026-08-18T06:05:46.788+00:00,1787033146.7885907,192958.8174134,10.459017299988773,372,192958.7150098,22.23309999681078,80.0013999978546,3,1,1,4,1,0.0,1,estabilizada,1,1,1,472.5,273.75,0.18335819244384766,0.8945820927619934,0.20370302586870037,0.8295170520104794,0.19084177586870038,0.8180725520104795,-1.7863185103811328,0.19136266412373204,0.8182223576032063,-1.7758013527180267,0.0,0.541107489446143,-0.2495399603507754,1.5825854190025013
2026-08-18T06:05:46.788+00:00,1787033146.7885907,192958.8174306,10.459034500003327,372,192958.7150098,22.23309999681078,80.0013999978546,10,0,0,4,1,0.0,1,estabilizada,1,1,1,,,,,,,,,,,,,nan,0.541107489446143,-0.2495399603507754,1.5825854190025013
2026-08-18T06:05:46.933+00:00,1787033146.9339209,192958.9626879,10.604291800002102,376,192958.8487063,29.330999997910112,84.62580002378672,1,0,0,4,1,0.0,1,estabilizada,1,1,1,,,,,,,,,,,,,nan,0.5410945311084432,-0.24954796235543888,1.5825813662476291
2026-08-18T06:05:46.933+00:00,1787033146.9339209,192958.962732,10.604335900017759,376,192958.8487063,29.330999997910112,84.62580002378672,2,1,1,4,1,0.0,1,estabilizada,1,1,1,685.75,427.5,0.5342439413070679,0.597589910030365,0.5346335282788807,0.5494139298622827,0.5217722782788807,0.5379694298622827,0.23908035162502372,0.5037108726404462,0.5352686695640622,0.19645606202285568,0.0,0.5410945311084432,-0.24954796235543888,1.5825813662476291
2026-08-18T06:05:46.933+00:00,1787033146.9339209,192958.9627453,10.604349200002616,376,192958.8487063,29.330999997910112,84.62580002378672,3,1,1,4,1,0.0,1,estabilizada,1,1,1,472.0,273.0,0.1824362725019455,0.8961041569709778,0.20283284986789818,0.830951936087793,0.1899715998678982,0.8195074360877931,-1.7971788867999727,0.19136266412373204,0.8182223576032063,-1.7758013527180267,0.0,0.5410945311084432,-0.24954796235543888,1.5825813662476291
2026-08-18T06:05:46.933+00:00,1787033146.9339209,192958.9627577,10.604361600009724,376,192958.8487063,29.330999997910112,84.62580002378672,10,0,0,4,1,0.0,1,estabilizada,1,1,1,,,,,,,,,,,,,nan,0.5410945311084432,-0.24954796235543888,1.5825813662476291
2026-08-18T06:05:47.080+00:00,1787033147.0802417,192959.109088,10.750691900000675,381,192959.0172788,10.24679999682121,81.52470001368783,1,0,0,4,1,0.0,1,estabilizada,1,1,1,,,,,,,,,,,,,nan,0.5410763306069849,-0.24955419480616828,1.5825793972973243
2026-08-18T06:05:47.081+00:00,1787033147.0812385,192959.1091609,10.750764800002798,381,192959.0172788,10.24679999682121,81.52470001368783,2,1,1,4,1,0.0,1,estabilizada,1,1,1,693.5,424.75,0.5465654730796814,0.6021925806999207,0.5462533100227212,0.553754436031501,0.5333920600227211,0.542309936031501,0.3189831370410192,0.5116105850412058,0.5363798304740881,0.22456009279976435,0.0,0.5410763306069849,-0.24955419480616828,1.5825793972973243
2026-08-18T06:05:47.081+00:00,1787033147.0812385,192959.109181,10.75078490001033,381,192959.0172788,10.24679999682121,81.52470001368783,3,1,1,4,1,0.0,1,estabilizada,1,1,1,472.25,273.0,0.18285010755062103,0.8960959911346436,0.20322214078328654,0.830943799143039,0.19036089078328655,0.819499299143039,-1.797178724893454,0.19136266412373204,0.8182223576032063,-1.7758013527180267,0.0,0.5410763306069849,-0.24955419480616828,1.5825793972973243
2026-08-18T06:05:47.081+00:00,1787033147.0812385,192959.1091928,10.75079670001287,381,192959.0172788,10.24679999682121,81.52470001368783,10,0,0,4,1,0.0,1,estabilizada,1,1,1,,,,,,,,,,,,,nan,0.5410763306069849,-0.24955419480616828,1.5825793972973243
2026-08-18T06:05:47.226+00:00,1787033147.2262478,192959.2547943,10.89639820001321,385,192959.1487193,26.32050000829622,79.70269999350421,1,0,0,4,1,0.0,1,estabilizada,1,1,1,,,,,,,,,,,,,nan,0.5410600816079634,-0.24956022898402783,1.5825774125101004
2026-08-18T06:05:47.226+00:00,1787033147.2262478,192959.2549201,10.896524000010686,385,192959.1487193,26.32050000829622,79.70269999350421,2,1,1,4,1,0.0,1,estabilizada,1,1,1,699.0,422.75,0.555334746837616,0.6055527925491333,0.5545229572464635,0.5569231512250357,0.5416617072464636,0.5454786512250357,0.4101589513877765,0.5270764634647837,0.5406540117226324,0.28557726710212344,0.0,0.5410600816079634,-0.24956022898402783,1.5825774125101004
2026-08-18T06:05:47.226+00:00,1787033147.2262478,192959.2549477,10.89655160001712,385,192959.1487193,26.32050000829622,79.70269999350421,3,1,1,4,1,0.0,1,estabilizada,1,1,1,472.25,273.75,0.1829444169998169,0.8945810198783875,0.20331018840534526,0.8295145583052411,0.19044893840534527,0.8180700583052412,-1.8188409919890605,0.19136266412373204,0.8182223576032063,-1.7758013527180267,0.0,0.5410600816079634,-0.24956022898402783,1.5825774125101004
2026-08-18T06:05:47.226+00:00,1787033147.2262478,192959.2549646,10.896568500000285,385,192959.1487193,26.32050000829622,79.70269999350421,10,0,0,4,1,0.0,1,estabilizada,1,1,1,,,,,,,,,,,,,nan,0.5410600816079634,-0.24956022898402783,1.5825774125101004
2026-08-18T06:05:47.362+00:00,1787033147.3625386,192959.3911269,11.03273080001236,389,192959.2821684,32.9626000020653,75.97149998764507,1,0,0,4,1,0.0,1,estabilizada,1,1,1,,,,,,,,,,,,,nan,0.5410440756632549,-0.24956596230383632,1.5825748604226912
2026-08-18T06:05:47.362+00:00,1787033147.3625386,192959.3911687,11.032772600010503,389,192959.2821684,32.9626000020653,75.97149998764507,2,1,1,4,1,0.0,1,estabilizada,1,1,1,704.0,421.25,0.5633090138435364,0.6080465912818909,0.5620428213326241,0.5592747247794115,0.549181571332624,0.5478302247794116,0.4100668124248574,0.5334976042926194,0.5427165652871843,0.32623674156172455,0.0,0.5410440756632549,-0.24956596230383632,1.5825748604226912
2026-08-18T06:05:47.362+00:00,1787033147.3625386,192959.3911814,11.032785299990792,389,192959.2821684,32.9626000020653,75.97149998764507,3,1,1,4,1,0.0,1,estabilizada,1,1,1,472.75,273.75,0.18377169966697693,0.89456707239151,0.2040895466414176,0.8295009730253932,0.1912282966414176,0.8180564730253932,-1.7863182849485884,0.19136266412373204,0.8182223576032063,-1.7758013527180267,0.0,0.5410440756632549,-0.24956596230383632,1.5825748604226912
2026-08-18T06:05:47.362+00:00,1787033147.3625386,192959.3911944,11.032798300002469,389,192959.2821684,32.9626000020653,75.97149998764507,10,0,0,4,1,0.0,1,estabilizada,1,1,1,,,,,,,,,,,,,nan,0.5410440756632549,-0.24956596230383632,1.5825748604226912
2026-08-18T06:05:47.508+00:00,1787033147.5086098,192959.5367988,11.178402699995786,394,192959.4478148,8.495800022501498,80.46129997819662,1,0,0,4,1,0.0,1,estabilizada,1,1,1,,,,,,,,,,,,,nan,0.541029794422389,-0.2495715350581517,1.5825723539292476
2026-08-18T06:05:47.508+00:00,1787033147.5086098,192959.5368435,11.178447400016012,394,192959.4478148,8.495800022501498,80.46129997819662,2,1,1,4,1,0.0,1,estabilizada,1,1,1,709.25,419.5,0.5717055797576904,0.6109825968742371,0.5699610650924857,0.5620433672196682,0.5570998150924857,0.5505988672196682,0.30940642971923,0.5444571608971307,0.5463981150812439,0.33538773708848657,0.0,0.541029794422389,-0.2495715350581517,1.5825723539292476
2026-08-18T06:05:47.508+00:00,1787033147.5086098,192959.5368555,11.17845939999097,394,192959.4478148,8.495800022501498,80.46129997819662,3,1,1,4,1,0.0,1,estabilizada,1,1,1,472.25,273.25,0.18288114666938782,0.8955851197242737,0.2032488589055711,0.8304607046069944,0.1903876089055711,0.8190162046069944,-1.7654720055201014,0.19136266412373204,0.8182223576032063,-1.7758013527180267,0.0,0.541029794422389,-0.2495715350581517,1.5825723539292476
2026-08-18T06:05:47.508+00:00,1787033147.5086098,192959.5368658,11.178469700011192,394,192959.4478148,8.495800022501498,80.46129997819662,10,0,0,4,1,0.0,1,estabilizada,1,1,1,,,,,,,,,,,,,nan,0.541029794422389,-0.2495715350581517,1.5825723539292476
2026-08-18T06:05:47.652+00:00,1787033147.6528041,192959.6811396,11.322743500000797,398,192959.5806973,21.842699992703274,78.5749000206124,1,0,0,4,1,0.0,1,estabilizada,1,1,1,,,,,,,,,,,,,nan,0.5410180567405608,-0.2495780469977294,1.58256995032909
2026-08-18T06:05:47.652+00:00,1787033147.6528041,192959.6811833,11.322787200013408,398,192959.5806973,21.842699992703274,78.5749000206124,2,1,1,4,1,0.0,1,estabilizada,1,1,1,714.5,418.75,0.5800650715827942,0.61213618516922,0.577844486429468,0.5631309068376691,0.564983236429468,0.5516864068376691,0.27012541288929737,0.5495964133197562,0.5480568376586189,0.32279350606493334,0.0,0.5410180567405608,-0.2495780469977294,1.58256995032909
2026-08-18T06:05:47.652+00:00,1787033147.6528041,192959.6811955,11.32279939998989,398,192959.5806973,21.842699992703274,78.5749000206124,3,1,1,4,1,0.0,1,estabilizada,1,1,1,472.5,273.5,0.18332597613334656,0.8950731158256531,0.20366775454759928,0.829977348884873,0.1908065045475993,0.818532848884873,-1.7756947900191504,0.19136266412373204,0.8182223576032063,-1.7758013527180267,0.0,0.5410180567405608,-0.2495780469977294,1.58256995032909
2026-08-18T06:05:47.652+00:00,1787033147.6528041,192959.6812239,11.322827800002415,398,192959.5806973,21.842699992703274,78.5749000206124,10,0,0,4,1,0.0,1,estabilizada,1,1,1,,,,,,,,,,,,,nan,0.5410180567405608,-0.2495780469977294,1.58256995032909
2026-08-18T06:05:47.793+00:00,1787033147.7930508,192959.8209549,11.462558800005354,402,192959.7178678,24.79779999703169,78.26390000991523,1,0,0,4,1,0.0,1,estabilizada,1,1,1,,,,,,,,,,,,,nan,0.5410057954729435,-0.2495818120391687,1.5825696657240347
2026-08-18T06:05:47.793+00:00,1787033147.7930508,192959.8209979,11.462601800012635,402,192959.7178678,24.79779999703169,78.26390000991523,2,1,1,4,1,0.0,1,estabilizada,1,1,1,720.0,416.25,0.5889312624931335,0.6164152026176453,0.5862057634991643,0.5671663556271052,0.5733445134991644,0.5557218556271052,0.3498501979423857,0.556017687456945,0.5496090902872754,0.32279350606493334,0.0,0.5410057954729435,-0.2495818120391687,1.5825696657240347
2026-08-18T06:05:47.793+00:00,1787033147.7930508,192959.821011,11.46261489999597,402,192959.7178678,24.79779999703169,78.26390000991523,3,1,1,4,1,0.0,1,estabilizada,1,1,1,472.25,272.75,0.18281693756580353,0.8965897560119629,0.2031869711319998,0.8314075126271777,0.1903257211319998,0.8199630126271777,-1.7856912443572794,0.19136266412373204,0.8182223576032063,-1.7758013527180267,0.0,0.5410057954729435,-0.2495818120391687,1.5825696657240347
2026-08-18T06:05:47.793+00:00,1787033147.7930508,192959.8210246,11.462628500012215,402,192959.7178678,24.79779999703169,78.26390000991523,10,0,0,4,1,0.0,1,estabilizada,1,1,1,,,,,,,,,,,,,nan,0.5410057954729435,-0.2495818120391687,1.5825696657240347
2026-08-18T06:05:47.930+00:00,1787033147.9306493,192959.9591738,11.60077769999043,406,192959.8496344,28.170500008855015,81.33169999928214,1,0,0,4,1,0.0,1,estabilizada,1,1,1,,,,,,,,,,,,,nan,0.54099180614095,-0.24958236476269127,1.582572054019089
2026-08-18T06:05:47.930+00:00,1787033147.9306493,192959.9592432,11.600847099995008,406,192959.8496344,28.170500008855015,81.33169999928214,2,1,1,4,1,0.0,1,estabilizada,1,1,1,725.5,414.5,0.5977748036384583,0.6193587779998779,0.594545585883856,0.5699425743900498,0.5816843358838559,0.5584980743900498,0.3290766351492514,0.5635915225215836,0.5521433620572889,0.32279350606493334,0.0,0.54099180614095,-0.24958236476269127,1.582572054019089
2026-08-18T06:05:47.930+00:00,1787033147.9306493,192959.9592668,11.600870700000087,406,192959.8496344,28.170500008855015,81.33169999928214,3,1,1,4,1,0.0,1,estabilizada,1,1,1,472.5,273.5,0.18332397937774658,0.8950678706169128,0.20366435144923523,0.8299722429502047,0.19080310144923524,0.8185277429502047,-1.7756937979738632,0.19136266412373204,0.8182223576032063,-1.7758013527180267,0.0,0.54099180614095,-0.24958236476269127,1.582572054019089
2026-08-18T06:05:47.930+00:00,1787033147.9306493,192959.9592871,11.600891000009142,406,192959.8496344,28.170500008855015,81.33169999928214,10,0,0,4,1,0.0,1,estabilizada,1,1,1,,,,,,,,,,,,,nan,0.54099180614095,-0.24958236476269127,1.582572054019089
2026-08-18T06:05:48.101+00:00,1787033148.1012585,192960.1291277,11.770731600001454,411,192960.02158,12.667000002693385,94.85480000148527,1,0,0,4,1,0.0,1,estabilizada,1,1,1,,,,,,,,,,,,,nan,0.5409746903219183,-0.2495862682548823,1.5825723225363455
2026-08-18T06:05:48.101+00:00,1787033148.1012585,192960.1291749,11.770778800011612,411,192960.02158,12.667000002693385,94.85480000148527,2,1,1,4,1,0.0,1,estabilizada,1,1,1,732.25,413.25,0.608593225479126,0.6213661432266235,0.6047477973255517,0.5718355682777903,0.5918865473255517,0.5603910682777903,0.3689723166836066,0.5719026489583401,0.5548262115156215,0.32279350606493334,0.0,0.5409746903219183,-0.2495862682548823,1.5825723225363455
2026-08-18T06:05:48.101+00:00,1787033148.1012585,192960.1291884,11.770792299997993,411,192960.02158,12.667000002693385,94.85480000148527,3,1,1,4,1,0.0,1,estabilizada,1,1,1,472.75,273.75,0.18376809358596802,0.8945547938346863,0.20408223231342404,0.8294881336121508,0.19122098231342405,0.8180436336121508,-1.7863167281699461,0.19136266412373204,0.8182223576032063,-1.7758013527180267,0.0,0.5409746903219183,-0.2495862682548823,1.5825723225363455
2026-08-18T06:05:48.101+00:00,1787033148.1012585,192960.1292017,11.770805600011954,411,192960.02158,12.667000002693385,94.85480000148527,10,0,0,4,1,0.0,1,estabilizada,1,1,1,,,,,,,,,,,,,nan,0.5409746903219183,-0.2495862682548823,1.5825723225363455
2026-08-18T06:05:48.263+00:00,1787033148.2631161,192960.2917085,11.933312400011346,416,192960.1807727,21.809600002598017,89.09990001120605,1,0,0,4,1,0.0,1,estabilizada,1,1,1,,,,,,,,,,,,,nan,0.5409592411131164,-0.24959190117306884,1.582570996592605
2026-08-18T06:05:48.263+00:00,1787033148.2631161,192960.29176,11.933363899996039,416,192960.1807727,21.809600002598017,89.09990001120605,2,1,1,4,1,0.0,1,estabilizada,1,1,1,739.25,410.25,0.6199533939361572,0.6265202760696411,0.6154610370249154,0.5766962263924929,0.6025997870249153,0.5652517263924929,0.39144668421953127,0.577280704804268,0.556352490042863,0.32279350606493334,0.0,0.5409592411131164,-0.24959190117306884,1.582570996592605
2026-08-18T06:05:48.263+00:00,1787033148.2631161,192960.2917767,11.933380600006785,416,192960.1807727,21.809600002598017,89.09990001120605,3,1,1,4,1,0.0,1,estabilizada,1,1,1,472.25,273.0,0.18284538388252258,0.896076500415802,0.20321113506850264,0.8309229266646069,0.19034988506850264,0.8194784266646069,-1.762937228047123,0.19136266412373204,0.8182223576032063,-1.7758013527180267,0.0,0.5409592411131164,-0.24959190117306884,1.582570996592605
2026-08-18T06:05:48.263+00:00,1787033148.2631161,192960.2917897,11.933393599989358,416,192960.1807727,21.809600002598017,89.09990001120605,10,0,0,4,1,0.0,1,estabilizada,1,1,1,,,,,,,,,,,,,nan,0.5409592411131164,-0.24959190117306884,1.582570996592605
2026-08-18T06:05:48.430+00:00,1787033148.4309056,192960.4592022,12.100806100002956,421,192960.3487626,10.833599983016029,99.57970000687055,1,0,0,4,1,0.0,1,estabilizada,1,1,1,,,,,,,,,,,,,nan,0.5409479108026953,-0.24959861076015094,1.5825695763968306
2026-08-18T06:05:48.430+00:00,1787033148.4309056,192960.4592478,12.10085170000093,421,192960.3487626,10.833599983016029,99.57970000687055,2,1,1,4,1,0.0,1,estabilizada,1,1,1,746.25,407.5,0.6313313245773315,0.6312394142150879,0.6261912616309442,0.5811465630506767,0.6133300116309441,0.5697020630506767,0.37990842500761096,0.5871439661799007,0.5596253348434257,0.35002317801366145,0.0,0.5409479108026953,-0.24959861076015094,1.5825695763968306
2026-08-18T06:05:48.430+00:00,1787033148.4309056,192960.4592602,12.100864100008039,421,192960.3487626,10.833599983016029,99.57970000687055,3,1,1,4,1,0.0,1,estabilizada,1,1,1,472.75,273.75,0.18376609683036804,0.8945491313934326,0.20407886142344195,0.829481978372413,0.19121761142344196,0.818037478372413,-1.7863161352100043,0.19136266412373204,0.8182223576032063,-1.7758013527180267,0.0,0.5409479108026953,-0.24959861076015094,1.5825695763968306
2026-08-18T06:05:48.430+00:00,1787033148.4309056,192960.4592705,12.100874399999157,421,192960.3487626,10.833599983016029,99.57970000687055,10,0,0,4,1,0.0,1,estabilizada,1,1,1,,,,,,,,,,,,,nan,0.5409479108026953,-0.24959861076015094,1.5825695763968306
2026-08-18T06:05:48.597+00:00,1787033148.5979884,192960.6265568,12.268160700012231,426,192960.5222713,10.045500006526709,94.21199999633245,1,0,0,4,1,0.0,1,estabilizada,1,1,1,,,,,,,,,,,,,nan,0.5409364415888377,-0.24960348255023296,1.58256976352234
2026-08-18T06:05:48.597+00:00,1787033148.5979884,192960.6266058,12.268209700006992,426,192960.5222713,10.045500006526709,94.21199999633245,2,1,1,4,1,0.0,1,estabilizada,1,1,1,752.25,405.25,0.6411029100418091,0.635101318359375,0.6354064899732854,0.5847885713847036,0.6225452399732854,0.5733440713847037,0.4921027108128473,0.6065093343533504,0.56703205241413,0.3923016465879308,0.0,0.5409364415888377,-0.24960348255023296,1.58256976352234
2026-08-18T06:05:48.597+00:00,1787033148.5979884,192960.6266187,12.268222599988803,426,192960.5222713,10.045500006526709,94.21199999633245,3,1,1,4,1,0.0,1,estabilizada,1,1,1,472.5,273.75,0.18335138261318207,0.8945525288581848,0.2036870771586028,0.8294849132621636,0.1908258271586028,0.8180404132621636,-1.8188373556180797,0.19136266412373204,0.8182223576032063,-1.7758013527180267,0.0,0.5409364415888377,-0.24960348255023296,1.58256976352234
2026-08-18T06:05:48.597+00:00,1787033148.5979884,192960.6266335,12.268237400014186,426,192960.5222713,10.045500006526709,94.21199999633245,10,0,0,4,1,0.0,1,estabilizada,1,1,1,,,,,,,,,,,,,nan,0.5409364415888377,-0.24960348255023296,1.58256976352234
2026-08-18T06:05:48.770+00:00,1787033148.7702172,192960.7988819,12.440485800005263,431,192960.6821677,19.683999998960644,97.00330000487156,1,0,0,4,1,0.0,1,estabilizada,1,1,1,,,,,,,,,,,,,nan,0.5409264806135541,-0.24960629091920322,1.5825706586531216
2026-08-18T06:05:48.770+00:00,1787033148.7702172,192960.798928,12.440531900007045,431,192960.6821677,19.683999998960644,97.00330000487156,2,1,1,4,1,0.0,1,estabilizada,1,1,1,759.25,402.75,0.6525232195854187,0.6393929719924927,0.646176768984587,0.5888360295744228,0.6333155189845869,0.5773915295744229,0.4092456197379733,0.610673934627238,0.5686713134921545,0.4032422162756811,0.0,0.5409264806135541,-0.24960629091920322,1.5825706586531216
2026-08-18T06:05:48.770+00:00,1787033148.7702172,192960.7989407,12.440544600016437,431,192960.6821677,19.683999998960644,97.00330000487156,3,1,1,4,1,0.0,1,estabilizada,1,1,1,472.5,273.75,0.18334990739822388,0.8945498466491699,0.20368510786046978,0.8294822606819234,0.1908238578604698,0.8180377606819235,-1.786314655249723,0.19136266412373204,0.8182223576032063,-1.7758013527180267,0.0,0.5409264806135541,-0.24960629091920322,1.5825706586531216
2026-08-18T06:05:48.770+00:00,1787033148.7702172,192960.798954,12.440557900001295,431,192960.6821677,19.683999998960644,97.00330000487156,10,0,0,4,1,0.0,1,estabilizada,1,1,1,,,,,,,,,,,,,nan,0.5409264806135541,-0.24960629091920322,1.5825706586531216
2026-08-18T06:05:48.931+00:00,1787033148.931549,192960.9603423,12.601946200011298,436,192960.8495499,14.064699993468821,96.70059999916703,1,0,0,4,1,0.0,1,estabilizada,1,1,1,,,,,,,,,,,,,nan,0.5409173611159555,-0.2496073429030598,1.582573217400686
2026-08-18T06:05:48.931+00:00,1787033148.931549,192960.9603908,12.601994700002251,436,192960.8495499,14.064699993468821,96.70059999916703,2,1,1,4,1,0.0,1,estabilizada,1,1,1,765.75,400.25,0.6631726622581482,0.6437134146690369,0.6562200758110773,0.5929107931552338,0.6433588258110774,0.5814662931552338,0.3606338196116647,0.6255439178380486,0.5744496746685788,0.413591407809121,0.0,0.5409173611159555,-0.2496073429030598,1.582573217400686
2026-08-18T06:05:48.931+00:00,1787033148.9325564,192960.9604038,12.602007700013928,436,192960.8495499,14.064699993468821,96.70059999916703,3,1,1,4,1,0.0,1,estabilizada,1,1,1,472.5,273.75,0.18334780633449554,0.8945468664169312,0.20368257478406393,0.8294794953110749,0.19082132478406394,0.8180349953110749,-1.786313323941483,0.19136266412373204,0.8182223576032063,-1.7758013527180267,0.0,0.5409173611159555,-0.2496073429030598,1.582573217400686
2026-08-18T06:05:48.932+00:00,1787033148.9325564,192960.960418,12.602021900005639,436,192960.8495499,14.064699993468821,96.70059999916703,10,0,0,4,1,0.0,1,estabilizada,1,1,1,,,,,,,,,,,,,nan,0.5409173611159555,-0.2496073429030598,1.582573217400686
2026-08-18T06:05:49.120+00:00,1787033149.1208215,192961.1493766,12.790980499994475,441,192961.021688,14.449599984800443,113.20620001060888,1,0,0,4,1,0.0,1,estabilizada,1,1,1,,,,,,,,,,,,,nan,0.5409107074195519,-0.24960829056793066,1.582576209666407
2026-08-18T06:05:49.120+00:00,1787033149.1208215,192961.1494335,12.791037399991183,441,192961.021688,14.449599984800443,113.20620001060888,2,1,1,4,1,0.0,1,estabilizada,1,1,1,770.75,398.25,0.671391487121582,0.6471839547157288,0.6639711366187407,0.596184008183901,0.6511098866187408,0.5847395081839011,0.4770936904612068,0.6332384959813799,0.5774902968600446,0.413591407809121,0.0,0.5409107074195519,-0.24960829056793066,1.582576209666407
2026-08-18T06:05:49.120+00:00,1787033149.1208215,192961.1494569,12.791060799994739,441,192961.021688,14.449599984800443,113.20620001060888,3,1,1,4,1,0.0,1,estabilizada,1,1,1,472.25,273.0,0.18283703923225403,0.8960623145103455,0.20320043780984914,0.8309088300669141,0.19033918780984915,0.8194643300669141,-1.7971711106005965,0.19136266412373204,0.8182223576032063,-1.7758013527180267,0.0,0.5409107074195519,-0.24960829056793066,1.582576209666407
2026-08-18T06:05:49.120+00:00,1787033149.1208215,192961.1494781,12.791082000010647,441,192961.021688,14.449599984800443,113.20620001060888,10,0,0,4,1,0.0,1,estabilizada,1,1,1,,,,,,,,,,,,,nan,0.5409107074195519,-0.24960829056793066,1.582576209666407
2026-08-18T06:05:49.272+00:00,1787033149.272882,192961.3014316,12.943035500007682,447,192961.2174724,2.817700005834922,81.11450000433251,1,0,0,4,1,0.0,1,estabilizada,1,1,1,,,,,,,,,,,,,nan,0.5409068189424752,-0.24960861213998004,1.5825797220618643
2026-08-18T06:05:49.272+00:00,1787033149.272882,192961.3014768,12.94308070000261,447,192961.2174724,2.817700005834922,81.11450000433251,2,1,1,4,1,0.0,1,estabilizada,1,1,1,779.5,394.75,0.6858200430870056,0.6532793641090393,0.6775789478731634,0.6019328715882442,0.6647176978731635,0.5904883715882442,0.42091761589907223,0.6478927862656585,0.5836867495391891,0.413591407809121,0.0,0.5409068189424752,-0.24960861213998004,1.5825797220618643
2026-08-18T06:05:49.272+00:00,1787033149.272882,192961.3014892,12.943093100009719,447,192961.2174724,2.817700005834922,81.11450000433251,3,1,1,4,1,0.0,1,estabilizada,1,1,1,472.25,273.0,0.18283455073833466,0.8960593938827515,0.20319782450528673,0.8309062018478448,0.19033657450528674,0.8194617018478448,-1.7971687780476318,0.19136266412373204,0.8182223576032063,-1.7758013527180267,0.0,0.5409068189424752,-0.24960861213998004,1.5825797220618643
2026-08-18T06:05:49.272+00:00,1787033149.272882,192961.3015025,12.943106399994576,447,192961.2174724,2.817700005834922,81.11450000433251,10,0,0,4,1,0.0,1,estabilizada,1,1,1,,,,,,,,,,,,,nan,0.5409068189424752,-0.24960861213998004,1.5825797220618643
2026-08-18T06:05:49.416+00:00,1787033149.4161463,192961.4447746,13.086378500011051,451,192961.3530113,12.180999998236075,79.55910000600852,1,0,0,4,1,0.0,1,estabilizada,1,1,1,,,,,,,,,,,,,nan,0.5409065866304249,-0.24960752164803335,1.582584669926148
2026-08-18T06:05:49.416+00:00,1787033149.4161463,192961.4448181,13.086421999993036,451,192961.3530113,12.180999998236075,79.55910000600852,2,1,1,4,1,0.0,1,estabilizada,1,1,1,784.75,392.25,0.6945452094078064,0.6576793193817139,0.6858079353063142,0.6060828283728077,0.6729466853063142,0.5946383283728077,0.4768070780863433,0.6522274422650968,0.5855926178186373,0.42255165439419334,0.0,0.5409065866304249,-0.24960752164803335,1.582584669926148
2026-08-18T06:05:49.416+00:00,1787033149.4161463,192961.4448313,13.086435200006235,451,192961.3530113,12.180999998236075,79.55910000600852,3,1,1,4,1,0.0,1,estabilizada,1,1,1,472.25,272.75,0.18279992043972015,0.8965604901313782,0.20316508672094508,0.8313790669693801,0.19030383672094509,0.8199345669693802,-1.7527468575489031,0.19136266412373204,0.8182223576032063,-1.7758013527180267,0.0,0.5409065866304249,-0.24960752164803335,1.582584669926148
2026-08-18T06:05:49.416+00:00,1787033149.4161463,192961.4448437,13.086447600013344,451,192961.3530113,12.180999998236075,79.55910000600852,10,0,0,4,1,0.0,1,estabilizada,1,1,1,,,,,,,,,,,,,nan,0.5409065866304249,-0.24960752164803335,1.582584669926148
2026-08-18T06:05:49.556+00:00,1787033149.5568233,192961.5848503,13.226454199990258,455,192961.4854328,17.834400001447648,81.5500000026077,1,0,0,4,1,0.0,1,estabilizada,1,1,1,,,,,,,,,,,,,nan,0.5409058876298423,-0.24960770578738126,1.5825879228094863
2026-08-18T06:05:49.556+00:00,1787033149.5568233,192961.5850628,13.226666700007627,455,192961.4854328,17.834400001447648,81.5500000026077,2,1,1,4,1,0.0,1,estabilizada,1,1,1,789.25,390.0,0.7020540237426758,0.6616567373275757,0.6928897099998993,0.6098341506021878,0.6800284599998994,0.5983896506021879,0.5056529510093566,0.660023437170181,0.5889767139521102,0.4333346659638855,0.0,0.5409058876298423,-0.24960770578738126,1.5825879228094863
2026-08-18T06:05:49.556+00:00,1787033149.5568233,192961.5851073,13.226711199997226,455,192961.4854328,17.834400001447648,81.5500000026077,3,1,1,4,1,0.0,1,estabilizada,1,1,1,472.5,273.75,0.1833367943763733,0.8945340514183044,0.20367134762867067,0.8294679930563088,0.19081009762867068,0.8180234930563088,-1.8188258996854383,0.19136266412373204,0.8182223576032063,-1.7758013527180267,0.0,0.5409058876298423,-0.24960770578738126,1.5825879228094863
2026-08-18T06:05:49.556+00:00,1787033149.5568233,192961.5851317,13.226735600008396,455,192961.4854328,17.834400001447648,81.5500000026077,10,0,0,4,1,0.0,1,estabilizada,1,1,1,,,,,,,,,,,,,nan,0.5409058876298423,-0.24960770578738126,1.5825879228094863
2026-08-18T06:05:49.698+00:00,1787033149.6981666,192961.7261198,13.367723700008355,459,192961.6244497,17.882299987832084,83.7603000109084,1,0,0,4,1,0.0,1,estabilizada,1,1,1,,,,,,,,,,,,,nan,0.5409031926333746,-0.24960812853625847,1.5825899603091875
2026-08-18T06:05:49.698+00:00,1787033149.6981666,192961.7261921,13.36779600000591,459,192961.6244497,17.882299987832084,83.7603000109084,2,1,1,4,1,0.0,1,estabilizada,1,1,1,794.25,388.25,0.710334062576294,0.6647064089775085,0.7006987314562332,0.6127104337470309,0.6878374814562331,0.601265933747031,0.5205862837879115,0.6691995420136837,0.5932454863391325,0.45819648124150314,0.0,0.5409031926333746,-0.24960812853625847,1.5825899603091875
2026-08-18T06:05:49.698+00:00,1787033149.6981666,192961.726208,13.367811900010565,459,192961.6244497,17.882299987832084,83.7603000109084,3,1,1,4,1,0.0,1,estabilizada,1,1,1,472.5,273.75,0.18333423137664795,0.8945307731628418,0.2036687509428015,0.8294649609591541,0.19080750094280152,0.8180204609591541,-1.8188238454008976,0.19136266412373204,0.8182223576032063,-1.7758013527180267,0.0,0.5409031926333746,-0.24960812853625847,1.5825899603091875
2026-08-18T06:05:49.698+00:00,1787033149.6981666,192961.7262204,13.367824300017674,459,192961.6244497,17.882299987832084,83.7603000109084,10,0,0,4,1,0.0,1,estabilizada,1,1,1,,,,,,,,,,,,,nan,0.5409031926333746,-0.24960812853625847,1.5825899603091875
2026-08-18T06:05:49.848+00:00,1787033149.8480291,192961.8761375,13.517741399991792,464,192961.7807228,17.690899985609576,77.69900001585484,1,0,0,4,1,0.0,1,estabilizada,1,1,1,,,,,,,,,,,,,nan,0.5408999959814544,-0.24961248140344366,1.582589915682461
2026-08-18T06:05:49.848+00:00,1787033149.8480291,192961.8761789,13.517782800015993,464,192961.7807228,17.690899985609576,77.69900001585484,2,1,1,4,1,0.0,1,estabilizada,1,1,1,800.25,385.5,0.7203688621520996,0.6695747375488281,0.7101626818932087,0.6173016572733039,0.6973014318932087,0.6058571572733039,0.4766438443537006,0.6827605423437626,0.599305054147742,0.46800527052881147,0.0,0.5408999959814544,-0.24961248140344366,1.582589915682461
2026-08-18T06:05:49.848+00:00,1787033149.8480291,192961.876191,13.517794899991713,464,192961.7807228,17.690899985609576,77.69900001585484,3,1,1,4,1,0.0,1,estabilizada,1,1,1,472.25,273.75,0.18291814625263214,0.8945334553718567,0.2032761468668977,0.8294672412570194,0.19041489686689772,0.8180227412570195,-1.8188217949096126,0.19136266412373204,0.8182223576032063,-1.7758013527180267,0.0,0.5408999959814544,-0.24961248140344366,1.582589915682461
2026-08-18T06:05:49.848+00:00,1787033149.8480291,192961.8762013,13.517805200011935,464,192961.7807228,17.690899985609576,77.69900001585484,10,0,0,4,1,0.0,1,estabilizada,1,1,1,,,,,,,,,,,,,nan,0.5408999959814544,-0.24961248140344366,1.582589915682461
2026-08-18T06:05:50.002+00:00,1787033150.0022144,192962.0305143,13.6721181999892,468,192961.9308837,14.147999987471849,85.45780001441017,1,0,0,4,1,0.0,1,estabilizada,1,1,1,,,,,,,,,,,,,nan,0.5408947101575866,-0.24961812689363647,1.5825899172547977
2026-08-18T06:05:50.002+00:00,1787033150.0022144,192962.0305593,13.67216320001171,468,192961.9308837,14.147999987471849,85.45780001441017,2,1,1,4,1,0.0,1,estabilizada,1,1,1,804.25,383.5,0.7270949482917786,0.6731347441673279,0.7165059629523887,0.6206588895634115,0.7036447129523886,0.6092143895634116,0.4628618884463827,0.6888308418808429,0.6021129077563683,0.46800527052881147,0.0,0.5408947101575866,-0.24961812689363647,1.5825899172547977
2026-08-18T06:05:50.002+00:00,1787033150.0022144,192962.0305719,13.672175799991237,468,192961.9308837,14.147999987471849,85.45780001441017,3,1,1,4,1,0.0,1,estabilizada,1,1,1,472.0,273.0,0.18240724503993988,0.8960484266281128,0.20279399937776227,0.8308957369181879,0.18993274937776228,0.8194512369181879,-1.7971581732136914,0.19136266412373204,0.8182223576032063,-1.7758013527180267,0.0,0.5408947101575866,-0.24961812689363647,1.5825899172547977
2026-08-18T06:05:50.002+00:00,1787033150.0022144,192962.0305849,13.672188800002914,468,192961.9308837,14.147999987471849,85.45780001441017,10,0,0,4,1,0.0,1,estabilizada,1,1,1,,,,,,,,,,,,,nan,0.5408947101575866,-0.24961812689363647,1.5825899172547977
2026-08-18T06:05:50.149+00:00,1787033150.1491005,192962.1770624,13.818666300008772,473,192962.0801057,17.95829998445697,78.97060000686906,1,0,0,4,1,0.0,1,estabilizada,1,1,1,,,,,,,,,,,,,nan,0.5408913710638703,-0.24962093993719073,1.582592109372914
2026-08-18T06:05:50.149+00:00,1787033150.1491005,192962.1771196,13.818723500007764,473,192962.0801057,17.95829998445697,78.97060000686906,2,1,1,4,1,0.0,1,estabilizada,1,1,1,808.75,381.75,0.7346175909042358,0.6762226819992065,0.7236006272264999,0.6235711330114558,0.7107393772264998,0.6121266330114559,0.4336370144496483,0.6952170202356407,0.6050920938816833,0.46800527052881147,0.0,0.5408913710638703,-0.24962093993719073,1.582592109372914
2026-08-18T06:05:50.149+00:00,1787033150.1491005,192962.177157,13.818760900001507,473,192962.0801057,17.95829998445697,78.97060000686906,3,1,1,4,1,0.0,1,estabilizada,1,1,1,472.25,273.75,0.1829126626253128,0.8945257663726807,0.20327045637940672,0.8294595986861184,0.19040920637940673,0.8180150986861184,-1.8188165136644208,0.19136266412373204,0.8182223576032063,-1.7758013527180267,0.0,0.5408913710638703,-0.24962093993719073,1.582592109372914
2026-08-18T06:05:50.149+00:00,1787033150.1491005,192962.177171,13.818774899991695,473,192962.0801057,17.95829998445697,78.97060000686906,10,0,0,4,1,0.0,1,estabilizada,1,1,1,,,,,,,,,,,,,nan,0.5408913710638703,-0.24962093993719073,1.582592109372914
2026-08-18T06:05:50.305+00:00,1787033150.3055477,192962.3334715,13.975075399997877,478,192962.2474909,1.713500008918345,84.224299993366,1,0,0,4,1,0.0,1,estabilizada,1,1,1,,,,,,,,,,,,,nan,0.540890492589467,-0.2496259752104732,1.5825940539613028
2026-08-18T06:05:50.305+00:00,1787033150.3055477,192962.3335129,13.975116799992975,478,192962.2474909,1.713500008918345,84.224299993366,2,1,1,4,1,0.0,1,estabilizada,1,1,1,814.25,380.5,0.7437190413475037,0.6783557534217834,0.7321844539765153,0.625582677870379,0.7193232039765154,0.614138177870379,0.3505473049654025,0.699234501962048,0.606912766632877,0.4600783651878343,0.0,0.540890492589467,-0.2496259752104732,1.5825940539613028
2026-08-18T06:05:50.305+00:00,1787033150.3055477,192962.3335252,13.975129099999322,478,192962.2474909,1.713500008918345,84.224299993366,3,1,1,4,1,0.0,1,estabilizada,1,1,1,472.5,273.75,0.1833234578371048,0.8945160508155823,0.20365781524680315,0.829450229239544,0.19079656524680316,0.8180057292395441,-1.8188135817813447,0.19136266412373204,0.8182223576032063,-1.7758013527180267,0.0,0.540890492589467,-0.2496259752104732,1.5825940539613028
2026-08-18T06:05:50.305+00:00,1787033150.3055477,192962.3335374,13.975141300004907,478,192962.2474909,1.713500008918345,84.224299993366,10,0,0,4,1,0.0,1,estabilizada,1,1,1,,,,,,,,,,,,,nan,0.540890492589467,-0.2496259752104732,1.5825940539613028
2026-08-18T06:05:50.448+00:00,1787033150.4484541,192962.4769531,14.118557000008877,482,192962.3888989,7.720800000242889,80.28499997453764,1,0,0,4,1,0.0,1,estabilizada,1,1,1,,,,,,,,,,,,,nan,0.5408884724512705,-0.24963432991139625,1.5825934967652822
2026-08-18T06:05:50.448+00:00,1787033150.4484541,192962.4770119,14.118615799990948,482,192962.3888989,7.720800000242889,80.28499997453764,2,1,1,4,1,0.0,1,estabilizada,1,1,1,818.5,379.0,0.7508321404457092,0.6809977889060974,0.7388929215887383,0.6280739705884004,0.7260316715887383,0.6166294705884005,0.3403182396217933,0.7119317565769776,0.6116315505259149,0.4187972965415654,0.0,0.5408884724512705,-0.24963432991139625,1.5825934967652822
2026-08-18T06:05:50.448+00:00,1787033150.4484541,192962.4770241,14.118627999996534,482,192962.3888989,7.720800000242889,80.28499997453764,3,1,1,4,1,0.0,1,estabilizada,1,1,1,472.25,273.0,0.1828126460313797,0.8960312604904175,0.20317594490987234,0.830878772914225,0.19031469490987235,0.819434272914225,-1.797149053709133,0.19136266412373204,0.8182223576032063,-1.7758013527180267,0.0,0.5408884724512705,-0.24963432991139625,1.5825934967652822
2026-08-18T06:05:50.448+00:00,1787033150.4484541,192962.4770345,14.118638400017517,482,192962.3888989,7.720800000242889,80.28499997453764,10,0,0,4,1,0.0,1,estabilizada,1,1,1,,,,,,,,,,,,,nan,0.5408884724512705,-0.24963432991139625,1.5825934967652822
2026-08-18T06:05:50.587+00:00,1787033150.5874681,192962.6156817,14.257285600004252,486,192962.5171468,19.297599996207282,79.12010001018643,1,0,0,4,1,0.0,1,estabilizada,1,1,1,,,,,,,,,,,,,nan,0.5408859422131064,-0.24964136553958532,1.5825956705032695
2026-08-18T06:05:50.587+00:00,1787033150.5874681,192962.6158329,14.25743679999141,486,192962.5171468,19.297599996207282,79.12010001018643,2,1,1,4,1,0.0,1,estabilizada,1,1,1,822.25,378.0,0.7570754885673523,0.682729959487915,0.7447810917517116,0.6297073076404027,0.7319198417517117,0.6182628076404028,0.32994323841962414,0.7216715123815944,0.6149531146336458,0.37212539941215506,0.0,0.5408859422131064,-0.24964136553958532,1.5825956705032695
2026-08-18T06:05:50.587+00:00,1787033150.5874681,192962.6158592,14.257463100017048,486,192962.5171468,19.297599996207282,79.12010001018643,3,1,1,4,1,0.0,1,estabilizada,1,1,1,472.25,273.0,0.1828097552061081,0.8960274457931519,0.2031730466211425,0.8308748645358324,0.1903117966211425,0.8194303645358324,-1.797145236518366,0.19136266412373204,0.8182223576032063,-1.7758013527180267,0.0,0.5408859422131064,-0.24964136553958532,1.5825956705032695
2026-08-18T06:05:50.587+00:00,1787033150.5874681,192962.6158829,14.257486799993785,486,192962.5171468,19.297599996207282,79.12010001018643,10,0,0,4,1,0.0,1,estabilizada,1,1,1,,,,,,,,,,,,,nan,0.5408859422131064,-0.24964136553958532,1.5825956705032695
2026-08-18T06:05:50.727+00:00,1787033150.7278738,192962.7563703,14.397974199993769,490,192962.6476618,31.062299996847287,77.62090000323951,1,0,0,4,1,0.0,1,estabilizada,1,1,1,,,,,,,,,,,,,nan,0.540879245709518,-0.24964441373181362,1.5825998647670816
2026-08-18T06:05:50.727+00:00,1787033150.7278738,192962.7564143,14.398018200008664,490,192962.6476618,31.062299996847287,77.62090000323951,2,1,1,4,1,0.0,1,estabilizada,1,1,1,828.0,376.75,0.7666246294975281,0.6848649978637695,0.7537868396093613,0.6317208968714567,0.7409255896093614,0.6202763968714567,0.29793311144638274,0.725859994633558,0.6163733663728191,0.3528606012894358,0.0,0.540879245709518,-0.24964441373181362,1.5825998647670816
2026-08-18T06:05:50.727+00:00,1787033150.7278738,192962.7564271,14.398030999989714,490,192962.6476618,31.062299996847287,77.62090000323951,3,1,1,4,1,0.0,1,estabilizada,1,1,1,472.0,273.0,0.1823929101228714,0.896028995513916,0.2027794720840318,0.8308763254501592,0.1899182220840318,0.8194318254501592,-1.7971422909629817,0.19136266412373204,0.8182223576032063,-1.7758013527180267,0.0,0.540879245709518,-0.24964441373181362,1.5825998647670816
2026-08-18T06:05:50.727+00:00,1787033150.7278738,192962.7564399,14.398043799999868,490,192962.6476618,31.062299996847287,77.62090000323951,10,0,0,4,1,0.0,1,estabilizada,1,1,1,,,,,,,,,,,,,nan,0.540879245709518,-0.24964441373181362,1.5825998647670816
2026-08-18T06:05:50.870+00:00,1787033150.870325,192962.8986409,14.540244800009532,495,192962.8165455,3.618799994001165,78.45239999005571,1,0,0,4,1,0.0,1,estabilizada,1,1,1,,,,,,,,,,,,,nan,0.5408708968811395,-0.24964595326048472,1.5826049903870207
2026-08-18T06:05:50.870+00:00,1787033150.870325,192962.8986859,14.540289800002938,495,192962.8165455,3.618799994001165,78.45239999005571,2,1,1,4,1,0.0,1,estabilizada,1,1,1,832.25,376.0,0.773668646812439,0.6861194968223572,0.7604298426755373,0.6329041392195351,0.7475685926755373,0.6214596392195352,0.2885855329311492,0.7358552318077225,0.6184866158965883,0.3291262821741509,0.0,0.5408708968811395,-0.24964595326048472,1.5826049903870207
2026-08-18T06:05:50.870+00:00,1787033150.870325,192962.8987087,14.540312600001926,495,192962.8165455,3.618799994001165,78.45239999005571,3,1,1,4,1,0.0,1,estabilizada,1,1,1,472.25,273.0,0.18280404806137085,0.8960186839103699,0.2031666885114673,0.8308667237107741,0.1903054385114673,0.8194222237107741,-1.7971393937943214,0.19136266412373204,0.8182223576032063,-1.7758013527180267,0.0,0.5408708968811395,-0.24964595326048472,1.5826049903870207
2026-08-18T06:05:50.870+00:00,1787033150.870325,192962.8987201,14.54032400000142,495,192962.8165455,3.618799994001165,78.45239999005571,10,0,0,4,1,0.0,1,estabilizada,1,1,1,,,,,,,,,,,,,nan,0.5408708968811395,-0.24964595326048472,1.5826049903870207
2026-08-18T06:05:51.029+00:00,1787033151.0292094,192963.0571328,14.698736699996516,499,192962.9494292,19.047200010390952,88.63109999219887,1,0,0,4,1,0.0,1,estabilizada,1,1,1,,,,,,,,,,,,,nan,0.5408606256981237,-0.24964828460376307,1.5826083696364384
2026-08-18T06:05:51.029+00:00,1787033151.0292094,192963.0571836,14.698787500004983,499,192962.9494292,19.047200010390952,88.63109999219887,2,1,1,4,1,0.0,1,estabilizada,1,1,1,836.25,375.25,0.7803114652633667,0.6873836517333984,0.7666943405379221,0.6340963850360045,0.753833090537922,0.6226518850360045,0.27992391212905426,0.7407016535861701,0.6196150292244468,0.3100847318004177,0.0,0.5408606256981237,-0.24964828460376307,1.5826083696364384
2026-08-18T06:05:51.029+00:00,1787033151.0292094,192963.0571968,14.698800699989079,499,192962.9494292,19.047200010390952,88.63109999219887,3,1,1,4,1,0.0,1,estabilizada,1,1,1,472.5,273.75,0.18330994248390198,0.8944956660270691,0.2036431860750959,0.8294303235630769,0.19078193607509591,0.8179858235630769,-1.7862774630356,0.19136266412373204,0.8182223576032063,-1.7758013527180267,0.0,0.5408606256981237,-0.24964828460376307,1.5826083696364384
2026-08-18T06:05:51.029+00:00,1787033151.0292094,192963.0572115,14.6988154000137,499,192962.9494292,19.047200010390952,88.63109999219887,10,0,0,4,1,0.0,1,estabilizada,1,1,1,,,,,,,,,,,,,nan,0.5408606256981237,-0.24964828460376307,1.5826083696364384
2026-08-18T06:05:51.180+00:00,1787033151.1802738,192963.2086821,14.850286000000779,504,192963.1132686,13.154300017049536,82.23410000209697,1,0,0,4,1,0.0,1,estabilizada,1,1,1,,,,,,,,,,,,,nan,0.5408481978852389,-0.2496525673061873,1.5826096109773322
2026-08-18T06:05:51.180+00:00,1787033151.1802738,192963.2087234,14.850327299995115,504,192963.1132686,13.154300017049536,82.23410000209697,2,1,1,4,1,0.0,1,estabilizada,1,1,1,841.75,374.75,0.7893778085708618,0.6881343126296997,0.7752444020715211,0.6348041555215873,0.7623831520715212,0.6233596555215873,0.21707264619428177,0.7460607354330848,0.6208727051554437,0.2886183504074041,0.0,0.5408481978852389,-0.2496525673061873,1.5826096109773322
2026-08-18T06:05:51.180+00:00,1787033151.1802738,192963.2087353,14.850339199998416,504,192963.1132686,13.154300017049536,82.23410000209697,3,1,1,4,1,0.0,1,estabilizada,1,1,1,472.5,273.5,0.1832766830921173,0.8949957489967346,0.203611095386952,0.8299017752506479,0.190749845386952,0.8184572752506479,-1.775652403113924,0.19136266412373204,0.8182223576032063,-1.7758013527180267,0.0,0.5408481978852389,-0.2496525673061873,1.5826096109773322
2026-08-18T06:05:51.180+00:00,1787033151.1802738,192963.2087472,14.850351100001717,504,192963.1132686,13.154300017049536,82.23410000209697,10,0,0,4,1,0.0,1,estabilizada,1,1,1,,,,,,,,,,,,,nan,0.5408481978852389,-0.2496525673061873,1.5826096109773322
2026-08-18T06:05:51.322+00:00,1787033151.3227682,192963.3506297,14.992233600001782,508,192963.2492603,21.436399983940646,79.9088999920059,1,0,0,4,1,0.0,1,estabilizada,1,1,1,,,,,,,,,,,,,nan,0.5408388240001817,-0.2496570554335817,1.5826109487629698
2026-08-18T06:05:51.322+00:00,1787033151.3227682,192963.3506713,14.992275199998403,508,192963.2492603,21.436399983940646,79.9088999920059,2,1,1,4,1,0.0,1,estabilizada,1,1,1,846.25,373.25,0.7969689965248108,0.6907875537872314,0.7824033728348985,0.637306301874984,0.7695421228348984,0.6258618018749841,0.26496105379364077,0.7529410653468546,0.621947287353098,0.27815580577899823,0.0,0.5408388240001817,-0.2496570554335817,1.5826109487629698
2026-08-18T06:05:51.322+00:00,1787033151.3227682,192963.3506838,14.992287700006273,508,192963.2492603,21.436399983940646,79.9088999920059,3,1,1,4,1,0.0,1,estabilizada,1,1,1,472.5,273.75,0.18330667912960052,0.8944879174232483,0.2036388353449381,0.8294226228620027,0.1907775853449381,0.8179781228620028,-1.7862731743579172,0.19136266412373204,0.8182223576032063,-1.7758013527180267,0.0,0.5408388240001817,-0.2496570554335817,1.5826109487629698
2026-08-18T06:05:51.322+00:00,1787033151.3227682,192963.3506955,14.99229940000805,508,192963.2492603,21.436399983940646,79.9088999920059,10,0,0,4,1,0.0,1,estabilizada,1,1,1,,,,,,,,,,,,,nan,0.5408388240001817,-0.2496570554335817,1.5826109487629698
2026-08-18T06:05:51.468+00:00,1787033151.4680257,192963.4966777,15.138281599996844,512,192963.381858,33.33589999238029,81.46119999582879,1,0,0,4,1,0.0,1,estabilizada,1,1,1,,,,,,,,,,,,,nan,0.5408265940385373,-0.24966344990760236,1.5826107176449804
2026-08-18T06:05:51.468+00:00,1787033151.4680257,192963.4967204,15.138324300001841,512,192963.381858,33.33589999238029,81.46119999582879,2,1,1,4,1,0.0,1,estabilizada,1,1,1,850.5,372.5,0.8040472865104675,0.692049503326416,0.7890784365852467,0.6384961153415419,0.7762171865852467,0.627051615341542,0.19097984547717956,0.7598936143344164,0.6235604475220562,0.2616051039650909,0.0,0.5408265940385373,-0.24966344990760236,1.5826107176449804
2026-08-18T06:05:51.468+00:00,1787033151.4680257,192963.4967331,15.138337000011234,512,192963.381858,33.33589999238029,81.46119999582879,3,1,1,4,1,0.0,1,estabilizada,1,1,1,472.75,273.75,0.18371938169002533,0.8944783806800842,0.20402737578676178,0.8294132553117172,0.1911661257867618,0.8179687553117172,-1.7862713257065106,0.19136266412373204,0.8182223576032063,-1.7758013527180267,0.0,0.5408265940385373,-0.24966344990760236,1.5826107176449804
2026-08-18T06:05:51.468+00:00,1787033151.4680257,192963.496746,15.138349899993045,512,192963.381858,33.33589999238029,81.46119999582879,10,0,0,4,1,0.0,1,estabilizada,1,1,1,,,,,,,,,,,,,nan,0.5408265940385373,-0.24966344990760236,1.5826107176449804
2026-08-18T06:05:51.614+00:00,1787033151.6146488,192963.6425302,15.284134100016672,517,192963.5467075,18.363499984843656,77.43500001379289,1,0,0,4,1,0.0,1,estabilizada,1,1,1,,,,,,,,,,,,,nan,0.5408136622507228,-0.24966798507662505,1.5826119477706464
2026-08-18T06:05:51.614+00:00,1787033151.6146488,192963.6425713,15.284175200009486,517,192963.5467075,18.363499984843656,77.43500001379289,2,1,1,4,1,0.0,1,estabilizada,1,1,1,854.75,371.75,0.8111329078674316,0.6933128237724304,0.79576038895035,0.6396873769811529,0.7828991389503499,0.6282428769811529,0.27369542892886056,0.7671172064790465,0.6252921164762231,0.2616051039650909,0.0,0.5408136622507228,-0.24966798507662505,1.5826119477706464
2026-08-18T06:05:51.614+00:00,1787033151.6146488,192963.642584,15.284187899989774,517,192963.5467075,18.363499984843656,77.43500001379289,3,1,1,4,1,0.0,1,estabilizada,1,1,1,472.5,273.75,0.18330426514148712,0.8944801688194275,0.2036351149023245,0.8294147344306004,0.1907738649023245,0.8179702344306005,-1.786268331331669,0.19136266412373204,0.8182223576032063,-1.7758013527180267,0.0,0.5408136622507228,-0.24966798507662505,1.5826119477706464
2026-08-18T06:05:51.614+00:00,1787033151.6146488,192963.642596,15.284199899993837,517,192963.5467075,18.363499984843656,77.43500001379289,10,0,0,4,1,0.0,1,estabilizada,1,1,1,,,,,,,,,,,,,nan,0.5408136622507228,-0.24966798507662505,1.5826119477706464
2026-08-18T06:05:51.752+00:00,1787033151.7523754,192963.7806365,15.422240400017472,521,192963.6806568,22.709100012434646,77.24109999253415,1,0,0,4,1,0.0,1,estabilizada,1,1,1,,,,,,,,,,,,,nan,0.5408025366510497,-0.2496742252403255,1.58261187497388
2026-08-18T06:05:51.752+00:00,1787033151.7528925,192963.7806841,15.422288000001572,521,192963.6806568,22.709100012434646,77.24109999253415,2,1,1,4,1,0.0,1,estabilizada,1,1,1,858.75,371.75,0.817694365978241,0.69318026304245,0.8019480765477649,0.639561997384706,0.7890868265477649,0.628117497384706,0.24868308507605072,0.7708789026609454,0.6260002543209511,0.2616051039650909,0.0,0.5408025366510497,-0.2496742252403255,1.58261187497388
2026-08-18T06:05:51.752+00:00,1787033151.7528925,192963.7806986,15.422302499995567,521,192963.6806568,22.709100012434646,77.24109999253415,3,1,1,4,1,0.0,1,estabilizada,1,1,1,472.25,273.0,0.18279486894607544,0.8959954977035522,0.2031540553031091,0.8308435317064244,0.1902928053031091,0.8193990317064245,-1.7971255219307618,0.19136266412373204,0.8182223576032063,-1.7758013527180267,0.0,0.5408025366510497,-0.2496742252403255,1.58261187497388
2026-08-18T06:05:51.752+00:00,1787033151.7528925,192963.7807115,15.422315400006482,521,192963.6806568,22.709100012434646,77.24109999253415,10,0,0,4,1,0.0,1,estabilizada,1,1,1,,,,,,,,,,,,,nan,0.5408025366510497,-0.2496742252403255,1.58261187497388
2026-08-18T06:05:51.896+00:00,1787033151.8961248,192963.9247453,15.56634920000215,525,192963.817085,29.371800017543137,78.2638999808114,1,0,0,4,1,0.0,1,estabilizada,1,1,1,,,,,,,,,,,,,nan,0.5407948781660123,-0.24967841362763654,1.5826135098259368
2026-08-18T06:05:51.896+00:00,1787033151.8961248,192963.9247889,15.566392800014,525,192963.817085,29.371800017543137,78.2638999808114,2,1,1,4,1,0.0,1,estabilizada,1,1,1,860.75,371.5,0.8210169672966003,0.6935803890228271,0.8050813090546036,0.639939186220332,0.7922200590546036,0.628494686220332,0.20424743743500423,0.7737223242165318,0.6265307531780064,0.2616051039650909,0.0,0.5407948781660123,-0.24967841362763654,1.5826135098259368
2026-08-18T06:05:51.896+00:00,1787033151.8961248,192963.924808,15.566411900013918,525,192963.817085,29.371800017543137,78.2638999808114,3,1,1,4,1,0.0,1,estabilizada,1,1,1,472.5,273.5,0.18326987326145172,0.894977331161499,0.20360159053900073,0.8298830953348676,0.19074034053900074,0.8184385953348676,-1.74352066278604,0.19136266412373204,0.8182223576032063,-1.7758013527180267,0.0,0.5407948781660123,-0.24967841362763654,1.5826135098259368
2026-08-18T06:05:51.896+00:00,1787033151.8961248,192963.9248281,15.566431999992346,525,192963.817085,29.371800017543137,78.2638999808114,10,0,0,4,1,0.0,1,estabilizada,1,1,1,,,,,,,,,,,,,nan,0.5407948781660123,-0.24967841362763654,1.5826135098259368
2026-08-18T06:05:52.050+00:00,1787033152.0500898,192964.078112,15.71971589999157,530,192963.9801659,4.6030000085011125,93.30489998683333,1,0,0,4,1,0.0,1,estabilizada,1,1,1,,,,,,,,,,,,,nan,0.5407866239505583,-0.2496799284973488,1.5826167879520738
2026-08-18T06:05:52.050+00:00,1787033152.0500898,192964.0782123,15.719816199998604,530,192963.9801659,4.6030000085011125,93.30489998683333,2,1,1,4,1,0.0,1,estabilizada,1,1,1,865.0,370.25,0.8282008767127991,0.6957839727401733,0.8118562486603731,0.6420174818504318,0.798994998660373,0.6305729818504319,0.25642538749059074,0.7812164248233647,0.6273445746082482,0.2616051039650909,0.0,0.5407866239505583,-0.2496799284973488,1.5826167879520738
2026-08-18T06:05:52.050+00:00,1787033152.0500898,192964.0782302,15.719834099989384,530,192963.9801659,4.6030000085011125,93.30489998683333,3,1,1,4,1,0.0,1,estabilizada,1,1,1,472.25,273.25,0.18282254040241241,0.8954837322235107,0.203179185020736,0.8303607471462171,0.19031793502073602,0.8189162471462171,-1.7971202688580745,0.19136266412373204,0.8182223576032063,-1.7678296623236573,0.0,0.5407866239505583,-0.2496799284973488,1.5826167879520738
2026-08-18T06:05:52.050+00:00,1787033152.0500898,192964.0782466,15.719850499997847,530,192963.9801659,4.6030000085011125,93.30489998683333,10,0,0,4,1,0.0,1,estabilizada,1,1,1,,,,,,,,,,,,,nan,0.5407866239505583,-0.2496799284973488,1.5826167879520738
2026-08-18T06:05:52.212+00:00,1787033152.212503,192964.2402745,15.88187840001774,535,192964.1494165,4.872599994996563,85.92370001133531,1,0,0,4,1,0.0,1,estabilizada,1,1,1,,,,,,,,,,,,,nan,0.5407863573046435,-0.24968153101304416,1.5826212113771576
2026-08-18T06:05:52.212+00:00,1787033152.212503,192964.2403426,15.881946500012418,535,192964.1494165,4.872599994996563,85.92370001133531,2,1,1,4,1,0.0,1,estabilizada,1,1,1,869.0,368.25,0.8351118564605713,0.6994088292121887,0.8183742475282462,0.6454362602827338,0.8055129975282462,0.6339917602827339,0.3597505029772267,0.7889599620021643,0.6286799753933094,0.2616051039650909,0.0,0.5407863573046435,-0.24968153101304416,1.5826212113771576
2026-08-18T06:05:52.212+00:00,1787033152.212503,192964.240359,15.881962899991777,535,192964.1494165,4.872599994996563,85.92370001133531,3,1,1,4,1,0.0,1,estabilizada,1,1,1,472.25,273.25,0.18282009661197662,0.8954803347587585,0.20317680814265654,0.8303576337747512,0.19031555814265655,0.8189131337747513,-1.797117017029927,0.19136266412373204,0.8182223576032063,-1.7678296623236573,0.0,0.5407863573046435,-0.24968153101304416,1.5826212113771576
2026-08-18T06:05:52.212+00:00,1787033152.212503,192964.2403797,15.881983600003878,535,192964.1494165,4.872599994996563,85.92370001133531,10,0,0,4,1,0.0,1,estabilizada,1,1,1,,,,,,,,,,,,,nan,0.5407863573046435,-0.24968153101304416,1.5826212113771576
2026-08-18T06:05:52.380+00:00,1787033152.380805,192964.4089159,16.050519800017355,539,192964.2864926,23.08929999708198,99.3066000228282,1,0,0,4,1,0.0,1,estabilizada,1,1,1,,,,,,,,,,,,,nan,0.540788319548773,-0.24968164439978904,1.5826275411610502
2026-08-18T06:05:52.380+00:00,1787033152.380805,192964.408971,16.050574900000356,539,192964.2864926,23.08929999708198,99.3066000228282,2,1,1,4,1,0.0,1,estabilizada,1,1,1,872.5,367.0,0.8410848379135132,0.7016451358795166,0.8240077392595877,0.6475456032994596,0.8111464892595877,0.6361011032994597,0.4268822313214886,0.7959817249347452,0.6307347632165501,0.3014229402369387,0.0,0.540788319548773,-0.24968164439978904,1.5826275411610502
2026-08-18T06:05:52.380+00:00,1787033152.380805,192964.4089855,16.05058939999435,539,192964.2864926,23.08929999708198,99.3066000228282,3,1,1,4,1,0.0,1,estabilizada,1,1,1,472.5,273.75,0.1832943707704544,0.8944624066352844,0.2036241417072377,0.8293978466456274,0.1907628917072377,0.8179533466456275,-1.7862553937604602,0.19136266412373204,0.8182223576032063,-1.7678296623236573,0.0,0.540788319548773,-0.24968164439978904,1.5826275411610502
2026-08-18T06:05:52.380+00:00,1787033152.380805,192964.408998,16.05060190000222,539,192964.2864926,23.08929999708198,99.3066000228282,10,0,0,4,1,0.0,1,estabilizada,1,1,1,,,,,,,,,,,,,nan,0.540788319548773,-0.24968164439978904,1.5826275411610502
2026-08-18T06:05:52.550+00:00,1787033152.550545,192964.5788657,16.22046959999716,544,192964.4500942,31.868899997789413,96.87840001424775,1,0,0,4,1,0.0,1,estabilizada,1,1,1,,,,,,,,,,,,,nan,0.5407891142234109,-0.2496829731522134,1.582632355378657
2026-08-18T06:05:52.550+00:00,1787033152.550545,192964.5789073,16.22051119999378,544,192964.4500942,31.868899997789413,96.87840001424775,2,1,1,4,1,0.0,1,estabilizada,1,1,1,876.25,364.75,0.8476542830467224,0.7057626247406006,0.8302036950436165,0.6514290307646455,0.8173424450436164,0.6399845307646456,0.47307378739915196,0.802299239166823,0.6328620955591299,0.3540012527366744,0.0,0.5407891142234109,-0.2496829731522134,1.582632355378657
2026-08-18T06:05:52.550+00:00,1787033152.550545,192964.5789193,16.220523199997842,544,192964.4500942,31.868899997789413,96.87840001424775,3,1,1,4,1,0.0,1,estabilizada,1,1,1,472.5,273.75,0.1832922101020813,0.8944591283798218,0.203622087259952,0.829394877173327,0.19076083725995202,0.8179503771733271,-1.786252880392208,0.19136266412373204,0.8182223576032063,-1.7678296623236573,0.0,0.5407891142234109,-0.2496829731522134,1.582632355378657
2026-08-18T06:05:52.550+00:00,1787033152.550545,192964.5789318,16.220535700005712,544,192964.4500942,31.868899997789413,96.87840001424775,10,0,0,4,1,0.0,1,estabilizada,1,1,1,,,,,,,,,,,,,nan,0.5407891142234109,-0.2496829731522134,1.582632355378657
2026-08-18T06:05:52.716+00:00,1787033152.7166214,192964.7448598,16.38646370000788,550,192964.6476944,4.939600010402501,92.2022000013385,1,0,0,4,1,0.0,1,estabilizada,1,1,1,,,,,,,,,,,,,nan,0.5407890556949592,-0.2496875608394879,1.5826348253877216
2026-08-18T06:05:52.716+00:00,1787033152.7166214,192964.7449019,16.386505800008308,550,192964.6476944,4.939600010402501,92.2022000013385,2,1,1,4,1,0.0,1,estabilizada,1,1,1,879.5,363.0,0.8533249497413635,0.7089608907699585,0.8355519107478071,0.6544452442918056,0.8226906607478071,0.6430007442918056,0.5949642737076707,0.8085399082485285,0.6358453470637384,0.4110443275760192,0.0,0.5407890556949592,-0.2496875608394879,1.5826348253877216
2026-08-18T06:05:52.716+00:00,1787033152.7166214,192964.744914,16.386517900013132,550,192964.6476944,4.939600010402501,92.2022000013385,3,1,1,4,1,0.0,1,estabilizada,1,1,1,472.0,273.0,0.18236839771270752,0.8959807753562927,0.20275077443091222,0.8308298330140755,0.18988952443091223,0.8193853330140756,-1.797109311227215,0.19136266412373204,0.8182223576032063,-1.7678296623236573,0.0,0.5407890556949592,-0.2496875608394879,1.5826348253877216
2026-08-18T06:05:52.716+00:00,1787033152.7166214,192964.7449265,16.386530399991898,550,192964.6476944,4.939600010402501,92.2022000013385,10,0,0,4,1,0.0,1,estabilizada,1,1,1,,,,,,,,,,,,,nan,0.5407890556949592,-0.2496875608394879,1.5826348253877216
2026-08-18T06:05:52.868+00:00,1787033152.8687518,192964.8972404,16.538844299997436,554,192964.7814617,22.593299974687397,93.1488000205718,1,0,0,4,1,0.0,1,estabilizada,1,1,1,,,,,,,,,,,,,nan,0.5407882816272893,-0.2496956235560317,1.5826344310603484
2026-08-18T06:05:52.868+00:00,1787033152.8687518,192964.8972958,16.538899700011825,554,192964.7814617,22.593299974687397,93.1488000205718,2,1,1,4,1,0.0,1,estabilizada,1,1,1,881.75,361.0,0.8573995232582092,0.7126700282096863,0.839394726201133,0.6579429813572525,0.8265334762011329,0.6464984813572525,0.6113734704744553,0.8145028003997149,0.6388183513102573,0.4673609448909109,0.0,0.5407882816272893,-0.2496956235560317,1.5826344310603484
2026-08-18T06:05:52.869+00:00,1787033152.8697524,192964.8975338,16.539137699990533,554,192964.7814617,22.593299974687397,93.1488000205718,3,1,1,4,1,0.0,1,estabilizada,1,1,1,472.5,273.75,0.18328912556171417,0.8944529294967651,0.20361910411800332,0.8293883967443969,0.19075785411800333,0.8179438967443969,-1.7435056295920988,0.19136266412373204,0.8182223576032063,-1.7678296623236573,0.0,0.5407882816272893,-0.2496956235560317,1.5826344310603484
2026-08-18T06:05:52.869+00:00,1787033152.8697524,192964.8976017,16.539205600012792,554,192964.7814617,22.593299974687397,93.1488000205718,10,0,0,4,1,0.0,1,estabilizada,1,1,1,,,,,,,,,,,,,nan,0.5407882816272893,-0.2496956235560317,1.5826344310603484
2026-08-18T06:05:53.077+00:00,1787033153.077914,192965.105991,16.74759489999269,559,192964.9487467,29.118899983586743,128.07070001144893,1,0,0,4,1,0.0,1,estabilizada,1,1,1,,,,,,,,,,,,,nan,0.5407895599111552,-0.24970265409168282,1.5826350388719466
2026-08-18T06:05:53.077+00:00,1787033153.077914,192965.1060486,16.74765249999473,559,192964.9487467,29.118899983586743,128.07070001144893,2,1,1,4,1,0.0,1,estabilizada,1,1,1,885.75,358.0,0.864561140537262,0.718230128288269,0.8461491620705655,0.6631865154056124,0.8332879120705654,0.6517420154056124,0.7767137405220569,0.823081449452689,0.6444766439185854,0.5448915019982387,0.0,0.5407895599111552,-0.24970265409168282,1.5826350388719466
2026-08-18T06:05:53.077+00:00,1787033153.077914,192965.1060628,16.747666700015543,559,192964.9487467,29.118899983586743,128.07070001144893,3,1,1,4,1,0.0,1,estabilizada,1,1,1,472.25,273.25,0.18281105160713196,0.8954649567604065,0.20316828176824742,0.8303424980474049,0.19030703176824743,0.8188979980474049,-1.7971051881098796,0.19136266412373204,0.8182223576032063,-1.7678296623236573,0.0,0.5407895599111552,-0.24970265409168282,1.5826350388719466
2026-08-18T06:05:53.077+00:00,1787033153.077914,192965.1060767,16.74768060000497,559,192964.9487467,29.118899983586743,128.07070001144893,10,0,0,4,1,0.0,1,estabilizada,1,1,1,,,,,,,,,,,,,nan,0.5407895599111552,-0.24970265409168282,1.5826350388719466
2026-08-18T06:05:53.230+00:00,1787033153.2306259,192965.2589674,16.90057130000787,565,192965.1492445,27.207100007217377,82.49000000068918,1,0,0,4,1,0.0,1,estabilizada,1,1,1,,,,,,,,,,,,,nan,0.5407908356003762,-0.2497076811428453,1.5826363857044274
2026-08-18T06:05:53.230+00:00,1787033153.2306259,192965.2590251,16.900629000010667,565,192965.1492445,27.207100007217377,82.49000000068918,2,1,1,4,1,0.0,1,estabilizada,1,1,1,890.75,353.25,0.8737329244613647,0.7271118760108948,0.8547994611161809,0.6715629445330515,0.8419382111161808,0.6601184445330516,0.7757143744198733,0.8277113814233527,0.6479779752373491,0.6040408013415163,0.0,0.5407908356003762,-0.2497076811428453,1.5826363857044274
2026-08-18T06:05:53.230+00:00,1787033153.2306259,192965.2590401,16.90064400000847,565,192965.1492445,27.207100007217377,82.49000000068918,3,1,1,4,1,0.0,1,estabilizada,1,1,1,472.5,273.75,0.1832864135503769,0.8944478631019592,0.2036166664594674,0.8293830131388396,0.19075541645946742,0.8179385131388396,-1.7862448228462515,0.19136266412373204,0.8182223576032063,-1.7678296623236573,0.0,0.5407908356003762,-0.2497076811428453,1.5826363857044274
2026-08-18T06:05:53.230+00:00,1787033153.2306259,192965.2590533,16.900657199992565,565,192965.1492445,27.207100007217377,82.49000000068918,10,0,0,4,1,0.0,1,estabilizada,1,1,1,,,,,,,,,,,,,nan,0.5407908356003762,-0.2497076811428453,1.5826363857044274
2026-08-18T06:05:53.364+00:00,1787033153.3641157,192965.3927866,17.034390499989968,569,192965.2889112,26.862300001084805,76.97259998531081,1,0,0,4,1,0.0,1,estabilizada,1,1,1,,,,,,,,,,,,,nan,0.5407942072804152,-0.24971469177214262,1.58263682793555
2026-08-18T06:05:53.365+00:00,1787033153.3650918,192965.3928361,17.03444000001764,569,192965.2889112,26.862300001084805,76.97259998531081,2,1,1,4,1,0.0,1,estabilizada,1,1,1,894.0,350.75,0.8796054720878601,0.7317835092544556,0.8603382508944507,0.6759685322912181,0.8474770008944508,0.6645240322912181,0.7757479266567315,0.8313472623039724,0.6510620453928352,0.6346563558843868,0.0,0.5407942072804152,-0.24971469177214262,1.58263682793555
2026-08-18T06:05:53.365+00:00,1787033153.3650918,192965.3928719,17.0344757999992,569,192965.2889112,26.862300001084805,76.97259998531081,3,1,1,4,1,0.0,1,estabilizada,1,1,1,472.25,273.0,0.18277683854103088,0.8959646821022034,0.20313625557075815,0.8308131945160127,0.19027500557075816,0.8193686945160127,-1.7971016540624103,0.19136266412373204,0.8182223576032063,-1.7848708201038403,0.0,0.5407942072804152,-0.24971469177214262,1.58263682793555
2026-08-18T06:05:53.365+00:00,1787033153.3650918,192965.3928853,17.034489200013923,569,192965.2889112,26.862300001084805,76.97259998531081,10,0,0,4,1,0.0,1,estabilizada,1,1,1,,,,,,,,,,,,,nan,0.5407942072804152,-0.24971469177214262,1.58263682793555
2026-08-18T06:05:53.514+00:00,1787033153.5141811,192965.5427485,17.184352400014177,574,192965.4475084,12.230899999849498,82.98510001623072,1,0,0,4,1,0.0,1,estabilizada,1,1,1,,,,,,,,,,,,,nan,0.5407967046561756,-0.24971987535235987,1.5826383819789467
2026-08-18T06:05:53.514+00:00,1787033153.5141811,192965.5427936,17.184397500008345,574,192965.4475084,12.230899999849498,82.98510001623072,2,1,1,4,1,0.0,1,estabilizada,1,1,1,899.75,346.75,0.8899489045143127,0.7392679452896118,0.8700936436126152,0.6830271104461652,0.8572323936126152,0.6715826104461652,0.7975884096497426,0.8374759804426978,0.6562163151204237,0.6909468206571234,0.0,0.5407967046561756,-0.24971987535235987,1.5826383819789467
2026-08-18T06:05:53.514+00:00,1787033153.5141811,192965.5428057,17.18440960001317,574,192965.4475084,12.230899999849498,82.98510001623072,3,1,1,4,1,0.0,1,estabilizada,1,1,1,472.25,273.25,0.18280702829360962,0.8954578042030334,0.2031648505475751,0.830334910474707,0.1903036005475751,0.818890410474707,-1.797099604670183,0.19136266412373204,0.8182223576032063,-1.7848708201038403,0.0,0.5407967046561756,-0.24971987535235987,1.5826383819789467
2026-08-18T06:05:53.514+00:00,1787033153.5141811,192965.5428182,17.184422099991934,574,192965.4475084,12.230899999849498,82.98510001623072,10,0,0,4,1,0.0,1,estabilizada,1,1,1,,,,,,,,,,,,,nan,0.5407967046561756,-0.24971987535235987,1.5826383819789467
2026-08-18T06:05:53.663+00:00,1787033153.6638205,192965.691818,17.3334218999953,578,192965.5827065,29.370300006121397,79.6711000148207,1,0,0,4,1,0.0,1,estabilizada,1,1,1,,,,,,,,,,,,,nan,0.5408008347028143,-0.24972299300518797,1.5826416291995402
2026-08-18T06:05:53.663+00:00,1787033153.6638205,192965.6919355,17.33353940001689,578,192965.5827065,29.370300006121397,79.6711000148207,2,1,1,4,1,0.0,1,estabilizada,1,1,1,902.5,344.0,0.8950777649879456,0.7444672584533691,0.8749311170435284,0.6879306926380712,0.8620698670435285,0.6764861926380712,0.7364123385088892,0.8468153072115419,0.6633686526968428,0.7193523498226411,0.0,0.5408008347028143,-0.24972299300518797,1.5826416291995402
2026-08-18T06:05:53.663+00:00,1787033153.6638205,192965.6919534,17.33355730000767,578,192965.5827065,29.370300006121397,79.6711000148207,3,1,1,4,1,0.0,1,estabilizada,1,1,1,472.25,273.0,0.18277399241924286,0.8959594964981079,0.20313388641610347,0.8308080293858421,0.19027263641610348,0.8193635293858421,-1.7970974826123678,0.19136266412373204,0.8182223576032063,-1.7848708201038403,0.0,0.5408008347028143,-0.24972299300518797,1.5826416291995402
2026-08-18T06:05:53.663+00:00,1787033153.6638205,192965.6919664,17.333570299990242,578,192965.5827065,29.370300006121397,79.6711000148207,10,0,0,4,1,0.0,1,estabilizada,1,1,1,,,,,,,,,,,,,nan,0.5408008347028143,-0.24972299300518797,1.5826416291995402
2026-08-18T06:05:53.820+00:00,1787033153.820402,192965.8486434,17.490247300011106,583,192965.7458704,17.498100001830608,85.25080000981688,1,0,0,4,1,0.0,1,estabilizada,1,1,1,,,,,,,,,,,,,nan,0.5408049717022736,-0.24972675725279106,1.5826434124998519
2026-08-18T06:05:53.820+00:00,1787033153.820402,192965.8486873,17.490291199996136,583,192965.7458704,17.498100001830608,85.25080000981688,2,1,1,4,1,0.0,1,estabilizada,1,1,1,907.75,339.75,0.9047046899795532,0.7525026202201843,0.8840108467636493,0.6955089580596777,0.8711495967636493,0.6840644580596777,0.6901446887983154,0.8538989506961414,0.6695812780227337,0.7193523498226411,0.0,0.5408049717022736,-0.24972675725279106,1.5826434124998519
2026-08-18T06:05:53.820+00:00,1787033153.820402,192965.8486996,17.490303500002483,583,192965.7458704,17.498100001830608,85.25080000981688,3,1,1,4,1,0.0,1,estabilizada,1,1,1,472.25,273.25,0.18280456960201263,0.8954527378082275,0.2031629370867833,0.830329947834525,0.1903016870867833,0.818885447834525,-1.797096304623557,0.19136266412373204,0.8182223576032063,-1.7848708201038403,0.0,0.5408049717022736,-0.24972675725279106,1.5826434124998519
2026-08-18T06:05:53.820+00:00,1787033153.820402,192965.8487129,17.490316800016444,583,192965.7458704,17.498100001830608,85.25080000981688,10,0,0,4,1,0.0,1,estabilizada,1,1,1,,,,,,,,,,,,,nan,0.5408049717022736,-0.24972675725279106,1.5826434124998519
2026-08-18T06:05:53.963+00:00,1787033153.9637349,192965.9924317,17.63403560000006,587,192965.886239,28.22319997358136,77.94670001021586,1,0,0,4,1,0.0,1,estabilizada,1,1,1,,,,,,,,,,,,,nan,0.5408073479612879,-0.24973055373713007,1.5826450775657555
2026-08-18T06:05:53.963+00:00,1787033153.9637349,192965.9924755,17.634079400013434,587,192965.886239,28.22319997358136,77.94670001021586,2,1,1,4,1,0.0,1,estabilizada,1,1,1,911.0,336.75,0.910762369632721,0.7582089304924011,0.8897242023124516,0.7008906126544027,0.8768629523124516,0.6894461126544027,0.7538351638455678,0.8618286579695893,0.6762227176401906,0.7193523498226411,0.0,0.5408073479612879,-0.24973055373713007,1.5826450775657555
2026-08-18T06:05:53.963+00:00,1787033153.9637349,192965.9924877,17.634091599989915,587,192965.886239,28.22319997358136,77.94670001021586,3,1,1,4,1,0.0,1,estabilizada,1,1,1,472.25,273.25,0.18280382454395294,0.89545077085495,0.20316234810952571,0.8303279453558735,0.19030109810952572,0.8188834453558735,-1.7970951266401909,0.19136266412373204,0.8182223576032063,-1.7848708201038403,0.0,0.5408073479612879,-0.24973055373713007,1.5826450775657555
2026-08-18T06:05:53.963+00:00,1787033153.9637349,192965.9924995,17.634103399992455,587,192965.886239,28.22319997358136,77.94670001021586,10,0,0,4,1,0.0,1,estabilizada,1,1,1,,,,,,,,,,,,,nan,0.5408073479612879,-0.24973055373713007,1.5826450775657555
2026-08-18T06:05:54.113+00:00,1787033154.113797,192966.1420553,17.783659200009424,592,192966.0489379,12.394200020935386,80.69829997839406,1,0,0,4,1,0.0,1,estabilizada,1,1,1,,,,,,,,,,,,,nan,0.5408103463890357,-0.2497353932380422,1.5826468450912403
2026-08-18T06:05:54.113+00:00,1787033154.113797,192966.142097,17.783700900006806,592,192966.0489379,12.394200020935386,80.69829997839406,2,1,1,4,1,0.0,1,estabilizada,1,1,1,915.75,333.75,0.9193553328514099,0.7638883590698242,0.8978287055515276,0.7062468593311704,0.8849674555515277,0.6948023593311704,0.7266263304306193,0.8765889888075404,0.687492011310054,0.6907180283396973,0.0,0.5408103463890357,-0.2497353932380422,1.5826468450912403
2026-08-18T06:05:54.113+00:00,1787033154.113797,192966.1421094,17.783713300013915,592,192966.0489379,12.394200020935386,80.69829997839406,3,1,1,4,1,0.0,1,estabilizada,1,1,1,472.5,273.5,0.1832478940486908,0.8949382901191711,0.20358131259398593,0.8298444052631277,0.19072006259398594,0.8183999052631278,-1.7347847823107887,0.19136266412373204,0.8182223576032063,-1.7848708201038403,0.0,0.5408103463890357,-0.2497353932380422,1.5826468450912403
2026-08-18T06:05:54.113+00:00,1787033154.113797,192966.1421248,17.783728700014763,592,192966.0489379,12.394200020935386,80.69829997839406,10,0,0,4,1,0.0,1,estabilizada,1,1,1,,,,,,,,,,,,,nan,0.5408103463890357,-0.2497353932380422,1.5826468450912403
2026-08-18T06:05:54.263+00:00,1787033154.263609,192966.2915788,17.933182700013276,596,192966.1805332,34.990399988600984,76.00709999678656,1,0,0,4,1,0.0,1,estabilizada,1,1,1,,,,,,,,,,,,,nan,0.540816126015407,-0.2497380316602501,1.5826497236682984
2026-08-18T06:05:54.263+00:00,1787033154.263609,192966.2916234,17.933227300003637,596,192966.1805332,34.990399988600984,76.00709999678656,2,1,1,4,1,0.0,1,estabilizada,1,1,1,919.5,331.25,0.9261865615844727,0.7686410546302795,0.9042718329603611,0.7107292397823864,0.8914105829603611,0.6992847397823865,0.6211885115622847,0.8832441926969601,0.6925532704263997,0.6694353727711487,0.0,0.540816126015407,-0.2497380316602501,1.5826497236682984
2026-08-18T06:05:54.263+00:00,1787033154.263609,192966.2916362,17.93324010001379,596,192966.1805332,34.990399988600984,76.00709999678656,3,1,1,4,1,0.0,1,estabilizada,1,1,1,472.5,273.25,0.18321458995342255,0.8954405784606934,0.20355019407622338,0.8303180985022119,0.1906889440762234,0.818873598502212,-1.734782007672195,0.19136266412373204,0.8182223576032063,-1.7848708201038403,0.0,0.540816126015407,-0.2497380316602501,1.5826497236682984
2026-08-18T06:05:54.263+00:00,1787033154.263609,192966.291647,17.933250900008716,596,192966.1805332,34.990399988600984,76.00709999678656,10,0,0,4,1,0.0,1,estabilizada,1,1,1,,,,,,,,,,,,,nan,0.540816126015407,-0.2497380316602501,1.5826497236682984
2026-08-18T06:05:54.410+00:00,1787033154.4108844,192966.4399229,18.081526800000574,601,192966.346211,11.977399990428239,81.69859999907203,1,0,0,4,1,0.0,1,estabilizada,1,1,1,,,,,,,,,,,,,nan,0.5408204740016953,-0.24973989823581824,1.5826522025391327
2026-08-18T06:05:54.410+00:00,1787033154.4108844,192966.4399661,18.08157000000938,601,192966.346211,11.977399990428239,81.69859999907203,2,1,1,4,1,0.0,1,estabilizada,1,1,1,924.25,328.0,0.9348835349082947,0.7748429775238037,0.9124745208338856,0.7165784651625758,0.8996132708338855,0.7051339651625759,0.5943643355529301,0.8852434192718717,0.6941065221515753,0.6694353727711487,0.0,0.5408204740016953,-0.24973989823581824,1.5826522025391327
2026-08-18T06:05:54.410+00:00,1787033154.4108844,192966.4399799,18.081583799998043,601,192966.346211,11.977399990428239,81.69859999907203,3,1,1,4,1,0.0,1,estabilizada,1,1,1,472.5,273.5,0.18324437737464905,0.8949339985847473,0.2035785029929012,0.8298403219395757,0.1907172529929012,0.8183958219395757,-1.7756069685831901,0.19136266412373204,0.8182223576032063,-1.7848708201038403,0.0,0.5408204740016953,-0.24973989823581824,1.5826522025391327
2026-08-18T06:05:54.410+00:00,1787033154.4108844,192966.4399918,18.081595700001344,601,192966.346211,11.977399990428239,81.69859999907203,10,0,0,4,1,0.0,1,estabilizada,1,1,1,,,,,,,,,,,,,nan,0.5408204740016953,-0.24973989823581824,1.5826522025391327
2026-08-18T06:05:54.560+00:00,1787033154.5606797,192966.5892063,18.230810200009728,605,192966.4796676,26.54419999453239,82.96999998856336,1,0,0,4,1,0.0,1,estabilizada,1,1,1,,,,,,,,,,,,,nan,0.5408257469504298,-0.24973841158459806,1.5826567138816992
2026-08-18T06:05:54.560+00:00,1787033154.5606797,192966.5892471,18.230851000000257,605,192966.4796676,26.54419999453239,82.96999998856336,2,1,1,4,1,0.0,1,estabilizada,1,1,1,927.75,325.75,0.9412786960601807,0.7791429162025452,0.9185063758824952,0.7206341324033537,0.9056451258824951,0.7091896324033538,0.594383808997564,0.8900534305364154,0.6979222177090052,0.6451622737857161,0.0,0.5408257469504298,-0.24973841158459806,1.5826567138816992
2026-08-18T06:05:54.560+00:00,1787033154.5606797,192966.5892595,18.230863400007365,605,192966.4796676,26.54419999453239,82.96999998856336,3,1,1,4,1,0.0,1,estabilizada,1,1,1,472.25,273.0,0.1827656477689743,0.895946741104126,0.20312723891105683,0.8307957435203929,0.19026598891105684,0.8193512435203929,-1.7970852266575421,0.19136266412373204,0.8182223576032063,-1.7848708201038403,0.0,0.5408257469504298,-0.24973841158459806,1.5826567138816992
2026-08-18T06:05:54.560+00:00,1787033154.5606797,192966.5892719,18.230875800014473,605,192966.4796676,26.54419999453239,82.96999998856336,10,0,0,4,1,0.0,1,estabilizada,1,1,1,,,,,,,,,,,,,nan,0.5408257469504298,-0.24973841158459806,1.5826567138816992
2026-08-18T06:05:54.734+00:00,1787033154.7343898,192966.7622609,18.4038647999987,610,192966.6496208,17.9867000260856,94.62769998935983,1,0,0,4,1,0.0,1,estabilizada,1,1,1,,,,,,,,,,,,,nan,0.5408293769925678,-0.24973489085319533,1.5826630791886782
2026-08-18T06:05:54.734+00:00,1787033154.7343898,192966.7623055,18.40390939998906,610,192966.6496208,17.9867000260856,94.62769998935983,2,1,1,4,1,0.0,1,estabilizada,1,1,1,932.75,322.25,0.9505064487457275,0.7858654856681824,0.9272096795580078,0.7269748505655405,0.9143484295580078,0.7155303505655405,0.6395334249543235,0.8971304534238308,0.7028804316794189,0.6371559827700923,0.0,0.5408293769925678,-0.24973489085319533,1.5826630791886782
2026-08-18T06:05:54.734+00:00,1787033154.7343898,192966.7623185,18.403922400000738,610,192966.6496208,17.9867000260856,94.62769998935983,3,1,1,4,1,0.0,1,estabilizada,1,1,1,472.5,273.5,0.18324030935764313,0.894929826259613,0.20357503284385808,0.8298371189773,0.1907137828438581,0.8183926189773,-1.7756012264680154,0.19136266412373204,0.8182223576032063,-1.7848708201038403,0.0,0.5408293769925678,-0.24973489085319533,1.5826630791886782
2026-08-18T06:05:54.734+00:00,1787033154.7343898,192966.7623322,18.403936100017745,610,192966.6496208,17.9867000260856,94.62769998935983,10,0,0,4,1,0.0,1,estabilizada,1,1,1,,,,,,,,,,,,,nan,0.5408293769925678,-0.24973489085319533,1.5826630791886782
2026-08-18T06:05:54.880+00:00,1787033154.8809118,192966.9094286,18.55103249999229,615,192966.8148821,7.05980000202544,87.45799999451265,1,0,0,4,1,0.0,1,estabilizada,1,1,1,,,,,,,,,,,,,nan,0.5408342652994839,-0.24972929192037216,1.5826722742810981
2026-08-18T06:05:54.880+00:00,1787033154.8809118,192966.9094808,18.551084700011415,615,192966.8148821,7.05980000202544,87.45799999451265,2,1,1,4,1,0.0,1,estabilizada,1,1,1,938.25,318.75,0.960615336894989,0.7925987839698792,0.9367441305451105,0.7333259146876179,0.9238828805451105,0.7218814146876179,0.7045066696570854,0.9052643984262945,0.708618745160461,0.6371559827700923,0.0,0.5408342652994839,-0.24972929192037216,1.5826722742810981
2026-08-18T06:05:54.880+00:00,1787033154.8809118,192966.9094961,18.551100000011502,615,192966.8148821,7.05980000202544,87.45799999451265,3,1,1,4,1,0.0,1,estabilizada,1,1,1,472.25,273.0,0.18276096880435944,0.8959422707557678,0.2031231102332915,0.8307926865263424,0.1902618602332915,0.8193481865263424,-1.7970792157346478,0.19136266412373204,0.8182223576032063,-1.7848708201038403,0.0,0.5408342652994839,-0.24972929192037216,1.5826722742810981
2026-08-18T06:05:54.880+00:00,1787033154.8809118,192966.9095095,18.55111339999712,615,192966.8148821,7.05980000202544,87.45799999451265,10,0,0,4,1,0.0,1,estabilizada,1,1,1,,,,,,,,,,,,,nan,0.5408342652994839,-0.24972929192037216,1.5826722742810981
2026-08-18T06:05:55.032+00:00,1787033155.0327575,192967.0614246,18.703028499992797,619,192966.9501812,22.645999997621402,88.5710000002291,1,0,0,4,1,0.0,1,estabilizada,1,1,1,,,,,,,,,,,,,nan,0.5408392978308891,-0.24972180405738084,1.58268589481437
2026-08-18T06:05:55.033+00:00,1787033155.033763,192967.0614731,18.703077000012854,619,192966.9501812,22.645999997621402,88.5710000002291,2,1,1,4,1,0.0,1,estabilizada,1,1,1,941.75,315.5,0.9673101902008057,0.7989183068275452,0.9430587702323512,0.739287011515652,0.9301975202323511,0.727842511515652,0.6896505270639834,0.9105838138593856,0.7124060605669243,0.6371559827700923,0.0,0.5408392978308891,-0.24972180405738084,1.58268589481437
2026-08-18T06:05:55.033+00:00,1787033155.033763,192967.061493,18.70309689998976,619,192966.9501812,22.645999997621402,88.5710000002291,3,1,1,4,1,0.0,1,estabilizada,1,1,1,472.0,273.0,0.18234439194202423,0.8959454894065857,0.20273033310426736,0.8307967086222273,0.18986908310426737,0.8193522086222274,-1.7970759158170084,0.19136266412373204,0.8182223576032063,-1.7848708201038403,0.0,0.5408392978308891,-0.24972180405738084,1.58268589481437
2026-08-18T06:05:55.033+00:00,1787033155.033763,192967.0615049,18.70310879999306,619,192966.9501812,22.645999997621402,88.5710000002291,10,0,0,4,1,0.0,1,estabilizada,1,1,1,,,,,,,,,,,,,nan,0.5408392978308891,-0.24972180405738084,1.58268589481437
2026-08-18T06:05:55.186+00:00,1787033155.1865907,192967.2151327,18.856736599991564,624,192967.1164038,8.370499999728054,90.33189999172464,1,0,0,4,1,0.0,1,estabilizada,1,1,1,,,,,,,,,,,,,nan,0.5408465747544405,-0.24971591944495714,1.5826971260450868
2026-08-18T06:05:55.186+00:00,1787033155.1865907,192967.2151775,18.85678140001255,624,192967.1164038,8.370499999728054,90.33189999172464,2,1,1,4,1,0.0,1,estabilizada,1,1,1,946.5,311.75,0.9762721061706543,0.8062172532081604,0.9515116531549945,0.7461716614301204,0.9386504031549945,0.7347271614301204,0.749876156544619,0.9185412653230809,0.7184256969314176,0.6575213649182784,0.0,0.5408465747544405,-0.24971591944495714,1.5826971260450868
2026-08-18T06:05:55.186+00:00,1787033155.1865907,192967.2151902,18.85679409999284,624,192967.1164038,8.370499999728054,90.33189999172464,3,1,1,4,1,0.0,1,estabilizada,1,1,1,472.0,273.0,0.1823417693376541,0.8959435820579529,0.20272812877215757,0.8307957066758094,0.18986687877215758,0.8193512066758094,-1.7970720269684606,0.19136266412373204,0.8182223576032063,-1.7848708201038403,0.0,0.5408465747544405,-0.24971591944495714,1.5826971260450868
2026-08-18T06:05:55.186+00:00,1787033155.1865907,192967.2152026,18.856806499999948,624,192967.1164038,8.370499999728054,90.33189999172464,10,0,0,4,1,0.0,1,estabilizada,1,1,1,,,,,,,,,,,,,nan,0.5408465747544405,-0.24971591944495714,1.5826971260450868
2026-08-18T06:05:55.334+00:00,1787033155.334407,192967.3626905,19.00429440001608,629,192967.279132,2.253799990285188,81.2807000183966,1,0,0,4,1,0.0,1,estabilizada,1,1,1,,,,,,,,,,,,,nan,0.5408533477692039,-0.2497133575559406,1.5827046780957474
2026-08-18T06:05:55.334+00:00,1787033155.334407,192967.362732,19.004335900011938,629,192967.279132,2.253799990285188,81.2807000183966,2,1,1,4,1,0.0,1,estabilizada,1,1,1,950.25,309.25,0.9832598567008972,0.811083197593689,0.9581025507581623,0.7507613376252616,0.9452413007581624,0.7393168376252617,0.6315360073848115,0.935644569689924,0.7321537589976146,0.6777421810324401,0.0,0.5408533477692039,-0.2497133575559406,1.5827046780957474
2026-08-18T06:05:55.334+00:00,1787033155.334407,192967.3627462,19.00435010000365,629,192967.279132,2.253799990285188,81.2807000183966,3,1,1,4,1,0.0,1,estabilizada,1,1,1,472.0,273.0,0.18233968317508698,0.8959422707557678,0.20272644910813026,0.8307949264817175,0.18986519910813027,0.8193504264817175,-1.7970690337025987,0.19136266412373204,0.8182223576032063,-1.7848708201038403,0.0,0.5408533477692039,-0.2497133575559406,1.5827046780957474
2026-08-18T06:05:55.334+00:00,1787033155.334407,192967.3627569,19.004360799997812,629,192967.279132,2.253799990285188,81.2807000183966,10,0,0,4,1,0.0,1,estabilizada,1,1,1,,,,,,,,,,,,,nan,0.5408533477692039,-0.2497133575559406,1.5827046780957474
2026-08-18T06:05:55.474+00:00,1787033155.4742875,192967.5026288,19.144232699996792,633,192967.413269,9.02139997924678,80.31459999619983,1,0,0,4,1,0.0,1,estabilizada,1,1,1,,,,,,,,,,,,,nan,0.5408616034982046,-0.24971155260043643,1.5827115681351238
2026-08-18T06:05:55.474+00:00,1787033155.4742875,192967.5026713,19.144275200000266,633,192967.413269,9.02139997924678,80.31459999619983,2,1,1,4,1,0.0,1,estabilizada,1,1,1,953.5,306.25,0.9895368218421936,0.8169740438461304,0.9640231587945804,0.7563175694682324,0.9511619087945804,0.7448730694682324,0.7318127600166188,0.9396161044900289,0.7354953600859229,0.6777421810324401,0.0,0.5408616034982046,-0.24971155260043643,1.5827115681351238
2026-08-18T06:05:55.474+00:00,1787033155.4742875,192967.5026846,19.144288500014227,633,192967.413269,9.02139997924678,80.31459999619983,3,1,1,4,1,0.0,1,estabilizada,1,1,1,472.25,273.0,0.18275129795074463,0.8959351181983948,0.20311503834928563,0.8307885668950611,0.19025378834928564,0.8193440668950611,-1.797066016187418,0.19136266412373204,0.8182223576032063,-1.7848708201038403,0.0,0.5408616034982046,-0.24971155260043643,1.5827115681351238
2026-08-18T06:05:55.474+00:00,1787033155.4742875,192967.5026949,19.144298800005345,633,192967.413269,9.02139997924678,80.31459999619983,10,0,0,4,1,0.0,1,estabilizada,1,1,1,,,,,,,,,,,,,nan,0.5408616034982046,-0.24971155260043643,1.5827115681351238
2026-08-18T06:05:55.614+00:00,1787033155.6147797,192967.6430632,19.28466710000066,637,192967.5464837,16.705700021702796,79.81119997566566,1,0,0,4,1,0.0,1,estabilizada,1,1,1,,,,,,,,,,,,,nan,0.540871080051737,-0.2497110027756836,1.5827170494152587
2026-08-18T06:05:55.614+00:00,1787033155.6147797,192967.6431357,19.28473959999974,637,192967.5464837,16.705700021702796,79.81119997566566,2,1,1,4,1,0.0,1,estabilizada,1,1,1,956.5,304.0,0.9952180981636047,0.8213889598846436,0.9693820008996146,0.7604816759989709,0.9565207508996145,0.7490371759989709,0.794166830176709,0.9423725838586409,0.7378150322995847,0.686819222498492,0.0,0.540871080051737,-0.2497110027756836,1.5827170494152587
2026-08-18T06:05:55.614+00:00,1787033155.6147797,192967.6431568,19.284760700014886,637,192967.5464837,16.705700021702796,79.81119997566566,3,1,1,4,1,0.0,1,estabilizada,1,1,1,472.0,273.0,0.18233530223369598,0.8959401845932007,0.20272316626507503,0.8307936020746808,0.18986191626507504,0.8193491020746808,-1.7970627406245894,0.19136266412373204,0.8182223576032063,-1.7848708201038403,0.0,0.540871080051737,-0.2497110027756836,1.5827170494152587
2026-08-18T06:05:55.614+00:00,1787033155.6147797,192967.6431674,19.284771300008288,637,192967.5464837,16.705700021702796,79.81119997566566,10,0,0,4,1,0.0,1,estabilizada,1,1,1,,,,,,,,,,,,,nan,0.540871080051737,-0.2497110027756836,1.5827170494152587
2026-08-18T06:05:55.752+00:00,1787033155.7523315,192967.780311,19.42191490001278,641,192967.6789682,23.5367999994196,77.77900001383387,1,0,0,4,1,0.0,1,estabilizada,1,1,1,,,,,,,,,,,,,nan,0.5408792081786942,-0.24971149935565473,1.5827205921803071
2026-08-18T06:05:55.752+00:00,1787033155.7523315,192967.7803578,19.42196169999079,641,192967.6789682,23.5367999994196,77.77900001383387,2,1,1,4,1,0.0,1,estabilizada,1,1,1,960.25,300.0,1.0026402473449707,0.8293065428733826,0.9763826161937166,0.7679491407643751,0.9635213661937165,0.7565046407643752,0.8169482231226727,0.9444130590941562,0.7394550833082094,0.697786269121415,0.0,0.5408792081786942,-0.24971149935565473,1.5827205921803071
2026-08-18T06:05:55.752+00:00,1787033155.7523315,192967.7803721,19.421976000012364,641,192967.6789682,23.5367999994196,77.77900001383387,3,1,1,4,1,0.0,1,estabilizada,1,1,1,472.0,273.0,0.18233346939086914,0.8959395885467529,0.20272185420770616,0.8307931575085507,0.18986060420770617,0.8193486575085507,-1.7970606186742804,0.19136266412373204,0.8182223576032063,-1.7848708201038403,0.0,0.5408792081786942,-0.24971149935565473,1.5827205921803071
2026-08-18T06:05:55.752+00:00,1787033155.7523315,192967.7803821,19.421986000001198,641,192967.6789682,23.5367999994196,77.77900001383387,10,0,0,4,1,0.0,1,estabilizada,1,1,1,,,,,,,,,,,,,nan,0.5408792081786942,-0.24971149935565473,1.5827205921803071
2026-08-18T06:05:55.896+00:00,1787033155.8964143,192967.9244062,19.566010100010317,645,192967.8133004,30.654000001959503,80.42739998199977,1,0,0,4,1,0.0,1,estabilizada,1,1,1,,,,,,,,,,,,,nan,0.5408894966656235,-0.24971550911142312,1.582720881212635
2026-08-18T06:05:55.896+00:00,1787033155.8964143,192967.9244488,19.566052700014552,645,192967.8133004,30.654000001959503,80.42739998199977,2,1,1,4,1,0.0,1,estabilizada,1,1,1,963.25,297.25,1.0084835290908813,0.8347575664520264,0.9818942148170784,0.773089979981612,0.9690329648170783,0.761645479981612,0.8362745353991324,0.9519635012953579,0.7459711527525511,0.7346535179194255,0.0,0.5408894966656235,-0.24971550911142312,1.582720881212635
2026-08-18T06:05:55.896+00:00,1787033155.8964143,192967.9244614,19.56606529999408,645,192967.8133004,30.654000001959503,80.42739998199977,3,1,1,4,1,0.0,1,estabilizada,1,1,1,472.25,273.0,0.18274575471878052,0.8959336876869202,0.20311127662338818,0.8307873760815205,0.1902500266233882,0.8193428760815206,-1.7970579320781759,0.19136266412373204,0.8182223576032063,-1.7848708201038403,0.0,0.5408894966656235,-0.24971550911142312,1.582720881212635
2026-08-18T06:05:55.896+00:00,1787033155.8964143,192967.9244715,19.566075400012778,645,192967.8133004,30.654000001959503,80.42739998199977,10,0,0,4,1,0.0,1,estabilizada,1,1,1,,,,,,,,,,,,,nan,0.5408894966656235,-0.24971550911142312,1.582720881212635
2026-08-18T06:05:56.061+00:00,1787033156.0614505,192968.0891252,19.730729100003373,650,192967.9794945,18.67250000941567,90.93549998942763,1,0,0,4,1,0.0,1,estabilizada,1,1,1,,,,,,,,,,,,,nan,0.5408970413196308,-0.24971938550720782,1.5827204896415514
2026-08-18T06:05:56.061+00:00,1787033156.0614505,192968.0891658,19.73076969999238,650,192967.9794945,18.67250000941567,90.93549998942763,2,1,1,4,1,0.0,1,estabilizada,1,1,1,967.0,292.25,1.0162197351455688,0.8447532057762146,0.9891909308024704,0.7825169904367538,0.9763296808024704,0.7710724904367539,0.9298651281594692,0.9566813900636226,0.750291600352529,0.7584211409232398,0.0,0.5408970413196308,-0.24971938550720782,1.5827204896415514
2026-08-18T06:05:56.061+00:00,1787033156.0614505,192968.0891785,19.73078240000177,650,192967.9794945,18.67250000941567,90.93549998942763,3,1,1,4,1,0.0,1,estabilizada,1,1,1,472.25,272.75,0.18271294236183167,0.8964383006095886,0.20308076417066084,0.8312630580916415,0.19021951417066085,0.8198185580916415,-1.7855698800733608,0.19136266412373204,0.8182223576032063,-1.7848708201038403,0.0,0.5408970413196308,-0.24971938550720782,1.5827204896415514
2026-08-18T06:05:56.061+00:00,1787033156.0614505,192968.0891912,19.730795100011164,650,192967.9794945,18.67250000941567,90.93549998942763,10,0,0,4,1,0.0,1,estabilizada,1,1,1,,,,,,,,,,,,,nan,0.5408970413196308,-0.24971938550720782,1.5827204896415514
2026-08-18T06:05:56.205+00:00,1787033156.2055385,192968.2337549,19.87535879999632,655,192968.1458395,9.291399997891858,78.60109998728149,1,0,0,4,1,0.0,1,estabilizada,1,1,1,,,,,,,,,,,,,nan,0.5409061044517812,-0.24972360068426258,1.5827199010705904
2026-08-18T06:05:56.205+00:00,1787033156.2055385,192968.2338001,19.87540399999125,655,192968.1458395,9.291399997891858,78.60109998728149,2,1,1,4,1,0.0,1,estabilizada,1,1,1,970.5,288.5,1.0232319831848145,0.8522653579711914,0.9958049387301324,0.7896017077498833,0.9829436887301324,0.7781572077498833,0.9474600057236692,0.9646769315460411,0.7584363771713111,0.8040161801279347,0.0,0.5409061044517812,-0.24972360068426258,1.5827199010705904
2026-08-18T06:05:56.205+00:00,1787033156.2055385,192968.2338134,19.87541730000521,655,192968.1458395,9.291399997891858,78.60109998728149,3,1,1,4,1,0.0,1,estabilizada,1,1,1,472.0,272.75,0.18229803442955017,0.8964443206787109,0.20268997256097154,0.8312684719054119,0.18982872256097155,0.8198239719054119,-1.785567889231405,0.19136266412373204,0.8182223576032063,-1.7848708201038403,0.0,0.5409061044517812,-0.24972360068426258,1.5827199010705904
2026-08-18T06:05:56.205+00:00,1787033156.2055385,192968.2338263,19.875430200016126,655,192968.1458395,9.291399997891858,78.60109998728149,10,0,0,4,1,0.0,1,estabilizada,1,1,1,,,,,,,,,,,,,nan,0.5409061044517812,-0.24972360068426258,1.5827199010705904
2026-08-18T06:05:56.356+00:00,1787033156.357431,192968.3850599,20.026663800003007,659,192968.2790272,16.342499991878867,89.65779998106882,1,0,0,4,1,0.0,1,estabilizada,1,1,1,,,,,,,,,,,,,nan,0.5409146089648535,-0.24972566217297912,1.5827211777902352
2026-08-18T06:05:56.357+00:00,1787033156.357431,192968.3851306,20.026734500017483,659,192968.2790272,16.342499991878867,89.65779998106882,2,1,1,4,1,0.0,1,estabilizada,1,1,1,971.75,286.0,1.026052713394165,0.8573173880577087,0.9984657764078295,0.7943663920649282,0.9856045264078295,0.7829218920649282,0.9299703920118433,0.9764968856725632,0.7717415871638941,0.8709584157175675,0.0,0.5409146089648535,-0.24972566217297912,1.5827211777902352
2026-08-18T06:05:56.357+00:00,1787033156.357431,192968.385142,20.026745900016977,659,192968.2790272,16.342499991878867,89.65779998106882,3,1,1,4,1,0.0,1,estabilizada,1,1,1,472.25,273.0,0.18274247646331787,0.8959337472915649,0.20310960895480623,0.8307868671596088,0.19024835895480624,0.8193423671596088,-1.7970525103673056,0.19136266412373204,0.8182223576032063,-1.7848708201038403,0.0,0.5409146089648535,-0.24972566217297912,1.5827211777902352
2026-08-18T06:05:56.357+00:00,1787033156.357431,192968.3851535,20.02675740001723,659,192968.2790272,16.342499991878867,89.65779998106882,10,0,0,4,1,0.0,1,estabilizada,1,1,1,,,,,,,,,,,,,nan,0.5409146089648535,-0.24972566217297912,1.5827211777902352
2026-08-18T06:05:56.540+00:00,1787033156.5400784,192968.5680077,20.209611600002972,664,192968.4589387,5.851399997482076,103.1856999907177,1,0,0,4,1,0.0,1,estabilizada,1,1,1,,,,,,,,,,,,,nan,0.5409207708288754,-0.24972520379531543,1.5827239420014347
2026-08-18T06:05:56.540+00:00,1787033156.5400784,192968.5680508,20.209654700011015,664,192968.4589387,5.851399997482076,103.1856999907177,2,1,1,4,1,0.0,1,estabilizada,1,1,1,974.0,283.25,1.0306755304336548,0.8628665804862976,1.0028261201892559,0.7996001712736325,0.9899648701892558,0.7881556712736325,0.930021216405033,0.9787436897698683,0.7744997059337193,0.8877294210984924,0.0,0.5409207708288754,-0.24972520379531543,1.5827239420014347
2026-08-18T06:05:56.540+00:00,1787033156.5400784,192968.5680632,20.20966709998902,664,192968.4589387,5.851399997482076,103.1856999907177,3,1,1,4,1,0.0,1,estabilizada,1,1,1,472.25,273.25,0.18277272582054138,0.8954286575317383,0.20313845303004413,0.8303106386628853,0.19027720303004414,0.8188661386628854,-1.797051001645429,0.19136266412373204,0.8182223576032063,-1.7848708201038403,0.0,0.5409207708288754,-0.24972520379531543,1.5827239420014347
2026-08-18T06:05:56.540+00:00,1787033156.5400784,192968.5680766,20.209680500003742,664,192968.4589387,5.851399997482076,103.1856999907177,10,0,0,4,1,0.0,1,estabilizada,1,1,1,,,,,,,,,,,,,nan,0.5409207708288754,-0.24972520379531543,1.5827239420014347
2026-08-18T06:05:56.696+00:00,1787033156.6965857,192968.7248522,20.36645609998959,669,192968.6127814,22.12759997928515,89.91880001849495,1,0,0,4,1,0.0,1,estabilizada,1,1,1,,,,,,,,,,,,,nan,0.5409264075914826,-0.24972671001319832,1.5827245894178168
2026-08-18T06:05:56.696+00:00,1787033156.6965857,192968.7248976,20.366501500015147,669,192968.6127814,22.12759997928515,89.91880001849495,2,1,1,4,1,0.0,1,estabilizada,1,1,1,976.5,280.5,1.0357437133789062,0.8684250116348267,1.007606438063528,0.8048424682023403,0.9947451880635279,0.7933979682023403,0.9473387220037268,0.9803233375440134,0.776438840805695,0.9008054681078237,0.0,0.5409264075914826,-0.24972671001319832,1.5827245894178168
2026-08-18T06:05:56.696+00:00,1787033156.6965857,192968.7249274,20.36653130000923,669,192968.6127814,22.12759997928515,89.91880001849495,3,1,1,4,1,0.0,1,estabilizada,1,1,1,472.25,273.25,0.18277163803577423,0.8954282402992249,0.20313773929908413,0.8303101861429873,0.19027648929908414,0.8188656861429874,-1.7653459319005216,0.19136266412373204,0.8182223576032063,-1.7848708201038403,0.0,0.5409264075914826,-0.24972671001319832,1.5827245894178168
2026-08-18T06:05:56.696+00:00,1787033156.6965857,192968.7249382,20.366542100004153,669,192968.6127814,22.12759997928515,89.91880001849495,10,0,0,4,1,0.0,1,estabilizada,1,1,1,,,,,,,,,,,,,nan,0.5409264075914826,-0.24972671001319832,1.5827245894178168
2026-08-18T06:05:56.854+00:00,1787033156.8546112,192968.8829012,20.524505100009264,673,192968.7592216,32.36860001925379,91.28530000452884,1,0,0,4,1,0.0,1,estabilizada,1,1,1,,,,,,,,,,,,,nan,0.5409320052544526,-0.24972843030905562,1.5827245588095429
2026-08-18T06:05:56.854+00:00,1787033156.8546112,192968.8830574,20.52466130000539,673,192968.7592216,32.36860001925379,91.28530000452884,2,1,1,4,1,0.0,1,estabilizada,1,1,1,977.75,278.75,1.0383856296539307,0.8719791769981384,1.0100984422549888,0.8081944305646969,0.9972371922549887,0.7967499305646969,0.9725691229840923,0.9827354434734217,0.7793701420090913,0.9109947261334004,0.0,0.5409320052544526,-0.24972843030905562,1.5827245588095429
2026-08-18T06:05:56.854+00:00,1787033156.8546112,192968.8830836,20.524687500001164,673,192968.7592216,32.36860001925379,91.28530000452884,3,1,1,4,1,0.0,1,estabilizada,1,1,1,472.5,273.75,0.1832476556301117,0.8944134712219238,0.20358700734296048,0.8293530217807148,0.1907257573429605,0.8179085217807148,-1.8187107747815388,0.19136266412373204,0.8182223576032063,-1.7848708201038403,0.0,0.5409320052544526,-0.24972843030905562,1.5827245588095429
2026-08-18T06:05:56.854+00:00,1787033156.8546112,192968.8830983,20.524702199996682,673,192968.7592216,32.36860001925379,91.28530000452884,10,0,0,4,1,0.0,1,estabilizada,1,1,1,,,,,,,,,,,,,nan,0.5409320052544526,-0.24972843030905562,1.5827245588095429
2026-08-18T06:05:57.044+00:00,1787033157.0442715,192969.0728554,20.714459300012095,679,192968.9456603,14.46790000773035,112.67569998744875,1,0,0,4,1,0.0,1,estabilizada,1,1,1,,,,,,,,,,,,,nan,0.5409352666182092,-0.24973020825879783,1.582723880399388
2026-08-18T06:05:57.045+00:00,1787033157.045276,192969.0729277,20.71453160000965,679,192968.9456603,14.46790000773035,112.67569998744875,2,1,1,4,1,0.0,1,estabilizada,1,1,1,979.25,276.0,1.0417416095733643,0.8775883913040161,1.0132637610843465,0.8134845541046614,1.0004025110843464,0.8020400541046614,1.066334823552821,0.9918391198082152,0.7903253708325878,0.9527632917742941,0.0,0.5409352666182092,-0.24973020825879783,1.582723880399388
2026-08-18T06:05:57.045+00:00,1787033157.045276,192969.0729506,20.7145545000094,679,192968.9456603,14.46790000773035,112.67569998744875,3,1,1,4,1,0.0,1,estabilizada,1,1,1,472.5,273.5,0.18321563303470612,0.8949175477027893,0.20355699985251846,0.8298283054715119,0.19069574985251847,0.8183838054715119,-1.775567011596412,0.19136266412373204,0.8182223576032063,-1.7848708201038403,0.0,0.5409352666182092,-0.24973020825879783,1.582723880399388
2026-08-18T06:05:57.045+00:00,1787033157.045276,192969.0729659,20.714569800009485,679,192968.9456603,14.46790000773035,112.67569998744875,10,0,0,4,1,0.0,1,estabilizada,1,1,1,,,,,,,,,,,,,nan,0.5409352666182092,-0.24973020825879783,1.582723880399388
2026-08-18T06:05:57.206+00:00,1787033157.2065198,192969.2343197,20.87592359998962,683,192969.1144428,32.87260001525283,86.97799997753464,1,0,0,4,1,0.0,1,estabilizada,1,1,1,,,,,,,,,,,,,nan,0.5409413174785543,-0.24973005534254974,1.5827249552766072
2026-08-18T06:05:57.206+00:00,1787033157.2065198,192969.2345234,20.87612729999819,683,192969.1144428,32.87260001525283,86.97799997753464,2,1,1,4,1,0.0,1,estabilizada,1,1,1,980.25,275.0,1.0437530279159546,0.8796204328536987,1.0151611656416548,0.81540109796623,1.0022999156416548,0.80395659796623,1.0280912682683487,0.9939552433513306,0.7932202189450724,0.9696318107874319,0.0,0.5409413174785543,-0.24973005534254974,1.5827249552766072
2026-08-18T06:05:57.206+00:00,1787033157.2065198,192969.2345539,20.8761577999976,683,192969.1144428,32.87260001525283,86.97799997753464,3,1,1,4,1,0.0,1,estabilizada,1,1,1,472.25,273.5,0.18280074000358582,0.8949230313301086,0.20316602954128316,0.8298335301776262,0.19030477954128316,0.8183890301776262,-1.775188119307594,0.19136266412373204,0.8182223576032063,-1.7848708201038403,0.0,0.5409413174785543,-0.24973005534254974,1.5827249552766072
2026-08-18T06:05:57.206+00:00,1787033157.2065198,192969.2346763,20.87628019999829,683,192969.1144428,32.87260001525283,86.97799997753464,10,0,0,4,1,0.0,1,estabilizada,1,1,1,,,,,,,,,,,,,nan,0.5409413174785543,-0.24973005534254974,1.5827249552766072
2026-08-18T06:05:57.361+00:00,1787033157.3616295,192969.389527,21.031130899995333,689,192969.3029489,3.732699988177046,82.82050001434982,1,0,0,4,1,0.0,1,estabilizada,1,1,1,,,,,,,,,,,,,nan,0.5409449743881511,-0.2497301504324079,1.5827252696607537
2026-08-18T06:05:57.361+00:00,1787033157.3616295,192969.3895704,21.03117430000566,689,192969.3029489,3.732699988177046,82.82050001434982,2,1,1,4,1,0.0,1,estabilizada,1,1,1,981.25,271.25,1.046532154083252,0.8873271942138672,1.0177824733617757,0.822669629834359,1.0049212233617757,0.811225129834359,1.0797000055094814,0.9970791566087,0.7974609675035251,1.0023105314395766,0.0,0.5409449743881511,-0.2497301504324079,1.5827252696607537
2026-08-18T06:05:57.361+00:00,1787033157.3616295,192969.3895829,21.03118680001353,689,192969.3029489,3.732699988177046,82.82050001434982,3,1,1,4,1,0.0,1,estabilizada,1,1,1,472.5,273.0,0.18315069377422333,0.8959257006645203,0.20349628746159504,0.830779191301702,0.19063503746159505,0.819334691301702,-1.7628089333548733,0.19136266412373204,0.8182223576032063,-1.7848708201038403,0.0,0.5409449743881511,-0.2497301504324079,1.5827252696607537
2026-08-18T06:05:57.361+00:00,1787033157.3616295,192969.3895932,21.031197100004647,689,192969.3029489,3.732699988177046,82.82050001434982,10,0,0,4,1,0.0,1,estabilizada,1,1,1,,,,,,,,,,,,,nan,0.5409449743881511,-0.2497301504324079,1.5827252696607537
2026-08-18T06:05:57.507+00:00,1787033157.5078557,192969.5359384,21.177542299992638,694,192969.4495076,7.944900018628687,78.46160000190139,1,0,0,4,1,0.0,1,estabilizada,1,1,1,,,,,,,,,,,,,nan,0.540951455531661,-0.2497320438285644,1.5827240032016952
2026-08-18T06:05:57.507+00:00,1787033157.5078557,192969.5359816,21.17758550000144,694,192969.4495076,7.944900018628687,78.46160000190139,2,1,1,4,1,0.0,1,estabilizada,1,1,1,981.75,269.5,1.0478901863098145,0.890932559967041,1.0190636279978535,0.826069820706163,1.0062023779978535,0.814625320706163,1.118077577783393,1.001831992965341,0.8061440298259988,1.0374680527512292,0.0,0.540951455531661,-0.2497320438285644,1.5827240032016952
2026-08-18T06:05:57.507+00:00,1787033157.5078557,192969.5359941,21.17759800000931,694,192969.4495076,7.944900018628687,78.46160000190139,3,1,1,4,1,0.0,1,estabilizada,1,1,1,472.25,273.75,0.18283066153526306,0.8944185972213745,0.2031948383560328,0.8293576279770911,0.1903335883560328,0.8179131279770911,-1.8187066934464013,0.19136266412373204,0.8182223576032063,-1.7848708201038403,0.0,0.540951455531661,-0.2497320438285644,1.5827240032016952
2026-08-18T06:05:57.507+00:00,1787033157.5078557,192969.5360039,21.177607799996622,694,192969.4495076,7.944900018628687,78.46160000190139,10,0,0,4,1,0.0,1,estabilizada,1,1,1,,,,,,,,,,,,,nan,0.540951455531661,-0.2497320438285644,1.5827240032016952
2026-08-18T06:05:57.657+00:00,1787033157.6570635,192969.6848794,21.326483300013933,697,192969.5492695,51.98759998893365,83.57670000987127,1,0,0,4,1,0.0,1,estabilizada,1,1,1,,,,,,,,,,,,,nan,0.5409554589159284,-0.2497339693931955,1.5827222188423988
2026-08-18T06:05:57.657+00:00,1787033157.6570635,192969.6850619,21.326665800006595,697,192969.5492695,51.98759998893365,83.57670000987127,2,1,1,4,1,0.0,1,estabilizada,1,1,1,982.25,268.25,1.0491105318069458,0.89350825548172,1.0202147748536876,0.8284988691132154,1.0073535248536876,0.8170543691132154,1.094333243575214,1.00286039707249,0.808302923639939,1.0485458665141132,0.0,0.5409554589159284,-0.2497339693931955,1.5827222188423988
2026-08-18T06:05:57.657+00:00,1787033157.6570635,192969.6850878,21.326691700000083,697,192969.5492695,51.98759998893365,83.57670000987127,3,1,1,4,1,0.0,1,estabilizada,1,1,1,472.0,273.5,0.18238480389118195,0.8949288725852966,0.20277458459182218,0.8298387041706441,0.1899133345918222,0.8183942041706441,-1.7751858396566187,0.19136266412373204,0.8182223576032063,-1.7848708201038403,0.0,0.5409554589159284,-0.2497339693931955,1.5827222188423988
2026-08-18T06:05:57.657+00:00,1787033157.6570635,192969.6851017,21.32670559998951,697,192969.5492695,51.98759998893365,83.57670000987127,10,0,0,4,1,0.0,1,estabilizada,1,1,1,,,,,,,,,,,,,nan,0.5409554589159284,-0.2497339693931955,1.5827222188423988
2026-08-18T06:05:57.801+00:00,1787033157.8011298,192969.8290532,21.47065709999879,703,192969.7453054,10.685999994166195,73.03610001690686,1,0,0,4,1,0.0,1,estabilizada,1,1,1,,,,,,,,,,,,,nan,0.5409584836191157,-0.24973666348695173,1.582719193503642
2026-08-18T06:05:57.801+00:00,1787033157.8011298,192969.8291085,21.470712400012417,703,192969.7453054,10.685999994166195,73.03610001690686,2,1,1,4,1,0.0,1,estabilizada,1,1,1,983.0,266.5,1.0509085655212402,0.897118330001831,1.0219106816517756,0.8319033823107622,1.0090494316517755,0.8204588823107622,1.1448636168872177,1.0054104987545343,0.8133543421971356,1.0845375199873835,0.0,0.5409584836191157,-0.24973666348695173,1.582719193503642
2026-08-18T06:05:57.801+00:00,1787033157.8011298,192969.8291205,21.47072440001648,703,192969.7453054,10.685999994166195,73.03610001690686,3,1,1,4,1,0.0,1,estabilizada,1,1,1,472.25,273.75,0.18282979726791382,0.8944190740585327,0.20319448476516822,0.8293576172936459,0.19033323476516822,0.8179131172936459,-1.8187058232834805,0.19136266412373204,0.8182223576032063,-1.7848708201038403,0.0,0.5409584836191157,-0.24973666348695173,1.582719193503642
2026-08-18T06:05:57.801+00:00,1787033157.8011298,192969.8291326,21.4707364999922,703,192969.7453054,10.685999994166195,73.03610001690686,10,0,0,4,1,0.0,1,estabilizada,1,1,1,,,,,,,,,,,,,nan,0.5409584836191157,-0.24973666348695173,1.582719193503642
2026-08-18T06:05:57.950+00:00,1787033157.9501212,192969.9780211,21.619624999992084,707,192969.8835404,12.614799983566627,81.83969999663532,1,0,0,4,1,0.0,1,estabilizada,1,1,1,,,,,,,,,,,,,nan,0.5409608025573226,-0.24974134751482913,1.5827155703194737
2026-08-18T06:05:57.950+00:00,1787033157.9501212,192969.9780629,21.619666799990227,707,192969.8835404,12.614799983566627,81.83969999663532,2,1,1,4,1,0.0,1,estabilizada,1,1,1,983.25,265.75,1.0515556335449219,0.8986692428588867,1.0225210200927979,0.8333656879612927,1.0096597700927978,0.8219211879612928,1.1812947004559646,1.0054104987545343,0.8133543421971356,1.0971892451080245,0.0,0.5409608025573226,-0.24974134751482913,1.5827155703194737
2026-08-18T06:05:57.950+00:00,1787033157.9501212,192969.9780753,21.619679199997336,707,192969.8835404,12.614799983566627,81.83969999663532,3,1,1,4,1,0.0,1,estabilizada,1,1,1,472.5,273.5,0.1832118183374405,0.8949178457260132,0.20355496096115927,0.8298276113695764,0.19069371096115928,0.8183831113695764,-1.775563022994201,0.19136266412373204,0.8182223576032063,-1.7848708201038403,0.0,0.5409608025573226,-0.24974134751482913,1.5827155703194737
2026-08-18T06:05:57.950+00:00,1787033157.9501212,192969.9780885,21.619692400010535,707,192969.8835404,12.614799983566627,81.83969999663532,10,0,0,4,1,0.0,1,estabilizada,1,1,1,,,,,,,,,,,,,nan,0.5409608025573226,-0.24974134751482913,1.5827155703194737
2026-08-18T06:05:58.088+00:00,1787033158.0889025,192970.117391,21.758994900010293,710,192969.9838876,50.517599971499294,82.96120000886731,1,0,0,4,1,0.0,1,estabilizada,1,1,1,,,,,,,,,,,,,nan,0.5409651694866736,-0.2497439480785124,1.5827127554120581
2026-08-18T06:05:58.088+00:00,1787033158.0889025,192970.1174329,21.7590368000092,710,192969.9838876,50.517599971499294,82.96120000886731,2,1,1,4,1,0.0,1,estabilizada,1,1,1,983.5,265.25,1.0521327257156372,0.8997018337249756,1.0230654929513259,0.8343392971506236,1.0102042429513258,0.8228947971506236,1.1812928818624893,1.0062221553260384,0.8152651596971814,1.1365235387137413,0.0,0.5409651694866736,-0.2497439480785124,1.5827127554120581
2026-08-18T06:05:58.088+00:00,1787033158.0889025,192970.1174462,21.759050099994056,710,192969.9838876,50.517599971499294,82.96120000886731,3,1,1,4,1,0.0,1,estabilizada,1,1,1,472.25,273.75,0.1828298270702362,0.8944203853607178,0.20319497589920849,0.8293581751413268,0.1903337258992085,0.8179136751413268,-1.818705823283483,0.19136266412373204,0.8182223576032063,-1.7848708201038403,0.0,0.5409651694866736,-0.2497439480785124,1.5827127554120581
2026-08-18T06:05:58.088+00:00,1787033158.0889025,192970.1174599,21.759063800011063,710,192969.9838876,50.517599971499294,82.96120000886731,10,0,0,4,1,0.0,1,estabilizada,1,1,1,,,,,,,,,,,,,nan,0.5409651694866736,-0.2497439480785124,1.5827127554120581
2026-08-18T06:05:58.237+00:00,1787033158.2371235,192970.2654964,21.907100300013553,715,192970.147659,30.956100003095344,86.85609998065047,1,0,0,4,1,0.0,1,estabilizada,1,1,1,,,,,,,,,,,,,nan,0.5409681922391056,-0.2497464766901656,1.5827096852242233
2026-08-18T06:05:58.237+00:00,1787033158.2371235,192970.2655377,21.90714160000789,715,192970.147659,30.956100003095344,86.85609998065047,2,1,1,4,1,0.0,1,estabilizada,1,1,1,983.25,265.5,1.0516263246536255,0.8991888165473938,1.0225880036359616,0.8338551818595319,1.0097267536359615,0.8224106818595319,1.2287956367455817,1.0070974346510893,0.816942185556237,1.172940070808484,0.0,0.5409681922391056,-0.2497464766901656,1.5827096852242233
2026-08-18T06:05:58.237+00:00,1787033158.2371235,192970.2655497,21.907153600011952,715,192970.147659,30.956100003095344,86.85609998065047,3,1,1,4,1,0.0,1,estabilizada,1,1,1,472.5,273.0,0.1831495314836502,0.8959289789199829,0.20349671187221824,0.8307807132793985,0.19063546187221825,0.8193362132793985,-1.7628079314376186,0.19136266412373204,0.8182223576032063,-1.7848708201038403,0.0,0.5409681922391056,-0.2497464766901656,1.5827096852242233
2026-08-18T06:05:58.237+00:00,1787033158.2371235,192970.26556,21.90716390000307,715,192970.147659,30.956100003095344,86.85609998065047,10,0,0,4,1,0.0,1,estabilizada,1,1,1,,,,,,,,,,,,,nan,0.5409681922391056,-0.2497464766901656,1.5827096852242233
2026-08-18T06:05:58.382+00:00,1787033158.382467,192970.4103921,22.051995999994688,720,192970.3142201,17.316399986157194,78.83170002605766,1,0,0,4,1,0.0,1,estabilizada,1,1,1,,,,,,,,,,,,,nan,0.5409715967546284,-0.24975042759682076,1.5827047576501796
2026-08-18T06:05:58.382+00:00,1787033158.382467,192970.410436,22.052039900008822,720,192970.3142201,17.316399986157194,78.83170002605766,2,1,1,4,1,0.0,1,estabilizada,1,1,1,983.5,263.5,1.0526269674301147,0.9033411145210266,1.0235318483700304,0.8377709326605232,1.0106705983700304,0.8263264326605232,1.2578688449584787,1.0078169140627615,0.8185572137988202,1.211984053114912,0.0,0.5409715967546284,-0.24975042759682076,1.5827047576501796
2026-08-18T06:05:58.382+00:00,1787033158.382467,192970.4104489,22.052052799990634,720,192970.3142201,17.316399986157194,78.83170002605766,3,1,1,4,1,0.0,1,estabilizada,1,1,1,472.75,273.75,0.1836584210395813,0.8944113254547119,0.20397692053161487,0.8293489331943116,0.19111567053161488,0.8179044331943116,-1.7861869879310752,0.19136266412373204,0.8182223576032063,-1.7848708201038403,0.0,0.5409715967546284,-0.24975042759682076,1.5827047576501796
2026-08-18T06:05:58.382+00:00,1787033158.382467,192970.4104621,22.052066000003833,720,192970.3142201,17.316399986157194,78.83170002605766,10,0,0,4,1,0.0,1,estabilizada,1,1,1,,,,,,,,,,,,,nan,0.5409715967546284,-0.24975042759682076,1.5827047576501796
2026-08-18T06:05:58.541+00:00,1787033158.5412815,192970.5691582,22.210762100003194,724,192970.4467433,40.18069998710416,82.21019999473356,1,0,0,4,1,0.0,1,estabilizada,1,1,1,,,,,,,,,,,,,nan,0.5409766117125643,-0.24975388073847496,1.5826996449941204
2026-08-18T06:05:58.541+00:00,1787033158.5412815,192970.5692015,22.21080540001276,724,192970.4467433,40.18069998710416,82.21019999473356,2,1,1,4,1,0.0,1,estabilizada,1,1,1,983.75,262.5,1.0533459186553955,0.905417799949646,1.0242101077195018,0.8397291194784267,1.0113488577195018,0.8282846194784267,1.2431793060894176,1.0084870956048704,0.8202557857621289,1.2315920310869493,0.0,0.5409766117125643,-0.24975388073847496,1.5826996449941204
2026-08-18T06:05:58.541+00:00,1787033158.5412815,192970.5692138,22.210817699990002,724,192970.4467433,40.18069998710416,82.21019999473356,3,1,1,4,1,0.0,1,estabilizada,1,1,1,472.25,273.0,0.1827368587255478,0.8959380388259888,0.20310811354373615,0.8307884236814267,0.19024686354373616,0.8193439236814267,-1.7628091060001208,0.19136266412373204,0.8182223576032063,-1.7848708201038403,0.0,0.5409766117125643,-0.24975388073847496,1.5826996449941204
2026-08-18T06:05:58.541+00:00,1787033158.5412815,192970.5692262,22.21083009999711,724,192970.4467433,40.18069998710416,82.21019999473356,10,0,0,4,1,0.0,1,estabilizada,1,1,1,,,,,,,,,,,,,nan,0.5409766117125643,-0.24975388073847496,1.5826996449941204
2026-08-18T06:05:58.693+00:00,1787033158.6932874,192970.7217753,22.36337919998914,729,192970.6221084,18.318199989153072,81.3239999988582,1,0,0,4,1,0.0,1,estabilizada,1,1,1,,,,,,,,,,,,,nan,0.5409815209044215,-0.24975592345998934,1.5826966593142628
2026-08-18T06:05:58.693+00:00,1787033158.6932874,192970.7218174,22.363421299989568,729,192970.6221084,18.318199989153072,81.3239999988582,2,1,1,4,1,0.0,1,estabilizada,1,1,1,981.75,260.75,1.0503453016281128,0.9091135263442993,1.021380344890923,0.8432144484201849,1.008519094890923,0.8317699484201849,1.3842606624092788,1.009115028244727,0.8220174859134683,1.245016015407087,0.0,0.5409815209044215,-0.24975592345998934,1.5826966593142628
2026-08-18T06:05:58.693+00:00,1787033158.6932874,192970.7218306,22.363434500002768,729,192970.6221084,18.318199989153072,81.3239999988582,3,1,1,4,1,0.0,1,estabilizada,1,1,1,472.75,273.75,0.18365958333015442,0.8944150805473328,0.20397868503067718,0.8293518293206097,0.19111743503067719,0.8179073293206097,-1.786188133485631,0.19136266412373204,0.8182223576032063,-1.7848708201038403,0.0,0.5409815209044215,-0.24975592345998934,1.5826966593142628
2026-08-18T06:05:58.693+00:00,1787033158.6932874,192970.7218439,22.36344780001673,729,192970.6221084,18.318199989153072,81.3239999988582,10,0,0,4,1,0.0,1,estabilizada,1,1,1,,,,,,,,,,,,,nan,0.5409815209044215,-0.24975592345998934,1.5826966593142628
2026-08-18T06:05:58.831+00:00,1787033158.8310285,192970.8590758,22.50067969999509,734,192970.7786547,1.5107000072021037,78.88650000677444,1,0,0,4,1,0.0,1,estabilizada,1,1,1,,,,,,,,,,,,,nan,0.5409892933917251,-0.2497558850458738,1.5826946795190655
2026-08-18T06:05:58.831+00:00,1787033158.8310285,192970.8591187,22.50072260000161,734,192970.7786547,1.5107000072021037,78.88650000677444,2,1,1,4,1,0.0,1,estabilizada,1,1,1,981.75,260.0,1.0505568981170654,0.9106795787811279,1.0215803146870783,0.8446913669700121,1.0087190646870783,0.8332468669700122,1.3821336565772806,1.0089789746159734,0.8260882833163323,1.3259907699802425,0.0,0.5409892933917251,-0.2497558850458738,1.5826946795190655
2026-08-18T06:05:58.831+00:00,1787033158.8310285,192970.8591316,22.500735500012524,734,192970.7786547,1.5107000072021037,78.88650000677444,3,1,1,4,1,0.0,1,estabilizada,1,1,1,472.25,273.0,0.18273809552192688,0.8959423303604126,0.2031100650657175,0.8307921528050685,0.1902488150657175,0.8193476528050685,-1.7970469672352676,0.19136266412373204,0.8182223576032063,-1.7848708201038403,0.0,0.5409892933917251,-0.2497558850458738,1.5826946795190655
2026-08-18T06:05:58.831+00:00,1787033158.8310285,192970.8591442,22.50074809999205,734,192970.7786547,1.5107000072021037,78.88650000677444,10,0,0,4,1,0.0,1,estabilizada,1,1,1,,,,,,,,,,,,,nan,0.5409892933917251,-0.2497558850458738,1.5826946795190655
2026-08-18T06:05:58.980+00:00,1787033158.980741,192971.0092933,22.650897200015606,738,192970.9118097,12.71660000202246,84.70249999663793,1,0,0,4,1,0.0,1,estabilizada,1,1,1,,,,,,,,,,,,,nan,0.5409953860220392,-0.24975407583824868,1.5826933276395432
2026-08-18T06:05:58.981+00:00,1787033158.981742,192971.0093909,22.65099480000208,738,192970.9118097,12.71660000202246,84.70249999663793,2,1,1,4,1,0.0,1,estabilizada,1,1,1,981.75,259.75,1.0506274700164795,0.9112025499343872,1.0216471952162398,0.8451846458370914,1.0087859452162398,0.8337401458370914,1.473060156766034,1.008951421042793,0.8278610708785035,1.3775135846671196,0.0,0.5409953860220392,-0.24975407583824868,1.5826933276395432
2026-08-18T06:05:58.981+00:00,1787033158.981742,192971.009699,22.651302899990696,738,192970.9118097,12.71660000202246,84.70249999663793,3,1,1,4,1,0.0,1,estabilizada,1,1,1,472.25,273.0,0.18273867666721344,0.8959445953369141,0.20311097702310255,0.8307943362153006,0.19024972702310256,0.8193498362153007,-1.7970472495456946,0.19136266412373204,0.8182223576032063,-1.7848708201038403,0.0,0.5409953860220392,-0.24975407583824868,1.5826933276395432
2026-08-18T06:05:58.981+00:00,1787033158.981742,192971.0099719,22.65157580000232,738,192970.9118097,12.71660000202246,84.70249999663793,10,0,0,4,1,0.0,1,estabilizada,1,1,1,,,,,,,,,,,,,nan,0.5409953860220392,-0.24975407583824868,1.5826933276395432
2026-08-18T06:05:59.135+00:00,1787033159.1358101,192971.1642765,22.805880400002934,743,192971.0784121,3.2159999827854335,82.62330002617091,1,0,0,4,1,0.0,1,estabilizada,1,1,1,,,,,,,,,,,,,nan,0.541001437211143,-0.24975267579761337,1.5826922101217937
2026-08-18T06:05:59.135+00:00,1787033159.1358101,192971.1643211,22.805924999993294,743,192971.0784121,3.2159999827854335,82.62330002617091,2,1,1,4,1,0.0,1,estabilizada,1,1,1,981.0,257.5,1.0499500036239624,0.9159241914749146,1.0210085766780188,0.8496378236116049,1.0081473266780188,0.8381933236116049,1.5017773338997789,1.008951421042793,0.8278610708785035,1.4060595780893124,0.0,0.541001437211143,-0.24975267579761337,1.5826922101217937
2026-08-18T06:05:59.135+00:00,1787033159.1358101,192971.1643345,22.805938400008017,743,192971.0784121,3.2159999827854335,82.62330002617091,3,1,1,4,1,0.0,1,estabilizada,1,1,1,472.25,273.0,0.1827392280101776,0.8959469795227051,0.20311185550014654,0.830796618435824,0.19025060550014655,0.819352118435824,-1.7970475804411137,0.19136266412373204,0.8182223576032063,-1.7848708201038403,0.0,0.541001437211143,-0.24975267579761337,1.5826922101217937
2026-08-18T06:05:59.135+00:00,1787033159.1358101,192971.1643469,22.805950800015125,743,192971.0784121,3.2159999827854335,82.62330002617091,10,0,0,4,1,0.0,1,estabilizada,1,1,1,,,,,,,,,,,,,nan,0.541001437211143,-0.24975267579761337,1.5826922101217937
2026-08-18T06:05:59.275+00:00,1787033159.27576,192971.303632,22.945235899998806,747,192971.2163453,6.827900011558086,80.43499998166226,1,0,0,4,1,0.0,1,estabilizada,1,1,1,,,,,,,,,,,,,nan,0.5410074534497902,-0.24975167623868105,1.5826912766523913
2026-08-18T06:05:59.275+00:00,1787033159.27576,192971.3036752,22.94527910000761,747,192971.2163453,6.827900011558086,80.43499998166226,2,1,1,4,1,0.0,1,estabilizada,1,1,1,981.25,256.75,1.0505999326705933,0.917489230632782,1.0216218724472,0.8511138843045767,1.0087606224471999,0.8396693843045767,1.531319437766508,1.0086333905628022,0.831949999587592,1.4420505030770914,0.0,0.5410074534497902,-0.24975167623868105,1.5826912766523913
2026-08-18T06:05:59.275+00:00,1787033159.27576,192971.3036867,22.945290600007866,747,192971.2163453,6.827900011558086,80.43499998166226,3,1,1,4,1,0.0,1,estabilizada,1,1,1,472.25,273.0,0.1827397346496582,0.8959495425224304,0.20311268745964184,0.8307990541046271,0.19025143745964185,0.8193545541046271,-1.797048169355464,0.19136266412373204,0.8182223576032063,-1.7848708201038403,0.0,0.5410074534497902,-0.24975167623868105,1.5826912766523913
2026-08-18T06:05:59.275+00:00,1787033159.27576,192971.3037001,22.945303999993484,747,192971.2163453,6.827900011558086,80.43499998166226,10,0,0,4,1,0.0,1,estabilizada,1,1,1,,,,,,,,,,,,,nan,0.5410074534497902,-0.24975167623868105,1.5826912766523913
2026-08-18T06:05:59.410+00:00,1787033159.410642,192971.4390088,23.08061269999598,751,192971.3453004,16.307500016409904,77.37700000870973,1,0,0,4,1,0.0,1,estabilizada,1,1,1,,,,,,,,,,,,,nan,0.5410178972459059,-0.24975255264595575,1.5826898223249781
2026-08-18T06:05:59.410+00:00,1787033159.410642,192971.4390492,23.08065310001257,751,192971.3453004,16.307500016409904,77.37700000870973,2,1,1,4,1,0.0,1,estabilizada,1,1,1,981.0,257.0,1.0500915050506592,0.9169725775718689,1.0211429239350474,0.8506265000028913,1.0082816739350473,0.8391820000028913,1.5705272399574421,1.0086333905628022,0.831949999587592,1.497070100914502,0.0,0.5410178972459059,-0.24975255264595575,1.5826898223249781
2026-08-18T06:05:59.410+00:00,1787033159.410642,192971.4390625,23.080666399997426,751,192971.3453004,16.307500016409904,77.37700000870973,3,1,1,4,1,0.0,1,estabilizada,1,1,1,472.25,273.0,0.18274027109146118,0.8959522247314453,0.20311380600592222,0.8308014740856288,0.19025255600592222,0.8193569740856288,-1.7970484759586345,0.19136266412373204,0.8182223576032063,-1.7848708201038403,0.0,0.5410178972459059,-0.24975255264595575,1.5826898223249781
2026-08-18T06:05:59.410+00:00,1787033159.410642,192971.4390723,23.08067620001384,751,192971.3453004,16.307500016409904,77.37700000870973,10,0,0,4,1,0.0,1,estabilizada,1,1,1,,,,,,,,,,,,,nan,0.5410178972459059,-0.24975255264595575,1.5826898223249781
2026-08-18T06:05:59.559+00:00,1787033159.5598528,192971.5880979,23.229701800009934,755,192971.4787302,29.732099996181205,79.61029998841695,1,0,0,4,1,0.0,1,estabilizada,1,1,1,,,,,,,,,,,,,nan,0.5410313891805842,-0.2497537417859741,1.5826872440948598
2026-08-18T06:05:59.559+00:00,1787033159.5598528,192971.5881414,23.22974529999192,755,192971.4787302,29.732099996181205,79.61029998841695,2,1,1,4,1,0.0,1,estabilizada,1,1,1,981.25,256.75,1.050599455833435,0.9174913763999939,1.0216227100045492,0.8511156214751372,1.0087614600045491,0.8396711214751372,1.5313234524209702,1.0086333905628022,0.831949999587592,1.5238243420022137,0.0,0.5410313891805842,-0.2497537417859741,1.5826872440948598
2026-08-18T06:05:59.559+00:00,1787033159.5598528,192971.5881543,23.229758200002834,755,192971.4787302,29.732099996181205,79.61029998841695,3,1,1,4,1,0.0,1,estabilizada,1,1,1,472.25,273.25,0.18277230858802795,0.8954507112503052,0.20314482209228008,0.8303283055710895,0.19028357209228008,0.8188838055710895,-1.797048758271176,0.19136266412373204,0.8182223576032063,-1.7848708201038403,0.0,0.5410313891805842,-0.2497537417859741,1.5826872440948598
2026-08-18T06:05:59.559+00:00,1787033159.5598528,192971.5881678,23.229771699989215,755,192971.4787302,29.732099996181205,79.61029998841695,10,0,0,4,1,0.0,1,estabilizada,1,1,1,,,,,,,,,,,,,nan,0.5410313891805842,-0.2497537417859741,1.5826872440948598
2026-08-18T06:05:59.699+00:00,1787033159.6994388,192971.7275697,23.369173599989153,760,192971.645297,4.445300000952557,77.80379999894649,1,0,0,4,1,0.0,1,estabilizada,1,1,1,,,,,,,,,,,,,nan,0.5410430277214378,-0.24975399628258463,1.5826862832500146
2026-08-18T06:05:59.699+00:00,1787033159.6994388,192971.7276132,23.36921710000024,760,192971.645297,4.445300000952557,77.80379999894649,2,1,1,4,1,0.0,1,estabilizada,1,1,1,981.0,257.0,1.0500911474227905,0.9169747829437256,1.0211439509644735,0.8506283495148964,1.0082827009644735,0.8391838495148964,1.5313214250748528,1.0086333905628022,0.831949999587592,1.5428124478322984,0.0,0.5410430277214378,-0.24975399628258463,1.5826862832500146
2026-08-18T06:05:59.699+00:00,1787033159.6994388,192971.727626,23.369229900010396,760,192971.645297,4.445300000952557,77.80379999894649,3,1,1,4,1,0.0,1,estabilizada,1,1,1,472.25,272.75,0.18270987272262573,0.896462619304657,0.20308661086157542,0.8312826171181112,0.19022536086157543,0.8198381171181113,-1.7855630538903222,0.19136266412373204,0.8182223576032063,-1.7848708201038403,0.0,0.5410430277214378,-0.24975399628258463,1.5826862832500146
2026-08-18T06:05:59.699+00:00,1787033159.6994388,192971.7276389,23.369242799992207,760,192971.645297,4.445300000952557,77.80379999894649,10,0,0,4,1,0.0,1,estabilizada,1,1,1,,,,,,,,,,,,,nan,0.5410430277214378,-0.24975399628258463,1.5826862832500146
2026-08-18T06:05:59.840+00:00,1787033159.8401408,192971.8681703,23.509774200007087,764,192971.7810732,7.344800018472597,79.72660000086762,1,0,0,4,1,0.0,1,estabilizada,1,1,1,,,,,,,,,,,,,nan,0.541053544075337,-0.24975602380729256,1.5826842876372655
2026-08-18T06:05:59.840+00:00,1787033159.8401408,192971.8682151,23.50981899999897,764,192971.7810732,7.344800018472597,79.72660000086762,2,1,1,4,1,0.0,1,estabilizada,1,1,1,981.0,257.0,1.0500913858413696,0.9169755578041077,1.0211447373424853,0.8506288813600106,1.0082834873424853,0.8391843813600106,1.5313234924543195,1.0086333905628022,0.831949999587592,1.5428124478322984,0.0,0.541053544075337,-0.24975602380729256,1.5826842876372655
2026-08-18T06:05:59.840+00:00,1787033159.8401408,192971.8682273,23.509831200004555,764,192971.7810732,7.344800018472597,79.72660000086762,3,1,1,4,1,0.0,1,estabilizada,1,1,1,472.25,273.0,0.18274204432964325,0.895960807800293,0.20311757672672948,0.8308091438518129,0.19025632672672949,0.819364643851813,-1.7970493471882503,0.19136266412373204,0.8182223576032063,-1.7848708201038403,0.0,0.541053544075337,-0.24975602380729256,1.5826842876372655
2026-08-18T06:05:59.840+00:00,1787033159.8401408,192971.8682403,23.509844200016232,764,192971.7810732,7.344800018472597,79.72660000086762,10,0,0,4,1,0.0,1,estabilizada,1,1,1,,,,,,,,,,,,,nan,0.541053544075337,-0.24975602380729256,1.5826842876372655
2026-08-18T06:06:00.006+00:00,1787033160.006613,192972.0350016,23.67660549998982,768,192971.9120347,30.551799980457872,92.37699999357574,1,0,0,4,1,0.0,1,estabilizada,1,1,1,,,,,,,,,,,,,nan,0.5410632696602716,-0.24975677016141345,1.5826841453378981
2026-08-18T06:06:00.007+00:00,1787033160.0076156,192972.0353059,23.676909800007707,768,192971.9120347,30.551799980457872,92.37699999357574,2,1,1,4,1,0.0,1,estabilizada,1,1,1,980.75,257.5,1.049513339996338,0.9159355759620667,1.0206001127645858,0.8496479901161145,1.0077388627645858,0.8382034901161145,1.5705272402517807,1.0086333905628022,0.831949999587592,1.5428124478322984,0.0,0.5410632696602716,-0.24975677016141345,1.5826841453378981
2026-08-18T06:06:00.007+00:00,1787033160.0076156,192972.0353526,23.676956500014057,768,192971.9120347,30.551799980457872,92.37699999357574,3,1,1,4,1,0.0,1,estabilizada,1,1,1,472.25,273.0,0.1827426552772522,0.8959636688232422,0.20311870781399305,0.830811793881951,0.19025745781399306,0.8193672938819511,-1.7970499603957988,0.19136266412373204,0.8182223576032063,-1.7848708201038403,0.0,0.5410632696602716,-0.24975677016141345,1.5826841453378981
2026-08-18T06:06:00.007+00:00,1787033160.0076156,192972.0353724,23.6769762999902,768,192971.9120347,30.551799980457872,92.37699999357574,10,0,0,4,1,0.0,1,estabilizada,1,1,1,,,,,,,,,,,,,nan,0.5410632696602716,-0.24975677016141345,1.5826841453378981
2026-08-18T06:06:00.170+00:00,1787033160.170401,192972.1987879,23.840391800011275,774,192972.1118793,2.603800006909296,84.28049998474307,1,0,0,4,1,0.0,1,estabilizada,1,1,1,,,,,,,,,,,,,nan,0.5410758511344276,-0.24975670185022772,1.5826855189631532
2026-08-18T06:06:00.170+00:00,1787033160.170401,192972.1988274,23.840431299991906,774,192972.1118793,2.603800006909296,84.28049998474307,2,1,1,4,1,0.0,1,estabilizada,1,1,1,981.25,256.75,1.0506014823913574,0.9174942374229431,1.02162711808229,0.8511180791300391,1.00876586808229,0.8396735791300391,1.5313215451808047,1.0086333905628022,0.831949999587592,1.5428124478322984,0.0,0.5410758511344276,-0.24975670185022772,1.5826855189631532
2026-08-18T06:06:00.170+00:00,1787033160.170401,192972.19884,23.840443900000537,774,192972.1118793,2.603800006909296,84.28049998474307,3,1,1,4,1,0.0,1,estabilizada,1,1,1,472.25,273.0,0.18274347484111786,0.8959664106369019,0.20312017853872,0.830814440211726,0.19025892853872,0.819369940211726,-1.7970502669995077,0.19136266412373204,0.8182223576032063,-1.7848708201038403,0.0,0.5410758511344276,-0.24975670185022772,1.5826855189631532
2026-08-18T06:06:00.170+00:00,1787033160.170401,192972.198853,23.840456900012214,774,192972.1118793,2.603800006909296,84.28049998474307,10,0,0,4,1,0.0,1,estabilizada,1,1,1,,,,,,,,,,,,,nan,0.5410758511344276,-0.24975670185022772,1.5826855189631532
2026-08-18T06:06:00.356+00:00,1787033160.3561308,192972.3842253,24.025829199992586,778,192972.2442894,24.24790000077337,115.6427999958396,1,0,0,4,1,0.0,1,estabilizada,1,1,1,,,,,,,,,,,,,nan,0.5410849540413655,-0.24975547481997762,1.5826877527253784
2026-08-18T06:06:00.356+00:00,1787033160.3561308,192972.3843088,24.025912700017216,778,192972.2442894,24.24790000077337,115.6427999958396,2,1,1,4,1,0.0,1,estabilizada,1,1,1,981.25,256.5,1.0506736040115356,0.9180180430412292,1.021695697018612,0.8516122618462157,1.008834447018612,0.8401677618462158,1.531321545180805,1.0086333905628022,0.831949999587592,1.5428124478322984,0.0,0.5410849540413655,-0.24975547481997762,1.5826877527253784
2026-08-18T06:06:00.356+00:00,1787033160.3561308,192972.3843222,24.025926100002835,778,192972.2442894,24.24790000077337,115.6427999958396,3,1,1,4,1,0.0,1,estabilizada,1,1,1,472.25,273.0,0.18274453282356262,0.8959689736366272,0.2031216652390166,0.8308170191948675,0.1902604152390166,0.8193725191948675,-1.7970517757306892,0.19136266412373204,0.8182223576032063,-1.7848708201038403,0.0,0.5410849540413655,-0.24975547481997762,1.5826877527253784
2026-08-18T06:06:00.356+00:00,1787033160.3561308,192972.3843346,24.025938500009943,778,192972.2442894,24.24790000077337,115.6427999958396,10,0,0,4,1,0.0,1,estabilizada,1,1,1,,,,,,,,,,,,,nan,0.5410849540413655,-0.24975547481997762,1.5826877527253784
2026-08-18T06:06:00.523+00:00,1787033160.5238023,192972.5520236,24.193627500004368,784,192972.4454154,11.635400005616248,94.90729999379255,1,0,0,4,1,0.0,1,estabilizada,1,1,1,,,,,,,,,,,,,nan,0.5410960654472389,-0.24975413635314414,1.5826897448828416
2026-08-18T06:06:00.523+00:00,1787033160.5238023,192972.5522586,24.193862499989336,784,192972.4454154,11.635400005616248,94.90729999379255,2,1,1,4,1,0.0,1,estabilizada,1,1,1,981.5,256.75,1.0510424375534058,0.9174885153770447,1.022044225087606,0.8511130055872258,1.009182975087606,0.8396685055872258,1.531321585215959,1.0086333905628022,0.831949999587592,1.5428124478322984,0.0,0.5410960654472389,-0.24975413635314414,1.5826897448828416
2026-08-18T06:06:00.523+00:00,1787033160.5238023,192972.5522889,24.19389280001633,784,192972.4454154,11.635400005616248,94.90729999379255,3,1,1,4,1,0.0,1,estabilizada,1,1,1,472.25,273.0,0.18274565041065216,0.8959714770317078,0.20312332547777673,0.8308195383538781,0.19026207547777674,0.8193750383538781,-1.797052388938343,0.19136266412373204,0.8182223576032063,-1.7848708201038403,0.0,0.5410960654472389,-0.24975413635314414,1.5826897448828416
2026-08-18T06:06:00.523+00:00,1787033160.5238023,192972.5523036,24.193907500011846,784,192972.4454154,11.635400005616248,94.90729999379255,10,0,0,4,1,0.0,1,estabilizada,1,1,1,,,,,,,,,,,,,nan,0.5410960654472389,-0.24975413635314414,1.5826897448828416
2026-08-18T06:06:00.676+00:00,1787033160.6763577,192972.7042824,24.3458862999978,789,192972.6113528,6.488599989097565,86.3991999940481,1,0,0,4,1,0.0,1,estabilizada,1,1,1,,,,,,,,,,,,,nan,0.5411054745007328,-0.2497498880678428,1.5826946687482084
2026-08-18T06:06:00.676+00:00,1787033160.6763577,192972.7043555,24.345959400001448,789,192972.6113528,6.488599989097565,86.3991999940481,2,1,1,4,1,0.0,1,estabilizada,1,1,1,980.0,257.5,1.0482062101364136,0.9159529209136963,1.0193699051254739,0.8496651808461082,1.0065086551254738,0.8382206808461082,1.5709144670048973,1.0086333905628022,0.831949999587592,1.5692673536345845,0.0,0.5411054745007328,-0.2497498880678428,1.5826946687482084
2026-08-18T06:06:00.676+00:00,1787033160.6763577,192972.7044976,24.346101500006625,789,192972.6113528,6.488599989097565,86.3991999940481,3,1,1,4,1,0.0,1,estabilizada,1,1,1,472.25,272.75,0.1827145665884018,0.8964780569076538,0.203094480888373,0.8312977558143375,0.19023323088837302,0.8198532558143375,-1.7855671484431053,0.19136266412373204,0.8182223576032063,-1.7848708201038403,0.0,0.5411054745007328,-0.2497498880678428,1.5826946687482084
2026-08-18T06:06:00.676+00:00,1787033160.6763577,192972.7045395,24.34614340000553,789,192972.6113528,6.488599989097565,86.3991999940481,10,0,0,4,1,0.0,1,estabilizada,1,1,1,,,,,,,,,,,,,nan,0.5411054745007328,-0.2497498880678428,1.5826946687482084
2026-08-18T06:06:00.844+00:00,1787033160.8446684,192972.8730678,24.51467170001706,793,192972.7493795,26.662100019166246,96.90999999293126,1,0,0,4,1,0.0,1,estabilizada,1,1,1,,,,,,,,,,,,,nan,0.5411146552074659,-0.2497451379365144,1.582701309123869
2026-08-18T06:06:00.845+00:00,1787033160.8456688,192972.8732129,24.51481680001598,793,192972.7493795,26.662100019166246,96.90999999293126,2,1,1,4,1,0.0,1,estabilizada,1,1,1,980.0,258.5,1.047926902770996,0.9138607978820801,1.0191071235632772,0.8476925742128613,1.006245873563277,0.8362480742128613,1.7195141659950193,1.0086333905628022,0.831949999587592,1.5988545757103776,0.0,0.5411146552074659,-0.2497451379365144,1.582701309123869
2026-08-18T06:06:00.845+00:00,1787033160.8456688,192972.8732308,24.51483470000676,793,192972.7493795,26.662100019166246,96.90999999293126,3,1,1,4,1,0.0,1,estabilizada,1,1,1,472.25,273.0,0.18274611234664917,0.8959749937057495,0.203124669356454,0.8308238427884075,0.19026341935645402,0.8193793427884075,-1.7970527198276243,0.19136266412373204,0.8182223576032063,-1.7848708201038403,0.0,0.5411146552074659,-0.2497451379365144,1.582701309123869
2026-08-18T06:06:00.845+00:00,1787033160.8456688,192972.8732466,24.514850500010652,793,192972.7493795,26.662100019166246,96.90999999293126,10,0,0,4,1,0.0,1,estabilizada,1,1,1,,,,,,,,,,,,,nan,0.5411146552074659,-0.2497451379365144,1.582701309123869
2026-08-18T06:06:01.041+00:00,1787033161.041858,192973.069392,24.71099590000813,799,192972.9476521,6.510100007290021,115.20040000323206,1,0,0,4,1,0.0,1,estabilizada,1,1,1,,,,,,,,,,,,,nan,0.5411185286113529,-0.24974225275376433,1.5827065542133627
2026-08-18T06:06:01.041+00:00,1787033161.041858,192973.0694442,24.711048099998152,799,192972.9476521,6.510100007290021,115.20040000323206,2,1,1,4,1,0.0,1,estabilizada,1,1,1,979.0,258.5,1.0461795330047607,0.9138834476470947,1.0174594330756876,0.8477143193539927,1.0045981830756876,0.8362698193539927,1.761203733560591,1.0086333905628022,0.831949999587592,1.6356507732931151,0.0,0.5411185286113529,-0.24974225275376433,1.5827065542133627
2026-08-18T06:06:01.041+00:00,1787033161.041858,192973.0694605,24.711064400005853,799,192972.9476521,6.510100007290021,115.20040000323206,3,1,1,4,1,0.0,1,estabilizada,1,1,1,472.25,273.25,0.1827780306339264,0.8954716324806213,0.20315492534767682,0.8303494849816351,0.19029367534767683,0.8189049849816351,-1.7970527683984738,0.19136266412373204,0.8182223576032063,-1.7848708201038403,0.0,0.5411185286113529,-0.24974225275376433,1.5827065542133627
2026-08-18T06:06:01.041+00:00,1787033161.041858,192973.0694739,24.71107779999147,799,192972.9476521,6.510100007290021,115.20040000323206,10,0,0,4,1,0.0,1,estabilizada,1,1,1,,,,,,,,,,,,,nan,0.5411185286113529,-0.24974225275376433,1.5827065542133627
2026-08-18T06:06:01.194+00:00,1787033161.1945493,192973.2229512,24.864555100008147,803,192973.1293069,5.983000010019168,87.61309998226352,1,0,0,4,1,0.0,1,estabilizada,1,1,1,,,,,,,,,,,,,nan,0.5411211872042201,-0.2497405952948539,1.5827098973021079
2026-08-18T06:06:01.194+00:00,1787033161.1945493,192973.2230031,24.864606999995885,803,192973.1293069,5.983000010019168,87.61309998226352,2,1,1,4,1,0.0,1,estabilizada,1,1,1,979.25,258.25,1.0466890335083008,0.9143996834754944,1.0179401729338338,0.8482014337091113,1.0050789229338337,0.8367569337091113,1.7735758082412805,1.0086333905628022,0.831949999587592,1.7130107479210572,0.0,0.5411211872042201,-0.2497405952948539,1.5827098973021079
2026-08-18T06:06:01.194+00:00,1787033161.1945493,192973.2230156,24.864619500003755,803,192973.1293069,5.983000010019168,87.61309998226352,3,1,1,4,1,0.0,1,estabilizada,1,1,1,472.0,273.0,0.18233312666416168,0.8959831595420837,0.20273542875606648,0.8308321561199816,0.1898741787560665,0.8193876561199817,-1.7970533816034724,0.19136266412373204,0.8182223576032063,-1.7848708201038403,0.0,0.5411211872042201,-0.2497405952948539,1.5827098973021079
2026-08-18T06:06:01.194+00:00,1787033161.1945493,192973.2230289,24.864632800017716,803,192973.1293069,5.983000010019168,87.61309998226352,10,0,0,4,1,0.0,1,estabilizada,1,1,1,,,,,,,,,,,,,nan,0.5411211872042201,-0.2497405952948539,1.5827098973021079
2026-08-18T06:06:01.339+00:00,1787033161.3396924,192973.3679356,25.0095394999953,809,192973.2782913,9.752200014190748,79.76339999004267,1,0,0,4,1,0.0,1,estabilizada,1,1,1,,,,,,,,,,,,,nan,0.5411292393828051,-0.24974063947240555,1.5827125609984365
2026-08-18T06:06:01.339+00:00,1787033161.3396924,192973.3681454,25.00974929999211,809,192973.2782913,9.752200014190748,79.76339999004267,2,1,1,4,1,0.0,1,estabilizada,1,1,1,979.25,258.25,1.0466904640197754,0.9143993854522705,1.0179420283666054,0.8482012615319507,1.0050807783666054,0.8367567615319508,1.773575358750457,1.0086333905628022,0.831949999587592,1.7599156206161932,0.0,0.5411292393828051,-0.24974063947240555,1.5827125609984365
2026-08-18T06:06:01.339+00:00,1787033161.3396924,192973.3681627,25.009766600007424,809,192973.2782913,9.752200014190748,79.76339999004267,3,1,1,4,1,0.0,1,estabilizada,1,1,1,472.25,273.0,0.18274731934070587,0.8959789276123047,0.20312649215995848,0.8308282719729918,0.1902652421599585,0.8193837719729918,-1.7970534058880043,0.19136266412373204,0.8182223576032063,-1.7848708201038403,0.0,0.5411292393828051,-0.24974063947240555,1.5827125609984365
2026-08-18T06:06:01.339+00:00,1787033161.3396924,192973.3681821,25.009786000009626,809,192973.2782913,9.752200014190748,79.76339999004267,10,0,0,4,1,0.0,1,estabilizada,1,1,1,,,,,,,,,,,,,nan,0.5411292393828051,-0.24974063947240555,1.5827125609984365
2026-08-18T06:06:01.479+00:00,1787033161.479908,192973.5079179,25.149521799990907,813,192973.4124876,15.030600014142692,80.37419998436235,1,0,0,4,1,0.0,1,estabilizada,1,1,1,,,,,,,,,,,,,nan,0.5411394063631993,-0.24974246395167657,1.5827134350734386
2026-08-18T06:06:01.479+00:00,1787033161.479908,192973.5079565,25.14956039999379,813,192973.4124876,15.030600014142692,80.37419998436235,2,1,1,4,1,0.0,1,estabilizada,1,1,1,979.25,258.25,1.0466912984848022,0.9143992066383362,1.0179434093959394,0.84820102569711,1.0050821593959394,0.83675652569711,1.7735749092615993,1.0086333905628022,0.831949999587592,1.7683583524690147,0.0,0.5411394063631993,-0.24974246395167657,1.5827134350734386
2026-08-18T06:06:01.479+00:00,1787033161.479908,192973.5079716,25.149575499992352,813,192973.4124876,15.030600014142692,80.37419998436235,3,1,1,4,1,0.0,1,estabilizada,1,1,1,472.25,273.0,0.1827475130558014,0.8959808349609375,0.20312724174381191,0.8308300030939224,0.19026599174381192,0.8193855030939224,-1.7970534058880034,0.19136266412373204,0.8182223576032063,-1.7848708201038403,0.0,0.5411394063631993,-0.24974246395167657,1.5827134350734386
2026-08-18T06:06:01.479+00:00,1787033161.479908,192973.5080029,25.149606799997855,813,192973.4124876,15.030600014142692,80.37419998436235,10,0,0,4,1,0.0,1,estabilizada,1,1,1,,,,,,,,,,,,,nan,0.5411394063631993,-0.24974246395167657,1.5827134350734386
2026-08-18T06:06:01.622+00:00,1787033161.6228082,192973.6507715,25.292375399993034,817,192973.5458924,24.805499997455627,80.05039999261498,1,0,0,4,1,0.0,1,estabilizada,1,1,1,,,,,,,,,,,,,nan,0.5411523077876708,-0.24974394360671218,1.5827150731573487
2026-08-18T06:06:01.622+00:00,1787033161.6228082,192973.6508135,25.2924173999927,817,192973.5458924,24.805499997455627,80.05039999261498,2,1,1,4,1,0.0,1,estabilizada,1,1,1,979.5,258.5,1.047059416770935,0.9138707518577576,1.0182913582740492,0.8477026055072672,1.005430108274049,0.8362581055072672,1.7918047160380304,1.0086333905628022,0.831949999587592,1.7683583524690147,0.0,0.5411523077876708,-0.24974394360671218,1.5827150731573487
2026-08-18T06:06:01.622+00:00,1787033161.6228082,192973.650825,25.292428899992956,817,192973.5458924,24.805499997455627,80.05039999261498,3,1,1,4,1,0.0,1,estabilizada,1,1,1,472.25,273.25,0.1827792227268219,0.8954786062240601,0.20315786080419485,0.8303563165379222,0.19029661080419485,0.8189118165379222,-1.7970534058880037,0.19136266412373204,0.8182223576032063,-1.7848708201038403,0.0,0.5411523077876708,-0.24974394360671218,1.5827150731573487
2026-08-18T06:06:01.622+00:00,1787033161.6228082,192973.6508373,25.292441199999303,817,192973.5458924,24.805499997455627,80.05039999261498,10,0,0,4,1,0.0,1,estabilizada,1,1,1,,,,,,,,,,,,,nan,0.5411523077876708,-0.24974394360671218,1.5827150731573487
2026-08-18T06:06:01.759+00:00,1787033161.759994,192973.7876242,25.42922809999436,821,192973.6810932,28.888600005302578,77.60839999536984,1,0,0,4,1,0.0,1,estabilizada,1,1,1,,,,,,,,,,,,,nan,0.5411640085532601,-0.24974606200283733,1.5827162354841158
2026-08-18T06:06:01.759+00:00,1787033161.759994,192973.7876668,25.429270699998597,821,192973.6810932,28.888600005302578,77.60839999536984,2,1,1,4,1,0.0,1,estabilizada,1,1,1,979.75,258.75,1.0474275350570679,0.9133425354957581,1.018639230265713,0.847204353913982,1.005777980265713,0.835759853913982,1.8085428496683922,1.0086333905628022,0.831949999587592,1.7683583524690147,0.0,0.5411640085532601,-0.24974606200283733,1.5827162354841158
2026-08-18T06:06:01.759+00:00,1787033161.759994,192973.7876791,25.429283000004943,821,192973.6810932,28.888600005302578,77.60839999536984,3,1,1,4,1,0.0,1,estabilizada,1,1,1,472.25,273.0,0.1827477514743805,0.8959855437278748,0.20312882953113798,0.8308343547756598,0.190267579531138,0.8193898547756598,-1.7970531235707943,0.19136266412373204,0.8182223576032063,-1.7848708201038403,0.0,0.5411640085532601,-0.24974606200283733,1.5827162354841158
2026-08-18T06:06:01.759+00:00,1787033161.759994,192973.7876939,25.429297800001223,821,192973.6810932,28.888600005302578,77.60839999536984,10,0,0,4,1,0.0,1,estabilizada,1,1,1,,,,,,,,,,,,,nan,0.5411640085532601,-0.24974606200283733,1.5827162354841158
2026-08-18T06:06:01.901+00:00,1787033161.9018524,192973.9294044,25.571008300001267,826,192973.8445617,2.022799977567047,82.79520002542995,1,0,0,4,1,0.0,1,estabilizada,1,1,1,,,,,,,,,,,,,nan,0.5411718019562818,-0.2497472425747423,1.5827170616659778
2026-08-18T06:06:01.901+00:00,1787033161.9018524,192973.9294445,25.57104840001557,826,192973.8445617,2.022799977567047,82.79520002542995,2,1,1,4,1,0.0,1,estabilizada,1,1,1,979.25,258.25,1.046694040298462,0.9143997430801392,1.0179479033212653,0.8482014115864138,1.0050866533212652,0.8367569115864139,1.7735737855480522,1.0086333905628022,0.831949999587592,1.7777542462944291,0.0,0.5411718019562818,-0.2497472425747423,1.5827170616659778
2026-08-18T06:06:01.901+00:00,1787033161.9018524,192973.9294567,25.57106059999205,826,192973.8445617,2.022799977567047,82.79520002542995,3,1,1,4,1,0.0,1,estabilizada,1,1,1,472.75,273.75,0.18367023766040802,0.8944628238677979,0.20399929176990306,0.8293981900971652,0.19113804176990307,0.8179536900971652,-1.7861950064543075,0.19136266412373204,0.8182223576032063,-1.7848708201038403,0.0,0.5411718019562818,-0.2497472425747423,1.5827170616659778
2026-08-18T06:06:01.901+00:00,1787033161.9018524,192973.9294684,25.57107229999383,826,192973.8445617,2.022799977567047,82.79520002542995,10,0,0,4,1,0.0,1,estabilizada,1,1,1,,,,,,,,,,,,,nan,0.5411718019562818,-0.2497472425747423,1.5827170616659778
2026-08-18T06:06:02.065+00:00,1787033162.0659873,192974.0937527,25.735356599994702,830,192973.9804803,15.97469998523593,97.27110000676475,1,0,0,4,1,0.0,1,estabilizada,1,1,1,,,,,,,,,,,,,nan,0.5411748225318312,-0.2497481858649563,1.582718234286162
2026-08-18T06:06:02.065+00:00,1787033162.0659873,192974.0938003,25.735404200007906,830,192973.9804803,15.97469998523593,97.27110000676475,2,1,1,4,1,0.0,1,estabilizada,1,1,1,979.5,258.5,1.047062873840332,0.9138715267181396,1.01829595650062,0.8477032272294364,1.00543470650062,0.8362587272294364,1.7918012239540468,1.0086333905628022,0.831949999587592,1.7777542462944291,0.0,0.5411748225318312,-0.2497481858649563,1.582718234286162
2026-08-18T06:06:02.065+00:00,1787033162.0659873,192974.0938148,25.7354187000019,830,192973.9804803,15.97469998523593,97.27110000676475,3,1,1,4,1,0.0,1,estabilizada,1,1,1,472.25,273.0,0.18274889886379242,0.895989716053009,0.20313050086427276,0.8308382513520768,0.19026925086427277,0.8193937513520768,-1.7970543742604577,0.19136266412373204,0.8182223576032063,-1.7848708201038403,0.0,0.5411748225318312,-0.2497481858649563,1.582718234286162
2026-08-18T06:06:02.065+00:00,1787033162.0659873,192974.0938275,25.735431400011294,830,192973.9804803,15.97469998523593,97.27110000676475,10,0,0,4,1,0.0,1,estabilizada,1,1,1,,,,,,,,,,,,,nan,0.5411748225318312,-0.2497481858649563,1.582718234286162
2026-08-18T06:06:02.202+00:00,1787033162.2027237,192974.2308684,25.872472299990477,835,192974.1445075,8.158700016792864,78.17169997724704,1,0,0,4,1,0.0,1,estabilizada,1,1,1,,,,,,,,,,,,,nan,0.5411801480184311,-0.24974946417541047,1.5827193362582308
2026-08-18T06:06:02.202+00:00,1787033162.2027237,192974.2309154,25.872519299999112,835,192974.1445075,8.158700016792864,78.17169997724704,2,1,1,4,1,0.0,1,estabilizada,1,1,1,979.25,258.5,1.0466269254684448,0.9138777256011963,1.017885120823506,0.8477090469980256,1.005023870823506,0.8362645469980257,1.7792932114450792,1.0086333905628022,0.831949999587592,1.7777542462944291,0.0,0.5411801480184311,-0.24974946417541047,1.5827193362582308
2026-08-18T06:06:02.202+00:00,1787033162.2027237,192974.2309279,25.872531800006982,835,192974.1445075,8.158700016792864,78.17169997724704,3,1,1,4,1,0.0,1,estabilizada,1,1,1,472.25,273.25,0.1827811300754547,0.895487368106842,0.20316118791383647,0.8303644416699428,0.19029993791383648,0.8189199416699429,-1.797054398543601,0.19136266412373204,0.8182223576032063,-1.7848708201038403,0.0,0.5411801480184311,-0.24974946417541047,1.5827193362582308
2026-08-18T06:06:02.202+00:00,1787033162.2027237,192974.2309402,25.87254410001333,835,192974.1445075,8.158700016792864,78.17169997724704,10,0,0,4,1,0.0,1,estabilizada,1,1,1,,,,,,,,,,,,,nan,0.5411801480184311,-0.24974946417541047,1.5827193362582308
2026-08-18T06:06:02.346+00:00,1787033162.3463888,192974.3742938,26.0158977000101,839,192974.2834283,9.705500007839873,81.13589999265969,1,0,0,4,1,0.0,1,estabilizada,1,1,1,,,,,,,,,,,,,nan,0.5411809675948851,-0.24975162674346468,1.5827193131908932
2026-08-18T06:06:02.346+00:00,1787033162.3463888,192974.3743366,26.01594050001586,839,192974.2834283,9.705500007839873,81.13589999265969,2,1,1,4,1,0.0,1,estabilizada,1,1,1,979.5,258.5,1.0470662117004395,0.9138721823692322,1.0182994735997282,0.8477036950402905,1.0054382235997281,0.8362591950402906,1.7917982005796826,1.0086333905628022,0.831949999587592,1.7777542462944291,0.0,0.5411809675948851,-0.24975162674346468,1.5827193131908932
2026-08-18T06:06:02.346+00:00,1787033162.3463888,192974.3743502,26.015954100003,839,192974.2834283,9.705500007839873,81.13589999265969,3,1,1,4,1,0.0,1,estabilizada,1,1,1,472.25,273.25,0.18278224766254425,0.8954890966415405,0.2031622888518314,0.8303659479912282,0.19030103885183142,0.8189214479912282,-1.7970550360272557,0.19136266412373204,0.8182223576032063,-1.7848708201038403,0.0,0.5411809675948851,-0.24975162674346468,1.5827193131908932
2026-08-18T06:06:02.346+00:00,1787033162.3463888,192974.374363,26.015966900013154,839,192974.2834283,9.705500007839873,81.13589999265969,10,0,0,4,1,0.0,1,estabilizada,1,1,1,,,,,,,,,,,,,nan,0.5411809675948851,-0.24975162674346468,1.5827193131908932
2026-08-18T06:06:02.484+00:00,1787033162.4849682,192974.5129203,26.15452420001384,843,192974.4126407,17.91840000078082,82.33119998476468,1,0,0,4,1,0.0,1,estabilizada,1,1,1,,,,,,,,,,,,,nan,0.5411803491955087,-0.24974959788769371,1.5827227876649226
2026-08-18T06:06:02.484+00:00,1787033162.4849682,192974.512973,26.15457690000767,843,192974.4126407,17.91840000078082,82.33119998476468,2,1,1,4,1,0.0,1,estabilizada,1,1,1,980.0,258.5,1.0479432344436646,0.9138604998588562,1.0191266532787324,0.8476929374699328,1.0062654032787324,0.8362484374699328,1.8513739075807925,1.0086333905628022,0.831949999587592,1.7777542462944291,0.0,0.5411803491955087,-0.24974959788769371,1.5827227876649226
2026-08-18T06:06:02.484+00:00,1787033162.4849682,192974.5130003,26.154604200011818,843,192974.4126407,17.91840000078082,82.33119998476468,3,1,1,4,1,0.0,1,estabilizada,1,1,1,472.25,273.25,0.18278278410434723,0.8954903483390808,0.20316271488539905,0.8303673868427869,0.19030146488539906,0.8189228868427869,-1.7970550845916329,0.19136266412373204,0.8182223576032063,-1.7848708201038403,0.0,0.5411803491955087,-0.24974959788769371,1.5827227876649226
2026-08-18T06:06:02.484+00:00,1787033162.4849682,192974.513016,26.15461990001495,843,192974.4126407,17.91840000078082,82.33119998476468,10,0,0,4,1,0.0,1,estabilizada,1,1,1,,,,,,,,,,,,,nan,0.5411803491955087,-0.24974959788769371,1.5827227876649226
2026-08-18T06:06:02.626+00:00,1787033162.6261375,192974.6537483,26.295352200017078,847,192974.5553756,19.571499986341223,78.77670001471415,1,0,0,4,1,0.0,1,estabilizada,1,1,1,,,,,,,,,,,,,nan,0.5411769674769799,-0.24974701965574278,1.5827256907483442
2026-08-18T06:06:02.626+00:00,1787033162.6261375,192974.6537908,26.295394699991448,847,192974.5553756,19.571499986341223,78.77670001471415,2,1,1,4,1,0.0,1,estabilizada,1,1,1,980.0,260.5,1.0473839044570923,0.9096836447715759,1.0185989895507896,0.843753862745279,1.0057377395507896,0.832309362745279,1.9552299633469277,1.0086333905628022,0.831949999587592,1.83359458529652,0.0,0.5411769674769799,-0.24974701965574278,1.5827256907483442
2026-08-18T06:06:02.626+00:00,1787033162.6261375,192974.6538045,26.295408400008455,847,192974.5553756,19.571499986341223,78.77670001471415,3,1,1,4,1,0.0,1,estabilizada,1,1,1,472.25,273.25,0.1827835589647293,0.8954915404319763,0.2031632160048899,0.8303687772075035,0.1903019660048899,0.8189242772075035,-1.7970563109890618,0.19136266412373204,0.8182223576032063,-1.7848708201038403,0.0,0.5411769674769799,-0.24974701965574278,1.5827256907483442
2026-08-18T06:06:02.626+00:00,1787033162.6261375,192974.6538169,26.295420800015563,847,192974.5553756,19.571499986341223,78.77670001471415,10,0,0,4,1,0.0,1,estabilizada,1,1,1,,,,,,,,,,,,,nan,0.5411769674769799,-0.24974701965574278,1.5827256907483442
2026-08-18T06:06:02.764+00:00,1787033162.7645695,192974.7928285,26.434432400012156,852,192974.7108097,1.8529000226408243,80.14059998095036,1,0,0,4,1,0.0,1,estabilizada,1,1,1,,,,,,,,,,,,,nan,0.5411737830818245,-0.2497436657297391,1.5827278627441757
2026-08-18T06:06:02.764+00:00,1787033162.7645695,192974.792873,26.434476900001755,852,192974.7108097,1.8529000226408243,80.14059998095036,2,1,1,4,1,0.0,1,estabilizada,1,1,1,980.0413818359375,262.0700378417969,1.0470179319381714,0.9064091444015503,1.0182536860632443,0.8406658442669301,1.0053924360632442,0.8292213442669302,2.247266422499236,1.0086333905628022,0.831949999587592,1.8689679119061822,0.0,0.5411737830818245,-0.2497436657297391,1.5827278627441757
2026-08-18T06:06:02.764+00:00,1787033162.7645695,192974.792886,26.434489900013432,852,192974.7108097,1.8529000226408243,80.14059998095036,3,1,1,4,1,0.0,1,estabilizada,1,1,1,472.25,273.0,0.18275301158428192,0.895997166633606,0.20313419662189752,0.8308459316424466,0.19027294662189753,0.8194014316424466,-1.797056641868409,0.19136266412373204,0.8182223576032063,-1.7848708201038403,0.0,0.5411737830818245,-0.2497436657297391,1.5827278627441757
2026-08-18T06:06:02.764+00:00,1787033162.7645695,192974.7928986,26.43450249999296,852,192974.7108097,1.8529000226408243,80.14059998095036,10,0,0,4,1,0.0,1,estabilizada,1,1,1,,,,,,,,,,,,,nan,0.5411737830818245,-0.2497436657297391,1.5827278627441757
2026-08-18T06:06:02.903+00:00,1787033162.9038537,192974.9319801,26.573583999997936,856,192974.8452589,6.144999992102385,80.5510000209324,1,0,0,4,1,0.0,1,estabilizada,1,1,1,,,,,,,,,,,,,nan,0.5411716456806199,-0.24973940235073652,1.5827310368505614
2026-08-18T06:06:02.903+00:00,1787033162.9038537,192974.9320228,26.573626700002933,856,192974.8452589,6.144999992102385,80.5510000209324,2,1,1,4,1,0.0,1,estabilizada,1,1,1,979.5,262.25,1.0460240840911865,0.9060471057891846,1.0173162882629299,0.8403247668000019,1.0044550382629298,0.8288802668000019,2.233811556077005,1.0086333905628022,0.831949999587592,1.9134421140950724,0.0,0.5411716456806199,-0.24973940235073652,1.5827310368505614
2026-08-18T06:06:02.903+00:00,1787033162.9038537,192974.9320348,26.573638700006995,856,192974.8452589,6.144999992102385,80.5510000209324,3,1,1,4,1,0.0,1,estabilizada,1,1,1,472.25,273.0,0.18275398015975952,0.8959985375404358,0.20313494770625184,0.8308475976843536,0.19027369770625185,0.8194030976843536,-1.7970578682633758,0.19136266412373204,0.8182223576032063,-1.7848708201038403,0.0,0.5411716456806199,-0.24973940235073652,1.5827310368505614
2026-08-18T06:06:02.903+00:00,1787033162.9038537,192974.9320448,26.57364869999583,856,192974.8452589,6.144999992102385,80.5510000209324,10,0,0,4,1,0.0,1,estabilizada,1,1,1,,,,,,,,,,,,,nan,0.5411716456806199,-0.24973940235073652,1.5827310368505614
2026-08-18T06:06:03.061+00:00,1787033163.0618908,192975.0899282,26.731532100006007,860,192974.9779804,26.875600015046075,85.04819998051971,1,0,0,4,1,0.0,1,estabilizada,1,1,1,,,,,,,,,,,,,nan,0.5411700846704135,-0.2497372553684161,1.582731694956222
2026-08-18T06:06:03.061+00:00,1787033163.0618908,192975.0899671,26.731571000011172,860,192974.9779804,26.875600015046075,85.04819998051971,2,1,1,4,1,0.0,1,estabilizada,1,1,1,979.5,262.5,1.0459556579589844,0.9055266976356506,1.0172516762666053,0.839834100399047,1.0043904262666052,0.8283896003990471,2.208005548014733,1.0086333905628022,0.831949999587592,1.9588995104957514,0.0,0.5411700846704135,-0.2497372553684161,1.582731694956222
2026-08-18T06:06:03.061+00:00,1787033163.0618908,192975.0899794,26.73158330001752,860,192974.9779804,26.875600015046075,85.04819998051971,3,1,1,4,1,0.0,1,estabilizada,1,1,1,472.25,273.0,0.1827550232410431,0.8959999680519104,0.20313583423474446,0.8308490960270207,0.19027458423474447,0.8194045960270208,-1.7970587880591458,0.19136266412373204,0.8182223576032063,-1.7848708201038403,0.0,0.5411700846704135,-0.2497372553684161,1.582731694956222
2026-08-18T06:06:03.061+00:00,1787033163.0618908,192975.0899921,26.731595999997808,860,192974.9779804,26.875600015046075,85.04819998051971,10,0,0,4,1,0.0,1,estabilizada,1,1,1,,,,,,,,,,,,,nan,0.5411700846704135,-0.2497372553684161,1.582731694956222
2026-08-18T06:06:03.201+00:00,1787033163.201197,192975.2300722,26.871676100010518,865,192975.1506312,2.9243000026326627,76.49189999210648,1,0,0,4,1,0.0,1,estabilizada,1,1,1,,,,,,,,,,,,,nan,0.5411652993559453,-0.24973366420040835,1.5827324525084532
2026-08-18T06:06:03.201+00:00,1787033163.201197,192975.2301148,26.871718700014753,865,192975.1506312,2.9243000026326627,76.49189999210648,2,1,1,4,1,0.0,1,estabilizada,1,1,1,979.5,262.5,1.0459572076797485,0.9055271148681641,1.01725287949267,0.8398347295560508,1.00439162949267,0.8283902295560508,2.2318206639462774,1.0086333905628022,0.831949999587592,2.056395169401586,0.0,0.5411652993559453,-0.24973366420040835,1.5827324525084532
2026-08-18T06:06:03.201+00:00,1787033163.201197,192975.230144,26.871747900004266,865,192975.1506312,2.9243000026326627,76.49189999210648,3,1,1,4,1,0.0,1,estabilizada,1,1,1,472.75,273.75,0.18367840349674225,0.8944762945175171,0.20400642582062672,0.8294122995754768,0.19114517582062673,0.8179677995754768,-1.7862011769948596,0.19136266412373204,0.8182223576032063,-1.7848708201038403,0.0,0.5411652993559453,-0.24973366420040835,1.5827324525084532
2026-08-18T06:06:03.201+00:00,1787033163.201197,192975.2301602,26.871764100011205,865,192975.1506312,2.9243000026326627,76.49189999210648,10,0,0,4,1,0.0,1,estabilizada,1,1,1,,,,,,,,,,,,,nan,0.5411652993559453,-0.24973366420040835,1.5827324525084532
2026-08-18T06:06:03.340+00:00,1787033163.340385,192975.3686203,27.010224199999357,869,192975.2774074,12.27950002066791,78.90949997818097,1,0,0,4,1,0.0,1,estabilizada,1,1,1,,,,,,,,,,,,,nan,0.5411598837903547,-0.24973004416938388,1.5827332751833911
2026-08-18T06:06:03.340+00:00,1787033163.340385,192975.3686637,27.010267600009684,869,192975.2774074,12.27950002066791,78.90949997818097,2,1,1,4,1,0.0,1,estabilizada,1,1,1,979.75,262.5,1.0463954210281372,0.9055216312408447,1.0176658813992117,0.8398297977416891,1.0048046313992116,0.8283852977416891,2.1578990444191724,1.0086333905628022,0.831949999587592,2.091456695984055,0.0,0.5411598837903547,-0.24973004416938388,1.5827332751833911
2026-08-18T06:06:03.340+00:00,1787033163.340385,192975.3686756,27.010279500012984,869,192975.2774074,12.27950002066791,78.90949997818097,3,1,1,4,1,0.0,1,estabilizada,1,1,1,472.5,273.75,0.18326608836650848,0.8944834470748901,0.20361723792101188,0.8294192850795263,0.1907559879210119,0.8179747850795264,-1.7434593483180771,0.19136266412373204,0.8182223576032063,-1.7848708201038403,0.0,0.5411598837903547,-0.24973004416938388,1.5827332751833911
2026-08-18T06:06:03.340+00:00,1787033163.340385,192975.3686877,27.010291599988705,869,192975.2774074,12.27950002066791,78.90949997818097,10,0,0,4,1,0.0,1,estabilizada,1,1,1,,,,,,,,,,,,,nan,0.5411598837903547,-0.24973004416938388,1.5827332751833911
2026-08-18T06:06:03.482+00:00,1787033163.4827404,192975.5105007,27.152104600012535,873,192975.4148328,14.615000021876767,81.0283999890089,1,0,0,4,1,0.0,1,estabilizada,1,1,1,,,,,,,,,,,,,nan,0.541155666115773,-0.24972865294890909,1.5827322694991157
2026-08-18T06:06:03.482+00:00,1787033163.4827404,192975.510543,27.152146900014486,873,192975.4148328,14.615000021876767,81.0283999890089,2,1,1,4,1,0.0,1,estabilizada,1,1,1,979.34814453125,262.3541259765625,1.0457358360290527,0.9058355689048767,1.0170435447506505,0.8401259211198133,1.0041822947506505,0.8286814211198134,2.2079422862194686,1.0086333905628022,0.831949999587592,2.117073991780848,0.0,0.541155666115773,-0.24972865294890909,1.5827322694991157
2026-08-18T06:06:03.482+00:00,1787033163.4827404,192975.5105697,27.152173600014066,873,192975.4148328,14.615000021876767,81.0283999890089,3,1,1,4,1,0.0,1,estabilizada,1,1,1,472.25,273.25,0.18279078602790833,0.8954996466636658,0.2031687361268943,0.8303777375755605,0.1903074861268943,0.8189332375755606,-1.797063080434263,0.19136266412373204,0.8182223576032063,-1.7848708201038403,0.0,0.541155666115773,-0.24972865294890909,1.5827322694991157
2026-08-18T06:06:03.482+00:00,1787033163.4827404,192975.5105798,27.15218370000366,873,192975.4148328,14.615000021876767,81.0283999890089,10,0,0,4,1,0.0,1,estabilizada,1,1,1,,,,,,,,,,,,,nan,0.541155666115773,-0.24972865294890909,1.5827322694991157
2026-08-18T06:06:03.633+00:00,1787033163.6337888,192975.6621057,27.303709600004368,878,192975.5772349,3.81809999817051,80.97030001226813,1,0,0,4,1,0.0,1,estabilizada,1,1,1,,,,,,,,,,,,,nan,0.5411566447664673,-0.24972919745927893,1.5827307039212055
2026-08-18T06:06:03.633+00:00,1787033163.6337888,192975.6621814,27.303785299998708,878,192975.5772349,3.81809999817051,80.97030001226813,2,1,1,4,1,0.0,1,estabilizada,1,1,1,979.75,262.5,1.0463978052139282,0.9055229425430298,1.0176678991549786,0.8398309759042225,1.0048066491549785,0.8283864759042225,2.2080021991357555,1.0086333905628022,0.831949999587592,2.135919659584281,0.0,0.5411566447664673,-0.24972919745927893,1.5827307039212055
2026-08-18T06:06:03.633+00:00,1787033163.6337888,192975.6621997,27.303803599992534,878,192975.5772349,3.81809999817051,80.97030001226813,3,1,1,4,1,0.0,1,estabilizada,1,1,1,472.25,273.25,0.18279226124286652,0.8955013751983643,0.203170203262452,0.8303792724402447,0.190308953262452,0.8189347724402447,-1.7970643068255945,0.19136266412373204,0.8182223576032063,-1.7848708201038403,0.0,0.5411566447664673,-0.24972919745927893,1.5827307039212055
2026-08-18T06:06:03.633+00:00,1787033163.6337888,192975.6622203,27.303824200003874,878,192975.5772349,3.81809999817051,80.97030001226813,10,0,0,4,1,0.0,1,estabilizada,1,1,1,,,,,,,,,,,,,nan,0.5411566447664673,-0.24972919745927893,1.5827307039212055
2026-08-18T06:06:03.775+00:00,1787033163.7751167,192975.8033097,27.444913599989377,882,192975.7111819,11.121099989395589,80.96890000160784,1,0,0,4,1,0.0,1,estabilizada,1,1,1,,,,,,,,,,,,,nan,0.5411560509325307,-0.24972783128313006,1.582729177326553
2026-08-18T06:06:03.775+00:00,1787033163.7751167,192975.8033681,27.444971999997506,882,192975.7111819,11.121099989395589,80.96890000160784,2,1,1,4,1,0.0,1,estabilizada,1,1,1,980.0,262.5,1.0468348264694214,0.9055178761482239,1.018080008241331,0.8398262119277885,1.005218758241331,0.8283817119277885,2.231602365775324,1.0086333905628022,0.831949999587592,2.1516577462262534,0.0,0.5411560509325307,-0.24972783128313006,1.582729177326553
2026-08-18T06:06:03.775+00:00,1787033163.7751167,192975.8033887,27.444992600008845,882,192975.7111819,11.121099989395589,80.96890000160784,3,1,1,4,1,0.0,1,estabilizada,1,1,1,472.25,273.25,0.1827935129404068,0.8955028057098389,0.20317136967125338,0.8303806364809455,0.19031011967125339,0.8189361364809455,-1.7970657912774906,0.19136266412373204,0.8182223576032063,-1.7848708201038403,0.0,0.5411560509325307,-0.24972783128313006,1.582729177326553
2026-08-18T06:06:03.775+00:00,1787033163.7751167,192975.803419,27.445022900006734,882,192975.7111819,11.121099989395589,80.96890000160784,10,0,0,4,1,0.0,1,estabilizada,1,1,1,,,,,,,,,,,,,nan,0.5411560509325307,-0.24972783128313006,1.582729177326553
2026-08-18T06:06:03.916+00:00,1787033163.9168,192975.9442749,27.585878799989587,886,192975.8485302,15.432600019266829,80.25739999720827,1,0,0,4,1,0.0,1,estabilizada,1,1,1,,,,,,,,,,,,,nan,0.5411571831327933,-0.24972652243188653,1.582727090851428
2026-08-18T06:06:03.916+00:00,1787033163.9168,192975.9443677,27.58597159999772,886,192975.8485302,15.432600019266829,80.25739999720827,2,1,1,4,1,0.0,1,estabilizada,1,1,1,979.5882568359375,262.54669189453125,1.0461026430130005,0.9054316282272339,1.0173894860499946,0.8397448562244918,1.0045282360499945,0.8283003562244918,2.2133386724910644,1.0086333905628022,0.831949999587592,2.1631201044658153,0.0,0.5411571831327933,-0.24972652243188653,1.582727090851428
2026-08-18T06:06:03.916+00:00,1787033163.9168,192975.9443796,27.58598350000102,886,192975.8485302,15.432600019266829,80.25739999720827,3,1,1,4,1,0.0,1,estabilizada,1,1,1,472.25,273.25,0.18279464542865753,0.8955045342445374,0.20317252900681876,0.8303822553016582,0.19031127900681877,0.8189377553016582,-1.7970673000023492,0.19136266412373204,0.8182223576032063,-1.7848708201038403,0.0,0.5411571831327933,-0.24972652243188653,1.582727090851428
2026-08-18T06:06:03.916+00:00,1787033163.9168,192975.9443921,27.58599600000889,886,192975.8485302,15.432600019266829,80.25739999720827,10,0,0,4,1,0.0,1,estabilizada,1,1,1,,,,,,,,,,,,,nan,0.5411571831327933,-0.24972652243188653,1.582727090851428
2026-08-18T06:06:04.069+00:00,1787033164.0693517,192976.0969796,27.738583500002278,890,192975.9859131,18.353199993725866,92.68889998202212,1,0,0,4,1,0.0,1,estabilizada,1,1,1,,,,,,,,,,,,,nan,0.5411573018957632,-0.24972631013307606,1.582723781574817
2026-08-18T06:06:04.069+00:00,1787033164.0693517,192976.097022,27.73862590000499,890,192975.9859131,18.353199993725866,92.68889998202212,2,1,1,4,1,0.0,1,estabilizada,1,1,1,979.2605590820312,262.4288330078125,1.0455632209777832,0.90568608045578,1.0168806844253773,0.8399847140117063,1.0040194344253772,0.8285402140117063,2.219838456646867,1.0086333905628022,0.831949999587592,2.174785517328534,0.0,0.5411573018957632,-0.24972631013307606,1.582723781574817
2026-08-18T06:06:04.069+00:00,1787033164.0693517,192976.0970349,27.738638800015906,890,192975.9859131,18.353199993725866,92.68889998202212,3,1,1,4,1,0.0,1,estabilizada,1,1,1,472.25,273.0,0.18276429176330566,0.89601069688797,0.2031439507331273,0.8308595114238246,0.1902827007331273,0.8194150114238247,-1.797068477866565,0.19136266412373204,0.8182223576032063,-1.7848708201038403,0.0,0.5411573018957632,-0.24972631013307606,1.582723781574817
2026-08-18T06:06:04.069+00:00,1787033164.0693517,192976.0970446,27.738648500002455,890,192975.9859131,18.353199993725866,92.68889998202212,10,0,0,4,1,0.0,1,estabilizada,1,1,1,,,,,,,,,,,,,nan,0.5411573018957632,-0.24972631013307606,1.582723781574817
2026-08-18T06:06:04.219+00:00,1787033164.2190723,192976.2466765,27.88828040001681,894,192976.1104683,49.09769998630509,87.08389999810606,1,0,0,4,1,0.0,1,estabilizada,1,1,1,,,,,,,,,,,,,nan,0.541163371048557,-0.24972726967771458,1.5827215883360908
2026-08-18T06:06:04.219+00:00,1787033164.2190723,192976.2468278,27.88843170000473,894,192976.1104683,49.09769998630509,87.08389999810606,2,1,1,4,1,0.0,1,estabilizada,1,1,1,979.25,262.25,1.045594573020935,0.906059980392456,1.0169105590338372,0.8403372068655768,1.0040493090338372,0.8288927068655768,2.2608055026582696,1.0086333905628022,0.831949999587592,2.1862103168379377,0.0,0.541163371048557,-0.24972726967771458,1.5827215883360908
2026-08-18T06:06:04.219+00:00,1787033164.2190723,192976.2468766,27.888480499997968,894,192976.1104683,49.09769998630509,87.08389999810606,3,1,1,4,1,0.0,1,estabilizada,1,1,1,472.75,274.0,0.18371883034706116,0.8939835429191589,0.20404458372037232,0.8289474848453362,0.19118333372037233,0.8175029848453362,-1.7862109327137996,0.19136266412373204,0.8182223576032063,-1.7848708201038403,0.0,0.541163371048557,-0.24972726967771458,1.5827215883360908
2026-08-18T06:06:04.219+00:00,1787033164.2190723,192976.2468936,27.888497500011,894,192976.1104683,49.09769998630509,87.08389999810606,10,0,0,4,1,0.0,1,estabilizada,1,1,1,,,,,,,,,,,,,nan,0.541163371048557,-0.24972726967771458,1.5827215883360908
2026-08-18T06:06:04.391+00:00,1787033164.3915389,192976.4193146,28.060918500006665,900,192976.3108823,8.844600000884384,99.55670000636019,1,0,0,4,1,0.0,1,estabilizada,1,1,1,,,,,,,,,,,,,nan,0.5411715818069444,-0.24972745749783107,1.582719712645857
2026-08-18T06:06:04.391+00:00,1787033164.3915389,192976.4193606,28.060964500007685,900,192976.3108823,8.844600000884384,99.55670000636019,2,1,1,4,1,0.0,1,estabilizada,1,1,1,979.373046875,262.69189453125,1.0456854104995728,0.9051383137702942,1.0169966640212527,0.8394678614573089,1.0041354140212526,0.8280233614573089,2.2202913784047276,1.0086333905628022,0.831949999587592,2.1956624157284192,0.0,0.5411715818069444,-0.24972745749783107,1.582719712645857
2026-08-18T06:06:04.391+00:00,1787033164.3915389,192976.4193755,28.060979400004726,900,192976.3108823,8.844600000884384,99.55670000636019,3,1,1,4,1,0.0,1,estabilizada,1,1,1,472.0,273.0,0.18235233426094055,0.8960210084915161,0.20275628324894834,0.8308690039292815,0.18989503324894835,0.8194245039292816,-1.7970705270109237,0.19136266412373204,0.8182223576032063,-1.7848708201038403,0.0,0.5411715818069444,-0.24972745749783107,1.582719712645857
2026-08-18T06:06:04.391+00:00,1787033164.3915389,192976.4193997,28.061003600014374,900,192976.3108823,8.844600000884384,99.55670000636019,10,0,0,4,1,0.0,1,estabilizada,1,1,1,,,,,,,,,,,,,nan,0.5411715818069444,-0.24972745749783107,1.582719712645857
2026-08-18T06:06:04.554+00:00,1787033164.55475,192976.5823951,28.223999000008916,905,192976.4770624,14.557200018316507,90.75009997468442,1,0,0,4,1,0.0,1,estabilizada,1,1,1,,,,,,,,,,,,,nan,0.5411801167685975,-0.24972607906490663,1.5827184012333788
2026-08-18T06:06:04.554+00:00,1787033164.55475,192976.5824352,28.224039099994116,905,192976.4770624,14.557200018316507,90.75009997468442,2,1,1,4,1,0.0,1,estabilizada,1,1,1,979.4273071289062,262.4329833984375,1.045851707458496,0.905677855014801,1.017153966200989,0.8399767460960322,1.004292716200989,0.8285322460960323,2.2317811158557914,1.0086333905628022,0.831949999587592,2.1956624157284192,0.0,0.5411801167685975,-0.24972607906490663,1.5827184012333788
2026-08-18T06:06:04.554+00:00,1787033164.55475,192976.582463,28.22406690000207,905,192976.4770624,14.557200018316507,90.75009997468442,3,1,1,4,1,0.0,1,estabilizada,1,1,1,472.0,273.0,0.18235309422016144,0.8960233926773071,0.20275750223373662,0.8308712769399514,0.18989625223373663,0.8194267769399515,-1.797071704890851,0.19136266412373204,0.8182223576032063,-1.7848708201038403,0.0,0.5411801167685975,-0.24972607906490663,1.5827184012333788
2026-08-18T06:06:04.554+00:00,1787033164.55475,192976.5824743,28.224078200000804,905,192976.4770624,14.557200018316507,90.75009997468442,10,0,0,4,1,0.0,1,estabilizada,1,1,1,,,,,,,,,,,,,nan,0.5411801167685975,-0.24972607906490663,1.5827184012333788
2026-08-18T06:06:04.717+00:00,1787033164.71751,192976.7456055,28.38720940001076,909,192976.6160124,31.288099999073893,98.26930001145229,1,0,0,4,1,0.0,1,estabilizada,1,1,1,,,,,,,,,,,,,nan,0.5411912270166566,-0.2497275660611169,1.5827152831481623
2026-08-18T06:06:04.717+00:00,1787033164.71751,192976.7456669,28.38727080001263,909,192976.6160124,31.288099999073893,98.26930001145229,2,1,1,4,1,0.0,1,estabilizada,1,1,1,979.410400390625,262.3890380859375,1.0458331108093262,0.9057714343070984,1.0171370022767794,0.8400647900733458,1.0042757522767793,0.8286202900733458,2.2289384881155567,1.0086333905628022,0.831949999587592,2.203729359770316,0.0,0.5411912270166566,-0.2497275660611169,1.5827152831481623
2026-08-18T06:06:04.717+00:00,1787033164.71751,192976.7456829,28.387286799988942,909,192976.6160124,31.288099999073893,98.26930001145229,3,1,1,4,1,0.0,1,estabilizada,1,1,1,472.0,273.0,0.18235361576080322,0.8960260152816772,0.20275866609227433,0.830873537499482,0.18989741609227434,0.819429037499482,-1.7970719629709813,0.19136266412373204,0.8182223576032063,-1.7848708201038403,0.0,0.5411912270166566,-0.2497275660611169,1.5827152831481623
2026-08-18T06:06:04.717+00:00,1787033164.71751,192976.7456956,28.387299499998335,909,192976.6160124,31.288099999073893,98.26930001145229,10,0,0,4,1,0.0,1,estabilizada,1,1,1,,,,,,,,,,,,,nan,0.5411912270166566,-0.2497275660611169,1.5827152831481623
2026-08-18T06:06:04.893+00:00,1787033164.8938315,192976.9214706,28.563074500008952,914,192976.7832768,38.826300005894154,99.29569999803789,1,0,0,4,1,0.0,1,estabilizada,1,1,1,,,,,,,,,,,,,nan,0.5412040541102273,-0.24973071183864273,1.5827109404624624
2026-08-18T06:06:04.893+00:00,1787033164.8938315,192976.9215925,28.563196400005836,914,192976.7832768,38.826300005894154,99.29569999803789,2,1,1,4,1,0.0,1,estabilizada,1,1,1,979.6351318359375,262.54736328125,1.0461796522140503,0.9054380655288696,1.0174644884608608,0.8397500189594196,1.0046032384608607,0.8283055189594196,2.2406550454446186,1.0086333905628022,0.831949999587592,2.203729359770316,0.0,0.5412040541102273,-0.24973071183864273,1.5827109404624624
2026-08-18T06:06:04.893+00:00,1787033164.8938315,192976.9216106,28.56321449999814,914,192976.7832768,38.826300005894154,99.29569999803789,3,1,1,4,1,0.0,1,estabilizada,1,1,1,472.5,273.25,0.18321320414543152,0.8955125212669373,0.20357015984286125,0.8303888853935508,0.19070890984286126,0.8189443853935509,-1.7657467008828485,0.19136266412373204,0.8182223576032063,-1.7848708201038403,0.0,0.5412040541102273,-0.24973071183864273,1.5827109404624624
2026-08-18T06:06:04.893+00:00,1787033164.8938315,192976.9216256,28.56322949999594,914,192976.7832768,38.826300005894154,99.29569999803789,10,0,0,4,1,0.0,1,estabilizada,1,1,1,,,,,,,,,,,,,nan,0.5412040541102273,-0.24973071183864273,1.5827109404624624
2026-08-18T06:06:05.084+00:00,1787033165.0849032,192977.1125662,28.75417010000092,920,192976.9931676,16.047899989644065,103.2847999886144,1,0,0,4,1,0.0,1,estabilizada,1,1,1,,,,,,,,,,,,,nan,0.5412141171493554,-0.249732707546561,1.5827075682666054
2026-08-18T06:06:05.084+00:00,1787033165.0849032,192977.1126844,28.754288299998734,920,192976.9931676,16.047899989644065,103.2847999886144,2,1,1,4,1,0.0,1,estabilizada,1,1,1,979.0,261.75,1.0452916622161865,0.9071155786514282,1.0166275046891575,0.841331887560693,1.0037662546891575,0.829887387560693,2.2069543036784647,1.0086333905628022,0.831949999587592,2.203729359770316,0.0,0.5412141171493554,-0.249732707546561,1.5827075682666054
2026-08-18T06:06:05.084+00:00,1787033165.0849032,192977.1127043,28.754308200004743,920,192976.9931676,16.047899989644065,103.2847999886144,3,1,1,4,1,0.0,1,estabilizada,1,1,1,472.0,273.0,0.18235395848751068,0.8960311412811279,0.20276039043181388,0.830877762058061,0.18989914043181388,0.819433262058061,-1.7970725033950865,0.19136266412373204,0.8182223576032063,-1.7848708201038403,0.0,0.5412141171493554,-0.249732707546561,1.5827075682666054
2026-08-18T06:06:05.084+00:00,1787033165.0849032,192977.1129422,28.754546100011794,920,192976.9931676,16.047899989644065,103.2847999886144,10,0,0,4,1,0.0,1,estabilizada,1,1,1,,,,,,,,,,,,,nan,0.5412141171493554,-0.249732707546561,1.5827075682666054
2026-08-18T06:06:05.240+00:00,1787033165.2400546,192977.2678338,28.909437700000126,925,192977.1458724,39.390599995385855,82.54659999511205,1,0,0,4,1,0.0,1,estabilizada,1,1,1,,,,,,,,,,,,,nan,0.5412224549361554,-0.2497348427568262,1.5827044604603127
2026-08-18T06:06:05.240+00:00,1787033165.2400546,192977.2678756,28.90947949999827,925,192977.1458724,39.390599995385855,82.54659999511205,2,1,1,4,1,0.0,1,estabilizada,1,1,1,979.4002685546875,262.4672546386719,1.0457888841629028,0.9056129455566406,1.0170968701041316,0.8399144506411904,1.0042356201041316,0.8284699506411904,2.200140048499164,1.0086333905628022,0.831949999587592,2.203729359770316,0.0,0.5412224549361554,-0.2497348427568262,1.5827044604603127
2026-08-18T06:06:05.240+00:00,1787033165.2400546,192977.267888,28.909491900005378,925,192977.1458724,39.390599995385855,82.54659999511205,3,1,1,4,1,0.0,1,estabilizada,1,1,1,472.0,273.0,0.18235380947589874,0.8960331082344055,0.20276076408954125,0.8308793678075794,0.18989951408954125,0.8194348678075795,-1.7970724791351498,0.19136266412373204,0.8182223576032063,-1.7848708201038403,0.0,0.5412224549361554,-0.2497348427568262,1.5827044604603127
2026-08-18T06:06:05.240+00:00,1787033165.2400546,192977.2679006,28.90950450001401,925,192977.1458724,39.390599995385855,82.54659999511205,10,0,0,4,1,0.0,1,estabilizada,1,1,1,,,,,,,,,,,,,nan,0.5412224549361554,-0.2497348427568262,1.5827044604603127
2026-08-18T06:06:05.389+00:00,1787033165.3896477,192977.4171152,29.05871909999405,930,192977.3164437,22.018899995600805,78.62770001520403,1,0,0,4,1,0.0,1,estabilizada,1,1,1,,,,,,,,,,,,,nan,0.5412299647729703,-0.24973602039431764,1.5827027910782028
2026-08-18T06:06:05.389+00:00,1787033165.3896477,192977.4171582,29.05876210000133,930,192977.3164437,22.018899995600805,78.62770001520403,2,1,1,4,1,0.0,1,estabilizada,1,1,1,979.25,262.25,1.0455856323242188,0.9060696363449097,1.0169055729122496,0.8403450355588923,1.0040443229122495,0.8289005355588923,2.206955315011726,1.0086333905628022,0.831949999587592,2.203729359770316,0.0,0.5412299647729703,-0.24973602039431764,1.5827027910782028
2026-08-18T06:06:05.389+00:00,1787033165.3896477,192977.4171881,29.058791999996174,930,192977.3164437,22.018899995600805,78.62770001520403,3,1,1,4,1,0.0,1,estabilizada,1,1,1,472.25,273.25,0.18279841542243958,0.8955242037773132,0.20318053619924809,0.8303992663876288,0.1903192861992481,0.8189547663876289,-1.7970721482714045,0.19136266412373204,0.8182223576032063,-1.7848708201038403,0.0,0.5412299647729703,-0.24973602039431764,1.5827027910782028
2026-08-18T06:06:05.389+00:00,1787033165.3896477,192977.4171992,29.058803099993384,930,192977.3164437,22.018899995600805,78.62770001520403,10,0,0,4,1,0.0,1,estabilizada,1,1,1,,,,,,,,,,,,,nan,0.5412299647729703,-0.24973602039431764,1.5827027910782028
2026-08-18T06:06:05.539+00:00,1787033165.539899,192977.5679272,29.209531100001186,935,192977.4771794,9.883299993816763,80.83839999744669,1,0,0,4,1,0.0,1,estabilizada,1,1,1,,,,,,,,,,,,,nan,0.5412368162876463,-0.24973491693716532,1.5827029591912556
2026-08-18T06:06:05.539+00:00,1787033165.539899,192977.5679703,29.20957420000923,935,192977.4771794,9.883299993816763,80.83839999744669,2,1,1,4,1,0.0,1,estabilizada,1,1,1,979.3079223632812,262.68505859375,1.0455641746520996,0.905163049697876,1.0168857280811812,0.8394900714592642,1.0040244780811811,0.8280455714592643,2.227298598400055,1.0086333905628022,0.831949999587592,2.203729359770316,0.0,0.5412368162876463,-0.24973491693716532,1.5827029591912556
2026-08-18T06:06:05.539+00:00,1787033165.539899,192977.5679834,29.209587299992563,935,192977.4771794,9.883299993816763,80.83839999744669,3,1,1,4,1,0.0,1,estabilizada,1,1,1,472.25,273.0,0.18276618421077728,0.8960303664207458,0.20315052525188076,0.8308767158867855,0.19028927525188077,0.8194322158867855,-1.797071535063784,0.19136266412373204,0.8182223576032063,-1.7848708201038403,0.0,0.5412368162876463,-0.24973491693716532,1.5827029591912556
2026-08-18T06:06:05.539+00:00,1787033165.539899,192977.5679966,29.209600500005763,935,192977.4771794,9.883299993816763,80.83839999744669,10,0,0,4,1,0.0,1,estabilizada,1,1,1,,,,,,,,,,,,,nan,0.5412368162876463,-0.24973491693716532,1.5827029591912556
2026-08-18T06:06:05.679+00:00,1787033165.6798193,192977.7073012,29.348905099992407,939,192977.6101425,18.513599992729723,78.58900001156144,1,0,0,4,1,0.0,1,estabilizada,1,1,1,,,,,,,,,,,,,nan,0.5412426637211776,-0.24973470663630562,1.5827013417659324
2026-08-18T06:06:05.679+00:00,1787033165.6798193,192977.7073455,29.348949400009587,939,192977.6101425,18.513599992729723,78.58900001156144,2,1,1,4,1,0.0,1,estabilizada,1,1,1,979.5,262.0,1.046089768409729,0.9065862894058228,1.0173817372588403,0.8408323237664972,1.0045204872588402,0.8293878237664972,2.2101862771865397,1.0086333905628022,0.831949999587592,2.203729359770316,0.0,0.5412426637211776,-0.24973470663630562,1.5827013417659324
2026-08-18T06:06:05.679+00:00,1787033165.6798193,192977.7073578,29.348961700015934,939,192977.6101425,18.513599992729723,78.58900001156144,3,1,1,4,1,0.0,1,estabilizada,1,1,1,472.25,273.0,0.18276569247245789,0.8960320353507996,0.20315041482088703,0.8308782352890758,0.19028916482088704,0.8194337352890758,-1.7970715108025217,0.19136266412373204,0.8182223576032063,-1.7848708201038403,0.0,0.5412426637211776,-0.24973470663630562,1.5827013417659324
2026-08-18T06:06:05.679+00:00,1787033165.6798193,192977.7073686,29.34897250001086,939,192977.6101425,18.513599992729723,78.58900001156144,10,0,0,4,1,0.0,1,estabilizada,1,1,1,,,,,,,,,,,,,nan,0.5412426637211776,-0.24973470663630562,1.5827013417659324
2026-08-18T06:06:05.816+00:00,1787033165.816609,192977.8446449,29.48624880000716,943,192977.7435981,23.36029999423772,77.638399990974,1,0,0,4,1,0.0,1,estabilizada,1,1,1,,,,,,,,,,,,,nan,0.541246436993952,-0.2497369907851647,1.5826973031280738
2026-08-18T06:06:05.816+00:00,1787033165.816609,192977.8446878,29.48629170001368,943,192977.7435981,23.36029999423772,77.638399990974,2,1,1,4,1,0.0,1,estabilizada,1,1,1,977.75,259.25,1.0437977313995361,0.9123652577400208,1.015220178125698,0.8462823736910277,1.002358928125698,0.8348378736910277,2.0110694586870412,1.0086333905628022,0.831949999587592,2.186991491819487,0.0,0.541246436993952,-0.2497369907851647,1.5826973031280738
2026-08-18T06:06:05.816+00:00,1787033165.816609,192977.844701,29.486304899997776,943,192977.7435981,23.36029999423772,77.638399990974,3,1,1,4,1,0.0,1,estabilizada,1,1,1,472.25,273.0,0.18276534974575043,0.8960335850715637,0.20315035816686317,0.8308794007412446,0.19028910816686317,0.8194349007412446,-1.7970720754898253,0.19136266412373204,0.8182223576032063,-1.7848708201038403,0.0,0.541246436993952,-0.2497369907851647,1.5826973031280738
2026-08-18T06:06:05.816+00:00,1787033165.816609,192977.8447142,29.486318100010976,943,192977.7435981,23.36029999423772,77.638399990974,10,0,0,4,1,0.0,1,estabilizada,1,1,1,,,,,,,,,,,,,nan,0.541246436993952,-0.2497369907851647,1.5826973031280738
2026-08-18T06:06:05.959+00:00,1787033165.9590542,192977.986499,29.6281028999947,947,192977.9016426,3.77660000231117,81.05530001921579,1,0,0,4,1,0.0,1,estabilizada,1,1,1,,,,,,,,,,,,,nan,0.5412500718441956,-0.249740766301973,1.5826914975779445
2026-08-18T06:06:05.959+00:00,1787033165.9590542,192977.9865439,29.62814780001645,947,192977.9016426,3.77660000231117,81.05530001921579,2,1,1,4,1,0.0,1,estabilizada,1,1,1,976.25,259.25,1.0411728620529175,0.9124014377593994,1.0127446742553337,0.8463160392306361,0.9998834242553336,0.8348715392306362,1.992881019366283,1.0086333905628022,0.831949999587592,2.1655356846955565,0.0,0.5412500718441956,-0.249740766301973,1.5826914975779445
2026-08-18T06:06:05.959+00:00,1787033165.9590542,192977.9865582,29.62816210000892,947,192977.9016426,3.77660000231117,81.05530001921579,3,1,1,4,1,0.0,1,estabilizada,1,1,1,472.25,273.0,0.18276512622833252,0.8960350751876831,0.20315042883139955,0.8308803524309882,0.19028917883139956,0.8194358524309883,-1.7970717446237896,0.19136266412373204,0.8182223576032063,-1.7848708201038403,0.0,0.5412500718441956,-0.249740766301973,1.5826914975779445
2026-08-18T06:06:05.959+00:00,1787033165.9590542,192977.9865702,29.628174100012984,947,192977.9016426,3.77660000231117,81.05530001921579,10,0,0,4,1,0.0,1,estabilizada,1,1,1,,,,,,,,,,,,,nan,0.5412500718441956,-0.249740766301973,1.5826914975779445
2026-08-18T06:06:06.109+00:00,1787033166.1097593,192978.1378782,29.77948210001341,952,192978.0438834,9.305199986556545,84.66459999908693,1,0,0,4,1,0.0,1,estabilizada,1,1,1,,,,,,,,,,,,,nan,0.5412504926756547,-0.24974480715377684,1.5826859462029559
2026-08-18T06:06:06.109+00:00,1787033166.1097593,192978.1379233,29.77952720000758,952,192978.0438834,9.305199986556545,84.66459999908693,2,1,1,4,1,0.0,1,estabilizada,1,1,1,975.75,257.75,1.0407133102416992,0.9155492782592773,1.0123111792385218,0.8492844150760377,0.9994499292385217,0.8378399150760377,1.9842182548332679,1.0050811073712045,0.833840932808912,2.0729943262139146,0.0,0.5412504926756547,-0.24974480715377684,1.5826859462029559
2026-08-18T06:06:06.109+00:00,1787033166.1097593,192978.1379361,29.779540000017732,952,192978.0438834,9.305199986556545,84.66459999908693,3,1,1,4,1,0.0,1,estabilizada,1,1,1,472.25,273.0,0.18276529014110565,0.8960363864898682,0.20315067885673405,0.8308811308465578,0.19028942885673406,0.8194366308465578,-1.7970717446237892,0.19136266412373204,0.8182223576032063,-1.7848708201038403,0.0,0.5412504926756547,-0.24974480715377684,1.5826859462029559
2026-08-18T06:06:06.109+00:00,1787033166.1097593,192978.1379493,29.77955320000183,952,192978.0438834,9.305199986556545,84.66459999908693,10,0,0,4,1,0.0,1,estabilizada,1,1,1,,,,,,,,,,,,,nan,0.5412504926756547,-0.24974480715377684,1.5826859462029559
2026-08-18T06:06:06.252+00:00,1787033166.2527897,192978.2810218,29.92262570001185,956,192978.1798089,17.580999992787838,83.60910002375022,1,0,0,4,1,0.0,1,estabilizada,1,1,1,,,,,,,,,,,,,nan,0.5412498319155974,-0.2497493899829992,1.5826795876130126
2026-08-18T06:06:06.252+00:00,1787033166.2527897,192978.2810632,29.922667100006947,956,192978.1798089,17.580999992787838,83.60910002375022,2,1,1,4,1,0.0,1,estabilizada,1,1,1,974.75,255.25,1.0396549701690674,0.9208084940910339,1.011312870609633,0.8542440356932659,0.998451620609633,0.8427995356932659,1.8977169357203627,1.003569804812515,0.8356591227248371,2.0030277090444573,0.0,0.5412498319155974,-0.2497493899829992,1.5826795876130126
2026-08-18T06:06:06.252+00:00,1787033166.2527897,192978.2810924,29.92269629999646,956,192978.1798089,17.580999992787838,83.60910002375022,3,1,1,4,1,0.0,1,estabilizada,1,1,1,472.0,273.0,0.182351753115654,0.8960434794425964,0.20276070218203507,0.8308872980806881,0.18989945218203508,0.8194427980806881,-1.7970729225259767,0.19136266412373204,0.8182223576032063,-1.7848708201038403,0.0,0.5412498319155974,-0.2497493899829992,1.5826795876130126
2026-08-18T06:06:06.252+00:00,1787033166.2527897,192978.2811029,29.9227067999891,956,192978.1798089,17.580999992787838,83.60910002375022,10,0,0,4,1,0.0,1,estabilizada,1,1,1,,,,,,,,,,,,,nan,0.5412498319155974,-0.2497493899829992,1.5826795876130126
2026-08-18T06:06:06.394+00:00,1787033166.3946207,192978.4229522,30.0645560999983,961,192978.343071,3.444799978751689,76.41140001942404,1,0,0,4,1,0.0,1,estabilizada,1,1,1,,,,,,,,,,,,,nan,0.5412508018251863,-0.24975477389558298,1.5826729809679387
2026-08-18T06:06:06.394+00:00,1787033166.3946207,192978.4229951,30.06459900000482,961,192978.343071,3.444799978751689,76.41140001942404,2,1,1,4,1,0.0,1,estabilizada,1,1,1,974.75,253.25,1.0402088165283203,0.9250064492225647,1.0118351588850223,0.8582026866310206,0.9989739088850222,0.8467581866310206,1.6600094918787731,1.002449961802756,0.8371132841234179,1.9745752137518973,0.0,0.5412508018251863,-0.24975477389558298,1.5826729809679387
2026-08-18T06:06:06.394+00:00,1787033166.3946207,192978.4230071,30.06461100000888,961,192978.343071,3.444799978751689,76.41140001942404,3,1,1,4,1,0.0,1,estabilizada,1,1,1,472.0,273.0,0.18235225975513458,0.8960450291633606,0.2027613203600297,0.8308881815294058,0.1899000703600297,0.8194436815294058,-1.7970734872202063,0.19136266412373204,0.8182223576032063,-1.7848708201038403,0.0,0.5412508018251863,-0.24975477389558298,1.5826729809679387
2026-08-18T06:06:06.395+00:00,1787033166.3956246,192978.4230257,30.06462960000499,961,192978.343071,3.444799978751689,76.41140001942404,10,0,0,4,1,0.0,1,estabilizada,1,1,1,,,,,,,,,,,,,nan,0.5412508018251863,-0.24975477389558298,1.5826729809679387
2026-08-18T06:06:06.542+00:00,1787033166.542666,192978.5705287,30.212132599990582,965,192978.4767714,11.051700013922527,82.66389998607337,1,0,0,4,1,0.0,1,estabilizada,1,1,1,,,,,,,,,,,,,nan,0.5412512613910646,-0.24975956289826534,1.5826662062748658
2026-08-18T06:06:06.542+00:00,1787033166.542666,192978.5706115,30.21221540000988,965,192978.4767714,11.051700013922527,82.66389998607337,2,1,1,4,1,0.0,1,estabilizada,1,1,1,975.0,253.5,1.040575623512268,0.9244767427444458,1.0121810116776715,0.8577025441870716,0.9993197616776714,0.8462580441870716,1.7402763436478466,1.002449961802756,0.8371132841234179,1.94161033449295,0.0,0.5412512613910646,-0.24975956289826534,1.5826662062748658
2026-08-18T06:06:06.542+00:00,1787033166.542666,192978.5706471,30.21225099998992,965,192978.4767714,11.051700013922527,82.66389998607337,3,1,1,4,1,0.0,1,estabilizada,1,1,1,472.0,273.0,0.18235251307487488,0.8960461020469666,0.20276167277032575,0.8308886421629957,0.18990042277032576,0.8194441421629958,-1.7970743585246407,0.19136266412373204,0.8182223576032063,-1.7848708201038403,0.0,0.5412512613910646,-0.24975956289826534,1.5826662062748658
2026-08-18T06:06:06.542+00:00,1787033166.542666,192978.5708918,30.21249569999054,965,192978.4767714,11.051700013922527,82.66389998607337,10,0,0,4,1,0.0,1,estabilizada,1,1,1,,,,,,,,,,,,,nan,0.5412512613910646,-0.24975956289826534,1.5826662062748658
2026-08-18T06:06:06.699+00:00,1787033166.6992698,192978.7274615,30.369065400009276,969,192978.6234449,20.740000007208437,83.25189998140559,1,0,0,4,1,0.0,1,estabilizada,1,1,1,,,,,,,,,,,,,nan,0.541250620803478,-0.24976479396173543,1.5826587757867259
2026-08-18T06:06:06.699+00:00,1787033166.6992698,192978.7275055,30.369109399995068,969,192978.6234449,20.740000007208437,83.25189998140559,2,1,1,4,1,0.0,1,estabilizada,1,1,1,975.25,253.5,1.041011929512024,0.9244720935821533,1.0125923368165544,0.8576975484333312,0.9997310868165543,0.8462530484333313,1.6816398042116696,1.0016670665086846,0.8391717908943156,1.9071389889012322,0.0,0.541250620803478,-0.24976479396173543,1.5826587757867259
2026-08-18T06:06:06.699+00:00,1787033166.6992698,192978.7275183,30.369122200005222,969,192978.6234449,20.740000007208437,83.25189998140559,3,1,1,4,1,0.0,1,estabilizada,1,1,1,472.0,273.0,0.18235290050506592,0.8960471749305725,0.20276209756069824,0.830889050653881,0.18990084756069825,0.819444550653881,-1.797074640874537,0.19136266412373204,0.8182223576032063,-1.7848708201038403,0.0,0.541250620803478,-0.24976479396173543,1.5826587757867259
2026-08-18T06:06:06.699+00:00,1787033166.6992698,192978.7275316,30.36913549999008,969,192978.6234449,20.740000007208437,83.25189998140559,10,0,0,4,1,0.0,1,estabilizada,1,1,1,,,,,,,,,,,,,nan,0.541250620803478,-0.24976479396173543,1.5826587757867259
2026-08-18T06:06:06.850+00:00,1787033166.8507988,192978.8783476,30.51995149999857,974,192978.790621,6.303500005742535,81.39559999108315,1,0,0,4,1,0.0,1,estabilizada,1,1,1,,,,,,,,,,,,,nan,0.5412479101686519,-0.2497710200850765,1.5826499637782514
2026-08-18T06:06:06.850+00:00,1787033166.8507988,192978.8783899,30.51999380000052,974,192978.790621,6.303500005742535,81.39559999108315,2,1,1,4,1,0.0,1,estabilizada,1,1,1,975.25,253.5,1.041009783744812,0.9244731068611145,1.0125900006902713,0.857697778238945,0.9997287506902712,0.846253278238945,1.6816400268475065,1.0016670665086846,0.8391717908943156,1.8262716661833889,0.0,0.5412479101686519,-0.2497710200850765,1.5826499637782514
2026-08-18T06:06:06.850+00:00,1787033166.8507988,192978.8784045,30.520008399995277,974,192978.790621,6.303500005742535,81.39559999108315,3,1,1,4,1,0.0,1,estabilizada,1,1,1,472.0,272.75,0.18232181668281555,0.8965526819229126,0.2027327408625424,0.8313650943059867,0.1898714908625424,0.8199205943059867,-1.7855899713207115,0.19136266412373204,0.8182223576032063,-1.7848708201038403,0.0,0.5412479101686519,-0.2497710200850765,1.5826499637782514
2026-08-18T06:06:06.850+00:00,1787033166.8507988,192978.8784175,30.520021400006954,974,192978.790621,6.303500005742535,81.39559999108315,10,0,0,4,1,0.0,1,estabilizada,1,1,1,,,,,,,,,,,,,nan,0.5412479101686519,-0.2497710200850765,1.5826499637782514
2026-08-18T06:06:06.990+00:00,1787033166.9907248,192979.0186765,30.660280400014017,978,192978.9274642,10.343400004785508,80.65739998710342,1,0,0,4,1,0.0,1,estabilizada,1,1,1,,,,,,,,,,,,,nan,0.5412442250415016,-0.24977617969686325,1.5826422992538174
2026-08-18T06:06:06.991+00:00,1787033166.9917238,192979.0194553,30.661059200007003,978,192978.9274642,10.343400004785508,80.65739998710342,2,1,1,4,1,0.0,1,estabilizada,1,1,1,975.0,253.25,1.0406394004821777,0.9250048995018005,1.0122403327895906,0.8581987126725154,0.9993790827895905,0.8467542126725154,1.645249099788907,1.0016670665086846,0.8391717908943156,1.7938290541331505,0.0,0.5412442250415016,-0.24977617969686325,1.5826422992538174
2026-08-18T06:06:06.991+00:00,1787033166.9917238,192979.0195905,30.661194399988744,978,192978.9274642,10.343400004785508,80.65739998710342,3,1,1,4,1,0.0,1,estabilizada,1,1,1,472.0,273.0,0.18235410749912262,0.896048903465271,0.20276308468496107,0.8308893550738162,0.18990183468496108,0.8194448550738163,-1.7970769967174727,0.19136266412373204,0.8182223576032063,-1.7848708201038403,0.0,0.5412442250415016,-0.24977617969686325,1.5826422992538174
2026-08-18T06:06:06.991+00:00,1787033166.9917238,192979.0196352,30.66123910000897,978,192978.9274642,10.343400004785508,80.65739998710342,10,0,0,4,1,0.0,1,estabilizada,1,1,1,,,,,,,,,,,,,nan,0.5412442250415016,-0.24977617969686325,1.5826422992538174
2026-08-18T06:06:07.156+00:00,1787033167.1566825,192979.1841608,30.82576470001368,983,192979.079311,24.89959998638369,79.92419999209233,1,0,0,4,1,0.0,1,estabilizada,1,1,1,,,,,,,,,,,,,nan,0.5412409168199156,-0.24978112858566745,1.582634896185584
2026-08-18T06:06:07.156+00:00,1787033167.1566825,192979.184206,30.825809900008608,983,192979.079311,24.89959998638369,79.92419999209233,2,1,1,4,1,0.0,1,estabilizada,1,1,1,975.25,253.5,1.0410064458847046,0.9244751930236816,1.012586184380148,0.8576985351858217,0.999724934380148,0.8462540351858218,1.6816402494842384,1.0016670665086846,0.8391717908943156,1.7413449710580815,0.0,0.5412409168199156,-0.24978112858566745,1.582634896185584
2026-08-18T06:06:07.156+00:00,1787033167.1566825,192979.1842195,30.825823399994988,983,192979.079311,24.89959998638369,79.92419999209233,3,1,1,4,1,0.0,1,estabilizada,1,1,1,472.5,273.75,0.18327708542346954,0.8945248126983643,0.20363348278544352,0.8294513488414885,0.19077223278544353,0.8180068488414886,-1.7862196186876096,0.19136266412373204,0.8182223576032063,-1.7848708201038403,0.0,0.5412409168199156,-0.24978112858566745,1.582634896185584
2026-08-18T06:06:07.156+00:00,1787033167.1566825,192979.1842325,30.825836400006665,983,192979.079311,24.89959998638369,79.92419999209233,10,0,0,4,1,0.0,1,estabilizada,1,1,1,,,,,,,,,,,,,nan,0.5412409168199156,-0.24978112858566745,1.582634896185584
2026-08-18T06:06:07.292+00:00,1787033167.292754,192979.3209814,30.96258530000341,987,192979.2248738,16.321800008881837,79.75609999266453,1,0,0,4,1,0.0,1,estabilizada,1,1,1,,,,,,,,,,,,,nan,0.5412376086453907,-0.24978628288891178,1.5826265872458682
2026-08-18T06:06:07.292+00:00,1787033167.2937636,192979.3211292,30.962733099993784,987,192979.2248738,16.321800008881837,79.75609999266453,2,1,1,4,1,0.0,1,estabilizada,1,1,1,975.0,253.25,1.0406357049942017,0.9250072240829468,1.0122361892565008,0.8581996672786193,0.9993749392565008,0.8467551672786193,1.6452493173550342,1.0016670665086846,0.8391717908943156,1.7234061363176285,0.0,0.5412376086453907,-0.24978628288891178,1.5826265872458682
2026-08-18T06:06:07.293+00:00,1787033167.2937636,192979.3211463,30.962750200007576,987,192979.2248738,16.321800008881837,79.75609999266453,3,1,1,4,1,0.0,1,estabilizada,1,1,1,472.5,273.75,0.18327797949314117,0.8945257663726807,0.20363424475705683,0.8294516135286,0.19077299475705684,0.8180071135286,-1.7434783480688034,0.19136266412373204,0.8182223576032063,-1.7848708201038403,0.0,0.5412376086453907,-0.24978628288891178,1.5826265872458682
2026-08-18T06:06:07.293+00:00,1787033167.2937636,192979.3211599,30.96276379999472,987,192979.2248738,16.321800008881837,79.75609999266453,10,0,0,4,1,0.0,1,estabilizada,1,1,1,,,,,,,,,,,,,nan,0.5412376086453907,-0.24978628288891178,1.5826265872458682
