wall_time_iso,t_wall,t_perf,session_elapsed_s,cycle_id,robot_id,state,previous_state,x,y,yaw,pose_age_ms,waypoint_x,waypoint_y,final_goal_x,final_goal_y,distance_error,desired_heading,angle_error,u_att_x,u_att_y,u_rep_x,u_rep_y,u_res_x,u_res_y,repulsion_norm,align_factor,linear_cmd,angular_cmd,left_cmd,right_cmd,controller_mode,avoid_enabled,requested_delay_ms,jitter_ms
2026-08-18T05:35:30.286+00:00,1787031330.2861276,191142.3676383,0.2990280000085477,146,2,ORIENT,ORIENT,0.5914916686290822,0.9989073161984228,1.7034639619934793,440.07134437561035,0.6,0.2,0.6,0.2,0.7989526216103706,-1.5601467696705755,3.0195745755155317,0.010649356059730053,-0.9999433159828186,0.0,0.0,0.010649356059730053,-0.9999433159828186,0.0,0.0,0,35.0,-35,35,apf_fsm,1,0.0,0.0
2026-08-18T05:35:30.286+00:00,1787031330.2861276,191142.3682406,0.2996302999963518,146,3,ORIENT,ORIENT,1.0022824411808404,0.5895715335087726,0.308089501605389,440.07134437561035,0.2,0.6,0.2,0.6,0.8023502155171689,3.1285948877292045,2.8205053861238154,-0.9999155402183533,0.012997400015592575,0.0,0.0,-0.9999155402183533,0.012997400015592575,0.0,0.0,0,35.0,-35,35,apf_fsm,1,0.0,0.0
2026-08-18T05:35:30.456+00:00,1787031330.4562175,191142.5377704,0.46916010000859387,147,2,ORIENT,ORIENT,0.5912474995176726,1.0006757460379585,1.7034639619934793,130.692720413208,0.6,0.2,0.6,0.2,0.8007235831160056,-1.5598653699724354,3.0198559752136713,0.010930739343166351,-0.9999402761459351,0.0,0.0,0.010930739343166351,-0.9999402761459351,0.0,0.0,0,35.0,-35,35,apf_fsm,1,0.0,0.0
2026-08-18T05:35:30.457+00:00,1787031330.4572163,191142.5388081,0.4701978000230156,147,3,ORIENT,ORIENT,1.0022824411808404,0.5895715335087726,0.308089501605389,131.69145584106445,0.2,0.6,0.2,0.6,0.8023502155171689,3.1285948877292045,2.8205053861238154,-0.9999155402183533,0.012997400015592575,0.0,0.0,-0.9999155402183533,0.012997400015592575,0.0,0.0,0,35.0,-35,35,apf_fsm,1,0.0,0.0
2026-08-18T05:35:30.604+00:00,1787031330.6046116,191142.68631,0.6176997000002302,148,2,ORIENT,ORIENT,0.5912474995176726,1.0006757460379585,1.7034639619934793,125.94175338745117,0.6,0.2,0.6,0.2,0.8007235831160056,-1.5598653699724354,3.0198559752136713,0.010930739343166351,-0.9999402761459351,0.0,0.0,0.010930739343166351,-0.9999402761459351,0.0,0.0,0,35.0,-35,35,apf_fsm,1,0.0,0.0
2026-08-18T05:35:30.605+00:00,1787031330.6056128,191142.6871484,0.6185381000104826,148,3,ORIENT,ORIENT,1.0022824411808404,0.5895715335087726,0.308089501605389,126.94287300109863,0.2,0.6,0.2,0.6,0.8023502155171689,3.1285948877292045,2.8205053861238154,-0.9999155402183533,0.012997400015592575,0.0,0.0,-0.9999155402183533,0.012997400015592575,0.0,0.0,0,35.0,-35,35,apf_fsm,1,0.0,0.0
2026-08-18T05:35:30.762+00:00,1787031330.762646,191142.8446027,0.7759924000129104,149,2,ORIENT,ORIENT,0.5912474995176726,1.0006757460379585,1.7034639619934793,128.0684471130371,0.6,0.2,0.6,0.2,0.8007235831160056,-1.5598653699724354,3.0198559752136713,0.010930739343166351,-0.9999402761459351,0.0,0.0,0.010930739343166351,-0.9999402761459351,0.0,0.0,0,35.0,-35,35,apf_fsm,1,0.0,0.0
2026-08-18T05:35:30.764+00:00,1787031330.7649083,191142.8460346,0.777424300002167,149,3,ORIENT,ORIENT,1.0022824411808404,0.5895715335087726,0.3171033945310771,129.06765937805176,0.2,0.6,0.2,0.6,0.8023502155171689,3.1285948877292045,2.8114914931981274,-0.9999155402183533,0.012997400015592575,0.0,0.0,-0.9999155402183533,0.012997400015592575,0.0,0.0,0,35.0,-35,35,apf_fsm,1,0.0,0.0
2026-08-18T05:35:30.920+00:00,1787031330.920075,191143.0021258,0.9335155000153463,150,2,ORIENT,ORIENT,0.5912474995176726,1.0006757460379585,1.738210896944837,115.80705642700195,0.6,0.2,0.6,0.2,0.8007235831160056,-1.5598653699724354,2.985109040262314,0.010930739343166351,-0.9999402761459351,0.0,0.0,0.010930739343166351,-0.9999402761459351,0.0,0.0,0,35.0,-35,35,apf_fsm,1,0.0,0.0
2026-08-18T05:35:30.922+00:00,1787031330.9220786,191143.0037878,0.9351775000104681,150,3,ORIENT,ORIENT,1.0022824411808404,0.5895715335087726,0.34501455520942237,117.81072616577148,0.2,0.6,0.2,0.6,0.8023502155171689,3.1285948877292045,2.783580332519782,-0.9999155402183533,0.012997400015592575,0.0,0.0,-0.9999155402183533,0.012997400015592575,0.0,0.0,0,35.0,-35,35,apf_fsm,1,0.0,0.0
2026-08-18T05:35:31.082+00:00,1787031331.0821385,191143.1633376,1.0947273000201676,151,2,ORIENT,ORIENT,0.5912474995176726,1.0006757460379585,1.815394743321212,122.42889404296875,0.6,0.2,0.6,0.2,0.8007235831160056,-1.5598653699724354,2.907925193885939,0.010930739343166351,-0.9999402761459351,0.0,0.0,0.010930739343166351,-0.9999402761459351,0.0,0.0,0,35.0,-35,35,apf_fsm,1,0.0,0.0
2026-08-18T05:35:31.082+00:00,1787031331.0821385,191143.1640812,1.095470900007058,151,3,ORIENT,ORIENT,1.000996209166337,0.5933586839192422,0.7220394314903136,123.41570854187012,0.2,0.6,0.2,0.6,0.801023741332382,3.1333015225356573,2.4112620910453435,-0.9999656081199646,0.008291035890579224,0.0,0.0,-0.9999656081199646,0.008291035890579224,0.0,0.0,0,26.0,-26,26,apf_fsm,1,0.0,0.0
2026-08-18T05:35:31.224+00:00,1787031331.2241642,191143.305481,1.2368706999986898,152,2,ORIENT,ORIENT,0.5912474995176726,1.0006757460379585,2.058534910618652,114.35842514038086,0.6,0.2,0.6,0.2,0.8007235831160056,-1.5598653699724354,2.6647850265884987,0.010930739343166351,-0.9999402761459351,0.0,0.0,0.010930739343166351,-0.9999402761459351,0.0,0.0,0,35.0,-35,35,apf_fsm,1,0.0,0.0
2026-08-18T05:35:31.225+00:00,1787031331.2251492,191143.3063501,1.2377398000098765,152,3,ORIENT,ORIENT,0.9996912429768856,0.5957306932305071,1.0336414191639602,114.35842514038086,0.2,0.6,0.2,0.6,0.7997026391567108,3.1362540106565366,2.1026125914925764,-0.9999857544898987,0.005338617600500584,0.0,0.0,-0.9999857544898987,0.005338617600500584,0.0,0.0,0,26.0,-26,26,apf_fsm,1,0.0,0.0
2026-08-18T05:35:31.378+00:00,1787031331.3789845,191143.4605416,1.3919313000224065,153,2,ORIENT,ORIENT,0.5912474995176726,1.0006757460379585,2.205170544768255,123.46005439758301,0.6,0.2,0.6,0.2,0.8007235831160056,-1.5598653699724354,2.518149392438896,0.010930739343166351,-0.9999402761459351,0.0,0.0,0.010930739343166351,-0.9999402761459351,0.0,0.0,0,35.0,-35,35,apf_fsm,1,0.0,0.0
2026-08-18T05:35:31.380+00:00,1787031331.3804877,191143.4616027,1.3929924000112806,153,3,ORIENT,ORIENT,0.9970562122974108,0.5994312937940741,1.2861610912969248,123.46005439758301,0.2,0.6,0.2,0.6,0.7970564151856779,3.140879145430267,1.8547180541333421,-0.9999997615814209,0.0007135081104934216,0.0,0.0,-0.9999997615814209,0.0007135081104934216,0.0,0.0,0,26.0,-26,26,apf_fsm,1,0.0,0.0
2026-08-18T05:35:31.537+00:00,1787031331.5371327,191143.6183063,1.549696000001859,154,2,ORIENT,ORIENT,0.5912474995176726,1.0006757460379585,2.2476247683279977,122.45440483093262,0.6,0.2,0.6,0.2,0.8007235831160056,-1.5598653699724354,2.4756951688791533,0.010930739343166351,-0.9999402761459351,0.0,0.0,0.010930739343166351,-0.9999402761459351,0.0,0.0,0,35.0,-35,35,apf_fsm,1,0.0,0.0
2026-08-18T05:35:31.537+00:00,1787031331.5375504,191143.6197125,1.5511021999991499,154,3,ORIENT,ORIENT,0.9956924134929114,0.6007545517583779,1.5219455288928312,123.8715648651123,0.2,0.6,0.2,0.6,0.7956927712619553,-3.140644358017198,1.6205954202695567,-0.9999995231628418,-0.0009482954046688974,0.0,0.0,-0.9999995231628418,-0.0009482954046688974,0.0,0.0,0,26.0,-26,26,apf_fsm,1,0.0,0.0
2026-08-18T05:35:31.703+00:00,1787031331.7037225,191143.7851724,1.7165621000167448,155,2,ORIENT,ORIENT,0.5912474995176726,1.0006757460379585,2.3746311366298833,134.2620849609375,0.6,0.2,0.6,0.2,0.8007235831160056,-1.5598653699724354,2.3486888005772677,0.010930739343166351,-0.9999402761459351,0.0,0.0,0.010930739343166351,-0.9999402761459351,0.0,0.0,0,35.0,-35,35,apf_fsm,1,0.0,0.0
2026-08-18T05:35:31.704+00:00,1787031331.704729,191143.7865538,1.7179434999998193,155,3,ORIENT,ORIENT,0.9904646172570968,0.6015039129081783,1.7103392637765917,135.2686882019043,0.2,0.6,0.2,0.6,0.7904660479043005,-3.1396900875889404,1.4331559558140539,-0.9999982118606567,-0.0019025648944079876,0.0,0.0,-0.9999982118606567,-0.0019025648944079876,0.0,0.0,0,26.0,-26,26,apf_fsm,1,0.0,0.0
2026-08-18T05:35:31.883+00:00,1787031331.8831873,191143.9645088,1.8958985000208486,156,2,ORIENT,ORIENT,0.5894515888996698,0.9993961612441874,2.5255343058582906,142.9901123046875,0.6,0.2,0.6,0.2,0.7994657538560888,-1.5576016190404496,2.200049382280846,0.01319432444870472,-0.9999129176139832,0.0,0.0,0.01319432444870472,-0.9999129176139832,0.0,0.0,0,35.0,-35,35,apf_fsm,1,0.0,0.0
2026-08-18T05:35:31.884+00:00,1787031331.8841863,191143.9653304,1.8967201000195928,156,3,ORIENT,ORIENT,0.9904646172570968,0.6015039129081783,1.9127408050330232,142.9901123046875,0.2,0.6,0.2,0.6,0.7904660479043005,-3.1396900875889404,1.230754414557623,-0.9999982118606567,-0.0019025648944079876,0.0,0.0,-0.9999982118606567,-0.0019025648944079876,0.0,0.0,0,26.0,-26,26,apf_fsm,1,0.0,0.0
2026-08-18T05:35:32.162+00:00,1787031332.1634843,191144.2445266,2.1759163000097033,157,2,ORIENT,ORIENT,0.5869810966370834,0.9957598472626324,2.8619051342928787,247.71809577941895,0.6,0.2,0.6,0.2,0.7958663369939836,-1.5544374449854692,1.866842727901238,0.0163581520318985,-0.9998661875724792,0.0,0.0,0.0163581520318985,-0.9998661875724792,0.0,0.0,0,26.0,-26,26,apf_fsm,1,0.0,0.0
2026-08-18T05:35:32.163+00:00,1787031332.1634843,191144.2458733,2.177263000019593,157,3,ORIENT,ORIENT,0.9850937043258625,0.5994029894990782,2.1058390318223346,248.7170696258545,0.2,0.6,0.2,0.6,0.785093931318822,3.1408322216426487,1.0349931898203142,-0.9999997019767761,0.0007604318670928478,0.0,0.0,-0.9999997019767761,0.0007604318670928478,0.0,0.0,0,26.0,-26,26,apf_fsm,1,0.0,0.0
2026-08-18T05:35:32.312+00:00,1787031332.3121634,191144.3939893,2.3253790000162553,158,2,ORIENT,ORIENT,0.5869810966370834,0.9957598472626324,-3.021398405554768,128.61013412475586,0.6,0.2,0.6,0.2,0.7958663369939836,-1.5544374449854692,1.4669609605692988,0.0163581520318985,-0.9998661875724792,0.0,0.0,0.0163581520318985,-0.9998661875724792,0.0,0.0,0,26.0,-26,26,apf_fsm,1,0.0,0.0
2026-08-18T05:35:32.314+00:00,1787031332.3141565,191144.3955574,2.326947100023972,158,3,ORIENT,ORIENT,0.9800362302908578,0.6006610312030369,2.2702187146744306,130.60331344604492,0.2,0.6,0.2,0.6,0.7800365103818049,-3.140745217234744,0.8722213752704118,-0.9999996423721313,-0.0008474362548440695,0.0,0.0,-0.9999996423721313,-0.0008474362548440695,0.0,0.0,0,26.0,-26,26,apf_fsm,1,0.0,0.0
2026-08-18T05:35:32.470+00:00,1787031332.4705846,191144.5520354,2.4834251000138465,159,2,ORIENT,ORIENT,0.5869810966370834,0.9957598472626324,-3.021398405554768,287.0314121246338,0.6,0.2,0.6,0.2,0.7958663369939836,-1.5544374449854692,1.4669609605692988,0.0163581520318985,-0.9998661875724792,0.0,0.0,0.0163581520318985,-0.9998661875724792,0.0,0.0,0,32.27314113252458,-32,32,apf_fsm,1,0.0,0.0
2026-08-18T05:35:32.471+00:00,1787031332.4717166,191144.553661,2.485050700022839,159,3,ORIENT,ORIENT,0.9762390999270236,0.6015536741004698,2.3959001065862875,133.73994827270508,0.2,0.6,0.2,0.6,0.7762406547963887,-3.139591115667742,0.7476940849255573,-0.9999980926513672,-0.002001536777243018,0.0,0.0,-0.9999980926513672,-0.002001536777243018,0.0,0.0,0,26.0,-26,26,apf_fsm,1,0.0,0.0
2026-08-18T05:35:32.630+00:00,1787031332.6305134,191144.7123551,2.6437448000069708,160,2,ORIENT,ORIENT,0.587670569275055,0.9940950058353325,-2.812924175037361,130.26785850524902,0.6,0.2,0.6,0.2,0.7941907158577327,-1.5552711815376796,1.2576529934996812,0.015524521470069885,-0.9998794794082642,0.0,0.0,0.015524521470069885,-0.9998794794082642,0.0,0.0,0,26.0,-26,26,apf_fsm,1,0.0,0.0
2026-08-18T05:35:32.632+00:00,1787031332.6325214,191144.7136042,2.644993900001282,160,3,ORIENT,ORIENT,0.973691544487709,0.6020484684685465,2.4786319977491944,131.27398490905762,0.2,0.6,0.2,0.6,0.7736942563020894,-3.1389450046190617,0.6656083048113306,-0.999996542930603,-0.002647646004334092,0.0,0.0,-0.999996542930603,-0.002647646004334092,0.0,0.0,0,26.0,-26,26,apf_fsm,1,0.0,0.0
2026-08-18T05:35:32.794+00:00,1787031332.7946985,191144.8761726,2.807562300004065,161,2,ORIENT,ORIENT,0.587670569275055,0.9940950058353325,-2.6084688018454885,133.91947746276855,0.6,0.2,0.6,0.2,0.7941907158577327,-1.5552711815376796,1.0531976203078088,0.015524521470069885,-0.9998794794082642,0.0,0.0,0.015524521470069885,-0.9998794794082642,0.0,0.0,0,26.0,-26,26,apf_fsm,1,0.0,0.0
2026-08-18T05:35:32.796+00:00,1787031332.796102,191144.8773004,2.8086901000060607,161,3,ORIENT,ORIENT,0.9717498429641039,0.6024131120478678,2.548314956256322,135.32304763793945,0.2,0.6,0.2,0.6,0.7717536156215108,-3.138465857796801,0.5964044931264629,-0.9999950528144836,-0.003126790514215827,0.0,0.0,-0.9999950528144836,-0.003126790514215827,0.0,0.0,0,26.0,-26,26,apf_fsm,1,0.0,0.0
2026-08-18T05:35:32.964+00:00,1787031332.9646258,191145.0462315,2.977621199999703,162,2,ORIENT,ORIENT,0.5919513526400652,0.9916478488881506,-2.185337847007918,132.74455070495605,0.6,0.2,0.6,0.2,0.7916887629451114,-1.5606297226990113,0.6247081243089068,0.010166428983211517,-0.9999483227729797,0.0,0.0,0.010166428983211517,-0.9999483227729797,0.0,0.0,0,-26.0,26,-26,apf_fsm,1,0.0,0.0
2026-08-18T05:35:32.965+00:00,1787031332.965631,191145.047176,2.978565700002946,162,3,ORIENT,ORIENT,0.9647695818996964,0.6035900982608842,2.664179070589331,133.74972343444824,0.2,0.6,0.2,0.6,0.7647780084472613,-3.136898334953221,0.48210790163703443,-0.9999890327453613,-0.004694301635026932,0.0,0.0,-0.9999890327453613,-0.004694301635026932,0.0,0.0,0,26.0,-26,26,apf_fsm,1,0.0,0.0
2026-08-18T05:35:33.117+00:00,1787031333.117982,191145.1994129,3.1308026000042446,163,2,ORIENT,ORIENT,0.5964605210679284,0.9901804771543599,-1.7314156324181729,122.76816368103027,0.6,0.2,0.6,0.2,0.7901884043612653,-1.566317027500492,0.1650986049176808,0.004479284398257732,-0.9999899864196777,0.0,0.0,0.004479284398257732,-0.9999899864196777,0.0,0.0,0,-31.757763684935423,31,-31,apf_fsm,1,0.0,0.0
2026-08-18T05:35:33.118+00:00,1787031333.1189816,191145.2001583,3.131548000004841,163,3,ORIENT,ORIENT,0.9606448772280373,0.6043286432443711,2.771991880298468,123.76785278320312,0.2,0.6,0.2,0.6,0.7606571937512935,-3.135901960102579,0.3752914667785392,-0.9999837875366211,-0.005690662655979395,0.0,0.0,-0.9999837875366211,-0.005690662655979395,0.0,0.0,0,26.0,-26,26,apf_fsm,1,0.0,0.0
2026-08-18T05:35:33.279+00:00,1787031333.2794526,191145.3609033,3.292293000005884,164,2,RUN,ORIENT,0.5982780013308829,0.9897008337329298,-1.5450616854783514,120.2077865600586,0.6,0.2,0.6,0.2,0.7897027112008044,-1.5686157590750698,-0.02355407359671835,0.002180565847083926,-0.9999975562095642,0.0,0.0,0.002180565847083926,-0.9999975562095642,0.0,1.0,35.0,-1.0599333118523258,36,33,apf_fsm,1,0.0,0.0
2026-08-18T05:35:33.280+00:00,1787031333.2808146,191145.3624163,3.2938060000014957,164,3,ORIENT,ORIENT,0.9606448772280373,0.6043286432443711,2.8466439965935044,121.56987190246582,0.2,0.6,0.2,0.6,0.7606571937512935,-3.135901960102579,0.300639350483503,-0.9999837875366211,-0.005690662655979395,0.0,0.0,-0.9999837875366211,-0.005690662655979395,0.0,0.0,0,26.0,-26,26,apf_fsm,1,0.0,0.0
2026-08-18T05:35:33.442+00:00,1787031333.4425268,191145.5244487,3.4558383999974467,165,2,RUN,RUN,0.5982780013308829,0.9897008337329298,-1.5082338743000734,129.68158721923828,0.6,0.2,0.6,0.2,0.7897027112008044,-1.5686157590750698,-0.0603818847749964,0.002180565847083926,-0.9999975562095642,0.0,0.0,0.002180565847083926,-0.9999975562095642,0.0,1.0,35.0,-1.8927922389896956,36,33,apf_fsm,1,0.0,0.0
2026-08-18T05:35:33.443+00:00,1787031333.4435275,191145.5254823,3.456872000009753,165,3,ORIENT,ORIENT,0.958653097087317,0.6039623895372351,2.9831807553241525,130.68222999572754,0.2,0.6,0.2,0.6,0.7586634446518581,-3.1363697741894194,0.1636347776660143,-0.9999863505363464,-0.005222855601459742,0.0,0.0,-0.9999863505363464,-0.005222855601459742,0.0,0.0,0,-26.0,26,-26,apf_fsm,1,0.0,0.0
2026-08-18T05:35:33.617+00:00,1787031333.6172915,191145.6984055,3.629795200016815,166,2,RUN,RUN,0.5982780013308829,0.9897008337329298,-1.4262766638384583,132.66539573669434,0.6,0.2,0.6,0.2,0.7897027112008044,-1.5686157590750698,-0.14233909523661148,0.002180565847083926,-0.9999975562095642,0.0,0.0,0.002180565847083926,-0.9999975562095642,0.0,1.0,35.0,-4.291893318522643,39,30,apf_fsm,1,0.0,0.0
2026-08-18T05:35:33.618+00:00,1787031333.6182766,191145.6992916,3.630681300011929,166,3,RUN,ORIENT,0.958653097087317,0.6039623895372351,3.0711294235757123,133.67915153503418,0.2,0.6,0.2,0.6,0.7586634446518581,-3.1363697741894194,0.07568610941445453,-0.9999863505363464,-0.005222855601459742,0.0,0.0,-0.9999863505363464,-0.005222855601459742,0.0,1.0,35.0,3.4058749236504537,31,38,apf_fsm,1,0.0,0.0
2026-08-18T05:35:33.780+00:00,1787031333.7805815,191145.8621279,3.793517600017367,167,2,RUN,RUN,0.6002894706849456,0.9900140116716768,-1.3996583626830414,127.18391418457031,0.6,0.2,0.6,0.2,0.7900140647044542,-1.571162738852571,-0.17150437616952963,-0.0003664120740722865,-1.0,0.0,0.0,-0.0003664120740722865,-1.0,0.0,1.0,35.0,-2.7358285943474314,37,32,apf_fsm,1,0.0,0.0
2026-08-18T05:35:33.781+00:00,1787031333.7815945,191145.863314,3.7947036999976262,167,3,RUN,RUN,0.958653097087317,0.6039623895372351,-3.0534871668050054,128.19695472717285,0.2,0.6,0.2,0.6,0.7586634446518581,-3.1363697741894194,-0.082882607384414,-0.9999863505363464,-0.005222855601459742,0.0,0.0,-0.9999863505363464,-0.005222855601459742,0.0,1.0,35.0,-6.378731161804539,41,28,apf_fsm,1,0.0,0.0
2026-08-18T05:35:33.951+00:00,1787031333.9513958,191146.0330721,3.9644618000020273,168,2,RUN,RUN,0.6002894706849456,0.9900140116716768,-1.3821676444967521,135.24293899536133,0.6,0.2,0.6,0.2,0.7900140647044542,-1.571162738852571,-0.18899509435581896,-0.0003664120740722865,-1.0,0.0,0.0,-0.0003664120740722865,-1.0,0.0,1.0,35.0,-2.502126080078316,37,32,apf_fsm,1,0.0,0.0
2026-08-18T05:35:33.952+00:00,1787031333.9522893,191146.0339814,3.9653710999991745,168,3,RUN,RUN,0.958653097087317,0.6039623895372351,-3.0139045861281955,136.13653182983398,0.2,0.6,0.2,0.6,0.7586634446518581,-3.1363697741894194,-0.12246518806122397,-0.9999863505363464,-0.005222855601459742,0.0,0.0,-0.9999863505363464,-0.005222855601459742,0.0,1.0,35.0,-2.610042204300589,37,32,apf_fsm,1,0.0,0.0
2026-08-18T05:35:34.131+00:00,1787031334.1312442,191146.2126658,4.144055500015384,169,2,RUN,RUN,0.6020747728384315,0.9870868092266802,-1.3919998169833125,146.06928825378418,0.6,0.2,0.6,0.2,0.7870895437883594,-1.5734323357471398,-0.18143251876382727,-0.0026360061019659042,-0.9999966025352478,0.0,0.0,-0.0026360061019659042,-0.9999966025352478,0.0,1.0,35.0,-1.5496350419185634,36,33,apf_fsm,1,0.0,0.0
2026-08-18T05:35:34.132+00:00,1787031334.1322303,191146.2136803,4.145069999998668,169,3,RUN,RUN,0.958653097087317,0.6039623895372351,-2.962440105576952,147.05538749694824,0.2,0.6,0.2,0.6,0.7586634446518581,-3.1363697741894194,-0.1739296686124674,-0.9999863505363464,-0.005222855601459742,0.0,0.0,-0.9999863505363464,-0.005222855601459742,0.0,1.0,35.0,-3.5405535054181936,38,31,apf_fsm,1,0.0,0.0
2026-08-18T05:35:34.296+00:00,1787031334.2963502,191146.3781165,4.309506200021133,170,2,RUN,RUN,0.6035933056386835,0.9815887191103885,-1.4140265302851882,124.98044967651367,0.6,0.2,0.6,0.2,0.7815969790665972,-1.575393732320493,-0.16136720203530475,-0.00459738913923502,-0.99998939037323,0.0,0.0,-0.00459738913923502,-0.99998939037323,0.0,1.0,35.0,-0.9113859348547593,35,34,apf_fsm,1,0.0,0.0
2026-08-18T05:35:34.297+00:00,1787031334.2973325,191146.3789248,4.310314500005916,170,3,RUN,RUN,0.9557777666603035,0.6022796249495762,-2.962440105576952,125.96273422241211,0.2,0.6,0.2,0.6,0.7557812046273358,-3.1385763989184063,-0.1761362933414543,-0.9999954104423523,-0.0030162499751895666,0.0,0.0,-0.9999954104423523,-0.0030162499751895666,0.0,1.0,35.0,-1.8385947989290852,36,33,apf_fsm,1,0.0,0.0
2026-08-18T05:35:34.446+00:00,1787031334.4462013,191146.5276301,4.459019800007809,171,2,RUN,RUN,0.6045122337049265,0.9778308147117034,-1.4416269093996663,121.4144229888916,0.6,0.2,0.6,0.2,0.7778439024432089,-1.5765973094516277,-0.13497040005196137,-0.00580094987526536,-0.9999831318855286,0.0,0.0,-0.00580094987526536,-0.9999831318855286,0.0,1.0,35.0,-0.4258159311025955,35,34,apf_fsm,1,0.0,0.0
2026-08-18T05:35:34.448+00:00,1787031334.4481938,191146.5297029,4.461092600016855,171,3,RUN,RUN,0.9481874141652303,0.5994687651296461,-2.9752687698695692,123.40688705444336,0.2,0.6,0.2,0.6,0.748187602761327,3.1408826245594343,-0.16703391275058266,-0.9999997615814209,0.0007100289803929627,0.0,0.0,-0.9999997615814209,0.0007100289803929627,0.0,1.0,35.0,-1.3517558068253188,36,33,apf_fsm,1,0.0,0.0
2026-08-18T05:35:34.605+00:00,1787031334.6056848,191146.6871176,4.618507300008787,172,2,RUN,RUN,0.6054534643584348,0.9548445787506699,-1.5284084009276298,129.06122207641602,0.6,0.2,0.6,0.2,0.754864278094271,-1.5780208200792858,-0.04961241915165604,-0.007224430795758963,-0.9999739527702332,0.0,0.0,-0.007224430795758963,-0.9999739527702332,0.0,1.0,35.0,2.4914051399941264,32,37,apf_fsm,1,0.0,0.0
2026-08-18T05:35:34.606+00:00,1787031334.6066825,191146.6884584,4.619848100002855,172,3,RUN,RUN,0.9391947831383194,0.5976473558077641,-2.9857842355410855,130.05900382995605,0.2,0.6,0.2,0.6,0.7391985270234258,3.1384099522657203,-0.15899111937278043,-0.9999949336051941,0.003182695945724845,0.0,0.0,-0.9999949336051941,0.003182695945724845,0.0,1.0,35.0,-1.3084134255047264,36,33,apf_fsm,1,0.0,0.0
2026-08-18T05:35:34.783+00:00,1787031334.7832773,191146.8645383,4.795928000006825,173,2,RUN,RUN,0.6052337829398896,0.9453143504788325,-1.575651457190165,140.8250331878662,0.6,0.2,0.6,0.2,0.7453327267157573,-1.577818460056756,-0.0021670028665909946,-0.007022075820714235,-0.9999753832817078,0.0,0.0,-0.007022075820714235,-0.9999753832817078,0.0,1.0,35.0,1.6389195413113666,33,36,apf_fsm,1,0.0,0.0
2026-08-18T05:35:34.784+00:00,1787031334.784265,191146.8653041,4.796693800017238,173,3,RUN,RUN,0.9252573538576967,0.594997309393884,-3.006336642152436,141.81280136108398,0.2,0.6,0.2,0.6,0.725274607468074,3.1346949483355186,-0.1421537166916318,-0.9999761581420898,0.006897650193423033,0.0,0.0,-0.9999761581420898,0.006897650193423033,0.0,1.0,35.0,-0.8322280730761156,35,34,apf_fsm,1,0.0,0.0
2026-08-18T05:35:34.949+00:00,1787031334.9493372,191147.0308053,4.962195000000065,174,2,RUN,RUN,0.60373261982585,0.9301455754874353,-1.618132558771849,125.04291534423828,0.6,0.2,0.6,0.2,0.7301551162969704,-1.5759084406815076,0.04222411809034132,-0.005112091079354286,-0.9999868273735046,0.0,0.0,-0.005112091079354286,-0.9999868273735046,0.0,1.0,35.0,1.9759304143960443,33,36,apf_fsm,1,0.0,0.0
2026-08-18T05:35:34.951+00:00,1787031334.9518504,191147.0331701,4.964559800020652,174,3,RUN,RUN,0.9115951607166815,0.5932221072074646,-3.024471063159566,127.55608558654785,0.2,0.6,0.2,0.6,0.7116274394555812,3.132068013670334,-0.12664623034968603,-0.9999545812606812,0.009524495340883732,0.0,0.0,-0.9999545812606812,0.009524495340883732,0.0,1.0,35.0,-0.7237002815287585,35,34,apf_fsm,1,0.0,0.0
2026-08-18T05:35:35.112+00:00,1787031335.1123936,191147.1937679,5.125157600006787,175,2,RUN,RUN,0.6031749044513507,0.925864648909065,-1.6300864815435991,133.59355926513672,0.6,0.2,0.6,0.2,0.7258715923316984,-1.57517026123078,0.054916220312819064,-0.004373920615762472,-0.9999904632568359,0.0,0.0,-0.004373920615762472,-0.9999904632568359,0.0,1.0,35.0,0.9933857809149116,34,35,apf_fsm,1,0.0,0.0
2026-08-18T05:35:35.113+00:00,1787031335.1133943,191147.1950797,5.126469400012866,175,3,RUN,RUN,0.8956635003187579,0.5926555840855553,-3.0666387160181476,134.59420204162598,0.2,0.6,0.2,0.6,0.695702268302232,3.1310356205208856,-0.08551097064055302,-0.9999443292617798,0.010556837543845177,0.0,0.0,-0.9999443292617798,0.010556837543845177,0.0,1.0,35.0,0.5846243834141251,34,35,apf_fsm,1,0.0,0.0
2026-08-18T05:35:35.273+00:00,1787031335.2738647,191147.3547936,5.286183300020639,176,2,RUN,RUN,0.601821787679398,0.9172839469427223,-1.6392245385269568,127.9747486114502,0.6,0.2,0.6,0.2,0.71728626046515,-1.5733361628175775,0.06588837570937933,-0.0025398333091288805,-0.9999967813491821,0.0,0.0,-0.0025398333091288805,-0.9999967813491821,0.0,1.0,35.0,1.0429091959734027,33,36,apf_fsm,1,0.0,0.0
2026-08-18T05:35:35.275+00:00,1787031335.2758756,191147.3575904,5.28898010001285,176,3,RUN,RUN,0.8705365944926395,0.59330995256009,3.1376017056877723,130.98692893981934,0.2,0.6,0.2,0.6,0.6705699674817944,3.1316158300234647,-0.005985875664307638,-0.9999502301216125,0.009976658038794994,0.0,0.0,-0.9999502301216125,0.009976658038794994,0.0,1.0,35.0,2.723519567525512,32,37,apf_fsm,1,0.0,0.0
2026-08-18T05:35:35.454+00:00,1787031335.4545026,191147.535494,5.466883700020844,177,2,RUN,RUN,0.6007013210365003,0.9103364209611713,-1.647730103779079,140.07878303527832,0.6,0.2,0.6,0.2,0.7103367671711233,-1.5717836346955,0.07594646908357894,-0.000987307750619948,-0.9999995231628418,0.0,0.0,-0.000987307750619948,-0.9999995231628418,0.0,1.0,35.0,1.1114979589327756,33,36,apf_fsm,1,0.0,0.0
2026-08-18T05:35:35.455+00:00,1787031335.4555063,191147.5367274,5.468117100012023,177,3,RUN,RUN,0.8533687832596786,0.5949109570440563,3.086442477003876,141.5858268737793,0.2,0.6,0.2,0.6,0.653388602055806,3.1338038817237055,0.047361404719829636,-0.9999696016311646,0.0077886926010251045,0.0,0.0,-0.9999696016311646,0.0077886926010251045,0.0,1.0,35.0,2.340768860643101,32,37,apf_fsm,1,0.0,0.0
2026-08-18T05:35:35.610+00:00,1787031335.6108263,191147.6924856,5.623875300021609,178,2,RUN,RUN,0.5990863995052955,0.8984733297697531,-1.6615184486826695,131.99400901794434,0.6,0.2,0.6,0.2,0.6984739272625072,-1.5694883312743375,0.092030117408332,0.001307995175011456,-0.9999991655349731,0.0,0.0,0.001307995175011456,-0.9999991655349731,0.0,1.0,35.0,1.4832288654496772,33,36,apf_fsm,1,0.0,0.0
2026-08-18T05:35:35.612+00:00,1787031335.6128316,191147.6940429,5.625432600005297,178,3,RUN,RUN,0.8381641889517188,0.5968145554993258,3.0783457641636787,133.99934768676758,0.2,0.6,0.2,0.6,0.6381721390949875,3.1366011199499115,0.058255355786232865,-0.9999876022338867,0.0049915132112801075,0.0,0.0,-0.9999876022338867,0.0049915132112801075,0.0,1.0,35.0,0.9638418451864417,34,35,apf_fsm,1,0.0,0.0
2026-08-18T05:35:35.795+00:00,1787031335.7951307,191147.8762248,5.807614500023192,179,2,RUN,RUN,0.598365345291111,0.890274205434365,-1.6615184486826695,145.92480659484863,0.6,0.2,0.6,0.2,0.6902761409639342,-1.5684282075117737,0.09309024117089582,0.002368117216974497,-0.9999972581863403,0.0,0.0,0.002368117216974497,-0.9999972581863403,0.0,1.0,35.0,0.9680067433986916,34,35,apf_fsm,1,0.0,0.0
2026-08-18T05:35:35.798+00:00,1787031335.7981365,191147.8797713,5.811161000019638,179,3,RUN,RUN,0.8238515734712076,0.5975571111075044,3.0783457641636787,148.93054962158203,0.2,0.6,0.2,0.6,0.6238563564063787,3.137676856520025,0.05933109235634637,-0.9999923706054688,0.00391578720882535,0.0,0.0,-0.9999923706054688,0.00391578720882535,0.0,1.0,35.0,0.6309617035174364,34,35,apf_fsm,1,0.0,0.0
2026-08-18T05:35:36.026+00:00,1787031336.026534,191148.1084204,6.039810100017348,180,2,RUN,RUN,0.5963891105855637,0.8774392723151652,-1.6615184486826695,206.2857151031494,0.6,0.2,0.6,0.2,0.6774488956351349,-1.5654661736775863,0.09605227500508318,0.005330127663910389,-0.9999857544898987,0.0,0.0,0.005330127663910389,-0.9999857544898987,0.0,1.0,35.0,1.0641939342473894,33,36,apf_fsm,1,0.0,0.0
2026-08-18T05:35:36.032+00:00,1787031336.0320287,191148.1130666,6.04445630000555,180,3,RUN,RUN,0.8164132515642244,0.5974038414305871,3.0783457641636787,210.56723594665527,0.2,0.6,0.2,0.6,0.6164187186834104,3.137380961055838,0.05903519689215919,-0.9999911189079285,0.00421168003231287,0.0,0.0,-0.9999911189079285,0.00421168003231287,0.0,1.0,35.0,0.5799956276750406,34,35,apf_fsm,1,0.0,0.0
2026-08-18T05:35:36.373+00:00,1787031336.373206,191148.4545211,6.385910800017882,181,2,RUN,RUN,0.5939756857407046,0.8545480723874173,-1.637744489047385,333.86802673339844,0.6,0.2,0.6,0.2,0.6545757950217671,-1.5615928097424392,0.07615167930494571,0.009203387424349785,-0.9999576807022095,0.0,0.0,0.009203387424349785,-0.9999576807022095,0.0,1.0,35.0,0.06499594354464566,34,35,apf_fsm,1,0.0,0.0
2026-08-18T05:35:36.374+00:00,1787031336.3742096,191148.4553233,6.386713000014424,181,3,RUN,RUN,0.7963401090317715,0.5972048982653586,3.0783457641636787,334.871768951416,0.2,0.6,0.2,0.6,0.596346659447114,3.136905594532578,0.058559830368899224,-0.9999890327453613,0.004687041975557804,0.0,0.0,-0.9999890327453613,0.004687041975557804,0.0,1.0,35.0,0.5689604753748934,34,35,apf_fsm,1,0.0,0.0
2026-08-18T05:35:36.528+00:00,1787031336.52838,191148.6093527,6.540742400015006,182,2,RUN,RUN,0.5925877501885737,0.8351030205768482,-1.6289068460341363,126.87420845031738,0.6,0.2,0.6,0.2,0.6351462730687345,-1.5591259163292392,0.06978092970489702,0.011670145206153393,-0.9999318718910217,0.0,0.0,0.011670145206153393,-0.9999318718910217,0.0,1.0,35.0,0.4748330610472662,34,35,apf_fsm,1,0.0,0.0
2026-08-18T05:35:36.528+00:00,1787031336.528893,191148.6106256,6.542015300015919,182,3,RUN,RUN,0.7544763236093276,0.5978235008146976,3.087673459298681,127.38728523254395,0.2,0.6,0.2,0.6,0.5544805953250477,3.1376673496527796,0.049993890354098625,-0.9999923706054688,0.003925294149667025,0.0,0.0,-0.9999923706054688,0.003925294149667025,0.0,1.0,35.0,0.20013100302296527,34,35,apf_fsm,1,0.0,0.0
2026-08-18T05:35:36.680+00:00,1787031336.680885,191148.7626277,6.694017400004668,183,2,AVOID,RUN,0.5918706330290248,0.8240471619038172,-1.6289068460341363,125.3976821899414,0.6,0.2,0.6,0.2,0.6241001096679586,-1.8544975611064287,-0.22559071507229245,0.013025742024183273,-0.9999151825904846,-0.26385974884033203,0.13961561024188995,-0.25083401799201965,-0.8602995872497559,0.2985205054283142,0.9746621447113554,24.0,-10.151582178253161,34,18.0,apf_fsm,1,0.0,0.0
2026-08-18T05:35:36.681+00:00,1787031336.6818898,191148.7635368,6.694926500000292,183,3,AVOID,RUN,0.7431683446953524,0.5977532629530625,3.104691183723368,126.40237808227539,0.2,0.6,0.2,0.6,0.5431729913263795,-2.959587156932142,0.21890696652407637,-0.9999914169311523,0.004136319272220135,0.26385974884033203,-0.13961561024188995,-0.7361316680908203,-0.13547928631305695,0.2985205054283142,0.9761353986034687,24.0,9.850813493583438,18.0,33,apf_fsm,1,0.0,0.0
2026-08-18T05:35:36.844+00:00,1787031336.8443084,191148.9261331,6.857522800011793,184,2,AVOID,AVOID,0.5915364306253188,0.8174850230102941,-1.6289068460341363,133.80694389343262,0.6,0.2,0.6,0.2,0.6175430233178767,-2.405680423446725,-0.7767735774125888,0.013705229386687279,-0.999906063079834,-0.5751509666442871,0.4914487302303314,-0.5614457130432129,-0.5084573030471802,0.7565186619758606,0.7131789104472475,8.0,-30.0,38,-22,apf_fsm,1,0.0,0.0
2026-08-18T05:35:36.845+00:00,1787031336.8453207,191148.9271386,6.858528300013859,184,3,AVOID,AVOID,0.7302884481841241,0.597122459177362,-3.140809558860971,134.81926918029785,0.2,0.6,0.2,0.6,0.5302962554258821,-2.2891188067894257,0.8516907520715451,-0.9999852776527405,0.005426289048045874,0.5751509666442871,-0.4914487302303314,-0.42483431100845337,-0.4860224425792694,0.7565186619758606,0.6587119742611357,8.0,30.664340014876856,-22,38,apf_fsm,1,0.0,0.0
2026-08-18T05:35:37.022+00:00,1787031337.0225956,191149.1038381,7.035227800020948,185,2,AVOID,AVOID,0.5912071193178385,0.8129771461082907,-1.6289068460341363,146.99578285217285,0.6,0.2,0.6,0.2,0.6130402078181785,-2.771976154564973,-1.1430693085308365,0.014343073591589928,-0.9998971223831177,-0.7456520199775696,0.7165719270706177,-0.7313089370727539,-0.2833251953125,1.0341529846191406,0.4148036647908624,8.0,-30.44934381262592,38,-22,apf_fsm,1,0.0,0.0
2026-08-18T05:35:37.024+00:00,1787031337.0245986,191149.1055111,7.036900800012518,185,3,AVOID,AVOID,0.7229618145674399,0.5969022439941593,-3.1308046596465116,147.99833297729492,0.2,0.6,0.2,0.6,0.5229709892412209,-1.9144783083536232,1.2163263512928884,-0.999982476234436,0.005923380609601736,0.7456520199775696,-0.7165719270706177,-0.25433045625686646,-0.7106485366821289,1.0341529846191406,0.3470933408259441,8.0,35.0,-27,43,apf_fsm,1,0.0,0.0
2026-08-18T05:35:37.186+00:00,1787031337.1860955,191149.2673452,7.198734900011914,186,2,AVOID,AVOID,0.5902470993769593,0.7868612802900586,-1.604277705908723,124.5424747467041,0.6,0.2,0.6,0.2,0.58694231520163,-2.7363145339057326,-1.1320368279970097,0.0166164543479681,-0.9998618960380554,-0.8543376922607422,0.6404553651809692,-0.8377212285995483,-0.3594065308570862,1.0677434206008911,0.42481679210102413,8.0,-30.0,38,-22,apf_fsm,1,0.0,0.0
2026-08-18T05:35:37.187+00:00,1787031337.187246,191149.2681322,7.199521900009131,186,3,AVOID,AVOID,0.7119339759790363,0.596757809725441,-3.1308046596465116,124.5424747467041,0.2,0.6,0.2,0.6,0.5119442426275355,-1.7965563994466034,1.3342482601999082,-0.9999799728393555,0.0063330926932394505,0.8543376922607422,-0.6404553651809692,-0.14564228057861328,-0.6341222524642944,1.0677434206008911,0.23434822287081286,8.0,31.392359347033402,-23,39,apf_fsm,1,0.0,0.0
2026-08-18T05:35:37.344+00:00,1787031337.3443913,191149.4256736,7.357063300005393,187,2,AVOID,AVOID,0.5900292423629155,0.7812795402564228,-1.604277705908723,126.27577781677246,0.6,0.2,0.6,0.2,0.5813650487676187,-2.7664161428417917,-1.1621384369330687,0.017150595784187317,-0.9998528957366943,-0.8487935662269592,0.6723265647888184,-0.8316429853439331,-0.327526330947876,1.0828081369400024,0.39737809220032344,8.0,-30.0,38,-22,apf_fsm,1,0.0,0.0
2026-08-18T05:35:37.345+00:00,1787031337.3453922,191149.4265114,7.357901100011077,187,3,AVOID,AVOID,0.6935799961519632,0.594962488434714,-3.0657868545799114,127.27665901184082,0.2,0.6,0.2,0.6,0.49360570207823,-1.795238210025314,1.2705486445545975,-0.9999479055404663,0.010205538012087345,0.8487935662269592,-0.6723265647888184,-0.15115433931350708,-0.6621209979057312,1.0828081369400024,0.29575681747622246,8.0,30.0,-22,38,apf_fsm,1,0.0,0.0
2026-08-18T05:35:37.498+00:00,1787031337.4988253,191149.580562,7.511951699998463,188,2,AVOID,AVOID,0.5897991643747592,0.7774610257174566,-1.6308230210770662,123.4278678894043,0.6,0.2,0.6,0.2,0.5775511174520488,-2.787163528165159,-1.156340507088093,0.01766222156584263,-0.999843955039978,-0.8332036733627319,0.6980479955673218,-0.8155414462089539,-0.30179595947265625,1.086967945098877,0.4026918824438521,8.0,-30.0,38,-22,apf_fsm,1,0.0,0.0
2026-08-18T05:35:37.500+00:00,1787031337.5003464,191149.5812486,7.512638300016988,188,3,AVOID,AVOID,0.6848816416854764,0.5905997307947952,-2.7547322885633947,124.94897842407227,0.2,0.6,0.2,0.6,0.48497275336325135,-1.8115299709066544,0.9432023176567403,-0.999812126159668,0.019383087754249573,0.8332036733627319,-0.6980479955673218,-0.16660845279693604,-0.6786649227142334,1.086967945098877,0.587198947799407,8.0,-30.0,38,-22,apf_fsm,1,0.0,0.0
2026-08-18T05:35:37.650+00:00,1787031337.6506526,191149.732238,7.663627700007055,189,2,AVOID,AVOID,0.5886901945199163,0.7736407722672769,-1.733764941433731,121.45304679870605,0.6,0.2,0.6,0.2,0.5737522525510425,-2.800132480655622,-1.066367539221891,0.01971200294792652,-0.999805748462677,-0.812548041343689,0.7180472016334534,-0.7928360104560852,-0.28175854682922363,1.084355115890503,0.4833074508863417,8.0,-30.0,38,-22,apf_fsm,1,0.0,0.0
2026-08-18T05:35:37.652+00:00,1787031337.6526573,191149.7343327,7.665722400008235,189,3,AVOID,AVOID,0.6808446313369085,0.5828736106153671,-2.428177573094122,123.45767021179199,0.2,0.6,0.2,0.6,0.48114953257680876,-1.8379958075621554,0.5901817655319668,-0.999366283416748,0.03559473156929016,0.812548041343689,-0.7180472016334534,-0.18681824207305908,-0.6824524402618408,1.084355115890503,0.8308395381168215,24.0,-6.453901669047408,30,18.0,apf_fsm,1,0.0,0.0
2026-08-18T05:35:37.799+00:00,1787031337.7995355,191149.8804025,7.811792200023774,190,2,AVOID,AVOID,0.5886901945199163,0.7736407722672769,-1.733764941433731,269.3324089050293,0.6,0.2,0.6,0.2,0.5737522525510425,-2.800132480655622,-1.066367539221891,0.01971200294792652,-0.999805748462677,-0.812548041343689,0.7180472016334534,-0.7928360104560852,-0.28175854682922363,1.084355115890503,0.4833074508863417,8.0,-30.0,38,-22,apf_fsm,1,0.0,0.0
2026-08-18T05:35:37.799+00:00,1787031337.7995355,191149.8811851,7.812574800016591,190,3,AVOID,AVOID,0.6808446313369085,0.5828736106153671,-2.264139603198872,120.84627151489258,0.2,0.6,0.2,0.6,0.48114953257680876,-1.8379958075621554,0.42614379563671645,-0.999366283416748,0.03559473156929016,0.812548041343689,-0.7180472016334534,-0.18681824207305908,-0.6824524402618408,1.084355115890503,0.9105665264042259,24.0,-1.4798909899665968,25,22,apf_fsm,1,0.0,0.0
2026-08-18T05:35:37.977+00:00,1787031337.97722,191150.0590152,7.990404900017893,191,2,AVOID,AVOID,0.5864954204530614,0.7699056860323852,-1.8916499870001267,144.19245719909668,0.6,0.2,0.6,0.2,0.5700656669549423,-2.7974340134232176,-0.905784026423091,0.02368951588869095,-0.9997193813323975,-0.8075604438781738,0.7187621593475342,-0.7838709354400635,-0.2809572219848633,1.0810980796813965,0.6170688120504433,8.0,-30.0,38,-22,apf_fsm,1,0.0,0.0
2026-08-18T05:35:37.978+00:00,1787031337.9782197,191150.0597843,7.99117400002433,191,3,AVOID,AVOID,0.6805526015933652,0.5770236720280955,-2.027226219159361,145.19214630126953,0.2,0.6,0.2,0.6,0.48110156364869994,-1.8485211695822839,0.17870504957707722,-0.9988588690757751,0.047757744789123535,0.8075604438781738,-0.7187621593475342,-0.19129842519760132,-0.6710044145584106,1.0810980796813965,0.9840747022431958,24.0,-6.8733056163166,30,18.0,apf_fsm,1,0.0,0.0
2026-08-18T05:35:38.137+00:00,1787031338.1378403,191150.219254,8.150643700006185,192,2,AVOID,AVOID,0.5798236923016891,0.7642743846272763,-2.331888000023345,132.41887092590332,0.6,0.2,0.6,0.2,0.5646349834528748,-2.770623371548843,-0.4387353715254978,0.03573336452245712,-0.9993613362312317,-0.8311296701431274,0.6899691224098206,-0.7953963279724121,-0.30939221382141113,1.0802007913589478,0.9052895947744567,24.0,11.959349206160784,18.0,35,apf_fsm,1,0.0,0.0
2026-08-18T05:35:38.138+00:00,1787031338.1388392,191150.2198328,8.151222500018775,192,3,AVOID,AVOID,0.6812013476921656,0.5742852172939262,-1.8903929888133744,133.41784477233887,0.2,0.6,0.2,0.6,0.4818879403661986,-1.8279987424013646,0.062394246412009746,-0.9985751509666443,0.05336257442831993,0.8311296701431274,-0.6899691224098206,-0.16744548082351685,-0.6366065740585327,1.0802007913589478,0.9980541104160595,24.0,-3.4469356466572645,27,20,apf_fsm,1,0.0,0.0
2026-08-18T05:35:38.301+00:00,1787031338.3013005,191150.3829455,8.31433520000428,193,2,AVOID,AVOID,0.5726852359024304,0.7612775617709719,-2.7721091230352077,125.33307075500488,0.6,0.2,0.6,0.2,0.5619418098747175,-2.760615371865705,0.011493751169502797,0.04860781505703926,-0.9988179802894592,-0.8014549016952515,0.6972678303718567,-0.7528470754623413,-0.30155014991760254,1.0623146295547485,0.9999339475691935,24.0,15.87295680602005,18.0,39,apf_fsm,1,0.0,0.0
2026-08-18T05:35:38.303+00:00,1787031338.3033056,191150.3843876,8.315777300012996,193,3,AVOID,AVOID,0.6851799526142999,0.560441556090652,-1.607544748308127,127.33817100524902,0.2,0.6,0.2,0.6,0.48678995152256715,-1.8777231293865133,-0.2701783810783862,-0.9966925978660583,0.08126388490200043,0.8014549016952515,-0.6972678303718567,-0.19523769617080688,-0.6160039305686951,1.0623146295547485,0.9637233011913239,24.0,-14.34182577294772,38,18.0,apf_fsm,1,0.0,0.0
2026-08-18T05:35:38.455+00:00,1787031338.4554443,191150.5370029,8.46839260001434,194,2,AVOID,AVOID,0.5625730277574872,0.7610961898531302,3.1159891033961857,126.47271156311035,0.6,0.2,0.6,0.2,0.5623430558999921,-2.7404666467371097,0.4267295570462908,0.06655540317296982,-0.9977827072143555,-0.793041467666626,0.6896646022796631,-0.726486086845398,-0.3081181049346924,1.0509767532348633,0.9103242383706537,24.0,18.800548776150485,18.0,42,apf_fsm,1,0.0,0.0
2026-08-18T05:35:38.456+00:00,1787031338.4564426,191150.5377136,8.469103300012648,194,3,AVOID,AVOID,0.686165705984032,0.5559711590578037,-1.5656159120614064,127.4709701538086,0.2,0.6,0.2,0.6,0.4881553364551754,-1.8971328149131275,-0.3315169028517211,-0.995924174785614,0.09019432216882706,0.793041467666626,-0.6896646022796631,-0.20288270711898804,-0.5994702577590942,1.0509767532348633,0.9455497135042471,24.0,-5.4620172905839315,29,18,apf_fsm,1,0.0,0.0
2026-08-18T05:35:38.608+00:00,1787031338.6089954,191150.6899734,8.621363100013696,195,2,AVOID,AVOID,0.5555227427216387,0.7622091029771647,2.9439998479422167,122.89667129516602,0.6,0.2,0.6,0.2,0.563965692117343,-2.7425325880292806,0.5966528712080894,0.0788651779294014,-0.9968852400779724,-0.7500177025794983,0.7138698101043701,-0.6711525321006775,-0.2830154299736023,1.0354403257369995,0.8272209192355893,24.0,11.913844707743845,18.0,35,apf_fsm,1,0.0,0.0
2026-08-18T05:35:38.608+00:00,1787031338.6089954,191150.6908283,8.622218000004068,195,3,AVOID,AVOID,0.6867673965597669,0.5470325103115311,-1.5539219555504964,122.89667129516602,0.2,0.6,0.2,0.6,0.48964073902961897,-1.9539138851642863,-0.39999192961378993,-0.9941316843032837,0.10817622393369675,0.7500177025794983,-0.7138698101043701,-0.2441139817237854,-0.6056935787200928,1.0354403257369995,0.9210641367293099,24.0,-6.396545232810309,30,18.0,apf_fsm,1,0.0,0.0
2026-08-18T05:35:38.761+00:00,1787031338.7610154,191150.8429128,8.774302500009071,196,2,AVOID,AVOID,0.552099674629765,0.7635171317641297,2.8482655120435276,117.59471893310547,0.6,0.2,0.6,0.2,0.5655492895957397,-2.5414977832345023,0.8934220119015563,0.08469699323177338,-0.9964067339897156,-0.656517505645752,0.6051236391067505,-0.5718204975128174,-0.3912830948829651,0.8928548693656921,0.6267491977392504,8.0,30.0,-22,38,apf_fsm,1,0.0,0.0
2026-08-18T05:35:38.762+00:00,1787031338.762381,191150.843923,8.775312700017821,196,3,AVOID,AVOID,0.6868498181546534,0.5443805727702047,-1.5539219555504964,118.96038055419922,0.2,0.6,0.2,0.6,0.4900165978031658,-2.1717456390856142,-0.6178236835351179,-0.9935373663902283,0.11350518465042114,0.656517505645752,-0.6051236391067505,-0.3370198607444763,-0.49161845445632935,0.8928548693656921,0.8151410446436688,8.0,-30.0,38,-22,apf_fsm,1,0.0,0.0
2026-08-18T05:35:38.924+00:00,1787031338.924923,191151.0066445,8.93803420002223,197,2,AVOID,AVOID,0.552099674629765,0.7635171317641297,2.834443913181348,129.14562225341797,0.6,0.2,0.6,0.2,0.5655492895957397,-2.2731980894230936,1.1755433045751449,0.08469699323177338,-0.9964067339897156,-0.533837080001831,0.4657607078552246,-0.4491400718688965,-0.530646026134491,0.7084596753120422,0.3850417151275346,8.0,30.0,-22,38,apf_fsm,1,0.0,0.0
2026-08-18T05:35:38.926+00:00,1787031338.9269218,191151.0084729,8.939862600003835,197,3,AVOID,AVOID,0.6866588344724767,0.5392292251538763,-1.5672057015894338,131.14452362060547,0.2,0.6,0.2,0.6,0.4904384856895997,-2.5008789569375534,-0.9336732553481195,-0.9922932982444763,0.12391110509634018,0.533837080001831,-0.4657607078552246,-0.45845621824264526,-0.34184959530830383,0.7084596753120422,0.5948854009499066,8.0,-30.0,38,-22,apf_fsm,1,0.0,0.0
2026-08-18T05:35:39.111+00:00,1787031339.1118064,191151.1926484,9.124038100009784,198,2,AVOID,AVOID,0.5491517975209796,0.7642842814469009,2.834443913181348,143.85294914245605,0.6,0.2,0.6,0.2,0.5665706398882603,-1.700669010401443,1.7480723835967948,0.08974732458591461,-0.995964527130127,-0.20519506931304932,0.11203784495592117,-0.1154477447271347,-0.8839266896247864,0.23378941416740417,0.0,0,35.0,-35,35,apf_fsm,1,0.0,0.0
2026-08-18T05:35:39.112+00:00,1787031339.1124551,191151.1939669,9.125356600008672,198,3,AVOID,AVOID,0.6834558716065626,0.5254051220074886,-1.6457381199210612,145.70260047912598,0.2,0.6,0.2,0.6,0.4891768347066108,3.0899819388361522,-1.5474652484223732,-0.9883049726486206,0.15249063074588776,0.20519506931304932,-0.11203784495592117,-0.7831099033355713,0.04045278578996658,0.23378941416740417,0.023328961759972497,1.6330273231980748,-35.0,36,-33,apf_fsm,1,0.0,0.0
2026-08-18T05:35:39.260+00:00,1787031339.2604594,191151.341544,9.272933700005524,199,2,RUN,AVOID,0.5404388385138958,0.7657501881922388,2.834443913181348,119.33255195617676,0.6,0.2,0.6,0.2,0.5688767945672661,-1.4659045048210968,1.9828368891771415,0.10469958186149597,-0.9945038557052612,0.0,0.0,0.10469958186149597,-0.9945038557052612,0.0,0.15,8.0,35.0,-27,43,apf_fsm,1,0.0,0.0
2026-08-18T05:35:39.261+00:00,1787031339.261463,191151.342569,9.273958700010553,199,3,RUN,AVOID,0.6818045919806197,0.5198096263527612,-1.6928505031557644,120.33605575561523,0.2,0.6,0.2,0.6,0.4884323503611275,2.9766669021407672,-1.6136679018830549,-0.9864305257797241,0.16417908668518066,0.0,0.0,-0.9864305257797241,0.16417908668518066,0.0,0.15,8.0,-35.0,43,-27,apf_fsm,1,0.0,0.0
2026-08-18T05:35:39.415+00:00,1787031339.4154994,191151.4968728,9.428262500005076,200,2,RUN,RUN,0.5383524282113413,0.7660196292023134,2.8602730016981153,121.81472778320312,0.6,0.2,0.6,0.2,0.5693668797443018,-1.4623097520758823,1.9606025534055886,0.10827390104532242,-0.9941211342811584,0.0,0.0,0.10827390104532242,-0.9941211342811584,0.0,0.15,8.0,35.0,-27,43,apf_fsm,1,0.0,0.0
2026-08-18T05:35:39.416+00:00,1787031339.4164991,191151.4977447,9.42913440000848,200,3,RUN,RUN,0.678528506029112,0.5101194388652064,-1.7772620597292084,122.81441688537598,0.2,0.6,0.2,0.6,0.48689634045899255,2.955928856644361,-1.5499943908060168,-0.9828139543533325,0.18459896743297577,0.0,0.0,-0.9828139543533325,0.18459896743297577,0.0,0.15,8.0,-30.0,38,-22,apf_fsm,1,0.0,0.0
2026-08-18T05:35:39.578+00:00,1787031339.5789363,191151.6609782,9.592367900011595,201,2,RUN,RUN,0.5360816501068796,0.7662288848923776,2.8783544877500247,123.45767021179199,0.6,0.2,0.6,0.2,0.5698251534808942,-1.4583878779707395,1.9464429414588222,0.11217186599969864,-0.9936887621879578,0.0,0.0,0.11217186599969864,-0.9936887621879578,0.0,0.15,8.0,35.0,-27,43,apf_fsm,1,0.0,0.0
2026-08-18T05:35:39.580+00:00,1787031339.5804546,191151.6618601,9.593249800003832,201,3,RUN,RUN,0.678528506029112,0.5101194388652064,-1.836682258688611,124.97591972351074,0.2,0.6,0.2,0.6,0.48689634045899255,2.955928856644361,-1.4905741918466147,-0.9828139543533325,0.18459896743297577,0.0,0.0,-0.9828139543533325,0.18459896743297577,0.0,0.15,8.0,-30.0,38,-22,apf_fsm,1,0.0,0.0
2026-08-18T05:35:39.737+00:00,1787031339.7379289,191151.8197047,9.751094400009606,202,2,RUN,RUN,0.534153906121607,0.766295171795385,2.96571769841987,128.71599197387695,0.6,0.2,0.6,0.2,0.5701104539278391,-1.4550409113213338,1.8624266974383819,0.11549708247184753,-0.9933078289031982,0.0,0.0,0.11549708247184753,-0.9933078289031982,0.0,0.15,8.0,32.15158178902023,-24,40,apf_fsm,1,0.0,0.0
2026-08-18T05:35:39.740+00:00,1787031339.740569,191151.8215055,9.752895200013882,202,3,RUN,RUN,0.678528506029112,0.5101194388652064,-1.9158663417830937,131.35623931884766,0.2,0.6,0.2,0.6,0.48689634045899255,2.955928856644361,-1.4113901087521317,-0.9828139543533325,0.18459896743297577,0.0,0.0,-0.9828139543533325,0.18459896743297577,0.0,0.15,8.0,-30.0,38,-22,apf_fsm,1,0.0,0.0
2026-08-18T05:35:40.151+00:00,1787031340.1511467,191152.2320772,10.163466900005005,203,2,RUN,RUN,0.5323418163057974,0.7657364774589335,3.1141128351131013,370.61476707458496,0.6,0.2,0.6,0.2,0.5697678402195414,-1.4517685351386027,1.7173039369278822,0.11874693632125854,-0.9929245710372925,0.0,0.0,0.11874693632125854,-0.9929245710372925,0.0,0.15,8.0,30.0,-22,38,apf_fsm,1,0.0,0.0
2026-08-18T05:35:40.152+00:00,1787031340.1526756,191152.2339343,10.16532400000142,203,3,RUN,RUN,0.6676863179168387,0.4999135043746497,-2.173585373834017,372.1437454223633,0.2,0.6,0.2,0.6,0.47827586032871616,2.930769184839716,-1.1788307485058525,-0.9778589010238647,0.20926520228385925,0.0,0.0,-0.9778589010238647,0.20926520228385925,0.0,0.15,8.0,-30.0,38,-22,apf_fsm,1,0.0,0.0
2026-08-18T05:35:40.315+00:00,1787031340.315822,191152.3973932,10.328782900003716,204,2,RUN,RUN,0.5271299949184527,0.7638798347610691,-2.9418561811589004,134.80782508850098,0.6,0.2,0.6,0.2,0.5685688222992493,-1.4422789244477554,1.499577256711145,0.1281639188528061,-0.9917530417442322,0.0,0.0,0.1281639188528061,-0.9917530417442322,0.0,0.15,8.0,30.0,-22,38,apf_fsm,1,0.0,0.0
2026-08-18T05:35:40.316+00:00,1787031340.316826,191152.39833,10.329719700006535,204,3,RUN,RUN,0.651690550496264,0.4895021567230311,-2.530687626918617,135.81204414367676,0.2,0.6,0.2,0.6,0.4650098136345937,2.901672831997312,-0.8508248482636578,-0.9713570475578308,0.23762474954128265,0.0,0.0,-0.9713570475578308,0.23762474954128265,0.0,0.15,8.0,30.0,-22,38,apf_fsm,1,0.0,0.0
2026-08-18T05:35:40.478+00:00,1787031340.4787219,191152.5597758,10.491165500017814,205,2,RUN,RUN,0.5200788157415569,0.7584575692462597,-2.599162449695502,129.2436122894287,0.6,0.2,0.6,0.2,0.5641473675749209,-1.4286509134584153,1.1705115362370866,0.1416672170162201,-0.9899143576622009,0.0,0.0,0.1416672170162201,-0.9899143576622009,0.0,0.15,8.0,30.0,-22,38,apf_fsm,1,0.0,0.0
2026-08-18T05:35:40.478+00:00,1787031340.4787219,191152.5603892,10.491778900002828,205,3,RUN,RUN,0.641996774473298,0.48666531444000577,-2.740693641504316,129.2436122894287,0.2,0.6,0.2,0.6,0.45629584656862937,2.890585350958464,-0.6519063147168058,-0.9686627388000488,0.24837982654571533,0.0,0.0,-0.9686627388000488,0.24837982654571533,0.0,0.15,8.0,30.0,-22,38,apf_fsm,1,0.0,0.0
2026-08-18T05:35:40.640+00:00,1787031340.640845,191152.7225508,10.653940500022145,206,2,RUN,RUN,0.5150913140063771,0.7519192493968585,-2.2382752261731413,121.35696411132812,0.6,0.2,0.6,0.2,0.5584123412067067,-1.4181504764466226,0.8201247497265187,0.15205374360084534,-0.9883722066879272,0.0,0.0,0.15205374360084534,-0.9883722066879272,0.0,0.15,8.0,-30.0,38,-22,apf_fsm,1,0.0,0.0
2026-08-18T05:35:40.643+00:00,1787031340.6430094,191152.7241359,10.655525600013789,206,3,RUN,RUN,0.6272091308369996,0.485081368442611,-2.9586015987939396,123.52132797241211,0.2,0.6,0.2,0.6,0.4423956751026478,2.8788144577987667,-0.44576925058687955,-0.9656720161437988,0.2597643733024597,0.0,0.0,-0.9656720161437988,0.2597643733024597,0.0,0.4995829482157772,34.9708063751044,2.7605543050302894,32,37,apf_fsm,1,0.0,0.0
2026-08-18T05:35:40.805+00:00,1787031340.8050373,191152.8866328,10.818022499996005,207,2,RUN,RUN,0.5117703625400283,0.7441287516050923,-1.8349023459151497,130.42855262756348,0.6,0.2,0.6,0.2,0.5512354916454802,-1.4976199532798835,0.33728239263526616,0.16005796194076538,-0.9871076345443726,-0.09008508920669556,0.032592833042144775,0.06997287273406982,-0.9545148015022278,0.09579987078905106,0.7292987407928778,35.0,-13.526658571841178,48,21,apf_fsm,1,0.0,0.0
2026-08-18T05:35:40.806+00:00,1787031340.8060386,191152.8873213,10.818710999999894,207,3,RUN,RUN,0.6156175330915282,0.48622651373001546,3.1033910632576913,131.42991065979004,0.2,0.6,0.2,0.6,0.430908737427212,2.8828514725805983,-0.22053959067709306,-0.9645140767097473,0.2640315294265747,0.09008508920669556,-0.032592833042144775,-0.8744289875030518,0.23143869638442993,0.09579987078905106,0.9764961044722119,35.0,5.677642190071597,29,40,apf_fsm,1,0.0,0.0
2026-08-18T05:35:40.978+00:00,1787031340.9780502,191153.0597385,10.991128199995728,208,2,AVOID,RUN,0.5117703625400283,0.7441287516050923,-1.7375069461630797,144.77276802062988,0.6,0.2,0.6,0.2,0.5512354916454802,-1.5803283654245233,0.1571785807385564,0.16005796194076538,-0.9871076345443726,-0.16834798455238342,0.11743305623531342,-0.008290022611618042,-0.869674563407898,0.2052597552537918,0.9876728568733869,24.0,7.073036133235038,18.0,31,apf_fsm,1,0.0,0.0
2026-08-18T05:35:40.979+00:00,1787031340.97905,191153.0604661,10.991855800006306,208,3,AVOID,RUN,0.6102213252729115,0.4875009503968262,3.0585969335602727,145.77245712280273,0.2,0.6,0.2,0.6,0.42536757265955427,2.958935867470322,-0.09966106608995062,-0.9643926024436951,0.26447492837905884,0.16834798455238342,-0.11743305623531342,-0.7960445880889893,0.14704187214374542,0.2052597552537918,0.9950379450564897,24.0,-4.484747974047778,28,19,apf_fsm,1,0.0,0.0
2026-08-18T05:35:41.145+00:00,1787031341.1451457,191153.2259579,11.157347600004869,209,2,AVOID,AVOID,0.5117703625400283,0.7441287516050923,-1.596996266056823,126.14321708679199,0.6,0.2,0.6,0.2,0.5512354916454802,-1.6343407678386914,-0.03734450178186832,0.16005796194076538,-0.9871076345443726,-0.21149253845214844,0.1787705421447754,-0.05143457651138306,-0.8083370923995972,0.2769259810447693,0.9993027751288194,24.0,-7.181752906033548,31,18.0,apf_fsm,1,0.0,0.0
2026-08-18T05:35:41.145+00:00,1787031341.1451457,191153.2267221,11.158111800003098,209,3,AVOID,AVOID,0.6066551029936961,0.4883405411149804,3.0314217978753097,126.14321708679199,0.2,0.6,0.2,0.6,0.4217063048488947,3.027835462296127,-0.0035863355791825313,-0.9643087983131409,0.2647801339626312,0.21149253845214844,-0.1787705421447754,-0.7528162598609924,0.08600959181785583,0.2769259810447693,0.9999935691054495,24.0,3.326752212085058,20,27,apf_fsm,1,0.0,0.0
2026-08-18T05:35:41.294+00:00,1787031341.294964,191153.3765458,11.307935500022722,210,2,AVOID,AVOID,0.5117703625400283,0.7441287516050923,-1.5613591361122838,121.39248847961426,0.6,0.2,0.6,0.2,0.5512354916454802,-1.7286550299102204,-0.16729589379793652,0.16005796194076538,-0.9871076345443726,-0.2693520188331604,0.3005145192146301,-0.10929405689239502,-0.6865931153297424,0.40355855226516724,0.9860386500018978,24.0,-6.221257658541752,30,18.0,apf_fsm,1,0.0,0.0
2026-08-18T05:35:41.295+00:00,1787031341.295951,191153.3771952,11.308584900019923,210,3,AVOID,AVOID,0.5931528306099488,0.48739196220368664,3.0586493444307337,122.37930297851562,0.2,0.6,0.2,0.6,0.40896175663862633,-3.105244790929495,0.11929117181935744,-0.9613437056541443,0.27535101771354675,0.2693520188331604,-0.3005145192146301,-0.6919916868209839,-0.025163501501083374,0.40355855226516724,0.9928932418207745,24.0,5.493624477142474,18,29,apf_fsm,1,0.0,0.0
2026-08-18T05:35:41.446+00:00,1787031341.4469461,191153.5279544,11.459344100003364,211,2,AVOID,AVOID,0.5125460291471744,0.7390183270663192,-1.5003125894665683,116.34564399719238,0.6,0.2,0.6,0.2,0.546066803542662,-1.964539336479971,-0.4642267470134027,0.16015250980854034,-0.9870922565460205,-0.3658751845359802,0.4918965697288513,-0.20572267472743988,-0.4951956868171692,0.6130472421646118,0.8941680426256796,24.0,-15.034847332675344,39,18.0,apf_fsm,1,0.0,0.0
2026-08-18T05:35:41.449+00:00,1787031341.4499514,191153.5314358,11.462825499998871,211,3,AVOID,AVOID,0.5906682768877007,0.48695223930237125,3.080082899545222,119.35091018676758,0.2,0.6,0.2,0.6,0.4066958307693276,-2.796286272470419,0.406816135163945,-0.9605907797813416,0.27796635031700134,0.3658751845359802,-0.4918965697288513,-0.5947155952453613,-0.21393021941184998,0.6130472421646118,0.9183852904743193,24.0,14.131535068700014,18.0,38,apf_fsm,1,0.0,0.0
2026-08-18T05:35:41.614+00:00,1787031341.614516,191153.6955274,11.626917100016726,212,2,AVOID,AVOID,0.5134542961160089,0.7321860752934781,-1.4850895048105905,130.3091049194336,0.6,0.2,0.6,0.2,0.5391773155438302,-2.8124100774028538,-1.3273205725922632,0.16051435470581055,-0.9870334267616272,-0.48776116967201233,0.8752420544624329,-0.3272468149662018,-0.11179137229919434,1.0019779205322266,0.24107731585214573,8.0,-35.0,43,-27,apf_fsm,1,0.0,0.0
2026-08-18T05:35:41.614+00:00,1787031341.614516,191153.6961577,11.62754740001401,212,3,AVOID,AVOID,0.576807925814786,0.4853575438015125,3.1385695219983805,130.3091049194336,0.2,0.6,0.2,0.6,0.39386178504656094,-2.2472095719943774,0.8974062131868283,-0.95670086145401,0.2910727858543396,0.48776116967201233,-0.8752420544624329,-0.4689396917819977,-0.5841692686080933,1.0019779205322266,0.6236396579901913,8.0,30.0,-22,38,apf_fsm,1,0.0,0.0
2026-08-18T05:35:41.759+00:00,1787031341.7591035,191153.8411259,11.772515600023326,213,2,AVOID,AVOID,0.5143695679864836,0.7268160675161932,-1.4850895048105905,117.40231513977051,0.6,0.2,0.6,0.2,0.5337300252749959,-2.923122242643283,-1.4380327378326925,0.1604377180337906,-0.98704594373703,-0.5000466704368591,0.9116480350494385,-0.33960896730422974,-0.07539790868759155,1.0397831201553345,0.13237391360127077,8.0,-35.0,43,-27,apf_fsm,1,0.0,0.0
2026-08-18T05:35:41.760+00:00,1787031341.760608,191153.8422642,11.773653900017962,213,3,AVOID,AVOID,0.5696246877481664,0.48448443204896185,-3.112596222193819,118.90673637390137,0.2,0.6,0.2,0.6,0.38725476915330614,-2.208440734978206,0.904155487215613,-0.9544742107391357,0.29829347133636475,0.5000466704368591,-0.9116480350494385,-0.4544275403022766,-0.6133545637130737,1.0397831201553345,0.6183495056845437,8.0,30.0,-22,38,apf_fsm,1,0.0,0.0
2026-08-18T05:35:41.919+00:00,1787031341.9190073,191154.0005657,11.931955400010338,214,2,AVOID,AVOID,0.5149505394092576,0.7189964099850005,-1.5034550467837253,120.44501304626465,0.6,0.2,0.6,0.2,0.525918895195918,-2.964167770170503,-1.4607127233867778,0.16171592473983765,-0.9868373274803162,-0.4952309727668762,0.9270346164703369,-0.3335150480270386,-0.05980271100997925,1.0510218143463135,0.10986139857073829,7.6902978999516804,-33.426414771695335,41,-25,apf_fsm,1,0.0,0.0
2026-08-18T05:35:41.920+00:00,1787031341.9205148,191154.0016914,11.933081099996343,214,3,AVOID,AVOID,0.5572933645710758,0.4833252354174291,-3.0755680714192764,121.95253372192383,0.2,0.6,0.2,0.6,0.3758610768048722,-2.2068952728940006,0.8686727985252758,-0.9505995512008667,0.3104199171066284,0.4952309727668762,-0.9270346164703369,-0.4553685784339905,-0.6166146993637085,1.0510218143463135,0.6458403975153735,8.0,30.0,-22,38,apf_fsm,1,0.0,0.0
2026-08-18T05:35:42.107+00:00,1787031342.107265,191154.1888035,12.120193200011272,215,2,AVOID,AVOID,0.5149939563392594,0.7163328910766653,-1.5177712884123082,147.3379135131836,0.6,0.2,0.6,0.2,0.5232835578024971,-2.969580344929014,-1.4518090565167057,0.16244739294052124,-0.986717164516449,-0.5007538795471191,0.9279434680938721,-0.3383064866065979,-0.058773696422576904,1.054435133934021,0.1187066992574885,8.0,-30.456948845320152,38,-22,apf_fsm,1,0.0,0.0
2026-08-18T05:35:42.109+00:00,1787031342.1092489,191154.1903955,12.121785199997248,215,3,AVOID,AVOID,0.5555291593363669,0.48317050723489063,-3.0755680714192764,149.3217945098877,0.2,0.6,0.2,0.6,0.37423269969121686,-2.2011233784550575,0.8744446929642189,-0.9500216245651245,0.31218406558036804,0.5007538795471191,-0.9279434680938721,-0.44926774501800537,-0.6157593727111816,1.054435133934021,0.6414229816176942,8.0,30.0,-22,38,apf_fsm,1,0.0,0.0
2026-08-18T05:35:42.274+00:00,1787031342.2744768,191154.3555817,12.286971399997128,216,2,AVOID,AVOID,0.5119628239244395,0.7032801873494429,-1.715374753815769,128.74794006347656,0.6,0.2,0.6,0.2,0.5109221969633434,-2.9543779673901973,-1.2390032135744282,0.17231033742427826,-0.9850426912307739,-0.5593196153640747,0.9117303490638733,-0.38700926303863525,-0.07331234216690063,1.0696216821670532,0.32573886757878573,8.0,-30.0,38,-22,apf_fsm,1,0.0,0.0
2026-08-18T05:35:42.275+00:00,1787031342.2755857,191154.35656,12.287949699995806,216,3,AVOID,AVOID,0.5537410634310505,0.4830492397804228,-3.0755680714192764,129.85682487487793,0.2,0.6,0.2,0.6,0.37257243627685005,-2.1489884613189085,0.9265796101003678,-0.9494557976722717,0.31390073895454407,0.5593196153640747,-0.9117303490638733,-0.390136182308197,-0.5978295803070068,1.0696216821670532,0.6005723326437404,8.0,30.0,-22,38,apf_fsm,1,0.0,0.0
2026-08-18T05:35:42.429+00:00,1787031342.4291563,191154.5109552,12.442344900016906,217,2,AVOID,AVOID,0.5090729426505347,0.6970789936924104,-1.8911984026195126,128.6792755126953,0.6,0.2,0.6,0.2,0.5053268800771362,-2.9365743636543726,-1.04537596103486,0.17993710935115814,-0.9836781024932861,-0.5938103795051575,0.8976173400878906,-0.41387325525283813,-0.08606076240539551,1.076256275177002,0.5015767129354672,8.0,-30.0,38,-22,apf_fsm,1,0.0,0.0
2026-08-18T05:35:42.430+00:00,1787031342.4306736,191154.5120019,12.443391600012546,217,3,AVOID,AVOID,0.5537410634310505,0.4830492397804228,-3.024007284965437,130.19657135009766,0.2,0.6,0.2,0.6,0.37257243627685005,-2.11800961694817,0.905997668017267,-0.9494557976722717,0.31390073895454407,0.5938103795051575,-0.8976173400878906,-0.35564541816711426,-0.583716630935669,1.076256275177002,0.6169006814344752,8.0,30.0,-22,38,apf_fsm,1,0.0,0.0
2026-08-18T05:35:42.610+00:00,1787031342.6105506,191154.6920916,12.623481300019193,218,2,AVOID,AVOID,0.505536703075013,0.6927178540494543,-2.0802404276120807,152.9843807220459,0.6,0.2,0.6,0.2,0.5016913375423554,-2.9171117383492007,-0.83687131073712,0.18828967213630676,-0.9821135401725769,-0.6227640509605408,0.8829103708267212,-0.434474378824234,-0.09920316934585571,1.0804470777511597,0.6697893121817097,8.0,-30.0,38,-22,apf_fsm,1,0.0,0.0
2026-08-18T05:35:42.612+00:00,1787031342.6121576,191154.6928987,12.624288400023943,218,3,AVOID,AVOID,0.5537410634310505,0.4830492397804228,-2.882914390820136,154.59132194519043,0.2,0.6,0.2,0.6,0.37257243627685005,-2.091984766755209,0.7909296240649266,-0.9494557976722717,0.31390073895454407,0.6227640509605408,-0.8829103708267212,-0.32669174671173096,-0.5690096616744995,1.0804470777511597,0.703184650118855,8.0,30.0,-22,38,apf_fsm,1,0.0,0.0
2026-08-18T05:35:42.763+00:00,1787031342.7631862,191154.8444371,12.775826800003415,219,2,AVOID,AVOID,0.49994947840692183,0.687664590873882,-2.335560501788693,125.00262260437012,0.6,0.2,0.6,0.2,0.49782211688838984,-2.8922911195208227,-0.5567306177321298,0.20097646117210388,-0.9795960783958435,-0.6502184271812439,0.8652199506759644,-0.44924196600914,-0.11437612771987915,1.0823075771331787,0.8489872305642601,24.0,4.237618077853356,19,28,apf_fsm,1,0.0,0.0
2026-08-18T05:35:42.764+00:00,1787031342.7641933,191154.8451773,12.776567000022624,219,3,AVOID,AVOID,0.5531941731288563,0.4808287712256003,-2.6871583646979644,126.00970268249512,0.2,0.6,0.2,0.6,0.3727571672010839,-2.0697819441971776,0.6173764205007868,-0.9475181102752686,0.31970205903053284,0.6502184271812439,-0.8652199506759644,-0.29729968309402466,-0.5455179214477539,1.0823075771331787,0.8154000458192348,8.0,30.0,-22,38,apf_fsm,1,0.0,0.0
2026-08-18T05:35:42.919+00:00,1787031342.9190235,191154.9997413,12.931131000019377,220,2,AVOID,AVOID,0.4981489304550238,0.6863225630705752,-2.4793030765957558,123.21662902832031,0.6,0.2,0.6,0.2,0.4968735007212491,-2.8846484095392912,-0.4053453329435355,0.2049839049577713,-0.9787653088569641,-0.6544883251190186,0.8606570363044739,-0.44950443506240845,-0.11810827255249023,1.081242561340332,0.9189662747064472,24.0,1.2450316381654485,22,25,apf_fsm,1,0.0,0.0
2026-08-18T05:35:42.920+00:00,1787031342.9205334,191155.0013273,12.932717000017874,220,3,AVOID,AVOID,0.5532923229505627,0.4790607019115027,-2.5465182255582204,125.2298355102539,0.2,0.6,0.2,0.6,0.3734190397903448,-2.0684477559325694,0.47807046962565103,-0.9461014866828918,0.3238701820373535,0.6544883251190186,-0.8606570363044739,-0.2916131615638733,-0.5367868542671204,1.081242561340332,0.8878842879925172,24.0,-0.09500358437324152,24,23,apf_fsm,1,0.0,0.0
2026-08-18T05:35:43.083+00:00,1787031343.0836155,191155.1648456,13.09623530000681,221,2,AVOID,AVOID,0.49356180130893407,0.6838203684419721,-2.612174566265801,133.6355209350586,0.6,0.2,0.6,0.2,0.495389986838576,-2.862452174438472,-0.250277608172671,0.21485738456249237,-0.9766454100608826,-0.6783192157745361,0.8438061475753784,-0.46346181631088257,-0.13283926248550415,1.0826475620269775,0.9688437030152405,24.0,2.924594285253548,21,26,apf_fsm,1,0.0,0.0
2026-08-18T05:35:43.084+00:00,1787031343.084617,191155.16647,13.097859700006666,221,3,AVOID,AVOID,0.5532923229505627,0.4790607019115027,-2.3364143372034354,134.63687896728516,0.2,0.6,0.2,0.6,0.3734190397903448,-2.0463949792632388,0.2900193579401966,-0.9461014866828918,0.3238701820373535,0.6783192157745361,-0.8438061475753784,-0.2677822709083557,-0.5199359655380249,1.0826475620269775,0.9582383398870835,24.0,-3.681595329588938,27,20,apf_fsm,1,0.0,0.0
2026-08-18T05:35:43.236+00:00,1787031343.2364953,191155.3175906,13.248980300006224,222,2,AVOID,AVOID,0.48542638649403336,0.6811142019810006,-2.7353480041086047,126.89852714538574,0.6,0.2,0.6,0.2,0.49456848692534955,-2.819430449762722,-0.08408244565411715,0.2316637933254242,-0.9727959036827087,-0.7026668787002563,0.8155794143676758,-0.47100308537483215,-0.15721648931503296,1.0765271186828613,0.9964671532959887,24.0,4.9760062316082125,19,28,apf_fsm,1,0.0,0.0
2026-08-18T05:35:43.237+00:00,1787031343.2374902,191155.3189358,13.250325500004692,222,3,AVOID,AVOID,0.5565813395792278,0.4746142618198802,-2.0823778685555716,127.89344787597656,0.2,0.6,0.2,0.6,0.37798390848697533,-2.0324274881925546,0.04995038036301702,-0.9433770179748535,0.3317224085330963,0.7026668787002563,-0.8155794143676758,-0.24071013927459717,-0.48385700583457947,1.0765271186828613,0.9987527391136855,24.0,-7.902910411571116,31,18.0,apf_fsm,1,0.0,0.0
2026-08-18T05:35:43.393+00:00,1787031343.3930972,191155.4744164,13.40580609999597,223,2,AVOID,AVOID,0.4837490999621757,0.6805273089902596,-2.8306354145140458,125.98490715026855,0.6,0.2,0.6,0.2,0.4943892863372189,-2.804498079590457,0.026137334923588718,0.23514041304588318,-0.9719613790512085,-0.6964168548583984,0.8102972507476807,-0.46127644181251526,-0.16166412830352783,1.0684465169906616,0.9996584393072684,24.0,4.119065669455592,19,28,apf_fsm,1,0.0,0.0
2026-08-18T05:35:43.394+00:00,1787031343.3940892,191155.4751652,13.406554900022456,223,3,AVOID,AVOID,0.560962783983417,0.4690500950399799,-1.8189406504196397,126.97696685791016,0.2,0.6,0.2,0.6,0.38398178215912443,-2.049672551182579,-0.23073190076293915,-0.940051794052124,0.3410315215587616,0.6964168548583984,-0.8102972507476807,-0.24363493919372559,-0.46926572918891907,1.0684465169906616,0.9734992773106876,24.0,-12.131198847037858,36,18.0,apf_fsm,1,0.0,0.0
2026-08-18T05:35:43.565+00:00,1787031343.5651598,191155.6460927,13.57748239999637,224,2,AVOID,AVOID,0.48201747747971374,0.6800691869681588,-2.883491121552584,131.28161430358887,0.6,0.2,0.6,0.2,0.4943544274066116,-2.795977745811569,0.0875133757410147,0.2386597841978073,-0.9711032509803772,-0.6862365007400513,0.8099456429481506,-0.44757670164108276,-0.16115760803222656,1.0615707635879517,0.9961731478266879,24.0,3.0232951860200563,20,27,apf_fsm,1,0.0,0.0
2026-08-18T05:35:43.566+00:00,1787031343.5661602,191155.6472265,13.578616200014949,224,3,AVOID,AVOID,0.5634651461517985,0.4641092705247656,-1.6793840590542788,132.28201866149902,0.2,0.6,0.2,0.6,0.38803763068091685,-2.069586357994225,-0.3902022989399463,-0.936674952507019,0.3501998484134674,0.6862365007400513,-0.8099456429481506,-0.2504384517669678,-0.4597457945346832,1.0615707635879517,0.924832129218591,24.0,-9.483486925594713,33,18.0,apf_fsm,1,0.0,0.0
2026-08-18T05:35:43.720+00:00,1787031343.7208767,191155.8020677,13.73345739999786,225,2,AVOID,AVOID,0.47829036116823687,0.6797268116754759,-2.9548027405127133,125.26893615722656,0.6,0.2,0.6,0.2,0.49492529741858593,-2.7865940479133053,0.16820869259940796,0.24591517448425293,-0.9692913889884949,-0.6681689620018005,0.8127604126930237,-0.4222537875175476,-0.1565309762954712,1.052154541015625,0.9858862430784125,24.0,4.506423016037844,19,28,apf_fsm,1,0.0,0.0
2026-08-18T05:35:43.722+00:00,1787031343.722162,191155.802757,13.734146700007841,225,3,AVOID,AVOID,0.5649641597048484,0.45751034530517454,-1.641780539411047,125.26893615722656,0.2,0.6,0.2,0.6,0.3917934909670101,-2.1011812320946506,-0.4594006926836036,-0.9315217733383179,0.36368560791015625,0.6681689620018005,-0.8127604126930237,-0.26335281133651733,-0.44907480478286743,1.052154541015625,0.8963183979409519,24.0,-7.015950707864042,31,18.0,apf_fsm,1,0.0,0.0
2026-08-18T05:35:43.899+00:00,1787031343.8990238,191155.9804846,13.91187430001446,226,2,AVOID,AVOID,0.47829036116823687,0.6797268116754759,-2.9934399335191304,149.1544246673584,0.6,0.2,0.6,0.2,0.49492529741858593,-2.8020783238886477,0.19136160963048265,0.24591517448425293,-0.9692913889884949,-0.6085482835769653,0.841212809085846,-0.3626331090927124,-0.12807857990264893,1.0382533073425293,0.9817461727981761,24.0,2.723968192392441,21,26,apf_fsm,1,0.0,0.0
2026-08-18T05:35:43.900+00:00,1787031343.9000354,191155.9811783,13.912567999999737,226,3,AVOID,AVOID,0.5648724539017833,0.44542952729950214,-1.6499490404869486,150.16603469848633,0.2,0.6,0.2,0.6,0.396262461819391,-2.1762023808219637,-0.5262533403350151,-0.9207847714424133,0.39007094502449036,0.6085482835769653,-0.841212809085846,-0.312236487865448,-0.4511418640613556,1.0382533073425293,0.8646950716600584,24.0,-7.602376071149554,31,18.0,apf_fsm,1,0.0,0.0
2026-08-18T05:35:44.169+00:00,1787031344.1692812,191156.2509947,14.182384400017327,227,2,AVOID,AVOID,0.4763933601527486,0.679661970778435,-3.042835784127377,231.63390159606934,0.6,0.2,0.6,0.2,0.4953324213347844,-2.6549627476071316,0.3878730365202454,0.24954280257225037,-0.9683637619018555,-0.5625327825546265,0.8027710914611816,-0.3129899799823761,-0.16559267044067383,0.9802471995353699,0.9257156139906734,24.0,10.75663030634415,18.0,34,apf_fsm,1,0.0,0.0
2026-08-18T05:35:44.170+00:00,1787031344.1707854,191156.2518549,14.183244600018952,227,3,AVOID,AVOID,0.5641206897110547,0.4399028510151765,-1.6850556111197983,233.1380844116211,0.2,0.6,0.2,0.6,0.39776245899873824,-2.2933602723463196,-0.6083046612265213,-0.9154224991798401,0.4024943709373474,0.5625327825546265,-0.8027710914611816,-0.3528897166252136,-0.40027672052383423,0.9802471995353699,0.8206180438923699,24.0,-8.954842843467926,32,18.0,apf_fsm,1,0.0,0.0
2026-08-18T05:35:44.317+00:00,1787031344.3178596,191156.3991139,14.330503600009251,228,2,AVOID,AVOID,0.4726580137291864,0.6795940689003936,-3.1240007526348736,126.05524063110352,0.6,0.2,0.6,0.2,0.4962121042375242,-1.6557173389498445,1.4682834136850291,0.2566281259059906,-0.9665101766586304,-0.30878502130508423,0.3538060188293457,-0.05215689539909363,-0.6127041578292847,0.46960288286209106,0.10233345781612822,7.1633420471289755,35.0,-27,42,apf_fsm,1,0.0,0.0
2026-08-18T05:35:44.318+00:00,1787031344.3188677,191156.3998165,14.33120620000409,228,3,AVOID,AVOID,0.5584126480856633,0.42613993380477355,-1.7911483265442665,127.06327438354492,0.2,0.6,0.2,0.6,0.39835530487893095,3.002652329169889,-1.4893846514654303,-0.8997310400009155,0.4364446997642517,0.30878502130508423,-0.3538060188293457,-0.5909460186958313,0.082638680934906,0.46960288286209106,0.08132177425088269,5.692524197561788,-35.0,40,-29,apf_fsm,1,0.0,0.0
2026-08-18T05:35:44.477+00:00,1787031344.4778738,191156.558963,14.490352699998766,229,2,AVOID,AVOID,0.4726580137291864,0.6795940689003936,3.136960678927931,130.88369369506836,0.6,0.2,0.6,0.2,0.4962121042375242,-1.553285453156659,1.5929391750949966,0.2566281259059906,-0.9665101766586304,-0.2441289871931076,0.2527901530265808,0.012499138712882996,-0.7137200236320496,0.3514282703399658,0.0,0,35.0,-35,35,apf_fsm,1,0.0,0.0
2026-08-18T05:35:44.478+00:00,1787031344.4788747,191156.5595892,14.490978900023038,229,3,AVOID,AVOID,0.5559409226769875,0.4219761050369805,-1.8888703730111398,131.88457489013672,0.2,0.6,0.2,0.6,0.39797794865287367,2.8509014205560024,-1.5434135136124443,-0.8943734169006348,0.44732099771499634,0.2441289871931076,-0.2527901530265808,-0.650244414806366,0.19453084468841553,0.3514282703399658,0.02737939128761981,1.9165573901333866,-35.0,36,-33,apf_fsm,1,0.0,0.0
2026-08-18T05:35:44.643+00:00,1787031344.6430237,191156.7244962,14.65588590002153,230,2,RUN,AVOID,0.4686723386059968,0.6798402944549471,3.0893525793953756,123.21853637695312,0.6,0.2,0.6,0.2,0.4974873494168754,-1.3036480844222722,1.8901846433619385,0.2639819085597992,-0.9645276069641113,0.0,0.0,0.2639819085597992,-0.9645276069641113,0.0,0.15,8.0,35.0,-27,43,apf_fsm,1,0.0,0.0
2026-08-18T05:35:44.644+00:00,1787031344.644026,191156.7251214,14.656511100009084,230,3,RUN,AVOID,0.547040660617199,0.41032478427227104,-2.072903017643443,124.2208480834961,0.2,0.6,0.2,0.6,0.39549198169240096,2.6414017364301334,-1.56888055310601,-0.8774910569190979,0.47959309816360474,0.0,0.0,-0.8774910569190979,0.47959309816360474,0.0,0.15,8.0,-35.0,43,-27,apf_fsm,1,0.0,0.0
2026-08-18T05:35:44.804+00:00,1787031344.8047287,191156.8853569,14.816746600001352,231,2,RUN,RUN,0.4668810645174466,0.6798857740922847,3.07796395409253,130.40637969970703,0.6,0.2,0.6,0.2,0.4980070352516714,-1.3002028983729323,1.9050184547141242,0.26730331778526306,-0.96361243724823,0.0,0.0,0.26730331778526306,-0.96361243724823,0.0,0.15,8.0,35.0,-27,43,apf_fsm,1,0.0,0.0
2026-08-18T05:35:44.804+00:00,1787031344.8047287,191156.8859898,14.817379500018433,231,3,RUN,RUN,0.5380975962340051,0.4013752753879944,-2.2047414971253194,130.40637969970703,0.2,0.6,0.2,0.6,0.3921246814552833,2.6104317591791424,-1.4680120508751244,-0.8622196316719055,0.5065346360206604,0.0,0.0,-0.8622196316719055,0.5065346360206604,0.0,0.15,8.0,-30.0,38,-22,apf_fsm,1,0.0,0.0
2026-08-18T05:35:44.981+00:00,1787031344.981664,191157.0625425,14.99393220001366,232,2,RUN,RUN,0.4649576484363975,0.6799217237237712,3.07796395409253,136.98482513427734,0.6,0.2,0.6,0.2,0.4985592217759325,-1.2965046046720068,1.9087167484150491,0.27086520195007324,-0.9626172780990601,0.0,0.0,0.27086520195007324,-0.9626172780990601,0.0,0.15,8.0,35.0,-27,43,apf_fsm,1,0.0,0.0
2026-08-18T05:35:44.982+00:00,1787031344.9826646,191157.0638739,14.995263600023463,232,3,RUN,RUN,0.5351678558317102,0.39901886197190906,-2.3089673283550405,137.9854679107666,0.2,0.6,0.2,0.6,0.3908080211892952,2.6014354936110813,-1.372782485213465,-0.8576278686523438,0.5142707824707031,0.0,0.0,-0.8576278686523438,0.5142707824707031,0.0,0.15,8.0,-30.0,38,-22,apf_fsm,1,0.0,0.0
2026-08-18T05:35:45.158+00:00,1787031345.158015,191157.2386704,15.170060100004775,233,2,RUN,RUN,0.4649576484363975,0.6799217237237712,3.1263350003987873,139.7726535797119,0.6,0.2,0.6,0.2,0.4985592217759325,-1.2965046046720068,1.8603457021087921,0.27086520195007324,-0.9626172780990601,0.0,0.0,0.27086520195007324,-0.9626172780990601,0.0,0.15,8.0,34.6664643207563,-26,42,apf_fsm,1,0.0,0.0
2026-08-18T05:35:45.159+00:00,1787031345.159018,191157.2400647,15.171454399998765,233,3,RUN,RUN,0.5219027752689632,0.39222520604794997,-2.5488062027652076,141.7689323425293,0.2,0.6,0.2,0.6,0.3831341302046549,2.568416886385318,-1.16596221802906,-0.8401830196380615,0.5423030257225037,0.0,0.0,-0.8401830196380615,0.5423030257225037,0.0,0.15,8.0,-30.0,38,-22,apf_fsm,1,0.0,0.0
2026-08-18T05:35:45.315+00:00,1787031345.3151944,191157.3965463,15.327936000016052,234,2,RUN,RUN,0.4649576484363975,0.6799217237237712,-3.1174378379972216,125.26082992553711,0.6,0.2,0.6,0.2,0.4985592217759325,-1.2965046046720068,1.8209332333252148,0.27086520195007324,-0.9626172780990601,0.0,0.0,0.27086520195007324,-0.9626172780990601,0.0,0.15,8.0,34.50128664794523,-26,42,apf_fsm,1,0.0,0.0
2026-08-18T05:35:45.316+00:00,1787031345.3161886,191157.3974413,15.328831000020728,234,3,RUN,RUN,0.5088794902397806,0.3879508580372183,-2.730052926229981,126.25503540039062,0.2,0.6,0.2,0.6,0.3746616848544012,2.539977233516223,-1.0131551474333822,-0.8244224190711975,0.56597501039505,0.0,0.0,-0.8244224190711975,0.56597501039505,0.0,0.15,8.0,-30.0,38,-22,apf_fsm,1,0.0,0.0
2026-08-18T05:35:45.461+00:00,1787031345.4619682,191157.5445064,15.475896100018872,235,2,RUN,RUN,0.4649576484363975,0.6799217237237712,-2.907601815220757,117.95902252197266,0.6,0.2,0.6,0.2,0.4985592217759325,-1.2965046046720068,1.61109721054875,0.27086520195007324,-0.9626172780990601,0.0,0.0,0.27086520195007324,-0.9626172780990601,0.0,0.15,8.0,30.0,-22,38,apf_fsm,1,0.0,0.0
2026-08-18T05:35:45.461+00:00,1787031345.4619682,191157.5451936,15.476583300012862,235,3,RUN,RUN,0.5051867079489026,0.38714247623765585,-2.824810116182541,117.95902252197266,0.2,0.6,0.2,0.6,0.37208500659247973,2.532569002332721,-0.9258061886643238,-0.8202069997787476,0.5720669627189636,0.0,0.0,-0.8202069997787476,0.5720669627189636,0.0,0.15,8.0,-30.0,38,-22,apf_fsm,1,0.0,0.0
2026-08-18T05:35:45.628+00:00,1787031345.628674,191157.7092075,15.640597200021148,236,2,RUN,RUN,0.4649576484363975,0.6799217237237712,-2.802372343124501,127.03680992126465,0.6,0.2,0.6,0.2,0.4985592217759325,-1.2965046046720068,1.505867738452494,0.27086520195007324,-0.9626172780990601,0.0,0.0,0.27086520195007324,-0.9626172780990601,0.0,0.15,8.0,30.0,-22,38,apf_fsm,1,0.0,0.0
2026-08-18T05:35:45.628+00:00,1787031345.628674,191157.7100634,15.641453100019135,236,3,RUN,RUN,0.49022818056493317,0.3872191619254555,-3.02049422279824,128.0355453491211,0.2,0.6,0.2,0.6,0.3598723132525437,2.508962979338136,-0.7537281050432103,-0.8064754009246826,0.5912675261497498,0.0,0.0,-0.8064754009246826,0.5912675261497498,0.0,0.15,8.0,-30.0,38,-22,apf_fsm,1,0.0,0.0
2026-08-18T05:35:45.775+00:00,1787031345.7757444,191157.857207,15.788596700003836,237,2,RUN,RUN,0.4645784277706594,0.6777008200074586,-2.5081227743599896,121.04296684265137,0.6,0.2,0.6,0.2,0.4965250000361158,-1.2945578413542385,1.2135649330057512,0.27273866534233093,-0.9620881080627441,0.0,0.0,0.27273866534233093,-0.9620881080627441,0.0,0.15,8.0,30.0,-22,38,apf_fsm,1,0.0,0.0
2026-08-18T05:35:45.777+00:00,1787031345.7777383,191157.8583529,15.789742599998135,237,3,RUN,RUN,0.4830300058517766,0.3884640690387676,3.040339822714934,123.03686141967773,0.2,0.6,0.2,0.6,0.3533460545981686,2.4997591762489995,-0.5405806464659344,-0.8009994626045227,0.5986650586128235,0.0,0.0,-0.8009994626045227,0.5986650586128235,0.0,0.298824300017003,20.91770100119021,3.294213250826387,18.0,24,apf_fsm,1,0.0,0.0
2026-08-18T05:35:45.962+00:00,1787031345.9621391,191158.0459749,15.97736459999578,238,2,RUN,RUN,0.46432112709171136,0.6750000789356017,-2.3400136315590254,153.24139595031738,0.6,0.2,0.6,0.2,0.4939978052000751,-1.2925656460243777,1.0474479855346477,0.2746548056602478,-0.9615429043769836,0.0,0.0,0.2746548056602478,-0.9615429043769836,0.0,0.15,8.0,30.0,-22,38,apf_fsm,1,0.0,0.0
2026-08-18T05:35:45.968+00:00,1787031345.9681726,191158.0490333,15.980423000000883,238,3,RUN,RUN,0.478569832820376,0.3906660007681105,2.9549299032989516,159.27481651306152,0.2,0.6,0.2,0.6,0.3484564176363939,2.49715801673172,-0.45777188656723133,-0.799439549446106,0.6007465720176697,0.0,0.0,-0.799439549446106,0.6007465720176697,0.0,0.47416793399838064,33.191755379886644,-1.8095603349647893,35,31,apf_fsm,1,0.0,0.0
2026-08-18T05:35:46.120+00:00,1787031346.1208484,191158.2017326,16.13312230000156,239,2,AVOID,RUN,0.46576917625538417,0.6663738161481254,-1.703202853062072,126.6012191772461,0.6,0.2,0.6,0.2,0.48530655304840425,-1.3893476844635575,0.3138551685985145,0.2765897512435913,-0.9609881043434143,-0.14135901629924774,0.2239014357328415,0.13523073494434357,-0.7370866537094116,0.26479092240333557,0.9511504433862241,24.0,14.12348258693315,18.0,38,apf_fsm,1,0.0,0.0
2026-08-18T05:35:46.121+00:00,1787031346.121856,191158.203017,16.134406700002728,239,3,AVOID,RUN,0.4760605213356664,0.3934047895596779,2.763848825879335,127.6087760925293,0.2,0.6,0.2,0.6,0.3448057314155333,2.624119290322651,-0.13972953555668388,-0.8006262183189392,0.5991640686988831,0.14135901629924774,-0.2239014357328415,-0.6592671871185303,0.37526261806488037,0.26479092240333557,0.9902537014453454,24.0,-6.287829100050774,30,18.0,apf_fsm,1,0.0,0.0
2026-08-18T05:35:46.287+00:00,1787031346.287307,191158.3680467,16.299436400004197,240,2,AVOID,AVOID,0.46576917625538417,0.6663738161481254,-1.570331859390094,126.39069557189941,0.6,0.2,0.6,0.2,0.48530655304840425,-1.3987560474579182,0.17157581193217575,0.2765897512435913,-0.9609881043434143,-0.1620061844587326,0.30154454708099365,0.1145835667848587,-0.6594435572624207,0.34230852127075195,0.9853169437619864,24.0,-3.2640193640000983,27,20,apf_fsm,1,0.0,0.0
2026-08-18T05:35:46.288+00:00,1787031346.2882223,191158.3694706,16.30086030001985,240,3,AVOID,AVOID,0.4743097097007023,0.3955120653498196,2.6479774451648552,127.30598449707031,0.2,0.6,0.2,0.6,0.34214197674880525,2.708074146213113,0.06009670104825782,-0.8017423748970032,0.597669780254364,0.1620061844587326,-0.30154454708099365,-0.6397361755371094,0.29612523317337036,0.34230852127075195,0.998194736685796,24.0,7.594885291655538,18.0,31,apf_fsm,1,0.0,0.0
2026-08-18T05:35:46.450+00:00,1787031346.4506898,191158.5313707,16.462760399997933,241,2,AVOID,AVOID,0.4670507605498864,0.6645838421482098,-1.4903878808062025,121.75536155700684,0.6,0.2,0.6,0.2,0.48323249751600555,-1.4030363672867103,0.08735151351949222,0.27512478828430176,-0.9614085555076599,-0.201930433511734,0.5292052030563354,0.07319435477256775,-0.43220335245132446,0.566422164440155,0.9961872818126037,24.0,-2.074335309249001,26,21,apf_fsm,1,0.0,0.0
2026-08-18T05:35:46.450+00:00,1787031346.4506898,191158.5320351,16.46342480002204,241,3,AVOID,AVOID,0.4698685926971016,0.3995312622300766,2.5959183300923616,121.75536155700684,0.2,0.6,0.2,0.6,0.33617967241845603,3.0303580687759224,0.4344397386835608,-0.8027510643005371,0.5963142514228821,0.201930433511734,-0.5292052030563354,-0.6008206605911255,0.06710904836654663,0.566422164440155,0.9071059999032571,24.0,17.446403704071212,18.0,41,apf_fsm,1,0.0,0.0
2026-08-18T05:35:46.645+00:00,1787031346.6456895,191158.7269989,16.658388600015314,242,2,AVOID,AVOID,0.4670507605498864,0.6645838421482098,-1.2871683358802735,163.83647918701172,0.6,0.2,0.6,0.2,0.48323249751600555,-1.388801188258853,-0.10163285237857944,0.27512478828430176,-0.9614085555076599,-0.20880569517612457,0.6010403633117676,0.06631909310817719,-0.36036819219589233,0.6362777352333069,0.9948398256754442,24.0,-7.630781330218303,31,18.0,apf_fsm,1,0.0,0.0
2026-08-18T05:35:46.647+00:00,1787031346.647686,191158.7282375,16.659627200016985,242,3,AVOID,AVOID,0.4676330575665396,0.40126679453861536,2.5959183300923616,165.8329963684082,0.2,0.6,0.2,0.6,0.33335017692416424,-3.1333934135401558,0.5538735635470688,-0.8028585910797119,0.5961694717407227,0.20880569517612457,-0.6010403633117676,-0.5940529108047485,-0.004870891571044922,0.6362777352333069,0.8504934690843933,24.0,9.71891950569347,18.0,33,apf_fsm,1,0.0,0.0
2026-08-18T05:35:47.203+00:00,1787031347.2031682,191159.2840069,17.21539660001872,243,2,AVOID,AVOID,0.4670507605498864,0.6645838421482098,-1.2270530614290518,517.6706314086914,0.6,0.2,0.6,0.2,0.48323249751600555,-1.249706050005938,-0.022652988576886246,0.27512478828430176,-0.9614085555076599,-0.21440868079662323,0.7788585424423218,0.06071610748767853,-0.18255001306533813,0.8078314661979675,0.999743432026206,24.0,2.5377653472903994,21,26,apf_fsm,1,0.0,0.0
2026-08-18T05:35:47.398+00:00,1787031347.3989594,191159.4796003,17.41099000000395,244,2,AVOID,AVOID,0.4727313601210367,0.6556443199665938,-1.2108686358197593,174.23391342163086,0.6,0.2,0.6,0.2,0.47308461506844723,0.6033498999405331,1.8142185357602925,0.2690187692642212,-0.9631349444389343,-0.15936873853206635,1.0386910438537598,0.10965003073215485,0.07555609941482544,1.0508460998535156,0.0,0,35.0,-35,35,apf_fsm,1,0.0,0.0
2026-08-18T05:35:47.399+00:00,1787031347.39996,191159.4807545,17.41214420000324,244,3,AVOID,AVOID,0.4345358713119147,0.4191205471386156,2.617218710771321,175.23455619812012,0.2,0.6,0.2,0.6,0.2961831382767641,-2.5466953709966416,1.119271225411623,-0.7918609976768494,0.6107013821601868,0.15936873853206635,-1.0386910438537598,-0.6324922442436218,-0.427989661693573,1.0508460998535156,0.43633830084972175,8.0,35.0,-27,43,apf_fsm,1,0.0,0.0
2026-08-18T05:35:47.579+00:00,1787031347.5797203,191159.6604246,17.591814300016267,245,2,AVOID,AVOID,0.47511516178391916,0.6486215959103182,-1.246247658129343,139.16373252868652,0.6,0.2,0.6,0.2,0.46567967438291474,0.6049959306851432,1.8512435888144863,0.2681775689125061,-0.9633694887161255,-0.1386255919933319,1.0529541969299316,0.1295519769191742,0.08958470821380615,1.0620403289794922,0.0,0,35.0,-35,35,apf_fsm,1,0.0,0.0
2026-08-18T05:35:47.579+00:00,1787031347.5812242,191159.6616461,17.593035800004145,245,3,AVOID,AVOID,0.4264974034264339,0.4233872807973473,2.617218710771321,139.16373252868652,0.2,0.6,0.2,0.6,0.28721616657679944,-2.5485703203368035,1.117396276071462,-0.7885956168174744,0.614912211894989,0.1386255919933319,-1.0529541969299316,-0.6499700546264648,-0.4380419850349426,1.0620403289794922,0.43802457986083,8.0,30.0,-22,38,apf_fsm,1,0.0,0.0
2026-08-18T05:35:47.736+00:00,1787031347.7367306,191159.8174599,17.74884960000054,246,2,AVOID,AVOID,0.4765091189221011,0.6441393412352865,-1.2811087379589436,130.3997039794922,0.6,0.2,0.6,0.2,0.46098780042676835,0.6248167040950483,1.905925442053992,0.26788318157196045,-0.9634514451026917,-0.13541986048221588,1.0589847564697266,0.13246332108974457,0.09553331136703491,1.0676082372665405,0.0,0,35.0,-35,35,apf_fsm,1,0.0,0.0
2026-08-18T05:35:47.737+00:00,1787031347.737718,191159.8188162,17.750205899996217,246,3,AVOID,AVOID,0.42489323107279087,0.424290869426575,2.6257883467853085,131.38723373413086,0.2,0.6,0.2,0.6,0.2853956270674598,-2.544879142717347,1.112517817676931,-0.7880051732063293,0.6156685948371887,0.13541986048221588,-1.0589847564697266,-0.6525853276252747,-0.44331616163253784,1.0676082372665405,0.442404903696308,8.0,30.0,-22,38,apf_fsm,1,0.0,0.0
2026-08-18T05:35:47.902+00:00,1787031347.9024131,191159.9829008,17.91429050001898,247,2,AVOID,AVOID,0.4770509614839039,0.6420714826015195,-1.2811087379589436,140.3951644897461,0.6,0.2,0.6,0.2,0.45885036973019644,0.6406260501425374,1.921734788101481,0.267950177192688,-0.963432788848877,-0.13696740567684174,1.0610827207565308,0.13098277151584625,0.09764993190765381,1.069886326789856,0.0,0,35.0,-35,35,apf_fsm,1,0.0,0.0
2026-08-18T05:35:47.903+00:00,1787031347.9034195,191159.9840249,17.915414600021904,247,3,AVOID,AVOID,0.42489323107279087,0.424290869426575,2.6257883467853085,141.9839859008789,0.2,0.6,0.2,0.6,0.2853956270674598,-2.5415767126682787,1.115820247725999,-0.7880051732063293,0.6156685948371887,0.13696740567684174,-1.0610827207565308,-0.6510377526283264,-0.44541412591934204,1.069886326789856,0.43944082643995563,8.0,30.0,-22,38,apf_fsm,1,0.0,0.0
2026-08-18T05:35:48.134+00:00,1787031348.1340115,191160.2146167,18.14600639999844,248,2,AVOID,AVOID,0.47832612850861783,0.638478699912055,-1.26421587459179,199.91350173950195,0.6,0.2,0.6,0.2,0.45504736157928366,0.661786876772879,1.926002751364669,0.2673872709274292,-0.9635891318321228,-0.1373235136270523,1.0649051666259766,0.1300637573003769,0.10131603479385376,1.0737228393554688,0.0,0,35.0,-35,35,apf_fsm,1,0.0,0.0
2026-08-18T05:35:48.135+00:00,1787031348.1350124,191160.216278,18.147667700017337,248,3,AVOID,AVOID,0.42489323107279087,0.424290869426575,2.645476517788217,200.9143829345703,0.2,0.6,0.2,0.6,0.2853956270674598,-2.537332555646912,1.1003762337444574,-0.7880051732063293,0.6156685948371887,0.1373235136270523,-1.0649051666259766,-0.6506816744804382,-0.44923657178878784,1.0737228393554688,0.45326078704764367,8.0,30.0,-22,38,apf_fsm,1,0.0,0.0
2026-08-18T05:35:48.316+00:00,1787031348.3163445,191160.3972503,18.32864000002155,249,2,AVOID,AVOID,0.47832612850861783,0.638478699912055,-1.2220086283612708,150.82716941833496,0.6,0.2,0.6,0.2,0.45504736157928366,0.661786876772879,1.8837955051341497,0.2673872709274292,-0.9635891318321228,-0.1373235136270523,1.0649051666259766,0.1300637573003769,0.10131603479385376,1.0737228393554688,0.0,0,35.0,-35,35,apf_fsm,1,0.0,0.0
2026-08-18T05:35:48.317+00:00,1787031348.3173444,191160.3981301,18.329519799997797,249,3,AVOID,AVOID,0.42489323107279087,0.424290869426575,2.6954207311572826,151.8270969390869,0.2,0.6,0.2,0.6,0.2853956270674598,-2.537332555646912,1.050432020375391,-0.7880051732063293,0.6156685948371887,0.1373235136270523,-1.0649051666259766,-0.6506816744804382,-0.44923657178878784,1.0737228393554688,0.49719625696211145,8.0,30.0,-22,38,apf_fsm,1,0.0,0.0
2026-08-18T05:35:48.495+00:00,1787031348.495307,191160.5758892,18.507278900011443,250,2,AVOID,AVOID,0.47832612850861783,0.638478699912055,-0.7799385833037761,145.69425582885742,0.6,0.2,0.6,0.2,0.45504736157928366,0.661786876772879,1.441725460076655,0.2673872709274292,-0.9635891318321228,-0.1373235136270523,1.0649051666259766,0.1300637573003769,0.10131603479385376,1.0737228393554688,0.12871279364003985,8.0,-30.0,38,-22,apf_fsm,1,0.0,0.0
2026-08-18T05:35:48.496+00:00,1787031348.4963055,191160.5771537,18.5085434000066,250,3,AVOID,AVOID,0.42489323107279087,0.424290869426575,2.720695503452469,146.69275283813477,0.2,0.6,0.2,0.6,0.2853956270674598,-2.537332555646912,1.0251572480802054,-0.7880051732063293,0.6156685948371887,0.1373235136270523,-1.0649051666259766,-0.6506816744804382,-0.44923657178878784,1.0737228393554688,0.5189644782506361,8.0,30.0,-22,38,apf_fsm,1,0.0,0.0
2026-08-18T05:35:48.655+00:00,1787031348.6555798,191160.7369028,18.66829250002047,251,2,AVOID,AVOID,0.47832612850861783,0.638478699912055,-0.4566791400775845,132.65681266784668,0.6,0.2,0.6,0.2,0.45504736157928366,0.661786876772879,1.1184660168504634,0.2673872709274292,-0.9635891318321228,-0.1373235136270523,1.0649051666259766,0.1300637573003769,0.10131603479385376,1.0737228393554688,0.4370626720433786,8.0,-30.0,38,-22,apf_fsm,1,0.0,0.0
2026-08-18T05:35:48.656+00:00,1787031348.6565838,191160.7377342,18.669123900006525,251,3,AVOID,AVOID,0.42489323107279087,0.424290869426575,2.806504912936201,133.66079330444336,0.2,0.6,0.2,0.6,0.2853956270674598,-2.537332555646912,0.9393478385964729,-0.7880051732063293,0.6156685948371887,0.1373235136270523,-1.0649051666259766,-0.6506816744804382,-0.44923657178878784,1.0737228393554688,0.5903145577952617,8.0,30.0,-22,38,apf_fsm,1,0.0,0.0
2026-08-18T05:35:48.843+00:00,1787031348.8431177,191160.9239952,18.85538490000181,252,2,AVOID,AVOID,0.47832612850861783,0.638478699912055,-0.28161903189585297,150.38442611694336,0.6,0.2,0.6,0.2,0.45504736157928366,0.5120372326826982,0.7936562645785512,0.2673872709274292,-0.9635891318321228,-0.09105220437049866,1.062695860862732,0.17633506655693054,0.09910672903060913,1.0665894746780396,0.7012433773386975,8.0,-30.0,38,-22,apf_fsm,1,0.0,0.0
2026-08-18T05:35:48.844+00:00,1787031348.8441243,191160.9251442,18.856533900019713,252,3,AVOID,AVOID,0.4179200463899206,0.4200068118488093,-3.107491697718582,151.39102935791016,0.2,0.6,0.2,0.6,0.2826423436065712,-2.5820430535846044,0.5254486441339776,-0.7710099220275879,0.6368231773376465,0.09105220437049866,-1.062695860862732,-0.6799577474594116,-0.42587268352508545,1.0665894746780396,0.8650989882691901,24.0,-9.231985364847556,33,18.0,apf_fsm,1,0.0,0.0
2026-08-18T05:35:49.014+00:00,1787031349.0142868,191161.0955109,19.02690060000168,253,2,AVOID,AVOID,0.47832612850861783,0.638478699912055,-0.24836443641702644,137.60972023010254,0.6,0.2,0.6,0.2,0.45504736157928366,0.4456634576992026,0.694027894116229,0.2673872709274292,-0.9635891318321228,-0.06519779562950134,1.0601786375045776,0.20218947529792786,0.09658950567245483,1.0621814727783203,0.7686758612462244,8.0,30.0,-22,38,apf_fsm,1,0.0,0.0
2026-08-18T05:35:49.016+00:00,1787031349.0162978,191161.0969639,19.028353600006085,253,3,AVOID,AVOID,0.4141388348459544,0.41729866283738815,-2.8813635152132244,139.62078094482422,0.2,0.6,0.2,0.6,0.28148751160609115,-2.607756802761146,0.27360671245207824,-0.7607400417327881,0.649056613445282,0.06519779562950134,-1.0601786375045776,-0.6955422163009644,-0.41112202405929565,1.0621814727783203,0.9628026063178672,24.0,-6.078400484345697,30,18.0,apf_fsm,1,0.0,0.0
2026-08-18T05:35:49.202+00:00,1787031349.2024362,191161.2829039,19.214293600001838,254,2,AVOID,AVOID,0.480836353417721,0.6383222490359324,-0.22565139198546702,154.5705795288086,0.6,0.2,0.6,0.2,0.45423162446785253,0.33978382459224277,0.5654352165777098,0.26234114170074463,-0.9649751782417297,-0.011799365282058716,1.0535401105880737,0.2505417764186859,0.088564932346344,1.0536061525344849,0.8443554986033861,24.0,1.1536084519289256,22,25,apf_fsm,1,0.0,0.0
2026-08-18T05:35:49.203+00:00,1787031349.2034516,191161.2844699,19.215859600022668,254,3,AVOID,AVOID,0.4086237641084759,0.41223784293347004,-2.740093879452744,156.79478645324707,0.2,0.6,0.2,0.6,0.2806750836413258,-2.65756732924983,0.082526550202914,-0.7432928085327148,0.6689662337303162,0.011799365282058716,-1.0535401105880737,-0.7314934730529785,-0.38457387685775757,1.0536061525344849,0.9965966165129799,24.0,-5.862540176691608,29,18,apf_fsm,1,0.0,0.0
2026-08-18T05:35:49.373+00:00,1787031349.3738568,191161.4545772,19.385966900008498,255,2,AVOID,AVOID,0.4826720153081209,0.6381132463693121,-0.2715139694336288,141.33214950561523,0.6,0.2,0.6,0.2,0.45355162069616217,0.27790123933040467,0.5494152087640335,0.25868716835975647,-0.9659611582756042,0.026346802711486816,1.0472766160964966,0.2850339710712433,0.08131545782089233,1.0476080179214478,0.8528300391792137,24.0,4.933451814161664,19,28,apf_fsm,1,0.0,0.0
2026-08-18T05:35:49.379+00:00,1787031349.3793702,191161.4597989,19.391188600013265,255,3,AVOID,AVOID,0.404689957635075,0.40878825302999244,-2.6702318988377507,145.84684371948242,0.2,0.6,0.2,0.6,0.2801069633835813,-2.6927543233200106,-0.02252242448225994,-0.7307563424110413,0.6826382279396057,-0.026346802711486816,-1.0472766160964966,-0.7571031451225281,-0.36463838815689087,1.0476080179214478,0.9997463809188852,24.0,-3.901938358803687,27,20,apf_fsm,1,0.0,0.0
2026-08-18T05:35:49.544+00:00,1787031349.5443444,191161.6254418,19.556831499998225,256,2,AVOID,AVOID,0.4875232065599527,0.6361456309904098,-0.33539795294465363,137.24040985107422,0.6,0.2,0.6,0.2,0.4504154088112192,0.22290621288103613,0.5583041658256898,0.24971792101860046,-0.9683186411857605,0.07232782244682312,1.0413177013397217,0.3220457434654236,0.07299906015396118,1.0438265800476074,0.848154695998493,24.0,5.894155155414867,18,29,apf_fsm,1,0.0,0.0
2026-08-18T05:35:49.546+00:00,1787031349.5463443,191161.6267343,19.558124000002863,256,3,AVOID,AVOID,0.40108056149175253,0.40659599463628926,-2.6527038864513695,138.24176788330078,0.2,0.6,0.2,0.6,0.27899552236651526,-2.727977143006638,-0.07527325655526873,-0.7207304239273071,0.6932154893875122,-0.07232782244682312,-1.0413177013397217,-0.7930582761764526,-0.3481022119522095,1.0438265800476074,0.9971683058491476,24.0,-2.599011688107995,26,21,apf_fsm,1,0.0,0.0
2026-08-18T05:35:49.723+00:00,1787031349.723617,191161.8047756,19.736165300011635,257,2,AVOID,AVOID,0.48930998639411827,0.6354077818311881,-0.394732083467657,148.66018295288086,0.6,0.2,0.6,0.2,0.4492574046036701,0.036461808309774614,0.4311938917774316,0.2463843822479248,-0.9691721200942993,0.1437176614999771,0.9834022521972656,0.3901020288467407,0.014230132102966309,0.993848443031311,0.9084674033602267,24.0,-0.13692067391471863,24,23,apf_fsm,1,0.0,0.0
2026-08-18T05:35:49.725+00:00,1787031349.725148,191161.8062435,19.73763320001308,257,3,AVOID,AVOID,0.389183025204091,0.40088045746653256,-2.686826770539487,150.191068649292,0.2,0.6,0.2,0.6,0.27466126272940106,-2.8405905332936943,-0.15376376275420744,-0.6887867450714111,0.7249640822410583,-0.1437176614999771,-0.9834022521972656,-0.832504391670227,-0.2584381699562073,0.993848443031311,0.9882016261740967,24.0,-4.28480534450493,28,19,apf_fsm,1,0.0,0.0
2026-08-18T05:35:49.887+00:00,1787031349.8873305,191161.9682174,19.89960710000014,258,2,AVOID,AVOID,0.49142691692933715,0.6346329530717004,-0.40823294599382626,125.89502334594727,0.6,0.2,0.6,0.2,0.44798874792040927,-0.8130524368785272,-0.404819490884701,0.24235673248767853,-0.9701871871948242,0.074408620595932,0.6353989839553833,0.31676536798477173,-0.3347882032394409,0.6397410035133362,0.919173506169429,24.0,-33.30866330202165,57,-18.0,apf_fsm,1,0.0,0.0
2026-08-18T05:35:49.888+00:00,1787031349.8883393,191161.9689883,19.900378000020282,258,3,AVOID,AVOID,0.37746649035777163,0.3973479922266036,-2.7818521321184657,126.90377235412598,0.2,0.6,0.2,0.6,0.26937370223259316,2.9834774564639805,-0.51785571859714,-0.6588115692138672,0.7523081302642822,-0.074408620595932,-0.6353989839553833,-0.7332202196121216,0.11690914630889893,0.6397410035133362,0.868882634609517,24.0,-17.92177564047404,41,18.0,apf_fsm,1,0.0,0.0
2026-08-18T05:35:50.118+00:00,1787031350.1184561,191162.1995799,20.1309696000244,259,2,AVOID,AVOID,0.49551471674160263,0.6334367520135419,-0.37335668332041755,190.54579734802246,0.6,0.2,0.6,0.2,0.445852657739792,-1.0749843080407666,-0.701627624720349,0.2343493402004242,-0.9721524119377136,0.04066930711269379,0.46368443965911865,0.2750186324119568,-0.508467972278595,0.4654645621776581,0.7637926300191213,8.0,-30.0,38,-22,apf_fsm,1,0.0,0.0
2026-08-18T05:35:50.120+00:00,1787031350.1209705,191162.2015383,20.13292800000636,259,3,AVOID,AVOID,0.37175756117675607,0.39608613434091255,-2.847444813887247,193.06015968322754,0.2,0.6,0.2,0.6,0.2666111858670214,2.727332606403902,-0.7084078868884376,-0.6442248821258545,0.7648361325263977,-0.04066930711269379,-0.46368443965911865,-0.6848942041397095,0.30115169286727905,0.4654645621776581,0.759398707488674,8.0,-30.0,38,-22,apf_fsm,1,0.0,0.0
2026-08-18T05:35:50.354+00:00,1787031350.3549116,191162.435459,20.36684870001045,260,2,AVOID,AVOID,0.49551471674160263,0.6334367520135419,-0.316065929328081,208.2841396331787,0.6,0.2,0.6,0.2,0.445852657739792,-1.1678200067055022,-0.8517540773774213,0.2343493402004242,-0.9721524119377136,0.020283102989196777,0.37485271692276,0.25463244318962097,-0.5972996950149536,0.3754010498523712,0.6586643272843241,8.0,-30.0,38,-22,apf_fsm,1,0.0,0.0
2026-08-18T05:35:50.356+00:00,1787031350.3569138,191162.4374296,20.368819299997995,260,3,AVOID,AVOID,0.3674269748514709,0.39565129931476656,-2.8836433909413,211.28392219543457,0.2,0.6,0.2,0.6,0.2641783173912238,2.5941830201859326,-0.8053588960523541,-0.6337650418281555,0.7735256552696228,-0.020283102989196777,-0.37485271692276,-0.6540481448173523,0.3986729383468628,0.3754010498523712,0.6928524871166369,8.0,-30.0,38,-22,apf_fsm,1,0.0,0.0
2026-08-18T05:35:50.553+00:00,1787031350.5539684,191162.6349478,20.566337500000373,261,2,AVOID,AVOID,0.49778809553579195,0.6329756103199438,-0.29568132302576994,172.4851131439209,0.6,0.2,0.6,0.2,0.4448765587734739,-1.3116379487397782,-1.0159566257140082,0.22975340485572815,-0.9732488393783569,-0.01869029551744461,0.17714640498161316,0.21106311678886414,-0.7961024045944214,0.1781296581029892,0.5268070553118571,8.0,-30.0,38,-22,apf_fsm,1,0.0,0.0
2026-08-18T05:35:50.554+00:00,1787031350.5549927,191162.6359328,20.567322500020964,261,3,AVOID,AVOID,0.35796208265260926,0.3954242177983922,-3.0356949662911163,173.5093593597412,0.2,0.6,0.2,0.6,0.2584632860182456,2.3380553478168187,-0.9094349930716508,-0.6111586689949036,0.7915080785751343,0.01869029551744461,-0.17714640498161316,-0.5924683809280396,0.6143616437911987,0.1781296581029892,0.614191726584067,8.0,-30.0,38,-22,apf_fsm,1,0.0,0.0
2026-08-18T05:35:50.746+00:00,1787031350.7467642,191162.8279294,20.759319100005087,262,2,RUN,AVOID,0.5121787665277115,0.6244398282557995,-0.4735000418069727,151.71098709106445,0.6,0.2,0.6,0.2,0.43343019836924923,-1.3667645657016507,-0.893264523894678,0.20261909067630768,-0.9792575836181641,0.0,0.0,0.20261909067630768,-0.9792575836181641,0.0,0.15,8.0,-35.0,43,-27,apf_fsm,1,0.0,0.0
2026-08-18T05:35:50.747+00:00,1787031350.7477646,191162.8288956,20.76028529999894,262,3,RUN,AVOID,0.33981264472380046,0.3983086536033933,3.1064711911158636,152.7113914489746,0.2,0.6,0.2,0.6,0.24541184738300562,2.176944625828961,-0.9295265652869027,-0.5697061419487,0.8218483924865723,0.0,0.0,-0.5697061419487,0.8218483924865723,0.0,0.15,8.0,-35.0,43,-27,apf_fsm,1,0.0,0.0
2026-08-18T05:35:50.990+00:00,1787031350.9901948,191163.0710762,21.00246590000461,263,2,RUN,RUN,0.5168149287975075,0.621185695383167,-0.6894269822964787,209.26165580749512,0.6,0.2,0.6,0.2,0.42932172792250534,-1.375803727879036,-0.6863767455825573,0.1937592774629593,-0.981049120426178,0.0,0.0,0.1937592774629593,-0.981049120426178,0.0,0.15,8.0,30.0,-22,38,apf_fsm,1,0.0,0.0
2026-08-18T05:35:51.498+00:00,1787031351.498013,191163.5789333,21.510323000024073,263,3,RUN,RUN,0.3326852060568617,0.4003880227521699,2.9912159856378895,717.0798778533936,0.2,0.6,0.2,0.6,0.23968793329481583,2.1574469627703228,-0.8337690228675667,-0.553574800491333,0.83279949426651,0.0,0.0,-0.553574800491333,0.83279949426651,0.0,0.15,8.0,-30.0,38,-22,apf_fsm,1,0.0,0.0
2026-08-18T05:35:51.702+00:00,1787031351.7025206,191163.7835445,21.714934200019343,264,2,RUN,RUN,0.5268558515908411,0.6008145511553413,-1.1344516144997068,173.25997352600098,0.6,0.2,0.6,0.2,0.4074338852677312,-1.39029380250089,-0.2558421880011832,0.17952395975589752,-0.9837536215782166,0.0,0.0,0.17952395975589752,-0.9837536215782166,0.0,0.9017445237051611,35.0,12.510287635336264,22,47,apf_fsm,1,0.0,0.0
2026-08-18T05:35:51.704+00:00,1787031351.7045257,191163.7850407,21.716430400003446,264,3,RUN,RUN,0.2862952096230672,0.4506264039811818,2.1251020818159603,175.26507377624512,0.2,0.6,0.2,0.6,0.17250894003350145,2.094667812902165,-0.030434268913795304,-0.5002361536026001,0.8658890128135681,0.0,0.0,-0.5002361536026001,0.8658890128135681,0.0,1.0,35.0,27.81237369924404,18.0,62,apf_fsm,1,0.0,0.0
2026-08-18T05:35:52.153+00:00,1787031352.153396,191164.2344233,22.165812999999616,265,2,RUN,RUN,0.5293437211885276,0.5971871205397365,-1.0739456178745677,418.5624122619629,0.6,0.2,0.6,0.2,0.40342275401634414,-1.3947463004801792,-0.32080068260561156,0.17514203488826752,-0.9845432043075562,0.0,0.0,0.17514203488826752,-0.9845432043075562,0.0,0.7641979825441387,35.0,-5.481554137211109,40,29,apf_fsm,1,0.0,0.0
2026-08-18T05:35:52.155+00:00,1787031352.1554017,191164.2360034,22.167393100011395,265,3,RUN,RUN,0.2827408478496265,0.46125618268359625,1.9604583686319677,420.56822776794434,0.2,0.6,0.2,0.6,0.1615422382734703,2.1085328976456688,0.1480745290137011,-0.5121933221817017,0.8588702082633972,0.0,0.0,-0.5121933221817017,0.8588702082633972,0.0,1.0,35.0,7.728553217599385,27,42,apf_fsm,1,0.0,0.0
2026-08-18T05:35:52.332+00:00,1787031352.3327677,191164.4136095,22.344999200024176,266,2,RUN,RUN,0.5326800999342601,0.594646370526367,-0.7822287206569216,147.80092239379883,0.6,0.2,0.6,0.2,0.400347007875038,-1.4018397514246916,-0.61961103076777,0.16815388202667236,-0.9857608079910278,0.0,0.0,0.16815388202667236,-0.9857608079910278,0.0,0.15,8.0,-34.14166861137415,42,-26,apf_fsm,1,0.0,0.0
2026-08-18T05:35:52.334+00:00,1787031352.3347733,191164.4152139,22.34660360001726,266,3,RUN,RUN,0.2808000201848404,0.4707779806061213,1.8530442589136447,149.80649948120117,0.2,0.6,0.2,0.6,0.15240398143783046,2.1295973847366394,0.27655312582299474,-0.5301700234413147,0.8478913903236389,0.0,0.0,-0.5301700234413147,0.8478913903236389,0.0,0.857890092057095,35.0,7.262282146555224,27,42,apf_fsm,1,0.0,0.0
2026-08-18T05:35:52.530+00:00,1787031352.5300817,191164.611018,22.54240770000615,267,2,RUN,RUN,0.5355197175550785,0.5931603905317467,-0.7365590250996921,160.7203483581543,0.6,0.2,0.6,0.2,0.3984128505799637,-1.408238458767804,-0.671679433668112,0.16184286773204803,-0.9868164658546448,0.0,0.0,0.16184286773204803,-0.9868164658546448,0.0,0.15,8.0,-30.0,38,-22,apf_fsm,1,0.0,0.0
2026-08-18T05:35:52.531+00:00,1787031352.5315914,191164.6123275,22.54371720002382,267,3,RUN,RUN,0.2743438341083054,0.49157803137156497,1.9026429384517274,162.2300148010254,0.2,0.6,0.2,0.6,0.13146227196876134,2.1718534336964415,0.2692104952447141,-0.5655146241188049,0.8247382640838623,0.0,0.0,-0.5655146241188049,0.8247382640838623,0.0,0.8734377651553692,35.0,2.4351128822073176,32,37,apf_fsm,1,0.0,0.0
2026-08-18T05:35:52.679+00:00,1787031352.6790533,191164.7598318,22.69122150001931,268,2,RUN,RUN,0.5478306764797707,0.5884167805140288,-0.5347447031662379,125.31399726867676,0.6,0.2,0.6,0.2,0.39190462322029523,-1.4372826100656968,-0.9025379068994589,0.1331174075603485,-0.9911003112792969,0.0,0.0,0.1331174075603485,-0.9911003112792969,0.0,0.15,8.0,-35.0,43,-27,apf_fsm,1,0.0,0.0
2026-08-18T05:35:52.680+00:00,1787031352.6800458,191164.7606568,22.69204650001484,268,3,RUN,RUN,0.2723145327179895,0.49692339518778494,1.9562325360122639,126.30653381347656,0.2,0.6,0.2,0.6,0.12591337538893446,2.1825692072335423,0.22633667122127843,-0.5743196606636047,0.8186310529708862,0.0,0.0,-0.5743196606636047,0.8186310529708862,0.0,0.964221060499284,35.0,0.7627828713925366,34,35,apf_fsm,1,0.0,0.0
2026-08-18T05:35:52.851+00:00,1787031352.8510592,191164.9320886,22.86347830001614,269,2,RUN,RUN,0.5552353148335516,0.585900065323598,-0.4617384296311631,130.02872467041016,0.6,0.2,0.6,0.2,0.3884877571491905,-1.4553117580918764,-0.9935733284607133,0.11522804945707321,-0.9933391213417053,0.0,0.0,0.11522804945707321,-0.9933391213417053,0.0,0.15,8.0,-30.0,38,-22,apf_fsm,1,0.0,0.0
2026-08-18T05:35:52.852+00:00,1787031352.852073,191164.9328262,22.86421590001555,269,3,RUN,RUN,0.26624065885543874,0.5072697303501552,2.0144085827610527,131.04248046875,0.2,0.6,0.2,0.6,0.11395932517760683,2.1910797574554466,0.17667117469439386,-0.5812658071517944,0.8137137293815613,0.0,0.0,-0.5812658071517944,0.8137137293815613,0.0,1.0,35.0,0.02841936850297877,34,35,apf_fsm,1,0.0,0.0
2026-08-18T05:35:53.022+00:00,1787031353.0225754,191165.1027742,23.034163900010753,270,2,RUN,RUN,0.559852700830445,0.5835561031702368,-0.4479612140563768,144.8824405670166,0.6,0.2,0.6,0.2,0.3856515135582214,-1.4665048395643676,-1.018543625507991,0.10410253703594208,-0.9945666193962097,0.0,0.0,0.10410253703594208,-0.9945666193962097,0.0,0.15,8.0,-30.0,38,-22,apf_fsm,1,0.0,0.0
2026-08-18T05:35:53.022+00:00,1787031353.0225754,191165.1037505,23.035140200023307,270,3,RUN,RUN,0.2587461532023283,0.5181143409936664,2.0751847458857293,145.89810371398926,0.2,0.6,0.2,0.6,0.10077882548915208,2.193116058304498,0.11793131241876864,-0.5829216241836548,0.8125284910202026,0.0,0.0,-0.5829216241836548,0.8125284910202026,0.0,1.0,35.0,-0.8765820554591963,35,34,apf_fsm,1,0.0,0.0
2026-08-18T05:35:53.182+00:00,1787031353.1825507,191165.2627438,23.194133500015596,271,2,RUN,RUN,0.5664009301890155,0.5798233113733121,-0.5014402846831413,129.20570373535156,0.6,0.2,0.6,0.2,0.38130649791834315,-1.4825662401986193,-0.981125955515478,0.08811565488576889,-0.996110200881958,0.0,0.0,0.08811565488576889,-0.996110200881958,0.0,0.15,8.0,-30.0,38,-22,apf_fsm,1,0.0,0.0
2026-08-18T05:35:53.184+00:00,1787031353.1841972,191165.264405,23.195794700004626,271,3,RUN,RUN,0.2515687906107098,0.5282095381628893,2.1247237418756075,130.83577156066895,0.2,0.6,0.2,0.6,0.08839236718086509,2.193714474551945,0.06899073267633726,-0.5834077000617981,0.812179446220398,0.0,0.0,-0.5834077000617981,0.812179446220398,0.0,1.0,35.0,-1.0230129642217256,36,33,apf_fsm,1,0.0,0.0
2026-08-18T05:35:53.345+00:00,1787031353.3451848,191165.4255183,23.35690800001612,272,2,RUN,RUN,0.570768963211489,0.5739012775787087,-0.7746869893371816,126.30486488342285,0.6,0.2,0.6,0.2,0.37504215614610825,-1.4927765302174756,-0.718089540880294,0.07794066518545151,-0.9969579577445984,0.0,0.0,0.07794066518545151,-0.9969579577445984,0.0,0.15,8.0,30.0,-22,38,apf_fsm,1,0.0,0.0
2026-08-18T05:35:53.345+00:00,1787031353.3451848,191165.4261543,23.357543999998597,272,3,RUN,RUN,0.23191636098204924,0.552547814719056,2.1931991786612146,126.30486488342285,0.2,0.6,0.2,0.6,0.057187096326649686,2.162895708765814,-0.03030346989540078,-0.5581042766571045,0.8297708630561829,0.0,0.0,-0.5581042766571045,0.8297708630561829,0.0,1.0,26.68731161910319,-3.7783317889648393,30,22,apf_fsm,1,0.0,0.0
2026-08-18T05:35:53.503+00:00,1787031353.5035512,191165.5841214,23.515511100005824,273,2,RUN,RUN,0.5738514417094457,0.5648728118203176,-1.172997806659205,130.55109977722168,0.6,0.2,0.6,0.2,0.3658085782295699,-1.4992537809880728,-0.32625597432886777,0.07148153334856033,-0.9974419474601746,0.0,0.0,0.07148153334856033,-0.9974419474601746,0.0,0.7526466602401412,35.0,10.45161508601124,24,45,apf_fsm,1,0.0,0.0
2026-08-18T05:35:53.504+00:00,1787031353.5045516,191165.5855431,23.516932800004724,273,3,RUN,RUN,0.22475970008021073,0.5623144003270523,2.202942222252141,131.55150413513184,0.2,0.6,0.2,0.6,0.04509154212013228,2.1520816117559445,-0.05086061049619639,-0.549098551273346,0.8357575535774231,0.0,0.0,-0.549098551273346,0.8357575535774231,0.0,1.0,21.04271965606173,-1.2281060259898102,22,19,apf_fsm,1,0.0,0.0
2026-08-18T05:35:53.651+00:00,1787031353.6511796,191165.7316794,23.663069100002758,274,2,RUN,RUN,0.5741949580775094,0.5602061950596972,-1.3629290954857798,122.05147743225098,0.6,0.2,0.6,0.2,0.3611293440694152,-1.4992788670279187,-0.1363497715421389,0.07145650684833527,-0.997443675994873,0.0,0.0,0.07145650684833527,-0.997443675994873,0.0,1.0,35.0,5.2832193821141225,29,40,apf_fsm,1,0.0,0.0
2026-08-18T05:35:53.653+00:00,1787031353.6531873,191165.7337013,23.665091000002576,274,3,RUN,RUN,0.22249111353105977,0.566044384178281,2.1870033980789,124.05920028686523,0.2,0.6,0.2,0.6,0.04072878630280056,2.155817033356918,-0.031186364721981885,-0.552216649055481,0.8337006568908691,0.0,0.0,-0.552216649055481,0.8337006568908691,0.0,1.0,19.00676694130693,0.3767349548776888,18,19,apf_fsm,1,0.0,0.0
2026-08-18T05:35:53.810+00:00,1787031353.811977,191165.8921326,23.823522300022887,275,2,RUN,RUN,0.5741190816941873,0.5583399176159043,-1.46224683944421,122.35784530639648,0.6,0.2,0.6,0.2,0.3592733200354922,-1.4986970284777446,-0.036450189033534475,0.07203684747219086,-0.9974019527435303,0.0,0.0,0.07203684747219086,-0.9974019527435303,0.0,1.0,35.0,3.13198349746581,31,38,apf_fsm,1,0.0,0.0
2026-08-18T05:35:53.812+00:00,1787031353.8129826,191165.8940184,23.825408100005006,275,3,RUN,RUN,0.2183939900324853,0.5733671846452273,2.1348558790911065,124.37176704406738,0.2,0.6,0.2,0.6,0.03236735582398698,2.1752204118641165,0.04036453277301,-0.568288266658783,0.8228294849395752,0.0,0.0,-0.568288266658783,0.8228294849395752,0.0,1.0,18,2.907926740054816,18.0,20,apf_fsm,1,0.0,0.0
2026-08-18T05:35:53.991+00:00,1787031353.991342,191166.0718893,24.003278999996837,276,2,RUN,RUN,0.5736516197306349,0.5542489798178993,-1.569594615258658,140.20895957946777,0.6,0.2,0.6,0.2,0.35522750012469684,-1.496554885372446,0.07303972988621199,0.07417326420545578,-0.9972454309463501,0.0,0.0,0.07417326420545578,-0.9972454309463501,0.0,1.0,35.0,4.562544461053246,30,39,apf_fsm,1,0.0,0.0
2026-08-18T05:35:54.146+00:00,1787031354.146598,191166.2276046,24.158994299999904,277,2,RUN,RUN,0.5734937724751892,0.5525107449526846,-1.5907081308559705,125.27680397033691,0.6,0.2,0.6,0.2,0.3535058774683862,-1.495744880142529,0.09496325071344147,0.07498101145029068,-0.9971849918365479,0.0,0.0,0.07498101145029068,-0.9971849918365479,0.0,1.0,35.0,1.7169557360874466,33,36,apf_fsm,1,0.0,0.0
2026-08-18T05:35:54.300+00:00,1787031354.3000507,191166.3803242,24.311713900009636,278,2,RUN,RUN,0.573312051398531,0.5443602583054179,-1.5907081308559705,124.31788444519043,0.6,0.2,0.6,0.2,0.3453928692094392,-1.4934508522921386,0.09725727856383193,0.07726837694644928,-0.9970102906227112,0.0,0.0,0.07726837694644928,-0.9970102906227112,0.0,1.0,35.0,1.0528637604019853,33,36,apf_fsm,1,0.0,0.0
2026-08-18T05:35:54.452+00:00,1787031354.4528246,191166.5332091,24.464598799997475,279,2,RUN,RUN,0.573027637075145,0.5396057632232872,-1.5907081308559705,125.20408630371094,0.6,0.2,0.6,0.2,0.3406751866165505,-1.4915401174683203,0.09916801338765024,0.0791732594370842,-0.9968608617782593,0.0,0.0,0.0791732594370842,-0.9968608617782593,0.0,1.0,35.0,1.0585558527101435,33,36,apf_fsm,1,0.0,0.0
2026-08-18T05:35:54.602+00:00,1787031354.6024988,191166.6833018,24.614691499999026,280,2,RUN,RUN,0.5727367820042462,0.5343091965790163,-1.5907081308559705,121.99211120605469,0.6,0.2,0.6,0.2,0.3354190244646111,-1.48942548326847,0.10128264758750061,0.08128107339143753,-0.9966911673545837,0.0,0.0,0.08128107339143753,-0.9966911673545837,0.0,1.0,35.0,1.0868386728697688,33,36,apf_fsm,1,0.0,0.0
2026-08-18T05:35:54.760+00:00,1787031354.7606936,191166.8409677,24.77235740001197,281,2,RUN,RUN,0.5722607859040821,0.521655827557596,-1.5907081308559705,123.44574928283691,0.6,0.2,0.6,0.2,0.3228497102374743,-1.4847703681064226,0.10593776274954791,0.08591989427804947,-0.99630206823349,0.0,0.0,0.08591989427804947,-0.99630206823349,0.0,1.0,35.0,1.222306658167135,33,36,apf_fsm,1,0.0,0.0
2026-08-18T05:35:54.941+00:00,1787031354.941205,191167.0218362,24.953225900011603,282,2,RUN,RUN,0.5718518057975812,0.515427623128724,-1.5907081308559705,148.99659156799316,0.6,0.2,0.6,0.2,0.3166810797466332,-1.4817938816684177,0.10891424918755277,0.08888498693704605,-0.9960418939590454,0.0,0.0,0.08888498693704605,-0.9960418939590454,0.0,1.0,35.0,1.1933195172056976,33,36,apf_fsm,1,0.0,0.0
2026-08-18T05:35:55.245+00:00,1787031355.2462409,191167.3262298,25.257619500014698,283,2,RUN,RUN,0.570828602390173,0.5018816048004188,-1.6072928270977085,278.89418601989746,0.6,0.2,0.6,0.2,0.30328777383103794,-1.4744635134738875,0.132829313623821,0.0961838886141777,-0.9953635931015015,0.0,0.0,0.0961838886141777,-0.9953635931015015,0.0,1.0,35.0,2.1653203915075983,32,37,apf_fsm,1,0.0,0.0
2026-08-18T05:35:55.492+00:00,1787031355.4936924,191167.5737593,25.505149000004167,284,2,RUN,RUN,0.5702099609593224,0.4950916628747509,-1.6072928270977085,222.67460823059082,0.6,0.2,0.6,0.2,0.2965915304323958,-1.4701853768591593,0.1371074502385492,0.10044129937887192,-0.9949430227279663,0.0,0.0,0.10044129937887192,-0.9949430227279663,0.0,1.0,35.0,1.520809283900979,33,36,apf_fsm,1,0.0,0.0
2026-08-18T05:35:55.649+00:00,1787031355.649149,191167.7301792,25.6615689000173,285,2,RUN,RUN,0.5697217844515858,0.48035640243816646,-1.6072928270977085,131.35981559753418,0.6,0.2,0.6,0.2,0.2819866711829965,-1.4632142873777678,0.14407853971994067,0.1073746308684349,-0.9942185878753662,0.0,0.0,0.1073746308684349,-0.9942185878753662,0.0,1.0,35.0,1.684773529048108,33,36,apf_fsm,1,0.0,0.0
2026-08-18T05:35:55.820+00:00,1787031355.8205109,191167.9011698,25.832559500006028,286,2,RUN,RUN,0.568157249357556,0.4572210678344792,-1.6072928270977085,134.25707817077637,0.6,0.2,0.6,0.2,0.2591845645604433,-1.4476277094767116,0.1596651176209969,0.12285742908716202,-0.9924243092536926,0.0,0.0,0.12285742908716202,-0.9924243092536926,0.0,1.0,35.0,2.1421814027469366,32,37,apf_fsm,1,0.0,0.0
2026-08-18T05:35:56.017+00:00,1787031356.0172515,191168.0975527,26.02894240000751,287,2,RUN,RUN,0.5675449248278823,0.4441194202124401,-1.6268463020686774,167.62614250183105,0.6,0.2,0.6,0.2,0.24626738157800296,-1.438623867212177,0.18822243485650048,0.1317879557609558,-0.9912778735160828,0.0,0.0,0.1317879557609558,-0.9912778735160828,0.0,1.0,35.0,2.8817304518076305,32,37,apf_fsm,1,0.0,0.0
2026-08-18T05:35:56.169+00:00,1787031356.1699185,191168.2507238,26.182113500020932,288,2,RUN,RUN,0.5671744860652403,0.4382439704670801,-1.635967573898444,124.28522109985352,0.6,0.2,0.6,0.2,0.24049470644694038,-1.433877288570407,0.20209028532803708,0.13649164140224457,-0.9906412363052368,0.0,0.0,0.13649164140224457,-0.9906412363052368,0.0,1.0,35.0,2.506277619784152,32,37,apf_fsm,1,0.0,0.0
2026-08-18T05:35:56.323+00:00,1787031356.323686,191168.4039656,26.335355300019728,289,2,RUN,RUN,0.5668056455761238,0.43206881858880225,-1.635967573898444,124.01628494262695,0.6,0.2,0.6,0.2,0.23443080370723535,-1.4287233175293403,0.2072442563691037,0.14159554243087769,-0.9899246096611023,0.0,0.0,0.14159554243087769,-0.9899246096611023,0.0,1.0,35.0,2.252831550128369,32,37,apf_fsm,1,0.0,0.0
2026-08-18T05:35:56.480+00:00,1787031356.4805336,191168.5615253,26.492915000009816,290,2,RUN,RUN,0.5662862307117521,0.4279565529182344,-1.635967573898444,124.39465522766113,0.6,0.2,0.6,0.2,0.23043612619983225,-1.4239651123963948,0.21200246150204927,0.146304190158844,-0.9892396926879883,0.0,0.0,0.146304190158844,-0.9892396926879883,0.0,0.994573071874595,35.0,2.2865617946735872,32,37,apf_fsm,1,0.0,0.0
2026-08-18T05:35:56.635+00:00,1787031356.6359391,191168.7164843,26.6478740000166,291,2,RUN,RUN,0.5643816389119389,0.40575230548196317,-1.635967573898444,126.10554695129395,0.6,0.2,0.6,0.2,0.20881254478058206,-1.3993823455396706,0.2365852283587735,0.17057578265666962,-0.9853445887565613,0.0,0.0,0.17057578265666962,-0.9853445887565613,0.0,0.942520225300781,35.0,3.2262491235730826,31,38,apf_fsm,1,0.0,0.0
2026-08-18T05:35:56.807+00:00,1787031356.8075955,191168.8878932,26.819282900018152,292,2,RUN,RUN,0.5636275515347545,0.3962764129293006,-1.635967573898444,131.9887638092041,0.6,0.2,0.6,0.2,0.19961809857763463,-1.3875625267840468,0.24840504711439726,0.18221017718315125,-0.9832595586776733,0.0,0.0,0.18221017718315125,-0.9832595586776733,0.0,0.9174923179133552,35.0,2.8977441275908045,32,37,apf_fsm,1,0.0,0.0
2026-08-18T05:35:56.982+00:00,1787031356.9829566,191169.0636506,26.99504030001117,293,2,RUN,RUN,0.5633741063245099,0.38999075052680965,-1.6275414493613332,137.41421699523926,0.6,0.2,0.6,0.2,0.19348886627728407,-1.3803552781077486,0.24718617125358455,0.18929199874401093,-0.9819208979606628,0.0,0.0,0.18929199874401093,-0.9819208979606628,0.0,0.9200732299215596,35.0,2.4292010574074006,32,37,apf_fsm,1,0.0,0.0
2026-08-18T05:35:57.138+00:00,1787031357.1388505,191169.2197749,27.151164600014454,294,2,RUN,RUN,0.562578662800578,0.37930558430425876,-1.6275414493613332,122.58267402648926,0.6,0.2,0.6,0.2,0.18316890849837067,-1.3650481378780064,0.2624933114833268,0.20429962873458862,-0.9789084196090698,0.0,0.0,0.20429962873458862,-0.9789084196090698,0.0,0.8876610841892869,35.0,3.1606830228742453,31,38,apf_fsm,1,0.0,0.0
2026-08-18T05:35:57.310+00:00,1787031357.3102713,191169.3909423,27.322332000010647,295,2,RUN,RUN,0.5620865549142553,0.36547162761874047,-1.6275414493613332,136.19422912597656,0.6,0.2,0.6,0.2,0.1697595030184316,-1.345560530070645,0.28198091929068814,0.22333621978759766,-0.974741518497467,0.0,0.0,0.22333621978759766,-0.974741518497467,0.0,0.8463969960091652,35.0,3.5018754661645293,31,38,apf_fsm,1,0.0,0.0
2026-08-18T05:35:57.462+00:00,1787031357.462965,191169.5430355,27.47442520002369,296,2,RUN,RUN,0.5617231060646172,0.34976067971295166,-1.6275414493613332,119.52853202819824,0.6,0.2,0.6,0.2,0.1545748420585505,-1.3205662042918085,0.30697524506952467,0.2476269155740738,-0.9688554406166077,0.0,0.0,0.2476269155740738,-0.9688554406166077,0.0,0.7934726928758168,35.0,3.9445538529545257,31,38,apf_fsm,1,0.0,0.0
2026-08-18T05:35:57.627+00:00,1787031357.6270008,191169.7071603,27.638550000003306,297,2,RUN,RUN,0.5614383014699944,0.342833848578229,-1.6275414493613332,128.43751907348633,0.6,0.2,0.6,0.2,0.14794766944155452,-1.3071069460244904,0.32043450333684276,0.26064416766166687,-0.9654349088668823,0.0,0.0,0.26064416766166687,-0.9654349088668823,0.0,0.7649733498332167,35.0,3.6754190727245604,31,38,apf_fsm,1,0.0,0.0
2026-08-18T05:35:57.790+00:00,1787031357.790277,191169.8704161,27.801805800001603,298,2,RUN,RUN,0.5607581654741505,0.33072455526459765,-1.6275414493613332,130.601167678833,0.6,0.2,0.6,0.2,0.1364874753451063,-1.2791678028988116,0.34837364646252156,0.2875123620033264,-0.9577769041061401,0.0,0.0,0.2875123620033264,-0.9577769041061401,0.0,0.7058135351955497,35.0,4.461606474023974,30,39,apf_fsm,1,0.0,0.0
2026-08-18T05:35:57.984+00:00,1787031357.984539,191170.0650294,27.99641910000355,299,2,RUN,RUN,0.5601764903251722,0.3245707831124996,-1.6373244837505354,152.95028686523438,0.6,0.2,0.6,0.2,0.1307814663019287,-1.26137842231504,0.37594606143549547,0.30450424551963806,-0.9525110125541687,0.0,0.0,0.30450424551963806,-0.9525110125541687,0.0,0.6474302500827447,35.0,4.724495138409042,30,39,apf_fsm,1,0.0,0.0
2026-08-18T05:35:58.154+00:00,1787031358.1543489,191170.2351674,28.166557100019418,300,2,RUN,RUN,0.5583060442607795,0.3104578541697423,-1.6451063840462712,135.72263717651367,0.6,0.2,0.6,0.2,0.1180649122007387,-1.2098664594402329,0.43523992460603833,0.3531443476676941,-0.9355688691139221,0.0,0.0,0.3531443476676941,-0.9355688691139221,0.0,0.5218782981656337,28.753907211118356,6.4276844570293825,22,35,apf_fsm,1,0.0,0.0
2026-08-18T05:35:58.365+00:00,1787031358.365258,191170.4463725,28.377762200019788,301,2,RUN,RUN,0.5571373589152239,0.3035484562270515,-1.6451063840462712,173.94733428955078,0.6,0.2,0.6,0.2,0.11206912504239487,-1.1783324588268052,0.46677392521946603,0.3824661076068878,-0.9239695072174072,0.0,0.0,0.3824661076068878,-0.9239695072174072,0.0,0.455106542758438,23.801582955736794,6.5487275136245175,18.0,30,apf_fsm,1,0.0,0.0
2026-08-18T05:35:58.518+00:00,1787031358.5180256,191170.5986109,28.530000600003405,302,2,RUN,RUN,0.5563686510770369,0.2943417964178498,-1.6451063840462712,128.13591957092285,0.6,0.2,0.6,0.2,0.1039426243664473,-1.1376113039955889,0.5074950800506823,0.4197637438774109,-0.907633364200592,0.0,0.0,0.4197637438774109,-0.907633364200592,0.0,0.3688814226532928,17.89316813695222,9.057078695185684,18.0,26,apf_fsm,1,0.0,0.0
2026-08-18T05:35:58.676+00:00,1787031358.6768322,191170.7576594,28.68904910000856,303,2,RUN,RUN,0.5553993458471836,0.27765303471553227,-1.6368247102445652,126.9679069519043,0.6,0.2,0.6,0.2,0.0895500538882629,-1.0494445619569441,0.5873801482876211,0.49805277585983276,-0.8671467304229736,0.0,0.0,0.49805277585983276,-0.8671467304229736,0.0,0.19972856753687968,8.346661860111462,16.479639633522357,-18.0,24,apf_fsm,1,0.0,0.0
2026-08-18T05:35:58.843+00:00,1787031358.8436444,191170.9242334,28.855623100011144,304,2,RUN,RUN,0.5552594771575757,0.27389591826670007,-1.6267717153505985,125.25367736816406,0.6,0.2,0.6,0.2,0.08638472735786286,-1.026376698697565,0.6003950166530334,0.5179216861724854,-0.8554279804229736,0.0,0.0,0.5179216861724854,-0.8554279804229736,0.0,0.17217019910131504,6.94067533064083,12.812291401437912,-18.0,19,apf_fsm,1,0.0,0.0
2026-08-18T05:35:59.085+00:00,1787031359.0858426,191171.1660523,29.09744199999841,305,2,RUN,RUN,0.5551611566461572,0.27117297295512666,-1.6142746396187002,208.1897258758545,0.6,0.2,0.6,0.2,0.08411964070644645,-1.0086109122556197,0.6056637273630805,0.5330365300178528,-0.8460922241210938,0.0,0.0,0.5330365300178528,-0.8460922241210938,0.0,0.16101395327144927,6.320736752362139,12.587920764623435,-18.0,18,apf_fsm,1,0.0,0.0
2026-08-18T05:35:59.268+00:00,1787031359.2681057,191171.3482682,29.279657900013262,306,2,RUN,RUN,0.5552532098877854,0.2668172941671402,-1.6011220544820097,152.82630920410156,0.6,0.2,0.6,0.2,0.08041657804933464,-0.980704423021194,0.6204176314608157,0.5564373731613159,-0.8308895230293274,0.0,0.0,0.5564373731613159,-0.8308895230293274,0.0,0.15,5.629160463453425,30.0,-24,35,apf_fsm,1,0.0,0.0
2026-08-18T05:35:59.440+00:00,1787031359.4404085,191171.5211172,29.452506900008302,307,2,RUN,RUN,0.5553696078778145,0.25970270207867197,-1.5684679006986768,139.74380493164062,0.6,0.2,0.6,0.2,0.07454048924225473,-0.9288689481498211,0.6395989525488557,0.59874027967453,-0.8009432554244995,0.0,0.0,0.59874027967453,-0.8009432554244995,0.0,0.15,5.217834246957832,30.0,-24,35,apf_fsm,1,0.0,0.0
2026-08-18T05:35:59.600+00:00,1787031359.6006205,191171.6811882,29.61257789999945,308,2,RUN,RUN,0.5554040481789261,0.25761564362756006,-1.5418156915260286,130.82194328308105,0.6,0.2,0.6,0.2,0.07285850197091308,-0.9120956386735791,0.6297200528524495,0.6120898723602295,-0.7907881736755371,0.0,0.0,0.6120898723602295,-0.7907881736755371,0.0,0.15,5.1000951379639154,30.0,-24,35,apf_fsm,1,0.0,0.0
2026-08-18T05:35:59.766+00:00,1787031359.7667177,191171.8474659,29.77885560001596,309,2,RUN,RUN,0.5554040481789261,0.25761564362756006,-1.5209254586055798,127.56896018981934,0.6,0.2,0.6,0.2,0.07285850197091308,-0.9120956386735791,0.6088298199320007,0.6120898723602295,-0.7907881736755371,0.0,0.0,0.6120898723602295,-0.7907881736755371,0.0,0.15430990194602184,5.246634537697297,10.912870851621435,-18.0,18.0,apf_fsm,1,0.0,0.0
2026-08-18T05:35:59.927+00:00,1787031359.9275255,191172.0084135,29.939803200017195,310,2,RUN,RUN,0.556478633985797,0.25167224007713024,-1.4592653815369059,133.25214385986328,0.6,0.2,0.6,0.2,0.06755834289213143,-0.8708139930663079,0.588451388470598,0.6442041993141174,-0.7648535966873169,0.0,0.0,0.6442041993141174,-0.7648535966873169,0.0,0.1974602670964454,6.225374601634308,9.864811613206253,-18.0,18.0,apf_fsm,1,0.0,0.0
2026-08-18T05:36:00.101+00:00,1787031360.1013243,191172.181864,30.11325370002305,311,2,RUN,RUN,0.556478633985797,0.25167224007713024,-1.4326347694760577,133.6650848388672,0.6,0.2,0.6,0.2,0.06755834289213143,-0.8708139930663079,0.5618207764097498,0.6442041993141174,-0.7648535966873169,0.0,0.0,0.6442041993141174,-0.7648535966873169,0.0,0.25384932907019625,8.003165340922186,8.146623155899553,0,18.0,apf_fsm,1,0.0,0.0
2026-08-18T05:36:00.262+00:00,1787031360.262669,191172.3428564,30.27424610001617,312,2,RUN,RUN,0.5584748233900824,0.24692839762717783,-1.3381277233473672,125.23555755615234,0.6,0.2,0.6,0.2,0.06266270658325698,-0.8464077400686892,0.49171998327867794,0.6626777052879333,-0.7489047646522522,0.0,0.0,0.6626777052879333,-0.7489047646522522,0.0,0.4022844442393517,11.763841643110247,3.185889330733228,18.0,18.0,apf_fsm,1,0.0,0.0
2026-08-18T05:36:00.424+00:00,1787031360.4246423,191172.5053569,30.436746599996695,313,2,RUN,RUN,0.5593405448431397,0.24527567785355522,-1.2827112264108669,130.3691864013672,0.6,0.2,0.6,0.2,0.06085292350209351,-0.8390641293067566,0.4436470971041103,0.6681594252586365,-0.7440181374549866,0.0,0.0,0.6681594252586365,-0.7440181374549866,0.0,0.5040765078825343,14.314780280909872,2.753919954931237,18.0,18.0,apf_fsm,1,0.0,0.0
2026-08-18T05:36:00.595+00:00,1787031360.5953853,191172.6759497,30.60733940001228,314,2,RUN,RUN,0.5593405448431397,0.24527567785355522,-1.250027699207657,129.4271945953369,0.6,0.2,0.6,0.2,0.06085292350209351,-0.8390641293067566,0.41096356990090055,0.6681594252586365,-0.7440181374549866,0.0,0.0,0.6681594252586365,-0.7440181374549866,0.0,0.573282331495282,16.280089403005963,2.965712246896663,18.0,19,apf_fsm,1,0.0,0.0
2026-08-18T05:36:00.743+00:00,1787031360.7434294,191172.8233939,30.7547836000158,315,2,RUN,RUN,0.5593405448431397,0.24527567785355522,-1.2244475896914708,120.32246589660645,0.6,0.2,0.6,0.2,0.06085292350209351,-0.8390641293067566,0.38538346038471427,0.6681594252586365,-0.7440181374549866,0.0,0.0,0.6681594252586365,-0.7440181374549866,0.0,0.6274470039972785,17.818259450069935,2.958530770780623,18.0,20,apf_fsm,1,0.0,0.0
2026-08-18T05:36:00.917+00:00,1787031360.9179437,191172.9985657,30.929955400002655,316,2,RUN,RUN,0.5593405448431397,0.24527567785355522,-1.205229878817865,140.90538024902344,0.6,0.2,0.6,0.2,0.06085292350209351,-0.8390641293067566,0.3661657495111085,0.6681594252586365,-0.7440181374549866,0.0,0.0,0.6681594252586365,-0.7440181374549866,0.0,0.6681395981805934,18.97384899984147,2.9890376145348814,18.0,21,apf_fsm,1,0.0,0.0
2026-08-18T05:36:01.071+00:00,1787031361.071368,191173.1513343,31.082724000007147,317,2,RUN,RUN,0.5593405448431397,0.24527567785355522,-1.205229878817865,122.53332138061523,0.6,0.2,0.6,0.2,0.06085292350209351,-0.8390641293067566,0.3661657495111085,0.6681594252586365,-0.7440181374549866,0.0,0.0,0.6681594252586365,-0.7440181374549866,0.0,0.6681395981805934,18.97384899984147,3.6616574951110845,18.0,22,apf_fsm,1,0.0,0.0
2026-08-18T05:36:01.246+00:00,1787031361.2468357,191173.3272757,31.258665400004247,318,2,RUN,RUN,0.5593405448431397,0.24527567785355522,-1.205229878817865,141.17074012756348,0.6,0.2,0.6,0.2,0.06085292350209351,-0.8390641293067566,0.3661657495111085,0.6681594252586365,-0.7440181374549866,0.0,0.0,0.6681594252586365,-0.7440181374549866,0.0,0.6681395981805934,18.97384899984147,3.6616574951110845,18.0,22,apf_fsm,1,0.0,0.0
2026-08-18T05:36:01.425+00:00,1787031361.4257765,191173.5060093,31.43739900001674,319,2,RUN,RUN,0.5593405448431397,0.24527567785355522,-1.19604391667174,143.40829849243164,0.6,0.2,0.6,0.2,0.06085292350209351,-0.8390641293067566,0.3569797873649835,0.6681594252586365,-0.7440181374549866,0.0,0.0,0.6681594252586365,-0.7440181374549866,0.0,0.6875904387231548,19.526214571915826,3.24828919853546,18.0,22,apf_fsm,1,0.0,0.0
2026-08-18T05:36:01.597+00:00,1787031361.5979354,191173.6779133,31.60930300000473,320,2,RUN,RUN,0.5593405448431397,0.24527567785355522,-1.1872454951541578,141.01433753967285,0.6,0.2,0.6,0.2,0.06085292350209351,-0.8390641293067566,0.3481813658474012,0.6681594252586365,-0.7440181374549866,0.0,0.0,0.6681594252586365,-0.7440181374549866,0.0,0.7062206803072578,0.0,38.0,-38,38,apf_fsm,1,0.0,0.0
2026-08-18T05:36:01.764+00:00,1787031361.7644126,191173.8442554,31.775645100016845,321,2,RUN,RUN,0.5593405448431397,0.24527567785355522,-1.1761533595281264,136.89851760864258,0.6,0.2,0.6,0.2,0.06085292350209351,-0.8390641293067566,0.33708923022136983,0.6681594252586365,-0.7440181374549866,0.0,0.0,0.6681594252586365,-0.7440181374549866,0.0,0.7297077530718038,0.0,38.0,-38,38,apf_fsm,1,0.0,0.0
2026-08-18T05:36:01.924+00:00,1787031361.9247022,191174.004885,31.93627470001229,322,2,RUN,RUN,0.5593405448431397,0.24527567785355522,-1.1664265168486612,129.1193962097168,0.6,0.2,0.6,0.2,0.06085292350209351,-0.8390641293067566,0.3273623875419046,0.6681594252586365,-0.7440181374549866,0.0,0.0,0.6681594252586365,-0.7440181374549866,0.0,0.7503038825714957,0.0,38.0,-38,38,apf_fsm,1,0.0,0.0
2026-08-18T05:36:02.083+00:00,1787031362.083421,191174.1639627,32.09535240000696,323,2,RUN,RUN,0.5593405448431397,0.24527567785355522,-1.1664265168486612,131.8190097808838,0.6,0.2,0.6,0.2,0.06085292350209351,-0.8390641293067566,0.3273623875419046,0.6681594252586365,-0.7440181374549866,0.0,0.0,0.6681594252586365,-0.7440181374549866,0.0,0.7503038825714957,21.307152892408592,3.2736238754190463,18,24,apf_fsm,1,0.0,0.0
2026-08-18T05:36:02.246+00:00,1787031362.2460053,191174.326609,32.257998700020835,324,2,RUN,RUN,0.5603487651374017,0.24364824350543715,-1.1173127696386047,125.80180168151855,0.6,0.2,0.6,0.2,0.05896939534401605,-0.833344999264683,0.28396777037392174,0.6724036335945129,-0.7401847243309021,0.0,0.0,0.6724036335945129,-0.7401847243309021,0.0,0.8421899327764809,23.176267846968415,1.3208661028598165,21,24,apf_fsm,1,0.0,0.0
2026-08-18T05:36:02.404+00:00,1787031362.404722,191174.4848503,32.41624000002048,325,2,RUN,RUN,0.5603487651374017,0.24364824350543715,-1.007509119565158,124.07469749450684,0.6,0.2,0.6,0.2,0.05896939534401605,-0.833344999264683,0.174164120300475,0.6724036335945129,-0.7401847243309021,0.0,0.0,0.6724036335945129,-0.7401847243309021,0.0,1.0,27.519051160540823,-2.1014865495658848,29,25,apf_fsm,1,0.0,0.0
2026-08-18T05:36:02.560+00:00,1787031362.560573,191174.6405844,32.57197410002118,326,2,RUN,RUN,0.5603487651374017,0.24364824350543715,-0.742335292640071,124.99141693115234,0.6,0.2,0.6,0.2,0.05896939534401605,-0.833344999264683,-0.09100970662461194,0.6724036335945129,-0.7401847243309021,0.0,0.0,0.6724036335945129,-0.7401847243309021,0.0,1.0,27.519051160540823,-10.191181008624163,37,18.0,apf_fsm,1,0.0,0.0
2026-08-18T05:36:02.714+00:00,1787031362.7149782,191174.7955378,32.726927500014426,327,2,RUN,RUN,0.5603487651374017,0.24364824350543715,-0.5113834593084489,123.61478805541992,0.6,0.2,0.6,0.2,0.05896939534401605,-0.833344999264683,-0.3219615399562341,0.6724036335945129,-0.7401847243309021,0.0,0.0,0.6724036335945129,-0.7401847243309021,0.0,0.7617399219882127,20.96235988422,-11.302929566169118,32,18.0,apf_fsm,1,0.0,0.0
2026-08-18T05:36:02.865+00:00,1787031362.865924,191174.946216,32.87760570002138,328,2,RUN,RUN,0.5603487651374017,0.24364824350543715,-0.43897169046631607,123.1393814086914,0.6,0.2,0.6,0.2,0.05896939534401605,-0.833344999264683,-0.3943733087983669,0.6724036335945129,-0.7401847243309021,0.0,0.0,0.6724036335945129,-0.7401847243309021,0.0,0.6084114250111928,16.74290513154056,-6.478144997458317,23,18.0,apf_fsm,1,0.0,0.0
2026-08-18T05:36:03.260+00:00,1787031363.2601812,191175.340424,33.271813700004714,329,2,RUN,RUN,0.5646678582854221,0.2428321115693538,-0.40119536134367095,362.78390884399414,0.6,0.2,0.6,0.2,0.0555243191730307,-0.8810566653689077,-0.47986130402523675,0.6363363862037659,-0.7714117169380188,0.0,0.0,0.6363363862037659,-0.7714117169380188,0.0,0.42739463689362567,11.074371574804177,-9.487631127918032,20,1,apf_fsm,1,0.0,0.0
2026-08-18T05:36:03.438+00:00,1787031363.4380143,191175.5184899,33.449879599997075,330,2,RUN,RUN,0.5706408843331947,0.24030179734417867,-0.4270335846961585,137.9225254058838,0.6,0.2,0.6,0.2,0.049861734244890606,-0.9412098470243906,-0.5141762623282321,0.5888105630874634,-0.808271050453186,0.0,0.0,0.5888105630874634,-0.808271050453186,0.0,0.35473433505929175,8.25424559972338,-9.106953312908535,18.0,0,apf_fsm,1,0.0,0.0
2026-08-18T05:36:03.583+00:00,1787031363.5846555,191175.6643571,33.59574680001242,331,2,RUN,RUN,0.5768463131587793,0.23618567171163213,-0.475704249398635,117.25115776062012,0.6,0.2,0.6,0.2,0.04295923709242667,-1.0015839358617957,-0.5258796864631607,0.5389688014984131,-0.842325747013092,0.0,0.0,0.5389688014984131,-0.842325747013092,0.0,0.32995288777818244,6.614778023183768,-8.560110386240803,18.0,-1,apf_fsm,1,0.0,0.0
2026-08-18T05:36:03.742+00:00,1787031363.7426357,191175.8229205,33.75431020001997,332,2,RUN,RUN,0.5793163419581706,0.234303452947942,-0.5022845779763103,121.94156646728516,0.6,0.2,0.6,0.2,0.040056717216254784,-1.0282021930926626,-0.5259176151163523,0.516359269618988,-0.856372058391571,0.0,0.0,0.516359269618988,-0.856372058391571,0.0,0.32987257564827305,6.166352490732228,-7.945371466381705,18.0,-1,apf_fsm,1,0.0,0.0
2026-08-18T05:36:03.908+00:00,1787031363.9081676,191175.9885997,33.9199894000194,333,2,RUN,RUN,0.583022092863093,0.231804451900854,-0.5495005852558733,131.03938102722168,0.6,0.2,0.6,0.2,0.03605235764084189,-1.0804588859153967,-0.5309583006595234,0.4709235727787018,-0.8821739554405212,0.0,0.0,0.4709235727787018,-0.8821739554405212,0.0,0.3191991623284961,5.37034510083124,-8.461630984150245,18.0,-18.0,apf_fsm,1,0.0,0.0
2026-08-18T05:36:04.078+00:00,1787031364.0788727,191176.1593069,34.09069660000387,334,2,RUN,RUN,0.583022092863093,0.231804451900854,-0.5827194380070919,132.37285614013672,0.6,0.2,0.6,0.2,0.03605235764084189,-1.0804588859153967,-0.4977394479083048,0.4709235727787018,-0.8821739554405212,0.0,0.0,0.4709235727787018,-0.8821739554405212,0.0,0.3895385124795685,6.553764824504312,-5.0788784188916,18.0,1,apf_fsm,1,0.0,0.0
2026-08-18T05:36:04.246+00:00,1787031364.2462626,191176.3261814,34.25757110002451,335,2,RUN,RUN,0.583022092863093,0.231804451900854,-0.6026815743126184,128.51786613464355,0.6,0.2,0.6,0.2,0.03605235764084189,-1.0804588859153967,-0.47777731160277837,0.4709235727787018,-0.8821739554405212,0.0,0.0,0.4709235727787018,-0.8821739554405212,0.0,0.43180739231938625,7.264914785266989,-4.9135914047964375,18.0,18.0,apf_fsm,1,0.0,0.0
2026-08-18T05:36:04.404+00:00,1787031364.4044483,191176.4851628,34.416552500013495,336,2,RUN,RUN,0.583022092863093,0.231804451900854,-0.6026815743126184,130.51199913024902,0.6,0.2,0.6,0.2,0.03605235764084189,-1.0804588859153967,-0.47777731160277837,0.4709235727787018,-0.8821739554405212,0.0,0.0,0.4709235727787018,-0.8821739554405212,0.0,0.43180739231938625,7.264914785266989,-5.755199539092582,18.0,1,apf_fsm,1,0.0,0.0
2026-08-18T05:36:04.577+00:00,1787031364.5774918,191176.6576853,34.58907499999623,337,2,RUN,RUN,0.5845031507251333,0.23079575576631844,-0.6026815743126184,132.34734535217285,0.6,0.2,0.6,0.2,0.03447507665932988,-1.1045809682703973,-0.5018993939577789,0.44950875639915466,-0.8932758569717407,0.0,0.0,0.44950875639915466,-0.8932758569717407,0.0,0.380730023397332,6.12532514679469,-7.961201912029234,18.0,-1,apf_fsm,1,0.0,0.0
2026-08-18T05:36:04.739+00:00,1787031364.7394726,191176.8199689,34.75135860001319,338,2,RUN,RUN,0.5845031507251333,0.23079575576631844,-0.6116185702575567,124.8784065246582,0.6,0.2,0.6,0.2,0.03447507665932988,-1.1045809682703973,-0.4929623980128406,0.44950875639915466,-0.8932758569717407,0.0,0.0,0.44950875639915466,-0.8932758569717407,0.0,0.39965368977972004,6.4297760764252825,-6.006674424002995,18.0,0,apf_fsm,1,0.0,0.0
2026-08-18T05:36:04.896+00:00,1787031364.8961263,191176.9764103,34.90780000001541,339,2,RUN,RUN,0.5845031507251333,0.23079575576631844,-0.6286459282869834,125.89240074157715,0.6,0.2,0.6,0.2,0.03447507665932988,-1.1045809682703973,-0.4759350399834139,0.44950875639915466,-0.8932758569717407,0.0,0.0,0.44950875639915466,-0.8932758569717407,0.0,0.4357083153728806,7.009836201007517,-4.9664074927040796,18.0,18.0,apf_fsm,1,0.0,0.0
2026-08-18T05:36:05.084+00:00,1787031365.0840557,191177.1641554,35.09554510001908,340,2,RUN,RUN,0.5845031507251333,0.23079575576631844,-0.6286459282869834,144.6359157562256,0.6,0.2,0.6,0.2,0.03447507665932988,-1.1045809682703973,-0.4759350399834139,0.44950875639915466,-0.8932758569717407,0.0,0.0,0.44950875639915466,-0.8932758569717407,0.0,0.4357083153728806,7.009836201007517,-5.677310364642413,18.0,1,apf_fsm,1,0.0,0.0
2026-08-18T05:36:05.250+00:00,1787031365.2500353,191177.3299654,35.26135509999585,341,2,RUN,RUN,0.5845031507251333,0.23079575576631844,-0.6286459282869834,125.10824203491211,0.6,0.2,0.6,0.2,0.03447507665932988,-1.1045809682703973,-0.4759350399834139,0.44950875639915466,-0.8932758569717407,0.0,0.0,0.44950875639915466,-0.8932758569717407,0.0,0.4357083153728806,7.009836201007517,-5.677310364642413,18.0,1,apf_fsm,1,0.0,0.0
2026-08-18T05:36:05.411+00:00,1787031365.4114995,191177.491337,35.422726700024214,342,2,RUN,RUN,0.5845031507251333,0.23079575576631844,-0.6286459282869834,125.71978569030762,0.6,0.2,0.6,0.2,0.03447507665932988,-1.1045809682703973,-0.4759350399834139,0.44950875639915466,-0.8932758569717407,0.0,0.0,0.44950875639915466,-0.8932758569717407,0.0,0.4357083153728806,0.0,-38.0,38,-38,apf_fsm,1,0.0,0.0
2026-08-18T05:36:05.556+00:00,1787031365.5568206,191177.6371429,35.56853260000935,343,2,RUN,RUN,0.5845031507251333,0.23079575576631844,-0.6286459282869834,119.30966377258301,0.6,0.2,0.6,0.2,0.03447507665932988,-1.1045809682703973,-0.4759350399834139,0.44950875639915466,-0.8932758569717407,0.0,0.0,0.44950875639915466,-0.8932758569717407,0.0,0.4357083153728806,0.0,-38.0,38,-38,apf_fsm,1,0.0,0.0
2026-08-18T05:36:05.715+00:00,1787031365.7158976,191177.7962258,35.72761550001451,344,2,RUN,RUN,0.5845031507251333,0.23079575576631844,-0.6286459282869834,123.33059310913086,0.6,0.2,0.6,0.2,0.03447507665932988,-1.1045809682703973,-0.4759350399834139,0.44950875639915466,-0.8932758569717407,0.0,0.0,0.44950875639915466,-0.8932758569717407,0.0,0.4357083153728806,0.0,-38.0,38,-38,apf_fsm,1,0.0,0.0
2026-08-18T05:36:05.867+00:00,1787031365.8676503,191177.9481263,35.87951600001543,345,2,RUN,RUN,0.5845031507251333,0.23079575576631844,-0.6597370032473339,117.80333518981934,0.6,0.2,0.6,0.2,0.03447507665932988,-1.1045809682703973,-0.44484396502306345,0.44950875639915466,-0.8932758569717407,0.0,0.0,0.44950875639915466,-0.8932758569717407,0.0,0.5015421966507071,8.068995982796853,-3.360252026618368,18.0,18.0,apf_fsm,1,0.0,0.0
2026-08-18T05:36:06.040+00:00,1787031366.0405269,191178.120215,36.05160470001283,346,2,RUN,RUN,0.5845031507251333,0.23079575576631844,-0.7274623146275533,137.95924186706543,0.6,0.2,0.6,0.2,0.03447507665932988,-1.1045809682703973,-0.377118653642844,0.44950875639915466,-0.8932758569717407,0.0,0.0,0.44950875639915466,-0.8932758569717407,0.0,0.644947341522512,10.376150885435818,-1.400800638120761,18.0,18.0,apf_fsm,1,0.0,0.0
2026-08-18T05:36:06.207+00:00,1787031366.207785,191178.2882614,36.21965110002202,347,2,RUN,RUN,0.5869268597042745,0.2251896990117185,-1.0440417713102152,136.33060455322266,0.6,0.2,0.6,0.2,0.02838006225315042,-1.0920743351362754,-0.04803256382606014,0.46064522862434387,-0.887584388256073,0.0,0.0,0.46064522862434387,-0.887584388256073,0.0,1.0,13.244029051470196,11.037687505326833,18.0,24,apf_fsm,1,0.0,0.0
2026-08-18T05:36:06.360+00:00,1787031366.3608944,191178.4409877,36.37237740002456,348,2,RUN,RUN,0.5869268597042745,0.2251896990117185,-1.0891420152818052,128.86714935302734,0.6,0.2,0.6,0.2,0.02838006225315042,-1.0920743351362754,-0.002932319854470178,0.46064522862434387,-0.887584388256073,0.0,0.0,0.46064522862434387,-0.887584388256073,0.0,1.0,13.244029051470196,1.5491853404609468,18.0,18.0,apf_fsm,1,0.0,0.0
2026-08-18T05:36:06.516+00:00,1787031366.5165548,191178.5962976,36.527687299996614,349,2,RUN,RUN,0.5871707735447758,0.22321710049738608,-1.2466262662884529,122.13516235351562,0.6,0.2,0.6,0.2,0.02652588937142635,-1.0659770921513458,0.18064917413710702,0.48364922404289246,-0.8752619028091431,0.0,0.0,0.48364922404289246,-0.8752619028091431,0.0,1.0,12.378748373332296,8.231844031076273,18.0,20,apf_fsm,1,0.0,0.0
2026-08-18T05:36:06.674+00:00,1787031366.6740448,191178.7544256,36.68581530000665,350,2,RUN,RUN,0.5871150598737513,0.22131731470096758,-1.28976267996527,123.95119667053223,0.6,0.2,0.6,0.2,0.02490882550657698,-1.0271218549999062,0.2626408249653638,0.5172841548919678,-0.85581374168396,0.0,0.0,0.5172841548919678,-0.85581374168396,0.0,0.8873487313653434,10.314646866095504,5.496116028642625,18.0,18.0,apf_fsm,1,0.0,0.0
2026-08-18T05:36:06.839+00:00,1787031366.8391232,191178.9195471,36.85093680000864,351,2,RUN,RUN,0.5871150598737513,0.22131731470096758,-1.3728979573471995,130.73182106018066,0.6,0.2,0.6,0.2,0.02490882550657698,-1.0271218549999062,0.3457761023472934,0.5172841548919678,-0.85581374168396,0.0,0.0,0.5172841548919678,-0.85581374168396,0.0,0.7113137120506094,8.268394929155281,6.367495731840471,1,18.0,apf_fsm,1,0.0,0.0
2026-08-18T05:36:07.060+00:00,1787031367.060022,191179.1396882,37.07107790000737,352,2,RUN,RUN,0.586670659595139,0.21756358110316762,-1.5025724069675805,183.3515167236328,0.6,0.2,0.6,0.2,0.022048825292885932,-0.9216112884742635,0.580961118493317,0.6045374274253845,-0.796576738357544,0.0,0.0,0.6045374274253845,-0.796576738357544,0.0,0.21332055964187968,2.1949516170980807,26.11695942461129,-23,28,apf_fsm,1,0.0,0.0
2026-08-18T05:36:07.248+00:00,1787031367.2484546,191179.3282297,37.25961940002162,353,2,RUN,RUN,0.586670659595139,0.21756358110316762,-1.5278861997478652,155.35902976989746,0.6,0.2,0.6,0.2,0.022048825292885932,-0.9216112884742635,0.6062749112736017,0.6045374274253845,-0.796576738357544,0.0,0.0,0.6045374274253845,-0.796576738357544,0.0,0.15971980023700189,1.6434291865788047,14.042279456353844,-18.0,18.0,apf_fsm,1,0.0,0.0
2026-08-18T05:36:07.423+00:00,1787031367.4238665,191179.5038105,37.435200200008694,354,2,RUN,RUN,0.5862363557385178,0.2158551102996242,-1.567490588011119,143.8291072845459,0.6,0.2,0.6,0.2,0.02099577162120695,-0.8558940779531583,0.7115965100579607,0.6555436253547668,-0.7551573514938354,0.0,0.0,0.6555436253547668,-0.7551573514938354,0.0,0.15,1.4697040134844865,30.0,-28,31,apf_fsm,1,0.0,0.0
2026-08-18T05:36:07.575+00:00,1787031367.575803,191179.6560848,37.58747450000374,355,2,RUN,RUN,0.5862363557385178,0.2158551102996242,-1.5869176738169688,120.86367607116699,0.6,0.2,0.6,0.2,0.02099577162120695,-0.8558940779531583,0.7310235958638105,0.6555436253547668,-0.7551573514938354,0.0,0.0,0.6555436253547668,-0.7551573514938354,0.0,0.15,1.4697040134844865,30.0,-28,31,apf_fsm,1,0.0,0.0
2026-08-18T05:36:07.741+00:00,1787031367.7416563,191179.8220286,37.7534183000098,356,2,RUN,RUN,0.5862363557385178,0.2158551102996242,-1.6021062046440273,129.81057167053223,0.6,0.2,0.6,0.2,0.02099577162120695,-0.8558940779531583,0.746212126690869,0.6555436253547668,-0.7551573514938354,0.0,0.0,0.6555436253547668,-0.7551573514938354,0.0,0.15,1.4697040134844865,30.0,-28,31,apf_fsm,1,0.0,0.0
2026-08-18T05:36:07.897+00:00,1787031367.8978002,191179.9774093,37.90879899999709,357,2,RUN,RUN,0.5862363557385178,0.2158551102996242,-1.6021062046440273,124.82547760009766,0.6,0.2,0.6,0.2,0.02099577162120695,-0.8558940779531583,0.746212126690869,0.6555436253547668,-0.7551573514938354,0.0,0.0,0.6555436253547668,-0.7551573514938354,0.0,0.15,1.4697040134844865,30.0,-28,31,apf_fsm,1,0.0,0.0
2026-08-18T05:36:08.083+00:00,1787031368.083499,191180.1638162,38.09520589999738,358,2,RUN,RUN,0.5862363557385178,0.2158551102996242,-1.5934286443869294,149.2016315460205,0.6,0.2,0.6,0.2,0.02099577162120695,-0.8558940779531583,0.7375345664337711,0.6555436253547668,-0.7551573514938354,0.0,0.0,0.6555436253547668,-0.7551573514938354,0.0,0.15,1.4697040134844865,30.0,-28,31,apf_fsm,1,0.0,0.0
2026-08-18T05:36:08.240+00:00,1787031368.240656,191180.3209845,38.25237420000485,359,2,RUN,RUN,0.5862363557385178,0.2158551102996242,-1.5211561843481016,124.27425384521484,0.6,0.2,0.6,0.2,0.02099577162120695,-0.8558940779531583,0.6652621063949433,0.6555436253547668,-0.7551573514938354,0.0,0.0,0.6555436253547668,-0.7551573514938354,0.0,0.15,1.4697040134844865,30.0,-28,31,apf_fsm,1,0.0,0.0
2026-08-18T05:36:08.388+00:00,1787031368.38889,191180.4685368,38.39992650001659,360,2,RUN,RUN,0.5862363557385178,0.2158551102996242,-1.4577735334972266,116.1959171295166,0.6,0.2,0.6,0.2,0.02099577162120695,-0.8558940779531583,0.6018794555440683,0.6555436253547668,-0.7551573514938354,0.0,0.0,0.6555436253547668,-0.7551573514938354,0.0,0.16902696993213362,1.6561307739758562,7.573893249156585,-18.0,18.0,apf_fsm,1,0.0,0.0
2026-08-18T05:36:08.552+00:00,1787031368.5520127,191180.6319083,38.56329800002277,361,2,RUN,RUN,0.5865499061588434,0.21773889533598828,-1.395927635664075,124.97687339782715,0.6,0.2,0.6,0.2,0.022261478658819243,-0.9220512967411816,0.4738763389228935,0.6041868925094604,-0.7968426942825317,0.0,0.0,0.6041868925094604,-0.7968426942825317,0.0,0.44006751753548434,4.5717250366926825,0.30515969173147145,18.0,18.0,apf_fsm,1,0.0,0.0
2026-08-18T05:36:08.708+00:00,1787031368.7083087,191180.7883799,38.71976960002212,362,2,RUN,RUN,0.5870429009885937,0.22397481592619528,-1.2619739660392677,125.63443183898926,0.6,0.2,0.6,0.2,0.02725212310052801,-1.0753176153396198,0.18665635069964792,0.47545284032821655,-0.8797411918640137,0.0,0.0,0.47545284032821655,-0.8797411918640137,0.0,1.0,12.717657446913071,-8.186136080817114,20,18.0,apf_fsm,1,0.0,0.0
2026-08-18T05:36:08.863+00:00,1787031368.8638854,191180.9438192,38.87520890001906,363,2,RUN,RUN,0.5870429009885937,0.22397481592619528,-1.2102087462138784,125.04148483276367,0.6,0.2,0.6,0.2,0.02725212310052801,-1.0753176153396198,0.13489113087425864,0.47545284032821655,-0.8797411918640137,0.0,0.0,0.47545284032821655,-0.8797411918640137,0.0,1.0,12.717657446913071,-0.46287138514603865,18.0,18.0,apf_fsm,1,0.0,0.0
2026-08-18T05:36:09.043+00:00,1787031369.0438273,191181.1238322,39.05522190002375,364,2,RUN,RUN,0.5870256384275861,0.22587008900233502,-1.1536213815651788,137.1915340423584,0.6,0.2,0.6,0.2,0.028941243290509535,-1.1059336300248275,0.04768775154035132,0.4483000636100769,-0.8938831090927124,0.0,0.0,0.4483000636100769,-0.8938831090927124,0.0,1.0,13.505913535571116,-2.575240761283243,18.0,18.0,apf_fsm,1,0.0,0.0
2026-08-18T05:36:09.202+00:00,1787031369.2022877,191181.2823025,39.21369220002089,365,2,RUN,RUN,0.5870256384275861,0.22587008900233502,-1.1263586439756186,125.37050247192383,0.6,0.2,0.6,0.2,0.028941243290509535,-1.1059336300248275,0.020425013950791104,0.4483000636100769,-0.8938831090927124,0.0,0.0,0.4483000636100769,-0.8938831090927124,0.0,1.0,13.505913535571116,-0.7499456761266965,18.0,18.0,apf_fsm,1,0.0,0.0
2026-08-18T05:36:09.371+00:00,1787031369.371938,191181.451726,39.38311570000951,366,2,RUN,RUN,0.5870256384275861,0.22587008900233502,-1.1085945790670426,132.28797912597656,0.6,0.2,0.6,0.2,0.028941243290509535,-1.1059336300248275,0.002660949042215144,0.4483000636100769,-0.8938831090927124,0.0,0.0,0.4483000636100769,-0.8938831090927124,0.0,1.0,13.505913535571116,-0.5951327813780072,18.0,18.0,apf_fsm,1,0.0,0.0
2026-08-18T05:36:09.528+00:00,1787031369.5298758,191181.6094052,39.54079490000731,367,2,RUN,RUN,0.587021306793502,0.22764344425269092,-1.1085945790670426,119.36521530151367,0.6,0.2,0.6,0.2,0.03053860650881157,-1.1318421814151267,-0.023247602348084095,0.42499297857284546,-0.9051966071128845,0.0,0.0,0.42499297857284546,-0.9051966071128845,0.0,1.0,18,-1.1392753221413143,19,18.0,apf_fsm,1,0.0,0.0
2026-08-18T05:36:09.686+00:00,1787031369.6865134,191181.7667551,39.69814480000059,368,2,RUN,RUN,0.587021306793502,0.22764344425269092,-1.1085945790670426,126.01184844970703,0.6,0.2,0.6,0.2,0.03053860650881157,-1.1318421814151267,-0.023247602348084095,0.42499297857284546,-0.9051966071128845,0.0,0.0,0.42499297857284546,-0.9051966071128845,0.0,1.0,18,-0.23247602348084095,18,18.0,apf_fsm,1,0.0,0.0
2026-08-18T05:36:09.840+00:00,1787031369.8407483,191181.9212129,39.85260260000359,369,2,RUN,RUN,0.587021306793502,0.22764344425269092,-1.1085945790670426,123.98576736450195,0.6,0.2,0.6,0.2,0.03053860650881157,-1.1318421814151267,-0.023247602348084095,0.42499297857284546,-0.9051966071128845,0.0,0.0,0.42499297857284546,-0.9051966071128845,0.0,1.0,35.0,-0.23247602348084095,35,34,apf_fsm,1,0.0,0.0
2026-08-18T05:36:10.018+00:00,1787031370.0187054,191182.0989948,40.030384500016226,370,2,RUN,RUN,0.587021306793502,0.22764344425269092,-1.089385022750765,147.74775505065918,0.6,0.2,0.6,0.2,0.03053860650881157,-1.1318421814151267,-0.042457158664361616,0.42499297857284546,-0.9051966071128845,0.0,0.0,0.42499297857284546,-0.9051966071128845,0.0,1.0,35.0,-1.0969060577133294,36,33,apf_fsm,1,0.0,0.0
2026-08-18T05:36:10.175+00:00,1787031370.1750994,191182.2552434,40.186633100005565,371,2,RUN,RUN,0.587021306793502,0.22764344425269092,-1.080014497603441,119.9183464050293,0.6,0.2,0.6,0.2,0.03053860650881157,-1.1318421814151267,-0.05182768381168579,0.42499297857284546,-0.9051966071128845,0.0,0.0,0.42499297857284546,-0.9051966071128845,0.0,1.0,35.0,-0.8462452182732039,35,34,apf_fsm,1,0.0,0.0
2026-08-18T05:36:10.326+00:00,1787031370.3263822,191182.4067701,40.33815980001236,372,2,RUN,RUN,0.587021306793502,0.22764344425269092,-1.080014497603441,121.30045890808105,0.6,0.2,0.6,0.2,0.03053860650881157,-1.1318421814151267,-0.05182768381168579,0.42499297857284546,-0.9051966071128845,0.0,0.0,0.42499297857284546,-0.9051966071128845,0.0,1.0,18,-0.5182768381168579,18,18.0,apf_fsm,1,0.0,0.0
2026-08-18T05:36:10.485+00:00,1787031370.4858506,191182.5653627,40.49675240000943,373,2,RUN,RUN,0.587021306793502,0.22764344425269092,-1.080014497603441,125.11610984802246,0.6,0.2,0.6,0.2,0.03053860650881157,-1.1318421814151267,-0.05182768381168579,0.42499297857284546,-0.9051966071128845,0.0,0.0,0.42499297857284546,-0.9051966071128845,0.0,1.0,18,-0.5182768381168579,18,18.0,apf_fsm,1,0.0,0.0
2026-08-18T05:36:10.641+00:00,1787031370.6410062,191182.720884,40.65227370001958,374,2,RUN,RUN,0.5919886413660502,0.21996235330753947,-1.1094848229211827,124.76706504821777,0.6,0.2,0.6,0.2,0.021509937627450074,-1.1891496429009665,-0.07966481997978381,0.37244918942451477,-0.9280526041984558,0.0,0.0,0.37244918942451477,-0.9280526041984558,0.0,1.0,10.037970892810035,-1.7709479656812688,18.0,18.0,apf_fsm,1,0.0,0.0
