wall_time_iso,t_wall,t_perf,session_elapsed_s,stage,robot_id,seq,left_cmd,right_cmd,requested_delay_ms,actual_delay_ms,scheduled_perf,sent_perf,ack_perf,rtt_ms,esp_rx_ms,duplicate,ack_requested,success,error
2026-08-18T05:35:30.172+00:00,1787031330.172835,191142.2547792,0.1861689000215847,send_error,1,587,0,0,0.0,0.0,191142.2547728,,,,,,,0,robot_not_discovered
2026-08-18T05:35:30.286+00:00,1787031330.2861276,191142.3679009,0.29929059999994934,sent,2,588,-35,35,0.0,0.0,191142.3676857,191142.3677927,,,,,0,1,
2026-08-18T05:35:30.287+00:00,1787031330.2871287,191142.3684015,0.2997911999991629,sent,3,589,-35,35,0.0,0.0,191142.3682647,191142.368336,,,,,0,1,
2026-08-18T05:35:30.287+00:00,1787031330.2871287,191142.3684337,0.29982340001151897,send_error,10,590,0,0,0.0,0.0,191142.3684313,,,,,,,0,robot_not_discovered
2026-08-18T05:35:30.445+00:00,1787031330.4456651,191142.5270118,0.45840150001458824,send_error,1,591,0,0,0.0,0.0,191142.5269887,,,,,,,0,robot_not_discovered
2026-08-18T05:35:30.457+00:00,1787031330.4572163,191142.5383406,0.46973030001390725,sent,2,592,-35,35,0.0,0.0,191142.5378957,191142.5380883,,,,,0,1,
2026-08-18T05:35:30.457+00:00,1787031330.4572163,191142.5390844,0.4704741000023205,sent,3,593,-35,35,0.0,0.0,191142.5388342,191142.5389488,,,,,0,1,
2026-08-18T05:35:30.457+00:00,1787031330.4572163,191142.5391264,0.47051610000198707,send_error,10,594,0,0,0.0,0.0,191142.5391235,,,,,,,0,robot_not_discovered
2026-08-18T05:35:30.598+00:00,1787031330.5980988,191142.6798297,0.6112194000161253,send_error,1,595,0,0,0.0,0.0,191142.679812,,,,,,,0,robot_not_discovered
2026-08-18T05:35:30.604+00:00,1787031330.6046116,191142.6866849,0.6180746000027284,sent,2,596,-35,35,0.0,0.0,191142.6863623,191142.6864848,,,,,0,1,
2026-08-18T05:35:30.605+00:00,1787031330.6056128,191142.6875288,0.6189184999966528,sent,3,597,-35,35,0.0,0.0,191142.6871679,191142.6872871,,,,,0,1,
2026-08-18T05:35:30.605+00:00,1787031330.6056128,191142.6875627,0.6189524000219535,send_error,10,598,0,0,0.0,0.0,191142.6875601,,,,,,,0,robot_not_discovered
2026-08-18T05:35:30.758+00:00,1787031330.7581367,191142.8395514,0.77094109999598,send_error,1,599,0,0,0.0,0.0,191142.8395397,,,,,,,0,robot_not_discovered
2026-08-18T05:35:30.763+00:00,1787031330.7636452,191142.8453034,0.7766931000223849,sent,2,600,-35,35,0.0,0.0,191142.844689,191142.8449726,,,,,0,1,
2026-08-18T05:35:30.764+00:00,1787031330.7649083,191142.8463745,0.7777642000000924,sent,3,601,-35,35,0.0,0.0,191142.8460708,191142.8461738,,,,,0,1,
2026-08-18T05:35:30.764+00:00,1787031330.7649083,191142.846424,0.77781369999866,send_error,10,602,0,0,0.0,0.0,191142.8464207,,,,,,,0,robot_not_discovered
2026-08-18T05:35:30.916+00:00,1787031330.9167213,191142.9981611,0.9295508000068367,send_error,1,603,0,0,0.0,0.0,191142.9981499,,,,,,,0,robot_not_discovered
2026-08-18T05:35:30.922+00:00,1787031330.9220786,191143.0032028,0.9345925000088755,sent,2,604,-35,35,0.0,0.0,191143.0024929,191143.0026965,,,,,0,1,
2026-08-18T05:35:30.922+00:00,1787031330.9220786,191143.0039986,0.9353883000148926,sent,3,605,-35,35,0.0,0.0,191143.0038121,191143.0038923,,,,,0,1,
2026-08-18T05:35:30.922+00:00,1787031330.9220786,191143.0040314,0.9354211000027135,send_error,10,606,0,0,0.0,0.0,191143.0040283,,,,,,,0,robot_not_discovered
2026-08-18T05:35:31.075+00:00,1787031331.0756261,191143.1569464,1.088336100016022,send_error,1,607,0,0,0.0,0.0,191143.1569215,,,,,,,0,robot_not_discovered
2026-08-18T05:35:31.082+00:00,1787031331.0821385,191143.1637251,1.095114800002193,sent,2,608,-35,35,0.0,0.0,191143.1634296,191143.1635876,,,,,0,1,
2026-08-18T05:35:31.083+00:00,1787031331.0831432,191143.1642643,1.0956540000042878,sent,3,609,-26,26,0.0,0.0,191143.1641005,191143.1641811,,,,,0,1,
2026-08-18T05:35:31.083+00:00,1787031331.0831432,191143.1642974,1.095687100023497,send_error,10,610,0,0,0.0,0.0,191143.1642949,,,,,,,0,robot_not_discovered
2026-08-18T05:35:31.220+00:00,1787031331.2206237,191143.3018365,1.233226200012723,send_error,1,611,0,0,0.0,0.0,191143.3018242,,,,,,,0,robot_not_discovered
2026-08-18T05:35:31.224+00:00,1787031331.2241642,191143.3058436,1.237233300023945,sent,2,612,-35,35,0.0,0.0,191143.3055122,191143.3056214,,,,,0,1,
2026-08-18T05:35:31.225+00:00,1787031331.2251492,191143.3067694,1.2381591000012122,sent,3,613,-26,26,0.0,0.0,191143.3064393,191143.3066009,,,,,0,1,
2026-08-18T05:35:31.225+00:00,1787031331.2251492,191143.3068058,1.2381955000164453,send_error,10,614,0,0,0.0,0.0,191143.3068032,,,,,,,0,robot_not_discovered
2026-08-18T05:35:31.373+00:00,1787031331.3739758,191143.4552912,1.3866809000028297,send_error,1,615,0,0,0.0,0.0,191143.4552801,,,,,,,0,robot_not_discovered
2026-08-18T05:35:31.378+00:00,1787031331.3789845,191143.4611003,1.3924899999983609,sent,2,616,-35,35,0.0,0.0,191143.460668,191143.4608426,,,,,0,1,
2026-08-18T05:35:31.380+00:00,1787031331.3804877,191143.4618325,1.3932222000148613,sent,3,617,-26,26,0.0,0.0,191143.4616293,191143.461722,,,,,0,1,
2026-08-18T05:35:31.380+00:00,1787031331.3804877,191143.4618699,1.393259600008605,send_error,10,618,0,0,0.0,0.0,191143.4618672,,,,,,,0,robot_not_discovered
2026-08-18T05:35:31.531+00:00,1787031331.531137,191143.6127316,1.5441213000158314,send_error,1,619,0,0,0.0,0.0,191143.6127139,,,,,,,0,robot_not_discovered
2026-08-18T05:35:31.537+00:00,1787031331.5371327,191143.6186055,1.5499952000100166,sent,2,620,-35,35,0.0,0.0,191143.6183445,191143.6184549,,,,,0,1,
2026-08-18T05:35:31.538+00:00,1787031331.538761,191143.620016,1.551405700010946,sent,3,621,-26,26,0.0,0.0,191143.6197419,191143.6198725,,,,,0,1,
2026-08-18T05:35:31.538+00:00,1787031331.538761,191143.6200728,1.5514625000068918,send_error,10,622,0,0,0.0,0.0,191143.6200685,,,,,,,0,robot_not_discovered
2026-08-18T05:35:31.699+00:00,1787031331.6992073,191143.780431,1.7118207000021357,send_error,1,623,0,0,0.0,0.0,191143.780416,,,,,,,0,robot_not_discovered
2026-08-18T05:35:31.704+00:00,1787031331.704729,191143.7859465,1.7173362000030465,sent,2,624,-35,35,0.0,0.0,191143.785271,191143.785736,,,,,0,1,
2026-08-18T05:35:31.705+00:00,1787031331.7057207,191143.7867981,1.718187799997395,sent,3,625,-26,26,0.0,0.0,191143.786578,191143.7866843,,,,,0,1,
2026-08-18T05:35:31.705+00:00,1787031331.7057207,191143.7868417,1.7182314000092447,send_error,10,626,0,0,0.0,0.0,191143.786839,,,,,,,0,robot_not_discovered
2026-08-18T05:35:31.878+00:00,1787031331.8780582,191143.9593081,1.8906978000013623,send_error,1,627,0,0,0.0,0.0,191143.9592877,,,,,,,0,robot_not_discovered
2026-08-18T05:35:31.883+00:00,1787031331.8831873,191143.9648225,1.896212200023001,sent,2,628,-35,35,0.0,0.0,191143.9645536,191143.964692,,,,,0,1,
2026-08-18T05:35:31.884+00:00,1787031331.8841863,191143.9655519,1.896941600018181,sent,3,629,-26,26,0.0,0.0,191143.9653557,191143.9654503,,,,,0,1,
2026-08-18T05:35:31.884+00:00,1787031331.8841863,191143.9655887,1.896978400007356,send_error,10,630,0,0,0.0,0.0,191143.9655847,,,,,,,0,robot_not_discovered
2026-08-18T05:35:32.140+00:00,1787031332.1405077,191144.2223444,2.1537341000221204,send_error,1,631,0,0,0.0,0.0,191144.2223023,,,,,,,0,robot_not_discovered
2026-08-18T05:35:32.163+00:00,1787031332.1634843,191144.2451364,2.1765260999964084,sent,2,632,-26,26,0.0,0.0,191144.2446189,191144.2448323,,,,,0,1,
2026-08-18T05:35:32.164+00:00,1787031332.1649919,191144.2465488,2.1779385000118054,sent,3,633,-26,26,0.0,0.0,191144.2459127,191144.2460389,,,,,0,1,
2026-08-18T05:35:32.164+00:00,1787031332.1649919,191144.2466458,2.1780355000228155,send_error,10,634,0,0,0.0,0.0,191144.2466429,,,,,,,0,robot_not_discovered
2026-08-18T05:35:32.303+00:00,1787031332.3036165,191144.3849641,2.3163538000080734,send_error,1,635,0,0,0.0,0.0,191144.3849422,,,,,,,0,robot_not_discovered
2026-08-18T05:35:32.313+00:00,1787031332.3131604,191144.3950692,2.3264589000027627,sent,2,636,-26,26,0.0,0.0,191144.3943082,191144.3947266,,,,,0,1,
2026-08-18T05:35:32.314+00:00,1787031332.3141565,191144.3957253,2.3271150000218768,sent,3,637,-26,26,0.0,0.0,191144.3955766,191144.3956469,,,,,0,1,
2026-08-18T05:35:32.314+00:00,1787031332.3141565,191144.3957576,2.3271473000058904,send_error,10,638,0,0,0.0,0.0,191144.3957554,,,,,,,0,robot_not_discovered
2026-08-18T05:35:32.464+00:00,1787031332.4645824,191144.5462389,2.4776285999978427,send_error,1,639,0,0,0.0,0.0,191144.5462285,,,,,,,0,robot_not_discovered
2026-08-18T05:35:32.471+00:00,1787031332.4717166,191144.553153,2.484542699996382,sent,2,640,-32,32,0.0,0.0,191144.5521344,191144.5523642,,,,,0,1,
2026-08-18T05:35:32.472+00:00,1787031332.4727142,191144.553902,2.4852917000243906,sent,3,641,-26,26,0.0,0.0,191144.553694,191144.5537913,,,,,0,1,
2026-08-18T05:35:32.472+00:00,1787031332.4727142,191144.5539427,2.4853324000141583,send_error,10,642,0,0,0.0,0.0,191144.5539396,,,,,,,0,robot_not_discovered
2026-08-18T05:35:32.626+00:00,1787031332.626,191144.7071267,2.6385164000093937,send_error,1,643,0,0,0.0,0.0,191144.7071165,,,,,,,0,robot_not_discovered
2026-08-18T05:35:32.631+00:00,1787031332.6315196,191144.7129511,2.6443408000050113,sent,2,644,-26,26,0.0,0.0,191144.712407,191144.7125163,,,,,0,1,
2026-08-18T05:35:32.632+00:00,1787031332.6325214,191144.7143706,2.6457603000162635,sent,3,645,-26,26,0.0,0.0,191144.7136374,191144.7137494,,,,,0,1,
2026-08-18T05:35:32.632+00:00,1787031332.6325214,191144.7144033,2.645793000003323,send_error,10,646,0,0,0.0,0.0,191144.7144009,,,,,,,0,robot_not_discovered
2026-08-18T05:35:32.788+00:00,1787031332.78818,191144.8701667,2.801556400023401,send_error,1,647,0,0,0.0,0.0,191144.8701515,,,,,,,0,robot_not_discovered
2026-08-18T05:35:32.794+00:00,1787031332.7946985,191144.8768105,2.8082002000010107,sent,2,648,-26,26,0.0,0.0,191144.8762497,191144.8764264,,,,,0,1,
2026-08-18T05:35:32.796+00:00,1787031332.796102,191144.8776696,2.809059300023364,sent,3,649,-26,26,0.0,0.0,191144.8773359,191144.8774789,,,,,0,1,
2026-08-18T05:35:32.796+00:00,1787031332.796102,191144.8776992,2.8090889000159223,send_error,10,650,0,0,0.0,0.0,191144.8776968,,,,,,,0,robot_not_discovered
2026-08-18T05:35:32.958+00:00,1787031332.9587708,191145.0406006,2.9719903000222985,send_error,1,651,0,0,0.0,0.0,191145.0405877,,,,,,,0,robot_not_discovered
2026-08-18T05:35:32.965+00:00,1787031332.965631,191145.0467166,2.9781062999973074,sent,2,652,26,-26,0.0,0.0,191145.0462758,191145.0463875,,,,,0,1,
2026-08-18T05:35:32.965+00:00,1787031332.965631,191145.0473953,2.978785000013886,sent,3,653,-26,26,0.0,0.0,191145.0471977,191145.0472834,,,,,0,1,
2026-08-18T05:35:32.965+00:00,1787031332.965631,191145.0474269,2.9788166000216734,send_error,10,654,0,0,0.0,0.0,191145.0474243,,,,,,,0,robot_not_discovered
2026-08-18T05:35:33.112+00:00,1787031333.112982,191145.1946319,3.1260216000082437,send_error,1,655,0,0,0.0,0.0,191145.1946138,,,,,,,0,robot_not_discovered
2026-08-18T05:35:33.117+00:00,1787031333.117982,191145.1997966,3.1311863000155427,sent,2,656,31,-31,0.0,0.0,191145.1994813,191145.1996273,,,,,0,1,
2026-08-18T05:35:33.118+00:00,1787031333.1189816,191145.2003627,3.1317524000187404,sent,3,657,-26,26,0.0,0.0,191145.2001875,191145.2002554,,,,,0,1,
2026-08-18T05:35:33.118+00:00,1787031333.1189816,191145.2003975,3.1317872000217903,send_error,10,658,0,0,0.0,0.0,191145.2003947,,,,,,,0,robot_not_discovered
2026-08-18T05:35:33.274+00:00,1787031333.2744548,191145.356054,3.2874437000136822,send_error,1,659,0,0,0.0,0.0,191145.3560019,,,,,,,0,robot_not_discovered
2026-08-18T05:35:33.279+00:00,1787031333.2794526,191145.3611707,3.2925604000047315,sent,2,660,36,33,0.0,0.0,191145.3609192,191145.3609967,,,,,0,1,
2026-08-18T05:35:33.281+00:00,1787031333.2818153,191145.3630362,3.2944259000068996,sent,3,661,-26,26,0.0,0.0,191145.3624651,191145.3626202,,,,,0,1,
2026-08-18T05:35:33.281+00:00,1787031333.2818153,191145.3631304,3.294520099996589,send_error,10,662,0,0,0.0,0.0,191145.3631253,,,,,,,0,robot_not_discovered
2026-08-18T05:35:33.436+00:00,1787031333.4360082,191145.5174958,3.448885500023607,send_error,1,663,0,0,0.0,0.0,191145.5174728,,,,,,,0,robot_not_discovered
2026-08-18T05:35:33.443+00:00,1787031333.4435275,191145.5249572,3.456346899998607,sent,2,664,36,33,0.0,0.0,191145.5245447,191145.5247027,,,,,0,1,
2026-08-18T05:35:33.444+00:00,1787031333.4445252,191145.5256618,3.4570515000086743,sent,3,665,26,-26,0.0,0.0,191145.5255022,191145.5255762,,,,,0,1,
2026-08-18T05:35:33.444+00:00,1787031333.4445252,191145.5256927,3.4570824000111315,send_error,10,666,0,0,0.0,0.0,191145.5256902,,,,,,,0,robot_not_discovered
2026-08-18T05:35:33.611+00:00,1787031333.6112788,191145.6925905,3.6239802000054624,send_error,1,667,0,0,0.0,0.0,191145.6925645,,,,,,,0,robot_not_discovered
2026-08-18T05:35:33.617+00:00,1787031333.6172915,191145.6987372,3.6301269000105094,sent,2,668,39,30,0.0,0.0,191145.6984549,191145.6985985,,,,,0,1,
2026-08-18T05:35:33.618+00:00,1787031333.6182766,191145.6994872,3.6308769000170287,sent,3,669,31,38,0.0,0.0,191145.6993183,191145.6993942,,,,,0,1,
2026-08-18T05:35:33.618+00:00,1787031333.6182766,191145.6995237,3.6309134000039194,send_error,10,670,0,0,0.0,0.0,191145.6995209,,,,,,,0,robot_not_discovered
2026-08-18T05:35:33.776+00:00,1787031333.7760682,191145.857067,3.788456700014649,send_error,1,671,0,0,0.0,0.0,191145.8570553,,,,,,,0,robot_not_discovered
2026-08-18T05:35:33.781+00:00,1787031333.7815945,191145.8626918,3.794081500003813,sent,2,672,37,32,0.0,0.0,191145.862184,191145.8623521,,,,,0,1,
2026-08-18T05:35:33.782+00:00,1787031333.782592,191145.8638534,3.795243100001244,sent,3,673,41,28,0.0,0.0,191145.8633595,191145.8635167,,,,,0,1,
2026-08-18T05:35:33.782+00:00,1787031333.782592,191145.8639489,3.7953386000008322,send_error,10,674,0,0,0.0,0.0,191145.8639455,,,,,,,0,robot_not_discovered
2026-08-18T05:35:33.944+00:00,1787031333.9448762,191146.0263103,3.957699999999022,send_error,1,675,0,0,0.0,0.0,191146.026299,,,,,,,0,robot_not_discovered
2026-08-18T05:35:33.952+00:00,1787031333.9522893,191146.0334989,3.964888600021368,sent,2,676,37,32,0.0,0.0,191146.0331426,191146.0332654,,,,,0,1,
2026-08-18T05:35:33.952+00:00,1787031333.9522893,191146.034185,3.9655747000069823,sent,3,677,37,32,0.0,0.0,191146.0340094,191146.034103,,,,,0,1,
2026-08-18T05:35:33.952+00:00,1787031333.9522893,191146.0342174,3.9656071000208613,send_error,10,678,0,0,0.0,0.0,191146.0342148,,,,,,,0,robot_not_discovered
2026-08-18T05:35:34.123+00:00,1787031334.1234386,191146.2048257,4.13621540000895,send_error,1,679,0,0,0.0,0.0,191146.2048128,,,,,,,0,robot_not_discovered
2026-08-18T05:35:34.132+00:00,1787031334.1322303,191146.2132259,4.144615600001998,sent,2,680,36,33,0.0,0.0,191146.2127955,191146.2130075,,,,,0,1,
2026-08-18T05:35:34.132+00:00,1787031334.1322303,191146.2138866,4.145276299997931,sent,3,681,38,31,0.0,0.0,191146.2136986,191146.2137843,,,,,0,1,
2026-08-18T05:35:34.132+00:00,1787031334.1322303,191146.2139223,4.145312000007834,send_error,10,682,0,0,0.0,0.0,191146.2139184,,,,,,,0,robot_not_discovered
2026-08-18T05:35:34.291+00:00,1787031334.2913387,191146.3722999,4.303689599997597,send_error,1,683,0,0,0.0,0.0,191146.3722672,,,,,,,0,robot_not_discovered
2026-08-18T05:35:34.297+00:00,1787031334.2973325,191146.3784987,4.309888400021009,sent,2,684,35,34,0.0,0.0,191146.3781603,191146.3782561,,,,,0,1,
2026-08-18T05:35:34.297+00:00,1787031334.2973325,191146.3790996,4.310489299998153,sent,3,685,36,33,0.0,0.0,191146.378943,191146.3790199,,,,,0,1,
2026-08-18T05:35:34.297+00:00,1787031334.2973325,191146.3791397,4.310529400012456,send_error,10,686,0,0,0.0,0.0,191146.3791371,,,,,,,0,robot_not_discovered
2026-08-18T05:35:34.441+00:00,1787031334.4411948,191146.5226232,4.45401290000882,send_error,1,687,0,0,0.0,0.0,191146.5225923,,,,,,,0,robot_not_discovered
2026-08-18T05:35:34.447+00:00,1787031334.447194,191146.5289181,4.4603078000072856,sent,2,688,35,34,0.0,0.0,191146.5277151,191146.5279355,,,,,0,1,
2026-08-18T05:35:34.449+00:00,1787031334.4491937,191146.5303001,4.461689800024033,sent,3,689,36,33,0.0,0.0,191146.5297725,191146.5298817,,,,,0,1,
2026-08-18T05:35:34.449+00:00,1787031334.4491937,191146.530412,4.4618017000029795,send_error,10,690,0,0,0.0,0.0,191146.5304082,,,,,,,0,robot_not_discovered
2026-08-18T05:35:34.598+00:00,1787031334.5985808,191146.6801112,4.611500900005922,send_error,1,691,0,0,0.0,0.0,191146.6800787,,,,,,,0,robot_not_discovered
2026-08-18T05:35:34.605+00:00,1787031334.6056848,191146.6873912,4.618780899996636,sent,2,692,32,37,0.0,0.0,191146.6871713,191146.687278,,,,,0,1,
2026-08-18T05:35:34.607+00:00,1787031334.6076872,191146.6889937,4.620383400004357,sent,3,693,36,33,0.0,0.0,191146.6885343,191146.6886813,,,,,0,1,
2026-08-18T05:35:34.607+00:00,1787031334.6076872,191146.6891356,4.620525300008012,send_error,10,694,0,0,0.0,0.0,191146.6891264,,,,,,,0,robot_not_discovered
2026-08-18T05:35:34.777+00:00,1787031334.7775354,191146.8590084,4.7903981000126805,send_error,1,695,0,0,0.0,0.0,191146.8589971,,,,,,,0,robot_not_discovered
2026-08-18T05:35:34.783+00:00,1787031334.7832773,191146.8648656,4.796255299996119,sent,2,696,33,36,0.0,0.0,191146.8645845,191146.864685,,,,,0,1,
2026-08-18T05:35:34.784+00:00,1787031334.784265,191146.865504,4.796893699996872,sent,3,697,35,34,0.0,0.0,191146.8653216,191146.8654032,,,,,0,1,
2026-08-18T05:35:34.784+00:00,1787031334.784265,191146.865542,4.796931700024288,send_error,10,698,0,0,0.0,0.0,191146.8655392,,,,,,,0,robot_not_discovered
2026-08-18T05:35:34.938+00:00,1787031334.9386725,191147.0200813,4.9514710000075866,send_error,1,699,0,0,0.0,0.0,191147.0200699,,,,,,,0,robot_not_discovered
2026-08-18T05:35:34.950+00:00,1787031334.9508412,191147.0317544,4.963144100009231,sent,2,700,33,36,0.0,0.0,191147.0310072,191147.0312346,,,,,0,1,
2026-08-18T05:35:34.952+00:00,1787031334.952863,191147.0340589,4.965448600007221,sent,3,701,35,34,0.0,0.0,191147.033277,191147.0335649,,,,,0,1,
2026-08-18T05:35:34.952+00:00,1787031334.952863,191147.0341241,4.965513800008921,send_error,10,702,0,0,0.0,0.0,191147.034119,,,,,,,0,robot_not_discovered
2026-08-18T05:35:35.103+00:00,1787031335.1038842,191147.1853639,5.116753600013908,send_error,1,703,0,0,0.0,0.0,191147.1853415,,,,,,,0,robot_not_discovered
2026-08-18T05:35:35.112+00:00,1787031335.1123936,191147.1940553,5.125445000012405,sent,2,704,34,35,0.0,0.0,191147.1938097,191147.1939076,,,,,0,1,
2026-08-18T05:35:35.114+00:00,1787031335.1143973,191147.1955602,5.126949900004547,sent,3,705,34,35,0.0,0.0,191147.1951402,191147.1952673,,,,,0,1,
2026-08-18T05:35:35.114+00:00,1787031335.1143973,191147.195605,5.12699469999643,send_error,10,706,0,0,0.0,0.0,191147.1956017,,,,,,,0,robot_not_discovered
2026-08-18T05:35:35.265+00:00,1787031335.2654293,191147.3466181,5.278007800021442,send_error,1,707,0,0,0.0,0.0,191147.3466071,,,,,,,0,robot_not_discovered
2026-08-18T05:35:35.273+00:00,1787031335.2738647,191147.3556131,5.287002800003393,sent,2,708,33,36,0.0,0.0,191147.3549207,191147.3551329,,,,,0,1,
2026-08-18T05:35:35.276+00:00,1787031335.2768648,191147.3580104,5.289400100009516,sent,3,709,32,37,0.0,0.0,191147.3576232,191147.3577473,,,,,0,1,
2026-08-18T05:35:35.276+00:00,1787031335.2768648,191147.3580591,5.289448800001992,send_error,10,710,0,0,0.0,0.0,191147.3580556,,,,,,,0,robot_not_discovered
2026-08-18T05:35:35.446+00:00,1787031335.4467144,191147.5276259,5.459015600004932,send_error,1,711,0,0,0.0,0.0,191147.5275924,,,,,,,0,robot_not_discovered
2026-08-18T05:35:35.454+00:00,1787031335.4545026,191147.5361404,5.467530100024305,sent,2,712,33,36,0.0,0.0,191147.5355922,191147.5357621,,,,,0,1,
2026-08-18T05:35:35.455+00:00,1787031335.4555063,191147.537018,5.468407700012904,sent,3,713,32,37,0.0,0.0,191147.5367565,191147.5368656,,,,,0,1,
2026-08-18T05:35:35.455+00:00,1787031335.4555063,191147.5370643,5.468454000016209,send_error,10,714,0,0,0.0,0.0,191147.5370613,,,,,,,0,robot_not_discovered
2026-08-18T05:35:35.603+00:00,1787031335.6043377,191147.685178,5.616567700024461,send_error,1,715,0,0,0.0,0.0,191147.6851451,,,,,,,0,robot_not_discovered
2026-08-18T05:35:35.612+00:00,1787031335.6121967,191147.69362,5.625009700015653,sent,2,716,33,36,0.0,0.0,191147.6925975,191147.6932508,,,,,0,1,
2026-08-18T05:35:35.612+00:00,1787031335.6128316,191147.6943543,5.62574400001904,sent,3,717,34,35,0.0,0.0,191147.6940688,191147.6941527,,,,,0,1,
2026-08-18T05:35:35.612+00:00,1787031335.6128316,191147.6944076,5.625797300017439,send_error,10,718,0,0,0.0,0.0,191147.6944042,,,,,,,0,robot_not_discovered
2026-08-18T05:35:35.785+00:00,1787031335.7851126,191147.866429,5.797818699997151,send_error,1,719,0,0,0.0,0.0,191147.8662513,,,,,,,0,robot_not_discovered
2026-08-18T05:35:35.797+00:00,1787031335.7971454,191147.8784508,5.809840500005521,sent,2,720,34,35,0.0,0.0,191147.8764881,191147.8768226,,,,,0,1,
2026-08-18T05:35:35.799+00:00,1787031335.7991416,191147.8801019,5.811491600004956,sent,3,721,34,35,0.0,0.0,191147.8798023,191147.8799051,,,,,0,1,
2026-08-18T05:35:35.799+00:00,1787031335.7991416,191147.8801623,5.81155199999921,send_error,10,722,0,0,0.0,0.0,191147.8801591,,,,,,,0,robot_not_discovered
2026-08-18T05:35:36.002+00:00,1787031336.0026252,191148.0842353,6.015625,send_error,1,723,0,0,0.0,0.0,191148.0841158,,,,,,,0,robot_not_discovered
2026-08-18T05:35:36.028+00:00,1787031336.0287988,191148.1098376,6.041227300011087,sent,2,724,33,36,0.0,0.0,191148.1086518,191148.108929,,,,,0,1,
2026-08-18T05:35:36.038+00:00,1787031336.0383213,191148.1192249,6.050614600011613,sent,3,725,34,35,0.0,0.0,191148.1133436,191148.1138249,,,,,0,1,
2026-08-18T05:35:36.038+00:00,1787031336.0383213,191148.1195205,6.0509102000214625,send_error,10,726,0,0,0.0,0.0,191148.1195084,,,,,,,0,robot_not_discovered
2026-08-18T05:35:36.203+00:00,1787031336.204952,191148.2858292,6.217218900012085,send_error,1,727,0,0,0.0,0.0,191148.2858185,,,,,,,0,robot_not_discovered
2026-08-18T05:35:36.373+00:00,1787031336.373206,191148.4548722,6.386261900013778,sent,2,728,34,35,0.0,0.0,191148.4546221,191148.4547469,,,,,0,1,
2026-08-18T05:35:36.374+00:00,1787031336.3742096,191148.4556322,6.387021900009131,sent,3,729,34,35,0.0,0.0,191148.4553521,191148.455432,,,,,0,1,
2026-08-18T05:35:36.374+00:00,1787031336.3742096,191148.4557038,6.387093500001356,send_error,10,730,0,0,0.0,0.0,191148.4557007,,,,,,,0,robot_not_discovered
2026-08-18T05:35:36.522+00:00,1787031336.5224383,191148.6033227,6.5347123999963515,send_error,1,731,0,0,0.0,0.0,191148.6033117,,,,,,,0,robot_not_discovered
2026-08-18T05:35:36.528+00:00,1787031336.528893,191148.6102567,6.5416464000009,sent,2,732,34,35,0.0,0.0,191148.609438,191148.6098284,,,,,0,1,
2026-08-18T05:35:36.529+00:00,1787031336.529902,191148.6110399,6.542429599998286,sent,3,733,34,35,0.0,0.0,191148.6106457,191148.6108207,,,,,0,1,
2026-08-18T05:35:36.529+00:00,1787031336.529902,191148.6110973,6.5424869999988005,send_error,10,734,0,0,0.0,0.0,191148.6110943,,,,,,,0,robot_not_discovered
2026-08-18T05:35:36.674+00:00,1787031336.6747973,191148.7558996,6.687289299996337,send_error,1,735,0,0,0.0,0.0,191148.7558874,,,,,,,0,robot_not_discovered
2026-08-18T05:35:36.681+00:00,1787031336.6818898,191148.7629874,6.694377100007841,sent,2,736,34,18,0.0,0.0,191148.7626651,191148.7627547,,,,,0,1,
2026-08-18T05:35:36.683+00:00,1787031336.6831512,191148.7640191,6.69540880000568,sent,3,737,18,33,0.0,0.0,191148.7635633,191148.7637292,,,,,0,1,
2026-08-18T05:35:36.683+00:00,1787031336.6831512,191148.7640636,6.695453300024383,send_error,10,738,0,0,0.0,0.0,191148.7640609,,,,,,,0,robot_not_discovered
2026-08-18T05:35:36.836+00:00,1787031336.8367834,191148.9182305,6.849620200024219,send_error,1,739,0,0,0.0,0.0,191148.9182179,,,,,,,0,robot_not_discovered
2026-08-18T05:35:36.845+00:00,1787031336.8453207,191148.9266148,6.858004500012612,sent,2,740,38,-22,0.0,0.0,191148.9262316,191148.9263855,,,,,0,1,
2026-08-18T05:35:36.846+00:00,1787031336.846307,191148.9273238,6.858713499997975,sent,3,741,-22,38,0.0,0.0,191148.9271594,191148.9272467,,,,,0,1,
2026-08-18T05:35:36.846+00:00,1787031336.846307,191148.9273563,6.858746000012616,send_error,10,742,0,0,0.0,0.0,191148.9273538,,,,,,,0,robot_not_discovered
2026-08-18T05:35:37.019+00:00,1787031337.019073,191149.0999474,7.031337100022938,send_error,1,743,0,0,0.0,0.0,191149.0999287,,,,,,,0,robot_not_discovered
2026-08-18T05:35:37.023+00:00,1787031337.0235982,191149.1046212,7.036010900017573,sent,2,744,38,-22,0.0,0.0,191149.1038969,191149.1041097,,,,,0,1,
2026-08-18T05:35:37.024+00:00,1787031337.0245986,191149.106267,7.037656700005755,sent,3,745,-27,43,0.0,0.0,191149.1055421,191149.1056858,,,,,0,1,
2026-08-18T05:35:37.024+00:00,1787031337.0245986,191149.1063337,7.037723400018876,send_error,10,746,0,0,0.0,0.0,191149.1063308,,,,,,,0,robot_not_discovered
2026-08-18T05:35:37.180+00:00,1787031337.1805725,191149.2621688,7.193558500002837,send_error,1,747,0,0,0.0,0.0,191149.2621571,,,,,,,0,robot_not_discovered
2026-08-18T05:35:37.186+00:00,1787031337.1860955,191149.2677007,7.19909040001221,sent,2,748,38,-22,0.0,0.0,191149.2674122,191149.2675191,,,,,0,1,
2026-08-18T05:35:37.187+00:00,1787031337.187246,191149.2683187,7.199708400003146,sent,3,749,-23,39,0.0,0.0,191149.2681523,191149.268238,,,,,0,1,
2026-08-18T05:35:37.187+00:00,1787031337.187246,191149.268347,7.19973670001491,send_error,10,750,0,0,0.0,0.0,191149.2683444,,,,,,,0,robot_not_discovered
2026-08-18T05:35:37.337+00:00,1787031337.3378675,191149.4195832,7.350972900021588,send_error,1,751,0,0,0.0,0.0,191149.4195718,,,,,,,0,robot_not_discovered
2026-08-18T05:35:37.344+00:00,1787031337.3443913,191149.4261171,7.357506800006377,sent,2,752,38,-22,0.0,0.0,191149.4257749,191149.4259383,,,,,0,1,
2026-08-18T05:35:37.345+00:00,1787031337.3453922,191149.4267482,7.358137900009751,sent,3,753,-22,38,0.0,0.0,191149.4265667,191149.4266556,,,,,0,1,
2026-08-18T05:35:37.345+00:00,1787031337.3453922,191149.426785,7.358174699998926,send_error,10,754,0,0,0.0,0.0,191149.4267824,,,,,,,0,robot_not_discovered
2026-08-18T05:35:37.492+00:00,1787031337.4928355,191149.5745645,7.505954200023552,send_error,1,755,0,0,0.0,0.0,191149.5745507,,,,,,,0,robot_not_discovered
2026-08-18T05:35:37.498+00:00,1787031337.4988253,191149.5809191,7.512308800010942,sent,2,756,38,-22,0.0,0.0,191149.5806125,191149.5807388,,,,,0,1,
2026-08-18T05:35:37.500+00:00,1787031337.5003464,191149.5814428,7.512832500011427,sent,3,757,38,-22,0.0,0.0,191149.5812745,191149.5813584,,,,,0,1,
2026-08-18T05:35:37.500+00:00,1787031337.5003464,191149.5814726,7.512862300005509,send_error,10,758,0,0,0.0,0.0,191149.5814701,,,,,,,0,robot_not_discovered
2026-08-18T05:35:37.644+00:00,1787031337.6441247,191149.7251022,7.656491900008405,send_error,1,759,0,0,0.0,0.0,191149.7250901,,,,,,,0,robot_not_discovered
2026-08-18T05:35:37.651+00:00,1787031337.6516576,191149.7331174,7.664507100009359,sent,2,760,38,-22,0.0,0.0,191149.7325056,191149.7327431,,,,,0,1,
2026-08-18T05:35:37.653+00:00,1787031337.6536593,191149.7345655,7.6659552000055555,sent,3,761,30,18,0.0,0.0,191149.7343654,191149.7344579,,,,,0,1,
2026-08-18T05:35:37.653+00:00,1787031337.6536593,191149.7346007,7.665990400011651,send_error,10,762,0,0,0.0,0.0,191149.7345981,,,,,,,0,robot_not_discovered
2026-08-18T05:35:37.795+00:00,1787031337.795533,191149.876637,7.808026700018672,send_error,1,763,0,0,0.0,0.0,191149.8766243,,,,,,,0,robot_not_discovered
2026-08-18T05:35:37.799+00:00,1787031337.7995355,191149.8807298,7.812119500013068,sent,2,764,38,-22,0.0,0.0,191149.8804961,191149.8806252,,,,,0,1,
2026-08-18T05:35:37.800+00:00,1787031337.8005352,191149.8816732,7.813062900007935,sent,3,765,25,22,0.0,0.0,191149.8812074,191149.8814493,,,,,0,1,
2026-08-18T05:35:37.800+00:00,1787031337.8005352,191149.8817789,7.81316859999788,send_error,10,766,0,0,0.0,0.0,191149.8817748,,,,,,,0,robot_not_discovered
2026-08-18T05:35:37.970+00:00,1787031337.9707403,191150.0517894,7.983179100003326,send_error,1,767,0,0,0.0,0.0,191150.0517544,,,,,,,0,robot_not_discovered
2026-08-18T05:35:37.978+00:00,1787031337.9782197,191150.0593407,7.990730400022585,sent,2,768,38,-22,0.0,0.0,191150.0590611,191150.0591698,,,,,0,1,
2026-08-18T05:35:37.978+00:00,1787031337.9782197,191150.0599973,7.9913870000164025,sent,3,769,30,18,0.0,0.0,191150.0598055,191150.0598824,,,,,0,1,
2026-08-18T05:35:37.978+00:00,1787031337.9782197,191150.0600353,7.991425000014715,send_error,10,770,0,0,0.0,0.0,191150.0600327,,,,,,,0,robot_not_discovered
2026-08-18T05:35:38.132+00:00,1787031338.13284,191150.2139788,8.145368500001496,send_error,1,771,0,0,0.0,0.0,191150.2139506,,,,,,,0,robot_not_discovered
2026-08-18T05:35:38.137+00:00,1787031338.1378403,191150.2195032,8.150892900011968,sent,2,772,18,35,0.0,0.0,191150.219305,191150.2194027,,,,,0,1,
2026-08-18T05:35:38.138+00:00,1787031338.1388392,191150.2200165,8.151406200020574,sent,3,773,27,20,0.0,0.0,191150.2198526,191150.2199224,,,,,0,1,
2026-08-18T05:35:38.138+00:00,1787031338.1388392,191150.2200533,8.151443000009749,send_error,10,774,0,0,0.0,0.0,191150.2200508,,,,,,,0,robot_not_discovered
2026-08-18T05:35:38.295+00:00,1787031338.2957997,191150.377253,8.308642700023483,send_error,1,775,0,0,0.0,0.0,191150.3772387,,,,,,,0,robot_not_discovered
2026-08-18T05:35:38.302+00:00,1787031338.3023067,191150.3837484,8.315138100006152,sent,2,776,18,39,0.0,0.0,191150.3831032,191150.3833526,,,,,0,1,
2026-08-18T05:35:38.303+00:00,1787031338.3033056,191150.3847263,8.316116000001784,sent,3,777,38,18,0.0,0.0,191150.3844247,191150.3845414,,,,,0,1,
2026-08-18T05:35:38.303+00:00,1787031338.3033056,191150.3847983,8.316187999997055,send_error,10,778,0,0,0.0,0.0,191150.3847942,,,,,,,0,robot_not_discovered
2026-08-18T05:35:38.450+00:00,1787031338.450424,191150.5314335,8.462823200010462,send_error,1,779,0,0,0.0,0.0,191150.5313889,,,,,,,0,robot_not_discovered
2026-08-18T05:35:38.456+00:00,1787031338.4564426,191150.5373259,8.468715599999996,sent,2,780,18,42,0.0,0.0,191150.5370454,191150.5371479,,,,,0,1,
2026-08-18T05:35:38.456+00:00,1787031338.4564426,191150.537921,8.469310700020287,sent,3,781,29,18,0.0,0.0,191150.5377296,191150.537809,,,,,0,1,
2026-08-18T05:35:38.456+00:00,1787031338.4564426,191150.5379513,8.469341000018176,send_error,10,782,0,0,0.0,0.0,191150.5379489,,,,,,,0,robot_not_discovered
2026-08-18T05:35:38.600+00:00,1787031338.6020133,191150.6827709,8.614160600001924,send_error,1,783,0,0,0.0,0.0,191150.6827478,,,,,,,0,robot_not_discovered
2026-08-18T05:35:38.608+00:00,1787031338.6089954,191150.6903919,8.62178159999894,sent,2,784,18,35,0.0,0.0,191150.6900258,191150.6901414,,,,,0,1,
2026-08-18T05:35:38.608+00:00,1787031338.6089954,191150.6911012,8.622490900015691,sent,3,785,30,18,0.0,0.0,191150.6908475,191150.6909456,,,,,0,1,
2026-08-18T05:35:38.608+00:00,1787031338.6089954,191150.6911437,8.622533400019165,send_error,10,786,0,0,0.0,0.0,191150.6911409,,,,,,,0,robot_not_discovered
2026-08-18T05:35:38.756+00:00,1787031338.7567122,191150.8377848,8.76917450001929,send_error,1,787,0,0,0.0,0.0,191150.8377752,,,,,,,0,robot_not_discovered
2026-08-18T05:35:38.762+00:00,1787031338.762381,191150.8433357,8.774725399998715,sent,2,788,-22,38,0.0,0.0,191150.8429871,191150.8431206,,,,,0,1,
2026-08-18T05:35:38.762+00:00,1787031338.762381,191150.8441377,8.775527400022838,sent,3,789,38,-22,0.0,0.0,191150.8439476,191150.8440187,,,,,0,1,
2026-08-18T05:35:38.762+00:00,1787031338.762381,191150.8441762,8.775565899995854,send_error,10,790,0,0,0.0,0.0,191150.8441735,,,,,,,0,robot_not_discovered
2026-08-18T05:35:38.917+00:00,1787031338.917736,191150.9992998,8.930689500004519,send_error,1,791,0,0,0.0,0.0,191150.9992693,,,,,,,0,robot_not_discovered
2026-08-18T05:35:38.925+00:00,1787031338.9259222,191151.0076144,8.939004100015154,sent,2,792,-22,38,0.0,0.0,191151.0067717,191151.0070088,,,,,0,1,
2026-08-18T05:35:38.927+00:00,1787031338.9279237,191151.0093958,8.940785500017228,sent,3,793,38,-22,0.0,0.0,191151.0085677,191151.0088201,,,,,0,1,
2026-08-18T05:35:38.927+00:00,1787031338.9279237,191151.0094611,8.940850800019689,send_error,10,794,0,0,0.0,0.0,191151.0094561,,,,,,,0,robot_not_discovered
2026-08-18T05:35:39.098+00:00,1787031339.0980778,191151.179723,9.111112700018566,send_error,1,795,0,0,0.0,0.0,191151.1796961,,,,,,,0,robot_not_discovered
2026-08-18T05:35:39.111+00:00,1787031339.1118064,191151.1931448,9.12453450000612,sent,2,796,-35,35,0.0,0.0,191151.1927495,191151.1929211,,,,,0,1,
2026-08-18T05:35:39.113+00:00,1787031339.1134613,191151.1942995,9.12568920000922,sent,3,797,36,-33,0.0,0.0,191151.1939925,191151.1941214,,,,,0,1,
2026-08-18T05:35:39.113+00:00,1787031339.1134613,191151.1943526,9.125742300006095,send_error,10,798,0,0,0.0,0.0,191151.1943487,,,,,,,0,robot_not_discovered
2026-08-18T05:35:39.256+00:00,1787031339.2561214,191151.3369336,9.268323299998883,send_error,1,799,0,0,0.0,0.0,191151.3369238,,,,,,,0,robot_not_discovered
2026-08-18T05:35:39.260+00:00,1787031339.2604594,191151.3419633,9.27335299999686,sent,2,800,-27,43,0.0,0.0,191151.3416029,191151.3416778,,,,,0,1,
2026-08-18T05:35:39.261+00:00,1787031339.261463,191151.342786,9.27417570000398,sent,3,801,43,-27,0.0,0.0,191151.3425856,191151.3426907,,,,,0,1,
2026-08-18T05:35:39.261+00:00,1787031339.261463,191151.3428216,9.274211300013121,send_error,10,802,0,0,0.0,0.0,191151.3428189,,,,,,,0,robot_not_discovered
2026-08-18T05:35:39.410+00:00,1787031339.4104557,191151.492177,9.423566700017545,send_error,1,803,0,0,0.0,0.0,191151.4921422,,,,,,,0,robot_not_discovered
2026-08-18T05:35:39.416+00:00,1787031339.4164991,191151.4972762,9.42866590002086,sent,2,804,-27,43,0.0,0.0,191151.4969289,191151.4970785,,,,,0,1,
2026-08-18T05:35:39.416+00:00,1787031339.4164991,191151.4979656,9.429355300002499,sent,3,805,38,-22,0.0,0.0,191151.4977618,191151.4978456,,,,,0,1,
2026-08-18T05:35:39.416+00:00,1787031339.4164991,191151.4979995,9.429389199998695,send_error,10,806,0,0,0.0,0.0,191151.4979956,,,,,,,0,robot_not_discovered
2026-08-18T05:35:39.574+00:00,1787031339.5749304,191151.6561716,9.58756130002439,send_error,1,807,0,0,0.0,0.0,191151.6561617,,,,,,,0,robot_not_discovered
2026-08-18T05:35:39.580+00:00,1787031339.5804546,191151.6614547,9.592844400001923,sent,2,808,-27,43,0.0,0.0,191151.6610635,191151.6611888,,,,,0,1,
2026-08-18T05:35:39.580+00:00,1787031339.5804546,191151.6620435,9.593433200003346,sent,3,809,38,-22,0.0,0.0,191151.6618821,191151.6619537,,,,,0,1,
2026-08-18T05:35:39.580+00:00,1787031339.5804546,191151.6620744,9.593464100005804,send_error,10,810,0,0,0.0,0.0,191151.6620717,,,,,,,0,robot_not_discovered
2026-08-18T05:35:39.733+00:00,1787031339.7339284,191151.81473,9.746119700022973,send_error,1,811,0,0,0.0,0.0,191151.8147078,,,,,,,0,robot_not_discovered
2026-08-18T05:35:39.739+00:00,1787031339.7390568,191151.8206056,9.751995300001,sent,2,812,-24,40,0.0,0.0,191151.8198883,191151.8201439,,,,,0,1,
2026-08-18T05:35:39.741+00:00,1787031339.7415783,191151.8226196,9.75400929999887,sent,3,813,38,-22,0.0,0.0,191151.8215816,191151.8223264,,,,,0,1,
2026-08-18T05:35:39.741+00:00,1787031339.7415783,191151.8226755,9.754065200017067,send_error,10,814,0,0,0.0,0.0,191151.8226727,,,,,,,0,robot_not_discovered
2026-08-18T05:35:39.910+00:00,1787031339.9108186,191151.9918665,9.923256200010655,send_error,1,815,0,0,0.0,0.0,191151.9918556,,,,,,,0,robot_not_discovered
2026-08-18T05:35:40.151+00:00,1787031340.151665,191152.233299,10.164688700024271,sent,2,816,-22,38,0.0,0.0,191152.2322247,191152.2325329,,,,,0,1,
2026-08-18T05:35:40.152+00:00,1787031340.1526756,191152.2341125,10.165502200019546,sent,3,817,38,-22,0.0,0.0,191152.233963,191152.2340328,,,,,0,1,
2026-08-18T05:35:40.152+00:00,1787031340.1526756,191152.2341492,10.16553890000796,send_error,10,818,0,0,0.0,0.0,191152.2341463,,,,,,,0,robot_not_discovered
2026-08-18T05:35:40.311+00:00,1787031340.3110166,191152.3921906,10.323580299998866,send_error,1,819,0,0,0.0,0.0,191152.3921619,,,,,,,0,robot_not_discovered
2026-08-18T05:35:40.316+00:00,1787031340.316826,191152.3977796,10.32916930000647,sent,2,820,-22,38,0.0,0.0,191152.3974369,191152.3975527,,,,,0,1,
2026-08-18T05:35:40.316+00:00,1787031340.316826,191152.398614,10.330003700015368,sent,3,821,-22,38,0.0,0.0,191152.3983719,191152.3984739,,,,,0,1,
2026-08-18T05:35:40.316+00:00,1787031340.316826,191152.3986511,10.330040800006827,send_error,10,822,0,0,0.0,0.0,191152.3986485,,,,,,,0,robot_not_discovered
2026-08-18T05:35:40.473+00:00,1787031340.473211,191152.5544612,10.485850900004152,send_error,1,823,0,0,0.0,0.0,191152.554434,,,,,,,0,robot_not_discovered
2026-08-18T05:35:40.478+00:00,1787031340.4787219,191152.5600545,10.491444200015394,sent,2,824,-22,38,0.0,0.0,191152.559817,191152.5599076,,,,,0,1,
2026-08-18T05:35:40.479+00:00,1787031340.4797304,191152.5605922,10.491981900006067,sent,3,825,-22,38,0.0,0.0,191152.5604057,191152.5604968,,,,,0,1,
2026-08-18T05:35:40.479+00:00,1787031340.4797304,191152.5606216,10.492011299997102,send_error,10,826,0,0,0.0,0.0,191152.560619,,,,,,,0,robot_not_discovered
2026-08-18T05:35:40.636+00:00,1787031340.6368446,191152.717875,10.649264700012282,send_error,1,827,0,0,0.0,0.0,191152.7178646,,,,,,,0,robot_not_discovered
2026-08-18T05:35:40.642+00:00,1787031340.6420085,191152.7233965,10.654786200000672,sent,2,828,38,-22,0.0,0.0,191152.7226465,191152.7226806,,,,,0,1,
2026-08-18T05:35:40.643+00:00,1787031340.6430094,191152.7244049,10.655794599995716,sent,3,829,32,37,0.0,0.0,191152.7241653,191152.7242795,,,,,0,1,
2026-08-18T05:35:40.643+00:00,1787031340.6430094,191152.7244476,10.655837300000712,send_error,10,830,0,0,0.0,0.0,191152.7244449,,,,,,,0,robot_not_discovered
2026-08-18T05:35:40.797+00:00,1787031340.7975307,191152.8786346,10.810024300008081,send_error,1,831,0,0,0.0,0.0,191152.8786223,,,,,,,0,robot_not_discovered
2026-08-18T05:35:40.806+00:00,1787031340.8060386,191152.8869015,10.81829120000475,sent,2,832,48,21,0.0,0.0,191152.8866751,191152.8867795,,,,,0,1,
2026-08-18T05:35:40.806+00:00,1787031340.8060386,191152.8875545,10.81894420000026,sent,3,833,29,40,0.0,0.0,191152.8873409,191152.8874372,,,,,0,1,
2026-08-18T05:35:40.806+00:00,1787031340.8060386,191152.8875943,10.818984000012279,send_error,10,834,0,0,0.0,0.0,191152.887592,,,,,,,0,robot_not_discovered
2026-08-18T05:35:40.973+00:00,1787031340.9730453,191153.0546447,10.986034400004428,send_error,1,835,0,0,0.0,0.0,191153.0546014,,,,,,,0,robot_not_discovered
2026-08-18T05:35:40.979+00:00,1787031340.97905,191153.0600368,10.991426499997033,sent,2,836,18,31,0.0,0.0,191153.0597565,191153.0598509,,,,,0,1,
2026-08-18T05:35:40.979+00:00,1787031340.97905,191153.0606273,10.992017000011401,sent,3,837,28,19,0.0,0.0,191153.0604812,191153.0605523,,,,,0,1,
2026-08-18T05:35:40.979+00:00,1787031340.97905,191153.0606536,10.992043300007936,send_error,10,838,0,0,0.0,0.0,191153.0606513,,,,,,,0,robot_not_discovered
2026-08-18T05:35:41.137+00:00,1787031341.1376235,191153.2190181,11.150407800014364,send_error,1,839,0,0,0.0,0.0,191153.2190062,,,,,,,0,robot_not_discovered
2026-08-18T05:35:41.145+00:00,1787031341.1451457,191153.2263445,11.157734200009145,sent,2,840,31,18,0.0,0.0,191153.2260036,191153.2261336,,,,,0,1,
2026-08-18T05:35:41.146+00:00,1787031341.1461494,191153.2269197,11.158309400023427,sent,3,841,20,27,0.0,0.0,191153.2267377,191153.2268527,,,,,0,1,
2026-08-18T05:35:41.146+00:00,1787031341.1461494,191153.2269488,11.158338500012178,send_error,10,842,0,0,0.0,0.0,191153.2269463,,,,,,,0,robot_not_discovered
2026-08-18T05:35:41.290+00:00,1787031341.2909462,191153.3719527,11.303342400002293,send_error,1,843,0,0,0.0,0.0,191153.3719411,,,,,,,0,robot_not_discovered
2026-08-18T05:35:41.295+00:00,1787031341.295951,191153.3768412,11.308230900001945,sent,2,844,30,18,0.0,0.0,191153.3765875,191153.3766919,,,,,0,1,
2026-08-18T05:35:41.295+00:00,1787031341.295951,191153.3773675,11.308757200022228,sent,3,845,18,29,0.0,0.0,191153.3772151,191153.3772945,,,,,0,1,
2026-08-18T05:35:41.295+00:00,1787031341.295951,191153.3773972,11.308786900015548,send_error,10,846,0,0,0.0,0.0,191153.3773949,,,,,,,0,robot_not_discovered
2026-08-18T05:35:41.439+00:00,1787031341.4396024,191153.5212087,11.452598400006536,send_error,1,847,0,0,0.0,0.0,191153.521178,,,,,,,0,robot_not_discovered
2026-08-18T05:35:41.449+00:00,1787031341.4499514,191153.5306401,11.46202980002272,sent,2,848,39,18,0.0,0.0,191153.5281225,191153.5296952,,,,,0,1,
2026-08-18T05:35:41.450+00:00,1787031341.4509487,191153.5317309,11.463120600004913,sent,3,849,18,38,0.0,0.0,191153.5314671,191153.531564,,,,,0,1,
2026-08-18T05:35:41.450+00:00,1787031341.4509487,191153.5318307,11.46322040000814,send_error,10,850,0,0,0.0,0.0,191153.5318098,,,,,,,0,robot_not_discovered
2026-08-18T05:35:41.608+00:00,1787031341.608996,191153.690783,11.622172700008377,send_error,1,851,0,0,0.0,0.0,191153.6907375,,,,,,,0,robot_not_discovered
2026-08-18T05:35:41.614+00:00,1787031341.614516,191153.6958617,11.627251400001114,sent,2,852,43,-27,0.0,0.0,191153.6955721,191153.6956776,,,,,0,1,
2026-08-18T05:35:41.615+00:00,1787031341.6155071,191153.6963479,11.627737600007094,sent,3,853,-22,38,0.0,0.0,191153.6961746,191153.6962446,,,,,0,1,
2026-08-18T05:35:41.615+00:00,1787031341.6155071,191153.6963815,11.627771200001007,send_error,10,854,0,0,0.0,0.0,191153.6963787,,,,,,,0,robot_not_discovered
2026-08-18T05:35:41.755+00:00,1787031341.7550917,191153.8362755,11.767665200022748,send_error,1,855,0,0,0.0,0.0,191153.8362631,,,,,,,0,robot_not_discovered
2026-08-18T05:35:41.760+00:00,1787031341.760608,191153.8418184,11.773208099999465,sent,2,856,43,-27,0.0,0.0,191153.8412104,191153.8414228,,,,,0,1,
2026-08-18T05:35:41.761+00:00,1787031341.7616138,191153.8425521,11.773941799998283,sent,3,857,-22,38,0.0,0.0,191153.8422922,191153.8424252,,,,,0,1,
2026-08-18T05:35:41.761+00:00,1787031341.7616138,191153.8425876,11.773977300006663,send_error,10,858,0,0,0.0,0.0,191153.842585,,,,,,,0,robot_not_discovered
2026-08-18T05:35:41.915+00:00,1787031341.9150128,191153.9958526,11.927242300007492,send_error,1,859,0,0,0.0,0.0,191153.9958418,,,,,,,0,robot_not_discovered
2026-08-18T05:35:41.919+00:00,1787031341.9190073,191154.001117,11.932506700017257,sent,2,860,41,-25,0.0,0.0,191154.0006248,191154.000814,,,,,0,1,
2026-08-18T05:35:41.920+00:00,1787031341.9205148,191154.0018904,11.933280099998228,sent,3,861,-22,38,0.0,0.0,191154.001713,191154.0018042,,,,,0,1,
2026-08-18T05:35:41.920+00:00,1787031341.9205148,191154.0019202,11.933309900021413,send_error,10,862,0,0,0.0,0.0,191154.0019175,,,,,,,0,robot_not_discovered
2026-08-18T05:35:42.100+00:00,1787031342.1009545,191154.1818949,12.113284599996405,send_error,1,863,0,0,0.0,0.0,191154.1818823,,,,,,,0,robot_not_discovered
2026-08-18T05:35:42.109+00:00,1787031342.1092489,191154.1899125,12.121302200015634,sent,2,864,38,-22,0.0,0.0,191154.1889831,191154.1893296,,,,,0,1,
2026-08-18T05:35:42.109+00:00,1787031342.1092489,191154.1906052,12.1219949000224,sent,3,865,-22,38,0.0,0.0,191154.1904227,191154.1905092,,,,,0,1,
2026-08-18T05:35:42.109+00:00,1787031342.1092489,191154.1906347,12.122024400014197,send_error,10,866,0,0,0.0,0.0,191154.1906324,,,,,,,0,robot_not_discovered
2026-08-18T05:35:42.265+00:00,1787031342.265588,191154.3465918,12.277981499995803,send_error,1,867,0,0,0.0,0.0,191154.3465497,,,,,,,0,robot_not_discovered
2026-08-18T05:35:42.274+00:00,1787031342.2744768,191154.3559879,12.28737760000513,sent,2,868,38,-22,0.0,0.0,191154.3556634,191154.3558078,,,,,0,1,
2026-08-18T05:35:42.275+00:00,1787031342.2755857,191154.3567758,12.2881655000092,sent,3,869,-22,38,0.0,0.0,191154.3565887,191154.3566787,,,,,0,1,
2026-08-18T05:35:42.275+00:00,1787031342.2755857,191154.3568142,12.288203900010558,send_error,10,870,0,0,0.0,0.0,191154.3568114,,,,,,,0,robot_not_discovered
2026-08-18T05:35:42.421+00:00,1787031342.4211552,191154.5025011,12.43389080002089,send_error,1,871,0,0,0.0,0.0,191154.5024884,,,,,,,0,robot_not_discovered
2026-08-18T05:35:42.430+00:00,1787031342.4306736,191154.5115258,12.442915499996161,sent,2,872,38,-22,0.0,0.0,191154.5110804,191154.5112764,,,,,0,1,
2026-08-18T05:35:42.430+00:00,1787031342.4306736,191154.5122324,12.443622100021457,sent,3,873,-22,38,0.0,0.0,191154.5120329,191154.5121345,,,,,0,1,
2026-08-18T05:35:42.430+00:00,1787031342.4306736,191154.5123015,12.44369120002375,send_error,10,874,0,0,0.0,0.0,191154.5122983,,,,,,,0,robot_not_discovered
2026-08-18T05:35:42.596+00:00,1787031342.5969863,191154.6782608,12.609650500002317,send_error,1,875,0,0,0.0,0.0,191154.678234,,,,,,,0,robot_not_discovered
2026-08-18T05:35:42.611+00:00,1787031342.6115668,191154.6924308,12.623820500011789,sent,2,876,38,-22,0.0,0.0,191154.6921412,191154.6922619,,,,,0,1,
2026-08-18T05:35:42.612+00:00,1787031342.6125596,191154.6932312,12.624620900023729,sent,3,877,-22,38,0.0,0.0,191154.6929198,191154.6930529,,,,,0,1,
2026-08-18T05:35:42.612+00:00,1787031342.6125596,191154.6933062,12.624695900012739,send_error,10,878,0,0,0.0,0.0,191154.6933035,,,,,,,0,robot_not_discovered
2026-08-18T05:35:42.756+00:00,1787031342.7566826,191154.8376369,12.769026599999052,send_error,1,879,0,0,0.0,0.0,191154.8376258,,,,,,,0,robot_not_discovered
2026-08-18T05:35:42.763+00:00,1787031342.7631862,191154.8447891,12.776178800006164,sent,2,880,19,28,0.0,0.0,191154.844487,191154.8446053,,,,,0,1,
2026-08-18T05:35:42.764+00:00,1787031342.7641933,191154.8453801,12.77676980002434,sent,3,881,-22,38,0.0,0.0,191154.845197,191154.8452904,,,,,0,1,
2026-08-18T05:35:42.764+00:00,1787031342.7641933,191154.8454162,12.776805900008185,send_error,10,882,0,0,0.0,0.0,191154.8454137,,,,,,,0,robot_not_discovered
2026-08-18T05:35:42.914+00:00,1787031342.9141002,191154.9950624,12.926452100015013,send_error,1,883,0,0,0.0,0.0,191154.9950525,,,,,,,0,robot_not_discovered
2026-08-18T05:35:42.919+00:00,1787031342.9195268,191155.0006123,12.932002000015927,sent,2,884,22,25,0.0,0.0,191154.9998396,191154.9998729,,,,,0,1,
2026-08-18T05:35:42.921+00:00,1787031342.921044,191155.0018488,12.933238500001607,sent,3,885,24,23,0.0,0.0,191155.0013833,191155.0015099,,,,,0,1,
2026-08-18T05:35:42.921+00:00,1787031342.921044,191155.0019085,12.933298200019635,send_error,10,886,0,0,0.0,0.0,191155.0019051,,,,,,,0,robot_not_discovered
2026-08-18T05:35:43.076+00:00,1787031343.0761042,191155.1572139,13.088603600015631,send_error,1,887,0,0,0.0,0.0,191155.1572033,,,,,,,0,robot_not_discovered
2026-08-18T05:35:43.084+00:00,1787031343.084617,191155.1658096,13.097199300013017,sent,2,888,21,26,0.0,0.0,191155.1649005,191155.1651042,,,,,0,1,
2026-08-18T05:35:43.085+00:00,1787031343.0859952,191155.1669214,13.098311100009596,sent,3,889,27,20,0.0,0.0,191155.166509,191155.1666413,,,,,0,1,
2026-08-18T05:35:43.085+00:00,1787031343.0859952,191155.1670196,13.09840930000064,send_error,10,890,0,0,0.0,0.0,191155.1670154,,,,,,,0,robot_not_discovered
2026-08-18T05:35:43.231+00:00,1787031343.2319515,191155.3132493,13.244639000011375,send_error,1,891,0,0,0.0,0.0,191155.3132402,,,,,,,0,robot_not_discovered
2026-08-18T05:35:43.236+00:00,1787031343.2364953,191155.3180241,13.249413800018374,sent,2,892,19,28,0.0,0.0,191155.3176596,191155.317845,,,,,0,1,
2026-08-18T05:35:43.238+00:00,1787031343.2384915,191155.3192123,13.250602000014624,sent,3,893,31,18,0.0,0.0,191155.3189687,191155.3190753,,,,,0,1,
2026-08-18T05:35:43.238+00:00,1787031343.2384915,191155.3192626,13.250652300019283,send_error,10,894,0,0,0.0,0.0,191155.3192568,,,,,,,0,robot_not_discovered
2026-08-18T05:35:43.388+00:00,1787031343.3880398,191155.4688459,13.40023560001282,send_error,1,895,0,0,0.0,0.0,191155.4688285,,,,,,,0,robot_not_discovered
2026-08-18T05:35:43.394+00:00,1787031343.3940892,191155.474732,13.40612170001259,sent,2,896,19,28,0.0,0.0,191155.4744556,191155.4745631,,,,,0,1,
2026-08-18T05:35:43.394+00:00,1787031343.3940892,191155.475383,13.406772700021975,sent,3,897,36,18,0.0,0.0,191155.4751856,191155.4752701,,,,,0,1,
2026-08-18T05:35:43.394+00:00,1787031343.3940892,191155.4754305,13.406820200005313,send_error,10,898,0,0,0.0,0.0,191155.4754278,,,,,,,0,robot_not_discovered
2026-08-18T05:35:43.559+00:00,1787031343.559636,191155.6404154,13.571805100014899,send_error,1,899,0,0,0.0,0.0,191155.6404052,,,,,,,0,robot_not_discovered
2026-08-18T05:35:43.565+00:00,1787031343.5651598,191155.6466631,13.578052800003206,sent,2,900,20,27,0.0,0.0,191155.6462163,191155.6463955,,,,,0,1,
2026-08-18T05:35:43.566+00:00,1787031343.5661602,191155.6475129,13.578902600012952,sent,3,901,33,18,0.0,0.0,191155.6472609,191155.6474047,,,,,0,1,
2026-08-18T05:35:43.566+00:00,1787031343.5661602,191155.6475604,13.578950099996291,send_error,10,902,0,0,0.0,0.0,191155.6475575,,,,,,,0,robot_not_discovered
2026-08-18T05:35:43.714+00:00,1787031343.7148771,191155.7962767,13.727666400023736,send_error,1,903,0,0,0.0,0.0,191155.7962665,,,,,,,0,robot_not_discovered
2026-08-18T05:35:43.720+00:00,1787031343.7208767,191155.8024046,13.733794300002046,sent,2,904,19,28,0.0,0.0,191155.8021125,191155.8022403,,,,,0,1,
2026-08-18T05:35:43.722+00:00,1787031343.722162,191155.8029538,13.734343500022078,sent,3,905,31,18,0.0,0.0,191155.8027738,191155.8028514,,,,,0,1,
2026-08-18T05:35:43.722+00:00,1787031343.722162,191155.8029827,13.734372400009306,send_error,10,906,0,0,0.0,0.0,191155.8029802,,,,,,,0,robot_not_discovered
2026-08-18T05:35:43.893+00:00,1787031343.8946507,191155.9751584,13.906548099999782,send_error,1,907,0,0,0.0,0.0,191155.975099,,,,,,,0,robot_not_discovered
2026-08-18T05:35:43.900+00:00,1787031343.9000354,191155.9807423,13.912131999997655,sent,2,908,21,26,0.0,0.0,191155.9805242,191155.9806302,,,,,0,1,
2026-08-18T05:35:43.900+00:00,1787031343.9000354,191155.9813506,13.912740300002042,sent,3,909,31,18,0.0,0.0,191155.9811966,191155.9812808,,,,,0,1,
2026-08-18T05:35:43.900+00:00,1787031343.9000354,191155.9813814,13.912771100003738,send_error,10,910,0,0,0.0,0.0,191155.9813788,,,,,,,0,robot_not_discovered
2026-08-18T05:35:44.150+00:00,1787031344.1509569,191156.2325836,14.16397330001928,send_error,1,911,0,0,0.0,0.0,191156.2325568,,,,,,,0,robot_not_discovered
2026-08-18T05:35:44.170+00:00,1787031344.1707854,191156.2514169,14.18280660000164,sent,2,912,18,34,0.0,0.0,191156.2511252,191156.2512766,,,,,0,1,
2026-08-18T05:35:44.170+00:00,1787031344.1707854,191156.2520773,14.183467000024393,sent,3,913,32,18,0.0,0.0,191156.2518796,191156.251977,,,,,0,1,
2026-08-18T05:35:44.170+00:00,1787031344.1707854,191156.2521108,14.183500500017544,send_error,10,914,0,0,0.0,0.0,191156.2521081,,,,,,,0,robot_not_discovered
2026-08-18T05:35:44.310+00:00,1787031344.3108547,191156.3921759,14.323565600003349,send_error,1,915,0,0,0.0,0.0,191156.3921608,,,,,,,0,robot_not_discovered
2026-08-18T05:35:44.318+00:00,1787031344.3188677,191156.3994586,14.330848300014623,sent,2,916,-27,42,0.0,0.0,191156.3991769,191156.3992856,,,,,0,1,
2026-08-18T05:35:44.318+00:00,1787031344.3188677,191156.4000583,14.331448000011733,sent,3,917,40,-29,0.0,0.0,191156.399863,191156.3999654,,,,,0,1,
2026-08-18T05:35:44.318+00:00,1787031344.3188677,191156.4000875,14.331477200001245,send_error,10,918,0,0,0.0,0.0,191156.4000852,,,,,,,0,robot_not_discovered
2026-08-18T05:35:44.471+00:00,1787031344.4718668,191156.5533316,14.484721300017554,send_error,1,919,0,0,0.0,0.0,191156.5533068,,,,,,,0,robot_not_discovered
2026-08-18T05:35:44.477+00:00,1787031344.4778738,191156.5592478,14.49063750001369,sent,2,920,-35,35,0.0,0.0,191156.5590002,191156.5590905,,,,,0,1,
2026-08-18T05:35:44.478+00:00,1787031344.4788747,191156.5597972,14.491186900006142,sent,3,921,36,-33,0.0,0.0,191156.5596102,191156.5596992,,,,,0,1,
2026-08-18T05:35:44.478+00:00,1787031344.4788747,191156.5598285,14.491218200011645,send_error,10,922,0,0,0.0,0.0,191156.5598259,,,,,,,0,robot_not_discovered
2026-08-18T05:35:44.637+00:00,1787031344.6375172,191156.7184056,14.6497953000071,send_error,1,923,0,0,0.0,0.0,191156.7183943,,,,,,,0,robot_not_discovered
2026-08-18T05:35:44.644+00:00,1787031344.644026,191156.7247722,14.656161899998551,sent,2,924,-27,43,0.0,0.0,191156.7245139,191156.7245924,,,,,0,1,
2026-08-18T05:35:44.644+00:00,1787031344.644026,191156.7252695,14.65665920000174,sent,3,925,43,-27,0.0,0.0,191156.7251349,191156.7251991,,,,,0,1,
2026-08-18T05:35:44.644+00:00,1787031344.644026,191156.7253003,14.656690000003437,send_error,10,926,0,0,0.0,0.0,191156.7252978,,,,,,,0,robot_not_discovered
2026-08-18T05:35:44.798+00:00,1787031344.7987072,191156.8801141,14.811503800010541,send_error,1,927,0,0,0.0,0.0,191156.8800955,,,,,,,0,robot_not_discovered
2026-08-18T05:35:44.804+00:00,1787031344.8047287,191156.8856626,14.817052300000796,sent,2,928,-27,43,0.0,0.0,191156.8853996,191156.8855063,,,,,0,1,
2026-08-18T05:35:44.804+00:00,1787031344.8047287,191156.8861705,14.817560199997388,sent,3,929,38,-22,0.0,0.0,191156.8860065,191156.8860724,,,,,0,1,
2026-08-18T05:35:44.804+00:00,1787031344.8047287,191156.8862064,14.817596100008814,send_error,10,930,0,0,0.0,0.0,191156.8862037,,,,,,,0,robot_not_discovered
2026-08-18T05:35:44.976+00:00,1787031344.976143,191157.0574702,14.988859900011448,send_error,1,931,0,0,0.0,0.0,191157.0574587,,,,,,,0,robot_not_discovered
2026-08-18T05:35:44.982+00:00,1787031344.9826646,191157.0633489,14.99473860001308,sent,2,932,-27,43,0.0,0.0,191157.0626177,191157.0628338,,,,,0,1,
2026-08-18T05:35:44.982+00:00,1787031344.9826646,191157.0641057,14.99549540001317,sent,3,933,38,-22,0.0,0.0,191157.0639034,191157.0639898,,,,,0,1,
2026-08-18T05:35:44.982+00:00,1787031344.9826646,191157.0641457,14.995535399997607,send_error,10,934,0,0,0.0,0.0,191157.0641429,,,,,,,0,robot_not_discovered
2026-08-18T05:35:45.146+00:00,1787031345.146378,191157.2277084,15.159098100004485,send_error,1,935,0,0,0.0,0.0,191157.2276551,,,,,,,0,robot_not_discovered
2026-08-18T05:35:45.158+00:00,1787031345.158015,191157.239487,15.170876700023655,sent,2,936,-26,42,0.0,0.0,191157.2388516,191157.2391209,,,,,0,1,
2026-08-18T05:35:45.159+00:00,1787031345.159018,191157.2403259,15.17171560000861,sent,3,937,38,-22,0.0,0.0,191157.2401473,191157.2402444,,,,,0,1,
2026-08-18T05:35:45.159+00:00,1787031345.159018,191157.2403641,15.171753800008446,send_error,10,938,0,0,0.0,0.0,191157.2403614,,,,,,,0,robot_not_discovered
2026-08-18T05:35:45.306+00:00,1787031345.3069472,191157.3877586,15.319148300011875,send_error,1,939,0,0,0.0,0.0,191157.3877159,,,,,,,0,robot_not_discovered
2026-08-18T05:35:45.316+00:00,1787031345.3161886,191157.3969096,15.328299300017534,sent,2,940,-26,42,0.0,0.0,191157.3965958,191157.3967078,,,,,0,1,
2026-08-18T05:35:45.316+00:00,1787031345.3161886,191157.3976355,15.329025200015167,sent,3,941,38,-22,0.0,0.0,191157.3974665,191157.3975336,,,,,0,1,
2026-08-18T05:35:45.316+00:00,1787031345.3161886,191157.3976686,15.329058300005272,send_error,10,942,0,0,0.0,0.0,191157.3976654,,,,,,,0,robot_not_discovered
2026-08-18T05:35:45.458+00:00,1787031345.4584444,191157.5393316,15.470721300021978,send_error,1,943,0,0,0.0,0.0,191157.5393171,,,,,,,0,robot_not_discovered
2026-08-18T05:35:45.461+00:00,1787031345.4619682,191157.5448408,15.476230500004021,sent,2,944,-22,38,0.0,0.0,191157.5445627,191157.544658,,,,,0,1,
2026-08-18T05:35:45.461+00:00,1787031345.4619682,191157.5454179,15.476807600003667,sent,3,945,38,-22,0.0,0.0,191157.5452162,191157.5452951,,,,,0,1,
2026-08-18T05:35:45.461+00:00,1787031345.4619682,191157.5454495,15.476839200011455,send_error,10,946,0,0,0.0,0.0,191157.5454471,,,,,,,0,robot_not_discovered
2026-08-18T05:35:45.620+00:00,1787031345.6206603,191157.7017803,15.633170000015525,send_error,1,947,0,0,0.0,0.0,191157.7017671,,,,,,,0,robot_not_discovered
2026-08-18T05:35:45.628+00:00,1787031345.628674,191157.7096168,15.64100650002365,sent,2,948,-22,38,0.0,0.0,191157.7092534,191157.7093545,,,,,0,1,
2026-08-18T05:35:45.629+00:00,1787031345.6297643,191157.7103415,15.641731200012146,sent,3,949,38,-22,0.0,0.0,191157.7100913,191157.7101654,,,,,0,1,
2026-08-18T05:35:45.629+00:00,1787031345.6297643,191157.7104188,15.64180850001867,send_error,10,950,0,0,0.0,0.0,191157.7104148,,,,,,,0,robot_not_discovered
2026-08-18T05:35:45.771+00:00,1787031345.7727382,191157.8532041,15.784593800024595,send_error,1,951,0,0,0.0,0.0,191157.8531657,,,,,,,0,robot_not_discovered
2026-08-18T05:35:45.776+00:00,1787031345.776736,191157.8578852,15.789274900016608,sent,2,952,-22,38,0.0,0.0,191157.8572413,191157.8575664,,,,,0,1,
2026-08-18T05:35:45.777+00:00,1787031345.7777383,191157.8585932,15.78998290002346,sent,3,953,18,24,0.0,0.0,191157.8583879,191157.8585174,,,,,0,1,
2026-08-18T05:35:45.777+00:00,1787031345.7777383,191157.8586222,15.79001190001145,send_error,10,954,0,0,0.0,0.0,191157.8586197,,,,,,,0,robot_not_discovered
2026-08-18T05:35:45.952+00:00,1787031345.9524045,191158.0332887,15.964678400021512,send_error,1,955,0,0,0.0,0.0,191158.0331973,,,,,,,0,robot_not_discovered
2026-08-18T05:35:45.966+00:00,1787031345.9661586,191158.0470242,15.978413900011219,sent,2,956,-22,38,0.0,0.0,191158.0460967,191158.046299,,,,,0,1,
2026-08-18T05:35:45.968+00:00,1787031345.9681726,191158.0495523,15.980942000023788,sent,3,957,35,31,0.0,0.0,191158.0491068,191158.0492764,,,,,0,1,
2026-08-18T05:35:45.969+00:00,1787031345.96917,191158.0496795,15.981069200002821,send_error,10,958,0,0,0.0,0.0,191158.0496727,,,,,,,0,robot_not_discovered
2026-08-18T05:35:46.115+00:00,1787031346.1153312,191158.1964585,16.127848200005246,send_error,1,959,0,0,0.0,0.0,191158.1964471,,,,,,,0,robot_not_discovered
2026-08-18T05:35:46.121+00:00,1787031346.121856,191158.2024158,16.1338055000233,sent,2,960,18,38,0.0,0.0,191158.2017897,191158.2019461,,,,,0,1,
2026-08-18T05:35:46.121+00:00,1787031346.121856,191158.2032646,16.134654299996328,sent,3,961,30,18,0.0,0.0,191158.2030419,191158.2031317,,,,,0,1,
2026-08-18T05:35:46.121+00:00,1787031346.121856,191158.2032977,16.134687400015537,send_error,10,962,0,0,0.0,0.0,191158.2032951,,,,,,,0,robot_not_discovered
2026-08-18T05:35:46.282+00:00,1787031346.28223,191158.3632891,16.294678800011752,send_error,1,963,0,0,0.0,0.0,191158.363276,,,,,,,0,robot_not_discovered
2026-08-18T05:35:46.288+00:00,1787031346.2882223,191158.3688483,16.30023799999617,sent,2,964,27,20,0.0,0.0,191158.3681653,191158.368384,,,,,0,1,
2026-08-18T05:35:46.289+00:00,1787031346.2892365,191158.3698155,16.30120519999764,sent,3,965,18,31,0.0,0.0,191158.3695124,191158.3696033,,,,,0,1,
2026-08-18T05:35:46.289+00:00,1787031346.2892365,191158.3698676,16.301257300016005,send_error,10,966,0,0,0.0,0.0,191158.3698647,,,,,,,0,robot_not_discovered
2026-08-18T05:35:46.443+00:00,1787031346.4431744,191158.5243154,16.45570510000107,send_error,1,967,0,0,0.0,0.0,191158.5242886,,,,,,,0,robot_not_discovered
2026-08-18T05:35:46.450+00:00,1787031346.4506898,191158.5317172,16.46310690001701,sent,2,968,26,21,0.0,0.0,191158.5314664,191158.5315759,,,,,0,1,
2026-08-18T05:35:46.451+00:00,1787031346.4516928,191158.5322387,16.463628400000744,sent,3,969,18,41,0.0,0.0,191158.5320518,191158.5321318,,,,,0,1,
2026-08-18T05:35:46.451+00:00,1787031346.4516928,191158.5322718,16.463661500019953,send_error,10,970,0,0,0.0,0.0,191158.5322692,,,,,,,0,robot_not_discovered
2026-08-18T05:35:46.639+00:00,1787031346.6391091,191158.7204954,16.651885100000072,send_error,1,971,0,0,0.0,0.0,191158.7204601,,,,,,,0,robot_not_discovered
2026-08-18T05:35:46.646+00:00,1787031346.6466885,191158.7276858,16.65907550000702,sent,2,972,31,18,0.0,0.0,191158.7271039,191158.7273556,,,,,0,1,
2026-08-18T05:35:46.647+00:00,1787031346.647686,191158.7286897,16.660079399996903,sent,3,973,18,33,0.0,0.0,191158.7282647,191158.7283875,,,,,0,1,
2026-08-18T05:35:46.647+00:00,1787031346.647686,191158.7287478,16.660137500002747,send_error,10,974,0,0,0.0,0.0,191158.7287447,,,,,,,0,robot_not_discovered
2026-08-18T05:35:46.907+00:00,1787031346.9072285,191158.9884318,16.9198215000215,send_error,1,975,0,0,0.0,0.0,191158.988386,,,,,,,0,robot_not_discovered
2026-08-18T05:35:47.204+00:00,1787031347.2041674,191159.2847586,17.21614830000908,sent,2,976,21,26,0.0,0.0,191159.2841687,191159.2845406,,,,,0,1,
2026-08-18T05:35:47.204+00:00,1787031347.2041674,191159.2849606,17.216350300004706,sent,3,977,0,0,0.0,0.0,191159.284848,191159.284853,,,,,0,1,
2026-08-18T05:35:47.204+00:00,1787031347.2041674,191159.2850611,17.216450800013263,send_error,10,978,0,0,0.0,0.0,191159.2850578,,,,,,,0,robot_not_discovered
2026-08-18T05:35:47.392+00:00,1787031347.3929641,191159.4742495,17.40563920000568,send_error,1,979,0,0,0.0,0.0,191159.4742342,,,,,,,0,robot_not_discovered
2026-08-18T05:35:47.398+00:00,1787031347.3989594,191159.4801608,17.411550500022713,sent,2,980,-35,35,0.0,0.0,191159.479697,191159.4798554,,,,,0,1,
2026-08-18T05:35:47.399+00:00,1787031347.39996,191159.4809545,17.41234420001274,sent,3,981,-27,43,0.0,0.0,191159.4807822,191159.4808665,,,,,0,1,
2026-08-18T05:35:47.399+00:00,1787031347.39996,191159.4809862,17.41237590002129,send_error,10,982,0,0,0.0,0.0,191159.4809837,,,,,,,0,robot_not_discovered
2026-08-18T05:35:47.571+00:00,1787031347.5711977,191159.6519414,17.583331100002397,send_error,1,983,0,0,0.0,0.0,191159.6519061,,,,,,,0,robot_not_discovered
2026-08-18T05:35:47.579+00:00,1787031347.5797203,191159.6611123,17.592502000014065,sent,2,984,-35,35,0.0,0.0,191159.6605826,191159.6607902,,,,,0,1,
2026-08-18T05:35:47.581+00:00,1787031347.5812242,191159.6618567,17.593246400007047,sent,3,985,-22,38,0.0,0.0,191159.6616675,191159.6617641,,,,,0,1,
2026-08-18T05:35:47.581+00:00,1787031347.5812242,191159.6618862,17.593275899998844,send_error,10,986,0,0,0.0,0.0,191159.6618839,,,,,,,0,robot_not_discovered
2026-08-18T05:35:47.727+00:00,1787031347.7271981,191159.8082852,17.739674900018144,send_error,1,987,0,0,0.0,0.0,191159.8082722,,,,,,,0,robot_not_discovered
2026-08-18T05:35:47.736+00:00,1787031347.737718,191159.8181153,17.749505000014324,sent,2,988,-35,35,0.0,0.0,191159.8176477,191159.8179203,,,,,0,1,
2026-08-18T05:35:47.737+00:00,1787031347.737718,191159.8192295,17.750619200000074,sent,3,989,-22,38,0.0,0.0,191159.8188631,191159.819032,,,,,0,1,
2026-08-18T05:35:47.737+00:00,1787031347.737718,191159.8193104,17.750700100004906,send_error,10,990,0,0,0.0,0.0,191159.819307,,,,,,,0,robot_not_discovered
2026-08-18T05:35:47.888+00:00,1787031347.8888063,191159.9697613,17.901150999998208,send_error,1,991,0,0,0.0,0.0,191159.9697141,,,,,,,0,robot_not_discovered
2026-08-18T05:35:47.902+00:00,1787031347.9024131,191159.9832167,17.91460640000878,sent,2,992,-35,35,0.0,0.0,191159.9829625,191159.9831087,,,,,0,1,
2026-08-18T05:35:47.903+00:00,1787031347.9034195,191159.984472,17.915861700021196,sent,3,993,-22,38,0.0,0.0,191159.9841077,191159.9842864,,,,,0,1,
2026-08-18T05:35:47.903+00:00,1787031347.9034195,191159.9845672,17.9159569000185,send_error,10,994,0,0,0.0,0.0,191159.9845619,,,,,,,0,robot_not_discovered
2026-08-18T05:35:48.122+00:00,1787031348.1222644,191160.2035102,18.134899900003802,send_error,1,995,0,0,0.0,0.0,191160.2034775,,,,,,,0,robot_not_discovered
2026-08-18T05:35:48.135+00:00,1787031348.1350124,191160.2154358,18.146825500007253,sent,2,996,-35,35,0.0,0.0,191160.214775,191160.2150448,,,,,0,1,
2026-08-18T05:35:48.136+00:00,1787031348.1360128,191160.2167818,18.148171500011813,sent,3,997,-22,38,0.0,0.0,191160.216346,191160.2165576,,,,,0,1,
2026-08-18T05:35:48.136+00:00,1787031348.1360128,191160.2168848,18.148274500010302,send_error,10,998,0,0,0.0,0.0,191160.2168805,,,,,,,0,robot_not_discovered
2026-08-18T05:35:48.305+00:00,1787031348.305841,191160.3868138,18.318203500006348,send_error,1,999,0,0,0.0,0.0,191160.3867766,,,,,,,0,robot_not_discovered
2026-08-18T05:35:48.316+00:00,1787031348.3163445,191160.3976666,18.329056300019147,sent,2,1000,-35,35,0.0,0.0,191160.3973072,191160.3974446,,,,,0,1,
2026-08-18T05:35:48.317+00:00,1787031348.3173444,191160.3983728,18.329762500012293,sent,3,1001,-22,38,0.0,0.0,191160.3981598,191160.3982339,,,,,0,1,
2026-08-18T05:35:48.317+00:00,1787031348.3173444,191160.3984131,18.329802799999015,send_error,10,1002,0,0,0.0,0.0,191160.3984101,,,,,,,0,robot_not_discovered
2026-08-18T05:35:48.485+00:00,1787031348.4857721,191160.5670255,18.49841520001064,send_error,1,1003,0,0,0.0,0.0,191160.5669869,,,,,,,0,robot_not_discovered
2026-08-18T05:35:48.495+00:00,1787031348.495307,191160.5765739,18.5079636000155,sent,2,1004,38,-22,0.0,0.0,191160.5759878,191160.5761849,,,,,0,1,
2026-08-18T05:35:48.496+00:00,1787031348.4968119,191160.5773847,18.50877440001932,sent,3,1005,-22,38,0.0,0.0,191160.5771795,191160.5772567,,,,,0,1,
2026-08-18T05:35:48.496+00:00,1787031348.4968119,191160.5774223,18.508812000014586,send_error,10,1006,0,0,0.0,0.0,191160.5774195,,,,,,,0,robot_not_discovered
2026-08-18T05:35:48.651+00:00,1787031348.6515744,191160.7321031,18.663492799998494,send_error,1,1007,0,0,0.0,0.0,191160.7320933,,,,,,,0,robot_not_discovered
2026-08-18T05:35:48.656+00:00,1787031348.6565838,191160.737247,18.668636700022034,sent,2,1008,38,-22,0.0,0.0,191160.7369462,191160.7370552,,,,,0,1,
2026-08-18T05:35:48.656+00:00,1787031348.6565838,191160.7379348,18.669324500020593,sent,3,1009,-22,38,0.0,0.0,191160.7377538,191160.7378339,,,,,0,1,
2026-08-18T05:35:48.657+00:00,1787031348.6575804,191160.7379636,18.66935330000706,send_error,10,1010,0,0,0.0,0.0,191160.7379606,,,,,,,0,robot_not_discovered
2026-08-18T05:35:48.837+00:00,1787031348.8371077,191160.9177925,18.849182200006908,send_error,1,1011,0,0,0.0,0.0,191160.9177736,,,,,,,0,robot_not_discovered
2026-08-18T05:35:48.843+00:00,1787031348.8431177,191160.9243606,18.85575030001928,sent,2,1012,38,-22,0.0,0.0,191160.9240536,191160.9241695,,,,,0,1,
2026-08-18T05:35:48.844+00:00,1787031348.8441243,191160.9254429,18.856832600024063,sent,3,1013,33,18,0.0,0.0,191160.9251775,191160.9253172,,,,,0,1,
2026-08-18T05:35:48.844+00:00,1787031348.8441243,191160.925476,18.85686570001417,send_error,10,1014,0,0,0.0,0.0,191160.9254734,,,,,,,0,robot_not_discovered
2026-08-18T05:35:49.006+00:00,1787031349.0067718,191161.0872149,19.01860460001626,send_error,1,1015,0,0,0.0,0.0,191161.0871709,,,,,,,0,robot_not_discovered
2026-08-18T05:35:49.015+00:00,1787031349.015283,191161.0962497,19.02763940001023,sent,2,1016,-22,38,0.0,0.0,191161.0955894,191161.0957918,,,,,0,1,
2026-08-18T05:35:49.016+00:00,1787031349.0162978,191161.0973458,19.028735500003677,sent,3,1017,30,18,0.0,0.0,191161.0970109,191161.0971467,,,,,0,1,
2026-08-18T05:35:49.016+00:00,1787031349.0162978,191161.0973819,19.028771600016626,send_error,10,1018,0,0,0.0,0.0,191161.0973795,,,,,,,0,robot_not_discovered
2026-08-18T05:35:49.197+00:00,1787031349.197226,191161.2776708,19.209060499997577,send_error,1,1019,0,0,0.0,0.0,191161.277656,,,,,,,0,robot_not_discovered
2026-08-18T05:35:49.202+00:00,1787031349.2024362,191161.2835786,19.214968300017063,sent,2,1020,22,25,0.0,0.0,191161.282995,191161.283207,,,,,0,1,
2026-08-18T05:35:49.204+00:00,1787031349.2044387,191161.2848047,19.216194400010863,sent,3,1021,29,18,0.0,0.0,191161.2845043,191161.2846349,,,,,0,1,
2026-08-18T05:35:49.204+00:00,1787031349.2044387,191161.284874,19.21626370001468,send_error,10,1022,0,0,0.0,0.0,191161.2848685,,,,,,,0,robot_not_discovered
2026-08-18T05:35:49.363+00:00,1787031349.3633275,191161.4446453,19.376035000022966,send_error,1,1023,0,0,0.0,0.0,191161.4446249,,,,,,,0,robot_not_discovered
2026-08-18T05:35:49.376+00:00,1787031349.3773732,191161.4576288,19.38901850002003,sent,2,1024,19,28,0.0,0.0,191161.4547254,191161.4554695,,,,,0,1,
2026-08-18T05:35:49.380+00:00,1787031349.380875,191161.4615748,19.392964500002563,sent,3,1025,27,20,0.0,0.0,191161.4599559,191161.4602823,,,,,0,1,
2026-08-18T05:35:49.380+00:00,1787031349.380875,191161.4617546,19.39314430000377,send_error,10,1026,0,0,0.0,0.0,191161.4617389,,,,,,,0,robot_not_discovered
2026-08-18T05:35:49.537+00:00,1787031349.5370176,191161.6183185,19.549708200007444,send_error,1,1027,0,0,0.0,0.0,191161.6183057,,,,,,,0,robot_not_discovered
2026-08-18T05:35:49.545+00:00,1787031349.5453458,191161.6261459,19.557535600004485,sent,2,1028,18,29,0.0,0.0,191161.6256187,191161.6258434,,,,,0,1,
2026-08-18T05:35:49.546+00:00,1787031349.5463443,191161.6269693,19.558359000016935,sent,3,1029,26,21,0.0,0.0,191161.6267625,191161.626871,,,,,0,1,
2026-08-18T05:35:49.546+00:00,1787031349.5463443,191161.627015,19.55840470001567,send_error,10,1030,0,0,0.0,0.0,191161.6270121,,,,,,,0,robot_not_discovered
2026-08-18T05:35:49.718+00:00,1787031349.7181158,191161.7989305,19.730320200003916,send_error,1,1031,0,0,0.0,0.0,191161.7988955,,,,,,,0,robot_not_discovered
2026-08-18T05:35:49.725+00:00,1787031349.725148,191161.8056971,19.737086800014367,sent,2,1032,24,23,0.0,0.0,191161.8049083,191161.8051345,,,,,0,1,
2026-08-18T05:35:49.726+00:00,1787031349.7261486,191161.806488,19.737877700012177,sent,3,1033,28,19,0.0,0.0,191161.8062702,191161.8063672,,,,,0,1,
2026-08-18T05:35:49.726+00:00,1787031349.7261486,191161.8065267,19.73791640001582,send_error,10,1034,0,0,0.0,0.0,191161.8065236,,,,,,,0,robot_not_discovered
2026-08-18T05:35:49.879+00:00,1787031349.8798113,191161.9609881,19.89237780001713,send_error,1,1035,0,0,0.0,0.0,191161.9609578,,,,,,,0,robot_not_discovered
2026-08-18T05:35:49.887+00:00,1787031349.8873305,191161.968582,19.89997170001152,sent,2,1036,57,-18,0.0,0.0,191161.9682604,191161.9683917,,,,,0,1,
2026-08-18T05:35:49.888+00:00,1787031349.8883393,191161.9692186,19.900608299998567,sent,3,1037,41,18,0.0,0.0,191161.9690089,191161.9690817,,,,,0,1,
2026-08-18T05:35:49.888+00:00,1787031349.8883393,191161.969286,19.90067570001702,send_error,10,1038,0,0,0.0,0.0,191161.9692829,,,,,,,0,robot_not_discovered
2026-08-18T05:35:50.101+00:00,1787031350.1019104,191162.1830478,20.1144375000149,send_error,1,1039,0,0,0.0,0.0,191162.1830098,,,,,,,0,robot_not_discovered
2026-08-18T05:35:50.119+00:00,1787031350.1194632,191162.2006007,20.13199039999745,sent,2,1040,38,-22,0.0,0.0,191162.1997294,191162.2000237,,,,,0,1,
2026-08-18T05:35:50.120+00:00,1787031350.1209705,191162.2019168,20.133306500007166,sent,3,1041,38,-22,0.0,0.0,191162.2015681,191162.2016735,,,,,0,1,
2026-08-18T05:35:50.120+00:00,1787031350.1209705,191162.201977,20.133366699999897,send_error,10,1042,0,0,0.0,0.0,191162.2019719,,,,,,,0,robot_not_discovered
2026-08-18T05:35:50.343+00:00,1787031350.3438807,191162.4251963,20.356586000008974,send_error,1,1043,0,0,0.0,0.0,191162.4251567,,,,,,,0,robot_not_discovered
2026-08-18T05:35:50.355+00:00,1787031350.355912,191162.4363868,20.367776500002947,sent,2,1044,38,-22,0.0,0.0,191162.4356053,191162.4358085,,,,,0,1,
2026-08-18T05:35:50.356+00:00,1787031350.3569138,191162.4378245,20.369214200007264,sent,3,1045,38,-22,0.0,0.0,191162.4374955,191162.4376216,,,,,0,1,
2026-08-18T05:35:50.356+00:00,1787031350.3569138,191162.4378904,20.369280100014294,send_error,10,1046,0,0,0.0,0.0,191162.4378878,,,,,,,0,robot_not_discovered
2026-08-18T05:35:50.546+00:00,1787031350.5479126,191162.6282141,20.559603800007608,send_error,1,1047,0,0,0.0,0.0,191162.6282006,,,,,,,0,robot_not_discovered
2026-08-18T05:35:50.554+00:00,1787031350.5549927,191162.6353225,20.566712200001348,sent,2,1048,38,-22,0.0,0.0,191162.6350024,191162.6351217,,,,,0,1,
2026-08-18T05:35:50.555+00:00,1787031350.555975,191162.6364664,20.56785610000952,sent,3,1049,38,-22,0.0,0.0,191162.6359949,191162.6362321,,,,,0,1,
2026-08-18T05:35:50.555+00:00,1787031350.555975,191162.6365471,20.56793680001283,send_error,10,1050,0,0,0.0,0.0,191162.6365425,,,,,,,0,robot_not_discovered
2026-08-18T05:35:50.741+00:00,1787031350.741133,191162.821832,20.753221699997084,send_error,1,1051,0,0,0.0,0.0,191162.8218225,,,,,,,0,robot_not_discovered
2026-08-18T05:35:50.747+00:00,1787031350.7477646,191162.8282772,20.75966690000496,sent,2,1052,43,-27,0.0,0.0,191162.827949,191162.8280633,,,,,0,1,
2026-08-18T05:35:50.748+00:00,1787031350.7487667,191162.8292502,20.760639900021488,sent,3,1053,43,-27,0.0,0.0,191162.8289126,191162.8290042,,,,,0,1,
2026-08-18T05:35:50.748+00:00,1787031350.7487667,191162.8292857,20.760675400000764,send_error,10,1054,0,0,0.0,0.0,191162.8292834,,,,,,,0,robot_not_discovered
2026-08-18T05:35:50.961+00:00,1787031350.961078,191163.0413685,20.972758200019598,send_error,1,1055,0,0,0.0,0.0,191163.0412968,,,,,,,0,robot_not_discovered
2026-08-18T05:35:50.994+00:00,1787031350.994701,191163.0751556,21.006545300013386,sent,2,1056,-22,38,0.0,0.0,191163.0714519,191163.0718942,,,,,0,1,
2026-08-18T05:35:51.499+00:00,1787031351.4990096,191163.579329,21.51071870001033,sent,3,1057,38,-22,0.0,0.0,191163.578992,191163.579164,,,,,0,1,
2026-08-18T05:35:51.499+00:00,1787031351.4990096,191163.579372,21.51076170001761,send_error,10,1058,0,0,0.0,0.0,191163.5793686,,,,,,,0,robot_not_discovered
2026-08-18T05:35:51.693+00:00,1787031351.69376,191163.7741643,21.705554000014672,send_error,1,1059,0,0,0.0,0.0,191163.7741323,,,,,,,0,robot_not_discovered
2026-08-18T05:35:51.703+00:00,1787031351.7035193,191163.7843498,21.715739500010386,sent,2,1060,22,47,0.0,0.0,191163.7836989,191163.7839884,,,,,0,1,
2026-08-18T05:35:51.704+00:00,1787031351.7045257,191163.7853546,21.71674430000712,sent,3,1061,18,62,0.0,0.0,191163.785075,191163.7852178,,,,,0,1,
2026-08-18T05:35:51.704+00:00,1787031351.7045257,191163.7854017,21.71679140001652,send_error,10,1062,0,0,0.0,0.0,191163.7853983,,,,,,,0,robot_not_discovered
2026-08-18T05:35:51.931+00:00,1787031351.9318275,191164.0121607,21.943550399999367,send_error,1,1063,0,0,0.0,0.0,191164.0120772,,,,,,,0,robot_not_discovered
2026-08-18T05:35:52.154+00:00,1787031352.1544008,191164.2354291,22.166818800003966,sent,2,1064,40,29,0.0,0.0,191164.2346694,191164.234938,,,,,0,1,
2026-08-18T05:35:52.155+00:00,1787031352.1554017,191164.2363482,22.167737900017528,sent,3,1065,27,42,0.0,0.0,191164.2360453,191164.2360885,,,,,0,1,
2026-08-18T05:35:52.155+00:00,1787031352.1554017,191164.2363889,22.167778600007296,send_error,10,1066,0,0,0.0,0.0,191164.2363858,,,,,,,0,robot_not_discovered
2026-08-18T05:35:52.326+00:00,1787031352.326763,191164.4077325,22.339122200006386,send_error,1,1067,0,0,0.0,0.0,191164.4076769,,,,,,,0,robot_not_discovered
2026-08-18T05:35:52.333+00:00,1787031352.3337722,191164.4141538,22.345543500006897,sent,2,1068,42,-26,0.0,0.0,191164.4137417,191164.4139294,,,,,0,1,
2026-08-18T05:35:52.334+00:00,1787031352.3347733,191164.4154489,22.34683860000223,sent,3,1069,27,42,0.0,0.0,191164.4152469,191164.4153467,,,,,0,1,
2026-08-18T05:35:52.334+00:00,1787031352.3347733,191164.415501,22.346890700020595,send_error,10,1070,0,0,0.0,0.0,191164.4154983,,,,,,,0,robot_not_discovered
2026-08-18T05:35:52.519+00:00,1787031352.5190423,191164.5997856,22.531175300013274,send_error,1,1071,0,0,0.0,0.0,191164.5997511,,,,,,,0,robot_not_discovered
2026-08-18T05:35:52.531+00:00,1787031352.5310807,191164.6116197,22.54300940001849,sent,2,1072,38,-22,0.0,0.0,191164.61118,191164.6114047,,,,,0,1,
2026-08-18T05:35:52.531+00:00,1787031352.5315914,191164.6126519,22.544041600020137,sent,3,1073,32,37,0.0,0.0,191164.6123563,191164.6124646,,,,,0,1,
2026-08-18T05:35:52.531+00:00,1787031352.5315914,191164.6127245,22.544114200019976,send_error,10,1074,0,0,0.0,0.0,191164.6127211,,,,,,,0,robot_not_discovered
2026-08-18T05:35:52.676+00:00,1787031352.6760628,191164.7564164,22.68780610000249,send_error,1,1075,0,0,0.0,0.0,191164.7564043,,,,,,,0,robot_not_discovered
2026-08-18T05:35:52.679+00:00,1787031352.6790533,191164.7600934,22.691483100003097,sent,2,1076,43,-27,0.0,0.0,191164.7598567,191164.7599572,,,,,0,1,
2026-08-18T05:35:52.680+00:00,1787031352.6800458,191164.7610156,22.69240530001116,sent,3,1077,34,35,0.0,0.0,191164.7606869,191164.7608215,,,,,0,1,
2026-08-18T05:35:52.680+00:00,1787031352.6800458,191164.7610476,22.692437300021993,send_error,10,1078,0,0,0.0,0.0,191164.7610451,,,,,,,0,robot_not_discovered
2026-08-18T05:35:52.843+00:00,1787031352.843543,191164.9238029,22.855192600021837,send_error,1,1079,0,0,0.0,0.0,191164.9237916,,,,,,,0,robot_not_discovered
2026-08-18T05:35:52.852+00:00,1787031352.852073,191164.9324805,22.863870200002566,sent,2,1080,38,-22,0.0,0.0,191164.9321405,191164.9322498,,,,,0,1,
2026-08-18T05:35:52.852+00:00,1787031352.852073,191164.9330765,22.864466200000606,sent,3,1081,34,35,0.0,0.0,191164.9328682,191164.932966,,,,,0,1,
2026-08-18T05:35:52.852+00:00,1787031352.852073,191164.9331102,22.864499900024384,send_error,10,1082,0,0,0.0,0.0,191164.9331076,,,,,,,0,robot_not_discovered
2026-08-18T05:35:53.017+00:00,1787031353.0172908,191165.0979664,23.02935610001441,send_error,1,1083,0,0,0.0,0.0,191165.0979544,,,,,,,0,robot_not_discovered
2026-08-18T05:35:53.022+00:00,1787031353.0225754,191165.1032728,23.034662500023842,sent,2,1084,38,-22,0.0,0.0,191165.1029168,191165.1031293,,,,,0,1,
2026-08-18T05:35:53.023+00:00,1787031353.0235684,191165.1039309,23.035320599999977,sent,3,1085,35,34,0.0,0.0,191165.1037748,191165.1038574,,,,,0,1,
2026-08-18T05:35:53.023+00:00,1787031353.0235684,191165.1039652,23.03535489999922,send_error,10,1086,0,0,0.0,0.0,191165.1039627,,,,,,,0,robot_not_discovered
2026-08-18T05:35:53.175+00:00,1787031353.175037,191165.2553123,23.186702000006335,send_error,1,1087,0,0,0.0,0.0,191165.2552799,,,,,,,0,robot_not_discovered
2026-08-18T05:35:53.183+00:00,1787031353.1831756,191165.2638826,23.19527230001404,sent,2,1088,38,-22,0.0,0.0,191165.2628968,191165.2631686,,,,,0,1,
2026-08-18T05:35:53.184+00:00,1787031353.1841972,191165.2646796,23.19606930000009,sent,3,1089,36,33,0.0,0.0,191165.2644394,191165.2645248,,,,,0,1,
2026-08-18T05:35:53.184+00:00,1787031353.1841972,191165.2647172,23.19610690002446,send_error,10,1090,0,0,0.0,0.0,191165.2647147,,,,,,,0,robot_not_discovered
2026-08-18T05:35:53.338+00:00,1787031353.3386736,191165.4195783,23.35096800001338,send_error,1,1091,0,0,0.0,0.0,191165.419568,,,,,,,0,robot_not_discovered
2026-08-18T05:35:53.345+00:00,1787031353.3451848,191165.4258404,23.357230100024026,sent,2,1092,-22,38,0.0,0.0,191165.4255596,191165.4256602,,,,,0,1,
2026-08-18T05:35:53.345+00:00,1787031353.3451848,191165.4263415,23.357731199997943,sent,3,1093,30,22,0.0,0.0,191165.4261703,191165.4262386,,,,,0,1,
2026-08-18T05:35:53.345+00:00,1787031353.3451848,191165.426371,23.357760700018844,send_error,10,1094,0,0,0.0,0.0,191165.4263688,,,,,,,0,robot_not_discovered
2026-08-18T05:35:53.496+00:00,1787031353.496061,191165.5766914,23.508081100007985,send_error,1,1095,0,0,0.0,0.0,191165.5766787,,,,,,,0,robot_not_discovered
2026-08-18T05:35:53.504+00:00,1787031353.5045516,191165.5847832,23.516172900010133,sent,2,1096,24,45,0.0,0.0,191165.58435,191165.584589,,,,,0,1,
2026-08-18T05:35:53.505+00:00,1787031353.5055757,191165.5858934,23.517283100023633,sent,3,1097,22,19,0.0,0.0,191165.5855866,191165.5856936,,,,,0,1,
2026-08-18T05:35:53.505+00:00,1787031353.5055757,191165.5859369,23.517326600005617,send_error,10,1098,0,0,0.0,0.0,191165.5859344,,,,,,,0,robot_not_discovered
2026-08-18T05:35:53.646+00:00,1787031353.6462235,191165.7271389,23.6585286000045,send_error,1,1099,0,0,0.0,0.0,191165.7271243,,,,,,,0,robot_not_discovered
2026-08-18T05:35:53.652+00:00,1787031353.6521838,191165.7327885,23.664178200007882,sent,2,1100,29,40,0.0,0.0,191165.7317977,191165.7323306,,,,,0,1,
2026-08-18T05:35:53.653+00:00,1787031353.6531873,191165.7341532,23.665542900009314,sent,3,1101,18,19,0.0,0.0,191165.7337342,191165.7338783,,,,,0,1,
2026-08-18T05:35:53.653+00:00,1787031353.6531873,191165.7342059,23.665595600003144,send_error,10,1102,0,0,0.0,0.0,191165.7342023,,,,,,,0,robot_not_discovered
2026-08-18T05:35:53.806+00:00,1787031353.8069584,191165.8875062,23.81889590001083,send_error,1,1103,0,0,0.0,0.0,191165.887495,,,,,,,0,robot_not_discovered
2026-08-18T05:35:53.811+00:00,1787031353.811977,191165.8930755,23.824465200013947,sent,2,1104,31,38,0.0,0.0,191165.8922032,191165.8924134,,,,,0,1,
2026-08-18T05:35:53.813+00:00,1787031353.8139784,191165.8944887,23.82587840000633,sent,3,1105,18,20,0.0,0.0,191165.8940725,191165.8941804,,,,,0,1,
2026-08-18T05:35:53.813+00:00,1787031353.8139784,191165.8945391,23.825928800011752,send_error,10,1106,0,0,0.0,0.0,191165.8945366,,,,,,,0,robot_not_discovered
2026-08-18T05:35:53.985+00:00,1787031353.9857178,191166.0663689,23.997758600016823,send_error,1,1107,0,0,0.0,0.0,191166.0663458,,,,,,,0,robot_not_discovered
2026-08-18T05:35:53.991+00:00,1787031353.991342,191166.0721978,24.003587500017602,sent,2,1108,30,39,0.0,0.0,191166.0719266,191166.0720248,,,,,0,1,
2026-08-18T05:35:53.991+00:00,1787031353.991342,191166.0724078,24.003797500015935,sent,3,1109,0,0,0.0,0.0,191166.0723304,191166.072333,,,,,0,1,
2026-08-18T05:35:53.991+00:00,1787031353.991342,191166.0724733,24.00386300001992,send_error,10,1110,0,0,0.0,0.0,191166.0724705,,,,,,,0,robot_not_discovered
2026-08-18T05:35:54.141+00:00,1787031354.1410327,191166.2213767,24.152766400016844,send_error,1,1111,0,0,0.0,0.0,191166.2213232,,,,,,,0,robot_not_discovered
2026-08-18T05:35:54.147+00:00,1787031354.1477363,191166.2288833,24.160273000015877,sent,2,1112,33,36,0.0,0.0,191166.2278097,191166.2281269,,,,,0,1,
2026-08-18T05:35:54.148+00:00,1787031354.1487536,191166.2293243,24.160713999997824,sent,3,1113,0,0,0.0,0.0,191166.2290328,191166.2290454,,,,,0,1,
2026-08-18T05:35:54.148+00:00,1787031354.1487536,191166.2293878,24.160777500015683,send_error,10,1114,0,0,0.0,0.0,191166.2293852,,,,,,,0,robot_not_discovered
2026-08-18T05:35:54.294+00:00,1787031354.2946253,191166.3752641,24.30665380001301,send_error,1,1115,0,0,0.0,0.0,191166.375237,,,,,,,0,robot_not_discovered
2026-08-18T05:35:54.300+00:00,1787031354.3000507,191166.3809448,24.31233450002037,sent,2,1116,33,36,0.0,0.0,191166.3803985,191166.3806238,,,,,0,1,
2026-08-18T05:35:54.300+00:00,1787031354.3000507,191166.3811637,24.31255339999916,sent,3,1117,0,0,0.0,0.0,191166.3810043,191166.3810065,,,,,0,1,
2026-08-18T05:35:54.300+00:00,1787031354.3000507,191166.3811962,24.3125859000138,send_error,10,1118,0,0,0.0,0.0,191166.3811934,,,,,,,0,robot_not_discovered
2026-08-18T05:35:54.445+00:00,1787031354.4451895,191166.5262506,24.457640300010098,send_error,1,1119,0,0,0.0,0.0,191166.5262395,,,,,,,0,robot_not_discovered
2026-08-18T05:35:54.453+00:00,1787031354.4533288,191166.5339025,24.46529220000957,sent,2,1120,33,36,0.0,0.0,191166.5333267,191166.5335806,,,,,0,1,
2026-08-18T05:35:54.453+00:00,1787031354.4538317,191166.5340408,24.465430500014918,sent,3,1121,0,0,0.0,0.0,191166.5339526,191166.5339548,,,,,0,1,
2026-08-18T05:35:54.453+00:00,1787031354.4538317,191166.5340713,24.46546100001433,send_error,10,1122,0,0,0.0,0.0,191166.5340685,,,,,,,0,robot_not_discovered
2026-08-18T05:35:54.599+00:00,1787031354.5994506,191166.6800165,24.611406200012425,send_error,1,1123,0,0,0.0,0.0,191166.6800019,,,,,,,0,robot_not_discovered
2026-08-18T05:35:54.602+00:00,1787031354.6024988,191166.6835589,24.614948600006755,sent,2,1124,33,36,0.0,0.0,191166.6833328,191166.6834295,,,,,0,1,
2026-08-18T05:35:54.603+00:00,1787031354.6034844,191166.6838372,24.61522690000129,sent,3,1125,0,0,0.0,0.0,191166.6836064,191166.6836092,,,,,0,1,
2026-08-18T05:35:54.603+00:00,1787031354.6034844,191166.6839004,24.615290100016864,send_error,10,1126,0,0,0.0,0.0,191166.6838966,,,,,,,0,robot_not_discovered
2026-08-18T05:35:54.754+00:00,1787031354.754251,191166.8347569,24.7661466000136,send_error,1,1127,0,0,0.0,0.0,191166.8347448,,,,,,,0,robot_not_discovered
2026-08-18T05:35:54.761+00:00,1787031354.7612,191166.8416304,24.773020100023132,sent,2,1128,33,36,0.0,0.0,191166.841077,191166.8413671,,,,,0,1,
2026-08-18T05:35:54.761+00:00,1787031354.7612,191166.8417892,24.773178900009952,sent,3,1129,0,0,0.0,0.0,191166.841673,191166.8416759,,,,,0,1,
2026-08-18T05:35:54.761+00:00,1787031354.7612,191166.8418384,24.773228100006236,send_error,10,1130,0,0,0.0,0.0,191166.8418356,,,,,,,0,robot_not_discovered
2026-08-18T05:35:54.918+00:00,1787031354.9187589,191166.999264,24.930653700022958,send_error,1,1131,0,0,0.0,0.0,191166.9991752,,,,,,,0,robot_not_discovered
2026-08-18T05:35:54.942+00:00,1787031354.9422724,191167.0225791,24.953968800022267,sent,2,1132,33,36,0.0,0.0,191167.0219823,191167.0222329,,,,,0,1,
2026-08-18T05:35:54.942+00:00,1787031354.9422724,191167.0228921,24.95428180001909,sent,3,1133,0,0,0.0,0.0,191167.022655,191167.02266,,,,,0,1,
2026-08-18T05:35:54.942+00:00,1787031354.9422724,191167.0229589,24.95434860000387,send_error,10,1134,0,0,0.0,0.0,191167.0229542,,,,,,,0,robot_not_discovered
2026-08-18T05:35:55.221+00:00,1787031355.2211308,191167.3013751,25.23276480002096,send_error,1,1135,0,0,0.0,0.0,191167.3013395,,,,,,,0,robot_not_discovered
2026-08-18T05:35:55.247+00:00,1787031355.2477503,191167.3281483,25.25953800001298,sent,2,1136,32,37,0.0,0.0,191167.3264997,191167.3269934,,,,,0,1,
2026-08-18T05:35:55.248+00:00,1787031355.2487588,191167.3289547,25.2603444000124,sent,3,1137,0,0,0.0,0.0,191167.328344,191167.3283541,,,,,0,1,
2026-08-18T05:35:55.248+00:00,1787031355.2487588,191167.3290521,25.260441799997352,send_error,10,1138,0,0,0.0,0.0,191167.3290477,,,,,,,0,robot_not_discovered
2026-08-18T05:35:55.483+00:00,1787031355.4836504,191167.5648637,25.496253400022397,send_error,1,1139,0,0,0.0,0.0,191167.5648485,,,,,,,0,robot_not_discovered
2026-08-18T05:35:55.494+00:00,1787031355.494695,191167.5749821,25.506371800001943,sent,2,1140,33,36,0.0,0.0,191167.5739527,191167.5742355,,,,,0,1,
2026-08-18T05:35:55.494+00:00,1787031355.494695,191167.5753844,25.506774100009352,sent,3,1141,0,0,0.0,0.0,191167.5751116,191167.5751179,,,,,0,1,
2026-08-18T05:35:55.494+00:00,1787031355.494695,191167.5754269,25.506816600012826,send_error,10,1142,0,0,0.0,0.0,191167.5754237,,,,,,,0,robot_not_discovered
2026-08-18T05:35:55.644+00:00,1787031355.6441438,191167.7247986,25.656188299995847,send_error,1,1143,0,0,0.0,0.0,191167.7247858,,,,,,,0,robot_not_discovered
2026-08-18T05:35:55.651+00:00,1787031355.6511512,191167.7314864,25.662876100017456,sent,2,1144,33,36,0.0,0.0,191167.7303005,191167.7304879,,,,,0,1,
2026-08-18T05:35:55.651+00:00,1787031355.6511512,191167.7316655,25.663055200013332,sent,3,1145,0,0,0.0,0.0,191167.7315378,191167.7315397,,,,,0,1,
2026-08-18T05:35:55.651+00:00,1787031355.6511512,191167.7316962,25.663085900014266,send_error,10,1146,0,0,0.0,0.0,191167.731694,,,,,,,0,robot_not_discovered
2026-08-18T05:35:55.815+00:00,1787031355.8155074,191167.8962391,25.827628800005186,send_error,1,1147,0,0,0.0,0.0,191167.896225,,,,,,,0,robot_not_discovered
2026-08-18T05:35:55.820+00:00,1787031355.8205109,191167.9015377,25.832927400013432,sent,2,1148,32,37,0.0,0.0,191167.901217,191167.9013309,,,,,0,1,
2026-08-18T05:35:55.821+00:00,1787031355.8215086,191167.9017231,25.83311279999907,sent,3,1149,0,0,0.0,0.0,191167.9015782,191167.9015811,,,,,0,1,
2026-08-18T05:35:55.821+00:00,1787031355.8215086,191167.9017567,25.833146400022088,send_error,10,1150,0,0,0.0,0.0,191167.9017544,,,,,,,0,robot_not_discovered
2026-08-18T05:35:56.011+00:00,1787031356.0112474,191168.0918135,26.02320320002036,send_error,1,1151,0,0,0.0,0.0,191168.0918037,,,,,,,0,robot_not_discovered
2026-08-18T05:35:56.017+00:00,1787031356.0172515,191168.0978943,26.02928400001838,sent,2,1152,32,37,0.0,0.0,191168.0975973,191168.0977073,,,,,0,1,
2026-08-18T05:35:56.017+00:00,1787031356.0172515,191168.0980431,26.029432800016366,sent,3,1153,0,0,0.0,0.0,191168.0979333,191168.0979352,,,,,0,1,
2026-08-18T05:35:56.017+00:00,1787031356.0172515,191168.0980721,26.029461800004356,send_error,10,1154,0,0,0.0,0.0,191168.0980698,,,,,,,0,robot_not_discovered
2026-08-18T05:35:56.162+00:00,1787031356.1629195,191168.2438411,26.175230799999554,send_error,1,1155,0,0,0.0,0.0,191168.2437634,,,,,,,0,robot_not_discovered
2026-08-18T05:35:56.169+00:00,1787031356.1699185,191168.2511011,26.1824908000126,sent,2,1156,32,37,0.0,0.0,191168.2507904,191168.2509406,,,,,0,1,
2026-08-18T05:35:56.169+00:00,1787031356.1699185,191168.2514761,26.18286580001586,sent,3,1157,0,0,0.0,0.0,191168.251178,191168.2511807,,,,,0,1,
2026-08-18T05:35:56.171+00:00,1787031356.1714203,191168.2515313,26.182920999999624,send_error,10,1158,0,0,0.0,0.0,191168.2515278,,,,,,,0,robot_not_discovered
2026-08-18T05:35:56.318+00:00,1787031356.3183446,191168.3993093,26.330699000012828,send_error,1,1159,0,0,0.0,0.0,191168.3992725,,,,,,,0,robot_not_discovered
2026-08-18T05:35:56.323+00:00,1787031356.323686,191168.4043477,26.335737400018843,sent,2,1160,32,37,0.0,0.0,191168.4040168,191168.4041638,,,,,0,1,
2026-08-18T05:35:56.323+00:00,1787031356.323686,191168.4045581,26.33594780002022,sent,3,1161,0,0,0.0,0.0,191168.4043851,191168.4044041,,,,,0,1,
2026-08-18T05:35:56.323+00:00,1787031356.323686,191168.4046062,26.33599590000813,send_error,10,1162,0,0,0.0,0.0,191168.4045872,,,,,,,0,robot_not_discovered
2026-08-18T05:35:56.475+00:00,1787031356.4755354,191168.555959,26.48734870000044,send_error,1,1163,0,0,0.0,0.0,191168.5559451,,,,,,,0,robot_not_discovered
2026-08-18T05:35:56.481+00:00,1787031356.4815342,191168.5619693,26.493359000014607,sent,2,1164,32,37,0.0,0.0,191168.5615858,191168.5617253,,,,,0,1,
2026-08-18T05:35:56.482+00:00,1787031356.4820404,191168.5622093,26.493599000008544,sent,3,1165,0,0,0.0,0.0,191168.5620072,191168.5620096,,,,,0,1,
2026-08-18T05:35:56.482+00:00,1787031356.4820404,191168.5622504,26.493640100001357,send_error,10,1166,0,0,0.0,0.0,191168.5622479,,,,,,,0,robot_not_discovered
2026-08-18T05:35:56.630+00:00,1787031356.6304297,191168.7106443,26.64203400001861,send_error,1,1167,0,0,0.0,0.0,191168.7106354,,,,,,,0,robot_not_discovered
2026-08-18T05:35:56.635+00:00,1787031356.6359391,191168.7172039,26.64859360002447,sent,2,1168,31,38,0.0,0.0,191168.7165428,191168.7166715,,,,,0,1,
2026-08-18T05:35:56.635+00:00,1787031356.6359391,191168.7174565,26.648846199997934,sent,3,1169,0,0,0.0,0.0,191168.7172735,191168.7172772,,,,,0,1,
2026-08-18T05:35:56.635+00:00,1787031356.6359391,191168.7174898,26.648879500018666,send_error,10,1170,0,0,0.0,0.0,191168.7174869,,,,,,,0,robot_not_discovered
2026-08-18T05:35:56.802+00:00,1787031356.8025985,191168.8828658,26.814255500008585,send_error,1,1171,0,0,0.0,0.0,191168.882809,,,,,,,0,robot_not_discovered
2026-08-18T05:35:56.807+00:00,1787031356.8075955,191168.8883152,26.819704900000943,sent,2,1172,32,37,0.0,0.0,191168.8879665,191168.8880964,,,,,0,1,
2026-08-18T05:35:56.808+00:00,1787031356.808598,191168.8891424,26.820532100013224,sent,3,1173,0,0,0.0,0.0,191168.8883603,191168.8883629,,,,,0,1,
2026-08-18T05:35:56.808+00:00,1787031356.808598,191168.889179,26.820568700000877,send_error,10,1174,0,0,0.0,0.0,191168.8891759,,,,,,,0,robot_not_discovered
2026-08-18T05:35:56.977+00:00,1787031356.978256,191169.0582784,26.989668100024574,send_error,1,1175,0,0,0.0,0.0,191169.0582584,,,,,,,0,robot_not_discovered
2026-08-18T05:35:56.982+00:00,1787031356.9829566,191169.0639687,26.99535840001772,sent,2,1176,32,37,0.0,0.0,191169.0636922,191169.0638002,,,,,0,1,
2026-08-18T05:35:56.983+00:00,1787031356.9839556,191169.0641075,26.99549719999777,sent,3,1177,0,0,0.0,0.0,191169.0640045,191169.064007,,,,,0,1,
2026-08-18T05:35:56.983+00:00,1787031356.9839556,191169.0641722,26.995561899995664,send_error,10,1178,0,0,0.0,0.0,191169.064168,,,,,,,0,robot_not_discovered
2026-08-18T05:35:57.134+00:00,1787031357.134336,191169.2147936,27.14618330000667,send_error,1,1179,0,0,0.0,0.0,191169.2147806,,,,,,,0,robot_not_discovered
2026-08-18T05:35:57.139+00:00,1787031357.1398492,191169.2202261,27.15161580001586,sent,2,1180,31,38,0.0,0.0,191169.2198442,191169.2199852,,,,,0,1,
2026-08-18T05:35:57.139+00:00,1787031357.1398492,191169.2204833,27.151873000024352,sent,3,1181,0,0,0.0,0.0,191169.220283,191169.2202858,,,,,0,1,
2026-08-18T05:35:57.139+00:00,1787031357.1398492,191169.2205369,27.15192659999593,send_error,10,1182,0,0,0.0,0.0,191169.2205341,,,,,,,0,robot_not_discovered
2026-08-18T05:35:57.296+00:00,1787031357.2966354,191169.3767674,27.308157100022072,send_error,1,1183,0,0,0.0,0.0,191169.3767563,,,,,,,0,robot_not_discovered
2026-08-18T05:35:57.311+00:00,1787031357.3111908,191169.3914654,27.322855100006564,sent,2,1184,31,38,0.0,0.0,191169.3910032,191169.3911244,,,,,0,1,
2026-08-18T05:35:57.311+00:00,1787031357.3111908,191169.392003,27.323392699996475,sent,3,1185,0,0,0.0,0.0,191169.3915878,191169.3915943,,,,,0,1,
2026-08-18T05:35:57.311+00:00,1787031357.3111908,191169.3921226,27.32351230000495,send_error,10,1186,0,0,0.0,0.0,191169.3921172,,,,,,,0,robot_not_discovered
2026-08-18T05:35:57.458+00:00,1787031357.4584563,191169.5388577,27.470247400022345,send_error,1,1187,0,0,0.0,0.0,191169.5388392,,,,,,,0,robot_not_discovered
2026-08-18T05:35:57.462+00:00,1787031357.462965,191169.5434446,27.474834300024668,sent,2,1188,31,38,0.0,0.0,191169.5431636,191169.5433031,,,,,0,1,
2026-08-18T05:35:57.462+00:00,1787031357.462965,191169.5435475,27.474937200022396,sent,3,1189,0,0,0.0,0.0,191169.5434751,191169.5434769,,,,,0,1,
2026-08-18T05:35:57.462+00:00,1787031357.462965,191169.5435791,27.47496880000108,send_error,10,1190,0,0,0.0,0.0,191169.5435764,,,,,,,0,robot_not_discovered
2026-08-18T05:35:57.621+00:00,1787031357.6213253,191169.7013546,27.63274430000456,send_error,1,1191,0,0,0.0,0.0,191169.7013217,,,,,,,0,robot_not_discovered
2026-08-18T05:35:57.627+00:00,1787031357.6279995,191169.70807,27.6394597000035,sent,2,1192,31,38,0.0,0.0,191169.7072261,191169.7073597,,,,,0,1,
2026-08-18T05:35:57.627+00:00,1787031357.6279995,191169.7086743,27.640064000006532,sent,3,1193,0,0,0.0,0.0,191169.7081627,191169.7081671,,,,,0,1,
2026-08-18T05:35:57.627+00:00,1787031357.6279995,191169.7087554,27.640145100012887,send_error,10,1194,0,0,0.0,0.0,191169.7087444,,,,,,,0,robot_not_discovered
2026-08-18T05:35:57.782+00:00,1787031357.7827291,191169.8636694,27.79505909999716,send_error,1,1195,0,0,0.0,0.0,191169.8636366,,,,,,,0,robot_not_discovered
2026-08-18T05:35:57.791+00:00,1787031357.7912705,191169.8712703,27.80266000001575,sent,2,1196,30,39,0.0,0.0,191169.8705347,191169.8708022,,,,,0,1,
2026-08-18T05:35:57.791+00:00,1787031357.7912705,191169.8717752,27.8031649000186,sent,3,1197,0,0,0.0,0.0,191169.8713929,191169.8713973,,,,,0,1,
2026-08-18T05:35:57.791+00:00,1787031357.7912705,191169.8718624,27.803252100013196,send_error,10,1198,0,0,0.0,0.0,191169.8718575,,,,,,,0,robot_not_discovered
2026-08-18T05:35:57.976+00:00,1787031357.976501,191170.0574349,27.98882460000459,send_error,1,1199,0,0,0.0,0.0,191170.0574175,,,,,,,0,robot_not_discovered
2026-08-18T05:35:57.984+00:00,1787031357.9860458,191170.0660362,27.997425900015514,sent,2,1200,30,39,0.0,0.0,191170.0652306,191170.065548,,,,,0,1,
2026-08-18T05:35:57.986+00:00,1787031357.9860458,191170.0667837,27.998173400002997,sent,3,1201,0,0,0.0,0.0,191170.0661647,191170.0661713,,,,,0,1,
2026-08-18T05:35:57.986+00:00,1787031357.9860458,191170.0668757,27.99826540000504,send_error,10,1202,0,0,0.0,0.0,191170.06687,,,,,,,0,robot_not_discovered
2026-08-18T05:35:58.149+00:00,1787031358.1498117,191170.2303966,28.161786300013773,send_error,1,1203,0,0,0.0,0.0,191170.2303803,,,,,,,0,robot_not_discovered
2026-08-18T05:35:58.155+00:00,1787031358.155338,191170.2356922,28.167081899999175,sent,2,1204,22,35,0.0,0.0,191170.2352111,191170.23533,,,,,0,1,
2026-08-18T05:35:58.155+00:00,1787031358.155338,191170.2359938,28.167383499996504,sent,3,1205,0,0,0.0,0.0,191170.2357677,191170.2357704,,,,,0,1,
2026-08-18T05:35:58.155+00:00,1787031358.155338,191170.2360249,28.167414600000484,send_error,10,1206,0,0,0.0,0.0,191170.2360226,,,,,,,0,robot_not_discovered
2026-08-18T05:35:58.355+00:00,1787031358.3557067,191170.4363662,28.36775590002071,send_error,1,1207,0,0,0.0,0.0,191170.4362694,,,,,,,0,robot_not_discovered
2026-08-18T05:35:58.366+00:00,1787031358.3667607,191170.4468555,28.378245200001402,sent,2,1208,18,30,0.0,0.0,191170.446422,191170.4466416,,,,,0,1,
2026-08-18T05:35:58.366+00:00,1787031358.3667607,191170.4472678,28.378657499997644,sent,3,1209,0,0,0.0,0.0,191170.4469482,191170.4469526,,,,,0,1,
2026-08-18T05:35:58.366+00:00,1787031358.3667607,191170.4473654,28.378755100013223,send_error,10,1210,0,0,0.0,0.0,191170.4473615,,,,,,,0,robot_not_discovered
2026-08-18T05:35:58.511+00:00,1787031358.5115707,191170.5919236,28.523313300014706,send_error,1,1211,0,0,0.0,0.0,191170.5919118,,,,,,,0,robot_not_discovered
2026-08-18T05:35:58.518+00:00,1787031358.5180256,191170.5989398,28.530329500004882,sent,2,1212,18,26,0.0,0.0,191170.5986527,191170.5987719,,,,,0,1,
2026-08-18T05:35:58.519+00:00,1787031358.5190191,191170.5991008,28.530490500008455,sent,3,1213,0,0,0.0,0.0,191170.5989957,191170.5989976,,,,,0,1,
2026-08-18T05:35:58.519+00:00,1787031358.5190191,191170.5991364,28.530526100017596,send_error,10,1214,0,0,0.0,0.0,191170.5991317,,,,,,,0,robot_not_discovered
2026-08-18T05:35:58.672+00:00,1787031358.6728246,191170.7533005,28.684690199996112,send_error,1,1215,0,0,0.0,0.0,191170.7532818,,,,,,,0,robot_not_discovered
2026-08-18T05:35:58.677+00:00,1787031358.6778305,191170.7579988,28.68938850000268,sent,2,1216,-18,24,0.0,0.0,191170.7576934,191170.7578187,,,,,0,1,
2026-08-18T05:35:58.677+00:00,1787031358.6778305,191170.7581236,28.689513300021645,sent,3,1217,0,0,0.0,0.0,191170.7580323,191170.758034,,,,,0,1,
2026-08-18T05:35:58.677+00:00,1787031358.6778305,191170.7581507,28.68954040002427,send_error,10,1218,0,0,0.0,0.0,191170.7581482,,,,,,,0,robot_not_discovered
2026-08-18T05:35:58.839+00:00,1787031358.839125,191170.919197,28.850586700020358,send_error,1,1219,0,0,0.0,0.0,191170.9191742,,,,,,,0,robot_not_discovered
2026-08-18T05:35:58.844+00:00,1787031358.8446338,191170.9246229,28.8560126000084,sent,2,1220,-18,19,0.0,0.0,191170.924292,191170.9244231,,,,,0,1,
2026-08-18T05:35:58.844+00:00,1787031358.8446338,191170.9248302,28.856219900015276,sent,3,1221,0,0,0.0,0.0,191170.9246588,191170.924661,,,,,0,1,
2026-08-18T05:35:58.844+00:00,1787031358.8446338,191170.9248724,28.856262100016465,send_error,10,1222,0,0,0.0,0.0,191170.9248698,,,,,,,0,robot_not_discovered
2026-08-18T05:35:59.077+00:00,1787031359.0776064,191171.1575571,29.08894680000958,send_error,1,1223,0,0,0.0,0.0,191171.1574513,,,,,,,0,robot_not_discovered
2026-08-18T05:35:59.085+00:00,1787031359.0858426,191171.1664687,29.097858399996767,sent,2,1224,-18,18,0.0,0.0,191171.1661191,191171.1662451,,,,,0,1,
2026-08-18T05:35:59.085+00:00,1787031359.0858426,191171.1666521,29.09804179999628,sent,3,1225,0,0,0.0,0.0,191171.1665063,191171.166508,,,,,0,1,
2026-08-18T05:35:59.085+00:00,1787031359.0858426,191171.1666809,29.09807060001185,send_error,10,1226,0,0,0.0,0.0,191171.1666786,,,,,,,0,robot_not_discovered
2026-08-18T05:35:59.255+00:00,1787031359.2555814,191171.3360902,29.267479900008766,send_error,1,1227,0,0,0.0,0.0,191171.3360537,,,,,,,0,robot_not_discovered
2026-08-18T05:35:59.268+00:00,1787031359.2681057,191171.3486519,29.28004160002456,sent,2,1228,-24,35,0.0,0.0,191171.3483108,191171.3485494,,,,,0,1,
2026-08-18T05:35:59.268+00:00,1787031359.2681057,191171.3487743,29.280163999996148,sent,3,1229,0,0,0.0,0.0,191171.348684,191171.3486858,,,,,0,1,
2026-08-18T05:35:59.268+00:00,1787031359.2681057,191171.3488013,29.280190999998013,send_error,10,1230,0,0,0.0,0.0,191171.3487991,,,,,,,0,robot_not_discovered
2026-08-18T05:35:59.436+00:00,1787031359.4363446,191171.5165052,29.447894900018582,send_error,1,1231,0,0,0.0,0.0,191171.5164774,,,,,,,0,robot_not_discovered
2026-08-18T05:35:59.441+00:00,1787031359.441416,191171.5214302,29.452819900005125,sent,2,1232,-24,35,0.0,0.0,191171.5211612,191171.5212649,,,,,0,1,
2026-08-18T05:35:59.441+00:00,1787031359.441416,191171.5215974,29.4529870999977,sent,3,1233,0,0,0.0,0.0,191171.5214649,191171.5214667,,,,,0,1,
2026-08-18T05:35:59.441+00:00,1787031359.441416,191171.5216328,29.453022500005318,send_error,10,1234,0,0,0.0,0.0,191171.52163,,,,,,,0,robot_not_discovered
2026-08-18T05:35:59.595+00:00,1787031359.5952556,191171.6751947,29.60658439999679,send_error,1,1235,0,0,0.0,0.0,191171.6751836,,,,,,,0,robot_not_discovered
2026-08-18T05:35:59.600+00:00,1787031359.6006205,191171.6814511,29.61284080002224,sent,2,1236,-24,35,0.0,0.0,191171.6812298,191171.6813271,,,,,0,1,
2026-08-18T05:35:59.601+00:00,1787031359.6016254,191171.6816056,29.612995300005423,sent,3,1237,0,0,0.0,0.0,191171.6814876,191171.6814899,,,,,0,1,
2026-08-18T05:35:59.601+00:00,1787031359.6016254,191171.6816349,29.613024599995697,send_error,10,1238,0,0,0.0,0.0,191171.6816326,,,,,,,0,robot_not_discovered
2026-08-18T05:35:59.758+00:00,1787031359.758962,191171.8398609,29.77125060002436,send_error,1,1239,0,0,0.0,0.0,191171.8398475,,,,,,,0,robot_not_discovered
2026-08-18T05:35:59.767+00:00,1787031359.7677152,191171.8477477,29.77913740000804,sent,2,1240,-18,18,0.0,0.0,191171.8475105,191171.8476135,,,,,0,1,
2026-08-18T05:35:59.767+00:00,1787031359.7677152,191171.8479072,29.77929690000019,sent,3,1241,0,0,0.0,0.0,191171.8477832,191171.8477855,,,,,0,1,
2026-08-18T05:35:59.767+00:00,1787031359.7677152,191171.8479356,29.779325300012715,send_error,10,1242,0,0,0.0,0.0,191171.8479334,,,,,,,0,robot_not_discovered
2026-08-18T05:35:59.921+00:00,1787031359.9215055,191172.0017641,29.933153799996944,send_error,1,1243,0,0,0.0,0.0,191172.0017468,,,,,,,0,robot_not_discovered
2026-08-18T05:35:59.928+00:00,1787031359.9285247,191172.0088079,29.940197600022657,sent,2,1244,-18,18,0.0,0.0,191172.0084712,191172.0086122,,,,,0,1,
2026-08-18T05:35:59.928+00:00,1787031359.9285247,191172.0092164,29.940606100019068,sent,3,1245,0,0,0.0,0.0,191172.0088456,191172.0088477,,,,,0,1,
2026-08-18T05:35:59.928+00:00,1787031359.9285247,191172.0093013,29.94069099999615,send_error,10,1246,0,0,0.0,0.0,191172.0092969,,,,,,,0,robot_not_discovered
2026-08-18T05:36:00.097+00:00,1787031360.097324,191172.178082,30.109471700008726,send_error,1,1247,0,0,0.0,0.0,191172.1780671,,,,,,,0,robot_not_discovered
2026-08-18T05:36:00.101+00:00,1787031360.1013243,191172.1821491,30.113538800011156,sent,2,1248,0,18,0.0,0.0,191172.1818951,191172.1820208,,,,,0,1,
2026-08-18T05:36:00.101+00:00,1787031360.1013243,191172.1823024,30.113692100014305,sent,3,1249,0,0,0.0,0.0,191172.1821868,191172.182189,,,,,0,1,
2026-08-18T05:36:00.101+00:00,1787031360.1013243,191172.1823311,30.11372080000001,send_error,10,1250,0,0,0.0,0.0,191172.1823289,,,,,,,0,robot_not_discovered
2026-08-18T05:36:00.258+00:00,1787031360.2581596,191172.3386974,30.27008710001246,send_error,1,1251,0,0,0.0,0.0,191172.3386862,,,,,,,0,robot_not_discovered
2026-08-18T05:36:00.262+00:00,1787031360.262669,191172.343433,30.27482270001201,sent,2,1252,18,18,0.0,0.0,191172.3429651,191172.3431987,,,,,0,1,
2026-08-18T05:36:00.263+00:00,1787031360.263669,191172.3438722,30.275261900009355,sent,3,1253,0,0,0.0,0.0,191172.3434963,191172.3435004,,,,,0,1,
2026-08-18T05:36:00.263+00:00,1787031360.263669,191172.3439236,30.27531330002239,send_error,10,1254,0,0,0.0,0.0,191172.3439202,,,,,,,0,robot_not_discovered
2026-08-18T05:36:00.419+00:00,1787031360.4191144,191172.4996464,30.431036100024357,send_error,1,1255,0,0,0.0,0.0,191172.4996349,,,,,,,0,robot_not_discovered
2026-08-18T05:36:00.425+00:00,1787031360.4256458,191172.5061655,30.437555200012866,sent,2,1256,18,18,0.0,0.0,191172.505415,191172.5056201,,,,,0,1,
2026-08-18T05:36:00.426+00:00,1787031360.4266508,191172.5065621,30.437951800005976,sent,3,1257,0,0,0.0,0.0,191172.5062251,191172.5062316,,,,,0,1,
2026-08-18T05:36:00.426+00:00,1787031360.4266508,191172.5066043,30.437994000007166,send_error,10,1258,0,0,0.0,0.0,191172.5066017,,,,,,,0,robot_not_discovered
2026-08-18T05:36:00.588+00:00,1787031360.5888681,191172.6690396,30.600429300015094,send_error,1,1259,0,0,0.0,0.0,191172.6690248,,,,,,,0,robot_not_discovered
2026-08-18T05:36:00.596+00:00,1787031360.5965471,191172.6767109,30.60810060001677,sent,2,1260,18,19,0.0,0.0,191172.6760984,191172.6763053,,,,,0,1,
2026-08-18T05:36:00.596+00:00,1787031360.5965471,191172.6772364,30.608626100001857,sent,3,1261,0,0,0.0,0.0,191172.6768499,191172.6768548,,,,,0,1,
2026-08-18T05:36:00.596+00:00,1787031360.5965471,191172.6772858,30.608675499999663,send_error,10,1262,0,0,0.0,0.0,191172.6772827,,,,,,,0,robot_not_discovered
2026-08-18T05:36:00.738+00:00,1787031360.73838,191172.8184437,30.749833400011994,send_error,1,1263,0,0,0.0,0.0,191172.8184322,,,,,,,0,robot_not_discovered
2026-08-18T05:36:00.743+00:00,1787031360.7434294,191172.8238249,30.755214600008912,sent,2,1264,18,20,0.0,0.0,191172.8234803,191172.8236022,,,,,0,1,
2026-08-18T05:36:00.743+00:00,1787031360.7434294,191172.8240398,30.755429500015453,sent,3,1265,0,0,0.0,0.0,191172.8238593,191172.823865,,,,,0,1,
2026-08-18T05:36:00.743+00:00,1787031360.7434294,191172.8240874,30.755477099999553,send_error,10,1266,0,0,0.0,0.0,191172.824075,,,,,,,0,robot_not_discovered
2026-08-18T05:36:00.911+00:00,1787031360.9113255,191172.9912172,30.922606900014216,send_error,1,1267,0,0,0.0,0.0,191172.9912063,,,,,,,0,robot_not_discovered
2026-08-18T05:36:00.918+00:00,1787031360.9189584,191172.9990392,30.930428899999242,sent,2,1268,18,21,0.0,0.0,191172.9986508,191172.9988004,,,,,0,1,
2026-08-18T05:36:00.918+00:00,1787031360.9189584,191172.9993942,30.93078389999573,sent,3,1269,0,0,0.0,0.0,191172.9991053,191172.999111,,,,,0,1,
2026-08-18T05:36:00.918+00:00,1787031360.9189584,191172.9994352,30.930824900016887,send_error,10,1270,0,0,0.0,0.0,191172.9994324,,,,,,,0,robot_not_discovered
2026-08-18T05:36:01.065+00:00,1787031361.0653713,191173.1459038,31.077293500013184,send_error,1,1271,0,0,0.0,0.0,191173.1458932,,,,,,,0,robot_not_discovered
2026-08-18T05:36:01.071+00:00,1787031361.071368,191173.1517897,31.08317940001143,sent,2,1272,18,22,0.0,0.0,191173.1514065,191173.1515588,,,,,0,1,
2026-08-18T05:36:01.071+00:00,1787031361.071954,191173.1519399,31.08332960002008,sent,3,1273,0,0,0.0,0.0,191173.151856,191173.1518582,,,,,0,1,
2026-08-18T05:36:01.071+00:00,1787031361.071954,191173.1519647,31.08335440000519,send_error,10,1274,0,0,0.0,0.0,191173.1519621,,,,,,,0,robot_not_discovered
2026-08-18T05:36:01.241+00:00,1787031361.2413423,191173.3216174,31.253007100021932,send_error,1,1275,0,0,0.0,0.0,191173.3215922,,,,,,,0,robot_not_discovered
2026-08-18T05:36:01.246+00:00,1787031361.2468357,191173.3276123,31.25900200000615,sent,2,1276,18,22,0.0,0.0,191173.3273179,191173.3274416,,,,,0,1,
2026-08-18T05:36:01.247+00:00,1787031361.2478342,191173.3278051,31.25919480001903,sent,3,1277,0,0,0.0,0.0,191173.3276521,191173.3276543,,,,,0,1,
2026-08-18T05:36:01.247+00:00,1787031361.2478342,191173.3278471,31.259236800018698,send_error,10,1278,0,0,0.0,0.0,191173.3278441,,,,,,,0,robot_not_discovered
2026-08-18T05:36:01.418+00:00,1787031361.4185348,191173.4988988,31.43028850000701,send_error,1,1279,0,0,0.0,0.0,191173.498886,,,,,,,0,robot_not_discovered
2026-08-18T05:36:01.425+00:00,1787031361.4257765,191173.5063685,31.437758200016106,sent,2,1280,18,22,0.0,0.0,191173.5060704,191173.5061881,,,,,0,1,
2026-08-18T05:36:01.425+00:00,1787031361.4257765,191173.5065151,31.43790479999734,sent,3,1281,0,0,0.0,0.0,191173.5064049,191173.5064069,,,,,0,1,
2026-08-18T05:36:01.425+00:00,1787031361.4257765,191173.5065441,31.437933800014434,send_error,10,1282,0,0,0.0,0.0,191173.5065417,,,,,,,0,robot_not_discovered
2026-08-18T05:36:01.589+00:00,1787031361.589588,191173.6694548,31.600844500004314,send_error,1,1283,0,0,0.0,0.0,191173.6694077,,,,,,,0,robot_not_discovered
2026-08-18T05:36:01.597+00:00,1787031361.5979354,191173.6782432,31.60963290001382,sent,2,1284,-38,38,0.0,0.0,191173.6779455,191173.6780483,,,,,0,1,
2026-08-18T05:36:01.597+00:00,1787031361.5979354,191173.6784137,31.60980340000242,sent,3,1285,0,0,0.0,0.0,191173.6782989,191173.6783197,,,,,0,1,
2026-08-18T05:36:01.597+00:00,1787031361.5979354,191173.6784577,31.609847400017316,send_error,10,1286,0,0,0.0,0.0,191173.678455,,,,,,,0,robot_not_discovered
2026-08-18T05:36:01.758+00:00,1787031361.7588809,191173.8388597,31.77024939999683,send_error,1,1287,0,0,0.0,0.0,191173.8388484,,,,,,,0,robot_not_discovered
2026-08-18T05:36:01.764+00:00,1787031361.7644126,191173.8451872,31.776576900010696,sent,2,1288,-38,38,0.0,0.0,191173.8444486,191173.8447766,,,,,0,1,
2026-08-18T05:36:01.765+00:00,1787031361.7654192,191173.8453647,31.776754400023492,sent,3,1289,0,0,0.0,0.0,191173.8452353,191173.8452375,,,,,0,1,
2026-08-18T05:36:01.765+00:00,1787031361.7654192,191173.845403,31.77679270002409,send_error,10,1290,0,0,0.0,0.0,191173.8454004,,,,,,,0,robot_not_discovered
2026-08-18T05:36:01.917+00:00,1787031361.9170597,191173.9975786,31.92896830002428,send_error,1,1291,0,0,0.0,0.0,191173.9975683,,,,,,,0,robot_not_discovered
2026-08-18T05:36:01.924+00:00,1787031361.9247022,191174.0055021,31.936891799996374,sent,2,1292,-38,38,0.0,0.0,191174.0050123,191174.0052039,,,,,0,1,
2026-08-18T05:36:01.925+00:00,1787031361.9257061,191174.005703,31.937092700012727,sent,3,1293,0,0,0.0,0.0,191174.0055448,191174.0055471,,,,,0,1,
2026-08-18T05:36:01.925+00:00,1787031361.9257061,191174.0057433,31.93713299999945,send_error,10,1294,0,0,0.0,0.0,191174.0057404,,,,,,,0,robot_not_discovered
2026-08-18T05:36:02.078+00:00,1787031362.078882,191174.1593257,32.0907154000015,send_error,1,1295,0,0,0.0,0.0,191174.1593147,,,,,,,0,robot_not_discovered
2026-08-18T05:36:02.084+00:00,1787031362.084405,191174.1645914,32.09598110002116,sent,2,1296,18,24,0.0,0.0,191174.1640958,191174.1641427,,,,,0,1,
2026-08-18T05:36:02.084+00:00,1787031362.084405,191174.1647965,32.09618620001129,sent,3,1297,0,0,0.0,0.0,191174.1646368,191174.1646393,,,,,0,1,
2026-08-18T05:36:02.084+00:00,1787031362.084405,191174.164832,32.09622170001967,send_error,10,1298,0,0,0.0,0.0,191174.1648293,,,,,,,0,robot_not_discovered
2026-08-18T05:36:02.241+00:00,1787031362.2419965,191174.3224609,32.25385060001281,send_error,1,1299,0,0,0.0,0.0,191174.3224273,,,,,,,0,robot_not_discovered
2026-08-18T05:36:02.247+00:00,1787031362.2470055,191174.3270257,32.25841540002148,sent,2,1300,21,24,0.0,0.0,191174.3266495,191174.3268103,,,,,0,1,
2026-08-18T05:36:02.247+00:00,1787031362.2470055,191174.3272146,32.25860430000466,sent,3,1301,0,0,0.0,0.0,191174.3270615,191174.3270636,,,,,0,1,
2026-08-18T05:36:02.247+00:00,1787031362.2470055,191174.3272483,32.25863799999934,send_error,10,1302,0,0,0.0,0.0,191174.3272454,,,,,,,0,robot_not_discovered
2026-08-18T05:36:02.398+00:00,1787031362.3984194,191174.4786734,32.410063100018306,send_error,1,1303,0,0,0.0,0.0,191174.4786622,,,,,,,0,robot_not_discovered
2026-08-18T05:36:02.404+00:00,1787031362.404722,191174.4851869,32.41657660002238,sent,2,1304,29,25,0.0,0.0,191174.484897,191174.4849999,,,,,0,1,
2026-08-18T05:36:02.404+00:00,1787031362.404722,191174.4854136,32.41680330000236,sent,3,1305,0,0,0.0,0.0,191174.485226,191174.4852278,,,,,0,1,
2026-08-18T05:36:02.404+00:00,1787031362.404722,191174.4854609,32.41685060001328,send_error,10,1306,0,0,0.0,0.0,191174.4854581,,,,,,,0,robot_not_discovered
2026-08-18T05:36:02.556+00:00,1787031362.5565894,191174.6368393,32.56822899999679,send_error,1,1307,0,0,0.0,0.0,191174.6368299,,,,,,,0,robot_not_discovered
2026-08-18T05:36:02.561+00:00,1787031362.5615764,191174.6415014,32.57289110001875,sent,2,1308,37,18,0.0,0.0,191174.6406809,191174.6409263,,,,,0,1,
2026-08-18T05:36:02.561+00:00,1787031362.5615764,191174.6419039,32.57329359999858,sent,3,1309,0,0,0.0,0.0,191174.6415731,191174.6415804,,,,,0,1,
2026-08-18T05:36:02.561+00:00,1787031362.5615764,191174.6419747,32.573364400013816,send_error,10,1310,0,0,0.0,0.0,191174.6419719,,,,,,,0,robot_not_discovered
2026-08-18T05:36:02.707+00:00,1787031362.7074645,191174.7874149,32.7188046000083,send_error,1,1311,0,0,0.0,0.0,191174.7873521,,,,,,,0,robot_not_discovered
2026-08-18T05:36:02.715+00:00,1787031362.7159772,191174.7960865,32.72747620000155,sent,2,1312,32,18,0.0,0.0,191174.7956219,191174.7957438,,,,,0,1,
2026-08-18T05:36:02.715+00:00,1787031362.7159772,191174.7963444,32.72773410001537,sent,3,1313,0,0,0.0,0.0,191174.796163,191174.7961659,,,,,0,1,
2026-08-18T05:36:02.715+00:00,1787031362.7159772,191174.7963781,32.72776780001004,send_error,10,1314,0,0,0.0,0.0,191174.7963752,,,,,,,0,robot_not_discovered
2026-08-18T05:36:02.861+00:00,1787031362.86141,191174.9413161,32.87270580002223,send_error,1,1315,0,0,0.0,0.0,191174.9412861,,,,,,,0,robot_not_discovered
2026-08-18T05:36:02.866+00:00,1787031362.8669224,191174.9468732,32.87826290001976,sent,2,1316,23,18,0.0,0.0,191174.9463974,191174.9466218,,,,,0,1,
2026-08-18T05:36:02.866+00:00,1787031362.8669224,191174.9473522,32.87874190000002,sent,3,1317,0,0,0.0,0.0,191174.9469912,191174.9469978,,,,,0,1,
2026-08-18T05:36:02.866+00:00,1787031362.8669224,191174.9474619,32.878851600020425,send_error,10,1318,0,0,0.0,0.0,191174.9474559,,,,,,,0,robot_not_discovered
2026-08-18T05:36:03.053+00:00,1787031363.0537636,191175.1344255,33.06581520001055,send_error,1,1319,0,0,0.0,0.0,191175.1344033,,,,,,,0,robot_not_discovered
2026-08-18T05:36:03.260+00:00,1787031363.2601812,191175.3407121,33.27210180001566,sent,2,1320,20,1,0.0,0.0,191175.3404666,191175.3405719,,,,,0,1,
2026-08-18T05:36:03.260+00:00,1787031363.2601812,191175.340861,33.27225070001441,sent,3,1321,0,0,0.0,0.0,191175.3407501,191175.340752,,,,,0,1,
2026-08-18T05:36:03.260+00:00,1787031363.2601812,191175.3408886,33.272278300020844,send_error,10,1322,0,0,0.0,0.0,191175.3408862,,,,,,,0,robot_not_discovered
2026-08-18T05:36:03.431+00:00,1787031363.4316096,191175.5125778,33.443967500003055,send_error,1,1323,0,0,0.0,0.0,191175.5125497,,,,,,,0,robot_not_discovered
2026-08-18T05:36:03.439+00:00,1787031363.439087,191175.5189211,33.450310800020816,sent,2,1324,18,0,0.0,0.0,191175.5185689,191175.5187343,,,,,0,1,
2026-08-18T05:36:03.439+00:00,1787031363.439087,191175.5190783,33.45046800002456,sent,3,1325,0,0,0.0,0.0,191175.5189572,191175.5189592,,,,,0,1,
2026-08-18T05:36:03.439+00:00,1787031363.439087,191175.5191066,33.45049630000722,send_error,10,1326,0,0,0.0,0.0,191175.5191042,,,,,,,0,robot_not_discovered
2026-08-18T05:36:03.578+00:00,1787031363.5781517,191175.6587203,33.590110000019195,send_error,1,1327,0,0,0.0,0.0,191175.6587092,,,,,,,0,robot_not_discovered
2026-08-18T05:36:03.584+00:00,1787031363.5846555,191175.6652611,33.596650799998315,sent,2,1328,18,-1,0.0,0.0,191175.6645549,191175.6647871,,,,,0,1,
2026-08-18T05:36:03.585+00:00,1787031363.585652,191175.6656012,33.59699089999776,sent,3,1329,0,0,0.0,0.0,191175.6653265,191175.6653306,,,,,0,1,
2026-08-18T05:36:03.585+00:00,1787031363.585652,191175.6656637,33.59705340000801,send_error,10,1330,0,0,0.0,0.0,191175.6656605,,,,,,,0,robot_not_discovered
2026-08-18T05:36:03.738+00:00,1787031363.7380834,191175.8183635,33.74975320001249,send_error,1,1331,0,0,0.0,0.0,191175.8183442,,,,,,,0,robot_not_discovered
2026-08-18T05:36:03.743+00:00,1787031363.7438664,191175.8236581,33.75504780001938,sent,2,1332,18,-1,0.0,0.0,191175.8230706,191175.8232815,,,,,0,1,
2026-08-18T05:36:03.743+00:00,1787031363.7438664,191175.8238596,33.7552493000112,sent,3,1333,0,0,0.0,0.0,191175.823724,191175.8237262,,,,,0,1,
2026-08-18T05:36:03.743+00:00,1787031363.7438664,191175.82389,33.75527970000985,send_error,10,1334,0,0,0.0,0.0,191175.8238871,,,,,,,0,robot_not_discovered
2026-08-18T05:36:03.899+00:00,1787031363.8996494,191175.9798418,33.91123150000931,send_error,1,1335,0,0,0.0,0.0,191175.9798265,,,,,,,0,robot_not_discovered
2026-08-18T05:36:03.909+00:00,1787031363.9091702,191175.9898705,33.921260200004326,sent,2,1336,18,-18,0.0,0.0,191175.9887492,191175.9889708,,,,,0,1,
2026-08-18T05:36:03.910+00:00,1787031363.9101691,191175.9906548,33.92204450001009,sent,3,1337,0,0,0.0,0.0,191175.9900154,191175.9900228,,,,,0,1,
2026-08-18T05:36:03.910+00:00,1787031363.9101691,191175.9907883,33.92217800000799,send_error,10,1338,0,0,0.0,0.0,191175.9907781,,,,,,,0,robot_not_discovered
2026-08-18T05:36:04.074+00:00,1787031364.0748718,191176.1546884,34.08607810002286,send_error,1,1339,0,0,0.0,0.0,191176.1546688,,,,,,,0,robot_not_discovered
2026-08-18T05:36:04.078+00:00,1787031364.0788727,191176.1595778,34.09096750000026,sent,2,1340,18,1,0.0,0.0,191176.1593453,191176.1594418,,,,,0,1,
2026-08-18T05:36:04.079+00:00,1787031364.079873,191176.1597214,34.09111110001686,sent,3,1341,0,0,0.0,0.0,191176.1596124,191176.1596146,,,,,0,1,
2026-08-18T05:36:04.079+00:00,1787031364.079873,191176.1597524,34.09114210002008,send_error,10,1342,0,0,0.0,0.0,191176.1597498,,,,,,,0,robot_not_discovered
2026-08-18T05:36:04.239+00:00,1787031364.2393787,191176.3195213,34.25091100001009,send_error,1,1343,0,0,0.0,0.0,191176.31951,,,,,,,0,robot_not_discovered
2026-08-18T05:36:04.246+00:00,1787031364.2462626,191176.3266148,34.25800450000679,sent,2,1344,18,18,0.0,0.0,191176.3262458,191176.3264025,,,,,0,1,
2026-08-18T05:36:04.246+00:00,1787031364.2462626,191176.3268623,34.25825199999963,sent,3,1345,0,0,0.0,0.0,191176.3266592,191176.3266618,,,,,0,1,
2026-08-18T05:36:04.246+00:00,1787031364.2462626,191176.3268976,34.25828730000649,send_error,10,1346,0,0,0.0,0.0,191176.3268951,,,,,,,0,robot_not_discovered
2026-08-18T05:36:04.399+00:00,1787031364.3999286,191176.4797026,34.41109229999711,send_error,1,1347,0,0,0.0,0.0,191176.4796935,,,,,,,0,robot_not_discovered
2026-08-18T05:36:04.405+00:00,1787031364.4054468,191176.4855395,34.416929200000595,sent,2,1348,18,1,0.0,0.0,191176.4852366,191176.4853914,,,,,0,1,
2026-08-18T05:36:04.405+00:00,1787031364.4054468,191176.4856895,34.41707920000772,sent,3,1349,0,0,0.0,0.0,191176.4855749,191176.4855778,,,,,0,1,
2026-08-18T05:36:04.405+00:00,1787031364.4054468,191176.4857163,34.41710600000806,send_error,10,1350,0,0,0.0,0.0,191176.4857139,,,,,,,0,robot_not_discovered
2026-08-18T05:36:04.572+00:00,1787031364.5724795,191176.6529085,34.584298200003104,send_error,1,1351,0,0,0.0,0.0,191176.6528976,,,,,,,0,robot_not_discovered
2026-08-18T05:36:04.577+00:00,1787031364.5774918,191176.6580278,34.58941750001395,sent,2,1352,18,-1,0.0,0.0,191176.6577266,191176.6577524,,,,,0,1,
2026-08-18T05:36:04.577+00:00,1787031364.5774918,191176.6581726,34.589562300010584,sent,3,1353,0,0,0.0,0.0,191176.6580636,191176.6580656,,,,,0,1,
2026-08-18T05:36:04.577+00:00,1787031364.5774918,191176.6582002,34.58958990001702,send_error,10,1354,0,0,0.0,0.0,191176.658198,,,,,,,0,robot_not_discovered
2026-08-18T05:36:04.733+00:00,1787031364.7334495,191176.8133294,34.744719100010116,send_error,1,1355,0,0,0.0,0.0,191176.8133171,,,,,,,0,robot_not_discovered
2026-08-18T05:36:04.740+00:00,1787031364.740455,191176.8202904,34.75168010001653,sent,2,1356,18,0,0.0,0.0,191176.8200288,191176.8201234,,,,,0,1,
2026-08-18T05:36:04.740+00:00,1787031364.740455,191176.820531,34.751920700015035,sent,3,1357,0,0,0.0,0.0,191176.8203271,191176.8203293,,,,,0,1,
2026-08-18T05:36:04.740+00:00,1787031364.740455,191176.8205942,34.751983900001505,send_error,10,1358,0,0,0.0,0.0,191176.82059,,,,,,,0,robot_not_discovered
2026-08-18T05:36:04.891+00:00,1787031364.8915873,191176.9714219,34.90281160001177,send_error,1,1359,0,0,0.0,0.0,191176.9714051,,,,,,,0,robot_not_discovered
2026-08-18T05:36:04.896+00:00,1787031364.8961263,191176.9767258,34.90811550000217,sent,2,1360,18,18,0.0,0.0,191176.9764813,191176.9766093,,,,,0,1,
2026-08-18T05:36:04.897+00:00,1787031364.8971083,191176.9768974,34.90828709999914,sent,3,1361,0,0,0.0,0.0,191176.9767575,191176.9767592,,,,,0,1,
2026-08-18T05:36:04.897+00:00,1787031364.8971083,191176.976939,34.908328699995764,send_error,10,1362,0,0,0.0,0.0,191176.9769362,,,,,,,0,robot_not_discovered
2026-08-18T05:36:05.078+00:00,1787031365.078549,191177.1582858,35.08967549999943,send_error,1,1363,0,0,0.0,0.0,191177.1582567,,,,,,,0,robot_not_discovered
2026-08-18T05:36:05.084+00:00,1787031365.0840557,191177.1646049,35.09599460000754,sent,2,1364,18,1,0.0,0.0,191177.16423,191177.1643789,,,,,0,1,
2026-08-18T05:36:05.085+00:00,1787031365.0850253,191177.1648301,35.0962198000052,sent,3,1365,0,0,0.0,0.0,191177.1646437,191177.1646461,,,,,0,1,
2026-08-18T05:36:05.085+00:00,1787031365.0850253,191177.1648639,35.09625360000064,send_error,10,1366,0,0,0.0,0.0,191177.1648612,,,,,,,0,robot_not_discovered
2026-08-18T05:36:05.245+00:00,1787031365.2450225,191177.3251548,35.256544500007294,send_error,1,1367,0,0,0.0,0.0,191177.3251446,,,,,,,0,robot_not_discovered
2026-08-18T05:36:05.250+00:00,1787031365.2500353,191177.3305181,35.26190780001343,sent,2,1368,18,1,0.0,0.0,191177.3300358,191177.3302152,,,,,0,1,
2026-08-18T05:36:05.250+00:00,1787031365.2500353,191177.3308373,35.26222699999926,sent,3,1369,0,0,0.0,0.0,191177.3305809,191177.3305981,,,,,0,1,
2026-08-18T05:36:05.250+00:00,1787031365.2500353,191177.3308901,35.26227980002295,send_error,10,1370,0,0,0.0,0.0,191177.3308874,,,,,,,0,robot_not_discovered
2026-08-18T05:36:05.403+00:00,1787031365.4034963,191177.4835068,35.41489650000585,send_error,1,1371,0,0,0.0,0.0,191177.4834952,,,,,,,0,robot_not_discovered
2026-08-18T05:36:05.411+00:00,1787031365.4114995,191177.4916872,35.42307690001326,sent,2,1372,38,-38,0.0,0.0,191177.4913547,191177.4914352,,,,,0,1,
2026-08-18T05:36:05.411+00:00,1787031365.4114995,191177.4918392,35.42322890000651,sent,3,1373,0,0,0.0,0.0,191177.4917294,191177.491734,,,,,0,1,
2026-08-18T05:36:05.411+00:00,1787031365.4114995,191177.4918697,35.42325940000592,send_error,10,1374,0,0,0.0,0.0,191177.491867,,,,,,,0,robot_not_discovered
2026-08-18T05:36:05.552+00:00,1787031365.5528133,191177.6326746,35.564064300007885,send_error,1,1375,0,0,0.0,0.0,191177.6326566,,,,,,,0,robot_not_discovered
2026-08-18T05:36:05.556+00:00,1787031365.5578227,191177.6375162,35.56890589999966,sent,2,1376,38,-38,0.0,0.0,191177.637178,191177.6372975,,,,,0,1,
2026-08-18T05:36:05.557+00:00,1787031365.5578227,191177.6377181,35.56910780002363,sent,3,1377,0,0,0.0,0.0,191177.6375491,191177.637551,,,,,0,1,
2026-08-18T05:36:05.557+00:00,1787031365.5578227,191177.6377531,35.5691427999991,send_error,10,1378,0,0,0.0,0.0,191177.6377504,,,,,,,0,robot_not_discovered
2026-08-18T05:36:05.711+00:00,1787031365.7118757,191177.7916603,35.72305000000051,send_error,1,1379,0,0,0.0,0.0,191177.7916481,,,,,,,0,robot_not_discovered
2026-08-18T05:36:05.716+00:00,1787031365.7168972,191177.7965949,35.727984600001946,sent,2,1380,38,-38,0.0,0.0,191177.7962995,191177.7964209,,,,,0,1,
2026-08-18T05:36:05.716+00:00,1787031365.7168972,191177.7968899,35.72827960000723,sent,3,1381,0,0,0.0,0.0,191177.7966319,191177.7966345,,,,,0,1,
2026-08-18T05:36:05.716+00:00,1787031365.7168972,191177.796957,35.728346700023394,send_error,10,1382,0,0,0.0,0.0,191177.7969539,,,,,,,0,robot_not_discovered
2026-08-18T05:36:05.862+00:00,1787031365.8626542,191177.9432692,35.87465890002204,send_error,1,1383,0,0,0.0,0.0,191177.9432576,,,,,,,0,robot_not_discovered
2026-08-18T05:36:05.868+00:00,1787031365.8686452,191177.9488112,35.88020090002101,sent,2,1384,18,18,0.0,0.0,191177.9481959,191177.9483181,,,,,0,1,
2026-08-18T05:36:05.868+00:00,1787031365.8686452,191177.9491748,35.88056449999567,sent,3,1385,0,0,0.0,0.0,191177.9488904,191177.9488948,,,,,0,1,
2026-08-18T05:36:05.868+00:00,1787031365.8686452,191177.9492233,35.88061300001573,send_error,10,1386,0,0,0.0,0.0,191177.9492206,,,,,,,0,robot_not_discovered
2026-08-18T05:36:06.035+00:00,1787031366.0355225,191178.1158767,36.04726640001172,send_error,1,1387,0,0,0.0,0.0,191178.1158672,,,,,,,0,robot_not_discovered
2026-08-18T05:36:06.040+00:00,1787031366.0405269,191178.1210947,36.05248440001742,sent,2,1388,18,18,0.0,0.0,191178.1203834,191178.1205904,,,,,0,1,
2026-08-18T05:36:06.041+00:00,1787031366.0415235,191178.1213691,36.05275880001136,sent,3,1389,0,0,0.0,0.0,191178.1211767,191178.1211817,,,,,0,1,
2026-08-18T05:36:06.041+00:00,1787031366.0415235,191178.1214034,36.052793100010604,send_error,10,1390,0,0,0.0,0.0,191178.1214007,,,,,,,0,robot_not_discovered
2026-08-18T05:36:06.197+00:00,1787031366.1978843,191178.2776373,36.209027000004426,send_error,1,1391,0,0,0.0,0.0,191178.2776231,,,,,,,0,robot_not_discovered
2026-08-18T05:36:06.208+00:00,1787031366.2087963,191178.2887385,36.220128200016916,sent,2,1392,18,24,0.0,0.0,191178.2883268,191178.2885368,,,,,0,1,
2026-08-18T05:36:06.208+00:00,1787031366.2087963,191178.2889869,36.22037660001661,sent,3,1393,0,0,0.0,0.0,191178.2887813,191178.2887848,,,,,0,1,
2026-08-18T05:36:06.208+00:00,1787031366.2087963,191178.289025,36.22041470001568,send_error,10,1394,0,0,0.0,0.0,191178.2890222,,,,,,,0,robot_not_discovered
2026-08-18T05:36:06.355+00:00,1787031366.355976,191178.4359206,36.36731030000374,send_error,1,1395,0,0,0.0,0.0,191178.4359105,,,,,,,0,robot_not_discovered
2026-08-18T05:36:06.360+00:00,1787031366.3608944,191178.441459,36.3728487000044,sent,2,1396,18,18,0.0,0.0,191178.4411672,191178.4413168,,,,,0,1,
2026-08-18T05:36:06.361+00:00,1787031366.3618941,191178.4416474,36.37303710001288,sent,3,1397,0,0,0.0,0.0,191178.4414987,191178.441501,,,,,0,1,
2026-08-18T05:36:06.361+00:00,1787031366.3618941,191178.4416789,36.373068600019906,send_error,10,1398,0,0,0.0,0.0,191178.4416766,,,,,,,0,robot_not_discovered
2026-08-18T05:36:06.512+00:00,1787031366.512573,191178.5931547,36.524544400017476,send_error,1,1399,0,0,0.0,0.0,191178.5931431,,,,,,,0,robot_not_discovered
2026-08-18T05:36:06.516+00:00,1787031366.5165548,191178.5966229,36.528012599999784,sent,2,1400,18,20,0.0,0.0,191178.5963235,191178.5964046,,,,,0,1,
2026-08-18T05:36:06.516+00:00,1787031366.5165548,191178.5967422,36.528131900005974,sent,3,1401,0,0,0.0,0.0,191178.5966499,191178.5966516,,,,,0,1,
2026-08-18T05:36:06.516+00:00,1787031366.5165548,191178.5967643,36.52815399999963,send_error,10,1402,0,0,0.0,0.0,191178.5967623,,,,,,,0,robot_not_discovered
2026-08-18T05:36:06.667+00:00,1787031366.6675406,191178.7477475,36.679137200000696,send_error,1,1403,0,0,0.0,0.0,191178.7477134,,,,,,,0,robot_not_discovered
2026-08-18T05:36:06.674+00:00,1787031366.6751091,191178.7547583,36.68614800000796,sent,2,1404,18,18,0.0,0.0,191178.754473,191178.754577,,,,,0,1,
2026-08-18T05:36:06.675+00:00,1787031366.6751091,191178.7549282,36.686317900021095,sent,3,1405,0,0,0.0,0.0,191178.7547983,191178.7548005,,,,,0,1,
2026-08-18T05:36:06.675+00:00,1787031366.6751091,191178.7549636,36.68635329999961,send_error,10,1406,0,0,0.0,0.0,191178.7549609,,,,,,,0,robot_not_discovered
2026-08-18T05:36:06.834+00:00,1787031366.8341184,191178.9144265,36.845816200017,send_error,1,1407,0,0,0.0,0.0,191178.9144137,,,,,,,0,robot_not_discovered
2026-08-18T05:36:06.840+00:00,1787031366.840119,191178.9200621,36.85145180000109,sent,2,1408,1,18,0.0,0.0,191178.9195942,191178.9197823,,,,,0,1,
2026-08-18T05:36:06.840+00:00,1787031366.840119,191178.9202596,36.851649300020654,sent,3,1409,0,0,0.0,0.0,191178.9201194,191178.9201218,,,,,0,1,
2026-08-18T05:36:06.840+00:00,1787031366.840119,191178.9202892,36.85167890001321,send_error,10,1410,0,0,0.0,0.0,191178.9202868,,,,,,,0,robot_not_discovered
2026-08-18T05:36:07.054+00:00,1787031367.0540173,191179.1342491,37.06563880000613,send_error,1,1411,0,0,0.0,0.0,191179.1342188,,,,,,,0,robot_not_discovered
2026-08-18T05:36:07.060+00:00,1787031367.060022,191179.1403757,37.07176540000364,sent,2,1412,-23,28,0.0,0.0,191179.1397734,191179.1400122,,,,,0,1,
2026-08-18T05:36:07.060+00:00,1787031367.060022,191179.1408125,37.072202200011816,sent,3,1413,0,0,0.0,0.0,191179.1404638,191179.140468,,,,,0,1,
2026-08-18T05:36:07.060+00:00,1787031367.060022,191179.1408687,37.07225840000319,send_error,10,1414,0,0,0.0,0.0,191179.1408658,,,,,,,0,robot_not_discovered
2026-08-18T05:36:07.240+00:00,1787031367.240431,191179.3208935,37.252283200010424,send_error,1,1415,0,0,0.0,0.0,191179.3208356,,,,,,,0,robot_not_discovered
2026-08-18T05:36:07.249+00:00,1787031367.2494597,191179.3291554,37.260545099998126,sent,2,1416,-18,18,0.0,0.0,191179.3283559,191179.3285878,,,,,0,1,
2026-08-18T05:36:07.249+00:00,1787031367.2494597,191179.3295862,37.26097590001882,sent,3,1417,0,0,0.0,0.0,191179.3292443,191179.3292499,,,,,0,1,
2026-08-18T05:36:07.249+00:00,1787031367.2494597,191179.3296416,37.261031300004106,send_error,10,1418,0,0,0.0,0.0,191179.3296383,,,,,,,0,robot_not_discovered
2026-08-18T05:36:07.417+00:00,1787031367.4173293,191179.4977503,37.42914000002202,send_error,1,1419,0,0,0.0,0.0,191179.4977385,,,,,,,0,robot_not_discovered
2026-08-18T05:36:07.423+00:00,1787031367.4238665,191179.5042703,37.43566000001738,sent,2,1420,-28,31,0.0,0.0,191179.5038831,191179.5040378,,,,,0,1,
2026-08-18T05:36:07.423+00:00,1787031367.4238665,191179.5045258,37.435915500012925,sent,3,1421,0,0,0.0,0.0,191179.5043042,191179.5043273,,,,,0,1,
2026-08-18T05:36:07.424+00:00,1787031367.4249198,191179.5045625,37.43595220000134,send_error,10,1422,0,0,0.0,0.0,191179.5045596,,,,,,,0,robot_not_discovered
2026-08-18T05:36:07.569+00:00,1787031367.569287,191179.649484,37.580873700004304,send_error,1,1423,0,0,0.0,0.0,191179.6494674,,,,,,,0,robot_not_discovered
2026-08-18T05:36:07.576+00:00,1787031367.5767958,191179.6564409,37.5878306000086,sent,2,1424,-28,31,0.0,0.0,191179.6561589,191179.6562711,,,,,0,1,
2026-08-18T05:36:07.576+00:00,1787031367.5767958,191179.6565685,37.587958200019784,sent,3,1425,0,0,0.0,0.0,191179.6564778,191179.6564799,,,,,0,1,
2026-08-18T05:36:07.576+00:00,1787031367.5767958,191179.6566038,37.58799349999754,send_error,10,1426,0,0,0.0,0.0,191179.656601,,,,,,,0,robot_not_discovered
2026-08-18T05:36:07.733+00:00,1787031367.7331333,191179.8135456,37.74493529999745,send_error,1,1427,0,0,0.0,0.0,191179.8135207,,,,,,,0,robot_not_discovered
2026-08-18T05:36:07.742+00:00,1787031367.742665,191179.8226035,37.753993200021796,sent,2,1428,-28,31,0.0,0.0,191179.8220924,191179.8222436,,,,,0,1,
2026-08-18T05:36:07.742+00:00,1787031367.742665,191179.8228931,37.75428280001506,sent,3,1429,0,0,0.0,0.0,191179.8227077,191179.8227104,,,,,0,1,
2026-08-18T05:36:07.742+00:00,1787031367.742665,191179.8229447,37.754334400000516,send_error,10,1430,0,0,0.0,0.0,191179.8229328,,,,,,,0,robot_not_discovered
2026-08-18T05:36:07.889+00:00,1787031367.889281,191179.9692646,37.90065429999959,send_error,1,1431,0,0,0.0,0.0,191179.969251,,,,,,,0,robot_not_discovered
2026-08-18T05:36:07.897+00:00,1787031367.8978002,191179.9778144,37.909204099996714,sent,2,1432,-28,31,0.0,0.0,191179.9774922,191179.9777063,,,,,0,1,
2026-08-18T05:36:07.897+00:00,1787031367.8978002,191179.9779996,37.909389300009934,sent,3,1433,0,0,0.0,0.0,191179.9778555,191179.9778573,,,,,0,1,
2026-08-18T05:36:07.897+00:00,1787031367.8978002,191179.9780353,37.90942500001984,send_error,10,1434,0,0,0.0,0.0,191179.9780325,,,,,,,0,robot_not_discovered
2026-08-18T05:36:08.079+00:00,1787031368.079972,191180.1596682,38.09105790001922,send_error,1,1435,0,0,0.0,0.0,191180.1596576,,,,,,,0,robot_not_discovered
2026-08-18T05:36:08.084+00:00,1787031368.0844865,191180.1641619,38.09555160001037,sent,2,1436,-28,31,0.0,0.0,191180.1638675,191180.1638891,,,,,0,1,
2026-08-18T05:36:08.084+00:00,1787031368.0844865,191180.1645465,38.095936199999414,sent,3,1437,0,0,0.0,0.0,191180.1642164,191180.1642212,,,,,0,1,
2026-08-18T05:36:08.084+00:00,1787031368.0844865,191180.1646142,38.09600390002015,send_error,10,1438,0,0,0.0,0.0,191180.1646109,,,,,,,0,robot_not_discovered
2026-08-18T05:36:08.235+00:00,1787031368.2356608,191180.3156417,38.24703140000929,send_error,1,1439,0,0,0.0,0.0,191180.3156311,,,,,,,0,robot_not_discovered
2026-08-18T05:36:08.242+00:00,1787031368.2427235,191180.3224637,38.25385340000503,sent,2,1440,-28,31,0.0,0.0,191180.3211269,191180.3213444,,,,,0,1,
2026-08-18T05:36:08.242+00:00,1787031368.2427235,191180.3231865,38.25457620000816,sent,3,1441,0,0,0.0,0.0,191180.3227534,191180.3227765,,,,,0,1,
2026-08-18T05:36:08.242+00:00,1787031368.2427235,191180.3232693,38.254658999998355,send_error,10,1442,0,0,0.0,0.0,191180.323264,,,,,,,0,robot_not_discovered
2026-08-18T05:36:08.382+00:00,1787031368.3828735,191180.4625194,38.39390910000657,send_error,1,1443,0,0,0.0,0.0,191180.4625008,,,,,,,0,robot_not_discovered
2026-08-18T05:36:08.388+00:00,1787031368.38889,191180.469432,38.40082170002279,sent,2,1444,-18,18,0.0,0.0,191180.4687704,191180.4691116,,,,,0,1,
2026-08-18T05:36:08.389+00:00,1787031368.3898785,191180.4696042,38.40099390002433,sent,3,1445,0,0,0.0,0.0,191180.4694817,191180.4694837,,,,,0,1,
2026-08-18T05:36:08.389+00:00,1787031368.3898785,191180.4696527,38.401042400015285,send_error,10,1446,0,0,0.0,0.0,191180.4696499,,,,,,,0,robot_not_discovered
2026-08-18T05:36:08.546+00:00,1787031368.5469644,191180.627094,38.558483700006036,send_error,1,1447,0,0,0.0,0.0,191180.6270829,,,,,,,0,robot_not_discovered
2026-08-18T05:36:08.552+00:00,1787031368.5520127,191180.6321956,38.56358529999852,sent,2,1448,18,18,0.0,0.0,191180.6319432,191180.6320631,,,,,0,1,
2026-08-18T05:36:08.552+00:00,1787031368.5520127,191180.6324423,38.56383200001437,sent,3,1449,0,0,0.0,0.0,191180.6322274,191180.632229,,,,,0,1,
2026-08-18T05:36:08.552+00:00,1787031368.5520127,191180.6324924,38.56388210001751,send_error,10,1450,0,0,0.0,0.0,191180.6324887,,,,,,,0,robot_not_discovered
2026-08-18T05:36:08.702+00:00,1787031368.7023063,191180.7819043,38.713294000015594,send_error,1,1451,0,0,0.0,0.0,191180.7818701,,,,,,,0,robot_not_discovered
2026-08-18T05:36:08.709+00:00,1787031368.7093139,191180.7893173,38.7207070000004,sent,2,1452,20,18,0.0,0.0,191180.7885853,191180.7888942,,,,,0,1,
2026-08-18T05:36:08.709+00:00,1787031368.7093139,191180.7895186,38.7209083000198,sent,3,1453,0,0,0.0,0.0,191180.7893601,191180.7893621,,,,,0,1,
2026-08-18T05:36:08.709+00:00,1787031368.7093139,191180.7895528,38.72094250001828,send_error,10,1454,0,0,0.0,0.0,191180.7895499,,,,,,,0,robot_not_discovered
2026-08-18T05:36:08.859+00:00,1787031368.8598185,191180.9394801,38.87086980001186,send_error,1,1455,0,0,0.0,0.0,191180.9394286,,,,,,,0,robot_not_discovered
2026-08-18T05:36:08.863+00:00,1787031368.8638854,191180.9442035,38.875593200005824,sent,2,1456,18,18,0.0,0.0,191180.9438868,191180.9440298,,,,,0,1,
2026-08-18T05:36:08.863+00:00,1787031368.8638854,191180.9444024,38.87579210000695,sent,3,1457,0,0,0.0,0.0,191180.9442399,191180.9442423,,,,,0,1,
2026-08-18T05:36:08.863+00:00,1787031368.8638854,191180.9444376,38.87582730001304,send_error,10,1458,0,0,0.0,0.0,191180.9444348,,,,,,,0,robot_not_discovered
2026-08-18T05:36:09.040+00:00,1787031369.040285,191181.1201719,39.05156160000479,send_error,1,1459,0,0,0.0,0.0,191181.1201409,,,,,,,0,robot_not_discovered
2026-08-18T05:36:09.043+00:00,1787031369.0438273,191181.1241448,39.05553450001753,sent,2,1460,18,18,0.0,0.0,191181.123858,191181.1239643,,,,,0,1,
2026-08-18T05:36:09.043+00:00,1787031369.0438273,191181.1243429,39.05573260001256,sent,3,1461,0,0,0.0,0.0,191181.1241718,191181.1241736,,,,,0,1,
2026-08-18T05:36:09.043+00:00,1787031369.0438273,191181.1243755,39.05576519999886,send_error,10,1462,0,0,0.0,0.0,191181.1243714,,,,,,,0,robot_not_discovered
2026-08-18T05:36:09.197+00:00,1787031369.1977558,191181.2773407,39.208730400016066,send_error,1,1463,0,0,0.0,0.0,191181.2773306,,,,,,,0,robot_not_discovered
2026-08-18T05:36:09.202+00:00,1787031369.2022877,191181.2828176,39.214207300014095,sent,2,1464,18,18,0.0,0.0,191181.2823587,191181.282483,,,,,0,1,
2026-08-18T05:36:09.203+00:00,1787031369.2032855,191181.2831813,39.21457100001862,sent,3,1465,0,0,0.0,0.0,191181.2829175,191181.2829267,,,,,0,1,
2026-08-18T05:36:09.203+00:00,1787031369.2032855,191181.2832361,39.21462579999934,send_error,10,1466,0,0,0.0,0.0,191181.2832338,,,,,,,0,robot_not_discovered
2026-08-18T05:36:09.365+00:00,1787031369.3654273,191181.4454164,39.37680610001553,send_error,1,1467,0,0,0.0,0.0,191181.445367,,,,,,,0,robot_not_discovered
2026-08-18T05:36:09.371+00:00,1787031369.371938,191181.4522942,39.383683899999596,sent,2,1468,18,18,0.0,0.0,191181.4518027,191181.4519909,,,,,0,1,
2026-08-18T05:36:09.372+00:00,1787031369.3729444,191181.4526328,39.38402250001673,sent,3,1469,0,0,0.0,0.0,191181.4523621,191181.4523671,,,,,0,1,
2026-08-18T05:36:09.372+00:00,1787031369.3729444,191181.4526871,39.38407680002274,send_error,10,1470,0,0,0.0,0.0,191181.4526829,,,,,,,0,robot_not_discovered
2026-08-18T05:36:09.523+00:00,1787031369.5238767,191181.603511,39.53490070000407,send_error,1,1471,0,0,0.0,0.0,191181.6035015,,,,,,,0,robot_not_discovered
2026-08-18T05:36:09.529+00:00,1787031369.5298758,191181.6099828,39.541372500010766,sent,2,1472,19,18,0.0,0.0,191181.6094964,191181.6098077,,,,,0,1,
2026-08-18T05:36:09.529+00:00,1787031369.5298758,191181.6103842,39.54177390001132,sent,3,1473,0,0,0.0,0.0,191181.6100758,191181.6100811,,,,,0,1,
2026-08-18T05:36:09.530+00:00,1787031369.530877,191181.6104569,39.54184660001192,send_error,10,1474,0,0,0.0,0.0,191181.6104528,,,,,,,0,robot_not_discovered
2026-08-18T05:36:09.680+00:00,1787031369.6801157,191181.760473,39.69186270001228,send_error,1,1475,0,0,0.0,0.0,191181.7604214,,,,,,,0,robot_not_discovered
2026-08-18T05:36:09.687+00:00,1787031369.6875107,191181.7676033,39.698992999998154,sent,2,1476,18,18,0.0,0.0,191181.7668966,191181.7671254,,,,,0,1,
2026-08-18T05:36:09.688+00:00,1787031369.6885173,191181.7681087,39.69949840000481,sent,3,1477,0,0,0.0,0.0,191181.7676881,191181.7676937,,,,,0,1,
2026-08-18T05:36:09.688+00:00,1787031369.6885173,191181.7681634,39.69955310001387,send_error,10,1478,0,0,0.0,0.0,191181.76816,,,,,,,0,robot_not_discovered
2026-08-18T05:36:09.835+00:00,1787031369.8357353,191181.9155843,39.8469740000146,send_error,1,1479,0,0,0.0,0.0,191181.9155741,,,,,,,0,robot_not_discovered
2026-08-18T05:36:09.841+00:00,1787031369.8417368,191181.9214782,39.85286790001555,sent,2,1480,35,34,0.0,0.0,191181.9212276,191181.9213094,,,,,0,1,
2026-08-18T05:36:09.841+00:00,1787031369.8417368,191181.9216614,39.853051100013545,sent,3,1481,0,0,0.0,0.0,191181.9215101,191181.9215125,,,,,0,1,
2026-08-18T05:36:09.841+00:00,1787031369.8417368,191181.9216972,39.85308690002421,send_error,10,1482,0,0,0.0,0.0,191181.9216944,,,,,,,0,robot_not_discovered
2026-08-18T05:36:10.014+00:00,1787031370.0147023,191182.0945219,40.02591160000884,send_error,1,1483,0,0,0.0,0.0,191182.0945098,,,,,,,0,robot_not_discovered
2026-08-18T05:36:10.019+00:00,1787031370.019705,191182.0996306,40.03102029999718,sent,2,1484,36,33,0.0,0.0,191182.0990792,191182.0992557,,,,,0,1,
2026-08-18T05:36:10.019+00:00,1787031370.019705,191182.0997975,40.031187200016575,sent,3,1485,0,0,0.0,0.0,191182.0996695,191182.0996715,,,,,0,1,
2026-08-18T05:36:10.019+00:00,1787031370.019705,191182.0998339,40.031223600002704,send_error,10,1486,0,0,0.0,0.0,191182.0998311,,,,,,,0,robot_not_discovered
2026-08-18T05:36:10.169+00:00,1787031370.1696906,191182.2493375,40.18072720000055,send_error,1,1487,0,0,0.0,0.0,191182.2493278,,,,,,,0,robot_not_discovered
2026-08-18T05:36:10.176+00:00,1787031370.1760874,191182.2556306,40.18702030001441,sent,2,1488,35,34,0.0,0.0,191182.2553104,191182.2554433,,,,,0,1,
2026-08-18T05:36:10.176+00:00,1787031370.1760874,191182.2557651,40.187154800019925,sent,3,1489,0,0,0.0,0.0,191182.2556653,191182.2556671,,,,,0,1,
2026-08-18T05:36:10.176+00:00,1787031370.1760874,191182.2557929,40.18718259999878,send_error,10,1490,0,0,0.0,0.0,191182.2557907,,,,,,,0,robot_not_discovered
2026-08-18T05:36:10.321+00:00,1787031370.3218575,191182.4014159,40.33280560001731,send_error,1,1491,0,0,0.0,0.0,191182.4014059,,,,,,,0,robot_not_discovered
2026-08-18T05:36:10.327+00:00,1787031370.3274033,191182.4072639,40.338653600018006,sent,2,1492,18,18,0.0,0.0,191182.4068418,191182.4070442,,,,,0,1,
2026-08-18T05:36:10.327+00:00,1787031370.3274033,191182.4073874,40.33877709999797,sent,3,1493,0,0,0.0,0.0,191182.4072962,191182.407298,,,,,0,1,
2026-08-18T05:36:10.327+00:00,1787031370.3274033,191182.4074185,40.33880820000195,send_error,10,1494,0,0,0.0,0.0,191182.4074159,,,,,,,0,robot_not_discovered
2026-08-18T05:36:10.480+00:00,1787031370.480029,191182.5599032,40.49129289999837,send_error,1,1495,0,0,0.0,0.0,191182.5598931,,,,,,,0,robot_not_discovered
2026-08-18T05:36:10.485+00:00,1787031370.4858506,191182.5657935,40.49718320000102,sent,2,1496,18,18,0.0,0.0,191182.565435,191182.5655916,,,,,0,1,
2026-08-18T05:36:10.485+00:00,1787031370.4858506,191182.5659685,40.49735820002388,sent,3,1497,0,0,0.0,0.0,191182.5658538,191182.5658558,,,,,0,1,
2026-08-18T05:36:10.485+00:00,1787031370.4858506,191182.5660378,40.497427499998594,send_error,10,1498,0,0,0.0,0.0,191182.5660349,,,,,,,0,robot_not_discovered
2026-08-18T05:36:10.636+00:00,1787031370.6369953,191182.7165246,40.64791430000332,send_error,1,1499,0,0,0.0,0.0,191182.7164885,,,,,,,0,robot_not_discovered
2026-08-18T05:36:10.641+00:00,1787031370.6410062,191182.7212451,40.65263480000431,sent,2,1500,18,18,0.0,0.0,191182.7209139,191182.7210421,,,,,0,1,
2026-08-18T05:36:10.641+00:00,1787031370.6410062,191182.7214114,40.65280110001913,sent,3,1501,0,0,0.0,0.0,191182.7212745,191182.7212765,,,,,0,1,
2026-08-18T05:36:10.641+00:00,1787031370.6410062,191182.7214407,40.65283040000941,send_error,10,1502,0,0,0.0,0.0,191182.7214377,,,,,,,0,robot_not_discovered
2026-08-18T05:36:10.797+00:00,1787031370.797945,191182.8778314,40.809221100003924,send_error,1,1503,0,0,0.0,0.0,191182.8778199,,,,,,,0,robot_not_discovered
2026-08-18T05:36:10.797+00:00,1787031370.797945,191182.8782354,40.80962510002428,sent,2,1504,0,0,0.0,0.0,191182.8781126,191182.8781147,,,,,0,1,
2026-08-18T05:36:10.798+00:00,1787031370.798951,191182.8784967,40.80988640000578,sent,3,1505,0,0,0.0,0.0,191182.878304,191182.8783063,,,,,0,1,
2026-08-18T05:36:10.798+00:00,1787031370.798951,191182.8785237,40.809913400007645,send_error,10,1506,0,0,0.0,0.0,191182.8785213,,,,,,,0,robot_not_discovered
2026-08-18T05:36:10.969+00:00,1787031370.9697328,191183.0493933,40.98078300000634,send_error,1,1507,0,0,0.0,0.0,191183.0493741,,,,,,,0,robot_not_discovered
2026-08-18T05:36:10.969+00:00,1787031370.9697328,191183.0499997,40.98138939999626,sent,2,1508,0,0,0.0,0.0,191183.049447,191183.0494492,,,,,0,1,
2026-08-18T05:36:10.970+00:00,1787031370.9707386,191183.0503291,40.981718800001545,sent,3,1509,0,0,0.0,0.0,191183.0500749,191183.0500772,,,,,0,1,
2026-08-18T05:36:10.970+00:00,1787031370.9707386,191183.0503697,40.981759400019655,send_error,10,1510,0,0,0.0,0.0,191183.050367,,,,,,,0,robot_not_discovered
2026-08-18T05:36:11.138+00:00,1787031371.1387146,191183.2187164,41.150106100016274,send_error,1,1511,0,0,0.0,0.0,191183.2187052,,,,,,,0,robot_not_discovered
2026-08-18T05:36:11.138+00:00,1787031371.1387146,191183.2190451,41.15043480001623,sent,2,1512,0,0,0.0,0.0,191183.2187636,191183.2187653,,,,,0,1,
2026-08-18T05:36:11.139+00:00,1787031371.1397278,191183.2192147,41.150604399997974,sent,3,1513,0,0,0.0,0.0,191183.2190794,191183.2190814,,,,,0,1,
2026-08-18T05:36:11.139+00:00,1787031371.1397278,191183.2192449,41.150634600024205,send_error,10,1514,0,0,0.0,0.0,191183.2192413,,,,,,,0,robot_not_discovered
2026-08-18T05:36:11.308+00:00,1787031371.3080873,191183.3878499,41.319239600008586,send_error,1,1515,0,0,0.0,0.0,191183.3878102,,,,,,,0,robot_not_discovered
2026-08-18T05:36:11.309+00:00,1787031371.3091042,191183.3893146,41.32070430001477,sent,2,1516,0,0,0.0,0.0,191183.3879514,191183.3879543,,,,,0,1,
2026-08-18T05:36:11.310+00:00,1787031371.3104966,191183.3899937,41.32138340000529,sent,3,1517,0,0,0.0,0.0,191183.3895451,191183.3895544,,,,,0,1,
2026-08-18T05:36:11.310+00:00,1787031371.3104966,191183.3900604,41.32145010001841,send_error,10,1518,0,0,0.0,0.0,191183.390055,,,,,,,0,robot_not_discovered
2026-08-18T05:36:11.479+00:00,1787031371.4794345,191183.5597804,41.49117010002374,send_error,1,1519,0,0,0.0,0.0,191183.5597678,,,,,,,0,robot_not_discovered
2026-08-18T05:36:11.480+00:00,1787031371.4804428,191183.560232,41.49162169999909,sent,2,1520,0,0,0.0,0.0,191183.5598254,191183.5598271,,,,,0,1,
2026-08-18T05:36:11.480+00:00,1787031371.4809506,191183.5604243,41.49181400000816,sent,3,1521,0,0,0.0,0.0,191183.560262,191183.5602638,,,,,0,1,
2026-08-18T05:36:11.480+00:00,1787031371.4809506,191183.5604584,41.49184810000588,send_error,10,1522,0,0,0.0,0.0,191183.5604558,,,,,,,0,robot_not_discovered
2026-08-18T05:36:11.642+00:00,1787031371.642432,191183.7220242,41.65341389999958,send_error,1,1523,0,0,0.0,0.0,191183.721999,,,,,,,0,robot_not_discovered
2026-08-18T05:36:11.642+00:00,1787031371.642432,191183.7226366,41.65402630000608,sent,2,1524,0,0,0.0,0.0,191183.7221418,191183.7221442,,,,,0,1,
2026-08-18T05:36:11.643+00:00,1787031371.6434362,191183.723037,41.65442669999902,sent,3,1525,0,0,0.0,0.0,191183.7227116,191183.7227158,,,,,0,1,
2026-08-18T05:36:11.643+00:00,1787031371.6434362,191183.7230936,41.65448330002255,send_error,10,1526,0,0,0.0,0.0,191183.7230899,,,,,,,0,robot_not_discovered
2026-08-18T05:36:11.802+00:00,1787031371.8020456,191183.8817447,41.8131343999994,send_error,1,1527,0,0,0.0,0.0,191183.8817194,,,,,,,0,robot_not_discovered
2026-08-18T05:36:11.802+00:00,1787031371.8020456,191183.8822809,41.813670600007754,sent,2,1528,0,0,0.0,0.0,191183.8818479,191183.8818505,,,,,0,1,
2026-08-18T05:36:11.802+00:00,1787031371.8020456,191183.8824527,41.81384240000625,sent,3,1529,0,0,0.0,0.0,191183.8823276,191183.8823387,,,,,0,1,
2026-08-18T05:36:11.802+00:00,1787031371.8020456,191183.8824781,41.81386779999593,send_error,10,1530,0,0,0.0,0.0,191183.8824753,,,,,,,0,robot_not_discovered
2026-08-18T05:36:11.977+00:00,1787031371.9774218,191184.057004,41.98839370001224,send_error,1,1531,0,0,0.0,0.0,191184.0569882,,,,,,,0,robot_not_discovered
2026-08-18T05:36:11.977+00:00,1787031371.9774218,191184.0573358,41.988725500006694,send_error,1,1533,0,0,0.0,0.0,191184.0573293,,,,,,,0,robot_not_discovered
2026-08-18T05:36:11.977+00:00,1787031371.9774218,191184.0574319,41.98882160001085,sent,2,1534,0,0,0.0,0.0,191184.0573444,191184.0573457,,,,,0,1,
2026-08-18T05:36:11.977+00:00,1787031371.9774218,191184.0574683,41.98885799999698,sent,2,1532,0,0,0.0,0.0,191184.0570576,191184.0570592,,,,,0,1,
2026-08-18T05:36:11.977+00:00,1787031371.9774218,191184.0575637,41.98895339999581,sent,3,1535,0,0,0.0,0.0,191184.057447,191184.0574484,,,,,0,1,
2026-08-18T05:36:11.977+00:00,1787031371.9774218,191184.0575855,41.988975200016284,send_error,10,1537,0,0,0.0,0.0,191184.0575829,,,,,,,0,robot_not_discovered
