wall_time_iso,t_wall,t_perf,session_elapsed_s,frame_seq,frame_received_perf,frame_wait_ms,processing_ms,robot_id,detected,accepted,workspace_markers_seen,homography_valid,homography_age_ms,calibration_enabled,homography_mode,parallax_enabled,alignment_enabled,pose_filter_enabled,pixel_x,pixel_y,floor_x,floor_y,corrected_x,corrected_y,aligned_x,aligned_y,raw_yaw,x,y,yaw,pose_age_ms,cam_x,cam_y,cam_z
2026-08-18T06:26:36.443+00:00,1787034396.4437282,194208.442794,0.28224510001018643,65,194208.3352378,11.67790000909008,95.84860000177287,1,0,0,4,1,0.0,1,estabilizada,1,1,1,,,,,,,,,,,,,nan,0.5394012256200156,-0.25169574727556593,1.5809562616224382
2026-08-18T06:26:36.443+00:00,1787034396.4437282,194208.4428385,0.2822895999997854,65,194208.3352378,11.67790000909008,95.84860000177287,2,1,1,4,1,0.0,1,estabilizada,1,1,1,987.25,257.0,1.0609066486358643,0.9168464541435242,1.031218611584631,0.8503241848811285,1.0183573615846309,0.8388796848811285,0.5742735681151145,1.018811506761024,0.8393409647926892,0.5454536055372862,0.0,0.5394012256200156,-0.25169574727556593,1.5809562616224382
2026-08-18T06:26:36.443+00:00,1787034396.4437282,194208.44285,0.2823011000000406,65,194208.3352378,11.67790000909008,95.84860000177287,3,1,1,4,1,0.0,1,estabilizada,1,1,1,446.75,275.0,0.1411428302526474,0.892402708530426,0.16381471337373982,0.8272719623345328,0.15095346337373983,0.8158274623345328,0.06359484040969013,0.15134877285894743,0.8157940822863979,0.044921490213773306,0.0,0.5394012256200156,-0.25169574727556593,1.5809562616224382
2026-08-18T06:26:36.443+00:00,1787034396.4437282,194208.4428627,0.2823138000094332,65,194208.3352378,11.67790000909008,95.84860000177287,10,0,0,4,1,0.0,1,estabilizada,1,1,1,,,,,,,,,,,,,nan,0.5394012256200156,-0.25169574727556593,1.5809562616224382
2026-08-18T06:26:36.612+00:00,1787034396.6126108,194208.6120476,0.4514987000147812,70,194208.5049153,4.0982000064104795,102.96920000109822,1,0,0,4,1,0.0,1,estabilizada,1,1,1,,,,,,,,,,,,,nan,0.5394159970938678,-0.2516680344078898,1.5809769611559714
2026-08-18T06:26:36.612+00:00,1787034396.6126108,194208.612105,0.45155610001529567,70,194208.5049153,4.0982000064104795,102.96920000109822,2,1,1,4,1,0.0,1,estabilizada,1,1,1,987.25,257.0,1.0609079599380493,0.9168477058410645,1.0312210778334174,0.8503278138968384,1.0183598278334174,0.8388833138968385,0.5742718256024509,1.018811506761024,0.8393409647926892,0.5454536055372862,0.0,0.5394159970938678,-0.2516680344078898,1.5809769611559714
2026-08-18T06:26:36.612+00:00,1787034396.6126108,194208.6121201,0.4515712000138592,70,194208.5049153,4.0982000064104795,102.96920000109822,3,1,1,4,1,0.0,1,estabilizada,1,1,1,447.0,275.0,0.1415538787841797,0.8923982977867126,0.16420290627012757,0.8272702330347581,0.15134165627012758,0.8158257330347581,0.06125303414412673,0.15134877285894743,0.8157940822863979,0.044921490213773306,0.0,0.5394159970938678,-0.2516680344078898,1.5809769611559714
2026-08-18T06:26:36.612+00:00,1787034396.6126108,194208.6121326,0.4515837000217289,70,194208.5049153,4.0982000064104795,102.96920000109822,10,0,0,4,1,0.0,1,estabilizada,1,1,1,,,,,,,,,,,,,nan,0.5394159970938678,-0.2516680344078898,1.5809769611559714
2026-08-18T06:26:36.768+00:00,1787034396.768513,194208.7682249,0.6076760000141803,75,194208.6680297,5.337200011126697,94.65199999976903,1,0,0,4,1,0.0,1,estabilizada,1,1,1,,,,,,,,,,,,,nan,0.539435176137861,-0.25163887283937997,1.5809996795510395
2026-08-18T06:26:36.768+00:00,1787034396.768513,194208.7684455,0.6078966000059154,75,194208.6680297,5.337200011126697,94.65199999976903,2,1,1,4,1,0.0,1,estabilizada,1,1,1,987.25,257.0,1.0609092712402344,0.9168490767478943,1.0312238328645977,0.8503317226819413,1.0183625828645977,0.8388872226819414,0.5742700830858586,1.018811506761024,0.8393409647926892,0.5454536055372862,0.0,0.539435176137861,-0.25163887283937997,1.5809996795510395
2026-08-18T06:26:36.768+00:00,1787034396.768513,194208.7684622,0.6079133000166621,75,194208.6680297,5.337200011126697,94.65199999976903,3,1,1,4,1,0.0,1,estabilizada,1,1,1,446.25,275.0,0.14031530916690826,0.8924177885055542,0.16303560980453158,0.8272912101432592,0.1501743598045316,0.8158467101432593,0.06608633460042816,0.15134877285894743,0.8157940822863979,0.044921490213773306,0.0,0.539435176137861,-0.25163887283937997,1.5809996795510395
2026-08-18T06:26:36.769+00:00,1787034396.7695029,194208.7685021,0.6079532000003383,75,194208.6680297,5.337200011126697,94.65199999976903,10,0,0,4,1,0.0,1,estabilizada,1,1,1,,,,,,,,,,,,,nan,0.539435176137861,-0.25163887283937997,1.5809996795510395
2026-08-18T06:26:36.931+00:00,1787034396.931092,194208.9303799,0.7698310000123456,79,194208.801883,32.555999991018325,95.89060000143945,1,0,0,4,1,0.0,1,estabilizada,1,1,1,,,,,,,,,,,,,nan,0.5394541876475512,-0.25160805449765106,1.5810231138599402
2026-08-18T06:26:36.931+00:00,1787034396.931092,194208.9305424,0.7699934999982361,79,194208.801883,32.555999991018325,95.89060000143945,2,1,1,4,1,0.0,1,estabilizada,1,1,1,987.25,257.0,1.060910701751709,0.9168506860733032,1.031226704182062,0.8503359806717843,1.018365454182062,0.8388914806717843,0.5742672131429579,1.018811506761024,0.8393409647926892,0.5454536055372862,0.0,0.5394541876475512,-0.25160805449765106,1.5810231138599402
2026-08-18T06:26:36.931+00:00,1787034396.931092,194208.9306522,0.7701033000194002,79,194208.801883,32.555999991018325,95.89060000143945,3,1,1,4,1,0.0,1,estabilizada,1,1,1,447.0,275.0,0.14155100286006927,0.8924025297164917,0.16420170689907798,0.8272795396243973,0.151340456899078,0.8158350396243973,0.061250528132515344,0.15134877285894743,0.8157940822863979,0.044921490213773306,0.0,0.5394541876475512,-0.25160805449765106,1.5810231138599402
2026-08-18T06:26:36.931+00:00,1787034396.931092,194208.9307227,0.7701738000032492,79,194208.801883,32.555999991018325,95.89060000143945,10,0,0,4,1,0.0,1,estabilizada,1,1,1,,,,,,,,,,,,,nan,0.5394541876475512,-0.25160805449765106,1.5810231138599402
2026-08-18T06:26:37.130+00:00,1787034397.1309571,194209.1303453,0.9697963999933563,85,194209.0003631,5.700200010323897,124.17009999626316,1,0,0,4,1,0.0,1,estabilizada,1,1,1,,,,,,,,,,,,,nan,0.5394660518976406,-0.25157535320397784,1.5810485072911513
2026-08-18T06:26:37.130+00:00,1787034397.1309571,194209.1304649,0.969916000001831,85,194209.0003631,5.700200010323897,124.17009999626316,2,1,1,4,1,0.0,1,estabilizada,1,1,1,988.25,255.75,1.063025712966919,0.919448971748352,1.033222472092945,0.8527892906824747,1.020361222092945,0.8413447906824747,0.7096754640190908,1.018811506761024,0.8393409647926892,0.5680336612998675,0.0,0.5394660518976406,-0.25157535320397784,1.5810485072911513
2026-08-18T06:26:37.130+00:00,1787034397.1309571,194209.1306403,0.9700913999986369,85,194209.0003631,5.700200010323897,124.17009999626316,3,1,1,4,1,0.0,1,estabilizada,1,1,1,447.0,275.0,0.14154981076717377,0.8924044370651245,0.16420089423272816,0.8272842458442872,0.15133964423272817,0.8158397458442872,0.06125033593960528,0.15134877285894743,0.8157940822863979,0.044921490213773306,0.0,0.5394660518976406,-0.25157535320397784,1.5810485072911513
2026-08-18T06:26:37.130+00:00,1787034397.1309571,194209.1307056,0.9701567000010982,85,194209.0003631,5.700200010323897,124.17009999626316,10,0,0,4,1,0.0,1,estabilizada,1,1,1,,,,,,,,,,,,,nan,0.5394660518976406,-0.25157535320397784,1.5810485072911513
2026-08-18T06:26:37.293+00:00,1787034397.293009,194209.2927564,1.1322075000207406,91,194209.1998961,3.7287999875843525,89.10240000113845,1,0,0,4,1,0.0,1,estabilizada,1,1,1,,,,,,,,,,,,,nan,0.5394806106389014,-0.2515443882389073,1.5810721220637423
2026-08-18T06:26:37.293+00:00,1787034397.293009,194209.2928038,1.1322549000033177,91,194209.1998961,3.7287999875843525,89.10240000113845,2,1,1,4,1,0.0,1,estabilizada,1,1,1,986.25,254.0,1.0600272417068481,0.9231687188148499,1.0303959578821964,0.8563000553557543,1.0175347078821964,0.8448555553557543,1.0977426128155798,1.018811506761024,0.8393409647926892,0.8057864219927713,0.0,0.5394806106389014,-0.2515443882389073,1.5810721220637423
2026-08-18T06:26:37.293+00:00,1787034397.293009,194209.2928177,1.1322688000218477,91,194209.1998961,3.7287999875843525,89.10240000113845,3,1,1,4,1,0.0,1,estabilizada,1,1,1,447.0,275.0,0.1415487676858902,0.8924068212509155,0.16420040094536725,0.8272892295754022,0.15133915094536726,0.8158447295754022,0.06124906205797748,0.15134877285894743,0.8157940822863979,0.044921490213773306,0.0,0.5394806106389014,-0.2515443882389073,1.5810721220637423
2026-08-18T06:26:37.293+00:00,1787034397.293009,194209.2928454,1.1322964999999385,91,194209.1998961,3.7287999875843525,89.10240000113845,10,0,0,4,1,0.0,1,estabilizada,1,1,1,,,,,,,,,,,,,nan,0.5394806106389014,-0.2515443882389073,1.5810721220637423
2026-08-18T06:26:37.441+00:00,1787034397.4413247,194209.4403705,1.2798216000082903,95,194209.3332014,25.017499981913716,82.12520001688972,1,0,0,4,1,0.0,1,estabilizada,1,1,1,,,,,,,,,,,,,nan,0.5394965706846643,-0.25151176086163335,1.5810971229053268
2026-08-18T06:26:37.441+00:00,1787034397.4413247,194209.440413,1.279864100011764,95,194209.3332014,25.017499981913716,82.12520001688972,2,1,1,4,1,0.0,1,estabilizada,1,1,1,985.5,253.5,1.0588582754135132,0.9242374897003174,1.0292949090975305,0.8573109037129036,1.0164336590975305,0.8458664037129037,1.250652424772582,1.018811506761024,0.8393409647926892,1.0604605986325508,0.0,0.5394965706846643,-0.25151176086163335,1.5810971229053268
2026-08-18T06:26:37.441+00:00,1787034397.4413247,194209.4404259,1.2798769999935757,95,194209.3332014,25.017499981913716,82.12520001688972,3,1,1,4,1,0.0,1,estabilizada,1,1,1,447.0,275.0,0.1415473222732544,0.8924089074134827,0.16419958811965268,0.8272940838815919,0.1513383381196527,0.8158495838815919,0.06124776311645307,0.15134877285894743,0.8157940822863979,0.044921490213773306,0.0,0.5394965706846643,-0.25151176086163335,1.5810971229053268
2026-08-18T06:26:37.441+00:00,1787034397.4413247,194209.4404383,1.279889400000684,95,194209.3332014,25.017499981913716,82.12520001688972,10,0,0,4,1,0.0,1,estabilizada,1,1,1,,,,,,,,,,,,,nan,0.5394965706846643,-0.25151176086163335,1.5810971229053268
2026-08-18T06:26:37.591+00:00,1787034397.5914502,194209.5916501,1.431101199996192,100,194209.5003004,5.260600009933114,86.0654000134673,1,0,0,4,1,0.0,1,estabilizada,1,1,1,,,,,,,,,,,,,nan,0.5395132799602864,-0.2514780605543932,1.5811235836665487
2026-08-18T06:26:37.591+00:00,1787034397.5914502,194209.5916928,1.4311439000011887,100,194209.5003004,5.260600009933114,86.0654000134673,2,1,1,4,1,0.0,1,estabilizada,1,1,1,984.25,251.75,1.0571702718734741,0.9279468059539795,1.0277044352029787,0.860812118265873,1.0148431852029787,0.849367618265873,1.4413164627604074,1.0181436005842535,0.8409788269268431,1.2435504834851545,0.0,0.5395132799602864,-0.2514780605543932,1.5811235836665487
2026-08-18T06:26:37.592+00:00,1787034397.592751,194209.5917045,1.4311556000029668,100,194209.5003004,5.260600009933114,86.0654000134673,3,1,1,4,1,0.0,1,estabilizada,1,1,1,446.5,275.25,0.14075684547424316,0.8919193744659424,0.1634546785054356,0.8268354239039017,0.1505934285054356,0.8153909239039018,0.024988595338701403,0.15134877285894743,0.8157940822863979,0.044921490213773306,0.0,0.5395132799602864,-0.2514780605543932,1.5811235836665487
2026-08-18T06:26:37.592+00:00,1787034397.592751,194209.5917146,1.4311657000216655,100,194209.5003004,5.260600009933114,86.0654000134673,10,0,0,4,1,0.0,1,estabilizada,1,1,1,,,,,,,,,,,,,nan,0.5395132799602864,-0.2514780605543932,1.5811235836665487
2026-08-18T06:26:37.742+00:00,1787034397.7424638,194209.7421926,1.5816437000175938,104,194209.6334239,27.76060000178404,80.98440000321716,1,0,0,4,1,0.0,1,estabilizada,1,1,1,,,,,,,,,,,,,nan,0.5395373708742776,-0.25144483579755594,1.5811514298949556
2026-08-18T06:26:37.742+00:00,1787034397.7424638,194209.7422326,1.5816837000020314,104,194209.6334239,27.76060000178404,80.98440000321716,2,1,1,4,1,0.0,1,estabilizada,1,1,1,982.75,250.0,1.0550402402877808,0.9316672682762146,1.0256975363759249,0.8643238833521573,1.0128362863759248,0.8528793833521573,1.5599443399763115,1.0164148462437845,0.8449286318218422,1.4167295390804404,0.0,0.5395373708742776,-0.25144483579755594,1.5811514298949556
2026-08-18T06:26:37.742+00:00,1787034397.7424638,194209.7422445,1.5816956000053324,104,194209.6334239,27.76060000178404,80.98440000321716,3,1,1,4,1,0.0,1,estabilizada,1,1,1,447.0,275.0,0.1415429711341858,0.8924127221107483,0.16419702899313987,0.8273037273204221,0.15133577899313988,0.8158592273204222,0.0612451652594332,0.15134877285894743,0.8157940822863979,0.044921490213773306,0.0,0.5395373708742776,-0.25144483579755594,1.5811514298949556
2026-08-18T06:26:37.742+00:00,1787034397.7424638,194209.7422545,1.5817055999941658,104,194209.6334239,27.76060000178404,80.98440000321716,10,0,0,4,1,0.0,1,estabilizada,1,1,1,,,,,,,,,,,,,nan,0.5395373708742776,-0.25144483579755594,1.5811514298949556
2026-08-18T06:26:37.901+00:00,1787034397.9019027,194209.9010862,1.7405373000074178,109,194209.8003953,14.927999989595264,85.71909999591298,1,0,0,4,1,0.0,1,estabilizada,1,1,1,,,,,,,,,,,,,nan,0.5395603391063155,-0.2514076669951954,1.581184567086738
2026-08-18T06:26:37.901+00:00,1787034397.9019027,194209.9011315,1.7405826000031084,109,194209.8003953,14.927999989595264,85.71909999591298,2,1,1,4,1,0.0,1,estabilizada,1,1,1,980.5,249.25,1.0513052940368652,0.9332992434501648,1.0221771031207298,0.8658664945102155,1.0093158531207298,0.8544219945102155,1.7513564640179056,1.014476924216643,0.8480640810778881,1.5853348797904019,0.0,0.5395603391063155,-0.2514076669951954,1.581184567086738
2026-08-18T06:26:37.901+00:00,1787034397.9019027,194209.9011453,1.740596400020877,109,194209.8003953,14.927999989595264,85.71909999591298,3,1,1,4,1,0.0,1,estabilizada,1,1,1,447.0,275.0,0.14154018461704254,0.8924139738082886,0.16419523365412914,0.8273083878981102,0.15133398365412914,0.8158638878981103,0.06124383292328112,0.15134877285894743,0.8157940822863979,0.044921490213773306,0.0,0.5395603391063155,-0.2514076669951954,1.581184567086738
2026-08-18T06:26:37.901+00:00,1787034397.9019027,194209.9011556,1.7406067000119947,109,194209.8003953,14.927999989595264,85.71909999591298,10,0,0,4,1,0.0,1,estabilizada,1,1,1,,,,,,,,,,,,,nan,0.5395603391063155,-0.2514076669951954,1.581184567086738
2026-08-18T06:26:38.061+00:00,1787034398.06194,194210.0615368,1.900987900007749,114,194209.9712469,2.3311999975703657,87.93169999262318,1,0,0,4,1,0.0,1,estabilizada,1,1,1,,,,,,,,,,,,,nan,0.539584243974061,-0.2513680911549451,1.581219260742072
2026-08-18T06:26:38.061+00:00,1787034398.06194,194210.0615788,1.9010299000074156,114,194209.9712469,2.3311999975703657,87.93169999262318,2,1,1,4,1,0.0,1,estabilizada,1,1,1,980.0,250.25,1.0501463413238525,0.9312026500701904,1.0210861155206856,0.863892967376145,1.0082248655206856,0.852448467376145,2.0551125285824123,1.014476924216643,0.8480640810778881,1.8677147690588305,0.0,0.539584243974061,-0.2513680911549451,1.581219260742072
2026-08-18T06:26:38.061+00:00,1787034398.06194,194210.0615904,1.9010415000084322,114,194209.9712469,2.3311999975703657,87.93169999262318,3,1,1,4,1,0.0,1,estabilizada,1,1,1,447.0,275.0,0.14153675734996796,0.8924151659011841,0.16419286500410563,0.82731319320782,0.15133161500410564,0.8158686932078201,0.061243590624573886,0.15134877285894743,0.8157940822863979,0.044921490213773306,0.0,0.539584243974061,-0.2513680911549451,1.581219260742072
2026-08-18T06:26:38.061+00:00,1787034398.06194,194210.0616035,1.9010546000208706,114,194209.9712469,2.3311999975703657,87.93169999262318,10,0,0,4,1,0.0,1,estabilizada,1,1,1,,,,,,,,,,,,,nan,0.539584243974061,-0.2513680911549451,1.581219260742072
2026-08-18T06:26:38.212+00:00,1787034398.2120142,194210.2115401,2.050991199997952,118,194210.1021967,25.83309999317862,83.48510001087561,1,0,0,4,1,0.0,1,estabilizada,1,1,1,,,,,,,,,,,,,nan,0.5396092752249482,-0.25132991426969764,1.581252599635745
2026-08-18T06:26:38.212+00:00,1787034398.2120142,194210.2115828,2.051033900002949,118,194210.1021967,25.83309999317862,83.48510001087561,2,1,1,4,1,0.0,1,estabilizada,1,1,1,980.5,251.0,1.050814151763916,0.9296122193336487,1.0217179536617875,0.8623966510880787,1.0088567036617875,0.8509521510880788,2.3043108684650933,1.014476924216643,0.8480640810778881,2.0995451465821597,0.0,0.5396092752249482,-0.25132991426969764,1.581252599635745
2026-08-18T06:26:38.212+00:00,1787034398.2120142,194210.2115942,2.0510453000024427,118,194210.1021967,25.83309999317862,83.48510001087561,3,1,1,4,1,0.0,1,estabilizada,1,1,1,447.0,275.0,0.14153330028057098,0.8924167156219482,0.16419055172366553,0.827318200233603,0.15132930172366554,0.8158737002336031,0.06124112650838091,0.15134877285894743,0.8157940822863979,0.044921490213773306,0.0,0.5396092752249482,-0.25132991426969764,1.581252599635745
2026-08-18T06:26:38.212+00:00,1787034398.2120142,194210.2116065,2.0510576000087894,118,194210.1021967,25.83309999317862,83.48510001087561,10,0,0,4,1,0.0,1,estabilizada,1,1,1,,,,,,,,,,,,,nan,0.5396092752249482,-0.25132991426969764,1.581252599635745
2026-08-18T06:26:38.365+00:00,1787034398.365528,194210.3649975,2.204448600008618,123,194210.2667524,15.548299998044968,82.67350000096485,1,0,0,4,1,0.0,1,estabilizada,1,1,1,,,,,,,,,,,,,nan,0.5396306570173969,-0.25129108457384236,1.5812867098980907
2026-08-18T06:26:38.365+00:00,1787034398.365528,194210.3650416,2.2044926999951713,123,194210.2667524,15.548299998044968,82.67350000096485,2,1,1,4,1,0.0,1,estabilizada,1,1,1,980.75,252.25,1.0509018898010254,0.9269764423370361,1.0218025426285622,0.8599145510568562,1.0089412926285621,0.8484700510568562,2.3107366849085387,1.014476924216643,0.8480640810778881,2.1428348764576817,0.0,0.5396306570173969,-0.25129108457384236,1.5812867098980907
2026-08-18T06:26:38.365+00:00,1787034398.365528,194210.3650531,2.2045041999954265,123,194210.2667524,15.548299998044968,82.67350000096485,3,1,1,4,1,0.0,1,estabilizada,1,1,1,447.0,275.0,0.14153017103672028,0.8924182057380676,0.1641883287977312,0.8273232198106226,0.15132707879773122,0.8158787198106227,0.06123974407734386,0.15134877285894743,0.8157940822863979,0.044921490213773306,0.0,0.5396306570173969,-0.25129108457384236,1.5812867098980907
2026-08-18T06:26:38.365+00:00,1787034398.365528,194210.3650626,2.2045137000095565,123,194210.2667524,15.548299998044968,82.67350000096485,10,0,0,4,1,0.0,1,estabilizada,1,1,1,,,,,,,,,,,,,nan,0.5396306570173969,-0.25129108457384236,1.5812867098980907
2026-08-18T06:26:38.510+00:00,1787034398.510102,194210.5096155,2.3490665999997873,127,194210.4027559,24.00520001538098,82.82979999785312,1,0,0,4,1,0.0,1,estabilizada,1,1,1,,,,,,,,,,,,,nan,0.5396537775667923,-0.25125441881453997,1.5813191343749076
2026-08-18T06:26:38.510+00:00,1787034398.510102,194210.5096587,2.3491098000085913,127,194210.4027559,24.00520001538098,82.82979999785312,2,0,0,4,1,0.0,1,estabilizada,1,1,1,,,,,,,,,,1.014476924216643,0.8480640810778881,2.1428348764576817,144.42157745361328,0.5396537775667923,-0.25125441881453997,1.5813191343749076
2026-08-18T06:26:38.510+00:00,1787034398.510102,194210.5096709,2.3491220000141766,127,194210.4027559,24.00520001538098,82.82979999785312,3,1,1,4,1,0.0,1,estabilizada,1,1,1,447.0,275.0,0.14152705669403076,0.8924199342727661,0.1641862430022472,0.827328271533514,0.15132499300224722,0.815883771533514,0.06123835330504358,0.15134877285894743,0.8157940822863979,0.044921490213773306,0.0,0.5396537775667923,-0.25125441881453997,1.5813191343749076
2026-08-18T06:26:38.510+00:00,1787034398.510102,194210.5096838,2.3491348999959882,127,194210.4027559,24.00520001538098,82.82979999785312,10,0,0,4,1,0.0,1,estabilizada,1,1,1,,,,,,,,,,,,,nan,0.5396537775667923,-0.25125441881453997,1.5813191343749076
2026-08-18T06:26:38.645+00:00,1787034398.6453855,194210.6443455,2.4837966000195593,131,194210.5349576,31.600499991327524,77.76080002076924,1,0,0,4,1,0.0,1,estabilizada,1,1,1,,,,,,,,,,,,,nan,0.5396787954473083,-0.2512170726740671,1.5813512558367617
2026-08-18T06:26:38.645+00:00,1787034398.6453855,194210.6443888,2.483839900000021,131,194210.5349576,31.600499991327524,77.76080002076924,2,1,1,4,1,0.0,1,estabilizada,1,1,1,982.75,254.0,1.0539189577102661,0.9232538342475891,1.0246518265571836,0.8564107585976967,1.0117905765571835,0.8449662585976967,2.705620905739843,1.014476924216643,0.8480640810778881,2.287366470310454,0.0,0.5396787954473083,-0.2512170726740671,1.5813512558367617
2026-08-18T06:26:38.645+00:00,1787034398.6453855,194210.6444001,2.483851199998753,131,194210.5349576,31.600499991327524,77.76080002076924,3,1,1,4,1,0.0,1,estabilizada,1,1,1,447.0,275.0,0.14152398705482483,0.8924220204353333,0.16418431164941483,0.827333686644886,0.15132306164941484,0.8158891866448861,0.06123583912370158,0.15134877285894743,0.8157940822863979,0.044921490213773306,0.0,0.5396787954473083,-0.2512170726740671,1.5813512558367617
2026-08-18T06:26:38.645+00:00,1787034398.6453855,194210.6444129,2.483864000008907,131,194210.5349576,31.600499991327524,77.76080002076924,10,0,0,4,1,0.0,1,estabilizada,1,1,1,,,,,,,,,,,,,nan,0.5396787954473083,-0.2512170726740671,1.5813512558367617
2026-08-18T06:26:38.790+00:00,1787034398.7901902,194210.7899893,2.629440400021849,136,194210.7000242,5.841000005602837,84.09859999665059,1,0,0,4,1,0.0,1,estabilizada,1,1,1,,,,,,,,,,,,,nan,0.5397018267552234,-0.2511814242195625,1.5813823342085944
2026-08-18T06:26:38.790+00:00,1787034398.7901902,194210.790033,2.6294841000053566,136,194210.7000242,5.841000005602837,84.09859999665059,2,1,1,4,1,0.0,1,estabilizada,1,1,1,983.25,255.0,1.0545141696929932,0.921143651008606,1.0252150496370032,0.8544240130765575,1.0123537996370031,0.8429795130765575,2.7321912482697126,1.014476924216643,0.8480640810778881,2.552246028518393,0.0,0.5397018267552234,-0.2511814242195625,1.5813823342085944
2026-08-18T06:26:38.790+00:00,1787034398.7901902,194210.7900455,2.6294966000132263,136,194210.7000242,5.841000005602837,84.09859999665059,3,1,1,4,1,0.0,1,estabilizada,1,1,1,447.0,275.0,0.14152103662490845,0.8924242258071899,0.16418239456252742,0.8273390744962539,0.15132114456252743,0.8158945744962539,0.06123215978821683,0.15134877285894743,0.8157940822863979,0.044921490213773306,0.0,0.5397018267552234,-0.2511814242195625,1.5813823342085944
2026-08-18T06:26:38.790+00:00,1787034398.7901902,194210.7900556,2.629506700002821,136,194210.7000242,5.841000005602837,84.09859999665059,10,0,0,4,1,0.0,1,estabilizada,1,1,1,,,,,,,,,,,,,nan,0.5397018267552234,-0.2511814242195625,1.5813823342085944
2026-08-18T06:26:38.946+00:00,1787034398.946367,194210.9454647,2.7849158000026364,140,194210.8344624,27.545199991436675,83.4309000056237,1,0,0,4,1,0.0,1,estabilizada,1,1,1,,,,,,,,,,,,,nan,0.5397224586357832,-0.2511444940462275,1.5814136579887998
2026-08-18T06:26:38.946+00:00,1787034398.946367,194210.9455067,2.784957800002303,140,194210.8344624,27.545199991436675,83.4309000056237,2,1,1,4,1,0.0,1,estabilizada,1,1,1,984.0,254.75,1.055903673171997,0.921651303768158,1.0265272294606527,0.8549061980394439,1.0136659794606526,0.8434616980394439,2.666757116709658,1.014476924216643,0.8480640810778881,2.640030127637997,0.0,0.5397224586357832,-0.2511444940462275,1.5814136579887998
2026-08-18T06:26:38.946+00:00,1787034398.946367,194210.9455181,2.7849692000017967,140,194210.8344624,27.545199991436675,83.4309000056237,3,1,1,4,1,0.0,1,estabilizada,1,1,1,447.0,275.0,0.14151808619499207,0.8924263119697571,0.1641803373641451,0.8273444328412238,0.15131908736414512,0.8158999328412239,0.06123066048573886,0.15134877285894743,0.8157940822863979,0.044921490213773306,0.0,0.5397224586357832,-0.2511444940462275,1.5814136579887998
2026-08-18T06:26:38.946+00:00,1787034398.946367,194210.9455283,2.784979400021257,140,194210.8344624,27.545199991436675,83.4309000056237,10,0,0,4,1,0.0,1,estabilizada,1,1,1,,,,,,,,,,,,,nan,0.5397224586357832,-0.2511444940462275,1.5814136579887998
2026-08-18T06:26:39.107+00:00,1787034399.1073217,194211.1063389,2.9457899999979418,145,194211.00088,17.40149999386631,88.03089999128133,1,0,0,4,1,0.0,1,estabilizada,1,1,1,,,,,,,,,,,,,nan,0.5397388604993049,-0.2511089927749882,1.5814433433932484
2026-08-18T06:26:39.107+00:00,1787034399.1073217,194211.1063833,2.945834400015883,145,194211.00088,17.40149999386631,88.03089999128133,2,1,1,4,1,0.0,1,estabilizada,1,1,1,984.0,256.75,1.055336833000183,0.9174583554267883,1.0259941330426166,0.8509551438020849,1.0131328830426165,0.839510643802085,2.9201022388293554,1.014476924216643,0.8480640810778881,2.717960898260349,0.0,0.5397388604993049,-0.2511089927749882,1.5814433433932484
2026-08-18T06:26:39.107+00:00,1787034399.1073217,194211.1063956,2.94584670002223,145,194211.00088,17.40149999386631,88.03089999128133,3,1,1,4,1,0.0,1,estabilizada,1,1,1,447.0,275.0,0.14151537418365479,0.8924282789230347,0.16417828772914267,0.8273495298911574,0.15131703772914268,0.8159050298911574,0.06122700628946484,0.15134877285894743,0.8157940822863979,0.044921490213773306,0.0,0.5397388604993049,-0.2511089927749882,1.5814433433932484
2026-08-18T06:26:39.107+00:00,1787034399.1073217,194211.1064088,2.945859900006326,145,194211.00088,17.40149999386631,88.03089999128133,10,0,0,4,1,0.0,1,estabilizada,1,1,1,,,,,,,,,,,,,nan,0.5397388604993049,-0.2511089927749882,1.5814433433932484
2026-08-18T06:26:39.241+00:00,1787034399.2419558,194211.2412896,3.0807407000102103,149,194211.1342657,29.97859998140484,77.01850001467392,1,0,0,4,1,0.0,1,estabilizada,1,1,1,,,,,,,,,,,,,nan,0.5397546319123018,-0.2510742026445219,1.5814724320448454
2026-08-18T06:26:39.241+00:00,1787034399.2419558,194211.2413348,3.0807859000051394,149,194211.1342657,29.97859998140484,77.01850001467392,2,1,1,4,1,0.0,1,estabilizada,1,1,1,984.25,257.25,1.0556362867355347,0.9164055585861206,1.0262779824152641,0.8499654636583209,1.013416732415264,0.838520963658321,-3.1146042280937087,1.0142438279296793,0.8461835020475905,2.7623391927876164,0.0,0.5397546319123018,-0.2510742026445219,1.5814724320448454
2026-08-18T06:26:39.241+00:00,1787034399.2419558,194211.2413472,3.0807983000122476,149,194211.1342657,29.97859998140484,77.01850001467392,3,1,1,4,1,0.0,1,estabilizada,1,1,1,447.0,275.0,0.14151298999786377,0.8924300670623779,0.1641765199121703,0.8273543931598291,0.1513152699121703,0.8159098931598291,0.06122554044908585,0.15134877285894743,0.8157940822863979,0.044921490213773306,0.0,0.5397546319123018,-0.2510742026445219,1.5814724320448454
2026-08-18T06:26:39.241+00:00,1787034399.2419558,194211.2413574,3.080808500002604,149,194211.1342657,29.97859998140484,77.01850001467392,10,0,0,4,1,0.0,1,estabilizada,1,1,1,,,,,,,,,,,,,nan,0.5397546319123018,-0.2510742026445219,1.5814724320448454
2026-08-18T06:26:39.392+00:00,1787034399.39266,194211.3916717,3.2311228000035044,154,194211.2995915,14.993000018876046,77.05929997609928,1,0,0,4,1,0.0,1,estabilizada,1,1,1,,,,,,,,,,,,,nan,0.5397727774004616,-0.2510411735146392,1.581500705230638
2026-08-18T06:26:39.392+00:00,1787034399.39266,194211.3917139,3.231165000004694,154,194211.2995915,14.993000018876046,77.05929997609928,2,0,0,4,1,0.0,1,estabilizada,1,1,1,,,,,,,,,,1.0142438279296793,0.8461835020475905,2.7623391927876164,150.07376670837402,0.5397727774004616,-0.2510411735146392,1.581500705230638
2026-08-18T06:26:39.392+00:00,1787034399.39266,194211.3917261,3.231177200010279,154,194211.2995915,14.993000018876046,77.05929997609928,3,1,1,4,1,0.0,1,estabilizada,1,1,1,447.0,275.0,0.1415102779865265,0.8924317955970764,0.16417458969293636,0.8273590663344952,0.15131333969293637,0.8159145663344952,0.061222984653273645,0.15134877285894743,0.8157940822863979,0.044921490213773306,0.0,0.5397727774004616,-0.2510411735146392,1.581500705230638
2026-08-18T06:26:39.392+00:00,1787034399.39266,194211.3917363,3.2311874000006355,154,194211.2995915,14.993000018876046,77.05929997609928,10,0,0,4,1,0.0,1,estabilizada,1,1,1,,,,,,,,,,,,,nan,0.5397727774004616,-0.2510411735146392,1.581500705230638
2026-08-18T06:26:39.542+00:00,1787034399.5424454,194211.5421484,3.3815995000186376,158,194211.4334036,23.991099995328113,84.68810000340454,1,0,0,4,1,0.0,1,estabilizada,1,1,1,,,,,,,,,,,,,nan,0.5397972519576073,-0.2510150929602059,1.581522537762056
2026-08-18T06:26:39.542+00:00,1787034399.5424454,194211.542251,3.3817021000140812,158,194211.4334036,23.991099995328113,84.68810000340454,2,1,1,4,1,0.0,1,estabilizada,1,1,1,983.75,259.25,1.0541990995407104,0.9122340679168701,1.0249259370172152,0.8460368295094538,1.0120646870172152,0.8345923295094538,-2.971797735620039,1.0142438279296793,0.8461835020475905,2.997784483526649,0.0,0.5397972519576073,-0.2510150929602059,1.581522537762056
2026-08-18T06:26:39.542+00:00,1787034399.5424454,194211.5422633,3.381714400020428,158,194211.4334036,23.991099995328113,84.68810000340454,3,1,1,4,1,0.0,1,estabilizada,1,1,1,447.0,275.25,0.14154428243637085,0.891930103302002,0.16420773894811358,0.8268883064211565,0.1513464889481136,0.8154438064211565,0.023799065810110327,0.15134877285894743,0.8157940822863979,0.044921490213773306,0.0,0.5397972519576073,-0.2510150929602059,1.581522537762056
2026-08-18T06:26:39.542+00:00,1787034399.5424454,194211.5422741,3.381725200015353,158,194211.4334036,23.991099995328113,84.68810000340454,10,0,0,4,1,0.0,1,estabilizada,1,1,1,,,,,,,,,,,,,nan,0.5397972519576073,-0.2510150929602059,1.581522537762056
2026-08-18T06:26:39.695+00:00,1787034399.695886,194211.6950566,3.5345077000092715,163,194211.599953,12.299299996811897,82.77840001392178,1,0,0,4,1,0.0,1,estabilizada,1,1,1,,,,,,,,,,,,,nan,0.5398274473600959,-0.2509906716523451,1.5815449239568804
2026-08-18T06:26:39.695+00:00,1787034399.695886,194211.6950993,3.5345504000142682,163,194211.599953,12.299299996811897,82.77840001392178,2,1,1,4,1,0.0,1,estabilizada,1,1,1,982.75,261.25,1.051887035369873,0.9080824255943298,1.0227475767160028,0.8421237688580985,1.0098863267160028,0.8306792688580985,-2.822318853739924,1.013377716001172,0.8416011384860237,-3.058409080821665,0.0,0.5398274473600959,-0.2509906716523451,1.5815449239568804
2026-08-18T06:26:39.695+00:00,1787034399.695886,194211.695111,3.5345621000160463,163,194211.599953,12.299299996811897,82.77840001392178,3,1,1,4,1,0.0,1,estabilizada,1,1,1,447.0,275.0,0.14150582253932953,0.8924351930618286,0.16417286518278368,0.8273669637213628,0.1513116151827837,0.8159224637213628,0.06121803182433125,0.15134877285894743,0.8157940822863979,0.044921490213773306,0.0,0.5398274473600959,-0.2509906716523451,1.5815449239568804
2026-08-18T06:26:39.695+00:00,1787034399.695886,194211.695124,3.5345750999986194,163,194211.599953,12.299299996811897,82.77840001392178,10,0,0,4,1,0.0,1,estabilizada,1,1,1,,,,,,,,,,,,,nan,0.5398274473600959,-0.2509906716523451,1.5815449239568804
2026-08-18T06:26:39.839+00:00,1787034399.839231,194211.8386051,3.6780562000058126,167,194211.7360387,18.834399990737438,83.70879999711178,1,0,0,4,1,0.0,1,estabilizada,1,1,1,,,,,,,,,,,,,nan,0.5398583693694505,-0.2509659813306095,1.581566925634169
2026-08-18T06:26:39.839+00:00,1787034399.839231,194211.8386476,3.6780987000092864,167,194211.7360387,18.834399990737438,83.70879999711178,2,1,1,4,1,0.0,1,estabilizada,1,1,1,981.25,261.75,1.0491288900375366,0.9070748686790466,1.020148550276227,0.8411758701532157,1.007287300276227,0.8297313701532157,-2.7412830324718316,1.0126103686589403,0.8393300746784191,-2.9633314629437173,0.0,0.5398583693694505,-0.2509659813306095,1.581566925634169
2026-08-18T06:26:39.839+00:00,1787034399.839231,194211.8386598,3.6781109000148717,167,194211.7360387,18.834399990737438,83.70879999711178,3,1,1,4,1,0.0,1,estabilizada,1,1,1,446.5,275.25,0.14071515202522278,0.8919457793235779,0.163428632548076,0.8269077105629834,0.150567382548076,0.8154632105629834,0.02379338797920268,0.15134877285894743,0.8157940822863979,0.044921490213773306,0.0,0.5398583693694505,-0.2509659813306095,1.581566925634169
2026-08-18T06:26:39.839+00:00,1787034399.839231,194211.8386721,3.6781232000212185,167,194211.7360387,18.834399990737438,83.70879999711178,10,0,0,4,1,0.0,1,estabilizada,1,1,1,,,,,,,,,,,,,nan,0.5398583693694505,-0.2509659813306095,1.581566925634169
2026-08-18T06:26:39.992+00:00,1787034399.9922643,194211.9917973,3.831248400005279,172,194211.8997048,9.661900025093928,82.39329999196343,1,0,0,4,1,0.0,1,estabilizada,1,1,1,,,,,,,,,,,,,nan,0.5398870268001882,-0.25094035088287336,1.581589819623719
2026-08-18T06:26:39.992+00:00,1787034399.9922643,194211.9918586,3.8313097000063863,172,194211.8997048,9.661900025093928,82.39329999196343,2,0,0,4,1,0.0,1,estabilizada,1,1,1,,,,,,,,,,1.0126103686589403,0.8393300746784191,-2.9633314629437173,154.2673110961914,0.5398870268001882,-0.25094035088287336,1.581589819623719
2026-08-18T06:26:39.992+00:00,1787034399.9922643,194211.9918767,3.8313277999986894,172,194211.8997048,9.661900025093928,82.39329999196343,3,1,1,4,1,0.0,1,estabilizada,1,1,1,447.0,275.25,0.14153729379177094,0.8919355273246765,0.16420529248898508,0.8269004418920003,0.1513440424889851,0.8154559418920003,0.02379111557855576,0.15134877285894743,0.8157940822863979,0.044921490213773306,0.0,0.5398870268001882,-0.25094035088287336,1.581589819623719
2026-08-18T06:26:39.992+00:00,1787034399.9922643,194211.9918945,3.831345600017812,172,194211.8997048,9.661900025093928,82.39329999196343,10,0,0,4,1,0.0,1,estabilizada,1,1,1,,,,,,,,,,,,,nan,0.5398870268001882,-0.25094035088287336,1.581589819623719
2026-08-18T06:26:40.143+00:00,1787034400.1436157,194212.1435449,3.9829960000060964,176,194212.0331704,31.872999999905005,78.47579999361187,1,0,0,4,1,0.0,1,estabilizada,1,1,1,,,,,,,,,,,,,nan,0.5399146064825476,-0.25091449238452807,1.5816122366120258
2026-08-18T06:26:40.143+00:00,1787034400.1436157,194212.143588,3.983039100014139,176,194212.0331704,31.872999999905005,78.47579999361187,2,1,1,4,1,0.0,1,estabilizada,1,1,1,980.75,263.75,1.047698736190796,0.9029208421707153,1.0188038082079183,0.8372630420436633,1.0059425582079182,0.8258185420436633,-2.4119028072322712,1.010959770135444,0.8357078218773846,-2.757967422946818,0.0,0.5399146064825476,-0.25091449238452807,1.5816122366120258
2026-08-18T06:26:40.143+00:00,1787034400.1436157,194212.1436004,3.983051500021247,176,194212.0331704,31.872999999905005,78.47579999361187,3,1,1,4,1,0.0,1,estabilizada,1,1,1,447.0,275.25,0.14153419435024261,0.8919362425804138,0.16420361752612223,0.8269035096729003,0.15134236752612223,0.8154590096729003,0.02378997289607183,0.15134877285894743,0.8157940822863979,0.044921490213773306,0.0,0.5399146064825476,-0.25091449238452807,1.5816122366120258
2026-08-18T06:26:40.143+00:00,1787034400.1436157,194212.1436138,3.983064900006866,176,194212.0331704,31.872999999905005,78.47579999361187,10,0,0,4,1,0.0,1,estabilizada,1,1,1,,,,,,,,,,,,,nan,0.5399146064825476,-0.25091449238452807,1.5816122366120258
2026-08-18T06:26:40.289+00:00,1787034400.2891135,194212.2887037,4.128154800011544,181,194212.2000497,5.104199983179569,83.46310001797974,1,0,0,4,1,0.0,1,estabilizada,1,1,1,,,,,,,,,,,,,nan,0.5399387414001395,-0.2508866611004048,1.5816349182111933
2026-08-18T06:26:40.289+00:00,1787034400.2891135,194212.288779,4.128230100002838,181,194212.2000497,5.104199983179569,83.46310001797974,2,0,0,4,1,0.0,1,estabilizada,1,1,1,,,,,,,,,,1.010959770135444,0.8357078218773846,-2.757967422946818,140.2418613433838,0.5399387414001395,-0.2508866611004048,1.5816349182111933
2026-08-18T06:26:40.289+00:00,1787034400.2891135,194212.2887936,4.128244699997595,181,194212.2000497,5.104199983179569,83.46310001797974,3,1,1,4,1,0.0,1,estabilizada,1,1,1,447.0,275.0,0.14149491488933563,0.8924397826194763,0.16416762144953823,0.827380912996664,0.15130637144953824,0.8159364129966641,0.06120968397912005,0.15134877285894743,0.8157940822863979,0.044921490213773306,0.0,0.5399387414001395,-0.2508866611004048,1.5816349182111933
2026-08-18T06:26:40.289+00:00,1787034400.2891135,194212.2888222,4.128273300011642,181,194212.2000497,5.104199983179569,83.46310001797974,10,0,0,4,1,0.0,1,estabilizada,1,1,1,,,,,,,,,,,,,nan,0.5399387414001395,-0.2508866611004048,1.5816349182111933
2026-08-18T06:26:40.455+00:00,1787034400.4558127,194212.4554095,4.294860599999083,185,194212.3346923,25.03170000272803,95.63719999277964,1,0,0,4,1,0.0,1,estabilizada,1,1,1,,,,,,,,,,,,,nan,0.5399632983744032,-0.2508559699006635,1.581658572292693
2026-08-18T06:26:40.455+00:00,1787034400.4558127,194212.45546,4.294911100005265,185,194212.3346923,25.03170000272803,95.63719999277964,2,1,1,4,1,0.0,1,estabilizada,1,1,1,980.132568359375,264.0245361328125,1.0465476512908936,0.9023632407188416,1.0177218398539818,0.8367424229431649,1.0048605898539817,0.825297922943165,-2.3361889384729055,1.009799581868207,0.8334235824382855,-2.661773870606016,0.0,0.5399632983744032,-0.2508559699006635,1.581658572292693
2026-08-18T06:26:40.455+00:00,1787034400.4558127,194212.4554736,4.294924700021511,185,194212.3346923,25.03170000272803,95.63719999277964,3,1,1,4,1,0.0,1,estabilizada,1,1,1,447.0,275.25,0.14152762293815613,0.8919367790222168,0.16419952660778475,0.8269092508282075,0.15133827660778476,0.8154647508282076,0.023787694033807663,0.15134877285894743,0.8157940822863979,0.044921490213773306,0.0,0.5399632983744032,-0.2508559699006635,1.581658572292693
2026-08-18T06:26:40.455+00:00,1787034400.4558127,194212.4555028,4.2949539000110235,185,194212.3346923,25.03170000272803,95.63719999277964,10,0,0,4,1,0.0,1,estabilizada,1,1,1,,,,,,,,,,,,,nan,0.5399632983744032,-0.2508559699006635,1.581658572292693
2026-08-18T06:26:40.629+00:00,1787034400.6298046,194212.6298602,4.469311299995752,190,194212.5017569,30.05150001263246,98.02589999162592,1,0,0,4,1,0.0,1,estabilizada,1,1,1,,,,,,,,,,,,,nan,0.5399903057302146,-0.2508232861304597,1.5816839475337985
2026-08-18T06:26:40.629+00:00,1787034400.6298046,194212.6298996,4.469350700004725,190,194212.5017569,30.05150001263246,98.02589999162592,2,1,1,4,1,0.0,1,estabilizada,1,1,1,980.5,263.75,1.0472662448883057,0.9029250741004944,1.0184015436972653,0.8372751997481046,1.0055402936972653,0.8258306997481046,-2.3533746522841104,1.0088613922085459,0.8317508785081448,-2.566563431283839,0.0,0.5399903057302146,-0.2508232861304597,1.5816839475337985
2026-08-18T06:26:40.629+00:00,1787034400.6298046,194212.6299113,4.469362400006503,190,194212.5017569,30.05150001263246,98.02589999162592,3,1,1,4,1,0.0,1,estabilizada,1,1,1,446.5,275.25,0.1406988799571991,0.8919487595558167,0.16341911327283976,0.8269234526529236,0.15055786327283976,0.8154789526529236,0.023786544878172684,0.15134877285894743,0.8157940822863979,0.044921490213773306,0.0,0.5399903057302146,-0.2508232861304597,1.5816839475337985
2026-08-18T06:26:40.629+00:00,1787034400.6298046,194212.629922,4.4693731000006665,190,194212.5017569,30.05150001263246,98.02589999162592,10,0,0,4,1,0.0,1,estabilizada,1,1,1,,,,,,,,,,,,,nan,0.5399903057302146,-0.2508232861304597,1.5816839475337985
2026-08-18T06:26:40.804+00:00,1787034400.8043537,194212.8038033,4.6432543999981135,196,194212.7037008,3.1624000112060457,96.91079999902286,1,0,0,4,1,0.0,1,estabilizada,1,1,1,,,,,,,,,,,,,nan,0.5400181646136198,-0.25079201105796467,1.5817077741936956
2026-08-18T06:26:40.804+00:00,1787034400.8043537,194212.8038492,4.643300299998373,196,194212.7037008,3.1624000112060457,96.91079999902286,2,1,1,4,1,0.0,1,estabilizada,1,1,1,979.75,263.75,1.045958161354065,0.9029425978660583,1.0171699108001013,0.837294494912215,1.0043086608001013,0.825849994912215,-2.5418618850172443,1.0088613922085459,0.8317508785081448,-2.500920289361222,0.0,0.5400181646136198,-0.25079201105796467,1.5817077741936956
2026-08-18T06:26:40.804+00:00,1787034400.8043537,194212.803861,4.643312100000912,196,194212.7037008,3.1624000112060457,96.91079999902286,3,1,1,4,1,0.0,1,estabilizada,1,1,1,446.5,275.25,0.14069491624832153,0.8919495940208435,0.16341661803119195,0.8269269987380197,0.15055536803119196,0.8154824987380197,0.024953617399152764,0.15134877285894743,0.8157940822863979,0.044921490213773306,0.0,0.5400181646136198,-0.25079201105796467,1.5817077741936956
2026-08-18T06:26:40.804+00:00,1787034400.8043537,194212.8038711,4.643322200019611,196,194212.7037008,3.1624000112060457,96.91079999902286,10,0,0,4,1,0.0,1,estabilizada,1,1,1,,,,,,,,,,,,,nan,0.5400181646136198,-0.25079201105796467,1.5817077741936956
2026-08-18T06:26:40.976+00:00,1787034400.9768848,194212.9765432,4.815994300006423,201,194212.8671549,12.27789997938089,97.06250001909211,1,0,0,4,1,0.0,1,estabilizada,1,1,1,,,,,,,,,,,,,nan,0.5400479174926309,-0.25076389446080066,1.5817293534294234
2026-08-18T06:26:40.976+00:00,1787034400.9768848,194212.9766145,4.816065599996364,201,194212.8671549,12.27789997938089,97.06250001909211,2,1,1,4,1,0.0,1,estabilizada,1,1,1,977.5,268.0,1.0408551692962646,0.8941735625267029,1.0123593633831969,0.8290269109168937,0.9994981133831968,0.8175824109168938,-2.408561195926406,1.0088613922085459,0.8317508785081448,-2.4808362374995845,0.0,0.5400479174926309,-0.25076389446080066,1.5817293534294234
2026-08-18T06:26:40.976+00:00,1787034400.9768848,194212.9766263,4.816077399998903,201,194212.8671549,12.27789997938089,97.06250001909211,3,1,1,4,1,0.0,1,estabilizada,1,1,1,446.75,275.25,0.14110326766967773,0.8919450640678406,0.16380311730338304,0.8269252134564846,0.15094186730338305,0.8154807134564847,0.023784243340166714,0.15134877285894743,0.8157940822863979,0.044921490213773306,0.0,0.5400479174926309,-0.25076389446080066,1.5817293534294234
2026-08-18T06:26:40.976+00:00,1787034400.9768848,194212.9766421,4.816093200002797,201,194212.8671549,12.27789997938089,97.06250001909211,10,0,0,4,1,0.0,1,estabilizada,1,1,1,,,,,,,,,,,,,nan,0.5400479174926309,-0.25076389446080066,1.5817293534294234
2026-08-18T06:26:41.157+00:00,1787034401.1576657,194213.1571248,4.996575900004245,206,194213.0394555,10.926399991149083,106.71550000552088,1,0,0,4,1,0.0,1,estabilizada,1,1,1,,,,,,,,,,,,,nan,0.5400768894719387,-0.2507385962061695,1.5817482056326018
2026-08-18T06:26:41.157+00:00,1787034401.1576657,194213.1571727,4.996623800019734,206,194213.0394555,10.926399991149083,106.71550000552088,2,1,1,4,1,0.0,1,estabilizada,1,1,1,975.1216430664062,271.3088073730469,1.0358079671859741,0.8873876333236694,1.0076013304814806,0.8226293106697049,0.9947400804814805,0.8111848106697049,-2.3578585050926053,1.0078592622330398,0.8301257856326625,-2.466124468389748,0.0,0.5400768894719387,-0.2507385962061695,1.5817482056326018
2026-08-18T06:26:41.157+00:00,1787034401.1576657,194213.1571856,4.996636700001545,206,194213.0394555,10.926399991149083,106.71550000552088,3,1,1,4,1,0.0,1,estabilizada,1,1,1,447.0,275.25,0.14151188731193542,0.891940712928772,0.16418986479701447,0.8269233242850373,0.15132861479701448,0.8154788242850374,0.02378202614712517,0.15134877285894743,0.8157940822863979,0.044921490213773306,0.0,0.5400768894719387,-0.2507385962061695,1.5817482056326018
2026-08-18T06:26:41.157+00:00,1787034401.1576657,194213.1571995,4.996650600020075,206,194213.0394555,10.926399991149083,106.71550000552088,10,0,0,4,1,0.0,1,estabilizada,1,1,1,,,,,,,,,,,,,nan,0.5400768894719387,-0.2507385962061695,1.5817482056326018
2026-08-18T06:26:41.308+00:00,1787034401.308683,194213.3083732,5.147824300016509,211,194213.1991877,26.096499990671873,83.0613000143785,1,0,0,4,1,0.0,1,estabilizada,1,1,1,,,,,,,,,,,,,nan,0.5401013633087968,-0.25071106826052897,1.5817691969363867
2026-08-18T06:26:41.308+00:00,1787034401.308683,194213.3084168,5.147867899999255,211,194213.1991877,26.096499990671873,83.0613000143785,2,0,0,4,1,0.0,1,estabilizada,1,1,1,,,,,,,,,,1.0078592622330398,0.8301257856326625,-2.466124468389748,175.25506019592285,0.5401013633087968,-0.25071106826052897,1.5817691969363867
2026-08-18T06:26:41.308+00:00,1787034401.308683,194213.3085218,5.147972900012974,211,194213.1991877,26.096499990671873,83.0613000143785,3,1,1,4,1,0.0,1,estabilizada,1,1,1,446.5,275.25,0.1406836062669754,0.8919540643692017,0.1634098031125002,0.8269383451758712,0.1505485531125002,0.8154938451758712,0.02378086728644744,0.15134877285894743,0.8157940822863979,0.044921490213773306,0.0,0.5401013633087968,-0.25071106826052897,1.5817691969363867
2026-08-18T06:26:41.308+00:00,1787034401.308683,194213.3085409,5.147992000012891,211,194213.1991877,26.096499990671873,83.0613000143785,10,0,0,4,1,0.0,1,estabilizada,1,1,1,,,,,,,,,,,,,nan,0.5401013633087968,-0.25071106826052897,1.5817691969363867
2026-08-18T06:26:41.447+00:00,1787034401.447883,194213.4476737,5.287124800001038,215,194213.3342441,31.14899998763576,82.25450001191348,1,0,0,4,1,0.0,1,estabilizada,1,1,1,,,,,,,,,,,,,nan,0.5401227131646091,-0.2506828842298076,1.5817909272562445
2026-08-18T06:26:41.447+00:00,1787034401.447883,194213.4477183,5.2871694000205025,215,194213.3342441,31.14899998763576,82.25450001191348,2,0,0,4,1,0.0,1,estabilizada,1,1,1,,,,,,,,,,1.0078592622330398,0.8301257856326625,-2.466124468389748,315.08493423461914,0.5401227131646091,-0.2506828842298076,1.5817909272562445
2026-08-18T06:26:41.447+00:00,1787034401.447883,194213.4477312,5.287182300002314,215,194213.3342441,31.14899998763576,82.25450001191348,3,1,1,4,1,0.0,1,estabilizada,1,1,1,447.0,275.25,0.1415049284696579,0.8919442296028137,0.16418529665508869,0.8269315667578478,0.1513240466550887,0.8154870667578479,0.023778598224864896,0.15134877285894743,0.8157940822863979,0.044921490213773306,0.0,0.5401227131646091,-0.2506828842298076,1.5817909272562445
2026-08-18T06:26:41.447+00:00,1787034401.447883,194213.4477458,5.28719689999707,215,194213.3342441,31.14899998763576,82.25450001191348,10,0,0,4,1,0.0,1,estabilizada,1,1,1,,,,,,,,,,,,,nan,0.5401227131646091,-0.2506828842298076,1.5817909272562445
2026-08-18T06:26:41.585+00:00,1787034401.5854568,194213.5847926,5.424243700021179,220,194213.4989717,6.628400005865842,79.16689998819493,1,0,0,4,1,0.0,1,estabilizada,1,1,1,,,,,,,,,,,,,nan,0.5401419353964414,-0.25065800460801185,1.5818098852978681
2026-08-18T06:26:41.585+00:00,1787034401.5854568,194213.5848364,5.424287500005448,220,194213.4989717,6.628400005865842,79.16689998819493,2,1,1,4,1,0.0,1,estabilizada,1,1,1,963.0,279.5,1.0126097202301025,0.870842456817627,0.9857277914785811,0.8070326131275298,0.9728665414785811,0.7955881131275299,-2.6022464119447917,1.005771314016737,0.8269934509099408,-2.466124468389748,0.0,0.5401419353964414,-0.25065800460801185,1.5818098852978681
2026-08-18T06:26:41.585+00:00,1787034401.5854568,194213.5848489,5.424300000013318,220,194213.4989717,6.628400005865842,79.16689998819493,3,1,1,4,1,0.0,1,estabilizada,1,1,1,447.0,275.25,0.14150170981884003,0.8919461965560913,0.16418308299487633,0.8269356165486179,0.15132183299487634,0.815491116548618,0.023777442623912768,0.15134877285894743,0.8157940822863979,0.044921490213773306,0.0,0.5401419353964414,-0.25065800460801185,1.5818098852978681
2026-08-18T06:26:41.585+00:00,1787034401.5854568,194213.5848593,5.424310400005197,220,194213.4989717,6.628400005865842,79.16689998819493,10,0,0,4,1,0.0,1,estabilizada,1,1,1,,,,,,,,,,,,,nan,0.5401419353964414,-0.25065800460801185,1.5818098852978681
2026-08-18T06:26:41.728+00:00,1787034401.7287185,194213.7278112,5.567262299999129,224,194213.6334519,16.19120000395924,78.14259998849593,1,0,0,4,1,0.0,1,estabilizada,1,1,1,,,,,,,,,,,,,nan,0.5401658916367971,-0.2506352771691217,1.5818276831145066
2026-08-18T06:26:41.728+00:00,1787034401.7287185,194213.727855,5.567306100012502,224,194213.6334519,16.19120000395924,78.14259998849593,2,0,0,4,1,0.0,1,estabilizada,1,1,1,,,,,,,,,,1.005771314016737,0.8269934509099408,-2.466124468389748,142.82822608947754,0.5401658916367971,-0.2506352771691217,1.5818276831145066
2026-08-18T06:26:41.728+00:00,1787034401.7287185,194213.7278681,5.567319199995836,224,194213.6334519,16.19120000395924,78.14259998849593,3,1,1,4,1,0.0,1,estabilizada,1,1,1,446.75,275.5,0.14112260937690735,0.8914515376091003,0.16382665975278532,0.8264711263877859,0.15096540975278533,0.8150266263877859,-0.013493834994996737,0.15134877285894743,0.8157940822863979,0.044921490213773306,0.0,0.5401658916367971,-0.2506352771691217,1.5818276831145066
2026-08-18T06:26:41.728+00:00,1787034401.7287185,194213.7278813,5.567332400009036,224,194213.6334519,16.19120000395924,78.14259998849593,10,0,0,4,1,0.0,1,estabilizada,1,1,1,,,,,,,,,,,,,nan,0.5401658916367971,-0.2506352771691217,1.5818276831145066
2026-08-18T06:26:41.877+00:00,1787034401.8778863,194213.8767749,5.716226000018651,228,194213.7678164,31.487999978708103,77.44010002352297,1,0,0,4,1,0.0,1,estabilizada,1,1,1,,,,,,,,,,,,,nan,0.5401907768411705,-0.2506146334180159,1.5818443217688416
2026-08-18T06:26:41.877+00:00,1787034401.8778863,194213.8768174,5.7162685000221245,228,194213.7678164,31.487999978708103,77.44010002352297,2,1,1,4,1,0.0,1,estabilizada,1,1,1,955.65087890625,284.1426086425781,0.9987270832061768,0.861543595790863,0.9726383796561942,0.7982666732446089,0.9597771296561941,0.7868221732446089,-2.6732693326378434,1.0028021919419055,0.8227384614239203,-2.4772701023067607,0.0,0.5401907768411705,-0.2506146334180159,1.5818443217688416
2026-08-18T06:26:41.877+00:00,1787034401.8778863,194213.8768296,5.716280699998606,228,194213.7678164,31.487999978708103,77.44010002352297,3,1,1,4,1,0.0,1,estabilizada,1,1,1,447.0,275.25,0.14149592816829681,0.8919514417648315,0.16417991538926063,0.8269444462271991,0.15131866538926064,0.8154999462271991,0.023772969408325257,0.15134877285894743,0.8157940822863979,0.044921490213773306,0.0,0.5401907768411705,-0.2506146334180159,1.5818443217688416
2026-08-18T06:26:41.877+00:00,1787034401.8778863,194213.8768423,5.716293400007999,228,194213.7678164,31.487999978708103,77.44010002352297,10,0,0,4,1,0.0,1,estabilizada,1,1,1,,,,,,,,,,,,,nan,0.5401907768411705,-0.2506146334180159,1.5818443217688416
2026-08-18T06:26:42.031+00:00,1787034402.0311925,194214.0302398,5.869690899999114,233,194213.931817,10.480700002517551,87.89840000099503,1,0,0,4,1,0.0,1,estabilizada,1,1,1,,,,,,,,,,,,,nan,0.5402147438770591,-0.25059474387148983,1.581860285388324
2026-08-18T06:26:42.031+00:00,1787034402.0311925,194214.0302883,5.869739400019171,233,194213.931817,10.480700002517551,87.89840000099503,2,0,0,4,1,0.0,1,estabilizada,1,1,1,,,,,,,,,,1.0028021919419055,0.8227384614239203,-2.4772701023067607,142.45057106018066,0.5402147438770591,-0.25059474387148983,1.581860285388324
2026-08-18T06:26:42.031+00:00,1787034402.0311925,194214.0303054,5.869756500003859,233,194213.931817,10.480700002517551,87.89840000099503,3,1,1,4,1,0.0,1,estabilizada,1,1,1,447.0,275.0,0.14145684242248535,0.8924572467803955,0.16414418811439746,0.8274232610934639,0.15128293811439747,0.8159787610934639,0.061189610556265914,0.15134877285894743,0.8157940822863979,0.044921490213773306,0.0,0.5402147438770591,-0.25059474387148983,1.581860285388324
2026-08-18T06:26:42.031+00:00,1787034402.0311925,194214.03032,5.869771099998616,233,194213.931817,10.480700002517551,87.89840000099503,10,0,0,4,1,0.0,1,estabilizada,1,1,1,,,,,,,,,,,,,nan,0.5402147438770591,-0.25059474387148983,1.581860285388324
2026-08-18T06:26:42.176+00:00,1787034402.1767023,194214.1760022,6.015453300002264,237,194214.0659573,31.91980000701733,78.10080001945607,1,0,0,4,1,0.0,1,estabilizada,1,1,1,,,,,,,,,,,,,nan,0.5402381093936431,-0.2505747003955,1.581875459892672
2026-08-18T06:26:42.176+00:00,1787034402.1767023,194214.1760446,6.015495700004976,237,194214.0659573,31.91980000701733,78.10080001945607,2,1,1,4,1,0.0,1,estabilizada,1,1,1,947.0,287.75,0.9829314947128296,0.8544270396232605,0.9577446796386327,0.7915585274532596,0.9448834296386328,0.7801140274532596,-2.75883564617592,0.9668293584632843,0.7945424140334074,-2.5747271701753403,0.0,0.5402381093936431,-0.2505747003955,1.581875459892672
2026-08-18T06:26:42.176+00:00,1787034402.1767023,194214.1760564,6.015507500007516,237,194214.0659573,31.91980000701733,78.10080001945607,3,1,1,4,1,0.0,1,estabilizada,1,1,1,447.0,275.25,0.1414903998374939,0.8919569849967957,0.16417694803294308,0.8269532256665363,0.1513156980329431,0.8155087256665363,0.02376960317828859,0.15134877285894743,0.8157940822863979,0.044921490213773306,0.0,0.5402381093936431,-0.2505747003955,1.581875459892672
2026-08-18T06:26:42.176+00:00,1787034402.1767023,194214.1760669,6.0155180000001565,237,194214.0659573,31.91980000701733,78.10080001945607,10,0,0,4,1,0.0,1,estabilizada,1,1,1,,,,,,,,,,,,,nan,0.5402381093936431,-0.2505747003955,1.581875459892672
2026-08-18T06:26:42.319+00:00,1787034402.3193195,194214.3194559,6.158907000004547,242,194214.235115,3.1204000115394592,81.1935999954585,1,0,0,4,1,0.0,1,estabilizada,1,1,1,,,,,,,,,,,,,nan,0.5402610389441014,-0.2505544472928875,1.58189058673642
2026-08-18T06:26:42.319+00:00,1787034402.3193195,194214.3196203,6.159071400004905,242,194214.235115,3.1204000115394592,81.1935999954585,2,1,1,4,1,0.0,1,estabilizada,1,1,1,942.0,290.5,0.9736712574958801,0.8489805459976196,0.9490128392735839,0.7864236598097416,0.9361515892735839,0.7749791598097416,-2.849565614356262,0.9600333198554684,0.7901667467070005,-2.6194179186048516,0.0,0.5402610389441014,-0.2505544472928875,1.58189058673642
2026-08-18T06:26:42.319+00:00,1787034402.3193195,194214.3196622,6.15911330000381,242,194214.235115,3.1204000115394592,81.1935999954585,3,1,1,4,1,0.0,1,estabilizada,1,1,1,447.0,275.0,0.1414516121149063,0.8924632668495178,0.1641414547093159,0.8274324770241293,0.1512802047093159,0.8159879770241293,0.06118610707419166,0.15134877285894743,0.8157940822863979,0.044921490213773306,0.0,0.5402610389441014,-0.2505544472928875,1.58189058673642
2026-08-18T06:26:42.319+00:00,1787034402.3193195,194214.3196793,6.159130400017602,242,194214.235115,3.1204000115394592,81.1935999954585,10,0,0,4,1,0.0,1,estabilizada,1,1,1,,,,,,,,,,,,,nan,0.5402610389441014,-0.2505544472928875,1.58189058673642
2026-08-18T06:26:42.462+00:00,1787034402.4620607,194214.4615562,6.30100730000413,246,194214.3653741,12.784200021997094,83.3719999936875,1,0,0,4,1,0.0,1,estabilizada,1,1,1,,,,,,,,,,,,,nan,0.5402840386041664,-0.25053609476807615,1.581905179229251
2026-08-18T06:26:42.462+00:00,1787034402.4620607,194214.4615985,6.301049600006081,246,194214.3653741,12.784200021997094,83.3719999936875,2,1,1,4,1,0.0,1,estabilizada,1,1,1,937.6368408203125,292.1953125,0.9657811522483826,0.8456648588180542,0.9415731651131247,0.7832982346245481,0.9287119151131247,0.7718537346245481,-2.8490993237707953,0.9557491107229925,0.787341471290135,-2.6620087388405658,0.0,0.5402840386041664,-0.25053609476807615,1.581905179229251
2026-08-18T06:26:42.462+00:00,1787034402.4620607,194214.4616118,6.301062900020042,246,194214.3653741,12.784200021997094,83.3719999936875,3,1,1,4,1,0.0,1,estabilizada,1,1,1,446.75,275.25,0.14107276499271393,0.8919692635536194,0.16378526072051502,0.8269682232895927,0.15092401072051503,0.8155237232895928,0.02493271274400399,0.15134877285894743,0.8157940822863979,0.044921490213773306,0.0,0.5402840386041664,-0.25053609476807615,1.581905179229251
2026-08-18T06:26:42.462+00:00,1787034402.4620607,194214.4616231,6.301074200018775,246,194214.3653741,12.784200021997094,83.3719999936875,10,0,0,4,1,0.0,1,estabilizada,1,1,1,,,,,,,,,,,,,nan,0.5402840386041664,-0.25053609476807615,1.581905179229251
2026-08-18T06:26:42.614+00:00,1787034402.6141953,194214.613136,6.452587100007804,251,194214.5319928,1.5759999805595726,79.54100001370534,1,0,0,4,1,0.0,1,estabilizada,1,1,1,,,,,,,,,,,,,nan,0.5403039314255312,-0.2505196059041225,1.5819190637675327
2026-08-18T06:26:42.614+00:00,1787034402.6141953,194214.6131783,6.452629400009755,251,194214.5319928,1.5759999805595726,79.54100001370534,2,1,1,4,1,0.0,1,estabilizada,1,1,1,930.75,293.75,0.9536192417144775,0.8427053689956665,0.9301045254574949,0.7805086043226038,0.9172432754574948,0.7690641043226039,-2.8605525222552735,0.9501213823766407,0.7837914442663483,-2.6969194067378894,0.0,0.5403039314255312,-0.2505196059041225,1.5819190637675327
2026-08-18T06:26:42.614+00:00,1787034402.6141953,194214.6131964,6.452647500002058,251,194214.5319928,1.5759999805595726,79.54100001370534,3,1,1,4,1,0.0,1,estabilizada,1,1,1,447.0,275.0,0.14144638180732727,0.8924693465232849,0.1641385537950299,0.8274413636924368,0.1512773037950299,0.8159968636924368,0.061180357013456046,0.15134877285894743,0.8157940822863979,0.044921490213773306,0.0,0.5403039314255312,-0.2505196059041225,1.5819190637675327
2026-08-18T06:26:42.614+00:00,1787034402.6141953,194214.6132076,6.452658700000029,251,194214.5319928,1.5759999805595726,79.54100001370534,10,0,0,4,1,0.0,1,estabilizada,1,1,1,,,,,,,,,,,,,nan,0.5403039314255312,-0.2505196059041225,1.5819190637675327
2026-08-18T06:26:42.759+00:00,1787034402.7597277,194214.7596858,6.599136900011217,255,194214.6657191,7.941799995023757,85.98839998012409,1,0,0,4,1,0.0,1,estabilizada,1,1,1,,,,,,,,,,,,,nan,0.5403234649004761,-0.25050275995373,1.5819322624522716
2026-08-18T06:26:42.759+00:00,1787034402.7597277,194214.7597536,6.599204700003611,255,194214.6657191,7.941799995023757,85.98839998012409,2,0,0,4,1,0.0,1,estabilizada,1,1,1,,,,,,,,,,0.9501213823766407,0.7837914442663483,-2.6969194067378894,139.64462280273438,0.5403234649004761,-0.25050275995373,1.5819322624522716
2026-08-18T06:26:42.759+00:00,1787034402.7597277,194214.7599098,6.599360899999738,255,194214.6657191,7.941799995023757,85.98839998012409,3,1,1,4,1,0.0,1,estabilizada,1,1,1,447.0,275.0,0.14144405722618103,0.8924723863601685,0.1641372834424772,0.82744573154703,0.1512760334424772,0.8160012315470301,0.061178051996701815,0.15134877285894743,0.8157940822863979,0.044921490213773306,0.0,0.5403234649004761,-0.25050275995373,1.5819322624522716
2026-08-18T06:26:42.759+00:00,1787034402.7597277,194214.7599662,6.5994173000217415,255,194214.6657191,7.941799995023757,85.98839998012409,10,0,0,4,1,0.0,1,estabilizada,1,1,1,,,,,,,,,,,,,nan,0.5403234649004761,-0.25050275995373,1.5819322624522716
2026-08-18T06:26:42.917+00:00,1787034402.9176877,194214.9169538,6.756404900021153,259,194214.8012207,30.010699992999434,85.68640000885352,1,0,0,4,1,0.0,1,estabilizada,1,1,1,,,,,,,,,,,,,nan,0.5403405182313811,-0.25048672544415185,1.5819453549257525
2026-08-18T06:26:42.917+00:00,1787034402.9176877,194214.9170131,6.756464200007031,259,194214.8012207,30.010699992999434,85.68640000885352,2,1,1,4,1,0.0,1,estabilizada,1,1,1,919.914794921875,298.80206298828125,0.9339568614959717,0.8328245878219604,0.911563249236542,0.7711928646462087,0.8987019992365419,0.7597483646462088,-2.8354355269202864,0.9438404569595806,0.7802892616577022,-2.7263530686641824,0.0,0.5403405182313811,-0.25048672544415185,1.5819453549257525
2026-08-18T06:26:42.917+00:00,1787034402.9176877,194214.9170376,6.756488700018963,259,194214.8012207,30.010699992999434,85.68640000885352,3,1,1,4,1,0.0,1,estabilizada,1,1,1,446.5,275.0,0.1406170129776001,0.892487108707428,0.1633580737612887,0.8274610667184679,0.1504968237612887,0.8160165667184679,0.06351716645688629,0.15134877285894743,0.8157940822863979,0.044921490213773306,0.0,0.5403405182313811,-0.25048672544415185,1.5819453549257525
2026-08-18T06:26:42.917+00:00,1787034402.9176877,194214.9170594,6.756510500010336,259,194214.8012207,30.010699992999434,85.68640000885352,10,0,0,4,1,0.0,1,estabilizada,1,1,1,,,,,,,,,,,,,nan,0.5403405182313811,-0.25048672544415185,1.5819453549257525
2026-08-18T06:26:43.082+00:00,1787034403.082681,194215.0817413,6.9211924000119325,264,194214.9664351,19.885599991539493,95.39169998606667,1,0,0,4,1,0.0,1,estabilizada,1,1,1,,,,,,,,,,,,,nan,0.5403605540988939,-0.25047191156079596,1.5819586564002246
2026-08-18T06:26:43.082+00:00,1787034403.082681,194215.0817867,6.9212378000083845,264,194214.9664351,19.885599991539493,95.39169998606667,2,0,0,4,1,0.0,1,estabilizada,1,1,1,,,,,,,,,,0.9438404569595806,0.7802892616577022,-2.7263530686641824,155.3783416748047,0.5403605540988939,-0.25047191156079596,1.5819586564002246
2026-08-18T06:26:43.082+00:00,1787034403.082681,194215.0818011,6.921252200001618,264,194214.9664351,19.885599991539493,95.39169998606667,3,1,1,4,1,0.0,1,estabilizada,1,1,1,447.0,275.0,0.14143995940685272,0.892478346824646,0.16413515019267344,0.8274541928503808,0.15127390019267345,0.8160096928503808,0.06117443176511137,0.15134877285894743,0.8157940822863979,0.044921490213773306,0.0,0.5403605540988939,-0.25047191156079596,1.5819586564002246
2026-08-18T06:26:43.082+00:00,1787034403.082681,194215.0818123,6.921263399999589,264,194214.9664351,19.885599991539493,95.39169998606667,10,0,0,4,1,0.0,1,estabilizada,1,1,1,,,,,,,,,,,,,nan,0.5403605540988939,-0.25047191156079596,1.5819586564002246
2026-08-18T06:26:43.217+00:00,1787034403.217566,194215.2172894,7.056740500003798,269,194215.1324438,8.801600022707134,76.01759998942725,1,0,0,4,1,0.0,1,estabilizada,1,1,1,,,,,,,,,,,,,nan,0.5403796540959046,-0.25045814789735554,1.5819700901320277
2026-08-18T06:26:43.217+00:00,1787034403.217566,194215.2173326,7.056783700012602,269,194215.1324438,8.801600022707134,76.01759998942725,2,1,1,4,1,0.0,1,estabilizada,1,1,1,908.75,304.75,0.9136567711830139,0.8212205767631531,0.8924206297746538,0.7602516078672896,0.8795593797746537,0.7488071078672897,-2.651988537349885,0.9355017424122529,0.7767699645938804,-2.744634177053723,0.0,0.5403796540959046,-0.25045814789735554,1.5819700901320277
2026-08-18T06:26:43.217+00:00,1787034403.217566,194215.2173454,7.056796499993652,269,194215.1324438,8.801600022707134,76.01759998942725,3,1,1,4,1,0.0,1,estabilizada,1,1,1,447.0,275.25,0.1414744108915329,0.8919782638549805,0.16416856428440602,0.8269838131387035,0.15130731428440602,0.8155393131387035,0.023755012163847088,0.15134877285894743,0.8157940822863979,0.044921490213773306,0.0,0.5403796540959046,-0.25045814789735554,1.5819700901320277
2026-08-18T06:26:43.217+00:00,1787034403.217566,194215.2173611,7.056812199996784,269,194215.1324438,8.801600022707134,76.01759998942725,10,0,0,4,1,0.0,1,estabilizada,1,1,1,,,,,,,,,,,,,nan,0.5403796540959046,-0.25045814789735554,1.5819700901320277
2026-08-18T06:26:43.361+00:00,1787034403.3619516,194215.3607872,7.200238300021738,273,194215.2661177,14.692299999296665,79.9393999914173,1,0,0,4,1,0.0,1,estabilizada,1,1,1,,,,,,,,,,,,,nan,0.5404014328275142,-0.25044484041272874,1.5819812776312914
2026-08-18T06:26:43.361+00:00,1787034403.3619516,194215.3608643,7.200315399997635,273,194215.2661177,14.692299999296665,79.9393999914173,2,1,1,4,1,0.0,1,estabilizada,1,1,1,903.75,307.75,0.9045387506484985,0.8153798580169678,0.8838227288679128,0.7547443598508322,0.8709614788679128,0.7432998598508322,-2.5406484997033205,0.8929787185839104,0.755384978571439,-2.7314740512696924,0.0,0.5404014328275142,-0.25044484041272874,1.5819812776312914
2026-08-18T06:26:43.361+00:00,1787034403.3619516,194215.3608793,7.200330399995437,273,194215.2661177,14.692299999296665,79.9393999914173,3,1,1,4,1,0.0,1,estabilizada,1,1,1,446.5,275.25,0.14064782857894897,0.8919933438301086,0.16339008532438953,0.8269992519051982,0.15052883532438954,0.8155547519051982,0.024919984743237526,0.15134877285894743,0.8157940822863979,0.044921490213773306,0.0,0.5404014328275142,-0.25044484041272874,1.5819812776312914
2026-08-18T06:26:43.361+00:00,1787034403.3619516,194215.3608936,7.200344700017013,273,194215.2661177,14.692299999296665,79.9393999914173,10,0,0,4,1,0.0,1,estabilizada,1,1,1,,,,,,,,,,,,,nan,0.5404014328275142,-0.25044484041272874,1.5819812776312914
2026-08-18T06:26:43.505+00:00,1787034403.5051112,194215.5047518,7.344202900014352,277,194215.3997852,22.14090002235025,82.80029997695237,1,0,0,4,1,0.0,1,estabilizada,1,1,1,,,,,,,,,,,,,nan,0.5404227659143521,-0.25043332333383045,1.5819910250784397
2026-08-18T06:26:43.505+00:00,1787034403.5051112,194215.5047944,7.344245500018587,277,194215.3997852,22.14090002235025,82.80029997695237,2,1,1,4,1,0.0,1,estabilizada,1,1,1,899.25,310.25,0.8963983058929443,0.8105365037918091,0.8761467380330794,0.7501775744884187,0.8632854880330794,0.7387330744884187,-2.5502068179611155,0.8864580690001767,0.7518058367093627,-2.7086648615438484,0.0,0.5404227659143521,-0.25043332333383045,1.5819910250784397
2026-08-18T06:26:43.505+00:00,1787034403.5051112,194215.504807,7.344258099998115,277,194215.3997852,22.14090002235025,82.80029997695237,3,1,1,4,1,0.0,1,estabilizada,1,1,1,446.5,275.25,0.14064590632915497,0.8919968605041504,0.16338934595194538,0.8270036241864409,0.15052809595194538,0.8155591241864409,0.02491768589137529,0.15134877285894743,0.8157940822863979,0.044921490213773306,0.0,0.5404227659143521,-0.25043332333383045,1.5819910250784397
2026-08-18T06:26:43.505+00:00,1787034403.5051112,194215.5048208,7.344271900015883,277,194215.3997852,22.14090002235025,82.80029997695237,10,0,0,4,1,0.0,1,estabilizada,1,1,1,,,,,,,,,,,,,nan,0.5404227659143521,-0.25043332333383045,1.5819910250784397
2026-08-18T06:26:43.651+00:00,1787034403.6511047,194215.6500646,7.489515699999174,281,194215.5321645,33.96129998145625,83.91280000796542,1,0,0,4,1,0.0,1,estabilizada,1,1,1,,,,,,,,,,,,,nan,0.5404471328675317,-0.25042437458428235,1.5820001138218964
2026-08-18T06:26:43.651+00:00,1787034403.6511047,194215.6501089,7.489560000016354,281,194215.5321645,33.96129998145625,83.91280000796542,2,1,1,4,1,0.0,1,estabilizada,1,1,1,896.0,313.75,0.890193521976471,0.8036929368972778,0.8702964469100476,0.7437241940353408,0.8574351969100475,0.7322796940353409,-2.6164481766574683,0.8713048423429244,0.7426178333444486,-2.645152399660512,0.0,0.5404471328675317,-0.25042437458428235,1.5820001138218964
2026-08-18T06:26:43.651+00:00,1787034403.6511047,194215.6501215,7.489572599995881,281,194215.5321645,33.96129998145625,83.91280000796542,3,1,1,4,1,0.0,1,estabilizada,1,1,1,446.25,275.25,0.14023159444332123,0.8920064568519592,0.162999859845756,0.8270135570847995,0.150138609845756,0.8155690570847995,0.024914262157708422,0.15134877285894743,0.8157940822863979,0.044921490213773306,0.0,0.5404471328675317,-0.25042437458428235,1.5820001138218964
2026-08-18T06:26:43.651+00:00,1787034403.6511047,194215.6501342,7.489585300005274,281,194215.5321645,33.96129998145625,83.91280000796542,10,0,0,4,1,0.0,1,estabilizada,1,1,1,,,,,,,,,,,,,nan,0.5404471328675317,-0.25042437458428235,1.5820001138218964
2026-08-18T06:26:43.788+00:00,1787034403.7884972,194215.7873616,7.6268127000075765,286,194215.701347,6.8688000028487295,79.12179999402724,1,0,0,4,1,0.0,1,estabilizada,1,1,1,,,,,,,,,,,,,nan,0.5404728790662248,-0.2504156440316663,1.5820095080778551
2026-08-18T06:26:43.788+00:00,1787034403.7884972,194215.7874036,7.626854700007243,286,194215.701347,6.8688000028487295,79.12179999402724,2,1,1,4,1,0.0,1,estabilizada,1,1,1,890.25,317.75,0.8796961307525635,0.7959581613540649,0.860397831661514,0.7364303001093263,0.8475365816615139,0.7249858001093263,-2.493955526748433,0.8646405710383747,0.7380438138970087,-2.6094425879068557,0.0,0.5404728790662248,-0.2504156440316663,1.5820095080778551
2026-08-18T06:26:43.788+00:00,1787034403.7884972,194215.7874154,7.626866500009783,286,194215.701347,6.8688000028487295,79.12179999402724,3,1,1,4,1,0.0,1,estabilizada,1,1,1,446.5,275.0,0.14060567319393158,0.8925076127052307,0.16335398687014452,0.8274870849643452,0.15049273687014453,0.8160425849643452,0.06350294708617965,0.15134877285894743,0.8157940822863979,0.044921490213773306,0.0,0.5404728790662248,-0.2504156440316663,1.5820095080778551
2026-08-18T06:26:43.788+00:00,1787034403.7884972,194215.7874259,7.626877000002423,286,194215.701347,6.8688000028487295,79.12179999402724,10,0,0,4,1,0.0,1,estabilizada,1,1,1,,,,,,,,,,,,,nan,0.5404728790662248,-0.2504156440316663,1.5820095080778551
2026-08-18T06:26:43.927+00:00,1787034403.9275637,194215.926668,7.766119100007927,290,194215.8322153,16.070099984062836,78.35670001804829,1,0,0,4,1,0.0,1,estabilizada,1,1,1,,,,,,,,,,,,,nan,0.5404975435351418,-0.25040586286090416,1.5820191916478659
2026-08-18T06:26:43.927+00:00,1787034403.9275637,194215.9267099,7.766161000006832,290,194215.8322153,16.070099984062836,78.35670001804829,2,0,0,4,1,0.0,1,estabilizada,1,1,1,,,,,,,,,,0.8646405710383747,0.7380438138970087,-2.6094425879068557,141.03317260742188,0.5404975435351418,-0.25040586286090416,1.5820191916478659
2026-08-18T06:26:43.927+00:00,1787034403.9275637,194215.9267231,7.766174200020032,290,194215.8322153,16.070099984062836,78.35670001804829,3,1,1,4,1,0.0,1,estabilizada,1,1,1,446.5,275.25,0.14063997566699982,0.8920086622238159,0.16338760180081924,0.8270174738738642,0.15052635180081925,0.8155729738738642,0.024908518596845723,0.15134877285894743,0.8157940822863979,0.044921490213773306,0.0,0.5404975435351418,-0.25040586286090416,1.5820191916478659
2026-08-18T06:26:43.927+00:00,1787034403.9275637,194215.9267337,7.766184800013434,290,194215.8322153,16.070099984062836,78.35670001804829,10,0,0,4,1,0.0,1,estabilizada,1,1,1,,,,,,,,,,,,,nan,0.5404975435351418,-0.25040586286090416,1.5820191916478659
2026-08-18T06:26:44.093+00:00,1787034404.0932584,194216.0921439,7.931595000001835,294,194215.9673231,21.13070001360029,103.65159998764284,1,0,0,4,1,0.0,1,estabilizada,1,1,1,,,,,,,,,,,,,nan,0.540521209993652,-0.2503951461348446,1.5820291266700282
2026-08-18T06:26:44.093+00:00,1787034404.0932584,194216.0921954,7.931646500015631,294,194215.9673231,21.13070001360029,103.65159998764284,2,1,1,4,1,0.0,1,estabilizada,1,1,1,882.5,323.0,0.8656442761421204,0.78586345911026,0.8471483613324144,0.7269117793340685,0.8342871113324144,0.7154672793340685,-2.4600863212838164,0.8563978198433129,0.7319882693777451,-2.5722135399062487,0.0,0.540521209993652,-0.2503951461348446,1.5820291266700282
2026-08-18T06:26:44.093+00:00,1787034404.0932584,194216.0922243,7.9316754000028595,294,194215.9673231,21.13070001360029,103.65159998764284,3,1,1,4,1,0.0,1,estabilizada,1,1,1,447.0,275.25,0.1414627581834793,0.892001211643219,0.1641647805782962,0.8270114649522464,0.1513035305782962,0.8155669649522465,0.023738340588273957,0.15134877285894743,0.8157940822863979,0.044921490213773306,0.0,0.540521209993652,-0.2503951461348446,1.5820291266700282
2026-08-18T06:26:44.093+00:00,1787034404.0932584,194216.0922353,7.9316863999993075,294,194215.9673231,21.13070001360029,103.65159998764284,10,0,0,4,1,0.0,1,estabilizada,1,1,1,,,,,,,,,,,,,nan,0.540521209993652,-0.2503951461348446,1.5820291266700282
2026-08-18T06:26:44.245+00:00,1787034404.2456803,194216.2446679,8.084119000006467,299,194216.1326361,26.836600009119138,85.16839999356307,1,0,0,4,1,0.0,1,estabilizada,1,1,1,,,,,,,,,,,,,nan,0.5405472782970457,-0.2503842748183075,1.5820400285643097
2026-08-18T06:26:44.245+00:00,1787034404.2456803,194216.2447132,8.084164300002158,299,194216.1326361,26.836600009119138,85.16839999356307,2,1,1,4,1,0.0,1,estabilizada,1,1,1,877.75,326.75,0.8569726943969727,0.7786638140678406,0.8389717039448934,0.7201227365176094,0.8261104539448934,0.7086782365176094,-2.520157070878182,0.8495953370970927,0.7269054946820726,-2.5541148192250014,0.0,0.5405472782970457,-0.2503842748183075,1.5820400285643097
2026-08-18T06:26:44.245+00:00,1787034404.2456803,194216.2447298,8.084180900012143,299,194216.1326361,26.836600009119138,85.16839999356307,3,1,1,4,1,0.0,1,estabilizada,1,1,1,447.0,275.0,0.1414245218038559,0.892508864402771,0.1641300459598946,0.827491304370967,0.15126879595989462,0.816046804370967,0.0611505009199563,0.15134877285894743,0.8157940822863979,0.044921490213773306,0.0,0.5405472782970457,-0.2503842748183075,1.5820400285643097
2026-08-18T06:26:44.245+00:00,1787034404.2456803,194216.244743,8.084194099996239,299,194216.1326361,26.836600009119138,85.16839999356307,10,0,0,4,1,0.0,1,estabilizada,1,1,1,,,,,,,,,,,,,nan,0.5405472782970457,-0.2503842748183075,1.5820400285643097
2026-08-18T06:26:44.395+00:00,1787034404.3953774,194216.394325,8.233776100008981,304,194216.2988443,4.543599992757663,90.89220000896603,1,0,0,4,1,0.0,1,estabilizada,1,1,1,,,,,,,,,,,,,nan,0.5405760638275785,-0.25037423514151447,1.5820513541013197
2026-08-18T06:26:44.395+00:00,1787034404.3953774,194216.3944161,8.23386720000417,304,194216.2988443,4.543599992757663,90.89220000896603,2,1,1,4,1,0.0,1,estabilizada,1,1,1,873.5,329.5,0.849351167678833,0.7734246850013733,0.8317855183245497,0.7151826421157296,0.8189242683245497,0.7037381421157296,-2.6699119615567692,0.839780518706465,0.7192908190194947,-2.545460288770208,0.0,0.5405760638275785,-0.25037423514151447,1.5820513541013197
2026-08-18T06:26:44.395+00:00,1787034404.3953774,194216.3944378,8.233888899994781,304,194216.2988443,4.543599992757663,90.89220000896603,3,1,1,4,1,0.0,1,estabilizada,1,1,1,446.5,275.0,0.14059753715991974,0.892525315284729,0.16335158196811622,0.827507855976784,0.15049033196811623,0.816063355976784,0.06348763986317407,0.15134877285894743,0.8157940822863979,0.044921490213773306,0.0,0.5405760638275785,-0.25037423514151447,1.5820513541013197
2026-08-18T06:26:44.395+00:00,1787034404.3953774,194216.3944621,8.23391320000519,304,194216.2988443,4.543599992757663,90.89220000896603,10,0,0,4,1,0.0,1,estabilizada,1,1,1,,,,,,,,,,,,,nan,0.5405760638275785,-0.25037423514151447,1.5820513541013197
2026-08-18T06:26:44.548+00:00,1787034404.5485027,194216.5480566,8.387507700012065,308,194216.4328486,29.88119999645278,85.29980000457726,1,0,0,4,1,0.0,1,estabilizada,1,1,1,,,,,,,,,,,,,nan,0.5406015737820343,-0.25036410670202774,1.5820622934032633
2026-08-18T06:26:44.548+00:00,1787034404.5485027,194216.548101,8.387552100000903,308,194216.4328486,29.88119999645278,85.29980000457726,2,1,1,4,1,0.0,1,estabilizada,1,1,1,869.5,332.5,0.8421257734298706,0.7677078247070312,0.8249727333242696,0.7097919801736832,0.8121114833242695,0.6983474801736832,-2.617790550449923,0.8297614999591503,0.7117530677163254,-2.568041114292331,0.0,0.5406015737820343,-0.25036410670202774,1.5820622934032633
2026-08-18T06:26:44.548+00:00,1787034404.5485027,194216.5481147,8.38756580001791,308,194216.4328486,29.88119999645278,85.29980000457726,3,1,1,4,1,0.0,1,estabilizada,1,1,1,446.5,275.25,0.1406317502260208,0.8920268416404724,0.16338514259883657,0.8270387651408717,0.15052389259883658,0.8155942651408717,0.02489471886321231,0.15134877285894743,0.8157940822863979,0.044921490213773306,0.0,0.5406015737820343,-0.25036410670202774,1.5820622934032633
2026-08-18T06:26:44.548+00:00,1787034404.5485027,194216.5481251,8.38757620000979,308,194216.4328486,29.88119999645278,85.29980000457726,10,0,0,4,1,0.0,1,estabilizada,1,1,1,,,,,,,,,,,,,nan,0.5406015737820343,-0.25036410670202774,1.5820622934032633
2026-08-18T06:26:44.703+00:00,1787034404.703013,194216.7021277,8.54157880001003,313,194216.6025565,11.793999990914017,87.73580001434311,1,0,0,4,1,0.0,1,estabilizada,1,1,1,,,,,,,,,,,,,nan,0.5406272947767786,-0.25035243939621826,1.5820747386554082
2026-08-18T06:26:44.703+00:00,1787034404.703013,194216.7021958,8.541646900004707,313,194216.6025565,11.793999990914017,87.73580001434311,2,1,1,4,1,0.0,1,estabilizada,1,1,1,864.5,335.5,0.8332539796829224,0.7620376944541931,0.8166072303239533,0.7044455277756612,0.8037459803239533,0.6930010277756612,-2.671842347019558,0.8213482649018721,0.7056072616051396,-2.5972262336201473,0.0,0.5406272947767786,-0.25035243939621826,1.5820747386554082
2026-08-18T06:26:44.703+00:00,1787034404.703013,194216.7022127,8.541663800016977,313,194216.6025565,11.793999990914017,87.73580001434311,3,1,1,4,1,0.0,1,estabilizada,1,1,1,446.5,275.25,0.14062900841236115,0.8920310139656067,0.16338384097064695,0.827043875058411,0.15052259097064696,0.8155993750584111,0.024891267230173757,0.15134877285894743,0.8157940822863979,0.044921490213773306,0.0,0.5406272947767786,-0.25035243939621826,1.5820747386554082
2026-08-18T06:26:44.703+00:00,1787034404.703013,194216.7022252,8.541676299995743,313,194216.6025565,11.793999990914017,87.73580001434311,10,0,0,4,1,0.0,1,estabilizada,1,1,1,,,,,,,,,,,,,nan,0.5406272947767786,-0.25035243939621826,1.5820747386554082
2026-08-18T06:26:44.860+00:00,1787034404.860067,194216.8595484,8.698999500018544,318,194216.7664137,2.2578999924007803,90.82320000743493,1,0,0,4,1,0.0,1,estabilizada,1,1,1,,,,,,,,,,,,,nan,0.5406544258745236,-0.2503424057324921,1.582085951651874
2026-08-18T06:26:44.860+00:00,1787034404.860067,194216.8596576,8.699108700006036,318,194216.7664137,2.2578999924007803,90.82320000743493,2,1,1,4,1,0.0,1,estabilizada,1,1,1,860.206787109375,338.0843200683594,0.8256572484970093,0.7571678161621094,0.8094443151799275,0.6998536608370851,0.7965830651799275,0.6884091608370851,-2.645769610394783,0.8164172490151165,0.7020758143654278,-2.607080720297779,0.0,0.5406544258745236,-0.2503424057324921,1.582085951651874
2026-08-18T06:26:44.860+00:00,1787034404.860067,194216.8596758,8.6991268999991,318,194216.7664137,2.2578999924007803,90.82320000743493,3,1,1,4,1,0.0,1,estabilizada,1,1,1,446.5,275.25,0.140626460313797,0.892035186290741,0.16338281995587256,0.8270488414118538,0.15052156995587257,0.8156043414118538,0.02488896148593304,0.15134877285894743,0.8157940822863979,0.044921490213773306,0.0,0.5406544258745236,-0.2503424057324921,1.582085951651874
2026-08-18T06:26:44.860+00:00,1787034404.860067,194216.8597062,8.69915729999775,318,194216.7664137,2.2578999924007803,90.82320000743493,10,0,0,4,1,0.0,1,estabilizada,1,1,1,,,,,,,,,,,,,nan,0.5406544258745236,-0.2503424057324921,1.582085951651874
2026-08-18T06:26:45.052+00:00,1787034405.0529463,194217.0522641,8.891715200006729,323,194216.931939,8.989499998278916,111.30650000995956,1,0,0,4,1,0.0,1,estabilizada,1,1,1,,,,,,,,,,,,,nan,0.5406812576150135,-0.25033341792770647,1.5820963380168633
2026-08-18T06:26:45.052+00:00,1787034405.0529463,194217.0523127,8.891763799998444,323,194216.931939,8.989499998278916,111.30650000995956,2,1,1,4,1,0.0,1,estabilizada,1,1,1,854.75,340.25,0.8162146806716919,0.7531526684761047,0.8005405352488,0.6960678085935833,0.7876792852487999,0.6846233085935833,-2.7791479638437124,0.8085715485041396,0.696497499657239,-2.6367326336650985,0.0,0.5406812576150135,-0.25033341792770647,1.5820963380168633
2026-08-18T06:26:45.052+00:00,1787034405.0529463,194217.0523285,8.891779600002337,323,194216.931939,8.989499998278916,111.30650000995956,3,1,1,4,1,0.0,1,estabilizada,1,1,1,446.5,275.25,0.14062391221523285,0.8920394778251648,0.16338179378084744,0.8270538267322397,0.15052054378084745,0.8156093267322397,0.02488440952208092,0.15134877285894743,0.8157940822863979,0.044921490213773306,0.0,0.5406812576150135,-0.25033341792770647,1.5820963380168633
2026-08-18T06:26:45.052+00:00,1787034405.0529463,194217.0523417,8.891792800015537,323,194216.931939,8.989499998278916,111.30650000995956,10,0,0,4,1,0.0,1,estabilizada,1,1,1,,,,,,,,,,,,,nan,0.5406812576150135,-0.25033341792770647,1.5820963380168633
2026-08-18T06:26:45.207+00:00,1787034405.2076173,194217.2067083,9.046159399993485,328,194217.108083,7.970400009071454,90.61359998304397,1,0,0,4,1,0.0,1,estabilizada,1,1,1,,,,,,,,,,,,,nan,0.5407058468746218,-0.25032062253051335,1.5821100355187363
2026-08-18T06:26:45.207+00:00,1787034405.2076173,194217.2067718,9.046222900011344,328,194217.108083,7.970400009071454,90.61359998304397,2,1,1,4,1,0.0,1,estabilizada,1,1,1,849.0,342.25,0.8063356280326843,0.7494744658470154,0.7912249974396692,0.6926000665107677,0.7783637474396692,0.6811555665107677,-2.9046469235762222,0.7987297931172446,0.690740688682761,-2.6867001688957575,0.0,0.5407058468746218,-0.25032062253051335,1.5821100355187363
2026-08-18T06:26:45.207+00:00,1787034405.2076173,194217.2067881,9.046239200019045,328,194217.108083,7.970400009071454,90.61359998304397,3,1,1,4,1,0.0,1,estabilizada,1,1,1,446.5,275.0,0.140585258603096,0.8925466537475586,0.1633465407743644,0.8275334419254731,0.1504852907743644,0.8160889419254731,0.06346988877959411,0.15134877285894743,0.8157940822863979,0.044921490213773306,0.0,0.5407058468746218,-0.25032062253051335,1.5821100355187363
2026-08-18T06:26:45.207+00:00,1787034405.2076173,194217.2068022,9.046253300009994,328,194217.108083,7.970400009071454,90.61359998304397,10,0,0,4,1,0.0,1,estabilizada,1,1,1,,,,,,,,,,,,,nan,0.5407058468746218,-0.25032062253051335,1.5821100355187363
2026-08-18T06:26:45.356+00:00,1787034405.356232,194217.355429,9.194880099996226,333,194217.2661293,4.500000010011718,84.77409998886287,1,0,0,4,1,0.0,1,estabilizada,1,1,1,,,,,,,,,,,,,nan,0.5407258947303641,-0.25030712815412987,1.5821239328641
2026-08-18T06:26:45.356+00:00,1787034405.356232,194217.3554731,9.194924200011883,333,194217.2661293,4.500000010011718,84.77409998886287,2,1,1,4,1,0.0,1,estabilizada,1,1,1,845.0,344.0,0.7994216680526733,0.7462320923805237,0.7847056150840165,0.6895434044812407,0.7718443650840165,0.6780989044812408,-2.848716068341956,0.792943725358902,0.6880175205608211,-2.7171911132603337,0.0,0.5407258947303641,-0.25030712815412987,1.5821239328641
2026-08-18T06:26:45.356+00:00,1787034405.356232,194217.3554872,9.194938300002832,333,194217.2661293,4.500000010011718,84.77409998886287,3,1,1,4,1,0.0,1,estabilizada,1,1,1,447.0,275.0,0.1414080113172531,0.8925387263298035,0.16412343124148165,0.8275273041731619,0.15126218124148166,0.8160828041731619,0.06112412425847432,0.15134877285894743,0.8157940822863979,0.044921490213773306,0.0,0.5407258947303641,-0.25030712815412987,1.5821239328641
2026-08-18T06:26:45.356+00:00,1787034405.356232,194217.355501,9.1949521000206,333,194217.2661293,4.500000010011718,84.77409998886287,10,0,0,4,1,0.0,1,estabilizada,1,1,1,,,,,,,,,,,,,nan,0.5407258947303641,-0.25030712815412987,1.5821239328641
2026-08-18T06:26:45.493+00:00,1787034405.4939759,194217.4935167,9.332967800000915,337,194217.3986227,14.22489999094978,80.64460000605322,1,0,0,4,1,0.0,1,estabilizada,1,1,1,,,,,,,,,,,,,nan,0.5407430683004489,-0.25029265118291033,1.5821386417112235
2026-08-18T06:26:45.493+00:00,1787034405.4939759,194217.4935594,9.333010500005912,337,194217.3986227,14.22489999094978,80.64460000605322,2,1,1,4,1,0.0,1,estabilizada,1,1,1,840.25,345.0,0.7913927435874939,0.7444566488265991,0.7771345299385086,0.6878703076295823,0.7642732799385086,0.6764258076295824,-2.9729368227095394,0.7792616738342558,0.6818424483879008,-2.8042762719098073,0.0,0.5407430683004489,-0.25029265118291033,1.5821386417112235
2026-08-18T06:26:45.493+00:00,1787034405.4939759,194217.49359,9.333041100006085,337,194217.3986227,14.22489999094978,80.64460000605322,3,1,1,4,1,0.0,1,estabilizada,1,1,1,446.75,275.25,0.14102976024150848,0.892045259475708,0.1637674627265419,0.8270633361165279,0.15090621272654192,0.815618836116528,0.02370490496744764,0.15134877285894743,0.8157940822863979,0.044921490213773306,0.0,0.5407430683004489,-0.25029265118291033,1.5821386417112235
2026-08-18T06:26:45.493+00:00,1787034405.4939759,194217.4935997,9.333050800021738,337,194217.3986227,14.22489999094978,80.64460000605322,10,0,0,4,1,0.0,1,estabilizada,1,1,1,,,,,,,,,,,,,nan,0.5407430683004489,-0.25029265118291033,1.5821386417112235
2026-08-18T06:26:45.628+00:00,1787034405.6287446,194217.6283188,9.46776990001672,341,194217.5311405,20.147899980656803,77.0046999969054,1,0,0,4,1,0.0,1,estabilizada,1,1,1,,,,,,,,,,,,,nan,0.5407583831892002,-0.25028155828552046,1.5821491598958315
2026-08-18T06:26:45.628+00:00,1787034405.6287446,194217.6283617,9.467812799994135,341,194217.5311405,20.147899980656803,77.0046999969054,2,1,1,4,1,0.0,1,estabilizada,1,1,1,836.25,346.5,0.7845418453216553,0.741703450679779,0.7706743085886676,0.6852747313972335,0.7578130585886675,0.6738302313972335,-2.9602145772891175,0.7692549539803065,0.67793601494215,-2.8614470140661705,0.0,0.5407583831892002,-0.25028155828552046,1.5821491598958315
2026-08-18T06:26:45.628+00:00,1787034405.6287446,194217.6283915,9.46784260001732,341,194217.5311405,20.147899980656803,77.0046999969054,3,1,1,4,1,0.0,1,estabilizada,1,1,1,446.75,275.0,0.140991672873497,0.8925522565841675,0.16373226196610963,0.8275425558900533,0.15087101196610964,0.8160980558900534,0.06111592824593469,0.15134877285894743,0.8157940822863979,0.044921490213773306,0.0,0.5407583831892002,-0.25028155828552046,1.5821491598958315
2026-08-18T06:26:45.628+00:00,1787034405.6287446,194217.6284028,9.467853900016053,341,194217.5311405,20.147899980656803,77.0046999969054,10,0,0,4,1,0.0,1,estabilizada,1,1,1,,,,,,,,,,,,,nan,0.5407583831892002,-0.25028155828552046,1.5821491598958315
2026-08-18T06:26:45.776+00:00,1787034405.7767498,194217.776054,9.615505099995062,345,194217.6663095,27.59050001623109,82.09979999810457,1,0,0,4,1,0.0,1,estabilizada,1,1,1,,,,,,,,,,,,,nan,0.5407679148987212,-0.2502711493419714,1.5821577496979944
2026-08-18T06:26:45.776+00:00,1787034405.7767498,194217.7761194,9.615570499998285,345,194217.6663095,27.59050001623109,82.09979999810457,2,1,1,4,1,0.0,1,estabilizada,1,1,1,832.0,347.25,0.7773981690406799,0.740397036075592,0.7639376131151778,0.6840435297930485,0.7510763631151778,0.6725990297930485,-2.966900244364424,0.7665797009102351,0.6770746821313527,-2.878623770964755,0.0,0.5407679148987212,-0.2502711493419714,1.5821577496979944
2026-08-18T06:26:45.776+00:00,1787034405.7767498,194217.7761349,9.615585999999894,345,194217.6663095,27.59050001623109,82.09979999810457,3,1,1,4,1,0.0,1,estabilizada,1,1,1,447.0,275.0,0.14140257239341736,0.8925499320030212,0.16412020648037123,0.8275413085957268,0.15125895648037124,0.8160968085957269,0.023697076354298772,0.15134877285894743,0.8157940822863979,0.044921490213773306,0.0,0.5407679148987212,-0.2502711493419714,1.5821577496979944
2026-08-18T06:26:45.776+00:00,1787034405.7767498,194217.7761562,9.615607300016563,345,194217.6663095,27.59050001623109,82.09979999810457,10,0,0,4,1,0.0,1,estabilizada,1,1,1,,,,,,,,,,,,,nan,0.5407679148987212,-0.2502711493419714,1.5821577496979944
2026-08-18T06:26:45.913+00:00,1787034405.9135365,194217.9129373,9.752388399996562,350,194217.8320801,2.126000006683171,78.70730001013726,1,0,0,4,1,0.0,1,estabilizada,1,1,1,,,,,,,,,,,,,nan,0.5407751481967835,-0.2502574386088557,1.5821680097534472
2026-08-18T06:26:45.913+00:00,1787034405.9135365,194217.9129792,9.752430299995467,350,194217.8320801,2.126000006683171,78.70730001013726,2,1,1,4,1,0.0,1,estabilizada,1,1,1,828.0,348.25,0.7706398367881775,0.7386062145233154,0.75756422038986,0.6823557226455508,0.74470297038986,0.6709112226455508,-3.009757796978172,0.7613037102308667,0.6754312870079072,-2.914452465399742,0.0,0.5407751481967835,-0.2502574386088557,1.5821680097534472
2026-08-18T06:26:45.913+00:00,1787034405.9135365,194217.9129934,9.752444500016281,350,194217.8320801,2.126000006683171,78.70730001013726,3,1,1,4,1,0.0,1,estabilizada,1,1,1,446.75,275.0,0.1409885734319687,0.8925585746765137,0.1637300215632833,0.8275506611290067,0.15086877156328332,0.8161061611290067,0.06110892225942044,0.15134877285894743,0.8157940822863979,0.044921490213773306,0.0,0.5407751481967835,-0.2502574386088557,1.5821680097534472
2026-08-18T06:26:45.913+00:00,1787034405.9135365,194217.9130039,9.752455000008922,350,194217.8320801,2.126000006683171,78.70730001013726,10,0,0,4,1,0.0,1,estabilizada,1,1,1,,,,,,,,,,,,,nan,0.5407751481967835,-0.2502574386088557,1.5821680097534472
2026-08-18T06:26:46.060+00:00,1787034406.0600588,194218.0589626,9.898413699993398,354,194217.9668005,7.38279998768121,84.75300000282004,1,0,0,4,1,0.0,1,estabilizada,1,1,1,,,,,,,,,,,,,nan,0.5407802302899392,-0.2502442680349082,1.5821786266396827
2026-08-18T06:26:46.060+00:00,1787034406.0600588,194218.0590072,9.898458300012862,354,194217.9668005,7.38279998768121,84.75300000282004,2,1,1,4,1,0.0,1,estabilizada,1,1,1,824.0,348.75,0.7639596462249756,0.7377724051475525,0.7512643998754447,0.6815704699872489,0.7384031498754446,0.6701259699872489,-3.0096824236185737,0.7504238134358581,0.6725461402323688,-2.9650161985047796,0.0,0.5407802302899392,-0.2502442680349082,1.5821786266396827
2026-08-18T06:26:46.060+00:00,1787034406.0600588,194218.0590239,9.898474999994505,354,194217.9668005,7.38279998768121,84.75300000282004,3,1,1,4,1,0.0,1,estabilizada,1,1,1,446.75,275.0,0.14098678529262543,0.8925608992576599,0.16372847162558873,0.827554038891473,0.15086722162558874,0.8161095388914731,0.06110539429950316,0.15134877285894743,0.8157940822863979,0.044921490213773306,0.0,0.5407802302899392,-0.2502442680349082,1.5821786266396827
2026-08-18T06:26:46.060+00:00,1787034406.0600588,194218.0590376,9.898488700011512,354,194217.9668005,7.38279998768121,84.75300000282004,10,0,0,4,1,0.0,1,estabilizada,1,1,1,,,,,,,,,,,,,nan,0.5407802302899392,-0.2502442680349082,1.5821786266396827
2026-08-18T06:26:46.211+00:00,1787034406.2111168,194218.2105979,10.050049000012223,358,194218.0991942,34.63349997764453,76.74410002073273,1,0,0,4,1,0.0,1,estabilizada,1,1,1,,,,,,,,,,,,,nan,0.540784383251497,-0.25023559321219413,1.5821867766552016
2026-08-18T06:26:46.211+00:00,1787034406.2111168,194218.2106406,10.05009170001722,358,194218.0991942,34.63349997764453,76.74410002073273,2,1,1,4,1,0.0,1,estabilizada,1,1,1,819.2479248046875,350.56695556640625,0.7558650374412537,0.7344492077827454,0.7436305407543328,0.6784370899992218,0.7307692907543328,0.6669925899992218,-3.0241210401344345,0.7476910543566434,0.6719758371599307,-2.9754322304075917,0.0,0.540784383251497,-0.25023559321219413,1.5821867766552016
2026-08-18T06:26:46.211+00:00,1787034406.2111168,194218.2106532,10.050104299996747,358,194218.0991942,34.63349997764453,76.74410002073273,3,1,1,4,1,0.0,1,estabilizada,1,1,1,446.75,275.0,0.14098532497882843,0.8925632238388062,0.16372721346850933,0.8275570595526763,0.15086596346850933,0.8161125595526764,0.061101874702330805,0.15134877285894743,0.8157940822863979,0.044921490213773306,0.0,0.540784383251497,-0.25023559321219413,1.5821867766552016
2026-08-18T06:26:46.211+00:00,1787034406.2111168,194218.2106651,10.050116200000048,358,194218.0991942,34.63349997764453,76.74410002073273,10,0,0,4,1,0.0,1,estabilizada,1,1,1,,,,,,,,,,,,,nan,0.540784383251497,-0.25023559321219413,1.5821867766552016
2026-08-18T06:26:46.344+00:00,1787034406.3449645,194218.3438963,10.183347400015919,363,194218.2650588,4.483600001549348,74.32949999929406,1,0,0,4,1,0.0,1,estabilizada,1,1,1,,,,,,,,,,,,,nan,0.54078817473835,-0.2502294730833302,1.582193883669676
2026-08-18T06:26:46.344+00:00,1787034406.3449645,194218.3439387,10.183389800018631,363,194218.2650588,4.483600001549348,74.32949999929406,2,1,1,4,1,0.0,1,estabilizada,1,1,1,813.0,352.0,0.7453727126121521,0.731909453868866,0.7337353218987354,0.6760424047429499,0.7208740718987354,0.6645979047429499,-2.9671430784560693,0.7418721106829735,0.6702560424646908,-2.9754322304075917,0.0,0.54078817473835,-0.2502294730833302,1.582193883669676
2026-08-18T06:26:46.344+00:00,1787034406.3449645,194218.3439522,10.183403300005011,363,194218.2650588,4.483600001549348,74.32949999929406,3,1,1,4,1,0.0,1,estabilizada,1,1,1,447.0,275.0,0.1413966715335846,0.8925597071647644,0.16411527489783156,0.8275543830487465,0.15125402489783157,0.8161098830487465,0.06109941997729662,0.15134877285894743,0.8157940822863979,0.044921490213773306,0.0,0.54078817473835,-0.2502294730833302,1.582193883669676
2026-08-18T06:26:46.344+00:00,1787034406.3449645,194218.3439641,10.183415200008312,363,194218.2650588,4.483600001549348,74.32949999929406,10,0,0,4,1,0.0,1,estabilizada,1,1,1,,,,,,,,,,,,,nan,0.54078817473835,-0.2502294730833302,1.582193883669676
2026-08-18T06:26:46.480+00:00,1787034406.4803574,194218.4793582,10.318809300020803,366,194218.3650793,35.342799994396046,78.90860000043176,1,0,0,4,1,0.0,1,estabilizada,1,1,1,,,,,,,,,,,,,nan,0.5407910070285042,-0.25022198536661683,1.5822007396955393
2026-08-18T06:26:46.480+00:00,1787034406.4803574,194218.4794334,10.318884500011336,366,194218.3650793,35.342799994396046,78.90860000043176,2,1,1,4,1,0.0,1,estabilizada,1,1,1,808.7139282226562,353.4717712402344,0.7381245493888855,0.729240894317627,0.7268996659927042,0.6735263083235987,0.7140384159927042,0.6620818083235988,-2.942584101150927,0.7361473989523278,0.6688049240101758,-2.9754322304075917,0.0,0.5407910070285042,-0.25022198536661683,1.5822007396955393
2026-08-18T06:26:46.480+00:00,1787034406.4803574,194218.4794494,10.318900500016753,366,194218.3650793,35.342799994396046,78.90860000043176,3,1,1,4,1,0.0,1,estabilizada,1,1,1,446.75,275.25,0.14101965725421906,0.8920647501945496,0.1637597689081987,0.8270882882190054,0.15089851890819872,0.8156437882190054,0.024849604627423905,0.15134877285894743,0.8157940822863979,0.044921490213773306,0.0,0.5407910070285042,-0.25022198536661683,1.5822007396955393
2026-08-18T06:26:46.480+00:00,1787034406.4803574,194218.4794628,10.318913900002372,366,194218.3650793,35.342799994396046,78.90860000043176,10,0,0,4,1,0.0,1,estabilizada,1,1,1,,,,,,,,,,,,,nan,0.5407910070285042,-0.25022198536661683,1.5822007396955393
2026-08-18T06:26:46.621+00:00,1787034406.6211948,194218.6203204,10.459771499998169,371,194218.5314123,5.687699973350391,83.1960000214167,1,0,0,4,1,0.0,1,estabilizada,1,1,1,,,,,,,,,,,,,nan,0.5407903766977356,-0.25021569494155643,1.5822066015822798
2026-08-18T06:26:46.621+00:00,1787034406.6211948,194218.6203637,10.459814800007734,371,194218.5314123,5.687699973350391,83.1960000214167,2,1,1,4,1,0.0,1,estabilizada,1,1,1,801.5,355.5,0.7260070443153381,0.7256108522415161,0.7154714416519983,0.6701033166525177,0.7026101916519982,0.6586588166525177,-2.9224723896657316,0.7322791246837645,0.6677394125913698,-2.9754322304075917,0.0,0.5407903766977356,-0.25021569494155643,1.5822066015822798
2026-08-18T06:26:46.621+00:00,1787034406.6211948,194218.6203763,10.459827400016366,371,194218.5314123,5.687699973350391,83.1960000214167,3,1,1,4,1,0.0,1,estabilizada,1,1,1,446.75,275.25,0.14101913571357727,0.8920665979385376,0.163759156929892,0.8270906294042144,0.15089790692989202,0.8156461294042144,0.023679028331059056,0.15134877285894743,0.8157940822863979,0.044921490213773306,0.0,0.5407903766977356,-0.25021569494155643,1.5822066015822798
2026-08-18T06:26:46.621+00:00,1787034406.6211948,194218.6203886,10.459839699993609,371,194218.5314123,5.687699973350391,83.1960000214167,10,0,0,4,1,0.0,1,estabilizada,1,1,1,,,,,,,,,,,,,nan,0.5407903766977356,-0.25021569494155643,1.5822066015822798
2026-08-18T06:26:46.772+00:00,1787034406.7724545,194218.7713125,10.610763600008795,375,194218.6645009,25.912100012646988,80.87169998907484,1,0,0,4,1,0.0,1,estabilizada,1,1,1,,,,,,,,,,,,,nan,0.540787929804196,-0.2502087118651262,1.5822129411751844
2026-08-18T06:26:46.772+00:00,1787034406.7724545,194218.7713571,10.610808199999155,375,194218.6645009,25.912100012646988,80.87169998907484,2,1,1,4,1,0.0,1,estabilizada,1,1,1,796.5,358.0,0.717498242855072,0.7210285663604736,0.7074465438955335,0.6657823016096749,0.6945852938955335,0.6543378016096749,-2.8487499545997834,0.7273846309180808,0.6662213186792137,-2.9658886729520457,0.0,0.540787929804196,-0.2502087118651262,1.5822129411751844
2026-08-18T06:26:46.772+00:00,1787034406.7724545,194218.7713708,10.610821900016163,375,194218.6645009,25.912100012646988,80.87169998907484,3,1,1,4,1,0.0,1,estabilizada,1,1,1,447.0,275.0,0.14139509201049805,0.8925658464431763,0.1641134976473111,0.8275621370364286,0.1512522476473111,0.8161176370364286,0.06108995125881448,0.15134877285894743,0.8157940822863979,0.044921490213773306,0.0,0.540787929804196,-0.2502087118651262,1.5822129411751844
2026-08-18T06:26:46.772+00:00,1787034406.7724545,194218.7713819,10.610833000013372,375,194218.6645009,25.912100012646988,80.87169998907484,10,0,0,4,1,0.0,1,estabilizada,1,1,1,,,,,,,,,,,,,nan,0.540787929804196,-0.2502087118651262,1.5822129411751844
2026-08-18T06:26:46.905+00:00,1787034406.9059072,194218.9052058,10.744656900002155,379,194218.8024236,27.11190000991337,75.64550000824966,1,0,0,4,1,0.0,1,estabilizada,1,1,1,,,,,,,,,,,,,nan,0.5407839033410441,-0.2502024646506248,1.5822195859273893
2026-08-18T06:26:46.905+00:00,1787034406.9059072,194218.9052486,10.744699700007914,379,194218.8024236,27.11190000991337,75.64550000824966,2,1,1,4,1,0.0,1,estabilizada,1,1,1,791.0,360.0,0.7082502841949463,0.717418372631073,0.6987244418839897,0.6623780507124759,0.6858631918839897,0.6509335507124759,-2.789183368065386,0.7122063321699981,0.6610163893024011,-2.9281353121352627,0.0,0.5407839033410441,-0.2502024646506248,1.5822195859273893
2026-08-18T06:26:46.905+00:00,1787034406.9059072,194218.9052604,10.744711500010453,379,194218.8024236,27.11190000991337,75.64550000824966,3,1,1,4,1,0.0,1,estabilizada,1,1,1,447.0,275.0,0.1413951963186264,0.8925679326057434,0.16411327157930466,0.8275647328805992,0.15125202157930467,0.8161202328805992,0.06108855312520145,0.15134877285894743,0.8157940822863979,0.044921490213773306,0.0,0.5407839033410441,-0.2502024646506248,1.5822195859273893
2026-08-18T06:26:46.905+00:00,1787034406.9059072,194218.9052719,10.744723000010708,379,194218.8024236,27.11190000991337,75.64550000824966,10,0,0,4,1,0.0,1,estabilizada,1,1,1,,,,,,,,,,,,,nan,0.5407839033410441,-0.2502024646506248,1.5822195859273893
2026-08-18T06:26:47.055+00:00,1787034407.0552664,194219.0544647,10.893915799999377,384,194218.9660675,3.1316000095102936,85.21149997250177,1,0,0,4,1,0.0,1,estabilizada,1,1,1,,,,,,,,,,,,,nan,0.5407777448794047,-0.25019789786063096,1.5822249232049732
2026-08-18T06:26:47.055+00:00,1787034407.0552664,194219.0545314,10.893982500012498,384,194218.9660675,3.1316000095102936,85.21149997250177,2,1,1,4,1,0.0,1,estabilizada,1,1,1,785.0,363.5,0.6980429291725159,0.7110069394111633,0.6890973826962855,0.6563317575923678,0.6762361326962856,0.6448872575923679,-2.702826402597665,0.6992087012159119,0.6558877308820981,-2.8665968608178067,0.0,0.5407777448794047,-0.25019789786063096,1.5822249232049732
2026-08-18T06:26:47.055+00:00,1787034407.0552664,194219.0545542,10.894005300011486,384,194218.9660675,3.1316000095102936,85.21149997250177,3,1,1,4,1,0.0,1,estabilizada,1,1,1,447.0,275.0,0.14139558374881744,0.8925700783729553,0.1641132100322813,0.8275672356338266,0.1512519600322813,0.8161227356338266,0.061086040186004345,0.15134877285894743,0.8157940822863979,0.044921490213773306,0.0,0.5407777448794047,-0.25019789786063096,1.5822249232049732
2026-08-18T06:26:47.055+00:00,1787034407.0552664,194219.0545723,10.894023400003789,384,194218.9660675,3.1316000095102936,85.21149997250177,10,0,0,4,1,0.0,1,estabilizada,1,1,1,,,,,,,,,,,,,nan,0.5407777448794047,-0.25019789786063096,1.5822249232049732
2026-08-18T06:26:47.205+00:00,1787034407.2051115,194219.2038658,11.043316900002537,388,194219.0984148,18.26679997611791,87.15370000572875,1,0,0,4,1,0.0,1,estabilizada,1,1,1,,,,,,,,,,,,,nan,0.5407711924353269,-0.2501961199963313,1.5822286488691688
2026-08-18T06:26:47.205+00:00,1787034407.2051115,194219.2039252,11.04337630001828,388,194219.0984148,18.26679997611791,87.15370000572875,2,1,1,4,1,0.0,1,estabilizada,1,1,1,780.75,366.5,0.6907816529273987,0.7055022120475769,0.6822487892013274,0.6511403788539827,0.6693875392013273,0.6396958788539827,-2.6350818559492852,0.6884424916195169,0.6507013023200884,-2.8003912349219235,0.0,0.5407711924353269,-0.2501961199963313,1.5822286488691688
2026-08-18T06:26:47.205+00:00,1787034407.2051115,194219.2039568,11.043407899996964,388,194219.0984148,18.26679997611791,87.15370000572875,3,1,1,4,1,0.0,1,estabilizada,1,1,1,446.75,275.0,0.1409837007522583,0.892578125,0.163724329470612,0.8275750787442157,0.150863079470612,0.8161305787442157,0.06342434417976088,0.15134877285894743,0.8157940822863979,0.044921490213773306,0.0,0.5407711924353269,-0.2501961199963313,1.5822286488691688
2026-08-18T06:26:47.205+00:00,1787034407.2051115,194219.2039723,11.043423399998574,388,194219.0984148,18.26679997611791,87.15370000572875,10,0,0,4,1,0.0,1,estabilizada,1,1,1,,,,,,,,,,,,,nan,0.5407711924353269,-0.2501961199963313,1.5822286488691688
2026-08-18T06:26:47.351+00:00,1787034407.3515022,194219.3504638,11.18991489999462,393,194219.2645889,6.885700015118346,78.9628999773413,1,0,0,4,1,0.0,1,estabilizada,1,1,1,,,,,,,,,,,,,nan,0.5407662056061561,-0.250197422500462,1.582229776867183
2026-08-18T06:26:47.351+00:00,1787034407.3515022,194219.3505151,11.189966200006893,393,194219.2645889,6.885700015118346,78.9628999773413,2,1,1,4,1,0.0,1,estabilizada,1,1,1,776.0,370.25,0.682651937007904,0.6986272931098938,0.6745812281811233,0.6446564820093641,0.6617199781811234,0.6332119820093641,-2.6034038879790247,0.6832017032715534,0.6476161150462597,-2.76706087068735,0.0,0.5407662056061561,-0.250197422500462,1.582229776867183
2026-08-18T06:26:47.351+00:00,1787034407.3515022,194219.350539,11.189990100014256,393,194219.2645889,6.885700015118346,78.9628999773413,3,1,1,4,1,0.0,1,estabilizada,1,1,1,447.0,275.0,0.14139693975448608,0.8925746083259583,0.16411376284311358,0.8275717343577917,0.15125251284311358,0.8161272343577918,0.06108101438775923,0.15134877285894743,0.8157940822863979,0.044921490213773306,0.0,0.5407662056061561,-0.250197422500462,1.582229776867183
2026-08-18T06:26:47.351+00:00,1787034407.3515022,194219.3505503,11.190001400012989,393,194219.2645889,6.885700015118346,78.9628999773413,10,0,0,4,1,0.0,1,estabilizada,1,1,1,,,,,,,,,,,,,nan,0.5407662056061561,-0.250197422500462,1.582229776867183
2026-08-18T06:26:47.489+00:00,1787034407.4896867,194219.488542,11.327993100014282,397,194219.3977662,12.195499992230907,78.55460001155734,1,0,0,4,1,0.0,1,estabilizada,1,1,1,,,,,,,,,,,,,nan,0.5407641460129233,-0.2501985674125795,1.5822313318425087
2026-08-18T06:26:47.489+00:00,1787034407.4896867,194219.4885929,11.328043999994406,397,194219.3977662,12.195499992230907,78.55460001155734,2,1,1,4,1,0.0,1,estabilizada,1,1,1,772.25,372.25,0.676349937915802,0.6950106024742126,0.6686375882576461,0.6412455027837971,0.655776338257646,0.6298010027837971,-2.603349633733718,0.6796831866218145,0.6454842017838319,-2.738943092019975,0.0,0.5407641460129233,-0.2501985674125795,1.5822313318425087
2026-08-18T06:26:47.489+00:00,1787034407.4896867,194219.4886096,11.328060700005153,397,194219.3977662,12.195499992230907,78.55460001155734,3,1,1,4,1,0.0,1,estabilizada,1,1,1,447.0,275.25,0.1414339244365692,0.892073929309845,0.16414850429514155,0.8270995335713265,0.15128725429514156,0.8156550335713265,0.02366523072158735,0.15134877285894743,0.8157940822863979,0.044921490213773306,0.0,0.5407641460129233,-0.2501985674125795,1.5822313318425087
2026-08-18T06:26:47.489+00:00,1787034407.4896867,194219.4886228,11.328073900018353,397,194219.3977662,12.195499992230907,78.55460001155734,10,0,0,4,1,0.0,1,estabilizada,1,1,1,,,,,,,,,,,,,nan,0.5407641460129233,-0.2501985674125795,1.5822313318425087
2026-08-18T06:26:47.633+00:00,1787034407.6337209,194219.6326653,11.47211640002206,401,194219.5310709,19.927999994251877,81.64049999322742,1,0,0,4,1,0.0,1,estabilizada,1,1,1,,,,,,,,,,,,,nan,0.540763844733267,-0.25019648234171543,1.5822332943756006
2026-08-18T06:26:47.633+00:00,1787034407.6337209,194219.6327084,11.472159500000998,401,194219.5310709,19.927999994251877,81.64049999322742,2,1,1,4,1,0.0,1,estabilizada,1,1,1,768.5,374.25,0.6700612902641296,0.6914016604423523,0.6627066415286094,0.6378420285272568,0.6498453915286093,0.6263975285272568,-2.6846270776047683,0.6692842649467605,0.6385643021076168,-2.6997624931280475,0.0,0.540763844733267,-0.25019648234171543,1.5822332943756006
2026-08-18T06:26:47.633+00:00,1787034407.6337209,194219.632874,11.472325100010494,401,194219.5310709,19.927999994251877,81.64049999322742,3,1,1,4,1,0.0,1,estabilizada,1,1,1,447.0,275.0,0.14139868319034576,0.8925792574882507,0.16411522231680065,0.827576317055699,0.15125397231680066,0.816131817055699,0.061075073832338365,0.15134877285894743,0.8157940822863979,0.044921490213773306,0.0,0.540763844733267,-0.25019648234171543,1.5822332943756006
2026-08-18T06:26:47.633+00:00,1787034407.6337209,194219.6329098,11.472360900021158,401,194219.5310709,19.927999994251877,81.64049999322742,10,0,0,4,1,0.0,1,estabilizada,1,1,1,,,,,,,,,,,,,nan,0.540763844733267,-0.25019648234171543,1.5822332943756006
2026-08-18T06:26:47.768+00:00,1787034407.768871,194219.7683667,11.607817800017074,405,194219.6663097,23.325799993472174,78.70539999566972,1,0,0,4,1,0.0,1,estabilizada,1,1,1,,,,,,,,,,,,,nan,0.5407661885588104,-0.25019262400207987,1.5822357114436854
2026-08-18T06:26:47.768+00:00,1787034407.768871,194219.7684085,11.607859600015217,405,194219.6663097,23.325799993472174,78.70539999566972,2,1,1,4,1,0.0,1,estabilizada,1,1,1,765.5,376.75,0.6649567484855652,0.686846911907196,0.6578925984903603,0.633546662379339,0.6450313484903603,0.622102162379339,-2.669139523949508,0.6603621810363143,0.6328752035590028,-2.690479618005048,0.0,0.5407661885588104,-0.25019262400207987,1.5822357114436854
2026-08-18T06:26:47.768+00:00,1787034407.768871,194219.7684223,11.607873400003882,405,194219.6663097,23.325799993472174,78.70539999566972,3,1,1,4,1,0.0,1,estabilizada,1,1,1,447.0,275.25,0.14143574237823486,0.8920786380767822,0.16415027213907513,0.8271044924146954,0.15128902213907514,0.8156599924146954,0.02365959701944768,0.15134877285894743,0.8157940822863979,0.044921490213773306,0.0,0.5407661885588104,-0.25019262400207987,1.5822357114436854
2026-08-18T06:26:47.768+00:00,1787034407.768871,194219.768435,11.607886100013275,405,194219.6663097,23.325799993472174,78.70539999566972,10,0,0,4,1,0.0,1,estabilizada,1,1,1,,,,,,,,,,,,,nan,0.5407661885588104,-0.25019262400207987,1.5822357114436854
2026-08-18T06:26:47.913+00:00,1787034407.9132512,194219.9124523,11.75190339999972,410,194219.8308877,2.0718000014312565,79.46460001403466,1,0,0,4,1,0.0,1,estabilizada,1,1,1,,,,,,,,,,,,,nan,0.5407703749465114,-0.2501881143280039,1.582238101196235
2026-08-18T06:26:47.913+00:00,1787034407.9132512,194219.9124947,11.751945800002431,410,194219.8308877,2.0718000014312565,79.46460001403466,2,1,1,4,1,0.0,1,estabilizada,1,1,1,760.25,379.0,0.6562414765357971,0.68284010887146,0.6496733126575676,0.629768109136107,0.6368120626575675,0.6183236091361071,-2.7466542906699396,0.6562746673267176,0.6300069370291597,-2.690479618005048,0.0,0.5407703749465114,-0.2501881143280039,1.582238101196235
2026-08-18T06:26:47.913+00:00,1787034407.9132512,194219.9125078,11.75195890001487,410,194219.8308877,2.0718000014312565,79.46460001403466,3,1,1,4,1,0.0,1,estabilizada,1,1,1,447.0,275.0,0.1414002776145935,0.8925843834877014,0.16411702848331428,0.8275818249437913,0.15125577848331428,0.8161373249437913,0.061070239823517745,0.15134877285894743,0.8157940822863979,0.044921490213773306,0.0,0.5407703749465114,-0.2501881143280039,1.582238101196235
2026-08-18T06:26:47.913+00:00,1787034407.9132512,194219.9125208,11.751971899997443,410,194219.8308877,2.0718000014312565,79.46460001403466,10,0,0,4,1,0.0,1,estabilizada,1,1,1,,,,,,,,,,,,,nan,0.5407703749465114,-0.2501881143280039,1.582238101196235
2026-08-18T06:26:48.072+00:00,1787034408.072761,194220.0715819,11.91103300001123,414,194219.9660339,9.116799978073686,96.40430001309142,1,0,0,4,1,0.0,1,estabilizada,1,1,1,,,,,,,,,,,,,nan,0.5407768178906334,-0.25018396497345646,1.5822400443099147
2026-08-18T06:26:48.072+00:00,1787034408.072761,194220.0716269,11.911078000004636,414,194219.9660339,9.116799978073686,96.40430001309142,2,1,1,4,1,0.0,1,estabilizada,1,1,1,755.25,381.25,0.647952139377594,0.6788351535797119,0.6418558590005963,0.6259912624328081,0.6289946090005962,0.6145467624328081,-2.7592768601748014,0.648881821580717,0.6254435438429038,-2.690479618005048,0.0,0.5407768178906334,-0.25018396497345646,1.5822400443099147
2026-08-18T06:26:48.072+00:00,1787034408.072761,194220.0716436,11.911094700015383,414,194219.9660339,9.116799978073686,96.40430001309142,3,1,1,4,1,0.0,1,estabilizada,1,1,1,447.0,275.0,0.14140091836452484,0.8925871253013611,0.16411797137213374,0.8275847266485126,0.15125672137213375,0.8161402266485126,0.06106673721865099,0.15134877285894743,0.8157940822863979,0.044921490213773306,0.0,0.5407768178906334,-0.25018396497345646,1.5822400443099147
2026-08-18T06:26:48.072+00:00,1787034408.072761,194220.0716572,11.911108300002525,414,194219.9660339,9.116799978073686,96.40430001309142,10,0,0,4,1,0.0,1,estabilizada,1,1,1,,,,,,,,,,,,,nan,0.5407768178906334,-0.25018396497345646,1.5822400443099147
2026-08-18T06:26:48.256+00:00,1787034408.2567246,194220.2561538,12.095604900008766,419,194220.1335846,12.09000000380911,110.39940000046045,1,0,0,4,1,0.0,1,estabilizada,1,1,1,,,,,,,,,,,,,nan,0.5407858906584603,-0.25018108910244785,1.5822411579801148
2026-08-18T06:26:48.256+00:00,1787034408.2567246,194220.2563017,12.0957527999999,419,194220.1335846,12.09000000380911,110.39940000046045,2,1,1,4,1,0.0,1,estabilizada,1,1,1,749.5,384.0,0.6384308934211731,0.6739413738250732,0.6328767146511916,0.6213760482146252,0.6200154646511915,0.6099315482146253,-2.7467961919949295,0.6397186762686391,0.619999204142143,-2.700522185485582,0.0,0.5407858906584603,-0.25018108910244785,1.5822411579801148
2026-08-18T06:26:48.257+00:00,1787034408.2577212,194220.2565416,12.09599270002218,419,194220.1335846,12.09000000380911,110.39940000046045,3,1,1,4,1,0.0,1,estabilizada,1,1,1,447.0,275.25,0.14143763482570648,0.8920867443084717,0.16415309943340922,0.8271130173336139,0.15129184943340923,0.8156685173336139,0.023651691919147573,0.15134877285894743,0.8157940822863979,0.044921490213773306,0.0,0.5407858906584603,-0.25018108910244785,1.5822411579801148
2026-08-18T06:26:48.257+00:00,1787034408.2577212,194220.2565944,12.096045500016771,419,194220.1335846,12.09000000380911,110.39940000046045,10,0,0,4,1,0.0,1,estabilizada,1,1,1,,,,,,,,,,,,,nan,0.5407858906584603,-0.25018108910244785,1.5822411579801148
2026-08-18T06:26:48.481+00:00,1787034408.48192,194220.4807496,12.320200700021815,425,194220.3333328,19.716300012078136,127.67049999092706,1,0,0,4,1,0.0,1,estabilizada,1,1,1,,,,,,,,,,,,,nan,0.5407972272528396,-0.25017744845425005,1.5822424024976223
2026-08-18T06:26:48.481+00:00,1787034408.48192,194220.4808575,12.320308599999407,425,194220.3333328,19.716300012078136,127.67049999092706,2,1,1,4,1,0.0,1,estabilizada,1,1,1,742.25,387.25,0.6264816522598267,0.6681913137435913,0.6216078110339464,0.6159533074385303,0.6087465610339464,0.6045088074385303,-2.780634137662405,0.6247193920275962,0.6121283372278514,-2.728651263447617,0.0,0.5407972272528396,-0.25017744845425005,1.5822424024976223
2026-08-18T06:26:48.481+00:00,1787034408.48192,194220.4808744,12.320325500011677,425,194220.3333328,19.716300012078136,127.67049999092706,3,1,1,4,1,0.0,1,estabilizada,1,1,1,447.0,275.0,0.1414017677307129,0.8925927877426147,0.1641198994785728,0.8275905345509629,0.15125864947857282,0.8161460345509629,0.0610619532964522,0.15134877285894743,0.8157940822863979,0.044921490213773306,0.0,0.5407972272528396,-0.25017744845425005,1.5822424024976223
2026-08-18T06:26:48.481+00:00,1787034408.48192,194220.4808883,12.320339400001103,425,194220.3333328,19.716300012078136,127.67049999092706,10,0,0,4,1,0.0,1,estabilizada,1,1,1,,,,,,,,,,,,,nan,0.5407972272528396,-0.25017744845425005,1.5822424024976223
2026-08-18T06:26:48.630+00:00,1787034408.6309857,194220.6302645,12.46971560001839,431,194220.531544,16.637399996398017,82.03770002000965,1,0,0,4,1,0.0,1,estabilizada,1,1,1,,,,,,,,,,,,,nan,0.5408077609437352,-0.2501761596444028,1.5822416938366766
2026-08-18T06:26:48.630+00:00,1787034408.6309857,194220.6303482,12.469799300015438,431,194220.531544,16.637399996398017,82.03770002000965,2,1,1,4,1,0.0,1,estabilizada,1,1,1,736.0,390.25,0.6162007451057434,0.6628873944282532,0.6119122924622491,0.6109511319807148,0.599051042462249,0.5995066319807149,-2.846756406901488,0.620641002673408,0.6100223351493701,-2.7406914386122323,0.0,0.5408077609437352,-0.2501761596444028,1.5822416938366766
2026-08-18T06:26:48.630+00:00,1787034408.6309857,194220.6303807,12.469831800000975,431,194220.531544,16.637399996398017,82.03770002000965,3,1,1,4,1,0.0,1,estabilizada,1,1,1,447.0,275.25,0.1414385437965393,0.892092764377594,0.16415519301849935,0.8271189973719373,0.15129394301849936,0.8156744973719373,0.02364607776896524,0.15134877285894743,0.8157940822863979,0.044921490213773306,0.0,0.5408077609437352,-0.2501761596444028,1.5822416938366766
2026-08-18T06:26:48.630+00:00,1787034408.6309857,194220.6303941,12.469845200015698,431,194220.531544,16.637399996398017,82.03770002000965,10,0,0,4,1,0.0,1,estabilizada,1,1,1,,,,,,,,,,,,,nan,0.5408077609437352,-0.2501761596444028,1.5822416938366766
2026-08-18T06:26:48.797+00:00,1787034408.797394,194220.7970792,12.63653030002024,436,194220.6975563,6.208100006915629,93.288100004429,1,0,0,4,1,0.0,1,estabilizada,1,1,1,,,,,,,,,,,,,nan,0.5408184629124849,-0.25017615262223075,1.5822402091213308
2026-08-18T06:26:48.798+00:00,1787034408.798396,194220.797143,12.63659410001128,436,194220.6975563,6.208100006915629,93.288100004429,2,1,1,4,1,0.0,1,estabilizada,1,1,1,730.75,391.75,0.6076586842536926,0.6603132486343384,0.6038567205025316,0.6085233588055383,0.5909954705025315,0.5970788588055383,-2.8368931051561117,0.6125982592229662,0.6060740212353957,-2.7633749984775164,0.0,0.5408184629124849,-0.25017615262223075,1.5822402091213308
2026-08-18T06:26:48.798+00:00,1787034408.798396,194220.7971614,12.636612500005867,436,194220.6975563,6.208100006915629,93.288100004429,3,1,1,4,1,0.0,1,estabilizada,1,1,1,447.0,275.0,0.14140278100967407,0.8925990462303162,0.1641220945273199,0.8275964206467803,0.15126084452731992,0.8161519206467803,0.061054981553655,0.15134877285894743,0.8157940822863979,0.044921490213773306,0.0,0.5408184629124849,-0.25017615262223075,1.5822402091213308
2026-08-18T06:26:48.798+00:00,1787034408.798396,194220.7971743,12.636625400016783,436,194220.6975563,6.208100006915629,93.288100004429,10,0,0,4,1,0.0,1,estabilizada,1,1,1,,,,,,,,,,,,,nan,0.5408184629124849,-0.25017615262223075,1.5822402091213308
2026-08-18T06:26:48.953+00:00,1787034408.954856,194220.9535012,12.79295230002026,440,194220.8331512,25.836899993009865,94.33409999473952,1,0,0,4,1,0.0,1,estabilizada,1,1,1,,,,,,,,,,,,,nan,0.5408284988657586,-0.2501805946204417,1.5822354228944864
2026-08-18T06:26:48.954+00:00,1787034408.954856,194220.9538204,12.793271500006085,440,194220.8331512,25.836899993009865,94.33409999473952,2,1,1,4,1,0.0,1,estabilizada,1,1,1,727.25,393.5,0.6019247174263,0.657228410243988,0.5984494699436026,0.6056135814668644,0.5855882199436027,0.5941690814668644,-2.851560114491818,0.5948244150792051,0.5983553119673677,-2.816167433268656,0.0,0.5408284988657586,-0.2501805946204417,1.5822354228944864
2026-08-18T06:26:48.954+00:00,1787034408.954856,194220.9538567,12.793307800020557,440,194220.8331512,25.836899993009865,94.33409999473952,3,1,1,4,1,0.0,1,estabilizada,1,1,1,447.0,275.0,0.14140334725379944,0.892602264881134,0.1641232681485762,0.8275990069165318,0.1512620181485762,0.8161545069165318,0.06105368359439895,0.15134877285894743,0.8157940822863979,0.044921490213773306,0.0,0.5408284988657586,-0.2501805946204417,1.5822354228944864
2026-08-18T06:26:48.954+00:00,1787034408.954856,194220.9538757,12.793326800019713,440,194220.8331512,25.836899993009865,94.33409999473952,10,0,0,4,1,0.0,1,estabilizada,1,1,1,,,,,,,,,,,,,nan,0.5408284988657586,-0.2501805946204417,1.5822354228944864
2026-08-18T06:26:49.141+00:00,1787034409.1419816,194221.1414239,12.980875000008382,445,194221.0010311,31.049300014274195,109.22139999456704,1,0,0,4,1,0.0,1,estabilizada,1,1,1,,,,,,,,,,,,,nan,0.5408342901589251,-0.2501851038718298,1.5822307547017544
2026-08-18T06:26:49.142+00:00,1787034409.1429863,194221.142261,12.981712100008735,445,194221.0010311,31.049300014274195,109.22139999456704,2,1,1,4,1,0.0,1,estabilizada,1,1,1,722.0,395.25,0.5933959484100342,0.6542074680328369,0.5904061511073698,0.602764066854124,0.5775449011073699,0.591319566854124,-2.9137591357241424,0.5925170375037969,0.5972909825442495,-2.8287982040428887,0.0,0.5408342901589251,-0.2501851038718298,1.5822307547017544
2026-08-18T06:26:49.142+00:00,1787034409.1429863,194221.1423781,12.981829199998174,445,194221.0010311,31.049300014274195,109.22139999456704,3,1,1,4,1,0.0,1,estabilizada,1,1,1,447.0,275.0,0.14140412211418152,0.8926050066947937,0.16412439538481655,0.8276011444924166,0.15126314538481656,0.8161566444924166,0.06105131252598737,0.15134877285894743,0.8157940822863979,0.044921490213773306,0.0,0.5408342901589251,-0.2501851038718298,1.5822307547017544
2026-08-18T06:26:49.142+00:00,1787034409.1429863,194221.1424004,12.981851499993354,445,194221.0010311,31.049300014274195,109.22139999456704,10,0,0,4,1,0.0,1,estabilizada,1,1,1,,,,,,,,,,,,,nan,0.5408342901589251,-0.2501851038718298,1.5822307547017544
2026-08-18T06:26:49.302+00:00,1787034409.3026175,194221.3022077,13.141658800013829,451,194221.2061701,10.701200022595003,85.31209998182021,1,0,0,4,1,0.0,1,estabilizada,1,1,1,,,,,,,,,,,,,nan,0.5408394551272049,-0.2501871064305383,1.5822279417946832
2026-08-18T06:26:49.302+00:00,1787034409.3026175,194221.3022511,13.141702199995052,451,194221.2061701,10.701200022595003,85.31209998182021,2,1,1,4,1,0.0,1,estabilizada,1,1,1,715.75,396.0,0.5833390355110168,0.653049111366272,0.5809215821634262,0.6016713942533343,0.5680603321634261,0.5902268942533343,-2.9936801434368854,0.5875641365358537,0.5952362974976321,-2.8585080355869357,0.0,0.5408394551272049,-0.2501871064305383,1.5822279417946832
2026-08-18T06:26:49.302+00:00,1787034409.3026175,194221.3022636,13.141714700002922,451,194221.2061701,10.701200022595003,85.31209998182021,3,1,1,4,1,0.0,1,estabilizada,1,1,1,447.0,275.0,0.14140494167804718,0.8926076292991638,0.16412550251560132,0.8276033884443277,0.15126425251560133,0.8161588884443277,0.061047885008371924,0.15134877285894743,0.8157940822863979,0.044921490213773306,0.0,0.5408394551272049,-0.2501871064305383,1.5822279417946832
2026-08-18T06:26:49.302+00:00,1787034409.3026175,194221.302277,13.141728100017644,451,194221.2061701,10.701200022595003,85.31209998182021,10,0,0,4,1,0.0,1,estabilizada,1,1,1,,,,,,,,,,,,,nan,0.5408394551272049,-0.2501871064305383,1.5822279417946832
2026-08-18T06:26:49.447+00:00,1787034409.4471738,194221.4464961,13.28594719999819,456,194221.3641553,5.711200006771833,76.57770000514574,1,0,0,4,1,0.0,1,estabilizada,1,1,1,,,,,,,,,,,,,nan,0.5408423150855053,-0.2501862500865757,1.5822266673152614
2026-08-18T06:26:49.447+00:00,1787034409.4471738,194221.446556,13.286007100017741,456,194221.3641553,5.711200006771833,76.57770000514574,2,1,1,4,1,0.0,1,estabilizada,1,1,1,710.5,397.75,0.5748419761657715,0.6500368714332581,0.5729080121134426,0.5988305034643369,0.5600467621134426,0.5873860034643369,-2.954633030690761,0.5737350676011139,0.5913793671750341,-2.9163110466445343,0.0,0.5408423150855053,-0.2501862500865757,1.5822266673152614
2026-08-18T06:26:49.447+00:00,1787034409.4471738,194221.4465743,13.286025400011567,456,194221.3641553,5.711200006771833,76.57770000514574,3,1,1,4,1,0.0,1,estabilizada,1,1,1,447.0,275.0,0.14140522480010986,0.8926095366477966,0.1641259505142611,0.8276051836491121,0.1512647005142611,0.8161606836491121,0.061047768439525966,0.15134877285894743,0.8157940822863979,0.044921490213773306,0.0,0.5408423150855053,-0.2501862500865757,1.5822266673152614
2026-08-18T06:26:49.447+00:00,1787034409.4471738,194221.4466067,13.286057799996343,456,194221.3641553,5.711200006771833,76.57770000514574,10,0,0,4,1,0.0,1,estabilizada,1,1,1,,,,,,,,,,,,,nan,0.5408423150855053,-0.2501862500865757,1.5822266673152614
2026-08-18T06:26:49.603+00:00,1787034409.6031685,194221.6026794,13.442130500014173,460,194221.4980918,14.779399993130937,89.72970000468194,1,0,0,4,1,0.0,1,estabilizada,1,1,1,,,,,,,,,,,,,nan,0.5408452994246042,-0.25018543881874505,1.5822251941315575
2026-08-18T06:26:49.603+00:00,1787034409.6031685,194221.6028063,13.442257400020026,460,194221.4980918,14.779399993130937,89.72970000468194,2,1,1,4,1,0.0,1,estabilizada,1,1,1,706.5,398.75,0.5683959722518921,0.6483525037765503,0.566828837204585,0.5972419443356338,0.553967587204585,0.5857974443356339,-3.027199823605569,0.5679708622199374,0.5894204906837259,-2.9476747837817143,0.0,0.5408452994246042,-0.25018543881874505,1.5822251941315575
2026-08-18T06:26:49.603+00:00,1787034409.6031685,194221.6028378,13.442288899997948,460,194221.4980918,14.779399993130937,89.72970000468194,3,1,1,4,1,0.0,1,estabilizada,1,1,1,447.0,275.0,0.14140532910823822,0.8926115036010742,0.16412623979895996,0.8276070243403097,0.15126498979895997,0.8161625243403098,0.061045455688079835,0.15134877285894743,0.8157940822863979,0.044921490213773306,0.0,0.5408452994246042,-0.25018543881874505,1.5822251941315575
2026-08-18T06:26:49.603+00:00,1787034409.6031685,194221.6028536,13.442304700001841,460,194221.4980918,14.779399993130937,89.72970000468194,10,0,0,4,1,0.0,1,estabilizada,1,1,1,,,,,,,,,,,,,nan,0.5408452994246042,-0.25018543881874505,1.5822251941315575
2026-08-18T06:26:49.746+00:00,1787034409.7467172,194221.7456511,13.585102200013353,464,194221.6320295,36.125199985690415,77.47050002217293,1,0,0,4,1,0.0,1,estabilizada,1,1,1,,,,,,,,,,,,,nan,0.5408454019602458,-0.2501850440107895,1.5822231350329674
2026-08-18T06:26:49.746+00:00,1787034409.7467172,194221.7456951,13.585146199999144,464,194221.6320295,36.125199985690415,77.47050002217293,2,1,1,4,1,0.0,1,estabilizada,1,1,1,702.75,400.25,0.5623341202735901,0.6457534432411194,0.5611117992207756,0.594790679477087,0.5482505492207757,0.583346179477087,-2.9887348369897686,0.5645134852734996,0.5885259687303945,-2.95881692935659,0.0,0.5408454019602458,-0.2501850440107895,1.5822231350329674
2026-08-18T06:26:49.746+00:00,1787034409.7467172,194221.7457077,13.585158800007775,464,194221.6320295,36.125199985690415,77.47050002217293,3,1,1,4,1,0.0,1,estabilizada,1,1,1,447.0,275.0,0.14140567183494568,0.8926132917404175,0.1641265984320201,0.8276086486276333,0.1512653484320201,0.8161641486276333,0.06104424103514166,0.15134877285894743,0.8157940822863979,0.044921490213773306,0.0,0.5408454019602458,-0.2501850440107895,1.5822231350329674
2026-08-18T06:26:49.746+00:00,1787034409.7467172,194221.7457199,13.58517100001336,464,194221.6320295,36.125199985690415,77.47050002217293,10,0,0,4,1,0.0,1,estabilizada,1,1,1,,,,,,,,,,,,,nan,0.5408454019602458,-0.2501850440107895,1.5822231350329674
2026-08-18T06:26:49.897+00:00,1787034409.8971825,194221.8959255,13.735376600001473,469,194221.7976161,17.39540000562556,80.88789999601431,1,0,0,4,1,0.0,1,estabilizada,1,1,1,,,,,,,,,,,,,nan,0.5408454415118942,-0.2501839432382732,1.5822211983370456
2026-08-18T06:26:49.897+00:00,1787034409.8971825,194221.8959694,13.735420500015607,469,194221.7976161,17.39540000562556,80.88789999601431,2,1,1,4,1,0.0,1,estabilizada,1,1,1,697.0,399.75,0.5531771183013916,0.6468565464019775,0.5524756671312131,0.5958310360924989,0.5396144171312132,0.5843865360924989,-3.0949302338432716,0.5537421985474874,0.5858820285212523,-2.994948616919627,0.0,0.5408454415118942,-0.2501839432382732,1.5822211983370456
2026-08-18T06:26:49.897+00:00,1787034409.8971825,194221.895982,13.735433099995134,469,194221.7976161,17.39540000562556,80.88789999601431,3,1,1,4,1,0.0,1,estabilizada,1,1,1,447.0,275.0,0.14140616357326508,0.8926153182983398,0.16412709226026567,0.827610542956943,0.15126584226026568,0.8161660429569431,0.06104301806136841,0.15134877285894743,0.8157940822863979,0.044921490213773306,0.0,0.5408454415118942,-0.2501839432382732,1.5822211983370456
2026-08-18T06:26:49.897+00:00,1787034409.8971825,194221.8959946,13.735445700003766,469,194221.7976161,17.39540000562556,80.88789999601431,10,0,0,4,1,0.0,1,estabilizada,1,1,1,,,,,,,,,,,,,nan,0.5408454415118942,-0.2501839432382732,1.5822211983370456
2026-08-18T06:26:50.052+00:00,1787034410.0521276,194222.0509862,13.890437299996847,473,194221.9314571,24.54119999310933,94.95890000835061,1,0,0,4,1,0.0,1,estabilizada,1,1,1,,,,,,,,,,,,,nan,0.5408482780545415,-0.2501791808410406,1.5822229807554478
2026-08-18T06:26:50.052+00:00,1787034410.0521276,194222.0511516,13.89060270000482,473,194221.9314571,24.54119999310933,94.95890000835061,2,1,1,4,1,0.0,1,estabilizada,1,1,1,692.75,401.5,0.5463255643844604,0.6438245177268982,0.5460140054097214,0.5929718036342878,0.5331527554097215,0.5815273036342878,-3.0611334143521955,0.5504803179983004,0.5852654498292726,-3.006071137946132,0.0,0.5408482780545415,-0.2501791808410406,1.5822229807554478
2026-08-18T06:26:50.052+00:00,1787034410.0521276,194222.0511898,13.890640900004655,473,194221.9314571,24.54119999310933,94.95890000835061,3,1,1,4,1,0.0,1,estabilizada,1,1,1,447.0,275.25,0.14144212007522583,0.892113983631134,0.16416113923709857,0.8271380693302243,0.15129988923709858,0.8156935693302243,0.023629161669187826,0.15134877285894743,0.8157940822863979,0.044921490213773306,0.0,0.5408482780545415,-0.2501791808410406,1.5822229807554478
2026-08-18T06:26:50.052+00:00,1787034410.0521276,194222.0512059,13.890657000010833,473,194221.9314571,24.54119999310933,94.95890000835061,10,0,0,4,1,0.0,1,estabilizada,1,1,1,,,,,,,,,,,,,nan,0.5408482780545415,-0.2501791808410406,1.5822229807554478
2026-08-18T06:26:50.194+00:00,1787034410.194143,194222.1935748,14.033025900018401,478,194222.0973205,14.93889998528175,81.27610001247376,1,0,0,4,1,0.0,1,estabilizada,1,1,1,,,,,,,,,,,,,nan,0.5408478376315526,-0.25016838029255956,1.5822296092660508
2026-08-18T06:26:50.194+00:00,1787034410.194143,194222.1936605,14.033111600001575,478,194222.0973205,14.93889998528175,81.27610001247376,2,1,1,4,1,0.0,1,estabilizada,1,1,1,687.0,402.75,0.5371156930923462,0.6417538523674011,0.5373279840307545,0.5910197487522926,0.5244667340307545,0.5795752487522926,-3.0273725219847027,0.5388433515372107,0.5827047008812296,-3.0167845517147898,0.0,0.5408478376315526,-0.25016838029255956,1.5822296092660508
2026-08-18T06:26:50.194+00:00,1787034410.194143,194222.1936764,14.03312750000623,478,194222.0973205,14.93889998528175,81.27610001247376,3,1,1,4,1,0.0,1,estabilizada,1,1,1,447.0,275.0,0.14140500128269196,0.89261794090271,0.16412601159678508,0.8276142471876848,0.1512647615967851,0.8161697471876849,0.02362908756992671,0.15134877285894743,0.8157940822863979,0.044921490213773306,0.0,0.5408478376315526,-0.25016838029255956,1.5822296092660508
2026-08-18T06:26:50.194+00:00,1787034410.194143,194222.193689,14.033140100014862,478,194222.0973205,14.93889998528175,81.27610001247376,10,0,0,4,1,0.0,1,estabilizada,1,1,1,,,,,,,,,,,,,nan,0.5408478376315526,-0.25016838029255956,1.5822296092660508
2026-08-18T06:26:50.345+00:00,1787034410.3455832,194222.3446063,14.184057400008896,483,194222.2642697,1.6892999992705882,78.61669998965226,1,0,0,4,1,0.0,1,estabilizada,1,1,1,,,,,,,,,,,,,nan,0.5408491822993776,-0.25015381017325056,1.5822389722693486
2026-08-18T06:26:50.345+00:00,1787034410.3455832,194222.344689,14.18414009999833,483,194222.2642697,1.6892999992705882,78.61669998965226,2,1,1,4,1,0.0,1,estabilizada,1,1,1,681.25,404.0,0.5279203057289124,0.6396861672401428,0.5286557185911508,0.5890708054832892,0.5157944685911509,0.5776263054832892,-3.018733784873978,0.5286460560721069,0.5803543099015699,-3.0167845517147898,0.0,0.5408491822993776,-0.25015381017325056,1.5822389722693486
2026-08-18T06:26:50.345+00:00,1787034410.3455832,194222.3447143,14.184165400016354,483,194222.2642697,1.6892999992705882,78.61669998965226,3,1,1,4,1,0.0,1,estabilizada,1,1,1,447.0,275.25,0.14143997430801392,0.8921151757240295,0.16415893734029563,0.827141293439164,0.15129768734029564,0.815696793439164,0.023627926142776874,0.15134877285894743,0.8157940822863979,0.044921490213773306,0.0,0.5408491822993776,-0.25015381017325056,1.5822389722693486
2026-08-18T06:26:50.345+00:00,1787034410.3455832,194222.3447297,14.184180800017202,483,194222.2642697,1.6892999992705882,78.61669998965226,10,0,0,4,1,0.0,1,estabilizada,1,1,1,,,,,,,,,,,,,nan,0.5408491822993776,-0.25015381017325056,1.5822389722693486
2026-08-18T06:26:50.479+00:00,1787034410.4799783,194222.4788727,14.318323800020153,487,194222.3971421,7.88809999357909,73.81490000989288,1,0,0,4,1,0.0,1,estabilizada,1,1,1,,,,,,,,,,,,,nan,0.5408496562176719,-0.2501374724512683,1.582249457667623
2026-08-18T06:26:50.479+00:00,1787034410.4799783,194222.478916,14.318367100000614,487,194222.3971421,7.88809999357909,73.81490000989288,2,1,1,4,1,0.0,1,estabilizada,1,1,1,677.25,404.25,0.5215494632720947,0.6393696069717407,0.5226472783837918,0.5887735162225108,0.5097860283837918,0.5773290162225109,-2.9988314873314152,0.5202170162279208,0.578833394110694,-3.0167845517147898,0.0,0.5408496562176719,-0.2501374724512683,1.582249457667623
2026-08-18T06:26:50.479+00:00,1787034410.4799783,194222.4789286,14.318379700009245,487,194222.3971421,7.88809999357909,73.81490000989288,3,1,1,4,1,0.0,1,estabilizada,1,1,1,447.0,275.25,0.1414383351802826,0.8921149969100952,0.16415726784868379,0.8271424846780083,0.1512960178486838,0.8156979846780084,0.023628961924413938,0.15134877285894743,0.8157940822863979,0.044921490213773306,0.0,0.5408496562176719,-0.2501374724512683,1.582249457667623
2026-08-18T06:26:50.479+00:00,1787034410.4799783,194222.4789412,14.318392300017877,487,194222.3971421,7.88809999357909,73.81490000989288,10,0,0,4,1,0.0,1,estabilizada,1,1,1,,,,,,,,,,,,,nan,0.5408496562176719,-0.2501374724512683,1.582249457667623
2026-08-18T06:26:50.627+00:00,1787034410.6278436,194222.6273461,14.466797200002475,491,194222.5341313,11.85740000801161,81.33320001070388,1,0,0,4,1,0.0,1,estabilizada,1,1,1,,,,,,,,,,,,,nan,0.5408510399725631,-0.2501199085966316,1.5822613124078995
2026-08-18T06:26:50.627+00:00,1787034410.6278436,194222.6273879,14.466839000000618,491,194222.5341313,11.85740000801161,81.33320001070388,2,1,1,4,1,0.0,1,estabilizada,1,1,1,673.0,405.0,0.5147716999053955,0.6381579637527466,0.5162551088642312,0.5876321701404494,0.5033938588642313,0.5761876701404495,-3.0580623015748367,0.5159800912830705,0.5781425481671236,-3.0167845517147898,0.0,0.5408510399725631,-0.2501199085966316,1.5822613124078995
2026-08-18T06:26:50.627+00:00,1787034410.6278436,194222.6274008,14.466851900011534,491,194222.5341313,11.85740000801161,81.33320001070388,3,1,1,4,1,0.0,1,estabilizada,1,1,1,447.0,275.25,0.14143630862236023,0.8921144008636475,0.16415526505491895,0.8271434083700108,0.15129401505491896,0.8156989083700108,0.023628920042871072,0.15134877285894743,0.8157940822863979,0.044921490213773306,0.0,0.5408510399725631,-0.2501199085966316,1.5822613124078995
2026-08-18T06:26:50.627+00:00,1787034410.6278436,194222.6274113,14.466862400004175,491,194222.5341313,11.85740000801161,81.33320001070388,10,0,0,4,1,0.0,1,estabilizada,1,1,1,,,,,,,,,,,,,nan,0.5408510399725631,-0.2501199085966316,1.5822613124078995
2026-08-18T06:26:50.783+00:00,1787034410.7832823,194222.7822371,14.621688200015342,496,194222.6975249,2.687200001673773,81.99810000951402,1,0,0,4,1,0.0,1,estabilizada,1,1,1,,,,,,,,,,,,,nan,0.5408479129436325,-0.25010527938456933,1.5822707991620613
2026-08-18T06:26:50.783+00:00,1787034410.7832823,194222.7823229,14.621773999999277,496,194222.6975249,2.687200001673773,81.99810000951402,2,1,1,4,1,0.0,1,estabilizada,1,1,1,666.25,405.5,0.5040364265441895,0.6374832987785339,0.506130274056072,0.5869970153452657,0.49326902405607204,0.5755525153452657,-3.0908574737465035,0.5062838950176554,0.5768761442425885,-3.026132664050066,0.0,0.5408479129436325,-0.25010527938456933,1.5822707991620613
2026-08-18T06:26:50.783+00:00,1787034410.7832823,194222.7823387,14.621789800003171,496,194222.6975249,2.687200001673773,81.99810000951402,3,1,1,4,1,0.0,1,estabilizada,1,1,1,447.0,275.25,0.1414346694946289,0.8921135067939758,0.16415340507986964,0.8271437868127249,0.15129215507986965,0.815699286812725,0.023629968705065296,0.15134877285894743,0.8157940822863979,0.044921490213773306,0.0,0.5408479129436325,-0.25010527938456933,1.5822707991620613
2026-08-18T06:26:50.783+00:00,1787034410.7832823,194222.7823592,14.621810300013749,496,194222.6975249,2.687200001673773,81.99810000951402,10,0,0,4,1,0.0,1,estabilizada,1,1,1,,,,,,,,,,,,,nan,0.5408479129436325,-0.25010527938456933,1.5822707991620613
2026-08-18T06:26:50.920+00:00,1787034410.9204953,194222.9199859,14.759437000000617,500,194222.8383694,1.7940999823622406,79.7982000221964,1,0,0,4,1,0.0,1,estabilizada,1,1,1,,,,,,,,,,,,,nan,0.5408412359171977,-0.2500918103031348,1.5822793292991066
2026-08-18T06:26:50.920+00:00,1787034410.9204953,194222.9200291,14.75948020000942,500,194222.8383694,1.7940999823622406,79.7982000221964,2,1,1,4,1,0.0,1,estabilizada,1,1,1,661.75,407.5,0.49685660004615784,0.6340282559394836,0.499358444793221,0.5837395335322444,0.486497194793221,0.5722950335322444,-3.054774852099419,0.4974387975028476,0.5749941028529467,-3.026132664050066,0.0,0.5408412359171977,-0.2500918103031348,1.5822793292991066
2026-08-18T06:26:50.920+00:00,1787034410.9204953,194222.920042,14.759493100020336,500,194222.8383694,1.7940999823622406,79.7982000221964,3,1,1,4,1,0.0,1,estabilizada,1,1,1,446.5,275.0,0.1405722051858902,0.8926273584365845,0.16333949544795484,0.8276295269651139,0.15047824544795485,0.816185026965114,0.0658756402260662,0.15134877285894743,0.8157940822863979,0.044921490213773306,0.0,0.5408412359171977,-0.2500918103031348,1.5822793292991066
2026-08-18T06:26:50.920+00:00,1787034410.9204953,194222.9200525,14.759503600012977,500,194222.8383694,1.7940999823622406,79.7982000221964,10,0,0,4,1,0.0,1,estabilizada,1,1,1,,,,,,,,,,,,,nan,0.5408412359171977,-0.2500918103031348,1.5822793292991066
2026-08-18T06:26:51.075+00:00,1787034411.0756402,194223.074522,14.913973100017756,504,194222.9652313,26.9001999986358,82.34549997723661,1,0,0,4,1,0.0,1,estabilizada,1,1,1,,,,,,,,,,,,,nan,0.5408331800137115,-0.2500802806896207,1.582286677797822
2026-08-18T06:26:51.075+00:00,1787034411.0756402,194223.0746231,14.914074200001778,504,194222.9652313,26.9001999986358,82.34549997723661,2,1,1,4,1,0.0,1,estabilizada,1,1,1,657.5,407.0,0.49012452363967896,0.6350731253623962,0.49300881707253186,0.5847258604435288,0.48014756707253187,0.5732813604435288,-3.0031971798330694,0.4878466650907596,0.5732797300848785,-3.0342026157051403,0.0,0.5408331800137115,-0.2500802806896207,1.582286677797822
2026-08-18T06:26:51.075+00:00,1787034411.0756402,194223.0746399,14.914091000013286,504,194222.9652313,26.9001999986358,82.34549997723661,3,1,1,4,1,0.0,1,estabilizada,1,1,1,446.5,275.5,0.14064355194568634,0.8916197419166565,0.163406220071193,0.8266801810416491,0.150544970071193,0.8152356810416491,-0.013629382509065032,0.15134877285894743,0.8157940822863979,0.044921490213773306,0.0,0.5408331800137115,-0.2500802806896207,1.582286677797822
2026-08-18T06:26:51.075+00:00,1787034411.0756402,194223.0746617,14.91411280000466,504,194222.9652313,26.9001999986358,82.34549997723661,10,0,0,4,1,0.0,1,estabilizada,1,1,1,,,,,,,,,,,,,nan,0.5408331800137115,-0.2500802806896207,1.582286677797822
2026-08-18T06:26:51.211+00:00,1787034411.211248,194223.2101051,15.049556200014194,508,194223.100905,30.437400011578575,78.73479998670518,1,0,0,4,1,0.0,1,estabilizada,1,1,1,,,,,,,,,,,,,nan,0.5408281738009314,-0.2500706343338456,1.5822931482289335
2026-08-18T06:26:51.211+00:00,1787034411.211248,194223.2101615,15.049612600007094,508,194223.100905,30.437400011578575,78.73479998670518,2,1,1,4,1,0.0,1,estabilizada,1,1,1,653.0,409.5,0.4829613268375397,0.6307249069213867,0.486252762582259,0.5806257209382457,0.47339151258225903,0.5691812209382457,-3.061540066131309,0.48608874311791883,0.5730969318189276,-3.0342026157051403,0.0,0.5408281738009314,-0.2500706343338456,1.5822931482289335
2026-08-18T06:26:51.211+00:00,1787034411.211248,194223.2101773,15.049628400010988,508,194223.100905,30.437400011578575,78.73479998670518,3,1,1,4,1,0.0,1,estabilizada,1,1,1,446.5,275.25,0.14060598611831665,0.8921216130256653,0.16337041313473438,0.8271543202219155,0.1505091631347344,0.8157098202219155,0.024799840614107047,0.15134877285894743,0.8157940822863979,0.044921490213773306,0.0,0.5408281738009314,-0.2500706343338456,1.5822931482289335
2026-08-18T06:26:51.211+00:00,1787034411.211248,194223.2101913,15.049642400001176,508,194223.100905,30.437400011578575,78.73479998670518,10,0,0,4,1,0.0,1,estabilizada,1,1,1,,,,,,,,,,,,,nan,0.5408281738009314,-0.2500706343338456,1.5822931482289335
2026-08-18T06:26:51.351+00:00,1787034411.3510592,194223.3500624,15.189513499994064,512,194223.2381409,33.47629998461343,78.4200000052806,1,0,0,4,1,0.0,1,estabilizada,1,1,1,,,,,,,,,,,,,nan,0.5408213197723695,-0.25005988454347233,1.582300430716231
2026-08-18T06:26:51.351+00:00,1787034411.3510592,194223.3502016,15.189652700006263,512,194223.2381409,33.47629998461343,78.4200000052806,2,1,1,4,1,0.0,1,estabilizada,1,1,1,649.5,410.25,0.4774133563041687,0.6294954419136047,0.48101995123478813,0.5794670289495096,0.46815870123478814,0.5680225289495097,-3.0583271970411303,0.47930126199990586,0.5713359161301007,-3.0342026157051403,0.0,0.5408213197723695,-0.25005988454347233,1.582300430716231
2026-08-18T06:26:51.351+00:00,1787034411.351565,194223.3502512,15.189702300005592,512,194223.2381409,33.47629998461343,78.4200000052806,3,1,1,4,1,0.0,1,estabilizada,1,1,1,446.25,275.0,0.14015567302703857,0.8926289081573486,0.16294521887248664,0.827633671256274,0.15008396887248665,0.816189171256274,0.0658787468226017,0.15134877285894743,0.8157940822863979,0.044921490213773306,0.0,0.5408213197723695,-0.25005988454347233,1.582300430716231
2026-08-18T06:26:51.351+00:00,1787034411.351565,194223.3502695,15.189720599999418,512,194223.2381409,33.47629998461343,78.4200000052806,10,0,0,4,1,0.0,1,estabilizada,1,1,1,,,,,,,,,,,,,nan,0.5408213197723695,-0.25005988454347233,1.582300430716231
2026-08-18T06:26:51.493+00:00,1787034411.4933534,194223.492158,15.331609100016067,517,194223.3971376,14.637899992521852,80.35699999891222,1,0,0,4,1,0.0,1,estabilizada,1,1,1,,,,,,,,,,,,,nan,0.5408147897687444,-0.25004812580725366,1.5823085012183282
2026-08-18T06:26:51.493+00:00,1787034411.4933534,194223.4922104,15.331661500007613,517,194223.3971376,14.637899992521852,80.35699999891222,2,1,1,4,1,0.0,1,estabilizada,1,1,1,643.0,410.75,0.46712881326675415,0.628818690776825,0.47131999209191555,0.5788296946792472,0.45845874209191556,0.5673851946792472,-3.0615431105115727,0.46757052525885306,0.5690428401270058,-3.0342026157051403,0.0,0.5408147897687444,-0.25004812580725366,1.5823085012183282
2026-08-18T06:26:51.493+00:00,1787034411.4933534,194223.4922258,15.33167690000846,517,194223.3971376,14.637899992521852,80.35699999891222,3,1,1,4,1,0.0,1,estabilizada,1,1,1,446.25,275.0,0.14015421271324158,0.8926275372505188,0.16294335396302356,0.8276333786550137,0.15008210396302357,0.8161888786550138,0.06587974408526268,0.15134877285894743,0.8157940822863979,0.044921490213773306,0.0,0.5408147897687444,-0.25004812580725366,1.5823085012183282
2026-08-18T06:26:51.493+00:00,1787034411.4933534,194223.492239,15.33169010002166,517,194223.3971376,14.637899992521852,80.35699999891222,10,0,0,4,1,0.0,1,estabilizada,1,1,1,,,,,,,,,,,,,nan,0.5408147897687444,-0.25004812580725366,1.5823085012183282
2026-08-18T06:26:51.638+00:00,1787034411.6382136,194223.637188,15.476639100001194,521,194223.530525,21.076999983051792,85.54920001188293,1,0,0,4,1,0.0,1,estabilizada,1,1,1,,,,,,,,,,,,,nan,0.5408088152419863,-0.25003815842764154,1.5823155832887554
2026-08-18T06:26:51.638+00:00,1787034411.6382136,194223.6373879,15.476839000009932,521,194223.530525,21.076999983051792,85.54920001188293,2,1,1,4,1,0.0,1,estabilizada,1,1,1,638.25,411.75,0.45961904525756836,0.6271858811378479,0.4642370110892707,0.577290547744998,0.4513757610892707,0.565846047744998,-3.038957088945227,0.46544066659051925,0.5686706394005376,-3.0342026157051403,0.0,0.5408088152419863,-0.25003815842764154,1.5823155832887554
2026-08-18T06:26:51.638+00:00,1787034411.6382136,194223.6374334,15.476884500007145,521,194223.530525,21.076999983051792,85.54920001188293,3,1,1,4,1,0.0,1,estabilizada,1,1,1,446.25,275.0,0.14015284180641174,0.8926265239715576,0.1629416192096242,0.8276332808397538,0.1500803692096242,0.8161887808397539,0.06588184381696002,0.15134877285894743,0.8157940822863979,0.044921490213773306,0.0,0.5408088152419863,-0.25003815842764154,1.5823155832887554
2026-08-18T06:26:51.638+00:00,1787034411.6382136,194223.637458,15.476909100019839,521,194223.530525,21.076999983051792,85.54920001188293,10,0,0,4,1,0.0,1,estabilizada,1,1,1,,,,,,,,,,,,,nan,0.5408088152419863,-0.25003815842764154,1.5823155832887554
2026-08-18T06:26:51.794+00:00,1787034411.7945766,194223.7940172,15.63346830001683,526,194223.6968121,8.367599977646023,88.81210000254214,1,0,0,4,1,0.0,1,estabilizada,1,1,1,,,,,,,,,,,,,nan,0.5408022272877149,-0.25002932433633074,1.5823223467344918
2026-08-18T06:26:51.794+00:00,1787034411.7945766,194223.7940586,15.633509700011928,526,194223.6968121,8.367599977646023,88.81210000254214,2,1,1,4,1,0.0,1,estabilizada,1,1,1,630.75,413.75,0.4477834105491638,0.6238584518432617,0.45307417416869217,0.5741530931225961,0.4402129241686922,0.5627085931225961,-2.9347822999965545,0.45580510525526174,0.5664815486582435,-3.023899482968509,0.0,0.5408022272877149,-0.25002932433633074,1.5823223467344918
2026-08-18T06:26:51.794+00:00,1787034411.7945766,194223.7940875,15.633538599999156,526,194223.6968121,8.367599977646023,88.81210000254214,3,1,1,4,1,0.0,1,estabilizada,1,1,1,447.0,275.0,0.141389399766922,0.8926080465316772,0.16410737158287786,0.8276166346424685,0.15124612158287787,0.8161721346424685,0.06104978773274591,0.15134877285894743,0.8157940822863979,0.044921490213773306,0.0,0.5408022272877149,-0.25002932433633074,1.5823223467344918
2026-08-18T06:26:51.794+00:00,1787034411.7945766,194223.7940994,15.633550500002457,526,194223.6968121,8.367599977646023,88.81210000254214,10,0,0,4,1,0.0,1,estabilizada,1,1,1,,,,,,,,,,,,,nan,0.5408022272877149,-0.25002932433633074,1.5823223467344918
2026-08-18T06:26:51.952+00:00,1787034411.9523182,194223.9510755,15.790526600001613,531,194223.8649828,4.129899985855445,81.93640000536107,1,0,0,4,1,0.0,1,estabilizada,1,1,1,,,,,,,,,,,,,nan,0.5407956609164676,-0.25002107491827624,1.5823285442298336
2026-08-18T06:26:51.952+00:00,1787034411.9523182,194223.9511413,15.790592400007881,531,194223.8649828,4.129899985855445,81.93640000536107,2,1,1,4,1,0.0,1,estabilizada,1,1,1,624.5,416.25,0.43794912099838257,0.6196030974388123,0.44379884710386275,0.5701404395113259,0.43093759710386276,0.5586959395113259,-2.8970167122595925,0.4443620858843637,0.5632010264127689,-2.9694949926170913,0.0,0.5407956609164676,-0.25002107491827624,1.5823285442298336
2026-08-18T06:26:51.952+00:00,1787034411.9523182,194223.9511577,15.790608800016344,531,194223.8649828,4.129899985855445,81.93640000536107,3,1,1,4,1,0.0,1,estabilizada,1,1,1,447.0,275.25,0.1414249688386917,0.8921045660972595,0.16414045508715253,0.8271425150325549,0.15127920508715254,0.8156980150325549,0.023640345532660135,0.15134877285894743,0.8157940822863979,0.044921490213773306,0.0,0.5407956609164676,-0.25002107491827624,1.5823285442298336
2026-08-18T06:26:51.952+00:00,1787034411.9523182,194223.9511739,15.79062499999418,531,194223.8649828,4.129899985855445,81.93640000536107,10,0,0,4,1,0.0,1,estabilizada,1,1,1,,,,,,,,,,,,,nan,0.5407956609164676,-0.25002107491827624,1.5823285442298336
2026-08-18T06:26:52.106+00:00,1787034412.106907,194224.1064779,15.945929000008618,535,194223.9966502,22.8728000074625,86.92880001035519,1,0,0,4,1,0.0,1,estabilizada,1,1,1,,,,,,,,,,,,,nan,0.5407870209376207,-0.25001289791030695,1.5823348143399465
2026-08-18T06:26:52.106+00:00,1787034412.106907,194224.10652,15.945971100009046,535,194223.9966502,22.8728000074625,86.92880001035519,2,1,1,4,1,0.0,1,estabilizada,1,1,1,618.5,418.5,0.42853185534477234,0.6157960891723633,0.4349167018461563,0.5665506272566783,0.4220554518461563,0.5551061272566783,-2.8018905163764565,0.4343504114818074,0.5596193504083351,-2.905312937522084,0.0,0.5407870209376207,-0.25001289791030695,1.5823348143399465
2026-08-18T06:26:52.106+00:00,1787034412.106907,194224.1065337,15.94598479999695,535,194223.9966502,22.8728000074625,86.92880001035519,3,1,1,4,1,0.0,1,estabilizada,1,1,1,447.0,275.25,0.14142465591430664,0.8921040892601013,0.16413957852510147,0.8271427878251614,0.15127832852510148,0.8156982878251614,0.023641336130045734,0.15134877285894743,0.8157940822863979,0.044921490213773306,0.0,0.5407870209376207,-0.25001289791030695,1.5823348143399465
2026-08-18T06:26:52.106+00:00,1787034412.106907,194224.1065471,15.945998200011672,535,194223.9966502,22.8728000074625,86.92880001035519,10,0,0,4,1,0.0,1,estabilizada,1,1,1,,,,,,,,,,,,,nan,0.5407870209376207,-0.25001289791030695,1.5823348143399465
2026-08-18T06:26:52.274+00:00,1787034412.2743309,194224.2731981,16.112649200018495,540,194224.1675779,8.82889999775216,96.75590001279488,1,0,0,4,1,0.0,1,estabilizada,1,1,1,,,,,,,,,,,,,nan,0.5407812130766325,-0.25000812777614373,1.5823388509552097
2026-08-18T06:26:52.274+00:00,1787034412.2743309,194224.2733681,16.112819200003287,540,194224.1675779,8.82889999775216,96.75590001279488,2,1,1,4,1,0.0,1,estabilizada,1,1,1,612.5,422.25,0.4191625416278839,0.6093333959579468,0.42607994773453406,0.560455914949767,0.41321869773453407,0.549011414949767,-2.7368336760644736,0.4293437812089812,0.5574836893043553,-2.8518883614602792,0.0,0.5407812130766325,-0.25000812777614373,1.5823388509552097
2026-08-18T06:26:52.274+00:00,1787034412.2743309,194224.2734399,16.112890999997035,540,194224.1675779,8.82889999775216,96.75590001279488,3,1,1,4,1,0.0,1,estabilizada,1,1,1,446.75,275.25,0.14101210236549377,0.8921099305152893,0.163750101841575,0.8271487338764167,0.15088885184157502,0.8157042338764168,0.023642336389126217,0.15134877285894743,0.8157940822863979,0.044921490213773306,0.0,0.5407812130766325,-0.25000812777614373,1.5823388509552097
2026-08-18T06:26:52.274+00:00,1787034412.2743309,194224.2734536,16.11290470001404,540,194224.1675779,8.82889999775216,96.75590001279488,10,0,0,4,1,0.0,1,estabilizada,1,1,1,,,,,,,,,,,,,nan,0.5407812130766325,-0.25000812777614373,1.5823388509552097
2026-08-18T06:26:52.448+00:00,1787034412.4483392,194224.4477004,16.28715150000062,545,194224.3422684,7.347799983108416,98.0070999939926,1,0,0,4,1,0.0,1,estabilizada,1,1,1,,,,,,,,,,,,,nan,0.5407771069520246,-0.2500039117684699,1.5823415568777188
2026-08-18T06:26:52.448+00:00,1787034412.4483392,194224.4478049,16.28725600001053,545,194224.3422684,7.347799983108416,98.0070999939926,2,1,1,4,1,0.0,1,estabilizada,1,1,1,606.75,425.0,0.4102000594139099,0.6046570539474487,0.4176269858112797,0.5560458760509328,0.4047657358112797,0.5446013760509328,-2.7185233586447524,0.41779606629143384,0.5512882602305957,-2.774536108091197,0.0,0.5407771069520246,-0.2500039117684699,1.5823415568777188
2026-08-18T06:26:52.448+00:00,1787034412.4483392,194224.4478204,16.28727150001214,545,194224.3422684,7.347799983108416,98.0070999939926,3,1,1,4,1,0.0,1,estabilizada,1,1,1,446.75,275.0,0.14097601175308228,0.8926132917404175,0.16371579155062793,0.8276238159418324,0.15085454155062794,0.8161793159418325,0.023642246134958016,0.15134877285894743,0.8157940822863979,0.044921490213773306,0.0,0.5407771069520246,-0.2500039117684699,1.5823415568777188
2026-08-18T06:26:52.448+00:00,1787034412.4483392,194224.4478346,16.28728570000385,545,194224.3422684,7.347799983108416,98.0070999939926,10,0,0,4,1,0.0,1,estabilizada,1,1,1,,,,,,,,,,,,,nan,0.5407771069520246,-0.2500039117684699,1.5823415568777188
2026-08-18T06:26:52.612+00:00,1787034412.6129107,194224.6123383,16.451789400016423,550,194224.5034277,19.571600016206503,89.31419998407364,1,0,0,4,1,0.0,1,estabilizada,1,1,1,,,,,,,,,,,,,nan,0.5407733999621072,-0.2500007940317862,1.5823436663249524
2026-08-18T06:26:52.612+00:00,1787034412.6129107,194224.6123847,16.45183580002049,550,194224.5034277,19.571600016206503,89.31419998407364,2,1,1,4,1,0.0,1,estabilizada,1,1,1,602.1339111328125,430.63067626953125,0.403103232383728,0.5948714017868042,0.4109335889274687,0.5468170509893726,0.3980723389274687,0.5353725509893726,-2.5457048842698815,0.4147773617890179,0.549538768792892,-2.7490116061211287,0.0,0.5407733999621072,-0.2500007940317862,1.5823436663249524
2026-08-18T06:26:52.612+00:00,1787034412.6129107,194224.6123966,16.451847699994687,550,194224.5034277,19.571600016206503,89.31419998407364,3,1,1,4,1,0.0,1,estabilizada,1,1,1,447.0,275.25,0.14142511785030365,0.8921048641204834,0.16413911238572426,0.8271445704616244,0.15127786238572427,0.8157000704616244,0.023643249606359936,0.15134877285894743,0.8157940822863979,0.044921490213773306,0.0,0.5407733999621072,-0.2500007940317862,1.5823436663249524
2026-08-18T06:26:52.613+00:00,1787034412.6139376,194224.6128721,16.452323200006504,550,194224.5034277,19.571600016206503,89.31419998407364,10,0,0,4,1,0.0,1,estabilizada,1,1,1,,,,,,,,,,,,,nan,0.5407733999621072,-0.2500007940317862,1.5823436663249524
2026-08-18T06:26:52.768+00:00,1787034412.7683945,194224.7673653,16.606816400017124,555,194224.6634481,12.722099985694513,91.15510000265203,1,0,0,4,1,0.0,1,estabilizada,1,1,1,,,,,,,,,,,,,nan,0.5407699824835052,-0.249997344141813,1.5823454052017447
2026-08-18T06:26:52.768+00:00,1787034412.7683945,194224.7674313,16.60688239999581,555,194224.6634481,12.722099985694513,91.15510000265203,2,1,1,4,1,0.0,1,estabilizada,1,1,1,596.0,434.25,0.3936255872249603,0.5887212157249451,0.401994806442038,0.5410169217447163,0.389133556442038,0.5295724217447163,-2.546009890474151,0.41241942036150464,0.5479787626618238,-2.7206992986621557,0.0,0.5407699824835052,-0.249997344141813,1.5823454052017447
2026-08-18T06:26:52.768+00:00,1787034412.7683945,194224.7674453,16.606896400015103,555,194224.6634481,12.722099985694513,91.15510000265203,3,1,1,4,1,0.0,1,estabilizada,1,1,1,447.0,275.0,0.14138950407505035,0.8926087617874146,0.16410530489742403,0.8276200752493327,0.15124405489742404,0.8161755752493327,0.023642072075299288,0.15134877285894743,0.8157940822863979,0.044921490213773306,0.0,0.5407699824835052,-0.249997344141813,1.5823454052017447
2026-08-18T06:26:52.768+00:00,1787034412.7683945,194224.7674677,16.606918800011044,555,194224.6634481,12.722099985694513,91.15510000265203,10,0,0,4,1,0.0,1,estabilizada,1,1,1,,,,,,,,,,,,,nan,0.5407699824835052,-0.249997344141813,1.5823454052017447
2026-08-18T06:26:52.941+00:00,1787034412.941502,194224.9402259,16.77967700001318,560,194224.8299792,11.846399982459843,98.34280001814477,1,0,0,4,1,0.0,1,estabilizada,1,1,1,,,,,,,,,,,,,nan,0.5407681148038846,-0.24999488243194035,1.582345291133878
2026-08-18T06:26:52.941+00:00,1787034412.941502,194224.9403013,16.779752400005236,560,194224.8299792,11.846399982459843,98.34280001814477,2,1,1,4,1,0.0,1,estabilizada,1,1,1,590.5,438.75,0.3851955533027649,0.5810298919677734,0.3940441469779592,0.5337631985886188,0.3811828969779592,0.5223186985886188,-2.436714414771576,0.3962850016590231,0.5346709241932749,-2.638087998322303,0.0,0.5407681148038846,-0.24999488243194035,1.582345291133878
2026-08-18T06:26:52.941+00:00,1787034412.941502,194224.9403229,16.779773999995086,560,194224.8299792,11.846399982459843,98.34280001814477,3,1,1,4,1,0.0,1,estabilizada,1,1,1,447.0,275.25,0.14142653346061707,0.8921067714691162,0.1641401235488712,0.8271467722660105,0.1512788735488712,0.8157022722660106,0.023643094880537917,0.15134877285894743,0.8157940822863979,0.044921490213773306,0.0,0.5407681148038846,-0.24999488243194035,1.582345291133878
2026-08-18T06:26:52.941+00:00,1787034412.941502,194224.940354,16.779805099999066,560,194224.8299792,11.846399982459843,98.34280001814477,10,0,0,4,1,0.0,1,estabilizada,1,1,1,,,,,,,,,,,,,nan,0.5407681148038846,-0.24999488243194035,1.582345291133878
2026-08-18T06:26:53.138+00:00,1787034413.1388376,194225.1383399,16.977791000012076,565,194224.9966396,24.16200001607649,117.51369998091832,1,0,0,4,1,0.0,1,estabilizada,1,1,1,,,,,,,,,,,,,nan,0.5407650912335571,-0.24999183325828284,1.5823450602156048
2026-08-18T06:26:53.138+00:00,1787034413.1388376,194225.1383863,16.977837400016142,565,194224.9966396,24.16200001607649,117.51369998091832,2,1,1,4,1,0.0,1,estabilizada,1,1,1,585.25,442.5,0.377164363861084,0.5746700763702393,0.386469581688551,0.5277652806132038,0.373608331688551,0.5163207806132039,-2.5113128864680982,0.389482370690412,0.5290021425527502,-2.590451178465926,0.0,0.5407650912335571,-0.24999183325828284,1.5823450602156048
2026-08-18T06:26:53.138+00:00,1787034413.1388376,194225.1384003,16.97785140000633,565,194224.9966396,24.16200001607649,117.51369998091832,3,1,1,4,1,0.0,1,estabilizada,1,1,1,447.0,275.0,0.14139127731323242,0.892611026763916,0.1641067040280172,0.8276225106762896,0.1512454540280172,0.8161780106762896,0.061052398038950434,0.15134877285894743,0.8157940822863979,0.044921490213773306,0.0,0.5407650912335571,-0.24999183325828284,1.5823450602156048
2026-08-18T06:26:53.138+00:00,1787034413.1388376,194225.1384133,16.977864400018007,565,194224.9966396,24.16200001607649,117.51369998091832,10,0,0,4,1,0.0,1,estabilizada,1,1,1,,,,,,,,,,,,,nan,0.5407650912335571,-0.24999183325828284,1.5823450602156048
2026-08-18T06:26:53.290+00:00,1787034413.2905695,194225.2893866,17.128837700001895,571,194225.1964235,11.906500003533438,80.96990000922233,1,0,0,4,1,0.0,1,estabilizada,1,1,1,,,,,,,,,,,,,nan,0.5407640580497747,-0.24998821688075348,1.5823443806805402
2026-08-18T06:26:53.290+00:00,1787034413.2905695,194225.2894815,17.128932599996915,571,194225.1964235,11.906500003533438,80.96990000922233,2,1,1,4,1,0.0,1,estabilizada,1,1,1,580.5,445.5,0.3699090778827667,0.5696195363998413,0.379626904420892,0.523002188940037,0.366765654420892,0.5115576889400371,-2.602484528500869,0.3753771539326922,0.5177978958916116,-2.5655569744945415,0.0,0.5407640580497747,-0.24998821688075348,1.5823443806805402
2026-08-18T06:26:53.290+00:00,1787034413.2905695,194225.2895027,17.128953800012823,571,194225.1964235,11.906500003533438,80.96990000922233,3,1,1,4,1,0.0,1,estabilizada,1,1,1,447.0,275.25,0.14142866432666779,0.8921094536781311,0.16414191554674817,0.8271496436612422,0.15128066554674818,0.8157051436612422,0.023641875455429645,0.15134877285894743,0.8157940822863979,0.044921490213773306,0.0,0.5407640580497747,-0.24998821688075348,1.5823443806805402
2026-08-18T06:26:53.290+00:00,1787034413.2905695,194225.2895185,17.128969600016717,571,194225.1964235,11.906500003533438,80.96990000922233,10,0,0,4,1,0.0,1,estabilizada,1,1,1,,,,,,,,,,,,,nan,0.5407640580497747,-0.24998821688075348,1.5823443806805402
2026-08-18T06:26:53.431+00:00,1787034413.4314566,194225.4302861,17.269737199996598,575,194225.3308808,18.50239999475889,80.88080000015907,1,0,0,4,1,0.0,1,estabilizada,1,1,1,,,,,,,,,,,,,nan,0.5407656920388705,-0.24998715012856504,1.5823418723171432
2026-08-18T06:26:53.431+00:00,1787034413.4314566,194225.430327,17.269778100016993,575,194225.3308808,18.50239999475889,80.88080000015907,2,1,1,4,1,0.0,1,estabilizada,1,1,1,577.5,449.25,0.3654108941555023,0.5632207989692688,0.3753846754764709,0.5169673838892335,0.36252342547647093,0.5055228838892335,-2.6474964520709117,0.36965957530041377,0.5126886651698421,-2.5739549311755936,0.0,0.5407656920388705,-0.24998715012856504,1.5823418723171432
2026-08-18T06:26:53.431+00:00,1787034413.4314566,194225.4303395,17.26979059999576,575,194225.3308808,18.50239999475889,80.88080000015907,3,1,1,4,1,0.0,1,estabilizada,1,1,1,446.5,275.25,0.14060485363006592,0.8921231627464294,0.1633650902684693,0.8271625306876782,0.1505038402684693,0.8157180306876782,0.02480770105546137,0.15134877285894743,0.8157940822863979,0.044921490213773306,0.0,0.5407656920388705,-0.24998715012856504,1.5823418723171432
2026-08-18T06:26:53.431+00:00,1787034413.4314566,194225.43035,17.269801100017503,575,194225.3308808,18.50239999475889,80.88080000015907,10,0,0,4,1,0.0,1,estabilizada,1,1,1,,,,,,,,,,,,,nan,0.5407656920388705,-0.24998715012856504,1.5823418723171432
2026-08-18T06:26:53.571+00:00,1787034413.5718236,194225.5709325,17.41038360001403,579,194225.4647816,22.559300006832927,83.56759999878705,1,0,0,4,1,0.0,1,estabilizada,1,1,1,,,,,,,,,,,,,nan,0.5407708285809045,-0.24998893051483906,1.5823370609805163
2026-08-18T06:26:53.571+00:00,1787034413.5718236,194225.570979,17.410430100018857,579,194225.4647816,22.559300006832927,83.56759999878705,2,1,1,4,1,0.0,1,estabilizada,1,1,1,573.75,451.5,0.35970866680145264,0.559464156627655,0.37000710128926834,0.5134241695482388,0.35714585128926835,0.5019796695482388,-2.6028563906136633,0.3628528325239309,0.5067714067261859,-2.5921809223982004,0.0,0.5407708285809045,-0.24998893051483906,1.5823370609805163
2026-08-18T06:26:53.571+00:00,1787034413.5718236,194225.5709913,17.4104423999961,579,194225.4647816,22.559300006832927,83.56759999878705,3,1,1,4,1,0.0,1,estabilizada,1,1,1,446.5,275.25,0.1406060755252838,0.8921252489089966,0.16336660402651781,0.8271641994064021,0.15050535402651782,0.8157196994064021,0.024805427329411756,0.15134877285894743,0.8157940822863979,0.044921490213773306,0.0,0.5407708285809045,-0.24998893051483906,1.5823370609805163
2026-08-18T06:26:53.571+00:00,1787034413.5718236,194225.5710048,17.410455900011584,579,194225.4647816,22.559300006832927,83.56759999878705,10,0,0,4,1,0.0,1,estabilizada,1,1,1,,,,,,,,,,,,,nan,0.5407708285809045,-0.24998893051483906,1.5823370609805163
2026-08-18T06:26:53.708+00:00,1787034413.7085485,194225.7079527,17.547403800010215,583,194225.5980581,29.05419998569414,80.81480002147146,1,0,0,4,1,0.0,1,estabilizada,1,1,1,,,,,,,,,,,,,nan,0.54077913359227,-0.24999329236769785,1.582330168853546
2026-08-18T06:26:53.708+00:00,1787034413.7085485,194225.7079938,17.54744490000303,583,194225.5980581,29.05419998569414,80.81480002147146,2,1,1,4,1,0.0,1,estabilizada,1,1,1,568.75,453.5,0.3520805239677429,0.5561932325363159,0.3628133502770031,0.5103388409121384,0.34995210027700313,0.49889434091213847,-2.6775047442178415,0.3628528325239309,0.5067714067261859,-2.5921809223982004,0.0,0.54077913359227,-0.24999329236769785,1.582330168853546
2026-08-18T06:26:53.708+00:00,1787034413.7085485,194225.7080061,17.547457200009376,583,194225.5980581,29.05419998569414,80.81480002147146,3,1,1,4,1,0.0,1,estabilizada,1,1,1,447.0,275.25,0.14143231511116028,0.8921158313751221,0.16414642015116,0.8271547864805987,0.15128517015116,0.8157102864805987,0.023637445825385756,0.15134877285894743,0.8157940822863979,0.044921490213773306,0.0,0.54077913359227,-0.24999329236769785,1.582330168853546
2026-08-18T06:26:53.708+00:00,1787034413.7085485,194225.7080186,17.547469700017245,583,194225.5980581,29.05419998569414,80.81480002147146,10,0,0,4,1,0.0,1,estabilizada,1,1,1,,,,,,,,,,,,,nan,0.54077913359227,-0.24999329236769785,1.582330168853546
2026-08-18T06:26:53.853+00:00,1787034413.8534808,194225.8523107,17.691761800000677,588,194225.7699671,3.5555000067688525,78.76370000303723,1,0,0,4,1,0.0,1,estabilizada,1,1,1,,,,,,,,,,,,,nan,0.5407857817572924,-0.25000008963445614,1.5823225839193125
2026-08-18T06:26:53.853+00:00,1787034413.8534808,194225.8523525,17.69180359999882,588,194225.7699671,3.5555000067688525,78.76370000303723,2,1,1,4,1,0.0,1,estabilizada,1,1,1,563.75,455.75,0.34448060393333435,0.5524985790252686,0.3556461312308056,0.5068537270125526,0.3427848812308056,0.49540922701255263,-2.694379194810414,0.3596288235400001,0.5048028571535405,-2.6127399425337887,0.0,0.5407857817572924,-0.25000008963445614,1.5823225839193125
2026-08-18T06:26:53.853+00:00,1787034413.8534808,194225.8523652,17.691816300008213,588,194225.7699671,3.5555000067688525,78.76370000303723,3,1,1,4,1,0.0,1,estabilizada,1,1,1,446.5,275.25,0.14060868322849274,0.8921301364898682,0.16337012216238123,0.8271675799316593,0.15050887216238124,0.8157230799316594,0.02480316407034388,0.15134877285894743,0.8157940822863979,0.044921490213773306,0.0,0.5407857817572924,-0.25000008963445614,1.5823225839193125
2026-08-18T06:26:53.853+00:00,1787034413.8534808,194225.8523752,17.691826299997047,588,194225.7699671,3.5555000067688525,78.76370000303723,10,0,0,4,1,0.0,1,estabilizada,1,1,1,,,,,,,,,,,,,nan,0.5407857817572924,-0.25000008963445614,1.5823225839193125
2026-08-18T06:26:53.989+00:00,1787034413.9897332,194225.9895379,17.828989000001457,592,194225.8966768,12.543599994387478,80.28419999754988,1,0,0,4,1,0.0,1,estabilizada,1,1,1,,,,,,,,,,,,,nan,0.5407964253724604,-0.2500055595170093,1.5823164291188627
2026-08-18T06:26:53.989+00:00,1787034413.9897332,194225.989626,17.829077100002905,592,194225.8966768,12.543599994387478,80.28419999754988,2,1,1,4,1,0.0,1,estabilizada,1,1,1,559.0,458.5,0.3373081088066101,0.547944188117981,0.3488822466679764,0.5025578949811899,0.3360209966679764,0.4911133949811899,-2.7756502814703503,0.3551096584879545,0.5022758142309042,-2.6293757951118457,0.0,0.5407964253724604,-0.2500055595170093,1.5823164291188627
2026-08-18T06:26:53.989+00:00,1787034413.9897332,194225.989643,17.829094100015936,592,194225.8966768,12.543599994387478,80.28419999754988,3,1,1,4,1,0.0,1,estabilizada,1,1,1,446.5,275.25,0.1406094878911972,0.8921326398849487,0.1633715749873732,0.8271693771300915,0.1505103249873732,0.8157248771300916,0.024800911275368362,0.15134877285894743,0.8157940822863979,0.044921490213773306,0.0,0.5407964253724604,-0.2500055595170093,1.5823164291188627
2026-08-18T06:26:53.989+00:00,1787034413.9897332,194225.9896568,17.8291079000046,592,194225.8966768,12.543599994387478,80.28419999754988,10,0,0,4,1,0.0,1,estabilizada,1,1,1,,,,,,,,,,,,,nan,0.5407964253724604,-0.2500055595170093,1.5823164291188627
2026-08-18T06:26:54.135+00:00,1787034414.135642,194226.1352138,17.97466490001534,596,194226.029842,21.767199999885634,83.57970000361092,1,0,0,4,1,0.0,1,estabilizada,1,1,1,,,,,,,,,,,,,nan,0.5408071415504127,-0.2500106054896879,1.5823099704324772
2026-08-18T06:26:54.136+00:00,1787034414.1366415,194226.1352557,17.974706800014246,596,194226.029842,21.767199999885634,83.57970000361092,2,1,1,4,1,0.0,1,estabilizada,1,1,1,553.1907958984375,460.75677490234375,0.32850271463394165,0.5442870259284973,0.34057835011594517,0.4991082757698935,0.3277171001159452,0.4876637757698935,-2.793597165195172,0.3520380959605713,0.5001598641779692,-2.65074297765431,0.0,0.5408071415504127,-0.2500106054896879,1.5823099704324772
2026-08-18T06:26:54.136+00:00,1787034414.1366415,194226.1354238,17.974874900013674,596,194226.029842,21.767199999885634,83.57970000361092,3,1,1,4,1,0.0,1,estabilizada,1,1,1,446.5,275.0,0.14057417213916779,0.8926384449005127,0.16333897038989664,0.827645860352107,0.15047772038989665,0.816201360352107,0.026041972809660575,0.15134877285894743,0.8157940822863979,0.044921490213773306,0.0,0.5408071415504127,-0.2500106054896879,1.5823099704324772
2026-08-18T06:26:54.136+00:00,1787034414.1366415,194226.1354774,17.974928500014357,596,194226.029842,21.767199999885634,83.57970000361092,10,0,0,4,1,0.0,1,estabilizada,1,1,1,,,,,,,,,,,,,nan,0.5408071415504127,-0.2500106054896879,1.5823099704324772
2026-08-18T06:26:54.290+00:00,1787034414.2904732,194226.2896491,18.12910020002164,601,194226.1958036,12.36409999546595,81.45129997865297,1,0,0,4,1,0.0,1,estabilizada,1,1,1,,,,,,,,,,,,,nan,0.5408179095606739,-0.2500152448533938,1.5823032514182067
2026-08-18T06:26:54.290+00:00,1787034414.2904732,194226.2898624,18.129313500015996,601,194226.1958036,12.36409999546595,81.45129997865297,2,1,1,4,1,0.0,1,estabilizada,1,1,1,548.5,463.25,0.32144710421562195,0.5401930809020996,0.33392472028786274,0.4952467349635122,0.32106347028786275,0.4838022349635122,-2.752599037613678,0.3359955830824894,0.49168378276389335,-2.706063799107629,0.0,0.5408179095606739,-0.2500152448533938,1.5823032514182067
2026-08-18T06:26:54.290+00:00,1787034414.2904732,194226.2899076,18.129358700010926,601,194226.1958036,12.36409999546595,81.45129997865297,3,1,1,4,1,0.0,1,estabilizada,1,1,1,446.5,275.25,0.1406117081642151,0.8921381831169128,0.16337508054141153,0.8271735131491338,0.15051383054141154,0.8157290131491338,0.024797523366643603,0.15134877285894743,0.8157940822863979,0.044921490213773306,0.0,0.5408179095606739,-0.2500152448533938,1.5823032514182067
2026-08-18T06:26:54.290+00:00,1787034414.2904732,194226.2899229,18.129374000011012,601,194226.1958036,12.36409999546595,81.45129997865297,10,0,0,4,1,0.0,1,estabilizada,1,1,1,,,,,,,,,,,,,nan,0.5408179095606739,-0.2500152448533938,1.5823032514182067
2026-08-18T06:26:54.434+00:00,1787034414.4349484,194226.433634,18.273085099994205,604,194226.3042877,43.56799999368377,85.75440000277013,1,0,0,4,1,0.0,1,estabilizada,1,1,1,,,,,,,,,,,,,nan,0.540827873266754,-0.25002170925118655,1.5822952332385072
2026-08-18T06:26:54.434+00:00,1787034414.4349484,194226.4336753,18.273126400017645,604,194226.3042877,43.56799999368377,85.75440000277013,2,1,1,4,1,0.0,1,estabilizada,1,1,1,545.25,464.5,0.31654122471809387,0.5381789803504944,0.3292985142209288,0.49334659978459866,0.3164372642209288,0.4819020997845987,-2.7460136396205095,0.326141459849552,0.4867880543769295,-2.7271711113700854,0.0,0.540827873266754,-0.25002170925118655,1.5822952332385072
2026-08-18T06:26:54.434+00:00,1787034414.4349484,194226.4336876,18.273138699994888,604,194226.3042877,43.56799999368377,85.75440000277013,3,1,1,4,1,0.0,1,estabilizada,1,1,1,447.0,275.25,0.14143800735473633,0.8921293616294861,0.16415506241311012,0.8271644965272438,0.15129381241311013,0.8157199965272438,0.023627589575797036,0.15134877285894743,0.8157940822863979,0.044921490213773306,0.0,0.540827873266754,-0.25002170925118655,1.5822952332385072
2026-08-18T06:26:54.434+00:00,1787034414.4349484,194226.4336973,18.27314840001054,604,194226.3042877,43.56799999368377,85.75440000277013,10,0,0,4,1,0.0,1,estabilizada,1,1,1,,,,,,,,,,,,,nan,0.540827873266754,-0.25002170925118655,1.5822952332385072
2026-08-18T06:26:54.582+00:00,1787034414.582723,194226.5821879,18.421639000007417,610,194226.4958925,6.035799975506961,80.23490000050515,1,0,0,4,1,0.0,1,estabilizada,1,1,1,,,,,,,,,,,,,nan,0.5408379413559568,-0.25002761035854637,1.5822871358022026
2026-08-18T06:26:54.582+00:00,1787034414.582723,194226.5822314,18.421682500018505,610,194226.4958925,6.035799975506961,80.23490000050515,2,1,1,4,1,0.0,1,estabilizada,1,1,1,538.5,467.5,0.3063974678516388,0.5333137512207031,0.31973236904496194,0.4887575382888516,0.30687111904496195,0.47731303828885163,-2.8061363039243483,0.3184464498635729,0.4829201276523877,-2.743927960851502,0.0,0.5408379413559568,-0.25002761035854637,1.5822871358022026
2026-08-18T06:26:54.582+00:00,1787034414.582723,194226.5822456,18.421696700010216,610,194226.4958925,6.035799975506961,80.23490000050515,3,1,1,4,1,0.0,1,estabilizada,1,1,1,447.0,275.0,0.14140328764915466,0.8926355242729187,0.16412300647906625,0.8276412006827865,0.15126175647906626,0.8161967006827865,0.061035578142839476,0.15134877285894743,0.8157940822863979,0.044921490213773306,0.0,0.5408379413559568,-0.25002761035854637,1.5822871358022026
2026-08-18T06:26:54.582+00:00,1787034414.582723,194226.5822561,18.421707200002857,610,194226.4958925,6.035799975506961,80.23490000050515,10,0,0,4,1,0.0,1,estabilizada,1,1,1,,,,,,,,,,,,,nan,0.5408379413559568,-0.25002761035854637,1.5822871358022026
2026-08-18T06:26:54.729+00:00,1787034414.72991,194226.7294184,18.568869500013534,614,194226.6301577,15.058399992994964,84.14890000130981,1,0,0,4,1,0.0,1,estabilizada,1,1,1,,,,,,,,,,,,,nan,0.5408452580101336,-0.2500313699230639,1.5822800385296991
2026-08-18T06:26:54.729+00:00,1787034414.72991,194226.7295001,18.568951199995354,614,194226.6301577,15.058399992994964,84.14890000130981,2,1,1,4,1,0.0,1,estabilizada,1,1,1,533.0,469.5,0.2981261610984802,0.5301167964935303,0.3119320097410173,0.48574201246810716,0.2990707597410173,0.4742975124681072,-2.8061984508857134,0.3138416552603704,0.4806164740495524,-2.763120798833744,0.0,0.5408452580101336,-0.2500313699230639,1.5822800385296991
2026-08-18T06:26:54.729+00:00,1787034414.72991,194226.7295281,18.568979200004833,614,194226.6301577,15.058399992994964,84.14890000130981,3,1,1,4,1,0.0,1,estabilizada,1,1,1,447.0,275.0,0.14140497148036957,0.8926382660865784,0.16412511261359414,0.8276432811682133,0.15126386261359415,0.8161987811682133,0.061033373796442504,0.15134877285894743,0.8157940822863979,0.044921490213773306,0.0,0.5408452580101336,-0.2500313699230639,1.5822800385296991
2026-08-18T06:26:54.729+00:00,1787034414.72991,194226.7295386,18.568989699997474,614,194226.6301577,15.058399992994964,84.14890000130981,10,0,0,4,1,0.0,1,estabilizada,1,1,1,,,,,,,,,,,,,nan,0.5408452580101336,-0.2500313699230639,1.5822800385296991
2026-08-18T06:26:54.874+00:00,1787034414.8741634,194226.8737424,18.713193500007037,618,194226.7653068,31.96399999433197,76.4474000025075,1,0,0,4,1,0.0,1,estabilizada,1,1,1,,,,,,,,,,,,,nan,0.5408491939312738,-0.2500339070917457,1.5822750764101776
2026-08-18T06:26:54.875+00:00,1787034414.8751585,194226.8737862,18.71323730002041,618,194226.7653068,31.96399999433197,76.4474000025075,2,1,1,4,1,0.0,1,estabilizada,1,1,1,527.5,472.5,0.2899434566497803,0.5252296328544617,0.30421500569456883,0.48113254781823683,0.29135375569456884,0.46968804781823686,-2.7761121282391983,0.31020389524678016,0.47901961461479836,-2.763120798833744,0.0,0.5408491939312738,-0.2500339070917457,1.5822750764101776
2026-08-18T06:26:54.875+00:00,1787034414.8751585,194226.8737993,18.713250400003744,618,194226.7653068,31.96399999433197,76.4474000025075,3,1,1,4,1,0.0,1,estabilizada,1,1,1,447.0,275.25,0.14144283533096313,0.8921377062797546,0.16416111789127658,0.827170845121419,0.15129986789127658,0.8157263451214191,0.023623163224899824,0.15134877285894743,0.8157940822863979,0.044921490213773306,0.0,0.5408491939312738,-0.2500339070917457,1.5822750764101776
2026-08-18T06:26:54.875+00:00,1787034414.8751585,194226.8738119,18.713263000012375,618,194226.7653068,31.96399999433197,76.4474000025075,10,0,0,4,1,0.0,1,estabilizada,1,1,1,,,,,,,,,,,,,nan,0.5408491939312738,-0.2500339070917457,1.5822750764101776
2026-08-18T06:26:55.038+00:00,1787034415.038106,194227.0370481,18.876499200006947,623,194226.932567,12.754700001096353,91.69299999484792,1,0,0,4,1,0.0,1,estabilizada,1,1,1,,,,,,,,,,,,,nan,0.5408511434436922,-0.25003480748677226,1.5822707288237599
2026-08-18T06:26:55.038+00:00,1787034415.038106,194227.0371065,18.876557600015076,623,194226.932567,12.754700001096353,91.69299999484792,2,1,1,4,1,0.0,1,estabilizada,1,1,1,521.0,475.5,0.28026360273361206,0.5203948616981506,0.29508589466929225,0.4765726074128877,0.28222464466929226,0.46512810741288774,-2.717020390468271,0.29737879623737745,0.47288606169229114,-2.763120798833744,0.0,0.5408511434436922,-0.25003480748677226,1.5822707288237599
2026-08-18T06:26:55.038+00:00,1787034415.038106,194227.0371251,18.876576200011186,623,194226.932567,12.754700001096353,91.69299999484792,3,1,1,4,1,0.0,1,estabilizada,1,1,1,446.5,276.0,0.14072851836681366,0.8906433582305908,0.16348760478667634,0.8257612662823439,0.15062635478667635,0.814316766282344,0.028540536089504152,0.15134877285894743,0.8157940822863979,0.044921490213773306,0.0,0.5408511434436922,-0.25003480748677226,1.5822707288237599
2026-08-18T06:26:55.038+00:00,1787034415.038106,194227.0371399,18.876591000007465,623,194226.932567,12.754700001096353,91.69299999484792,10,0,0,4,1,0.0,1,estabilizada,1,1,1,,,,,,,,,,,,,nan,0.5408511434436922,-0.25003480748677226,1.5822707288237599
2026-08-18T06:26:55.183+00:00,1787034415.1831064,194227.1826425,19.02209360001143,628,194227.0963746,6.11470002331771,80.12659999076277,1,0,0,4,1,0.0,1,estabilizada,1,1,1,,,,,,,,,,,,,nan,0.5408542753024361,-0.2500333656398408,1.5822680036419714
2026-08-18T06:26:55.183+00:00,1787034415.1831064,194227.1826876,19.0221387000056,628,194227.0963746,6.11470002331771,80.12659999076277,2,1,1,4,1,0.0,1,estabilizada,1,1,1,514.25,479.0,0.270273357629776,0.5147415399551392,0.28566410213986326,0.47124085527648796,0.27280285213986327,0.459796355276488,-2.6755514151236945,0.2934578354721147,0.47087878109914294,-2.7550436582643303,0.0,0.5408542753024361,-0.2500333656398408,1.5822680036419714
2026-08-18T06:26:55.183+00:00,1787034415.1831064,194227.1827006,19.022151700017275,628,194227.0963746,6.11470002331771,80.12659999076277,3,1,1,4,1,0.0,1,estabilizada,1,1,1,447.0,275.0,0.14141009747982025,0.8926457762718201,0.16413063276289996,0.8276497562958514,0.15126938276289997,0.8162052562958514,0.06102983006612003,0.15134877285894743,0.8157940822863979,0.044921490213773306,0.0,0.5408542753024361,-0.2500333656398408,1.5822680036419714
2026-08-18T06:26:55.184+00:00,1787034415.1841102,194227.1827115,19.02216260001296,628,194227.0963746,6.11470002331771,80.12659999076277,10,0,0,4,1,0.0,1,estabilizada,1,1,1,,,,,,,,,,,,,nan,0.5408542753024361,-0.2500333656398408,1.5822680036419714
2026-08-18T06:26:55.325+00:00,1787034415.3257473,194227.325105,19.16455610000412,632,194227.2308387,13.626700005261227,80.51669999258593,1,0,0,4,1,0.0,1,estabilizada,1,1,1,,,,,,,,,,,,,nan,0.5408571941988026,-0.2500290746214638,1.5822675170391203
2026-08-18T06:26:55.325+00:00,1787034415.3257473,194227.3253333,19.16478439999628,632,194227.2308387,13.626700005261227,80.51669999258593,2,1,1,4,1,0.0,1,estabilizada,1,1,1,509.25,482.25,0.26295018196105957,0.5094620585441589,0.27875764235069134,0.46626190354583313,0.26589639235069135,0.45481740354583317,-2.617678185240479,0.2766175061810132,0.46126517145279566,-2.6985587174267622,0.0,0.5408571941988026,-0.2500290746214638,1.5822675170391203
2026-08-18T06:26:55.326+00:00,1787034415.3267472,194227.3253576,19.164808700006688,632,194227.2308387,13.626700005261227,80.51669999258593,3,1,1,4,1,0.0,1,estabilizada,1,1,1,447.0,275.0,0.14141207933425903,0.8926485180854797,0.16413267490401573,0.8276525662403265,0.15127142490401574,0.8162080662403265,0.061028623860279414,0.15134877285894743,0.8157940822863979,0.044921490213773306,0.0,0.5408571941988026,-0.2500290746214638,1.5822675170391203
2026-08-18T06:26:55.326+00:00,1787034415.3267472,194227.3253774,19.164828500011936,632,194227.2308387,13.626700005261227,80.51669999258593,10,0,0,4,1,0.0,1,estabilizada,1,1,1,,,,,,,,,,,,,nan,0.5408571941988026,-0.2500290746214638,1.5822675170391203
2026-08-18T06:26:55.463+00:00,1787034415.4639418,194227.4627319,19.302183000021614,636,194227.3726592,10.106500005349517,79.93350000469945,1,0,0,4,1,0.0,1,estabilizada,1,1,1,,,,,,,,,,,,,nan,0.5408612001501514,-0.25002351160019953,1.5822689243320294
2026-08-18T06:26:55.463+00:00,1787034415.4639418,194227.4627979,19.3022490000003,636,194227.3726592,10.106500005349517,79.93350000469945,2,1,1,4,1,0.0,1,estabilizada,1,1,1,504.25,485.75,0.2556711733341217,0.5037800669670105,0.27189288003564105,0.4609034604510295,0.25903163003564106,0.4494589604510295,-2.6020374682303045,0.266942447696229,0.45487908389151066,-2.627048340309083,0.0,0.5408612001501514,-0.25002351160019953,1.5822689243320294
2026-08-18T06:26:55.463+00:00,1787034415.4639418,194227.4628105,19.302261600008933,636,194227.3726592,10.106500005349517,79.93350000469945,3,1,1,4,1,0.0,1,estabilizada,1,1,1,447.0,275.0,0.1414141207933426,0.8926509618759155,0.16413480789606727,0.8276552452620248,0.15127355789606728,0.8162107452620249,0.023616485105045004,0.15134877285894743,0.8157940822863979,0.044921490213773306,0.0,0.5408612001501514,-0.25002351160019953,1.5822689243320294
2026-08-18T06:26:55.463+00:00,1787034415.4639418,194227.4628232,19.302274300018325,636,194227.3726592,10.106500005349517,79.93350000469945,10,0,0,4,1,0.0,1,estabilizada,1,1,1,,,,,,,,,,,,,nan,0.5408612001501514,-0.25002351160019953,1.5822689243320294
2026-08-18T06:26:55.600+00:00,1787034415.600217,194227.5992451,19.438696199998958,640,194227.4962531,24.008600012166426,78.95769999595359,1,0,0,4,1,0.0,1,estabilizada,1,1,1,,,,,,,,,,,,,nan,0.5408686313488248,-0.25001887352915403,1.5822697897551412
2026-08-18T06:26:55.600+00:00,1787034415.600217,194227.5992884,19.438739500008523,640,194227.4962531,24.008600012166426,78.95769999595359,2,1,1,4,1,0.0,1,estabilizada,1,1,1,499.75,489.0,0.2491498440504074,0.4985160231590271,0.26574289981551846,0.4559391243658309,0.25288164981551847,0.4444946243658309,-2.517779347784602,0.2652544495076865,0.45357419807365884,-2.596104681864023,0.0,0.5408686313488248,-0.25001887352915403,1.5822697897551412
2026-08-18T06:26:55.600+00:00,1787034415.600217,194227.5993014,19.4387525000202,640,194227.4962531,24.008600012166426,78.95769999595359,3,1,1,4,1,0.0,1,estabilizada,1,1,1,446.75,275.0,0.14100362360477448,0.8926595449447632,0.16374807017765242,0.8276636394875987,0.15088682017765243,0.8162191394875987,0.06102524662321592,0.15134877285894743,0.8157940822863979,0.044921490213773306,0.0,0.5408686313488248,-0.25001887352915403,1.5822697897551412
2026-08-18T06:26:55.600+00:00,1787034415.600217,194227.5993141,19.43876520000049,640,194227.4962531,24.008600012166426,78.95769999595359,10,0,0,4,1,0.0,1,estabilizada,1,1,1,,,,,,,,,,,,,nan,0.5408686313488248,-0.25001887352915403,1.5822697897551412
2026-08-18T06:26:55.739+00:00,1787034415.739381,194227.7382253,19.57767640001839,644,194227.6318754,25.69999999832362,80.62510000308976,1,0,0,4,1,0.0,1,estabilizada,1,1,1,,,,,,,,,,,,,nan,0.5408750643297192,-0.2500140460169685,1.5822705076928505
2026-08-18T06:26:55.739+00:00,1787034415.739381,194227.7382685,19.57771959999809,644,194227.6318754,25.69999999832362,80.62510000308976,2,1,1,4,1,0.0,1,estabilizada,1,1,1,496.0,493.5,0.2438911348581314,0.4911576509475708,0.26078366589027235,0.4489995923839478,0.24792241589027236,0.43755509238394785,-2.365452016369487,0.25469415438081283,0.44445469446957314,-2.5330264667450653,0.0,0.5408750643297192,-0.2500140460169685,1.5822705076928505
2026-08-18T06:26:55.739+00:00,1787034415.739381,194227.7382822,19.577733300015097,644,194227.6318754,25.69999999832362,80.62510000308976,3,1,1,4,1,0.0,1,estabilizada,1,1,1,447.0,275.25,0.1414545625448227,0.8921532034873962,0.16417371517129564,0.827186402958907,0.15131246517129565,0.815741902958907,0.023614265520510998,0.15134877285894743,0.8157940822863979,0.044921490213773306,0.0,0.5408750643297192,-0.2500140460169685,1.5822705076928505
2026-08-18T06:26:55.739+00:00,1787034415.739381,194227.738295,19.577746099996148,644,194227.6318754,25.69999999832362,80.62510000308976,10,0,0,4,1,0.0,1,estabilizada,1,1,1,,,,,,,,,,,,,nan,0.5408750643297192,-0.2500140460169685,1.5822705076928505
2026-08-18T06:26:55.882+00:00,1787034415.8821476,194227.8808774,19.720328499999596,649,194227.7962985,8.402399980695918,76.12220000009984,1,0,0,4,1,0.0,1,estabilizada,1,1,1,,,,,,,,,,,,,nan,0.5408819831795391,-0.25001110337774285,1.5822701507200352
2026-08-18T06:26:55.882+00:00,1787034415.8821476,194227.8809522,19.720403300016187,649,194227.7962985,8.402399980695918,76.12220000009984,2,1,1,4,1,0.0,1,estabilizada,1,1,1,490.25,498.5,0.2356928139925003,0.48307815194129944,0.2530520653278897,0.4413798155676469,0.24019081532788972,0.4299353155676469,-2.428788880079112,0.2517230049600634,0.4417318763890826,-2.494606942078488,0.0,0.5408819831795391,-0.25001110337774285,1.5822701507200352
2026-08-18T06:26:55.882+00:00,1787034415.8821476,194227.8809823,19.720433400012553,649,194227.7962985,8.402399980695918,76.12220000009984,3,1,1,4,1,0.0,1,estabilizada,1,1,1,447.0,275.25,0.14145667850971222,0.8921560645103455,0.16417610945134103,0.8271892539671839,0.15131485945134104,0.8157447539671839,0.02361098444168017,0.15134877285894743,0.8157940822863979,0.044921490213773306,0.0,0.5408819831795391,-0.25001110337774285,1.5822701507200352
2026-08-18T06:26:55.882+00:00,1787034415.8821476,194227.8810008,19.7204519000079,649,194227.7962985,8.402399980695918,76.12220000009984,10,0,0,4,1,0.0,1,estabilizada,1,1,1,,,,,,,,,,,,,nan,0.5408819831795391,-0.25001110337774285,1.5822701507200352
2026-08-18T06:26:56.031+00:00,1787034416.0318377,194228.0306613,19.8701124000072,653,194227.9292492,13.931299996329471,87.45590000762604,1,0,0,4,1,0.0,1,estabilizada,1,1,1,,,,,,,,,,,,,nan,0.5408886618334411,-0.25000814084356243,1.582270111606758
2026-08-18T06:26:56.031+00:00,1787034416.0318377,194228.0307064,19.87015750000137,653,194227.9292492,13.931299996329471,87.45590000762604,2,1,1,4,1,0.0,1,estabilizada,1,1,1,486.0,502.25,0.2296629697084427,0.4770413041114807,0.24736558071384562,0.4356865129377367,0.23450433071384563,0.4242420129377367,-2.434683896993151,0.24662552711417102,0.43630805390301475,-2.445259377540708,0.0,0.5408886618334411,-0.25000814084356243,1.582270111606758
2026-08-18T06:26:56.031+00:00,1787034416.0318377,194228.0307196,19.87017070001457,653,194227.9292492,13.931299996329471,87.45590000762604,3,1,1,4,1,0.0,1,estabilizada,1,1,1,447.0,275.25,0.1414584368467331,0.892158567905426,0.1641781482190845,0.8271917818722732,0.1513168982190845,0.8157472818722732,0.023609893968062935,0.15134877285894743,0.8157940822863979,0.044921490213773306,0.0,0.5408886618334411,-0.25000814084356243,1.582270111606758
2026-08-18T06:26:56.031+00:00,1787034416.0318377,194228.0307333,19.870184400002472,653,194227.9292492,13.931299996329471,87.45590000762604,10,0,0,4,1,0.0,1,estabilizada,1,1,1,,,,,,,,,,,,,nan,0.5408886618334411,-0.25000814084356243,1.582270111606758
2026-08-18T06:26:56.182+00:00,1787034416.1828394,194228.1815127,20.020963799994206,658,194228.0977622,1.815099996747449,81.91100001567975,1,0,0,4,1,0.0,1,estabilizada,1,1,1,,,,,,,,,,,,,nan,0.5408945933971793,-0.25000862508479255,1.5822683240557476
2026-08-18T06:26:56.182+00:00,1787034416.1828394,194228.1815533,20.021004400012316,658,194228.0977622,1.815099996747449,81.91100001567975,2,1,1,4,1,0.0,1,estabilizada,1,1,1,481.25,507.5,0.22305119037628174,0.4685764014720917,0.24113023919308213,0.42770302278727573,0.22826898919308214,0.41625852278727576,-2.2934778924831694,0.2382340749614692,0.4273070399459961,-2.3814226550245436,0.0,0.5408945933971793,-0.25000862508479255,1.5822683240557476
2026-08-18T06:26:56.182+00:00,1787034416.1828394,194228.1815665,20.021017599996412,658,194228.0977622,1.815099996747449,81.91100001567975,3,1,1,4,1,0.0,1,estabilizada,1,1,1,447.0,275.25,0.14145995676517487,0.892160952091217,0.16417994474087666,0.8271939295053441,0.15131869474087667,0.8157494295053441,0.023607709802117748,0.15134877285894743,0.8157940822863979,0.044921490213773306,0.0,0.5408945933971793,-0.25000862508479255,1.5822683240557476
2026-08-18T06:26:56.182+00:00,1787034416.1828394,194228.1815793,20.021030400006566,658,194228.0977622,1.815099996747449,81.91100001567975,10,0,0,4,1,0.0,1,estabilizada,1,1,1,,,,,,,,,,,,,nan,0.5408945933971793,-0.25000862508479255,1.5822683240557476
2026-08-18T06:26:56.327+00:00,1787034416.3276594,194228.3270933,20.166544400010025,662,194228.2294352,9.004400024423376,88.62889997544698,1,0,0,4,1,0.0,1,estabilizada,1,1,1,,,,,,,,,,,,,nan,0.5409024510750453,-0.2500098108904621,1.582265710754629
2026-08-18T06:26:56.327+00:00,1787034416.3276594,194228.3271363,20.166587400017306,662,194228.2294352,9.004400024423376,88.62889997544698,2,1,1,4,1,0.0,1,estabilizada,1,1,1,477.5,511.25,0.21781452000141144,0.4625694751739502,0.23619190984117416,0.4220376382581323,0.22333065984117417,0.4105931382581323,-2.316647890987418,0.23392344107255333,0.4226204721608807,-2.349339983449573,0.0,0.5409024510750453,-0.2500098108904621,1.582265710754629
2026-08-18T06:26:56.328+00:00,1787034416.3286655,194228.3272525,20.16670359999989,662,194228.2294352,9.004400024423376,88.62889997544698,3,1,1,4,1,0.0,1,estabilizada,1,1,1,446.5,275.0,0.14059989154338837,0.8926782608032227,0.16336928489683894,0.8276816387103483,0.15050803489683895,0.8162371387103483,0.02601613187724587,0.15134877285894743,0.8157940822863979,0.044921490213773306,0.0,0.5409024510750453,-0.2500098108904621,1.582265710754629
2026-08-18T06:26:56.328+00:00,1787034416.3286655,194228.327273,20.16672410001047,662,194228.2294352,9.004400024423376,88.62889997544698,10,0,0,4,1,0.0,1,estabilizada,1,1,1,,,,,,,,,,,,,nan,0.5409024510750453,-0.2500098108904621,1.582265710754629
2026-08-18T06:26:56.495+00:00,1787034416.4953291,194228.4945763,20.33402740000747,666,194228.3682797,27.464900020277128,98.8072999753058,1,0,0,4,1,0.0,1,estabilizada,1,1,1,,,,,,,,,,,,,nan,0.540909223810556,-0.2500099868593016,1.5822634299138683
2026-08-18T06:26:56.495+00:00,1787034416.4953291,194228.4946163,20.334067400021013,666,194228.3682797,27.464900020277128,98.8072999753058,2,1,1,4,1,0.0,1,estabilizada,1,1,1,474.0,514.75,0.21294298768043518,0.45698145031929016,0.231597884642389,0.4167673948446357,0.21873663464238902,0.40532289484463574,-2.404571075493054,0.22681832642023353,0.4144966869904682,-2.3399345766949478,0.0,0.540909223810556,-0.2500099868593016,1.5822634299138683
2026-08-18T06:26:56.495+00:00,1787034416.4953291,194228.4946447,20.334095800004434,666,194228.3682797,27.464900020277128,98.8072999753058,3,1,1,4,1,0.0,1,estabilizada,1,1,1,447.0,275.25,0.14146217703819275,0.8921652436256409,0.16418294118520316,0.8271976985252396,0.15132169118520317,0.8157531985252396,0.023604457689655734,0.15134877285894743,0.8157940822863979,0.044921490213773306,0.0,0.540909223810556,-0.2500099868593016,1.5822634299138683
2026-08-18T06:26:56.495+00:00,1787034416.4953291,194228.4946557,20.33410680000088,666,194228.3682797,27.464900020277128,98.8072999753058,10,0,0,4,1,0.0,1,estabilizada,1,1,1,,,,,,,,,,,,,nan,0.540909223810556,-0.2500099868593016,1.5822634299138683
2026-08-18T06:26:56.655+00:00,1787034416.6559293,194228.6548308,20.494281899998896,672,194228.563812,1.7689999949652702,89.22500000335276,1,0,0,4,1,0.0,1,estabilizada,1,1,1,,,,,,,,,,,,,nan,0.5409140406168583,-0.25000869661417763,1.5822621623958648
2026-08-18T06:26:56.655+00:00,1787034416.6559293,194228.6548873,20.49433840002166,672,194228.563812,1.7689999949652702,89.22500000335276,2,1,1,4,1,0.0,1,estabilizada,1,1,1,469.0,519.75,0.20600970089435577,0.44902822375297546,0.2250592562028042,0.40926659364625523,0.2121980062028042,0.39782209364625526,-2.475328843921957,0.22365342195425714,0.41067300886103675,-2.364723010277839,0.0,0.5409140406168583,-0.25000869661417763,1.5822621623958648
2026-08-18T06:26:56.655+00:00,1787034416.6559293,194228.6549021,20.49435320001794,672,194228.563812,1.7689999949652702,89.22500000335276,3,1,1,4,1,0.0,1,estabilizada,1,1,1,447.0,275.25,0.1414625644683838,0.8921664357185364,0.16418359876204736,0.8271988441569138,0.15132234876204737,0.8157543441569138,0.023603392958647294,0.15134877285894743,0.8157940822863979,0.044921490213773306,0.0,0.5409140406168583,-0.25000869661417763,1.5822621623958648
2026-08-18T06:26:56.655+00:00,1787034416.6559293,194228.6549145,20.494365599995945,672,194228.563812,1.7689999949652702,89.22500000335276,10,0,0,4,1,0.0,1,estabilizada,1,1,1,,,,,,,,,,,,,nan,0.5409140406168583,-0.25000869661417763,1.5822621623958648
2026-08-18T06:26:56.806+00:00,1787034416.8067195,194228.8058597,20.645310799998697,676,194228.7002256,17.876400001114234,87.73309999378398,1,0,0,4,1,0.0,1,estabilizada,1,1,1,,,,,,,,,,,,,nan,0.540917571446804,-0.25000534699211696,1.5822621553147838
2026-08-18T06:26:56.806+00:00,1787034416.8067195,194228.8059039,20.645355000015115,676,194228.7002256,17.876400001114234,87.73309999378398,2,1,1,4,1,0.0,1,estabilizada,1,1,1,464.75,523.25,0.20006166398525238,0.44351300597190857,0.2194497480448352,0.404065275039897,0.2065884980448352,0.392620775039897,-2.429990611717013,0.21545850198525776,0.40168472595457216,-2.4038914859595146,0.0,0.540917571446804,-0.25000534699211696,1.5822621553147838
2026-08-18T06:26:56.806+00:00,1787034416.8067195,194228.8059174,20.645368500001496,676,194228.7002256,17.876400001114234,87.73309999378398,3,1,1,4,1,0.0,1,estabilizada,1,1,1,447.0,275.0,0.14142651855945587,0.8926705121994019,0.16414980410293678,0.8276744387094327,0.1512885541029368,0.8162299387094327,0.06101117230592459,0.15134877285894743,0.8157940822863979,0.044921490213773306,0.0,0.540917571446804,-0.25000534699211696,1.5822621553147838
2026-08-18T06:26:56.806+00:00,1787034416.8067195,194228.8059304,20.645381500013173,676,194228.7002256,17.876400001114234,87.73309999378398,10,0,0,4,1,0.0,1,estabilizada,1,1,1,,,,,,,,,,,,,nan,0.540917571446804,-0.25000534699211696,1.5822621553147838
2026-08-18T06:26:56.977+00:00,1787034416.9771225,194228.9756905,20.8151416000037,681,194228.8653064,22.943000018130988,87.39409997360781,1,0,0,4,1,0.0,1,estabilizada,1,1,1,,,,,,,,,,,,,nan,0.5409211966723959,-0.2500064184053261,1.5822600044156339
2026-08-18T06:26:56.977+00:00,1787034416.9771225,194228.9757743,20.81522540000151,681,194228.8653064,22.943000018130988,87.39409997360781,2,1,1,4,1,0.0,1,estabilizada,1,1,1,461.5,526.0,0.19553403556346893,0.4391884505748749,0.21517988669606064,0.39998658865893366,0.20231863669606065,0.3885420886589337,-2.4495829207433433,0.21164083751274523,0.3978595605290271,-2.4142700423227215,0.0,0.5409211966723959,-0.2500064184053261,1.5822600044156339
2026-08-18T06:26:56.977+00:00,1787034416.9771225,194228.975792,20.81524310001987,681,194228.8653064,22.943000018130988,87.39409997360781,3,1,1,4,1,0.0,1,estabilizada,1,1,1,446.5,275.25,0.1406378298997879,0.8921801447868347,0.16340621367299707,0.8272118144236718,0.15054496367299708,0.8157673144236718,0.023601273142538345,0.15134877285894743,0.8157940822863979,0.044921490213773306,0.0,0.5409211966723959,-0.2500064184053261,1.5822600044156339
2026-08-18T06:26:56.977+00:00,1787034416.9771225,194228.9758078,20.81525889999466,681,194228.8653064,22.943000018130988,87.39409997360781,10,0,0,4,1,0.0,1,estabilizada,1,1,1,,,,,,,,,,,,,nan,0.5409211966723959,-0.2500064184053261,1.5822600044156339
2026-08-18T06:26:57.138+00:00,1787034417.138745,194229.137653,20.97710410002037,686,194229.0314344,15.55099998950027,90.60419999877922,1,0,0,4,1,0.0,1,estabilizada,1,1,1,,,,,,,,,,,,,nan,0.5409248035483958,-0.2500090237128143,1.5822575334839444
2026-08-18T06:26:57.138+00:00,1787034417.138745,194229.1377488,20.977199900022242,686,194229.0314344,15.55099998950027,90.60419999877922,2,1,1,4,1,0.0,1,estabilizada,1,1,1,461.0,526.25,0.19481991231441498,0.4388047754764557,0.21450661915692937,0.3996245278776134,0.20164536915692938,0.3881800278776134,-2.4940144622803317,0.20638420540745933,0.3926622150025617,-2.43517237791392,0.0,0.5409248035483958,-0.2500090237128143,1.5822575334839444
2026-08-18T06:26:57.138+00:00,1787034417.138745,194229.1377697,20.977220800006762,686,194229.0314344,15.55099998950027,90.60419999877922,3,1,1,4,1,0.0,1,estabilizada,1,1,1,446.75,275.25,0.14105024933815002,0.8921751379966736,0.163795415101197,0.8272068427738926,0.150934165101197,0.8157623427738926,0.024767000991689457,0.15134877285894743,0.8157940822863979,0.044921490213773306,0.0,0.5409248035483958,-0.2500090237128143,1.5822575334839444
2026-08-18T06:26:57.138+00:00,1787034417.138745,194229.1377843,20.97723540000152,686,194229.0314344,15.55099998950027,90.60419999877922,10,0,0,4,1,0.0,1,estabilizada,1,1,1,,,,,,,,,,,,,nan,0.5409248035483958,-0.2500090237128143,1.5822575334839444
2026-08-18T06:26:57.299+00:00,1787034417.2999058,194229.2990444,21.13849549999577,691,194229.1954369,19.649500027298927,83.93289998639375,1,0,0,4,1,0.0,1,estabilizada,1,1,1,,,,,,,,,,,,,nan,0.5409279223064193,-0.25001452665015395,1.5822535795502684
2026-08-18T06:26:57.299+00:00,1787034417.2999058,194229.2990853,21.138536400016164,691,194229.1954369,19.649500027298927,83.93289998639375,2,1,1,4,1,0.0,1,estabilizada,1,1,1,460.75,526.0,0.19442234933376312,0.43921980261802673,0.21413189650786596,0.4000155369833313,0.20127064650786597,0.38857103698333134,-2.468183661193943,0.20638420540745933,0.3926622150025617,-2.4540748786270825,0.0,0.5409279223064193,-0.25001452665015395,1.5822535795502684
2026-08-18T06:26:57.299+00:00,1787034417.2999058,194229.2990972,21.138548300019465,691,194229.1954369,19.649500027298927,83.93289998639375,3,1,1,4,1,0.0,1,estabilizada,1,1,1,447.0,275.0,0.14142630994319916,0.8926731944084167,0.16415031927861146,0.827676093928162,0.15128906927861147,0.816231593928162,0.023599105054285845,0.15134877285894743,0.8157940822863979,0.044921490213773306,0.0,0.5409279223064193,-0.25001452665015395,1.5822535795502684
2026-08-18T06:26:57.299+00:00,1787034417.2999058,194229.2991081,21.138559200015152,691,194229.1954369,19.649500027298927,83.93289998639375,10,0,0,4,1,0.0,1,estabilizada,1,1,1,,,,,,,,,,,,,nan,0.5409279223064193,-0.25001452665015395,1.5822535795502684
2026-08-18T06:26:57.433+00:00,1787034417.4331293,194229.432472,21.271923099993728,695,194229.3322917,22.98720000544563,77.1690999972634,1,0,0,4,1,0.0,1,estabilizada,1,1,1,,,,,,,,,,,,,nan,0.5409273411362195,-0.2500203037214641,1.582249597797703
2026-08-18T06:26:57.433+00:00,1787034417.4331293,194229.4325138,21.271964900020976,695,194229.3322917,22.98720000544563,77.1690999972634,2,1,1,4,1,0.0,1,estabilizada,1,1,1,461.0,526.25,0.19482013583183289,0.4388052821159363,0.21450707303867517,0.39962416757392305,0.20164582303867518,0.3881796675739231,-2.4940143372856403,0.20638420540745933,0.3926622150025617,-2.4540748786270825,0.0,0.5409273411362195,-0.2500203037214641,1.582249597797703
2026-08-18T06:26:57.433+00:00,1787034417.4331293,194229.4325262,21.27197729999898,695,194229.3322917,22.98720000544563,77.1690999972634,3,1,1,4,1,0.0,1,estabilizada,1,1,1,446.5,275.5,0.14067398011684418,0.8916794657707214,0.1634408068816499,0.8267383974352853,0.15057955688164992,0.8152938974352854,-0.013661152749808392,0.15134877285894743,0.8157940822863979,0.044921490213773306,0.0,0.5409273411362195,-0.2500203037214641,1.582249597797703
2026-08-18T06:26:57.433+00:00,1787034417.4331293,194229.4325389,21.271990000008373,695,194229.3322917,22.98720000544563,77.1690999972634,10,0,0,4,1,0.0,1,estabilizada,1,1,1,,,,,,,,,,,,,nan,0.5409273411362195,-0.2500203037214641,1.582249597797703
2026-08-18T06:26:57.573+00:00,1787034417.573958,194229.5733236,21.412774700002046,699,194229.464798,29.358300002058968,79.086699988693,1,0,0,4,1,0.0,1,estabilizada,1,1,1,,,,,,,,,,,,,nan,0.540930549378206,-0.25002700827367286,1.582244242868092
2026-08-18T06:26:57.573+00:00,1787034417.573958,194229.5734525,21.412903599994024,699,194229.464798,29.358300002058968,79.086699988693,2,1,1,4,1,0.0,1,estabilizada,1,1,1,460.75,526.0,0.19442254304885864,0.43922024965286255,0.21413234493956534,0.4000150172792917,0.20127109493956535,0.3885705172792917,-2.494014387913502,0.20638420540745933,0.3926622150025617,-2.4540748786270825,0.0,0.540930549378206,-0.25002700827367286,1.582244242868092
2026-08-18T06:26:57.573+00:00,1787034417.573958,194229.5734862,21.412937300017802,699,194229.464798,29.358300002058968,79.086699988693,3,1,1,4,1,0.0,1,estabilizada,1,1,1,446.5,275.5,0.14067381620407104,0.8916802406311035,0.16344091183298232,0.8267385270716525,0.15057966183298233,0.8152940270716525,-0.013663405007513186,0.15134877285894743,0.8157940822863979,0.036954502161436024,0.0,0.540930549378206,-0.25002700827367286,1.582244242868092
2026-08-18T06:26:57.573+00:00,1787034417.573958,194229.5735018,21.412952900020173,699,194229.464798,29.358300002058968,79.086699988693,10,0,0,4,1,0.0,1,estabilizada,1,1,1,,,,,,,,,,,,,nan,0.540930549378206,-0.25002700827367286,1.582244242868092
2026-08-18T06:26:57.721+00:00,1787034417.7216923,194229.7206149,21.560066000005463,704,194229.6288835,6.930200004717335,84.77369998581707,1,0,0,4,1,0.0,1,estabilizada,1,1,1,,,,,,,,,,,,,nan,0.5409351179976267,-0.2500314808686342,1.5822404497524474
2026-08-18T06:26:57.721+00:00,1787034417.7216923,194229.7206596,21.560110699996585,704,194229.6288835,6.930200004717335,84.77369998581707,2,1,1,4,1,0.0,1,estabilizada,1,1,1,460.75,526.0,0.19442258775234222,0.43922075629234314,0.21413269422001274,0.4000151467061431,0.20127144422001275,0.3885706467061431,-2.4940149029141687,0.20638420540745933,0.3926622150025617,-2.4540748786270825,0.0,0.5409351179976267,-0.2500314808686342,1.5822404497524474
2026-08-18T06:26:57.721+00:00,1787034417.7216923,194229.7206763,21.56012740000733,704,194229.6288835,6.930200004717335,84.77369998581707,3,1,1,4,1,0.0,1,estabilizada,1,1,1,447.0,275.25,0.14146220684051514,0.8921722173690796,0.16418477218117816,0.8272021094076267,0.15132352218117817,0.8157576094076268,0.02359585935095443,0.15134877285894743,0.8157940822863979,0.036954502161436024,0.0,0.5409351179976267,-0.2500314808686342,1.5822404497524474
2026-08-18T06:26:57.721+00:00,1787034417.7216923,194229.7206903,21.56014139999752,704,194229.6288835,6.930200004717335,84.77369998581707,10,0,0,4,1,0.0,1,estabilizada,1,1,1,,,,,,,,,,,,,nan,0.5409351179976267,-0.2500314808686342,1.5822404497524474
2026-08-18T06:26:57.867+00:00,1787034417.8679276,194229.8669324,21.706383500015363,708,194229.7625733,22.915100009413436,81.41899999463931,1,0,0,4,1,0.0,1,estabilizada,1,1,1,,,,,,,,,,,,,nan,0.5409372238027667,-0.25003696516301155,1.5822365188554217
2026-08-18T06:26:57.867+00:00,1787034417.8679276,194229.8669773,21.706428400008008,708,194229.7625733,22.915100009413436,81.41899999463931,2,1,1,4,1,0.0,1,estabilizada,1,1,1,461.0,526.0,0.19479325413703918,0.43921083211898804,0.21448244529061672,0.4000053776776674,0.20162119529061673,0.38856087767766745,-2.4681834021954145,0.20638420540745933,0.3926622150025617,-2.4540748786270825,0.0,0.5409372238027667,-0.25003696516301155,1.5822365188554217
2026-08-18T06:26:57.867+00:00,1787034417.8679276,194229.8669901,21.706441200018162,708,194229.7625733,22.915100009413436,81.41899999463931,3,1,1,4,1,0.0,1,estabilizada,1,1,1,446.5,275.0,0.14060063660144806,0.8926879167556763,0.16337238559014083,0.8276880016689737,0.15051113559014084,0.8162435016689737,0.06334424077200504,0.15134877285894743,0.8157940822863979,0.036954502161436024,0.0,0.5409372238027667,-0.25003696516301155,1.5822365188554217
2026-08-18T06:26:57.867+00:00,1787034417.8679276,194229.8670027,21.70645379999769,708,194229.7625733,22.915100009413436,81.41899999463931,10,0,0,4,1,0.0,1,estabilizada,1,1,1,,,,,,,,,,,,,nan,0.5409372238027667,-0.25003696516301155,1.5822365188554217
2026-08-18T06:26:58.010+00:00,1787034418.0105739,194230.009575,21.849026100011542,712,194229.9039947,23.892700002761558,81.63719999720342,1,0,0,4,1,0.0,1,estabilizada,1,1,1,,,,,,,,,,,,,nan,0.5409415582533872,-0.2500420681630161,1.5822327669632221
2026-08-18T06:26:58.010+00:00,1787034418.0105739,194230.0099532,21.849404300010065,712,194229.9039947,23.892700002761558,81.63719999720342,2,1,1,4,1,0.0,1,estabilizada,1,1,1,460.75,526.0,0.19442275166511536,0.4392211139202118,0.21413331084712567,0.40001469139961654,0.20127206084712568,0.38857019139961657,-2.4940147154221606,0.20638420540745933,0.3926622150025617,-2.4540748786270825,0.0,0.5409415582533872,-0.2500420681630161,1.5822327669632221
2026-08-18T06:26:58.010+00:00,1787034418.0105739,194230.0100214,21.849472500005504,712,194229.9039947,23.892700002761558,81.63719999720342,3,1,1,4,1,0.0,1,estabilizada,1,1,1,446.5,275.0,0.1406002938747406,0.8926888108253479,0.1633723629068034,0.8276884004834836,0.1505111129068034,0.8162439004834836,0.06334308146668381,0.15134877285894743,0.8157940822863979,0.036954502161436024,0.0,0.5409415582533872,-0.2500420681630161,1.5822327669632221
2026-08-18T06:26:58.010+00:00,1787034418.0105739,194230.0100507,21.849501799995778,712,194229.9039947,23.892700002761558,81.63719999720342,10,0,0,4,1,0.0,1,estabilizada,1,1,1,,,,,,,,,,,,,nan,0.5409415582533872,-0.2500420681630161,1.5822327669632221
