wall_time_iso,t_wall,t_perf,session_elapsed_s,cycle_id,robot_id,state,previous_state,x,y,yaw,pose_age_ms,waypoint_x,waypoint_y,final_goal_x,final_goal_y,distance_error,desired_heading,angle_error,u_att_x,u_att_y,u_rep_x,u_rep_y,u_res_x,u_res_y,repulsion_norm,align_factor,linear_cmd,angular_cmd,left_cmd,right_cmd,controller_mode,avoid_enabled,requested_delay_ms,jitter_ms
2026-08-18T05:52:46.004+00:00,1787032366.0049634,192178.0539412,0.2607352999912109,217,2,ORIENT,ORIENT,0.20372723225380185,0.619758292970517,-3.023663561864921,358.09826850891113,1.0,0.625,1.0,0.625,0.7962900201225517,0.006582708339248116,3.030246270204169,0.9999783039093018,0.006582660600543022,0.0,0.0,0.9999783039093018,0.006582660600543022,0.0,0.0,0,35.0,-35,35,apf_fsm,1,0.0,0.0
2026-08-18T05:52:46.005+00:00,1787032366.0059636,192178.0547068,0.26150090000010096,217,3,ORIENT,ORIENT,1.0099247430408798,0.6241823300867068,1.318050575143749,359.0984344482422,0.2,0.625,0.2,0.625,0.8099251557853493,3.1405830911055923,1.8225325159618433,-0.999999463558197,0.001009562285616994,0.0,0.0,-0.999999463558197,0.001009562285616994,0.0,0.0,0,35.0,-35,35,apf_fsm,1,0.0,0.0
2026-08-18T05:52:46.142+00:00,1787032366.1427536,192178.1916202,0.39841429999796674,218,2,ORIENT,ORIENT,0.20372723225380185,0.619758292970517,-3.023663561864921,107.00273513793945,1.0,0.625,1.0,0.625,0.7962900201225517,0.006582708339248116,3.030246270204169,0.9999783039093018,0.006582660600543022,0.0,0.0,0.9999783039093018,0.006582660600543022,0.0,0.0,0,35.0,-35,35,apf_fsm,1,0.0,0.0
2026-08-18T05:52:46.143+00:00,1787032366.143752,192178.1924041,0.39919820000068285,218,3,ORIENT,ORIENT,1.0099247430408798,0.6241823300867068,1.318050575143749,108.0012321472168,0.2,0.625,0.2,0.625,0.8099251557853493,3.1405830911055923,1.8225325159618433,-0.999999463558197,0.001009562285616994,0.0,0.0,-0.999999463558197,0.001009562285616994,0.0,0.0,0,35.0,-35,35,apf_fsm,1,0.0,0.0
2026-08-18T05:52:46.289+00:00,1787032366.2899244,192178.3390202,0.5458142999850679,219,2,ORIENT,ORIENT,0.20372723225380185,0.619758292970517,-3.023663561864921,118.01815032958984,1.0,0.625,1.0,0.625,0.7962900201225517,0.006582708339248116,3.030246270204169,0.9999783039093018,0.006582660600543022,0.0,0.0,0.9999783039093018,0.006582660600543022,0.0,0.0,0,35.0,-35,35,apf_fsm,1,0.0,0.0
2026-08-18T05:52:46.290+00:00,1787032366.290935,192178.3398951,0.5466892000113148,219,3,ORIENT,ORIENT,1.0099247430408798,0.6241823300867068,1.318050575143749,119.02880668640137,0.2,0.625,0.2,0.625,0.8099251557853493,3.1405830911055923,1.8225325159618433,-0.999999463558197,0.001009562285616994,0.0,0.0,-0.999999463558197,0.001009562285616994,0.0,0.0,0,35.0,-35,35,apf_fsm,1,0.0,0.0
2026-08-18T05:52:46.408+00:00,1787032366.408742,192178.4574311,0.6642251999874134,220,2,ORIENT,ORIENT,0.20372723225380185,0.619758292970517,-3.0324024418568674,96.99821472167969,1.0,0.625,1.0,0.625,0.7962900201225517,0.006582708339248116,3.0389851501961154,0.9999783039093018,0.006582660600543022,0.0,0.0,0.9999783039093018,0.006582660600543022,0.0,0.0,0,35.0,-35,35,apf_fsm,1,0.0,0.0
2026-08-18T05:52:46.408+00:00,1787032366.408742,192178.4580235,0.6648175999871455,220,3,ORIENT,ORIENT,1.0099914788933024,0.6270493502792291,1.347518609853515,96.99821472167969,0.2,0.625,0.2,0.625,0.8099940714081346,-3.1390625704966375,1.7966041268294335,-0.9999968409538269,-0.002530080499127507,0.0,0.0,-0.9999968409538269,-0.002530080499127507,0.0,0.0,0,35.0,-35,35,apf_fsm,1,0.0,0.0
2026-08-18T05:52:46.547+00:00,1787032366.5474622,192178.5960357,0.8028297999990173,221,2,ORIENT,ORIENT,0.20372723225380185,0.619758292970517,-3.0324024418568674,96.00543975830078,1.0,0.625,1.0,0.625,0.7962900201225517,0.006582708339248116,3.0389851501961154,0.9999783039093018,0.006582660600543022,0.0,0.0,0.9999783039093018,0.006582660600543022,0.0,0.0,0,35.0,-35,35,apf_fsm,1,0.0,0.0
2026-08-18T05:52:46.547+00:00,1787032366.5474622,192178.5966105,0.8034046000102535,221,3,ORIENT,ORIENT,1.0090436071410942,0.6328524534636106,1.4549923165350491,96.00543975830078,0.2,0.625,0.2,0.625,0.8090817135996039,-3.1318871105405366,1.696305880104001,-0.9999529123306274,-0.00970539078116417,0.0,0.0,-0.9999529123306274,-0.00970539078116417,0.0,0.0,0,29.59576436442972,-29,29,apf_fsm,1,0.0,0.0
2026-08-18T05:52:46.688+00:00,1787032366.6889012,192178.7381209,0.9449150000000373,222,2,ORIENT,ORIENT,0.20372723225380185,0.619758292970517,-3.0324024418568674,99.94244575500488,1.0,0.625,1.0,0.625,0.7962900201225517,0.006582708339248116,3.0389851501961154,0.9999783039093018,0.006582660600543022,0.0,0.0,0.9999783039093018,0.006582660600543022,0.0,0.0,0,35.0,-35,35,apf_fsm,1,0.0,0.0
2026-08-18T05:52:46.689+00:00,1787032366.6899014,192178.7389149,0.9457089999923483,222,3,ORIENT,ORIENT,1.0090436071410942,0.6328524534636106,1.6433813089599065,100.94261169433594,0.2,0.625,0.2,0.625,0.8090817135996039,-3.1318871105405366,1.5079168876791433,-0.9999529123306274,-0.00970539078116417,0.0,0.0,-0.9999529123306274,-0.00970539078116417,0.0,0.0,0,26.0,-26,26,apf_fsm,1,0.0,0.0
2026-08-18T05:52:46.829+00:00,1787032366.8299372,192178.8788002,1.0855943000060506,223,2,ORIENT,ORIENT,0.20372723225380185,0.619758292970517,-2.970141189635183,98.34814071655273,1.0,0.625,1.0,0.625,0.7962900201225517,0.006582708339248116,2.976723897974431,0.9999783039093018,0.006582660600543022,0.0,0.0,0.9999783039093018,0.006582660600543022,0.0,0.0,0,35.0,-35,35,apf_fsm,1,0.0,0.0
2026-08-18T05:52:46.830+00:00,1787032366.8309367,192178.8794828,1.0862768999941181,223,3,ORIENT,ORIENT,1.0090436071410942,0.6328524534636106,1.8131258093274798,99.34759140014648,0.2,0.625,0.2,0.625,0.8090817135996039,-3.1318871105405366,1.3381723873115696,-0.9999529123306274,-0.00970539078116417,0.0,0.0,-0.9999529123306274,-0.00970539078116417,0.0,0.0,0,26.0,-26,26,apf_fsm,1,0.0,0.0
2026-08-18T05:52:46.972+00:00,1787032366.9728017,192179.0216841,1.228478200006066,224,2,ORIENT,ORIENT,0.20372723225380185,0.619758292970517,-2.8199836079855922,100.19493103027344,1.0,0.625,1.0,0.625,0.7962900201225517,0.006582708339248116,2.8265663163248402,0.9999783039093018,0.006582660600543022,0.0,0.0,0.9999783039093018,0.006582660600543022,0.0,0.0,0,35.0,-35,35,apf_fsm,1,0.0,0.0
2026-08-18T05:52:46.973+00:00,1787032366.9738042,192179.0226873,1.2294813999906182,224,3,ORIENT,ORIENT,1.0090436071410942,0.6328524534636106,1.9697663917220591,101.19748115539551,0.2,0.625,0.2,0.625,0.8090817135996039,-3.1318871105405366,1.1815318049169905,-0.9999529123306274,-0.00970539078116417,0.0,0.0,-0.9999529123306274,-0.00970539078116417,0.0,0.0,0,26.0,-26,26,apf_fsm,1,0.0,0.0
2026-08-18T05:52:47.110+00:00,1787032367.110805,192179.1598032,1.366597299987916,225,2,ORIENT,ORIENT,0.20372723225380185,0.619758292970517,-2.579165547371023,112.00213432312012,1.0,0.625,1.0,0.625,0.7962900201225517,0.006582708339248116,2.585748255710271,0.9999783039093018,0.006582660600543022,0.0,0.0,0.9999783039093018,0.006582660600543022,0.0,0.0,0,35.0,-35,35,apf_fsm,1,0.0,0.0
2026-08-18T05:52:47.112+00:00,1787032367.112806,192179.1614604,1.3682545000046957,225,3,ORIENT,ORIENT,1.0069580145307533,0.6285996798943584,2.1137938477294833,114.00318145751953,0.2,0.625,0.2,0.625,0.8069660432203807,-3.137131881442461,1.0322595780076416,-0.9999901056289673,-0.004460757598280907,0.0,0.0,-0.9999901056289673,-0.004460757598280907,0.0,0.0,0,26.0,-26,26,apf_fsm,1,0.0,0.0
2026-08-18T05:52:47.248+00:00,1787032367.2488637,192179.2977663,1.5045604000042658,226,2,ORIENT,ORIENT,0.20372723225380185,0.619758292970517,-2.4534730762306007,110.05687713623047,1.0,0.625,1.0,0.625,0.7962900201225517,0.006582708339248116,2.4600557845698487,0.9999783039093018,0.006582660600543022,0.0,0.0,0.9999783039093018,0.006582660600543022,0.0,0.0,0,35.0,-35,35,apf_fsm,1,0.0,0.0
2026-08-18T05:52:47.249+00:00,1787032367.249864,192179.2986703,1.50546439999016,226,3,ORIENT,ORIENT,1.0066495641638675,0.6263140907241833,2.1557708812491367,111.05728149414062,0.2,0.625,0.2,0.625,0.8066506345377712,-3.1399635825158643,0.9874508434145852,-0.9999986886978149,-0.0016290703788399696,0.0,0.0,-0.9999986886978149,-0.0016290703788399696,0.0,0.0,0,26.0,-26,26,apf_fsm,1,0.0,0.0
2026-08-18T05:52:47.385+00:00,1787032367.3850589,192179.4333954,1.6401895000017248,227,2,ORIENT,ORIENT,0.20476694001462814,0.6182241542038879,-1.9034463253642817,103.19280624389648,1.0,0.625,1.0,0.625,0.795261926524809,0.008520372867106257,1.9119666982313879,0.9999637007713318,0.008520269766449928,0.0,0.0,0.9999637007713318,0.008520269766449928,0.0,0.0,0,-26.0,26,-26,apf_fsm,1,0.0,0.0
2026-08-18T05:52:47.385+00:00,1787032367.3850589,192179.4341989,1.6409930000081658,227,3,ORIENT,ORIENT,1.0063800168978072,0.6171029979771039,2.3294521770441707,104.19368743896484,0.2,0.625,0.2,0.625,0.8064186842410446,3.1317998149693063,0.8023476379251355,-0.9999520182609558,0.009792681783437729,0.0,0.0,-0.9999520182609558,0.009792681783437729,0.0,0.0,0,26.0,-26,26,apf_fsm,1,0.0,0.0
2026-08-18T05:52:47.515+00:00,1787032367.515596,192179.5643964,1.7711905000032857,228,2,ORIENT,ORIENT,0.20630948924750084,0.6169032275555999,-1.7218063716870768,94.99835968017578,1.0,0.625,1.0,0.625,0.7937318089774275,0.01020106861138126,1.7320074402984582,0.9999479651451111,0.010200891643762589,0.0,0.0,0.9999479651451111,0.010200891643762589,0.0,0.0,0,26.0,-26,26,apf_fsm,1,0.0,0.0
2026-08-18T05:52:47.516+00:00,1787032367.5165951,192179.5651728,1.7719669000071008,228,3,ORIENT,ORIENT,1.0063800168978072,0.6171029979771039,2.453030827393678,95.99757194519043,0.2,0.625,0.2,0.625,0.8064186842410446,3.1317998149693063,0.6787689875756282,-0.9999520182609558,0.009792681783437729,0.0,0.0,-0.9999520182609558,0.009792681783437729,0.0,0.0,0,26.0,-26,26,apf_fsm,1,0.0,0.0
2026-08-18T05:52:47.645+00:00,1787032367.645906,192179.69483,1.90162409999175,229,2,ORIENT,ORIENT,0.20630948924750084,0.6169032275555999,-1.592612296346682,100.24714469909668,1.0,0.625,1.0,0.625,0.7937318089774275,0.01020106861138126,1.6028133649580634,0.9999479651451111,0.010200891643762589,0.0,0.0,0.9999479651451111,0.010200891643762589,0.0,0.0,0,26.0,-26,26,apf_fsm,1,0.0,0.0
2026-08-18T05:52:47.646+00:00,1787032367.6469,192179.6954007,1.9021948000008706,229,3,ORIENT,ORIENT,1.0051610569309923,0.6154690742820955,2.566951557807525,101.2411117553711,0.2,0.625,0.2,0.625,0.8052174651255851,3.1297559147452563,0.5628043569377312,-0.9999299645423889,0.011836462654173374,0.0,0.0,-0.9999299645423889,0.011836462654173374,0.0,0.0,0,26.0,-26,26,apf_fsm,1,0.0,0.0
2026-08-18T05:52:47.787+00:00,1787032367.7871137,192179.8362385,2.0430325999914203,230,2,ORIENT,ORIENT,0.20630948924750084,0.6169032275555999,-1.4799275037692985,100.94237327575684,1.0,0.625,1.0,0.625,0.7937318089774275,0.01020106861138126,1.4901285723806799,0.9999479651451111,0.010200891643762589,0.0,0.0,0.9999479651451111,0.010200891643762589,0.0,0.0,0,26.0,-26,26,apf_fsm,1,0.0,0.0
2026-08-18T05:52:47.788+00:00,1787032367.7881184,192179.8368218,2.043615900009172,230,3,ORIENT,ORIENT,1.0036886680242416,0.6137919623306911,2.7358039494952227,101.94706916809082,0.2,0.625,0.2,0.625,0.8037668164455263,3.127647811590319,0.39184386209509636,-0.9999027848243713,0.01394439022988081,0.0,0.0,-0.9999027848243713,0.01394439022988081,0.0,0.0,0,-26.0,26,-26,apf_fsm,1,0.0,0.0
2026-08-18T05:52:47.923+00:00,1787032367.9238708,192179.9726592,2.1794532999920193,231,2,ORIENT,ORIENT,0.20630948924750084,0.6169032275555999,-1.370248946483037,96.30370140075684,1.0,0.625,1.0,0.625,0.7937318089774275,0.01020106861138126,1.3804500150944183,0.9999479651451111,0.010200891643762589,0.0,0.0,0.9999479651451111,0.010200891643762589,0.0,0.0,0,26.0,-26,26,apf_fsm,1,0.0,0.0
2026-08-18T05:52:47.924+00:00,1787032367.9248736,192179.9733525,2.1801466000033543,231,3,ORIENT,ORIENT,1.0025164504085013,0.6124422364546434,2.7747732691123885,97.30648994445801,0.2,0.625,0.2,0.625,0.8026146962282225,3.125945947390388,0.3511726782779996,-0.9998776316642761,0.01564606837928295,0.0,0.0,-0.9998776316642761,0.01564606837928295,0.0,0.0,0,26.0,-26,26,apf_fsm,1,0.0,0.0
2026-08-18T05:52:48.083+00:00,1787032368.0833414,192180.1323541,2.3391482000006363,232,2,ORIENT,ORIENT,0.20630948924750084,0.6169032275555999,-1.3262801677698297,115.76128005981445,1.0,0.625,1.0,0.625,0.7937318089774275,0.01020106861138126,1.336481236381211,0.9999479651451111,0.010200891643762589,0.0,0.0,0.9999479651451111,0.010200891643762589,0.0,0.0,0,26.016991239469686,-26,26,apf_fsm,1,0.0,0.0
2026-08-18T05:52:48.084+00:00,1787032368.0843422,192180.1331381,2.339932200004114,232,3,ORIENT,ORIENT,1.0025164504085013,0.6124422364546434,2.883227791591849,116.76216125488281,0.2,0.625,0.2,0.625,0.8026146962282225,3.125945947390388,0.24271815579853895,-0.9998776316642761,0.01564606837928295,0.0,0.0,-0.9998776316642761,0.01564606837928295,0.0,0.0,0,-26.0,26,-26,apf_fsm,1,0.0,0.0
2026-08-18T05:52:48.214+00:00,1787032368.214204,192180.2629266,2.469720699999016,233,2,ORIENT,ORIENT,0.20630948924750084,0.6169032275555999,-1.2124458522575625,102.5853157043457,1.0,0.625,1.0,0.625,0.7937318089774275,0.01020106861138126,1.2226469208689439,0.9999479651451111,0.010200891643762589,0.0,0.0,0.9999479651451111,0.010200891643762589,0.0,0.0,0,26.0,-26,26,apf_fsm,1,0.0,0.0
2026-08-18T05:52:48.215+00:00,1787032368.2152038,192180.2635149,2.4703089999966323,233,3,ORIENT,ORIENT,1.001602084537091,0.6097505364990098,2.9282511713187103,102.5853157043457,0.2,0.625,0.2,0.625,0.8017471222719029,3.1225712137003936,0.19432004238168332,-0.9998190999031067,0.019020292907953262,0.0,0.0,-0.9998190999031067,0.019020292907953262,0.0,0.0,0,26.0,-26,26,apf_fsm,1,0.0,0.0
2026-08-18T05:52:48.354+00:00,1787032368.354162,192180.4027684,2.60956250000163,234,2,ORIENT,ORIENT,0.20803547160509936,0.6175736414543739,-1.0846714968611577,96.98843955993652,1.0,0.625,1.0,0.625,0.7919993466140016,0.009376860412518614,1.0940483572736763,0.9999560713768005,0.009376723319292068,0.0,0.0,0.9999560713768005,0.009376723319292068,0.0,0.0,0,26.0,-26,26,apf_fsm,1,0.0,0.0
2026-08-18T05:52:48.355+00:00,1787032368.3551607,192180.4034662,2.6102602999890223,234,3,RUN,ORIENT,1.0008607530578766,0.6076791863912925,3.0135000762042163,96.98843955993652,0.2,0.625,0.2,0.625,0.8010480362453283,3.119968279490925,0.1064682032867088,-0.9997662305831909,0.021622689440846443,0.0,0.0,-0.9997662305831909,0.021622689440846443,0.0,1.0,35.0,4.791069147901896,30,39,apf_fsm,1,0.0,0.0
2026-08-18T05:52:48.484+00:00,1787032368.4840858,192180.5326802,2.739474300004076,235,2,ORIENT,ORIENT,0.20803547160509936,0.6175736414543739,-0.8241315738057188,99.26867485046387,1.0,0.625,1.0,0.625,0.7919993466140016,0.009376860412518614,0.8335084342182374,0.9999560713768005,0.009376723319292068,0.0,0.0,0.9999560713768005,0.009376723319292068,0.0,0.0,0,-26.0,26,-26,apf_fsm,1,0.0,0.0
2026-08-18T05:52:48.484+00:00,1787032368.4840858,192180.5333556,2.740149699995527,235,3,RUN,RUN,1.0008607530578766,0.6076791863912925,3.07046199950717,99.26867485046387,0.2,0.625,0.2,0.625,0.8010480362453283,3.119968279490925,0.04950627998375534,-0.9997662305831909,0.021622689440846443,0.0,0.0,-0.9997662305831909,0.021622689440846443,0.0,1.0,35.0,-1.4986045157658179,36,33,apf_fsm,1,0.0,0.0
2026-08-18T05:52:48.624+00:00,1787032368.624793,192180.6736723,2.880466400005389,236,2,ORIENT,ORIENT,0.20962031780184595,0.6186651993670735,-0.6947690552930704,99.99871253967285,1.0,0.625,1.0,0.625,0.7904050681332413,0.008014710817422709,0.7027837661104931,0.9999678730964661,0.008014624938368797,0.0,0.0,0.9999678730964661,0.008014624938368797,0.0,0.0,0,26.0,-26,26,apf_fsm,1,0.0,0.0
2026-08-18T05:52:48.625+00:00,1787032368.6257937,192180.67488,2.8816741000046022,236,3,RUN,RUN,1.0008607530578766,0.6076791863912925,3.0620755018048045,100.99935531616211,0.2,0.625,0.2,0.625,0.8010480362453283,3.119968279490925,0.05789277768612067,-0.9997662305831909,0.021622689440846443,0.0,0.0,-0.9997662305831909,0.021622689440846443,0.0,1.0,35.0,0.872455196443993,34,35,apf_fsm,1,0.0,0.0
2026-08-18T05:52:48.776+00:00,1787032368.776296,192180.8246117,3.031405799993081,237,2,ORIENT,ORIENT,0.20962031780184595,0.6186651993670735,-0.5692334195942865,108.31356048583984,1.0,0.625,1.0,0.625,0.7904050681332413,0.008014710817422709,0.5772481304117092,0.9999678730964661,0.008014624938368797,0.0,0.0,0.9999678730964661,0.008014624938368797,0.0,0.0,0,26.0,-26,26,apf_fsm,1,0.0,0.0
2026-08-18T05:52:48.777+00:00,1787032368.7782958,192180.8265807,3.033374799997546,237,3,RUN,RUN,0.9976318669483619,0.6071781560085004,3.0216785413885066,110.31174659729004,0.2,0.625,0.2,0.625,0.7978309428035408,3.119252925171241,0.09757438378273431,-0.9997504949569702,0.02233787067234516,0.0,0.0,-0.9997504949569702,0.02233787067234516,0.0,1.0,35.0,2.3646000512088206,32,37,apf_fsm,1,0.0,0.0
2026-08-18T05:52:48.913+00:00,1787032368.9130168,192180.9618735,3.1686675999953877,238,2,ORIENT,ORIENT,0.21257795877357202,0.6212543254140858,-0.3120371600205984,103.99675369262695,1.0,0.625,1.0,0.625,0.7874309500440645,0.00475684694431947,0.3167940069649179,0.9999887347221375,0.004756829235702753,0.0,0.0,0.9999887347221375,0.004756829235702753,0.0,0.0,0,-26.0,26,-26,apf_fsm,1,0.0,0.0
2026-08-18T05:52:48.914+00:00,1787032368.914017,192180.9626719,3.1694659999920987,238,3,RUN,RUN,0.9976318669483619,0.6071781560085004,3.0216785413885066,247.03407287597656,0.2,0.625,0.2,0.625,0.7978309428035408,3.119252925171241,0.09757438378273431,-0.9997504949569702,0.02233787067234516,0.0,0.0,-0.9997504949569702,0.02233787067234516,0.0,1.0,35.0,0.9757438378273431,34,35,apf_fsm,1,0.0,0.0
2026-08-18T05:52:49.080+00:00,1787032369.0805285,192181.1291764,3.335970499989344,239,2,ORIENT,ORIENT,0.21369004287088345,0.6229645304311953,-0.19495602600475942,130.91516494750977,1.0,0.625,1.0,0.625,0.7863125916687069,0.002588629321316001,0.19754465532607543,0.9999966621398926,0.0025886264629662037,0.0,0.0,0.9999966621398926,0.0025886264629662037,0.0,0.0,0,-26.0,26,-26,apf_fsm,1,0.0,0.0
2026-08-18T05:52:49.081+00:00,1787032369.0815277,192181.1301157,3.336909800011199,239,3,RUN,RUN,0.9932504387798511,0.6069059743694338,3.0130567123199468,131.9143772125244,0.2,0.625,0.2,0.625,0.793456774114347,3.118786630428467,0.10572991810852006,-0.999739944934845,0.02280404604971409,0.0,0.0,-0.999739944934845,0.02280404604971409,0.0,1.0,35.0,1.342742882487702,33,36,apf_fsm,1,0.0,0.0
2026-08-18T05:52:49.214+00:00,1787032369.214409,192181.2636358,3.470429899985902,240,2,ORIENT,ORIENT,0.21369004287088345,0.6229645304311953,-0.1581148828567187,109.12966728210449,1.0,0.625,1.0,0.625,0.7863125916687069,0.002588629321316001,0.16070351217803472,0.9999966621398926,0.0025886264629662037,0.0,0.0,0.9999966621398926,0.0025886264629662037,0.0,0.0,0,26.0,-26,26,apf_fsm,1,0.0,0.0
2026-08-18T05:52:49.216+00:00,1787032369.2164102,192181.2646916,3.471485699992627,240,3,RUN,RUN,0.9775614787143417,0.6079110895595162,3.0130567123199468,110.13126373291016,0.2,0.625,0.2,0.625,0.7777492423914513,3.1196186224614544,0.10656191014150762,-0.9997586011886597,0.021972263231873512,0.0,0.0,-0.9997586011886597,0.021972263231873512,0.0,1.0,35.0,1.0947388225696408,33,36,apf_fsm,1,0.0,0.0
2026-08-18T05:52:49.354+00:00,1787032369.3546798,192181.4030718,3.6098659000126645,241,2,RUN,ORIENT,0.21451611017391387,0.6246584656182722,-0.039298879301011426,110.0773811340332,1.0,0.625,1.0,0.625,0.7854839640769586,0.00043480758756011395,0.03973368688857154,0.9999999403953552,0.00043480758904479444,0.0,0.0,0.9999999403953552,0.00043480758904479444,0.0,1.0,35.0,1.7880159099857194,33,36,apf_fsm,1,0.0,0.0
2026-08-18T05:52:49.354+00:00,1787032369.3546798,192181.4036493,3.610443399986252,241,3,RUN,RUN,0.9560118700214402,0.6082831701289282,3.0348042154553703,111.0835075378418,0.2,0.625,0.2,0.625,0.7561966675503492,3.119484394561179,0.08468017910580894,-0.9997556805610657,0.022106459364295006,0.0,0.0,-0.9997556805610657,0.022106459364295006,0.0,1.0,35.0,0.08094120480863554,34,35,apf_fsm,1,0.0,0.0
2026-08-18T05:52:49.485+00:00,1787032369.4855177,192181.5344541,3.7412482000072487,242,2,RUN,RUN,0.21451611017391387,0.6246584656182722,0.016897536309853356,100.44074058532715,1.0,0.625,1.0,0.625,0.7854839640769586,0.00043480758756011395,-0.016462728722293242,0.9999999403953552,0.00043480758904479444,0.0,0.0,0.9999999403953552,0.00043480758904479444,0.0,1.0,35.0,-2.1315018336032,37,32,apf_fsm,1,0.0,0.0
2026-08-18T05:52:49.486+00:00,1787032369.4864464,192181.5350911,3.7418851999973413,242,3,RUN,RUN,0.9560118700214402,0.6082831701289282,3.0348042154553703,242.85006523132324,0.2,0.625,0.2,0.625,0.7561966675503492,3.119484394561179,0.08468017910580894,-0.9997556805610657,0.022106459364295006,0.0,0.0,-0.9997556805610657,0.022106459364295006,0.0,1.0,35.0,0.8468017910580894,34,35,apf_fsm,1,0.0,0.0
2026-08-18T05:52:49.625+00:00,1787032369.625119,192181.6740936,3.8808877000119537,243,2,RUN,RUN,0.21596916648129633,0.6258708563753612,0.04016163926135344,100.0068187713623,1.0,0.625,1.0,0.625,0.7840313171671522,-0.0011107420738771443,-0.04127238133523058,0.9999994039535522,-0.0011107418686151505,0.0,0.0,0.9999994039535522,-0.0011107418686151505,0.0,1.0,35.0,-1.2810616548051128,36,33,apf_fsm,1,0.0,0.0
2026-08-18T05:52:49.626+00:00,1787032369.6261146,192181.6748356,3.881629699986661,243,3,RUN,RUN,0.9507626485526304,0.6080749916439503,3.0505361523650176,101.00245475769043,0.2,0.625,0.2,0.625,0.7509534009308519,3.1190527172780955,0.0685165649130779,-0.9997460246086121,0.02253802865743637,0.0,0.0,-0.9997460246086121,0.02253802865743637,0.0,1.0,35.0,0.11943915238519232,34,35,apf_fsm,1,0.0,0.0
2026-08-18T05:52:49.776+00:00,1787032369.7762756,192181.8254158,4.032209900004091,244,2,RUN,RUN,0.21596916648129633,0.6258708563753612,0.048362169054056936,108.00719261169434,1.0,0.625,1.0,0.625,0.7840313171671522,-0.0011107420738771443,-0.04947291112793408,0.9999994039535522,-0.0011107418686151505,0.0,0.0,0.9999994039535522,-0.0011107418686151505,0.0,1.0,35.0,-0.7817476540239633,35,34,apf_fsm,1,0.0,0.0
2026-08-18T05:52:49.777+00:00,1787032369.777282,192181.8259863,4.0327804000116885,244,3,RUN,RUN,0.9239506946962944,0.6074842324010287,3.097287183482897,109.01355743408203,0.2,0.625,0.2,0.625,0.724162558039166,3.117402676216479,0.02011549273358204,-0.9997074604034424,0.024187618866562843,0.0,0.0,-0.9997074604034424,0.024187618866562843,0.0,1.0,35.0,-1.4928825989465344,36,33,apf_fsm,1,0.0,0.0
2026-08-18T05:52:49.911+00:00,1787032369.9112885,192181.9595504,4.166344500001287,245,2,RUN,RUN,0.21596916648129633,0.6258708563753612,0.05652096076954675,101.54438018798828,1.0,0.625,1.0,0.625,0.7840313171671522,-0.0011107420738771443,-0.05763170284342389,0.9999994039535522,-0.0011107418686151505,0.0,0.0,0.9999994039535522,-0.0011107418686151505,0.0,1.0,35.0,-0.8618747384763823,35,34,apf_fsm,1,0.0,0.0
2026-08-18T05:52:49.911+00:00,1787032369.9112885,192181.9602097,4.16700379998656,245,3,RUN,RUN,0.9175534183375638,0.6073229505393534,3.110268917624312,102.4787425994873,0.2,0.625,0.2,0.625,0.7177711238588225,3.1169624680031336,0.006693550378821467,-0.999696671962738,0.024627694860100746,0.0,0.0,-0.999696671962738,0.024627694860100746,0.0,1.0,35.0,-0.40283247862840543,35,34,apf_fsm,1,0.0,0.0
2026-08-18T05:52:50.053+00:00,1787032370.053478,192182.1022613,4.309055399993667,246,2,RUN,RUN,0.2185666431480886,0.6269962970129113,0.05652096076954675,104.90083694458008,1.0,0.625,1.0,0.625,0.7814359067784193,-0.002554654865641304,-0.05907561563518805,0.9999967217445374,-0.0025546520482748747,0.0,0.0,0.9999967217445374,-0.0025546520482748747,0.0,1.0,35.0,-0.641293104063626,35,34,apf_fsm,1,0.0,0.0
2026-08-18T05:52:50.054+00:00,1787032370.0544715,192182.1028886,4.309682699997211,246,3,RUN,RUN,0.9053588597366068,0.6070484238670715,3.128652928424413,105.89432716369629,0.2,0.625,0.2,0.625,0.7055872590222859,3.116147871860265,-0.01250505656414802,-0.9996762871742249,0.025442035868763924,0.0,0.0,-0.9996762871742249,0.025442035868763924,0.0,1.0,35.0,-0.7970018086454123,35,34,apf_fsm,1,0.0,0.0
2026-08-18T05:52:50.181+00:00,1787032370.1819634,192182.2303412,4.437135299987858,247,2,RUN,RUN,0.2222112135971307,0.6285983241928026,0.05652096076954675,98.50144386291504,1.0,0.625,1.0,0.625,0.7777971099143045,-0.004626318678221226,-0.061147279447767974,0.9999892711639404,-0.004626302048563957,0.0,0.0,0.9999892711639404,-0.004626302048563957,0.0,1.0,35.0,-0.683981027917977,35,34,apf_fsm,1,0.0,0.0
2026-08-18T05:52:50.181+00:00,1787032370.1819634,192182.2311324,4.437926499987952,247,3,RUN,RUN,0.8955686965757113,0.6067574353973719,3.128652928424413,98.50144386291504,0.2,0.625,0.2,0.625,0.695807877807743,3.1153718309854534,-0.013281097438959666,-0.9996562600135803,0.02621781826019287,0.0,0.0,-0.9996562600135803,0.02621781826019287,0.0,1.0,35.0,-0.15997240500800425,35,34,apf_fsm,1,0.0,0.0
2026-08-18T05:52:50.316+00:00,1787032370.316769,192182.3659899,4.572783999989042,248,2,RUN,RUN,0.2315539465110504,0.6298700831969696,0.05652096076954675,103.36589813232422,1.0,0.625,1.0,0.625,0.7684614855886318,-0.006337488614807332,-0.06285844938435409,0.9999799132347107,-0.0063374461606144905,0.0,0.0,0.9999799132347107,-0.0063374461606144905,0.0,1.0,35.0,-0.6884754416240548,35,34,apf_fsm,1,0.0,0.0
2026-08-18T05:52:50.317+00:00,1787032370.317769,192182.3666584,4.5734524999861605,248,3,RUN,RUN,0.8814317235318159,0.605916871266883,3.136458178799871,104.36606407165527,0.2,0.625,0.2,0.625,0.6816988775388925,3.1135955069592063,-0.022862671840664817,-0.9996080994606018,0.027993489056825638,0.0,0.0,-0.9996080994606018,0.027993489056825638,0.0,1.0,35.0,-0.5639818224663284,35,34,apf_fsm,1,0.0,0.0
2026-08-18T05:52:50.450+00:00,1787032370.4501922,192182.4986811,4.705475199996727,249,2,RUN,RUN,0.23434429008784508,0.6300397974982306,0.05652096076954675,99.03669357299805,1.0,0.625,1.0,0.625,0.7656722965341695,-0.006582233913983568,-0.06310319468353032,0.9999783635139465,-0.006582186557352543,0.0,0.0,0.9999783635139465,-0.006582186557352543,0.0,1.0,35.0,-0.6395980323064712,35,34,apf_fsm,1,0.0,0.0
2026-08-18T05:52:50.450+00:00,1787032370.4501922,192182.4993609,4.706154999992577,249,3,RUN,RUN,0.8647800824200232,0.6051039202486344,3.136458178799871,99.03669357299805,0.2,0.625,0.2,0.625,0.6650777488172683,3.1116727711212584,-0.024785407678612703,-0.9995524287223816,0.029915418475866318,0.0,0.0,-0.9995524287223816,0.029915418475866318,0.0,1.0,35.0,-0.31514983111430306,35,34,apf_fsm,1,0.0,0.0
2026-08-18T05:52:50.576+00:00,1787032370.5769603,192182.6260268,4.832820899988292,250,2,RUN,RUN,0.24009197167446636,0.6301314297946838,0.05652096076954675,97.59974479675293,1.0,0.625,1.0,0.625,0.7599253536271426,-0.006752596067052171,-0.06327355683659892,0.999977171421051,-0.0067525445483624935,0.0,0.0,0.999977171421051,-0.0067525445483624935,0.0,1.0,35.0,-0.6386982437233905,35,34,apf_fsm,1,0.0,0.0
2026-08-18T05:52:50.577+00:00,1787032370.5779603,192182.6265058,4.833299899997655,250,3,RUN,RUN,0.8510489271313658,0.6043757393961622,3.136458178799871,98.59967231750488,0.2,0.625,0.2,0.625,0.6513755181493678,3.1099247306575797,-0.026533448142291416,-0.9994986653327942,0.031662631779909134,0.0,0.0,-0.9994986653327942,0.031662631779909134,0.0,1.0,35.0,-0.3265158976516691,35,34,apf_fsm,1,0.0,0.0
2026-08-18T05:52:50.718+00:00,1787032370.7180738,192182.7671415,4.973935599991819,251,2,RUN,RUN,0.25393009753468393,0.6296555269789184,0.03749437500168544,99.95269775390625,1.0,0.625,1.0,0.625,0.7460844277265528,-0.0062399870983848894,-0.043734362100070326,0.9999805092811584,-0.006239946465939283,0.0,0.0,0.9999805092811584,-0.006239946465939283,0.0,1.0,35.0,0.24652819477779764,34,35,apf_fsm,1,0.0,0.0
2026-08-18T05:52:50.719+00:00,1787032370.7193055,192182.7679745,4.974768599990057,251,3,RUN,RUN,0.84315572035331,0.6041526837968352,3.136458178799871,101.18436813354492,0.2,0.625,0.2,0.625,0.6434935051856078,3.109189891873312,-0.02726828692655925,-0.9994750618934631,0.03239709138870239,0.0,0.0,-0.9994750618934631,0.03239709138870239,0.0,1.0,35.0,-0.29840222671496663,35,34,apf_fsm,1,0.0,0.0
2026-08-18T05:52:50.853+00:00,1787032370.8539815,192182.9024761,5.1092701999878045,252,2,RUN,RUN,0.2669507223365656,0.628184683066888,-0.006026436147762165,100.66938400268555,1.0,0.625,1.0,0.625,0.7330561954510169,-0.0043444052182909434,0.0016820309294712215,0.9999905824661255,-0.0043443916365504265,0.0,0.0,0.9999905824661255,-0.0043443916365504265,0.0,1.0,35.0,1.6063940653286664,33,36,apf_fsm,1,0.0,0.0
2026-08-18T05:52:50.853+00:00,1787032370.8539815,192182.9030879,5.109881999989739,252,3,RUN,RUN,0.8308634396057317,0.6043444397348876,3.136458178799871,100.66938400268555,0.2,0.625,0.2,0.625,0.6312014984147617,3.1088626187937467,-0.027595560006124398,-0.9994643926620483,0.03272419050335884,0.0,0.0,-0.9994643926620483,0.03272419050335884,0.0,1.0,35.0,-0.2874101578460242,35,34,apf_fsm,1,0.0,0.0
2026-08-18T05:52:51.000+00:00,1787032371.0001285,192183.0484258,5.2552198999910615,253,2,RUN,RUN,0.27281832573937814,0.6273873560509667,-0.0400958848864847,108.58750343322754,1.0,0.625,1.0,0.625,0.7271855931255756,-0.003283013781097821,0.036812871105386884,0.9999945759773254,-0.0032830077689141035,0.0,0.0,0.9999945759773254,-0.0032830077689141035,0.0,1.0,35.0,1.597708117210917,33,36,apf_fsm,1,0.0,0.0
2026-08-18T05:52:51.000+00:00,1787032371.0001285,192183.0491886,5.255982700007735,253,3,RUN,RUN,0.8078047740225244,0.6054599528189861,3.1268610319925316,108.58750343322754,0.2,0.625,0.2,0.625,0.6081187850810137,3.109455163401797,-0.017405868590734563,-0.9994836449623108,0.03213195875287056,0.0,0.0,-0.9994836449623108,0.03213195875287056,0.0,1.0,35.0,0.18258051363129857,34,35,apf_fsm,1,0.0,0.0
2026-08-18T05:52:51.132+00:00,1787032371.1327195,192183.181397,5.388191100006225,254,2,RUN,RUN,0.27758869424925514,0.6266714663646905,-0.04779349274011298,98.94847869873047,1.0,0.625,1.0,0.625,0.7224132394110067,-0.0023137280552447013,0.04547976468486828,0.9999973773956299,-0.0023137261159718037,0.0,0.0,0.9999973773956299,-0.0023137261159718037,0.0,1.0,35.0,0.7581389221305317,34,35,apf_fsm,1,0.0,0.0
2026-08-18T05:52:51.133+00:00,1787032371.1337287,192183.1824988,5.389292899984866,254,3,RUN,RUN,0.7994205523137681,0.6058630433917696,3.1268610319925316,99.95770454406738,0.2,0.625,0.2,0.625,0.5997259554532954,3.109677735884779,-0.01718329610775271,-0.9994907379150391,0.03190949931740761,0.0,0.0,-0.9994907379150391,0.03190949931740761,0.0,1.0,35.0,-0.16404292417316224,35,34,apf_fsm,1,0.0,0.0
2026-08-18T05:52:51.264+00:00,1787032371.2641804,192183.3128919,5.519685999985086,255,2,RUN,RUN,0.2837354222275503,0.6255310767439194,-0.0600264260423042,102.32138633728027,1.0,0.625,1.0,0.625,0.7162647746567281,-0.0007414531557137202,0.05928497288659048,0.9999996423721313,-0.0007414530264213681,0.0,0.0,0.9999996423721313,-0.0007414530264213681,0.0,1.0,35.0,1.0760320159261818,33,36,apf_fsm,1,0.0,0.0
2026-08-18T05:52:51.265+00:00,1787032371.2651815,192183.3136836,5.520477699988987,255,3,RUN,RUN,0.7884529302912983,0.6060988234509572,3.1268610319925316,103.32250595092773,0.2,0.625,0.2,0.625,0.5887564060316911,3.1094835772680605,-0.017377454724471164,-0.9994845986366272,0.032103560864925385,0.0,0.0,-0.9994845986366272,0.032103560864925385,0.0,1.0,35.0,-0.18057009882985753,35,34,apf_fsm,1,0.0,0.0
2026-08-18T05:52:51.411+00:00,1787032371.4116235,192183.4605365,5.667330600001151,256,2,RUN,RUN,0.29555371471195585,0.6230717767280763,-0.06803467969391552,108.0012321472168,1.0,0.625,1.0,0.625,0.7044489242671259,0.0027372115488455825,0.0707718912427611,0.9999963045120239,0.002737208269536495,0.0,0.0,0.9999963045120239,0.002737208269536495,0.0,1.0,35.0,1.109761054893583,33,36,apf_fsm,1,0.0,0.0
2026-08-18T05:52:51.412+00:00,1787032371.4126217,192183.4615326,5.668326699989848,256,3,RUN,RUN,0.7767850509101419,0.6063419226781526,3.1177196449098057,110.00180244445801,0.2,0.625,0.2,0.625,0.5770867515398037,3.1092555199416614,-0.008464124968144304,-0.9994771480560303,0.032331496477127075,0.0,0.0,-0.9994771480560303,0.032331496477127075,0.0,1.0,35.0,0.22732529178999705,34,35,apf_fsm,1,0.0,0.0
2026-08-18T05:52:51.543+00:00,1787032371.5439801,192183.5955873,5.802381399989827,257,2,RUN,RUN,0.300668951319255,0.6216892437347162,-0.06803467969391552,100.33774375915527,1.0,0.625,1.0,0.625,0.6993388854882578,0.004734140624177431,0.07276882031809295,0.9999887347221375,0.004734122660011053,0.0,0.0,0.9999887347221375,0.004734122660011053,0.0,1.0,35.0,0.7975807208175442,34,35,apf_fsm,1,0.0,0.0
2026-08-18T05:52:51.543+00:00,1787032371.5439801,192183.5963499,5.803144000004977,257,3,RUN,RUN,0.7642743127364977,0.6066740980426659,3.1177196449098057,100.33774375915527,0.2,0.625,0.2,0.625,0.5645718189006574,3.109127127048771,-0.008592517861034654,-0.999472975730896,0.03245982155203819,0.0,0.0,-0.999472975730896,0.03245982155203819,0.0,1.0,35.0,-0.09041892986150879,35,34,apf_fsm,1,0.0,0.0
2026-08-18T05:52:51.686+00:00,1787032371.6861036,192183.7348547,5.94164879998425,258,2,RUN,RUN,0.3084329019583804,0.6203627471423736,-0.06803467969391552,105.03888130187988,1.0,0.625,1.0,0.625,0.6915826452476758,0.006705326384297623,0.07474000607821314,0.9999775290489197,0.0067052762024104595,0.0,0.0,0.9999775290489197,0.0067052762024104595,0.0,1.0,35.0,0.816391562386338,34,35,apf_fsm,1,0.0,0.0
2026-08-18T05:52:51.687+00:00,1787032371.6871107,192183.735532,5.942326099990169,258,3,RUN,RUN,0.7387224097548306,0.6077483765554637,3.1073674592456255,106.04596138000488,0.2,0.625,0.2,0.625,0.5389985651961643,3.109580374503585,0.0022129152579593026,-0.9994876384735107,0.03200681135058403,0.0,0.0,-0.9994876384735107,0.03200681135058403,0.0,1.0,35.0,0.4003193117443815,34,35,apf_fsm,1,0.0,0.0
2026-08-18T05:52:51.824+00:00,1787032371.8248029,192183.8735585,6.080352599994512,259,2,RUN,RUN,0.31326672577694226,0.6192938572088434,-0.06803467969391552,102.0054817199707,1.0,0.625,1.0,0.625,0.6867569802999272,0.008308920187382345,0.07634359988129787,0.9999654293060303,0.00830882415175438,0.0,0.0,0.9999654293060303,0.00830882415175438,0.0,1.0,35.0,0.819561781920944,34,35,apf_fsm,1,0.0,0.0
2026-08-18T05:52:51.825+00:00,1787032371.8257966,192183.8741418,6.080935900012264,259,3,RUN,RUN,0.7332881978112762,0.6084162985852086,3.0763008196538664,102.99921035766602,0.2,0.625,0.2,0.625,0.5335459877811976,3.1105055979647447,0.034204778310878314,-0.9995168447494507,0.031082049012184143,0.0,0.0,-0.9995168447494507,0.031082049012184143,0.0,1.0,35.0,1.4617629899609486,33,36,apf_fsm,1,0.0,0.0
2026-08-18T05:52:51.972+00:00,1787032371.9720037,192184.020391,6.227185099996859,260,2,RUN,RUN,0.3281635080940777,0.6161623629970421,-0.08834544769463037,107.99551010131836,1.0,0.625,1.0,0.625,0.6718946165019128,0.013153687083835547,0.10149913477846592,0.9999135136604309,0.01315330807119608,0.0,0.0,0.9999135136604309,0.01315330807119608,0.0,1.0,35.0,1.8954350691855413,33,36,apf_fsm,1,0.0,0.0
2026-08-18T05:52:51.972+00:00,1787032371.9720037,192184.0209251,6.227719199989224,260,3,RUN,RUN,0.7200964674583124,0.6101053988680584,3.0539643888841845,107.99551010131836,0.2,0.625,0.2,0.625,0.5203097006644168,3.1129623279083494,0.058997939024164836,-0.9995900988578796,0.02862641215324402,0.0,0.0,-0.9995900988578796,0.02862641215324402,0.0,1.0,35.0,1.4577400152066766,33,36,apf_fsm,1,0.0,0.0
2026-08-18T05:52:52.105+00:00,1787032372.10586,192184.15491,6.361704100010684,261,2,RUN,RUN,0.3354446019128745,0.6145759516139778,-0.09977628701752088,101.99236869812012,1.0,0.625,1.0,0.625,0.6646371475560872,0.01568446206707118,0.11546074908459206,0.9998769760131836,0.015683818608522415,0.0,0.0,0.9998769760131836,0.015683818608522415,0.0,1.0,35.0,1.6432639915603353,33,36,apf_fsm,1,0.0,0.0
2026-08-18T05:52:52.107+00:00,1787032372.1078715,192184.1566427,6.363436799991177,261,3,RUN,RUN,0.7047809776774092,0.6111245427632617,3.0539643888841845,104.00390625,0.2,0.625,0.2,0.625,0.5049716464698684,3.1141114978210878,0.060147108936903226,-0.9996224045753479,0.027477696537971497,0.0,0.0,-0.9996224045753479,0.027477696537971497,0.0,1.0,35.0,0.6416920363148759,34,35,apf_fsm,1,0.0,0.0
2026-08-18T05:52:52.243+00:00,1787032372.243649,192184.2925349,6.499329000012949,262,2,RUN,RUN,0.35201966623842673,0.6107861921992664,-0.09977628701752088,98.94061088562012,1.0,0.625,1.0,0.625,0.6481362088897333,0.021932037597378325,0.12170832461489921,0.9997594952583313,0.021930279210209846,0.0,0.0,0.9997594952583313,0.021930279210209846,0.0,1.0,35.0,1.4357483897097423,33,36,apf_fsm,1,0.0,0.0
2026-08-18T05:52:52.244+00:00,1787032372.2446508,192184.2932452,6.500039300008211,262,3,RUN,RUN,0.6942072981999796,0.6114857842524162,3.0806809206725534,99.94244575500488,0.2,0.625,0.2,0.625,0.49439203838795365,3.114254228798285,0.03357330812573167,-0.9996263384819031,0.027335019782185555,0.0,0.0,-0.9996263384819031,0.027335019782185555,0.0,1.0,35.0,-0.5943499471336877,35,34,apf_fsm,1,0.0,0.0
2026-08-18T05:52:52.386+00:00,1787032372.3861835,192184.434376,6.641170099988813,263,2,RUN,RUN,0.35676565572489705,0.6093593771429796,-0.09977628701752088,97.9773998260498,1.0,0.625,1.0,0.625,0.6434244716657715,0.024310797349555734,0.1240870843670766,0.9997044801712036,0.024308402091264725,0.0,0.0,0.9997044801712036,0.024308402091264725,0.0,1.0,35.0,1.324127434996975,33,36,apf_fsm,1,0.0,0.0
2026-08-18T05:52:52.386+00:00,1787032372.3861835,192184.4350035,6.641797599993879,263,3,RUN,RUN,0.6873072711365626,0.6116311729827063,3.103168993238711,98.94371032714844,0.2,0.625,0.2,0.625,0.48749061738497257,3.1141654512923873,0.010996458053676328,-0.9996238946914673,0.027423763647675514,0.0,0.0,-0.9996238946914673,0.027423763647675514,0.0,1.0,35.0,-0.6802251719851737,35,34,apf_fsm,1,0.0,0.0
2026-08-18T05:52:52.529+00:00,1787032372.5292618,192184.5774811,6.784275199985132,264,2,RUN,RUN,0.36802800917524486,0.6074433062987203,-0.09977628701752088,101.17626190185547,1.0,0.625,1.0,0.625,0.632215813374456,0.027773664293641132,0.127549951311162,0.9996142983436584,0.027770092710852623,0.0,0.0,0.9996142983436584,0.027770092710852623,0.0,1.0,35.0,1.3966998561546091,33,36,apf_fsm,1,0.0,0.0
2026-08-18T05:52:52.529+00:00,1787032372.5292618,192184.5784245,6.785218600009102,264,3,RUN,RUN,0.6816297082108074,0.6116287461645469,3.1145974495688193,102.17595100402832,0.2,0.625,0.2,0.625,0.4818152823026264,3.113837264109439,-0.0007601854593803914,-0.9996148347854614,0.027751825749874115,0.0,0.0,-0.9996148347854614,0.027751825749874115,0.0,1.0,35.0,-0.4190843775507891,35,34,apf_fsm,1,0.0,0.0
2026-08-18T05:52:52.676+00:00,1787032372.676695,192184.7250441,6.931838199991034,265,2,RUN,RUN,0.37713509229981906,0.605785591381644,-0.09977628701752088,108.00576210021973,1.0,0.625,1.0,0.625,0.6231612044590934,0.030838657171557156,0.13061494418907804,0.9995245337486267,0.030833769589662552,0.0,0.0,0.9995245337486267,0.030833769589662552,0.0,1.0,35.0,1.4134241926178417,33,36,apf_fsm,1,0.0,0.0
2026-08-18T05:52:52.677+00:00,1787032372.6776958,192184.7260484,6.9328425000130665,265,3,RUN,RUN,0.6578190778216721,0.6109245457920371,3.1335013243274368,109.00640487670898,0.2,0.625,0.2,0.625,0.45803539866329845,3.110857756596113,-0.0226435677313237,-0.9995276927947998,0.030730057507753372,0.0,0.0,-0.9995276927947998,0.030730057507753372,0.0,1.0,35.0,-0.9923540568312528,35,34,apf_fsm,1,0.0,0.0
2026-08-18T05:52:52.826+00:00,1787032372.8266518,192184.8756317,7.082425800006604,266,2,AVOID,RUN,0.3820511223078379,0.6050726772537462,-0.09977628701752088,114.7768497467041,1.0,0.625,1.0,0.625,0.6182700976376232,-0.44508943529552253,-0.34531314827800164,0.9994804859161377,0.03223077207803726,-0.6000484228134155,-0.22276504337787628,0.39943206310272217,-0.19053426384925842,0.6400643587112427,0.9409695007593412,24.0,-15.539091672510075,39,18.0,apf_fsm,1,0.0,0.0
2026-08-18T05:52:52.828+00:00,1787032372.8286533,192184.8772282,7.084022299997741,266,3,AVOID,RUN,0.6451968506222954,0.6114954716004877,3.124052886887075,116.77837371826172,0.2,0.625,0.2,0.625,0.44540162560469354,2.576892092123474,-0.547160794763601,-0.9995402693748474,0.03031989187002182,0.6000484228134155,0.22276504337787628,-0.3994918465614319,0.2530849277973175,0.6400643587112427,0.854005100248492,24.0,-24.622235764362046,48,0,apf_fsm,1,0.0,0.0
2026-08-18T05:52:52.994+00:00,1787032372.9944909,192185.0426897,7.249483799998416,267,2,AVOID,AVOID,0.3902457703580448,0.6038465578921705,-0.07592248170088128,125.18787384033203,1.0,0.625,1.0,0.625,0.6101210442848726,-1.5350568229704824,-1.4591343412696012,0.9993987679481506,0.03467089682817459,-0.9881228804588318,-0.35003861784935,0.011275887489318848,-0.315367728471756,1.0482909679412842,0.11143008910971022,7.8001062376797154,-35.0,42,-27,apf_fsm,1,0.0,0.0
2026-08-18T05:52:52.995+00:00,1787032372.9954875,192185.0442278,7.251021900010528,267,3,AVOID,AVOID,0.6317580001062439,0.612482178358853,3.124052886887075,127.19058990478516,0.2,0.625,0.2,0.625,0.43193942458912327,1.6010153778930643,-1.523037508994011,-0.9995799660682678,0.028980502858757973,0.9881228804588318,0.35003861784935,-0.011457085609436035,0.3790191113948822,1.0482909679412842,0.047740664319506534,3.3418465023654575,-35.0,38,-31,apf_fsm,1,0.0,0.0
2026-08-18T05:52:53.154+00:00,1787032373.1544561,192185.2027251,7.409519200009527,268,2,AVOID,AVOID,0.39910978557528975,0.6023773034391536,-0.05252208780614349,129.63151931762695,1.0,0.625,1.0,0.625,0.6013159204536817,-1.525026771511452,-1.4725046837053086,0.9992920756340027,0.037621982395648956,-0.9818366765975952,-0.4187313914299011,0.01745539903640747,-0.38110941648483276,1.0673983097076416,0.09813344955095786,6.86934146856705,-33.50969496138497,40,-26,apf_fsm,1,0.0,0.0
2026-08-18T05:52:53.155+00:00,1787032373.1554563,192185.2039018,7.410695900005521,268,3,AVOID,AVOID,0.6248722258977356,0.6127376365634511,3.124052886887075,131.63185119628906,0.2,0.625,0.2,0.625,0.4250491429192,1.6104266192322292,-1.513626267654846,-0.9995837211608887,0.0288492813706398,0.9818366765975952,0.4187313914299011,-0.017747044563293457,0.4475806653499603,1.0673983097076416,0.05713892164288455,3.999724515001919,-34.479027452121244,38,-30,apf_fsm,1,0.0,0.0
2026-08-18T05:52:53.312+00:00,1787032373.312006,192185.3605128,7.5673068999894895,269,2,AVOID,AVOID,0.4096759265406733,0.6011363270515162,-0.05252208780614349,116.22071266174316,1.0,0.625,1.0,0.625,0.5908062174623797,-1.5097770020293504,-1.457254914223207,0.9991839528083801,0.0403917133808136,-0.9698836207389832,-0.519976794719696,0.029300332069396973,-0.47958508133888245,1.1004772186279297,0.11329761370321817,7.930832959225272,-30.325327957376818,38,-22,apf_fsm,1,0.0,0.0
2026-08-18T05:52:53.312+00:00,1787032373.312006,192185.3610872,7.56788129999768,269,3,AVOID,AVOID,0.6075103790422396,0.6133148576838727,3.124052886887075,116.22071266174316,0.2,0.625,0.2,0.625,0.40767787722428345,1.624887489994171,-1.4991653968929042,-0.9995891451835632,0.028662685304880142,0.9698836207389832,0.519976794719696,-0.029705524444580078,0.5486394762992859,1.1004772186279297,0.07156968934975154,5.009878254482608,-33.10363548142374,38,-28,apf_fsm,1,0.0,0.0
2026-08-18T05:52:53.457+00:00,1787032373.4573734,192185.505682,7.712476099986816,270,2,AVOID,AVOID,0.42451928975886083,0.5981216184184949,-0.1044412837188637,104.97522354125977,1.0,0.625,1.0,0.625,0.5761080586626844,-1.4838250644752258,-1.379383780756362,0.9989110827445984,0.04665510356426239,-0.9503740072250366,-0.603329062461853,0.04853707551956177,-0.5566739439964294,1.1257071495056152,0.19024583229360145,8.0,-30.0,38,-22,apf_fsm,1,0.0,0.0
2026-08-18T05:52:53.457+00:00,1787032373.4573734,192185.5063325,7.713126599992393,270,3,AVOID,AVOID,0.60027012775806,0.6137233015726479,3.087048280471174,104.97522354125977,0.2,0.625,0.2,0.625,0.4004289438875206,1.6485964052493842,-1.4384518752217899,-0.9996033906936646,0.028161546215415,0.9503740072250366,0.603329062461853,-0.04922938346862793,0.6314905881881714,1.1257071495056152,0.13195845306784112,8.0,-30.0,38,-22,apf_fsm,1,0.0,0.0
2026-08-18T05:52:53.595+00:00,1787032373.5959935,192185.6442251,7.85101919999579,271,2,AVOID,AVOID,0.4277610880136058,0.5971752390240193,-0.14060218191618754,101.71341896057129,1.0,0.625,1.0,0.625,0.5729149934455745,-1.4519730244845197,-1.3113708425683321,0.998819887638092,0.048566997051239014,-0.9256578683853149,-0.6613876223564148,0.0731620192527771,-0.6128206253051758,1.1376625299453735,0.2565253032098908,8.0,-30.0,38,-22,apf_fsm,1,0.0,0.0
2026-08-18T05:52:53.595+00:00,1787032373.5959935,192185.6448782,7.85167229999206,271,3,AVOID,AVOID,0.5924554946344933,0.6175939075094732,2.8180302335409535,101.71341896057129,0.2,0.625,0.2,0.625,0.3925253692117021,1.679391313034844,-1.1386389205061096,-0.9998219609260559,0.01886780560016632,0.9256578683853149,0.6613876223564148,-0.07416409254074097,0.6802554130554199,1.1376625299453735,0.41883083919088143,8.0,-30.0,38,-22,apf_fsm,1,0.0,0.0
2026-08-18T05:52:53.736+00:00,1787032373.7363362,192185.7853042,7.992098299990175,272,2,AVOID,AVOID,0.43015776272174044,0.5964988831626595,-0.2526960708611086,101.01056098937988,1.0,0.625,1.0,0.625,0.5705545451990265,-1.4370742279089377,-1.1843781570478291,0.9987515211105347,0.049953360110521317,-0.9133144617080688,-0.6850555539131165,0.08543705940246582,-0.6351022124290466,1.141684889793396,0.3768731161425496,8.0,-30.0,38,-22,apf_fsm,1,0.0,0.0
2026-08-18T05:52:53.737+00:00,1787032373.737329,192185.7860457,7.992839799990179,272,3,AVOID,AVOID,0.5909699125956229,0.6191687779699424,2.568874202421225,102.00333595275879,0.2,0.625,0.2,0.625,0.39101339581322897,1.6938545073584188,-0.8750196950628064,-0.9998887777328491,0.014913100749254227,0.9133144617080688,0.6850555539131165,-0.08657431602478027,0.6999686360359192,1.141684889793396,0.6409817412215231,8.0,30.0,-22,38,apf_fsm,1,0.0,0.0
2026-08-18T05:52:53.879+00:00,1787032373.879237,192185.9273936,8.134187699994072,273,2,AVOID,AVOID,0.43436508083598546,0.5932551000732815,-0.5022174957707632,100.11005401611328,1.0,0.625,1.0,0.625,0.5665250219090403,-1.36169099032875,-0.8594734945579867,0.9984287619590759,0.05603441968560219,-0.8464841842651367,-0.7720539569854736,0.1519445776939392,-0.7160195112228394,1.145688772201538,0.6528363859487364,8.0,30.0,-22,38,apf_fsm,1,0.0,0.0
2026-08-18T05:52:53.879+00:00,1787032373.879237,192185.9279908,8.13478490000125,273,3,AVOID,AVOID,0.5890480650099925,0.6294135152184969,2.206185883418616,101.10974311828613,0.2,0.625,0.2,0.625,0.3890730985362561,1.769846473874136,-0.43633940954448014,-0.9999356865882874,-0.011343666352331638,0.8464841842651367,0.7720539569854736,-0.15345150232315063,0.7607102990150452,1.145688772201538,0.9063047878839371,24.0,10.99041589769662,18.0,34,apf_fsm,1,0.0,0.0
2026-08-18T05:52:54.032+00:00,1787032374.0323987,192186.0813437,8.288137800002005,274,2,AVOID,AVOID,0.4382321627605612,0.5857780412950525,-0.8997760112060781,113.51752281188965,1.0,0.625,1.0,0.625,0.5631353878077004,-1.261441502105304,-0.36166549089922595,0.9975715279579163,0.06964924931526184,-0.7409205436706543,-0.8726464509963989,0.25665098428726196,-0.8029972314834595,1.1447598934173584,0.9353088163965736,24.0,13.806625219064365,18.0,37,apf_fsm,1,0.0,0.0
2026-08-18T05:52:54.033+00:00,1787032374.0333984,192186.0819701,8.288764199998695,274,3,AVOID,AVOID,0.5877581254856342,0.6418036788362503,1.9879824025914004,114.5172119140625,0.2,0.625,0.2,0.625,0.3881220523270543,1.8725487375327807,-0.11543366505861963,-0.9990623593330383,-0.04329482838511467,0.7409205436706543,0.8726464509963989,-0.25814181566238403,0.8293516039848328,1.1447598934173584,0.9933449292748431,24.0,10.077364406418923,18.0,34,apf_fsm,1,0.0,0.0
2026-08-18T05:52:54.165+00:00,1787032374.1657221,192186.2142879,8.4210819999862,275,2,AVOID,AVOID,0.43958124674767013,0.5813166312014755,-1.0224686157243565,104.96163368225098,1.0,0.625,1.0,0.625,0.5621186847156779,-1.2141374213107805,-0.19166880558642396,0.996975839138031,0.07771200686693192,-0.6856445074081421,-0.9132918119430542,0.3113313317298889,-0.8355798125267029,1.1420202255249023,0.9816876990871601,24.0,4.03319593008383,19,28,apf_fsm,1,0.0,0.0
2026-08-18T05:52:54.166+00:00,1787032374.1667328,192186.2149001,8.42169419999118,275,3,AVOID,AVOID,0.5874130302774847,0.6478291126317599,1.8893434857899027,104.96163368225098,0.2,0.625,0.2,0.625,0.38808507367887374,1.9215387206086751,0.0321952348187724,-0.9982683062553406,-0.05882502347230911,0.6856445074081421,0.9132918119430542,-0.3126237988471985,0.8544667959213257,1.1420202255249023,0.9994817781926421,24.0,5.488963843896444,18,29,apf_fsm,1,0.0,0.0
2026-08-18T05:52:54.304+00:00,1787032374.3044467,192186.3528766,8.559670699993148,276,2,AVOID,AVOID,0.4401004581505708,0.5795520500677452,-1.082793795382087,101.91822052001953,1.0,0.625,1.0,0.625,0.5617410552169438,-1.187801221069313,-0.10500742568722599,0.9967218041419983,0.08090551197528839,-0.6531094908714294,-0.9337747097015381,0.34361231327056885,-0.8528692126274109,1.1395118236541748,0.9944917844558241,24.0,1.9830740395996695,22,25,apf_fsm,1,0.0,0.0
2026-08-18T05:52:54.304+00:00,1787032374.3044467,192186.3534281,8.56022220000159,276,3,AVOID,AVOID,0.5873117777091323,0.6525655937598197,1.839149679997958,101.91822052001953,0.2,0.625,0.2,0.625,0.3882914821516688,1.950557456613527,0.111407776615569,-0.9974769353866577,-0.07099200785160065,0.6531094908714294,0.9337747097015381,-0.34436744451522827,0.8627827167510986,1.1395118236541748,0.9938005697545992,24.0,3.8865167290435707,20,27,apf_fsm,1,0.0,0.0
2026-08-18T05:52:54.444+00:00,1787032374.4446642,192186.4933553,8.700149399985094,277,2,AVOID,AVOID,0.44164403884343545,0.5775818185553228,-1.0815402786720683,104.00819778442383,1.0,0.625,1.0,0.625,0.5603658298741915,-1.157690026272454,-0.07614974760038584,0.9964132905006409,0.08462003618478775,-0.6135221719741821,-0.958143949508667,0.38289111852645874,-0.8735238909721375,1.137738585472107,0.997102008778432,24.0,0.24852125703554662,23,24,apf_fsm,1,0.0,0.0
2026-08-18T05:52:54.445+00:00,1787032374.4456651,192186.4940825,8.700876599992625,277,3,AVOID,AVOID,0.5868985003864422,0.65770685188562,1.8134839870453003,105.00907897949219,0.2,0.625,0.2,0.625,0.38827849253022717,1.9837720806302286,0.17028809358492825,-0.9964458346366882,-0.08423555642366409,0.6135221719741821,0.958143949508667,-0.3829236626625061,0.8739084005355835,1.137738585472107,0.9855359856600462,24.0,3.763692029776856,20,27,apf_fsm,1,0.0,0.0
2026-08-18T05:52:54.581+00:00,1787032374.5814953,192186.6299151,8.83670919999713,278,2,AVOID,AVOID,0.4440352772030919,0.5746565668795357,-1.0043828926556837,100.00348091125488,1.0,0.625,1.0,0.625,0.5582394058582729,-1.1014557986326698,-0.09707290597698615,0.99592524766922,0.09018251299858093,-0.5349962711334229,-0.9990678429603577,0.4609289765357971,-0.9088853597640991,1.133294939994812,0.9952921241230914,24.0,-1.703039602950872,25,22,apf_fsm,1,0.0,0.0
2026-08-18T05:52:54.581+00:00,1787032374.5814953,192186.6306124,8.83740650000982,278,3,AVOID,AVOID,0.5851978158970588,0.669022178595741,1.8134839870453003,100.00348091125488,0.2,0.625,0.2,0.625,0.38770518384486385,2.0485939734391794,0.23510998639387903,-0.9935328364372253,-0.1135455071926117,0.5349962711334229,0.9990678429603577,-0.4585365653038025,0.8855223655700684,1.133294939994812,0.9724887258901218,24.0,4.619866112252068,19,28,apf_fsm,1,0.0,0.0
2026-08-18T05:52:54.727+00:00,1787032374.727857,192186.7763914,8.983185499993851,279,2,AVOID,AVOID,0.4451367697096835,0.5730976521156594,-0.92286893459256,105.12876510620117,1.0,0.625,1.0,0.625,0.5572854367773411,-1.0836981366384293,-0.16082920204586926,0.9956535696983337,0.09313422441482544,-0.5097813606262207,-1.0104514360427856,0.48587220907211304,-0.9173172116279602,1.1317636966705322,0.9870948370110071,24.0,-3.8397623828696017,27,20,apf_fsm,1,0.0,0.0
2026-08-18T05:52:54.727+00:00,1787032374.727857,192186.776954,8.983748099999502,279,3,AVOID,AVOID,0.5848037299183384,0.6720076462662787,1.8134839870453003,105.12876510620117,0.2,0.625,0.2,0.625,0.3876643256305139,2.0682562238792443,0.254772236833944,-0.9926209449768066,-0.12125862389802933,0.5097813606262207,1.0104514360427856,-0.48283958435058594,0.8891928195953369,1.1317636966705322,0.9677207228016931,24.0,3.2359011337417143,20,27,apf_fsm,1,0.0,0.0
2026-08-18T05:52:54.866+00:00,1787032374.866358,192186.9150064,9.121800499997335,280,2,AVOID,AVOID,0.4451367697096835,0.5730976521156594,-0.8703041161920277,101.00507736206055,1.0,0.625,1.0,0.625,0.5572854367773411,-1.066421102224746,-0.19611698603271832,0.9956535696983337,0.09313422441482544,-0.4834301173686981,-1.0210801362991333,0.512223482131958,-0.9279459118843079,1.129738688468933,0.9808306230755984,24.0,-3.1962422998669004,27,20,apf_fsm,1,0.0,0.0
2026-08-18T05:52:54.867+00:00,1787032374.867357,192186.9157738,9.122567899990827,280,3,AVOID,AVOID,0.5833513893030321,0.6770082853377881,1.8249361930511534,102.0040512084961,0.2,0.625,0.2,0.625,0.38686321797806217,2.090654890667208,0.2657186976160548,-0.9909222722053528,-0.13443584740161896,0.4834301173686981,1.0210801362991333,-0.507492184638977,0.8866443037986755,1.129738688468933,0.9649040180830922,24.0,3.0403131035344266,20,27,apf_fsm,1,0.0,0.0
2026-08-18T05:52:55.018+00:00,1787032375.0187192,192187.0675713,9.274365399993258,281,2,AVOID,AVOID,0.44798236751005227,0.5707372664402772,-0.8063389909239536,114.47620391845703,1.0,0.625,1.0,0.625,0.5546782047576598,-1.0242278781149148,-0.21788888719096122,0.9952033758163452,0.09782741218805313,-0.4168494641780853,-1.0484519004821777,0.5783538818359375,-0.9506244659423828,1.1282795667648315,0.9763559816532428,24.0,-2.9409054124481138,26,21,apf_fsm,1,0.0,0.0
2026-08-18T05:52:55.019+00:00,1787032375.0196466,192187.0684162,9.275210299994797,281,3,AVOID,AVOID,0.5799850662176126,0.6843998286814694,1.8699979066089598,115.40365219116211,0.2,0.625,0.2,0.625,0.3845997792456352,2.1393060248904066,0.26930811828144674,-0.98800128698349,-0.1544458270072937,0.4168494641780853,1.0484519004821777,-0.571151852607727,0.894006073474884,1.1282795667648315,0.9639552122772698,24.0,2.8187109061031848,21,26,apf_fsm,1,0.0,0.0
2026-08-18T05:52:55.165+00:00,1787032375.1658688,192187.2147166,9.421510699990904,282,2,AVOID,AVOID,0.44951604957189173,0.5697392943404139,-0.7387092632509351,107.15961456298828,1.0,0.625,1.0,0.625,0.553250689352423,-0.9926996087673976,-0.2539903455164625,0.9949991703033447,0.09988366812467575,-0.36455127596855164,-1.0661590099334717,0.6304478645324707,-0.9662753343582153,1.12676203250885,0.9679174831340919,24.0,-3.803454496557169,27,20,apf_fsm,1,0.0,0.0
2026-08-18T05:52:55.166+00:00,1787032375.1668684,192187.215424,9.422218099993188,282,3,AVOID,AVOID,0.5764469262226601,0.6909673353445884,1.926607433284449,108.15930366516113,0.2,0.625,0.2,0.625,0.3821831728307178,2.1777213319808855,0.2511138986964365,-0.9849908351898193,-0.17260658740997314,0.36455127596855164,1.0661590099334717,-0.6204395294189453,0.8935524225234985,1.12676203250885,0.9686362377211083,24.0,1.8743413014890076,22,25,apf_fsm,1,0.0,0.0
2026-08-18T05:52:55.303+00:00,1787032375.303878,192187.3525951,9.559389200003352,283,2,AVOID,AVOID,0.44951604957189173,0.5697392943404139,-0.7123153669308291,103.20520401000977,1.0,0.625,1.0,0.625,0.553250689352423,-0.9663865670498129,-0.25407120011898376,0.9949991703033447,0.09988366812467575,-0.3196466565132141,-1.0777623653411865,0.6753525137901306,-0.9778786897659302,1.1241644620895386,0.9678971637737772,24.0,-2.5435419122780822,26,21,apf_fsm,1,0.0,0.0
2026-08-18T05:52:55.304+00:00,1787032375.304878,192187.3533196,9.560113699990325,283,3,AVOID,AVOID,0.5723522988573279,0.6982675164567842,1.9732935200945534,104.20513153076172,0.2,0.625,0.2,0.625,0.37949224423179184,2.2128618158053865,0.23956829571083316,-0.9811856150627136,-0.1930672526359558,0.3196466565132141,1.0777623653411865,-0.6615389585494995,0.8846951127052307,1.1241644620895386,0.9714405015787724,24.0,1.9915868526122138,22,25,apf_fsm,1,0.0,0.0
2026-08-18T05:52:55.439+00:00,1787032375.4397337,192187.488347,9.695141100004548,284,2,AVOID,AVOID,0.44951604957189173,0.5697392943404139,-0.6897437127730817,100.23283958435059,1.0,0.625,1.0,0.625,0.553250689352423,-0.9310227388612682,-0.24127902608818652,0.9949991703033447,0.09988366812467575,-0.2580225169658661,-1.0901881456375122,0.7369766235351562,-0.9903044700622559,1.120306134223938,0.9710331525649479,24.0,-1.9650641698039617,25,22,apf_fsm,1,0.0,0.0
2026-08-18T05:52:55.440+00:00,1787032375.4407353,192187.4897638,9.696557899995241,284,3,AVOID,AVOID,0.5662239252798104,0.7082749378892663,2.024563687084534,101.23443603515625,0.2,0.625,0.2,0.625,0.37557246801091965,2.26101175193923,0.23644806485469605,-0.9751085638999939,-0.22172801196575165,0.2580225169658661,1.0901881456375122,-0.7170860767364502,0.8684601187705994,1.120306134223938,0.9721761500779883,24.0,2.2552725685821615,21,26,apf_fsm,1,0.0,0.0
2026-08-18T05:52:55.586+00:00,1787032375.5863073,192187.6350766,9.841870700009167,285,2,AVOID,AVOID,0.4552479441275861,0.5656454875602646,-0.6420819927146735,105.06987571716309,1.0,0.625,1.0,0.625,0.5479760583494322,-0.8913663595280454,-0.24928436681337196,0.994116485118866,0.10831588506698608,-0.19112733006477356,-1.1024600267410278,0.80298912525177,-0.9941441416740417,1.118904709815979,0.9690892240743141,24.0,-2.7730305935152098,26,21,apf_fsm,1,0.0,0.0
2026-08-18T05:52:55.587+00:00,1787032375.5873158,192187.6357188,9.842512900009751,285,3,AVOID,AVOID,0.5636922630417079,0.7122564114631396,2.035048807856026,106.0783863067627,0.2,0.625,0.2,0.625,0.37401302589324825,2.3029957955946516,0.2679469877386258,-0.9724053740501404,-0.23329779505729675,0.19112733006477356,1.1024600267410278,-0.7812780141830444,0.8691622018814087,1.118904709815979,0.9643164678125572,24.0,3.781932178323799,20,27,apf_fsm,1,0.0,0.0
2026-08-18T05:52:55.734+00:00,1787032375.734069,192187.7824674,9.989261499984423,286,2,AVOID,AVOID,0.45831873255746114,0.5628480857041547,-0.634132541891114,104.01105880737305,1.0,0.625,1.0,0.625,0.5452352299226394,-0.8657842878648787,-0.2316517459737647,0.9934818744659424,0.11399100720882416,-0.14899951219558716,-1.1064574718475342,0.8444823622703552,-0.9924664497375488,1.1164448261260986,0.9732885060104374,24.0,-1.699375730351393,25,22,apf_fsm,1,0.0,0.0
2026-08-18T05:52:55.734+00:00,1787032375.734069,192187.7830466,9.989840700000059,286,3,AVOID,AVOID,0.561673841821572,0.715669557324659,2.035048807856026,104.01105880737305,0.2,0.625,0.2,0.625,0.37286584247343585,2.3310827749788414,0.2960339671228156,-0.9699837565422058,-0.2431693822145462,0.14899951219558716,1.1064574718475342,-0.8209842443466187,0.8632881045341492,1.1164448261260986,0.9565010154754537,24.0,3.943383949674799,20,27,apf_fsm,1,0.0,0.0
2026-08-18T05:52:55.878+00:00,1787032375.8786643,192187.9272776,10.13407170001301,287,2,AVOID,AVOID,0.46320661384852896,0.5583428466400467,-0.6436510521257653,105.18455505371094,1.0,0.625,1.0,0.625,0.5409161815937981,-0.8166856954722099,-0.17303464334644458,0.9923781156539917,0.12323009222745895,-0.06968885660171509,-1.1055415868759155,0.9226892590522766,-0.982311487197876,1.1077358722686768,0.9850668214563669,24.0,0.3212521584917585,23,24,apf_fsm,1,0.0,0.0
2026-08-18T05:52:55.879+00:00,1787032375.8796694,192187.9279113,10.134705400007078,287,3,AVOID,AVOID,0.5565406932269554,0.7261274260762114,2.035048807856026,106.18972778320312,0.2,0.625,0.2,0.625,0.3706049409162775,2.390783739147962,0.355734931291936,-0.9620505571365356,-0.2728712260723114,0.06968885660171509,1.1055415868759155,-0.8923617005348206,0.8326703310012817,1.1077358722686768,0.9373907805834818,24.0,5.646883058838574,18,29,apf_fsm,1,0.0,0.0
2026-08-18T05:52:56.024+00:00,1787032376.024828,192188.073115,10.27990910000517,288,2,AVOID,AVOID,0.46641663567553726,0.5549248460378977,-0.67640564868547,111.20915412902832,1.0,0.625,1.0,0.625,0.5381651548424746,-0.7817555541607671,-0.1053499054752971,0.9914862513542175,0.1302112489938736,-0.015353500843048096,-1.0992584228515625,0.9761327505111694,-0.9690471887588501,1.0993655920028687,0.9944558292672503,24.0,1.3154667707371908,22,25,apf_fsm,1,0.0,0.0
2026-08-18T05:52:56.024+00:00,1787032376.024828,192188.0737453,10.280539400002453,288,3,AVOID,AVOID,0.551678393248552,0.7349076189253589,2.0545928389074954,111.20915412902832,0.2,0.625,0.2,0.625,0.3684526794253572,2.4354249141548934,0.3808320752473979,-0.9544736742973328,-0.2982950508594513,0.015353500843048096,1.0992584228515625,-0.9391201734542847,0.8009634017944336,1.0993655920028687,0.928355680390674,24.0,4.686720790915146,19,28,apf_fsm,1,0.0,0.0
2026-08-18T05:52:56.166+00:00,1787032376.1663647,192188.2152651,10.422059200005606,289,2,AVOID,AVOID,0.4679350320739508,0.553284648491,-0.693714516024045,102.2179126739502,1.0,0.625,1.0,0.625,0.5368763560971997,-0.759776446525451,-0.06606193050140596,0.9910381436347961,0.13357889652252197,0.018515795469284058,-1.0926814079284668,1.0095539093017578,-0.9591025114059448,1.0928382873535156,0.997818704139419,24.0,0.7144598190721301,23,24,apf_fsm,1,0.0,0.0
2026-08-18T05:52:56.167+00:00,1787032376.1673007,192188.2161972,10.42299130000174,289,3,AVOID,AVOID,0.5473149193292949,0.7419689646377301,2.0968878505805884,103.15394401550293,0.2,0.625,0.2,0.625,0.3664824578027401,2.4665089583871453,0.369621107806557,-0.9476985931396484,-0.3191666007041931,-0.018515795469284058,1.0926814079284668,-0.9662144184112549,0.7735148072242737,1.0928382873535156,0.9324642919448292,24.0,3.303827217636137,20,27,apf_fsm,1,0.0,0.0
2026-08-18T05:52:56.302+00:00,1787032376.3026538,192188.3513428,10.558136899984675,290,2,AVOID,AVOID,0.47040613677383925,0.5500620122471397,-0.7387353651056164,97.67675399780273,1.0,0.625,1.0,0.625,0.5348694812524428,-0.7445204089261899,-0.005785043820573432,0.9901366233825684,0.14010517299175262,0.03881418704986572,-1.0881940126419067,1.028950810432434,-0.9480888247489929,1.088886022567749,0.9999832666806645,24.0,2.0518405956234043,21,26,apf_fsm,1,0.0,0.0
2026-08-18T05:52:56.303+00:00,1787032376.3036573,192188.3518316,10.558625700010452,290,3,AVOID,AVOID,0.5458710773978597,0.7439363256287524,2.1133050118340257,98.68025779724121,0.2,0.625,0.2,0.625,0.36574943846084695,2.4822516386559577,0.3689466268219319,-0.9456503391265869,-0.32518523931503296,-0.03881418704986572,1.0881940126419067,-0.9844645261764526,0.7630087733268738,1.088886022567749,0.9327077442795411,24.0,3.6658594337574413,20,27,apf_fsm,1,0.0,0.0
2026-08-18T05:52:56.448+00:00,1787032376.4483244,192188.4973521,10.704146200005198,291,2,AVOID,AVOID,0.4738923257788616,0.545909705402942,-0.7873216416484135,103.00302505493164,1.0,0.625,1.0,0.625,0.5320193225568267,-0.7129630093766612,0.07435863227175221,0.9888882637023926,0.1486605703830719,0.08379971981048584,-1.0762072801589966,1.0726879835128784,-0.9275467395782471,1.0794649124145508,0.9972366705069635,24.0,3.5486149859489196,20,27,apf_fsm,1,0.0,0.0
2026-08-18T05:52:56.449+00:00,1787032376.4493177,192188.4980049,10.704798999999184,291,3,AVOID,AVOID,0.539441902176893,0.7516819902123583,2.1588443571441767,103.99627685546875,0.2,0.625,0.2,0.625,0.36231082180585145,2.522966872062504,0.36412251491832714,-0.936880350112915,-0.34964999556541443,-0.08379971981048584,1.0762072801589966,-1.0206800699234009,0.7265572547912598,1.0794649124145508,0.9344366191769793,24.0,3.4723812325571046,20,27,apf_fsm,1,0.0,0.0
2026-08-18T05:52:56.583+00:00,1787032376.583626,192188.63196,10.838754099997459,292,2,AVOID,AVOID,0.4775487188419838,0.5415876276248865,-0.8151938168093891,99.43580627441406,1.0,0.625,1.0,0.625,0.5290680155224818,-0.6941265527473346,0.12106726406205448,0.987493634223938,0.15765908360481262,0.1065586507320404,-1.0682358741760254,1.0940523147583008,-0.9105768203735352,1.0735374689102173,0.9926803059109282,24.0,2.845474753281124,21,26,apf_fsm,1,0.0,0.0
2026-08-18T05:52:56.584+00:00,1787032376.5846276,192188.6327641,10.839558200008469,292,3,AVOID,AVOID,0.5370796918015333,0.7543215700503407,2.170236405931231,99.43580627441406,0.2,0.625,0.2,0.625,0.36103571444567895,2.542643013060253,0.37240660712902196,-0.9336464405059814,-0.35819607973098755,-0.1065586507320404,1.0682358741760254,-1.0402051210403442,0.7100397944450378,1.0735374689102173,0.9314543802637457,24.0,4.014009298664538,19,28,apf_fsm,1,0.0,0.0
2026-08-18T05:52:56.742+00:00,1787032376.7421494,192188.7902866,10.997080700006336,293,2,AVOID,AVOID,0.4793446245379453,0.5396211610234083,-0.8238191397636966,114.00341987609863,1.0,0.625,1.0,0.625,0.5276092930782436,-0.6737832154122991,0.15003592435139745,0.986819863319397,0.16182208061218262,0.13392837345600128,-1.0566617250442505,1.1207482814788818,-0.8948396444320679,1.0651154518127441,0.9887657088300266,24.0,2.5142623536409783,21,26,apf_fsm,1,0.0,0.0
2026-08-18T05:52:56.743+00:00,1787032376.743165,192188.7919621,10.998756199987838,293,3,AVOID,AVOID,0.5302769354552302,0.7617433126776412,2.20723940168754,116.01901054382324,0.2,0.625,0.2,0.625,0.35746550554669393,2.5742335062443793,0.36699410455683923,-0.9239407181739807,-0.3825356662273407,-0.13392837345600128,1.0566617250442505,-1.0578690767288208,0.6741260290145874,1.0651154518127441,0.9334101101727389,24.0,3.4805034555419967,20,27,apf_fsm,1,0.0,0.0
2026-08-18T05:52:56.893+00:00,1787032376.8934228,192188.9418229,11.148616999998922,294,2,AVOID,AVOID,0.48486030323713625,0.5330069614467793,-0.8358536792759746,110.65030097961426,1.0,0.625,1.0,0.625,0.5232892377291831,-0.6543604886318338,0.18149319064414082,0.9844262599945068,0.17579768598079681,0.14956887066364288,-1.0456942319869995,1.1339951753616333,-0.8698965311050415,1.056336760520935,0.9835752708056493,24.0,2.915936226687426,21,26,apf_fsm,1,0.0,0.0
2026-08-18T05:52:56.894+00:00,1787032376.8944786,192188.9432568,11.150050900003407,294,3,AVOID,AVOID,0.528336748669285,0.764056271788403,2.2167664359358104,111.70601844787598,0.2,0.625,0.2,0.625,0.35656930217057026,2.5919673093831195,0.3752008734473091,-0.9208216667175293,-0.3899838328361511,-0.14956887066364288,1.0456942319869995,-1.0703905820846558,0.6557103991508484,1.056336760520935,0.9304340287141797,24.0,4.039245645639538,19,28,apf_fsm,1,0.0,0.0
2026-08-18T05:52:57.053+00:00,1787032377.0530777,192189.1019715,11.308765599998878,295,2,AVOID,AVOID,0.4882227227520123,0.5294612209835583,-0.8633186271530826,127.70462036132812,1.0,0.625,1.0,0.625,0.5206185165774612,-0.6405413772200438,0.22277724993303882,0.9830178618431091,0.18351015448570251,0.16068683564662933,-1.0360112190246582,1.1437046527862549,-0.8525010347366333,1.048398494720459,0.9752876083003649,24.0,3.6727145744418186,20,27,apf_fsm,1,0.0,0.0
2026-08-18T05:52:57.054+00:00,1787032377.054079,192189.1026222,11.309416300005978,295,3,AVOID,AVOID,0.5246013719794411,0.768285624234299,2.2251456573946666,128.7059783935547,0.2,0.625,0.2,0.625,0.3548194199915617,2.610197309417331,0.38505165202266456,-0.9148354530334473,-0.40382686257362366,-0.16068683564662933,1.0360112190246582,-1.0755223035812378,0.6321843862533569,1.048398494720459,0.9267790330478328,24.0,4.195293770364086,19,28,apf_fsm,1,0.0,0.0
2026-08-18T05:52:57.206+00:00,1787032377.206455,192189.2552389,11.462032999988878,296,2,AVOID,AVOID,0.4896058551882463,0.527824403827376,-0.873561253079649,111.5865707397461,1.0,0.625,1.0,0.625,0.5195625848246064,-0.6330801739321911,0.24048107914745798,0.9823535084724426,0.18703347444534302,0.1631467640399933,-1.0276508331298828,1.1455003023147583,-0.8406173586845398,1.0405205488204956,0.9712235086777282,24.0,3.02444481397925,20,27,apf_fsm,1,0.0,0.0
2026-08-18T05:52:57.208+00:00,1787032377.2084644,192189.256997,11.463791099988157,296,3,AVOID,AVOID,0.5199168739258723,0.7739215490508197,2.23288628232048,113.59596252441406,0.2,0.625,0.2,0.625,0.352880197792676,2.626432413958578,0.39354613163809793,-0.9065877199172974,-0.42201727628707886,-0.1631467640399933,1.0276508331298828,-1.0697344541549683,0.605633556842804,1.0405205488204956,0.9235550491330594,24.0,4.232768102921147,19,28,apf_fsm,1,0.0,0.0
2026-08-18T05:52:57.347+00:00,1787032377.3473275,192189.3957813,11.602575400000205,297,2,AVOID,AVOID,0.49295247432043676,0.5234798793007549,-0.873561253079649,111.57441139221191,1.0,0.625,1.0,0.625,0.5171107504244682,-0.6061268651667262,0.26743438791292284,0.9805395007133484,0.19632181525230408,0.16458581387996674,-0.9900874495506287,1.1451252698898315,-0.793765664100647,1.003674030303955,0.96445205306876,24.0,3.6177096859204987,20,27,apf_fsm,1,0.0,0.0
2026-08-18T05:52:57.348+00:00,1787032377.3483274,192189.396832,11.6036260999972,297,3,AVOID,AVOID,0.5164097335317128,0.7771901989746599,2.2418858892958315,112.57433891296387,0.2,0.625,0.2,0.625,0.35110821143567134,2.6602762080902664,0.4183903187944349,-0.9011743664741516,-0.4334566593170166,-0.16458581387996674,0.9900874495506287,-1.0657601356506348,0.5566307902336121,1.003674030303955,0.913744121426462,24.0,5.053449738416143,18,29,apf_fsm,1,0.0,0.0
2026-08-18T05:52:57.479+00:00,1787032377.4793386,192189.5274249,11.734219000005396,298,2,AVOID,AVOID,0.4960955189093804,0.5192205440035486,-0.873561253079649,100.27527809143066,1.0,0.625,1.0,0.625,0.5148873851378686,-0.40808265538994704,0.465478597689702,0.978669285774231,0.2054419219493866,0.17258168756961823,-0.7031893730163574,1.151250958442688,-0.4977474510669708,0.7240578532218933,0.8936068491306501,24.0,11.586333319084291,18.0,35,apf_fsm,1,0.0,0.0
2026-08-18T05:52:57.479+00:00,1787032377.4793386,192189.5279456,11.734739700012142,298,3,AVOID,AVOID,0.5139942239635231,0.7797870465855421,2.2614429158249645,101.27544403076172,0.2,0.625,0.2,0.625,0.3500734244028385,2.9022067020768447,0.6407637862518802,-0.8969382047653198,-0.44215595722198486,-0.17258168756961823,0.7031893730163574,-1.0695198774337769,0.26103341579437256,0.7240578532218933,0.8016393943017786,8.0,30.0,-22,38,apf_fsm,1,0.0,0.0
2026-08-18T05:52:57.622+00:00,1787032377.6224186,192189.6707111,11.87750520001282,299,2,RUN,AVOID,0.5008672469087815,0.5129835811458989,-0.8823251365750978,103.10769081115723,1.0,0.625,1.0,0.625,0.511547830902758,0.106357709995548,0.9886828465706459,0.9757304191589355,0.2189754694700241,0.09067057818174362,-0.10512588918209076,1.0664010047912598,0.11384958028793335,0.13882581889629364,0.15,8.0,35.0,-27,43,apf_fsm,1,0.0,0.0
2026-08-18T05:52:57.622+00:00,1787032377.6224186,192189.6713452,11.878139300009934,299,3,RUN,AVOID,0.5018327453004289,0.7897700604415265,2.343435594185966,103.10769081115723,0.2,0.625,0.2,0.625,0.34387814550142304,-2.7730124847156823,1.1667372282779382,-0.8777316212654114,-0.47915247082710266,-0.09067057818174362,0.10512588918209076,-0.9684022068977356,-0.3740265965461731,0.13882581889629364,0.15,8.0,35.0,-27,43,apf_fsm,1,0.0,0.0
2026-08-18T05:52:57.761+00:00,1787032377.7618613,192189.8103061,12.017100199998822,300,2,RUN,RUN,0.5020844132292158,0.511390553740692,-0.8823251365750978,100.44002532958984,1.0,0.625,1.0,0.625,0.5107122847833611,0.2243297238767542,1.106654860451852,0.9749433994293213,0.22245292365550995,0.0,0.0,0.9749433994293213,0.22245292365550995,0.0,0.15,8.0,31.150916635239504,-23,39,apf_fsm,1,0.0,0.0
2026-08-18T05:52:57.762+00:00,1787032377.7628682,192189.810962,12.01775609998731,300,3,RUN,RUN,0.49617410444757193,0.7941353253688982,2.4039057131539368,100.44002532958984,0.2,0.625,0.2,0.625,0.3410657684860272,-2.6227189657250154,1.256560628300634,-0.868378221988678,-0.4959023594856262,0.0,0.0,-0.868378221988678,-0.4959023594856262,0.0,0.15,8.0,32.20432183179142,-24,40,apf_fsm,1,0.0,0.0
2026-08-18T05:52:57.901+00:00,1787032377.9013755,192189.9501296,12.15692370000761,301,2,RUN,RUN,0.5037539695960358,0.5093071581807757,-0.8590761778052128,100.8906364440918,1.0,0.625,1.0,0.625,0.5095536834720168,0.2290448169727482,1.088120994777961,0.9738837480545044,0.227047398686409,0.0,0.0,0.9738837480545044,0.227047398686409,0.0,0.15,8.0,30.0,-22,38,apf_fsm,1,0.0,0.0
2026-08-18T05:52:57.902+00:00,1787032377.9023871,192189.9508232,12.157617299992125,301,3,RUN,RUN,0.49054479357751485,0.7980632291273758,2.466402983811744,101.90224647521973,0.2,0.625,0.2,0.625,0.3381821378355091,-2.6043772390384583,1.2124050843293839,-0.8591369986534119,-0.5117456316947937,0.0,0.0,-0.8591369986534119,-0.5117456316947937,0.0,0.15,8.0,30.0,-22,38,apf_fsm,1,0.0,0.0
2026-08-18T05:52:58.049+00:00,1787032378.0492167,192190.098191,12.304985099995974,302,2,RUN,RUN,0.5065922014425893,0.5067311204300438,-0.833496749349435,107.6512336730957,1.0,0.625,1.0,0.625,0.5073842563107405,0.2352594432106329,1.068756192560068,0.9724538922309875,0.23309528827667236,0.0,0.0,0.9724538922309875,0.23309528827667236,0.0,0.15,8.0,30.0,-22,38,apf_fsm,1,0.0,0.0
2026-08-18T05:52:58.051+00:00,1787032378.05122,192190.0993063,12.3061003999901,302,3,RUN,RUN,0.4846554232284041,0.8010818510708835,2.60566349594892,108.65497589111328,0.2,0.625,0.2,0.625,0.3347140992696463,-2.5876240963195913,1.089897714911075,-0.8504435420036316,-0.5260664224624634,0.0,0.0,-0.8504435420036316,-0.5260664224624634,0.0,0.15,8.0,30.0,-22,38,apf_fsm,1,0.0,0.0
2026-08-18T05:52:58.188+00:00,1787032378.1885161,192190.2370975,12.443891600007191,303,2,RUN,RUN,0.5157937583160065,0.49972909565660906,-0.6403363495348213,103.90543937683105,1.0,0.625,1.0,0.625,0.5001484619198073,0.25316304500047904,0.8934993945353004,0.9681249856948853,0.2504674196243286,0.0,0.0,0.9681249856948853,0.2504674196243286,0.0,0.15,8.0,30.0,-22,38,apf_fsm,1,0.0,0.0
2026-08-18T05:52:58.189+00:00,1787032378.1895118,192190.2381991,12.44499319998431,303,3,RUN,RUN,0.47374832315866044,0.8030356671595074,2.9048879307649766,104.90107536315918,0.2,0.625,0.2,0.625,0.32654990922232585,-2.5649625773050317,0.8133347991095778,-0.8383046984672546,-0.5452020168304443,0.0,0.0,-0.8383046984672546,-0.5452020168304443,0.0,0.15,8.0,-30.0,38,-22,apf_fsm,1,0.0,0.0
2026-08-18T05:52:58.323+00:00,1787032378.323187,192190.3714161,12.57821020000847,304,2,RUN,RUN,0.5206876367820797,0.49649114335160316,-0.4852307468086367,103.82819175720215,1.0,0.625,1.0,0.625,0.49624073570256777,0.26195023328662775,0.7471809800952645,0.9658867716789246,0.25896474719047546,0.0,0.0,0.9658867716789246,0.25896474719047546,0.0,0.15,8.0,30.0,-22,38,apf_fsm,1,0.0,0.0
2026-08-18T05:52:58.323+00:00,1787032378.323187,192190.371991,12.578785099991364,304,3,RUN,RUN,0.46759297943509154,0.8021694026268968,3.0861463076806874,103.82819175720215,0.2,0.625,0.2,0.625,0.32092834070882675,-2.5567683736339295,0.6402706258649697,-0.8338090777397156,-0.5520528554916382,0.0,0.0,-0.8338090777397156,-0.5520528554916382,0.0,0.15,8.0,30.0,-22,38,apf_fsm,1,0.0,0.0
2026-08-18T05:52:58.460+00:00,1787032378.460267,192190.5086458,12.715439899999183,305,2,RUN,RUN,0.5284203275450412,0.4935741149400869,-0.3525940863332197,99.92504119873047,1.0,0.625,1.0,0.625,0.4895509684767335,0.27179618160420027,0.62439026793742,0.963290274143219,0.2684621214866638,0.0,0.0,0.963290274143219,0.2684621214866638,0.0,0.15,8.0,30.0,-22,38,apf_fsm,1,0.0,0.0
2026-08-18T05:52:58.461+00:00,1787032378.4612865,192190.5096363,12.716430400003446,305,3,RUN,RUN,0.46604177185841134,0.8012401998228398,-3.059401240541203,100.94451904296875,0.2,0.625,0.2,0.625,0.31912197105050205,-2.5565128141439843,0.5028884263972189,-0.8336679935455322,-0.5522659420967102,0.0,0.0,-0.8336679935455322,-0.5522659420967102,0.0,0.3786357939671485,26.504505577700396,0.30079235643287106,26,26,apf_fsm,1,0.0,0.0
2026-08-18T05:52:58.605+00:00,1787032378.6051867,192190.6536215,12.8604156000074,306,2,RUN,RUN,0.5306013753561207,0.4930205039631853,-0.2207006721801637,103.24454307556152,1.0,0.625,1.0,0.625,0.4875998935517696,0.274090709211194,0.4947913813913577,0.96267169713974,0.27067169547080994,0.0,0.0,0.96267169713974,0.27067169547080994,0.0,0.39578090394796706,27.704663276357692,0.5407528253457531,27,28,apf_fsm,1,0.0,0.0
2026-08-18T05:52:58.606+00:00,1787032378.6062999,192190.6547325,12.861526599997887,306,3,RUN,RUN,0.46604177185841134,0.8012401998228398,-2.9350899771636385,104.35771942138672,0.2,0.625,0.2,0.625,0.31912197105050205,-2.5565128141439843,0.37857716301965416,-0.8336679935455322,-0.5522659420967102,0.0,0.0,-0.8336679935455322,-0.5522659420967102,0.0,0.6418590168737835,35.0,-0.5651225880182231,35,34,apf_fsm,1,0.0,0.0
2026-08-18T05:52:58.746+00:00,1787032378.746305,192190.7946567,13.001450799987651,307,2,RUN,RUN,0.5333007875807579,0.4926438066450679,-0.18166152417012094,105.52024841308594,1.0,0.625,1.0,0.625,0.48510443905632217,0.2763444420719035,0.45800596624202444,0.9620592594146729,0.27284061908721924,0.0,0.0,0.9620592594146729,0.27284061908721924,0.0,0.4736722813540274,33.157059694781914,3.552627712381156,29,36,apf_fsm,1,0.0,0.0
2026-08-18T05:52:58.746+00:00,1787032378.746305,192190.7952797,13.002073799987556,307,3,RUN,RUN,0.46604177185841134,0.8012401998228398,-2.7850724416383343,105.52024841308594,0.2,0.625,0.2,0.625,0.31912197105050205,-2.5565128141439843,0.22855962749435,-0.8336679935455322,-0.5522659420967102,0.0,0.0,-0.8336679935455322,-0.5522659420967102,0.0,0.9595140556899031,35.0,-2.965017468442146,37,32,apf_fsm,1,0.0,0.0
2026-08-18T05:52:58.883+00:00,1787032378.8831136,192190.9311829,13.137977000005776,308,2,RUN,RUN,0.5355544268520427,0.49236447410918255,-0.13984254345341093,98.93560409545898,1.0,0.625,1.0,0.625,0.48301332605329667,0.27817383615581687,0.4180163796092278,0.9615585207939148,0.27460014820098877,0.0,0.0,0.9615585207939148,0.27460014820098877,0.0,0.5583483403867325,35.0,2.7805282639443942,32,37,apf_fsm,1,0.0,0.0
2026-08-18T05:52:58.884+00:00,1787032378.8841126,192190.93224,13.139034099993296,308,3,RUN,RUN,0.46566893208477333,0.7986979176405347,-2.6771438155440648,100.93545913696289,0.2,0.625,0.2,0.625,0.3174128983953265,-2.562541286319909,0.1146025292241557,-0.8369821310043335,-0.5472301840782166,0.0,0.0,-0.8369821310043335,-0.5472301840782166,0.0,1.0,35.0,-2.842473147215243,37,32,apf_fsm,1,0.0,0.0
2026-08-18T05:52:59.035+00:00,1787032379.0356555,192191.0839284,13.290722500008997,309,2,RUN,RUN,0.5382194746969186,0.49259540214599024,-0.04333781560239178,110.44168472290039,1.0,0.625,1.0,0.625,0.4803875842297258,0.27923500809443635,0.32257282369682816,0.9612665772438049,0.27562037110328674,0.0,0.0,0.9612665772438049,0.27562037110328674,0.0,0.7604455575683058,35.0,-0.11479621996570488,35,34,apf_fsm,1,0.0,0.0
2026-08-18T05:52:59.036+00:00,1787032379.0366554,192191.0855731,13.292367199988803,309,3,RUN,RUN,0.46566893208477333,0.7986979176405347,-2.6771438155440648,253.4782886505127,0.2,0.625,0.2,0.625,0.3174128983953265,-2.562541286319909,0.1146025292241557,-0.8369821310043335,-0.5472301840782166,0.0,0.0,-0.8369821310043335,-0.5472301840782166,0.0,1.0,35.0,1.146025292241557,33,36,apf_fsm,1,0.0,0.0
2026-08-18T05:52:59.168+00:00,1787032379.1680837,192191.2170942,13.42388829999254,310,2,RUN,RUN,0.5424573763604426,0.49334880394975034,0.030562249931354535,100.16727447509766,1.0,0.625,1.0,0.625,0.4761063850322016,0.28016720171198795,0.2496049517806334,0.9610092639923096,0.2765163481235504,0.0,0.0,0.9610092639923096,0.2765163481235504,0.0,0.9149515765127301,35.0,-0.05782599926048171,35,34,apf_fsm,1,0.0,0.0
2026-08-18T05:52:59.169+00:00,1787032379.1691005,192191.2177761,13.424570200004382,310,3,RUN,RUN,0.465398020736623,0.796833714934716,-2.5782922154086254,101.18412971496582,0.2,0.625,0.2,0.625,0.31616915567332343,-2.5670074806817995,0.011284734726825896,-0.8394178748130798,-0.5434866547584534,0.0,0.0,-0.8394178748130798,-0.5434866547584534,0.0,1.0,35.0,-3.5032754601382843,38,31,apf_fsm,1,0.0,0.0
2026-08-18T05:52:59.311+00:00,1787032379.3119726,192191.3604999,13.567294000007678,311,2,RUN,RUN,0.5468745489150282,0.49470301588094673,0.1026802011904629,104.34150695800781,1.0,0.625,1.0,0.625,0.47148698655581156,0.2799975560109759,0.17731735482051303,0.961056113243103,0.27635329961776733,0.0,0.0,0.961056113243103,0.27635329961776733,0.0,1.0,35.0,-0.756892345399083,35,34,apf_fsm,1,0.0,0.0
2026-08-18T05:52:59.311+00:00,1787032379.3119726,192191.3609756,13.567769699991914,311,3,RUN,RUN,0.465398020736623,0.796833714934716,-2.5782922154086254,244.05622482299805,0.2,0.625,0.2,0.625,0.31616915567332343,-2.5670074806817995,0.011284734726825896,-0.8394178748130798,-0.5434866547584534,0.0,0.0,-0.8394178748130798,-0.5434866547584534,0.0,1.0,35.0,0.11284734726825896,34,35,apf_fsm,1,0.0,0.0
2026-08-18T05:52:59.449+00:00,1787032379.4493594,192191.4983452,13.705139300000155,312,2,RUN,RUN,0.553080857349514,0.4959925101296397,0.1626451369531424,99.46060180664062,1.0,0.625,1.0,0.625,0.4651662632974328,0.281020532321663,0.11837539536852063,0.9607729315757751,0.2773362994194031,0.0,0.0,0.9607729315757751,0.2773362994194031,0.0,1.0,35.0,-0.879214627134528,35,34,apf_fsm,1,0.0,0.0
2026-08-18T05:52:59.450+00:00,1787032379.4504387,192191.4989551,13.705749199987622,312,3,RUN,RUN,0.45965601611441087,0.7875235384911415,-2.501974379734758,100.5399227142334,0.2,0.625,0.2,0.625,0.3063252311973154,-2.582333023044552,-0.08035864330979381,-0.8476481437683105,-0.5305587649345398,0.0,0.0,-0.8476481437683105,-0.5305587649345398,0.0,1.0,35.0,-4.011104664379628,39,30,apf_fsm,1,0.0,0.0
2026-08-18T05:52:59.595+00:00,1787032379.5953233,192191.6442289,13.851022999995621,313,2,RUN,RUN,0.5590719408080482,0.497540015938514,0.204214490916948,102.67162322998047,1.0,0.625,1.0,0.625,0.4589810463621952,0.2814012570099437,0.07718676609299568,0.9606672525405884,0.27770206332206726,0.0,0.0,0.9606672525405884,0.27770206332206726,0.0,1.0,35.0,-0.6697343637134163,35,34,apf_fsm,1,0.0,0.0
2026-08-18T05:52:59.596+00:00,1787032379.5964844,192191.644875,13.851669099996798,313,3,RUN,RUN,0.4485822404757528,0.7752720773217671,-2.512197178413257,103.83272171020508,0.2,0.625,0.2,0.625,0.29047345404106056,-2.597858811281518,-0.0856616328682609,-0.8557829856872559,-0.5173349380493164,0.0,0.0,-0.8557829856872559,-0.5173349380493164,0.0,1.0,35.0,-1.042220963228957,36,33,apf_fsm,1,0.0,0.0
2026-08-18T05:52:59.719+00:00,1787032379.7192838,192191.7829734,13.98976749999565,314,2,RUN,RUN,0.5726194702054447,0.5005929208150586,0.23015430773915424,86.01903915405273,1.0,0.625,1.0,0.625,0.44511935320630924,0.2832644789960178,0.05311017125686357,0.9601481556892395,0.27949151396751404,0.0,0.0,0.9601481556892395,0.27949151396751404,0.0,1.0,35.0,-0.3115791066959883,35,34,apf_fsm,1,0.0,0.0
2026-08-18T05:52:59.735+00:00,1787032379.7351263,192191.7841646,13.99095869998564,314,3,RUN,RUN,0.4429236953950662,0.7699459347235271,-2.5207831142550607,101.86147689819336,0.2,0.625,0.2,0.625,0.28288026756433876,-2.6036232633087875,-0.08284014905372672,-0.8587508797645569,-0.5123932361602783,0.0,0.0,-0.8587508797645569,-0.5123932361602783,0.0,1.0,35.0,-0.729649557028571,35,34,apf_fsm,1,0.0,0.0
2026-08-18T05:52:59.872+00:00,1787032379.8722475,192191.9204062,14.127200299990363,315,2,RUN,RUN,0.5786028768023312,0.5017362474785396,0.23015430773915424,104.99310493469238,1.0,0.625,1.0,0.625,0.43905522218161014,0.28457307996508874,0.0544187722259345,0.9597816467285156,0.28074774146080017,0.0,0.0,0.9597816467285156,0.28074774146080017,0.0,1.0,35.0,0.5899887561768274,34,35,apf_fsm,1,0.0,0.0
2026-08-18T05:52:59.872+00:00,1787032379.8722475,192191.92094,14.127734100009548,315,3,RUN,RUN,0.4376077706767307,0.7649156968731334,-2.5207831142550607,104.99310493469238,0.2,0.625,0.2,0.625,0.2757423705516807,-2.6094109504018,-0.08862783614673919,-0.8617020845413208,-0.5074145197868347,0.0,0.0,-0.8617020845413208,-0.5074145197868347,0.0,1.0,35.0,-1.0888474097228285,36,33,apf_fsm,1,0.0,0.0
2026-08-18T05:53:00.015+00:00,1787032380.0156844,192192.0640015,14.270795599994017,316,2,RUN,RUN,0.5890334879827485,0.5038968227176388,0.23015430773915424,107.99193382263184,1.0,0.625,1.0,0.625,0.4284383894418295,0.2865679674774272,0.05641365973827295,0.9592196345329285,0.2826618254184723,0.0,0.0,0.9592196345329285,0.2826618254184723,0.0,1.0,35.0,0.6339576603145752,34,35,apf_fsm,1,0.0,0.0
2026-08-18T05:53:00.016+00:00,1787032380.0166855,192192.0648686,14.271662699989974,316,3,RUN,RUN,0.4359502861835831,0.763325994981661,-2.5207831142550607,108.9930534362793,0.2,0.625,0.2,0.625,0.27350798605850846,-2.6113443810918713,-0.09056126683681054,-0.8626815676689148,-0.5057475566864014,0.0,0.0,-0.8626815676689148,-0.5057475566864014,0.0,1.0,35.0,-0.9732827425206025,35,34,apf_fsm,1,0.0,0.0
2026-08-18T05:53:00.134+00:00,1787032380.1340618,192192.1829736,14.389767699991353,317,2,RUN,RUN,0.5890334879827485,0.5038968227176388,0.23015430773915424,226.36938095092773,1.0,0.625,1.0,0.625,0.4284383894418295,0.2865679674774272,0.05641365973827295,0.9592196345329285,0.2826618254184723,0.0,0.0,0.9592196345329285,0.2826618254184723,0.0,1.0,35.0,0.5641365973827295,34,35,apf_fsm,1,0.0,0.0
2026-08-18T05:53:00.135+00:00,1787032380.1350513,192192.1836653,14.390459399990505,317,3,RUN,RUN,0.4359502861835831,0.763325994981661,-2.5207831142550607,227.35881805419922,0.2,0.625,0.2,0.625,0.27350798605850846,-2.6113443810918713,-0.09056126683681054,-0.8626815676689148,-0.5057475566864014,0.0,0.0,-0.8626815676689148,-0.5057475566864014,0.0,1.0,35.0,-0.9056126683681054,35,34,apf_fsm,1,0.0,0.0
2026-08-18T05:53:00.258+00:00,1787032380.258713,192192.3071561,14.513950199994724,318,2,RUN,RUN,0.5890334879827485,0.5038968227176388,0.23015430773915424,351.02057456970215,1.0,0.625,1.0,0.625,0.4284383894418295,0.2865679674774272,0.05641365973827295,0.9592196345329285,0.2826618254184723,0.0,0.0,0.9592196345329285,0.2826618254184723,0.0,1.0,35.0,0.5641365973827295,34,35,apf_fsm,1,0.0,0.0
2026-08-18T05:53:00.259+00:00,1787032380.2597165,192192.307766,14.514560100011295,318,3,RUN,RUN,0.4359502861835831,0.763325994981661,-2.5207831142550607,352.0240783691406,0.2,0.625,0.2,0.625,0.27350798605850846,-2.6113443810918713,-0.09056126683681054,-0.8626815676689148,-0.5057475566864014,0.0,0.0,-0.8626815676689148,-0.5057475566864014,0.0,1.0,35.0,-0.9056126683681054,35,34,apf_fsm,1,0.0,0.0
2026-08-18T05:53:00.393+00:00,1787032380.3935225,192192.4417765,14.648570599994855,319,2,RUN,RUN,0.6046339645165598,0.5056531481121598,0.1918795712447817,95.00432014465332,1.0,0.625,1.0,0.625,0.41298664998935614,0.29316617096866354,0.10128659972388185,0.9573336839675903,0.2889847457408905,0.0,0.0,0.9573336839675903,0.2889847457408905,0.0,1.0,35.0,2.5834188967351297,32,37,apf_fsm,1,0.0,0.0
2026-08-18T05:53:00.393+00:00,1787032380.3935225,192192.4424582,14.649252300005173,319,3,RUN,RUN,0.43472015691901184,0.7620446463044789,-2.496569772748156,95.00432014465332,0.2,0.625,0.2,0.625,0.271799166931772,-2.6131223308800595,-0.11655255813190335,-0.8635793328285217,-0.5042129158973694,0.0,0.0,-0.8635793328285217,-0.5042129158973694,0.0,1.0,35.0,-2.075220776647282,37,32,apf_fsm,1,0.0,0.0
2026-08-18T05:53:00.522+00:00,1787032380.5224197,192192.570597,14.7773911000113,320,2,RUN,RUN,0.6108555851282337,0.5060605670910884,0.18389793733338242,99.57265853881836,1.0,0.625,1.0,0.625,0.40691518075218436,0.29662614687491723,0.11272820954153481,0.9563280940055847,0.29229536652565,0.0,0.0,0.9563280940055847,0.29229536652565,0.0,1.0,35.0,1.527738439033202,33,36,apf_fsm,1,0.0,0.0
2026-08-18T05:53:00.522+00:00,1787032380.5224197,192192.57136,14.778154100000393,320,3,RUN,RUN,0.42432436941290197,0.7525047017647587,-2.449376231933091,99.57265853881836,0.2,0.625,0.2,0.625,0.25802881948459977,-2.624736859150298,-0.17536062721720702,-0.8693771362304688,-0.4941490590572357,0.0,0.0,-0.8693771362304688,-0.4941490590572357,0.0,1.0,35.0,-3.8118886901576987,38,31,apf_fsm,1,0.0,0.0
2026-08-18T05:53:00.674+00:00,1787032380.6745067,192192.7233334,14.930127500003437,321,2,RUN,RUN,0.6203427240673514,0.5069554112441521,0.17593704058377668,118.34406852722168,1.0,0.625,1.0,0.625,0.3975854274280391,0.3014485296946229,0.1255114891108462,0.9549074172973633,0.29690372943878174,0.0,0.0,0.9549074172973633,0.29690372943878174,0.0,1.0,35.0,1.7025296760343605,33,36,apf_fsm,1,0.0,0.0
2026-08-18T05:53:00.675+00:00,1787032380.675506,192192.7238392,14.930633300013142,321,3,RUN,RUN,0.41407849474501734,0.7423433140246753,-2.3642161412631646,119.34351921081543,0.2,0.625,0.2,0.625,0.24412917740119877,-2.6401846075368542,-0.27596846627368965,-0.8769066333770752,-0.48066073656082153,0.0,0.0,-0.8769066333770752,-0.48066073656082153,0.0,0.8591280810107089,35.0,-6.280959029713788,41,28,apf_fsm,1,0.0,0.0
2026-08-18T05:53:00.825+00:00,1787032380.8251314,192192.8731531,15.079947199992603,322,2,RUN,RUN,0.6247883490981028,0.5073733414471555,0.17593704058377668,108.81614685058594,1.0,0.625,1.0,0.625,0.3932172602707499,0.30379032777247555,0.12785328718869887,0.9542095065116882,0.2991391122341156,0.0,0.0,0.9542095065116882,0.2991391122341156,0.0,1.0,35.0,1.3604958046118323,33,36,apf_fsm,1,0.0,0.0
2026-08-18T05:53:00.825+00:00,1787032380.8251314,192192.8738087,15.08060280000791,322,3,RUN,RUN,0.41052022713206987,0.738657849139425,-2.3230341592170434,109.81631278991699,0.2,0.625,0.2,0.625,0.23924228870067804,-2.6465442516242343,-0.323510092407191,-0.879945695400238,-0.47507423162460327,0.0,0.0,-0.879945695400238,-0.47507423162460327,0.0,0.7584609353871128,35.0,-4.899057838744456,39,30,apf_fsm,1,0.0,0.0
2026-08-18T05:53:00.956+00:00,1787032380.956065,192193.0041541,15.210948199994164,323,2,RUN,RUN,0.6247883490981028,0.5073733414471555,0.17593704058377668,240.74983596801758,1.0,0.625,1.0,0.625,0.3932172602707499,0.30379032777247555,0.12785328718869887,0.9542095065116882,0.2991391122341156,0.0,0.0,0.9542095065116882,0.2991391122341156,0.0,1.0,35.0,1.2785328718869886,33,36,apf_fsm,1,0.0,0.0
2026-08-18T05:53:00.956+00:00,1787032380.956065,192193.0050105,15.211804599995958,323,3,RUN,RUN,0.41052022713206987,0.738657849139425,-2.3230341592170434,240.74983596801758,0.2,0.625,0.2,0.625,0.23924228870067804,-2.6465442516242343,-0.323510092407191,-0.879945695400238,-0.47507423162460327,0.0,0.0,-0.879945695400238,-0.47507423162460327,0.0,0.7584609353871128,35.0,-3.2351009240719097,38,31,apf_fsm,1,0.0,0.0
2026-08-18T05:53:01.132+00:00,1787032381.1322706,192193.1809227,15.387716800003545,324,2,RUN,RUN,0.6383957506326255,0.5078692867256784,0.16662650160731388,136.2018585205078,1.0,0.625,1.0,0.625,0.38010161424636657,0.3132544259672996,0.1466279243599857,0.9513357281684875,0.3081563115119934,0.0,0.0,0.9513357281684875,0.3081563115119934,0.0,1.0,35.0,2.123391544594896,32,37,apf_fsm,1,0.0,0.0
2026-08-18T05:53:01.134+00:00,1787032381.1342707,192193.1826126,15.389406700007385,324,3,RUN,RUN,0.40528723093800584,0.7325933786480497,-2.294966298398053,138.20195198059082,0.2,0.625,0.2,0.625,0.23177398972942745,-2.6588425067582886,-0.3638762083602356,-0.8857215642929077,-0.46421676874160767,0.0,0.0,-0.8857215642929077,-0.46421676874160767,0.0,0.6729875933206613,35.0,-5.051576141958918,40,29,apf_fsm,1,0.0,0.0
2026-08-18T05:53:01.260+00:00,1787032381.2602699,192193.3091856,15.515979699994205,325,2,RUN,RUN,0.6449806862062079,0.5079716510776655,0.1460134217240551,108.0021858215332,1.0,0.625,1.0,0.625,0.373810577188638,0.3184223395723507,0.17240891784829562,0.9497305154800415,0.31306859850883484,0.0,0.0,0.9497305154800415,0.31306859850883484,0.0,1.0,35.0,2.6264239505738036,32,37,apf_fsm,1,0.0,0.0
2026-08-18T05:53:01.261+00:00,1787032381.2612822,192193.3097964,15.516590499988524,325,3,RUN,RUN,0.3860107621629247,0.7128751963445844,-2.3201312348523424,109.01451110839844,0.2,0.625,0.2,0.625,0.20572324558258212,-2.700251521343345,-0.3801202864910027,-0.9041796326637268,-0.42715248465538025,0.0,0.0,-0.9041796326637268,-0.42715248465538025,0.0,0.6385915258803282,35.0,-4.369745599486876,39,30,apf_fsm,1,0.0,0.0
2026-08-18T05:53:01.398+00:00,1787032381.3984852,192193.4467948,15.653588899993338,326,2,RUN,RUN,0.6580760554065626,0.5080390523829779,0.11709776167111816,106.56285285949707,1.0,0.625,1.0,0.625,0.3613749398530671,0.32959028501310256,0.2124925233419844,0.9461750388145447,0.3236553966999054,0.0,0.0,0.9461750388145447,0.3236553966999054,0.0,0.9935353890980995,35.0,3.5278514256989513,31,38,apf_fsm,1,0.0,0.0
2026-08-18T05:53:01.398+00:00,1787032381.3984852,192193.4473288,15.65412289998494,326,3,RUN,RUN,0.3757499159142732,0.7031375839920287,-2.39013089785841,106.56285285949707,0.2,0.625,0.2,0.625,0.19233698286077341,-2.723242371149264,-0.3331114732908542,-0.9137604236602783,-0.4062535762786865,0.0,0.0,-0.9137604236602783,-0.4062535762786865,0.0,0.7381304653083403,35.0,-1.685806270903345,36,33,apf_fsm,1,0.0,0.0
2026-08-18T05:53:01.534+00:00,1787032381.534148,192193.5825793,15.789373400009936,327,2,RUN,RUN,0.6640393078181053,0.5080608170578395,0.09642483607736003,101.02701187133789,1.0,0.625,1.0,0.625,0.3557307397435846,0.33495798547900485,0.23853314940164483,0.9444240927696228,0.3287294805049896,0.0,0.0,0.9444240927696228,0.3287294805049896,0.0,0.9383955945879956,35.0,3.296753406104563,31,38,apf_fsm,1,0.0,0.0
2026-08-18T05:53:01.536+00:00,1787032381.5361204,192193.5842003,15.790994400013005,327,3,RUN,RUN,0.36970930951352454,0.6991936934338205,-2.434765028816826,102.99944877624512,0.2,0.625,0.2,0.625,0.18521866504461426,-2.7294499717261074,-0.2946849429092815,-0.9162646532058716,-0.4005735218524933,0.0,0.0,-0.9162646532058716,-0.4005735218524933,0.0,0.8194968266286031,35.0,-1.6019208657377693,36,33,apf_fsm,1,0.0,0.0
2026-08-18T05:53:01.678+00:00,1787032381.6782656,192193.7268743,15.933668399986345,328,2,RUN,RUN,0.6680642006836309,0.508063475423534,0.09642483607736003,102.40292549133301,1.0,0.625,1.0,0.625,0.3519311376502785,0.33871042477779134,0.24228558870043132,0.943183958530426,0.3322710692882538,0.0,0.0,0.943183958530426,0.3322710692882538,0.0,0.9304499817838838,35.0,2.5541912624618406,32,37,apf_fsm,1,0.0,0.0
2026-08-18T05:53:01.679+00:00,1787032381.679282,192193.7274768,15.934270900004776,328,3,RUN,RUN,0.3582576576093343,0.69304548259698,-2.635779312727285,103.41930389404297,0.2,0.625,0.2,0.625,0.17226628774617855,-2.7355229084486807,-0.0997435957213959,-0.9186803698539734,-0.39500173926353455,0.0,0.0,-0.9186803698539734,-0.39500173926353455,0.0,1.0,35.0,5.825511194362036,29,40,apf_fsm,1,0.0,0.0
2026-08-18T05:53:01.815+00:00,1787032381.815581,192193.8639191,16.070713199995225,329,2,RUN,RUN,0.6764635213724762,0.5080669637870066,0.09642483607736003,100.31700134277344,1.0,0.625,1.0,0.625,0.3440191680134806,0.3468134016914253,0.2503885656140653,0.9404606223106384,0.3399026691913605,0.0,0.0,0.9404606223106384,0.3399026691913605,0.0,0.9132923112688102,35.0,2.787489848117843,32,37,apf_fsm,1,0.0,0.0
2026-08-18T05:53:01.815+00:00,1787032381.815581,192193.8645222,16.07131629998912,329,3,RUN,RUN,0.3420635757319067,0.6873508488192839,-2.707227845060536,100.31700134277344,0.2,0.625,0.2,0.625,0.15514408753871475,-2.7280127466646706,-0.02078490160413482,-0.9156879782676697,-0.40188997983932495,0.0,0.0,-0.9156879782676697,-0.40188997983932495,0.0,1.0,35.0,2.55570527806279,32,37,apf_fsm,1,0.0,0.0
2026-08-18T05:53:01.957+00:00,1787032381.957153,192194.0055781,16.212372200010577,330,2,RUN,RUN,0.6932158567696475,0.5082756672864922,0.09642483607736003,101.99475288391113,1.0,0.625,1.0,0.625,0.32823936446592616,0.3635638098838861,0.26713897380652607,0.9346354007720947,0.3556073307991028,0.0,0.0,0.9346354007720947,0.3556073307991028,0.0,0.8778241138615512,35.0,3.2576540248013877,31,38,apf_fsm,1,0.0,0.0
2026-08-18T05:53:01.958+00:00,1787032381.9581509,192194.0065332,16.213327300007222,330,3,RUN,RUN,0.3294625037826588,0.6828951392968918,-2.7667200313666434,102.99253463745117,0.2,0.625,0.2,0.625,0.14181814778046373,-2.7210728504839325,0.0456471808827108,-0.9128769040107727,-0.4082350432872772,0.0,0.0,-0.9128769040107727,-0.4082350432872772,0.0,1.0,35.0,2.781594695866705,32,37,apf_fsm,1,0.0,0.0
2026-08-18T05:53:02.094+00:00,1787032382.0945692,192194.1432319,16.35002600000007,331,2,RUN,RUN,0.7040210668927844,0.5085128353369042,0.10772247143243165,98.00267219543457,1.0,0.625,1.0,0.625,0.3180767020303952,0.37494732565622657,0.26722485422379494,0.9305269122123718,0.3662235140800476,0.0,0.0,0.9305269122123718,0.3662235140800476,0.0,0.877642266138313,35.0,2.67525435684236,32,37,apf_fsm,1,0.0,0.0
2026-08-18T05:53:02.095+00:00,1787032382.095569,192194.1437838,16.350577900011558,331,3,RUN,RUN,0.3174082501156434,0.6794953544026798,-2.799960028910828,99.00236129760742,0.2,0.625,0.2,0.625,0.1294389464059838,-2.707031890718757,0.0929281381920708,-0.9070550203323364,-0.4210120141506195,0.0,0.0,-0.9070550203323364,-0.4210120141506195,0.0,1.0,35.0,2.5841148877483078,32,37,apf_fsm,1,0.0,0.0
2026-08-18T05:53:02.239+00:00,1787032382.2391376,192194.287928,16.494722100003855,332,2,RUN,RUN,0.7096256235181737,0.508586984835364,0.12439596203289599,101.16195678710938,1.0,0.625,1.0,0.625,0.31284064412561735,0.38128769434899723,0.25689173231610124,0.9281862378120422,0.37211599946022034,0.0,0.0,0.9281862378120422,0.37211599946022034,0.0,0.8995221632395854,35.0,2.207258056391733,32,37,apf_fsm,1,0.0,0.0
2026-08-18T05:53:02.240+00:00,1787032382.2401302,192194.288479,16.49527310000849,332,3,RUN,RUN,0.2986123612646583,0.6719847234074187,-2.790803478575614,102.15449333190918,0.2,0.625,0.2,0.625,0.10923352062376783,-2.696954748511564,0.09384873006405003,-0.9027664661407471,-0.4301310181617737,0.0,0.0,-0.9027664661407471,-0.4301310181617737,0.0,1.0,35.0,0.9707080161597736,34,35,apf_fsm,1,0.0,0.0
2026-08-18T05:53:02.377+00:00,1787032382.377476,192194.4255414,16.632335500005865,333,2,RUN,RUN,0.7131944282340725,0.5086762518469092,0.12439596203289599,104.08759117126465,1.0,0.625,1.0,0.625,0.30949741578947676,0.3853108588986313,0.2609148968657353,0.926681637763977,0.3758472204208374,0.0,0.0,0.926681637763977,0.3758472204208374,0.0,0.8910033025163862,35.0,2.749959727894546,32,37,apf_fsm,1,0.0,0.0
2026-08-18T05:53:02.377+00:00,1787032382.377476,192194.4261983,16.632992400001967,333,3,RUN,RUN,0.28015803146701473,0.66322103749372,-2.758383513407019,104.08759117126465,0.2,0.625,0.2,0.625,0.08880404110040978,-2.696659533965838,0.0617239794411808,-0.9026394486427307,-0.43039751052856445,0.0,0.0,-0.9026394486427307,-0.43039751052856445,0.0,1.0,35.0,-0.5071264773886153,35,34,apf_fsm,1,0.0,0.0
2026-08-18T05:53:02.517+00:00,1787032382.5178416,192194.5663879,16.773182000004454,334,2,RUN,RUN,0.7208943409909798,0.5089506559401533,0.12439596203289599,103.30724716186523,1.0,0.625,1.0,0.625,0.30227044041318385,0.3940438974510582,0.26964793541816223,0.9233640432357788,0.38392552733421326,0.0,0.0,0.9233640432357788,0.38392552733421326,0.0,0.8725115062697674,35.0,3.002135703516564,31,38,apf_fsm,1,0.0,0.0
2026-08-18T05:53:02.518+00:00,1787032382.5188375,192194.5670791,16.773873199999798,334,3,RUN,RUN,0.2750825509491346,0.6610527280754266,-2.758383513407019,104.30312156677246,0.2,0.625,0.2,0.625,0.08328978724135416,-2.6939308267305115,0.06445268667650739,-0.901461660861969,-0.432858943939209,0.0,0.0,-0.901461660861969,-0.432858943939209,0.0,1.0,35.0,0.7400316200015045,34,35,apf_fsm,1,0.0,0.0
2026-08-18T05:53:02.655+00:00,1787032382.655758,192194.7040726,16.910866699996404,335,2,RUN,RUN,0.7405414519576017,0.5097409330016177,0.12439596203289599,101.69053077697754,1.0,0.625,1.0,0.625,0.2839073628450081,0.41804459316592774,0.29364863113303175,0.9138845205307007,0.40597420930862427,0.0,0.0,0.9138845205307007,0.40597420930862427,0.0,0.8216911678191682,35.0,3.77651066135075,31,38,apf_fsm,1,0.0,0.0
2026-08-18T05:53:02.656+00:00,1787032382.6567726,192194.7047138,16.911507899989374,335,3,RUN,RUN,0.26232668537320164,0.6548695982290678,-2.741840558285396,101.69053077697754,0.2,0.625,0.2,0.625,0.06911446019449181,-2.6946885187544893,0.04715203953090663,-0.9017893671989441,-0.43217578530311584,0.0,0.0,-0.9017893671989441,-0.43217578530311584,0.0,1.0,32.25341475742951,-0.13400225478696015,32,32,apf_fsm,1,0.0,0.0
2026-08-18T05:53:02.795+00:00,1787032382.795625,192194.8440001,17.050794200011296,336,2,RUN,RUN,0.7487806370620096,0.5097843416180334,0.12439596203289599,99.48134422302246,1.0,0.625,1.0,0.625,0.2763798405299485,0.43000385838311755,0.30560789635022156,0.9089640974998474,0.4168742895126343,0.0,0.0,0.9089640974998474,0.4168742895126343,0.0,0.7963679891422465,35.0,3.474653246103859,31,38,apf_fsm,1,0.0,0.0
2026-08-18T05:53:02.796+00:00,1787032382.7966263,192194.8448854,17.05167950000032,336,3,RUN,RUN,0.25602275247023376,0.6516428317406632,-2.741840558285396,100.48270225524902,0.2,0.625,0.2,0.625,0.062035387300333436,-2.6976780344883386,0.04416252379705732,-0.9030773639678955,-0.4294779598712921,0.0,0.0,-0.9030773639678955,-0.4294779598712921,0.0,1.0,28.949847406822272,0.33699218728584723,28,29,apf_fsm,1,0.0,0.0
2026-08-18T05:53:02.934+00:00,1787032382.9347749,192194.9829619,17.189756000007037,337,2,RUN,RUN,0.7534565790988456,0.5099246637367809,0.12439596203289599,98.16551208496094,1.0,0.625,1.0,0.625,0.272077179134408,0.4366995494652462,0.3123035874323502,0.9061525464057922,0.4229510724544525,0.0,0.0,0.9061525464057922,0.4229510724544525,0.0,0.7821901798405096,35.0,3.357385062198005,31,38,apf_fsm,1,0.0,0.0
2026-08-18T05:53:02.934+00:00,1787032382.9347749,192194.9835627,17.190356800012523,337,3,RUN,RUN,0.24724655462625716,0.6474737956541068,-2.741840558285396,98.16551208496094,0.2,0.625,0.2,0.625,0.05231929295350282,-2.6975973316927604,0.044243226592635576,-0.9030426740646362,-0.42955082654953003,0.0,0.0,-0.9030426740646362,-0.42955082654953003,0.0,1.0,24.415670044967985,0.4452568637715948,23,24,apf_fsm,1,0.0,0.0
2026-08-18T05:53:03.068+00:00,1787032383.0682256,192195.1164392,17.323233300005086,338,2,RUN,RUN,0.7664152380599301,0.510609793227625,0.11656571764381711,100.00228881835938,1.0,0.625,1.0,0.625,0.2600902928139108,0.45538668495299806,0.33882096730918093,0.8980910181999207,0.4398096203804016,0.0,0.0,0.8980910181999207,0.4398096203804016,0.0,0.7260408816629266,35.0,4.316317968780885,30,39,apf_fsm,1,0.0,0.0
2026-08-18T05:53:03.068+00:00,1787032383.0682256,192195.1169301,17.323724199988646,338,3,RUN,RUN,0.23783004594927587,0.6424092690350436,-2.718434181404389,100.00228881835938,0.2,0.625,0.2,0.625,0.041643667283980286,-2.710291432875287,0.008142748529102128,-0.9084225296974182,-0.41805320978164673,0.0,0.0,-0.9084225296974182,-0.41805320978164673,0.0,1.0,19.4337113991908,-1.1820892469326494,20,18,apf_fsm,1,0.0,0.0
2026-08-18T05:53:03.209+00:00,1787032383.209126,192195.2577166,17.464510699996026,339,2,RUN,RUN,0.7685731324036778,0.510850165935262,0.11656571764381711,102.99515724182129,1.0,0.625,1.0,0.625,0.25804763060809705,0.4582279361934645,0.3416622185496474,0.8968377709388733,0.4423595368862152,0.0,0.0,0.8968377709388733,0.4423595368862152,0.0,0.7200246664923708,35.0,3.5160659789128004,31,38,apf_fsm,1,0.0,0.0
2026-08-18T05:53:03.210+00:00,1787032383.210126,192195.2583236,17.465117699990515,339,3,RUN,RUN,0.23280442790231365,0.6390922033492572,-2.7012752586683626,103.99508476257324,0.2,0.625,0.2,0.625,0.03570323073945703,-2.7358471555493313,-0.03457189688096873,-0.9188084602355957,-0.39470386505126953,0.0,0.0,-0.9188084602355957,-0.39470386505126953,0.0,1.0,18,-1.8407315581621675,19,18.0,apf_fsm,1,0.0,0.0
2026-08-18T05:53:03.353+00:00,1787032383.353365,192195.4021366,17.608930699992925,340,2,RUN,RUN,0.7799733836379574,0.5108013659851187,0.10700324937550783,105.1778793334961,1.0,0.625,1.0,0.625,0.24789723660943513,0.4787490779161751,0.3717458285406673,0.8875718712806702,0.46066924929618835,0.0,0.0,0.8875718712806702,0.46066924929618835,0.0,0.6563240446553021,35.0,4.77038463509237,30,39,apf_fsm,1,0.0,0.0
2026-08-18T05:53:03.355+00:00,1787032383.3553655,192195.4033371,17.61013119999552,340,3,RUN,RUN,0.22368082455868515,0.6329931266488915,-2.6552836016005243,107.1784496307373,0.2,0.625,0.2,0.625,0.024993429644697526,-2.8160646619958425,-0.16078106039531814,-0.9474820494651794,-0.31980910897254944,0.0,0.0,-0.9474820494651794,-0.31980910897254944,0.0,1.0,11.663600500858845,-6.02513132695541,18.0,18.0,apf_fsm,1,0.0,0.0
2026-08-18T05:53:03.488+00:00,1787032383.4881592,192195.5361452,17.74293929999112,341,2,RUN,RUN,0.7829530223552256,0.5107686357366495,0.09813642263907632,98.00052642822266,1.0,0.625,1.0,0.625,0.24527167607817554,0.484463909907764,0.3863274872686877,0.8849247097969055,0.46573400497436523,0.0,0.0,0.8849247097969055,0.46573400497436523,0.0,0.6254480717029838,35.0,4.373632928167591,30,39,apf_fsm,1,0.0,0.0
2026-08-18T05:53:03.634+00:00,1787032383.6345713,192195.6829797,17.889773800008697,342,2,RUN,RUN,0.794461258379837,0.511068077767001,0.08985367013410815,104.30121421813965,1.0,0.625,1.0,0.625,0.2350035259533487,0.5061452762222434,0.4162916060881352,0.8746198415756226,0.4848094582557678,0.0,0.0,0.8746198415756226,0.4848094582557678,0.0,0.5620004667723127,35.0,5.211660219562015,29,40,apf_fsm,1,0.0,0.0
2026-08-18T05:53:03.774+00:00,1787032383.7747052,192195.82294,18.02973410001141,343,2,RUN,RUN,0.8048995342528028,0.5115776792764205,0.08985367013410815,103.28531265258789,1.0,0.625,1.0,0.625,0.22567413359332034,0.526595912059307,0.43674224192519884,0.8645229339599609,0.5025933384895325,0.0,0.0,0.8645229339599609,0.5025933384895325,0.0,0.5186972122701681,35.0,5.083194673549215,29,40,apf_fsm,1,0.0,0.0
2026-08-18T05:53:03.914+00:00,1787032383.9147706,192195.9629557,18.16974979999941,344,2,RUN,RUN,0.8100009200557492,0.5116933107427216,0.08985367013410815,102.82564163208008,1.0,0.625,1.0,0.625,0.22121947520529753,0.5377342197185735,0.4478805495844653,0.8588714003562927,0.5121912956237793,0.0,0.0,0.8588714003562927,0.5121912956237793,0.0,0.49511237240820816,34.65786606857457,4.940034653361595,29,39,apf_fsm,1,0.0,0.0
2026-08-18T05:53:04.058+00:00,1787032384.058399,192196.1071186,18.313912699988578,345,2,RUN,RUN,0.8171517522386944,0.5119144430427666,0.08985367013410815,105.34834861755371,1.0,0.625,1.0,0.625,0.21499261592368116,0.5538874382653154,0.4640337681312072,0.850486159324646,0.5259974002838135,0.0,0.0,0.850486159324646,0.5259974002838135,0.0,0.46090869584131067,32.263608708891745,5.816193175377641,26,38,apf_fsm,1,0.0,0.0
2026-08-18T05:53:04.188+00:00,1787032384.1887276,192196.2369509,18.443744999996852,346,2,RUN,RUN,0.8245586906206046,0.5120144120274436,0.08985367013410815,97.65315055847168,1.0,0.625,1.0,0.625,0.2086753366506474,0.5721512972125342,0.48229762707842605,0.8407381176948547,0.5414419770240784,0.0,0.0,0.8407381176948547,0.5414419770240784,0.0,0.42223583801508446,29.55650866105591,6.736504194841256,22,36,apf_fsm,1,0.0,0.0
2026-08-18T05:53:04.331+00:00,1787032384.3317785,192196.3798059,18.58660000000964,347,2,RUN,RUN,0.8319592388526547,0.5123056934346193,0.08985367013410815,100.9359359741211,1.0,0.625,1.0,0.625,0.20233068017290698,0.590746067941053,0.5008923978069448,0.8305253386497498,0.5569807887077332,0.0,0.0,0.8305253386497498,0.5569807887077332,0.0,0.38286229013708883,26.80036030959622,7.648648234722322,19,34,apf_fsm,1,0.0,0.0
2026-08-18T05:53:04.473+00:00,1787032384.4736729,192196.522043,18.728837100003147,348,2,RUN,RUN,0.8390640048731091,0.5126173594557795,0.08985367013410815,102.0057201385498,1.0,0.625,1.0,0.625,0.19629124387800426,0.609588424755415,0.5197347546213068,0.8198837637901306,0.5725300908088684,0.0,0.0,0.8198837637901306,0.5725300908088684,0.0,0.3429644904279092,24.007514329953644,8.616020901651874,18.0,32,apf_fsm,1,0.0,0.0
2026-08-18T05:53:04.615+00:00,1787032384.6151383,192196.6630154,18.869809499999974,349,2,RUN,RUN,0.8500224146392898,0.5131357931542561,0.08985367013410815,98.99258613586426,1.0,0.625,1.0,0.625,0.18710124768118594,0.6408545044337743,0.5510008342996662,0.8015851378440857,0.5978806018829346,0.0,0.0,0.8015851378440857,0.5978806018829346,0.0,0.276760044933723,19.373203145360613,11.027366189817432,18.0,30,apf_fsm,1,0.0,0.0
2026-08-18T05:53:04.776+00:00,1787032384.7763565,192196.8246791,19.031473200011533,350,2,RUN,RUN,0.8568478159468528,0.5135942628313908,0.08985367013410815,120.44787406921387,1.0,0.625,1.0,0.625,0.1813940078207309,0.6613267021569674,0.5714730320228593,0.7891781330108643,0.614164412021637,0.0,0.0,0.7891781330108643,0.614164412021637,0.0,0.23341113415712075,16.338779390998454,11.574761961638723,18.0,27,apf_fsm,1,0.0,0.0
2026-08-18T05:53:04.927+00:00,1787032384.9274275,192196.9760522,19.182846300012898,351,2,RUN,RUN,0.8611328072490141,0.513845198609399,0.09786936236391183,116.99867248535156,1.0,0.625,1.0,0.625,0.17787491980243708,0.6750089019316964,0.5771395395677845,0.7807013988494873,0.6249042749404907,0.0,0.0,0.7807013988494873,0.6249042749404907,0.0,0.22141257233678308,15.498880063574815,10.958992616559271,18.0,26,apf_fsm,1,0.0,0.0
2026-08-18T05:53:05.075+00:00,1787032385.0756266,192197.1240098,19.33080389999668,352,2,RUN,RUN,0.8630566644612986,0.5139481151503325,0.10837583485088371,107.95044898986816,1.0,0.625,1.0,0.625,0.1763122181731294,0.6813720209463513,0.5729961860954675,0.776709258556366,0.6298592686653137,0.0,0.0,0.776709258556366,0.6298592686653137,0.0,0.2301859274213675,16.113014919495726,10.105634342874486,18.0,26,apf_fsm,1,0.0,0.0
2026-08-18T05:53:05.218+00:00,1787032385.2186394,192197.2667555,19.47354959999211,353,2,RUN,RUN,0.8691550127535153,0.5148042109735546,0.11613659593822373,111.5121841430664,1.0,0.625,1.0,0.625,0.17106584289884882,0.6999399857215878,0.5838033897833641,0.7648808360099792,0.6441717743873596,0.0,0.0,0.7648808360099792,0.6441717743873596,0.0,0.20730218456456367,14.511152919519457,11.674766047505194,18.0,26,apf_fsm,1,0.0,0.0
2026-08-18T05:53:05.361+00:00,1787032385.361971,192197.4103117,19.617105799989076,354,2,RUN,RUN,0.8691550127535153,0.5148042109735546,0.11613659593822373,113.26861381530762,1.0,0.625,1.0,0.625,0.17106584289884882,0.6999399857215878,0.5838033897833641,0.7648808360099792,0.6441717743873596,0.0,0.0,0.7648808360099792,0.6441717743873596,0.0,0.20730218456456367,14.511152919519457,10.964373202835437,18.0,25,apf_fsm,1,0.0,0.0
2026-08-18T05:53:05.504+00:00,1787032385.5041547,192197.5525566,19.759350700012874,355,2,RUN,RUN,0.87107933055433,0.5148411635662684,0.11613659593822373,98.9990234375,1.0,0.625,1.0,0.625,0.1695744917573199,0.7070833400055999,0.5909467440673761,0.7602598071098328,0.6496191024780273,0.0,0.0,0.7602598071098328,0.6496191024780273,0.0,0.1921764695978464,13.452352871849248,11.847587947903394,1,25,apf_fsm,1,0.0,0.0
2026-08-18T05:53:05.649+00:00,1787032385.6491535,192197.6979295,19.904723599989666,356,2,RUN,RUN,0.8758721095349269,0.5150518406152551,0.11613659593822373,104.20727729797363,1.0,0.625,1.0,0.625,0.16582017652687037,0.7248946451713747,0.608758049233151,0.7485692501068115,0.6630565524101257,0.0,0.0,0.7485692501068115,0.6630565524101257,0.0,0.1544618730075989,10.812331110531922,13.667670584599309,-18.0,24,apf_fsm,1,0.0,0.0
2026-08-18T05:53:05.788+00:00,1787032385.7880058,192197.8361965,20.042990599991754,357,2,RUN,RUN,0.879757787956903,0.5153713845014465,0.11613659593822373,102.22887992858887,1.0,0.625,1.0,0.625,0.1627163879059107,0.7392589409199213,0.6231223449816976,0.7389680743217468,0.6737405061721802,0.0,0.0,0.7389680743217468,0.6737405061721802,0.0,0.15,8.0,30.0,-22,38,apf_fsm,1,0.0,0.0
2026-08-18T05:53:05.927+00:00,1787032385.9271288,192197.975253,20.182047100010095,358,2,RUN,RUN,0.8814957099091917,0.5155131562899895,0.11613659593822373,103.18136215209961,1.0,0.625,1.0,0.625,0.16134012431973244,0.7458669776037841,0.6297303816655604,0.7344998121261597,0.6786088347434998,0.0,0.0,0.7344998121261597,0.6786088347434998,0.0,0.15,8.0,30.0,-22,38,apf_fsm,1,0.0,0.0
2026-08-18T05:53:06.067+00:00,1787032386.0675247,192198.1161698,20.32296389999101,359,2,RUN,RUN,0.8814957099091917,0.5155131562899895,0.11613659593822373,101.01008415222168,1.0,0.625,1.0,0.625,0.16134012431973244,0.7458669776037841,0.6297303816655604,0.7344998121261597,0.6786088347434998,0.0,0.0,0.7344998121261597,0.6786088347434998,0.0,0.15,8.0,30.0,-22,38,apf_fsm,1,0.0,0.0
2026-08-18T05:53:06.208+00:00,1787032386.2087584,192198.2569631,20.46375719999196,360,2,RUN,RUN,0.8814957099091917,0.5155131562899895,0.11613659593822373,104.37417030334473,1.0,0.625,1.0,0.625,0.16134012431973244,0.7458669776037841,0.6297303816655604,0.7344998121261597,0.6786088347434998,0.0,0.0,0.7344998121261597,0.6786088347434998,0.0,0.15,8.0,30.0,-22,38,apf_fsm,1,0.0,0.0
2026-08-18T05:53:06.347+00:00,1787032386.3472207,192198.3958947,20.602688799990574,361,2,RUN,RUN,0.8814957099091917,0.5155131562899895,0.11613659593822373,102.48875617980957,1.0,0.625,1.0,0.625,0.16134012431973244,0.7458669776037841,0.6297303816655604,0.7344998121261597,0.6786088347434998,0.0,0.0,0.7344998121261597,0.6786088347434998,0.0,0.15,8.0,30.0,-22,38,apf_fsm,1,0.0,0.0
2026-08-18T05:53:06.487+00:00,1787032386.4879713,192198.5358542,20.742648299987195,362,2,RUN,RUN,0.8814957099091917,0.5155131562899895,0.11613659593822373,102.19407081604004,1.0,0.625,1.0,0.625,0.16134012431973244,0.7458669776037841,0.6297303816655604,0.7344998121261597,0.6786088347434998,0.0,0.0,0.7344998121261597,0.6786088347434998,0.0,0.15,0.0,38.0,-38,38,apf_fsm,1,0.0,0.0
2026-08-18T05:53:06.627+00:00,1787032386.6276462,192198.6764584,20.883252500003437,363,2,RUN,RUN,0.8814957099091917,0.5155131562899895,0.11613659593822373,98.00338745117188,1.0,0.625,1.0,0.625,0.16134012431973244,0.7458669776037841,0.6297303816655604,0.7344998121261597,0.6786088347434998,0.0,0.0,0.7344998121261597,0.6786088347434998,0.0,0.15,0.0,38.0,-38,38,apf_fsm,1,0.0,0.0
2026-08-18T05:53:06.771+00:00,1787032386.7719293,192198.8200095,21.02680359999067,364,2,RUN,RUN,0.8836238794494731,0.515876868991565,0.12477318999050796,102.25367546081543,1.0,0.625,1.0,0.625,0.15953450772630615,0.753245116293704,0.6284719263031961,0.7294730544090271,0.6840096116065979,0.0,0.0,0.7294730544090271,0.6840096116065979,0.0,0.15,0.0,38.0,-38,38,apf_fsm,1,0.0,0.0
2026-08-18T05:53:06.911+00:00,1787032386.9115217,192198.9603006,21.16709470000933,365,2,RUN,RUN,0.8854539626995377,0.5161747101899804,0.16090870141299085,104.1257381439209,1.0,0.625,1.0,0.625,0.15799917203413966,0.7597927989458428,0.598884097532852,0.7249787449836731,0.6887712478637695,0.0,0.0,0.7249787449836731,0.6887712478637695,0.0,0.17536949890375905,12.275864923263134,9.777211582379275,18.0,22,apf_fsm,1,0.0,0.0
2026-08-18T05:53:07.059+00:00,1787032387.0596004,192199.1076671,21.31446120000328,366,2,RUN,RUN,0.8854539626995377,0.5161747101899804,0.31175887193790597,110.06760597229004,1.0,0.625,1.0,0.625,0.15799917203413966,0.7597927989458428,0.44803392700793687,0.7249787449836731,0.6887712478637695,0.0,0.0,0.7249787449836731,0.6887712478637695,0.0,0.4947876029655176,34.63513220758623,-0.8119173299751492,35,33,apf_fsm,1,0.0,0.0
2026-08-18T05:53:07.190+00:00,1787032387.1902516,192199.2383013,21.445095400005812,367,2,RUN,RUN,0.8864728684118377,0.5178977185881134,0.6907790599853519,100.69870948791504,1.0,0.625,1.0,0.625,0.15607468817930364,0.75628579445244,0.0655067344670881,0.7273898124694824,0.6862245202064514,0.0,0.0,0.7273898124694824,0.6862245202064514,0.0,1.0,35.0,-12.733384394258826,47,22,apf_fsm,1,0.0,0.0
2026-08-18T05:53:07.334+00:00,1787032387.3348656,192199.3835348,21.590328899997985,368,2,RUN,RUN,0.8864728684118377,0.5178977185881134,0.8316992348461033,101.94683074951172,1.0,0.625,1.0,0.625,0.15607468817930364,0.75628579445244,-0.07541344039366327,0.7273898124694824,0.6862245202064514,0.0,0.0,0.7273898124694824,0.6862245202064514,0.0,1.0,35.0,-5.686340524062931,40,29,apf_fsm,1,0.0,0.0
2026-08-18T05:53:07.472+00:00,1787032387.4720094,192199.5207017,21.727495800005272,369,2,RUN,RUN,0.8871771218138507,0.5194858250883068,0.8673851715908364,100.01993179321289,1.0,0.625,1.0,0.625,0.15447408504180268,0.751936299674766,-0.11544887191607034,0.7303676605224609,0.6830542683601379,0.0,0.0,0.7303676605224609,0.6830542683601379,0.0,1.0,35.0,-2.5557288224449506,37,32,apf_fsm,1,0.0,0.0
2026-08-18T05:53:07.617+00:00,1787032387.6171343,192199.6658162,21.87261029999354,370,2,RUN,RUN,0.8871771218138507,0.5194858250883068,0.8970482328386177,103.2857894897461,1.0,0.625,1.0,0.625,0.15447408504180268,0.751936299674766,-0.14511193316385163,0.7303676605224609,0.6830542683601379,0.0,0.0,0.7303676605224609,0.6830542683601379,0.0,1.0,35.0,-2.489326475310861,37,32,apf_fsm,1,0.0,0.0
2026-08-18T05:53:07.755+00:00,1787032387.7551084,192199.8029723,22.0097664000059,371,2,RUN,RUN,0.8888050632164289,0.5224005503110003,0.919608478491695,102.00834274291992,1.0,0.625,1.0,0.625,0.15129759100127121,0.7452153790084926,-0.17439309948320247,0.7349418997764587,0.6781301498413086,0.0,0.0,0.7349418997764587,0.6781301498413086,0.0,1.0,35.0,-2.7687718160093047,37,32,apf_fsm,1,0.0,0.0
2026-08-18T05:53:07.897+00:00,1787032387.8975716,192199.9459465,22.152740599995013,372,2,RUN,RUN,0.8913967959022792,0.5267193164335664,0.9314037843088752,103.9881706237793,1.0,0.625,1.0,0.625,0.1464709824592457,0.7355442624727079,-0.19585952183616728,0.74146568775177,0.6709908246994019,0.0,0.0,0.74146568775177,0.6709908246994019,0.0,1.0,35.0,-2.7099200007154414,37,32,apf_fsm,1,0.0,0.0
2026-08-18T05:53:08.043+00:00,1787032388.0431912,192200.0918984,22.29869249998592,373,2,RUN,RUN,0.8995331666726958,0.5372437291535372,0.9314037843088752,108.16788673400879,1.0,0.625,1.0,0.625,0.13339695525646023,0.7179713006975023,-0.2134324836113729,0.7531418800354004,0.65785813331604,0.0,0.0,0.7531418800354004,0.65785813331604,0.0,0.9915450676679234,35.0,-2.7493784982459255,37,32,apf_fsm,1,0.0,0.0
2026-08-18T05:53:08.177+00:00,1787032388.1775384,192200.2259656,22.432759699993767,374,2,RUN,RUN,0.9051984049377362,0.5434017720367933,0.9200766572180957,99.99775886535645,1.0,0.625,1.0,0.625,0.12508242575631834,0.7106883795576858,-0.2093882776604099,0.7579129338264465,0.6523556113243103,0.0,0.0,0.7579129338264465,0.6523556113243103,0.0,1.0,35.0,-1.952335568320394,36,33,apf_fsm,1,0.0,0.0
2026-08-18T05:53:08.322+00:00,1787032388.3221242,192200.3702981,22.577092199993785,375,2,RUN,RUN,0.9135415136308005,0.5525824363970487,0.8921537590629054,104.92515563964844,1.0,0.625,1.0,0.625,0.11278019942986689,0.6972505839526553,-0.19490317511025013,0.7666105031967163,0.6421123743057251,0.0,0.0,0.7666105031967163,0.6421123743057251,0.0,1.0,35.0,-1.442053161846909,36,33,apf_fsm,1,0.0,0.0
2026-08-18T05:53:08.460+00:00,1787032388.46074,192200.5089092,22.715703299996676,376,2,RUN,RUN,0.9232649355878282,0.562125118629585,0.8582779303952244,102.60319709777832,1.0,0.625,1.0,0.625,0.09920443950592087,0.6864445400540031,-0.17183339034122125,0.7735043168067932,0.6337910294532776,0.0,0.0,0.7735043168067932,0.6337910294532776,0.0,1.0,35.0,-0.9108914364962017,35,34,apf_fsm,1,0.0,0.0
2026-08-18T05:53:08.611+00:00,1787032388.6112692,192200.6594445,22.866238599992357,377,2,RUN,RUN,0.9298478435500799,0.5687090732984481,0.8237442080176962,113.2819652557373,1.0,0.625,1.0,0.625,0.08994439106188644,0.676209899245019,-0.14753430877267726,0.7799503207206726,0.6258414387702942,0.0,0.0,0.7799503207206726,0.6258414387702942,0.0,1.0,35.0,-0.6248752328277329,35,34,apf_fsm,1,0.0,0.0
2026-08-18T05:53:08.772+00:00,1787032388.7720473,192200.8201867,23.026980800001184,378,2,RUN,RUN,0.9338496950138355,0.5722737937461408,0.8037368184626544,118.24488639831543,1.0,0.625,1.0,0.625,0.0845926455177226,0.6729497740262224,-0.13078704443643208,0.7819864749908447,0.6232953667640686,0.0,0.0,0.7819864749908447,0.6232953667640686,0.0,1.0,35.0,-0.7217161925957394,35,34,apf_fsm,1,0.0,0.0
2026-08-18T05:53:08.918+00:00,1787032388.9186037,192200.9664749,23.173268999991706,379,2,RUN,RUN,0.9410729962426857,0.5784959577503515,0.7506769547418737,122.55525588989258,1.0,0.625,1.0,0.625,0.07506675507421132,0.6681087934580501,-0.0825681612838236,0.7849947214126587,0.6195025444030762,0.0,0.0,0.7849947214126587,0.6195025444030762,0.0,1.0,35.0,0.8619792975030605,34,35,apf_fsm,1,0.0,0.0
2026-08-18T05:53:09.086+00:00,1787032389.0863202,192201.134437,23.341231099999277,380,2,RUN,RUN,0.9465029033162201,0.5821040774765944,0.7198615602682027,131.99472427368164,1.0,0.625,1.0,0.625,0.06857112747160941,0.6758597621673401,-0.04400179810086258,0.7801694273948669,0.6255683302879333,0.0,0.0,0.7801694273948669,0.6255683302879333,0.0,1.0,31.99985948675106,0.9098047303950103,31,32,apf_fsm,1,0.0,0.0
2026-08-18T05:53:09.236+00:00,1787032389.2362225,192201.2847716,23.491565700009232,381,2,RUN,RUN,0.9612858219148881,0.5916263406244026,0.6255755836343823,113.00015449523926,1.0,0.625,1.0,0.625,0.051113488678862076,0.711449723094467,0.08587413946008471,0.7574161291122437,0.6529325246810913,0.0,0.0,0.7574161291122437,0.6529325246810913,0.0,1.0,23.85296138346897,5.404399209234002,18,29,apf_fsm,1,0.0,0.0
2026-08-18T05:53:09.386+00:00,1787032389.3864105,192201.4343015,23.64109560000361,382,2,RUN,RUN,0.9680392764659598,0.5958185423075628,0.5800478227302186,108.98208618164062,1.0,0.625,1.0,0.625,0.04327869362486412,0.7399736534089699,0.15992583067875132,0.7384862899780273,0.6742684245109558,0.0,0.0,0.7384862899780273,0.6742684245109558,0.0,1.0,20.196723691603257,4.191067499440845,18.0,24,apf_fsm,1,0.0,0.0
2026-08-18T05:53:09.524+00:00,1787032389.5244074,192201.5728442,23.779638300009537,383,2,RUN,RUN,0.9727037809980825,0.5982047845733324,0.5608159064051864,107.98859596252441,1.0,0.625,1.0,0.625,0.03825006067396714,0.7761362615080499,0.21532035510286351,0.7136255502700806,0.7005274295806885,0.0,0.0,0.7136255502700806,0.7005274295806885,0.0,0.9875475890411122,18,4.092011905872562,18.0,22,apf_fsm,1,0.0,0.0
2026-08-18T05:53:09.669+00:00,1787032389.6698947,192201.7184753,23.925269400002435,384,2,RUN,RUN,0.9799834530472213,0.602165513276011,0.5279846849128368,109.48634147644043,1.0,0.625,1.0,0.625,0.03036570328282919,0.8510649130898054,0.3230802281769686,0.6591827273368835,0.7519828081130981,0.0,0.0,0.6591827273368835,0.7519828081130981,0.0,0.7593711525711161,10.760791580240113,7.002397839363363,18.0,18.0,apf_fsm,1,0.0,0.0
