wall_time_iso,t_wall,t_perf,session_elapsed_s,stage,robot_id,seq,left_cmd,right_cmd,requested_delay_ms,actual_delay_ms,scheduled_perf,sent_perf,ack_perf,rtt_ms,esp_rx_ms,duplicate,ack_requested,success,error
2026-08-18T05:56:23.333+00:00,1787032583.3338382,192395.3772082,0.1497586999903433,send_error,1,5,0,0,0.0,0.0,192395.3771967,,,,,,,0,robot_not_discovered
2026-08-18T05:56:23.441+00:00,1787032583.441819,192395.4847646,0.25731509999604896,sent,2,6,-35,35,0.0,0.0,192395.4844024,192395.484502,,,,,0,1,
2026-08-18T05:56:23.441+00:00,1787032583.441819,192395.4853781,0.25792860001092777,sent,3,7,-35,35,0.0,0.0,192395.4851075,192395.4851869,,,,,0,1,
2026-08-18T05:56:23.441+00:00,1787032583.441819,192395.4854195,0.25797000000602566,send_error,10,8,0,0,0.0,0.0,192395.4854168,,,,,,,0,robot_not_discovered
2026-08-18T05:56:23.573+00:00,1787032583.5738196,192395.616743,0.3892934999894351,send_error,1,9,0,0,0.0,0.0,192395.6167323,,,,,,,0,robot_not_discovered
2026-08-18T05:56:23.580+00:00,1787032583.580822,192395.623559,0.3961094999976922,sent,2,10,-34,34,0.0,0.0,192395.6231458,192395.6232744,,,,,0,1,
2026-08-18T05:56:23.580+00:00,1787032583.580822,192395.6243251,0.39687560001038946,sent,3,11,-34,34,0.0,0.0,192395.6240067,192395.6241445,,,,,0,1,
2026-08-18T05:56:23.580+00:00,1787032583.580822,192395.6243784,0.39692890000878833,send_error,10,12,0,0,0.0,0.0,192395.6243579,,,,,,,0,robot_not_discovered
2026-08-18T05:56:23.707+00:00,1787032583.707823,192395.7512522,0.5238026999868453,send_error,1,13,0,0,0.0,0.0,192395.7512355,,,,,,,0,robot_not_discovered
2026-08-18T05:56:23.714+00:00,1787032583.714814,192395.7583336,0.5308841000078246,sent,2,14,-34,34,0.0,0.0,192395.7580271,192395.7580533,,,,,0,1,
2026-08-18T05:56:23.715+00:00,1787032583.7158132,192395.7588679,0.5314184000017121,sent,3,15,-34,34,0.0,0.0,192395.7586394,192395.7586984,,,,,0,1,
2026-08-18T05:56:23.715+00:00,1787032583.7158132,192395.7589025,0.5314530000032391,send_error,10,16,0,0,0.0,0.0,192395.7589,,,,,,,0,robot_not_discovered
2026-08-18T05:56:23.847+00:00,1787032583.8479335,192395.8909317,0.6634822000050917,send_error,1,17,0,0,0.0,0.0,192395.8909162,,,,,,,0,robot_not_discovered
2026-08-18T05:56:23.852+00:00,1787032583.8529327,192395.8958397,0.6683902000077069,sent,2,18,-26,26,0.0,0.0,192395.8955272,192395.8955455,,,,,0,1,
2026-08-18T05:56:23.852+00:00,1787032583.8529327,192395.8965556,0.6691060999874026,sent,3,19,-26,26,0.0,0.0,192395.8962837,192395.8963681,,,,,0,1,
2026-08-18T05:56:23.853+00:00,1787032583.8539329,192395.8966119,0.6691624000086449,send_error,10,20,0,0,0.0,0.0,192395.8965934,,,,,,,0,robot_not_discovered
2026-08-18T05:56:24.004+00:00,1787032584.004249,192396.0472974,0.8198478999838699,send_error,1,21,0,0,0.0,0.0,192396.0472873,,,,,,,0,robot_not_discovered
2026-08-18T05:56:24.009+00:00,1787032584.0092533,192396.0519171,0.8244676000031177,sent,2,22,-34,34,0.0,0.0,192396.0509891,192396.0511222,,,,,0,1,
2026-08-18T05:56:24.010+00:00,1787032584.0102513,192396.0529209,0.8254713999922387,sent,3,23,-26,26,0.0,0.0,192396.0525204,192396.0526056,,,,,0,1,
2026-08-18T05:56:24.010+00:00,1787032584.0102513,192396.0529728,0.8255233000090811,send_error,10,24,0,0,0.0,0.0,192396.05297,,,,,,,0,robot_not_discovered
2026-08-18T05:56:24.151+00:00,1787032584.1512089,192396.1938656,0.9664161000109743,send_error,1,25,0,0,0.0,0.0,192396.1938535,,,,,,,0,robot_not_discovered
2026-08-18T05:56:24.155+00:00,1787032584.155193,192396.1982324,0.9707828999962658,sent,2,26,-26,26,0.0,0.0,192396.1977233,192396.1979289,,,,,0,1,
2026-08-18T05:56:24.156+00:00,1787032584.15621,192396.1989117,0.9714621999883093,sent,3,27,-26,26,0.0,0.0,192396.1987165,192396.1987951,,,,,0,1,
2026-08-18T05:56:24.156+00:00,1787032584.15621,192396.1989469,0.971497399994405,send_error,10,28,0,0,0.0,0.0,192396.1989442,,,,,,,0,robot_not_discovered
2026-08-18T05:56:24.308+00:00,1787032584.3089972,192396.352541,1.1250914999982342,send_error,1,29,0,0,0.0,0.0,192396.3525072,,,,,,,0,robot_not_discovered
2026-08-18T05:56:24.316+00:00,1787032584.3165436,192396.3592807,1.131831200007582,sent,2,30,-26,26,0.0,0.0,192396.3588383,192396.3589672,,,,,0,1,
2026-08-18T05:56:24.316+00:00,1787032584.3165436,192396.3600221,1.1325726000068244,sent,3,31,26,-26,0.0,0.0,192396.3598611,192396.3599322,,,,,0,1,
2026-08-18T05:56:24.316+00:00,1787032584.3165436,192396.360056,1.1326065000030212,send_error,10,32,0,0,0.0,0.0,192396.3600535,,,,,,,0,robot_not_discovered
2026-08-18T05:56:24.456+00:00,1787032584.4568064,192396.5001424,1.2726929000054952,send_error,1,33,0,0,0.0,0.0,192396.5001319,,,,,,,0,robot_not_discovered
2026-08-18T05:56:24.461+00:00,1787032584.4618073,192396.5047651,1.2773155999893788,sent,2,34,-26,26,0.0,0.0,192396.5045557,192396.5045729,,,,,0,1,
2026-08-18T05:56:24.461+00:00,1787032584.4618073,192396.5052041,1.277754599985201,sent,3,35,26,-26,0.0,0.0,192396.5050737,192396.5051387,,,,,0,1,
2026-08-18T05:56:24.461+00:00,1787032584.4618073,192396.5052335,1.2777840000053402,send_error,10,36,0,0,0.0,0.0,192396.505231,,,,,,,0,robot_not_discovered
2026-08-18T05:56:24.609+00:00,1787032584.6095436,192396.6531271,1.4256775999965612,send_error,1,37,0,0,0.0,0.0,192396.6531168,,,,,,,0,robot_not_discovered
2026-08-18T05:56:24.615+00:00,1787032584.6155431,192396.6582495,1.4308000000019092,sent,2,38,32,-32,0.0,0.0,192396.6579762,192396.6580779,,,,,0,1,
2026-08-18T05:56:24.615+00:00,1787032584.6155431,192396.6588636,1.4314140999922529,sent,3,39,-26,26,0.0,0.0,192396.6586594,192396.6587821,,,,,0,1,
2026-08-18T05:56:24.615+00:00,1787032584.6155431,192396.6588964,1.4314469000091776,send_error,10,40,0,0,0.0,0.0,192396.6588939,,,,,,,0,robot_not_discovered
2026-08-18T05:56:24.771+00:00,1787032584.7710834,192396.8140089,1.586559399991529,send_error,1,41,0,0,0.0,0.0,192396.8139891,,,,,,,0,robot_not_discovered
2026-08-18T05:56:24.776+00:00,1787032584.7760763,192396.8195422,1.5920927000115626,sent,2,42,37,32,0.0,0.0,192396.8192808,192396.8193631,,,,,0,1,
2026-08-18T05:56:24.777+00:00,1787032584.7770777,192396.8200929,1.5926433999848086,sent,3,43,33,36,0.0,0.0,192396.8199398,192396.8200063,,,,,0,1,
2026-08-18T05:56:24.777+00:00,1787032584.7770777,192396.8201216,1.5926720999996178,send_error,10,44,0,0,0.0,0.0,192396.8201192,,,,,,,0,robot_not_discovered
2026-08-18T05:56:24.916+00:00,1787032584.9161606,192396.9589605,1.73151099999086,send_error,1,45,0,0,0.0,0.0,192396.9589503,,,,,,,0,robot_not_discovered
2026-08-18T05:56:24.920+00:00,1787032584.9201632,192396.9636208,1.7361712999991141,sent,2,46,43,26,0.0,0.0,192396.9633225,192396.9634317,,,,,0,1,
2026-08-18T05:56:24.921+00:00,1787032584.921185,192396.9647067,1.7372572000022046,sent,3,47,35,34,0.0,0.0,192396.9645299,192396.964616,,,,,0,1,
2026-08-18T05:56:24.921+00:00,1787032584.921185,192396.964744,1.737294499995187,send_error,10,48,0,0,0.0,0.0,192396.9647412,,,,,,,0,robot_not_discovered
2026-08-18T05:56:25.066+00:00,1787032585.0667212,192397.1095869,1.8821374000108335,send_error,1,49,0,0,0.0,0.0,192397.1095754,,,,,,,0,robot_not_discovered
2026-08-18T05:56:25.071+00:00,1787032585.0717185,192397.1152882,1.8878387000004295,sent,2,50,44,25,0.0,0.0,192397.1149645,192397.1150912,,,,,0,1,
2026-08-18T05:56:25.072+00:00,1787032585.0727174,192397.1160356,1.888586099987151,sent,3,51,35,34,0.0,0.0,192397.1158116,192397.1159126,,,,,0,1,
2026-08-18T05:56:25.072+00:00,1787032585.0727174,192397.116073,1.8886235000099987,send_error,10,52,0,0,0.0,0.0,192397.1160702,,,,,,,0,robot_not_discovered
2026-08-18T05:56:25.210+00:00,1787032585.210918,192397.2543681,2.0269185999932233,send_error,1,53,0,0,0.0,0.0,192397.2543579,,,,,,,0,robot_not_discovered
2026-08-18T05:56:25.214+00:00,1787032585.214907,192397.2581656,2.0307161000091583,sent,2,54,39,30,0.0,0.0,192397.2578965,192397.2579957,,,,,0,1,
2026-08-18T05:56:25.215+00:00,1787032585.2159166,192397.2587321,2.031282599986298,sent,3,55,35,34,0.0,0.0,192397.2585579,192397.2586221,,,,,0,1,
2026-08-18T05:56:25.215+00:00,1787032585.2159166,192397.2587627,2.031313199986471,send_error,10,56,0,0,0.0,0.0,192397.2587602,,,,,,,0,robot_not_discovered
2026-08-18T05:56:25.350+00:00,1787032585.3505423,192397.3935115,2.166062000003876,send_error,1,57,0,0,0.0,0.0,192397.3935013,,,,,,,0,robot_not_discovered
2026-08-18T05:56:25.353+00:00,1787032585.353698,192397.3969209,2.169471400004113,sent,2,58,35,34,0.0,0.0,192397.3966681,192397.3967551,,,,,0,1,
2026-08-18T05:56:25.354+00:00,1787032585.3547082,192397.3973971,2.169947599992156,sent,3,59,35,34,0.0,0.0,192397.3972377,192397.397298,,,,,0,1,
2026-08-18T05:56:25.354+00:00,1787032585.3547082,192397.3974279,2.169978399993852,send_error,10,60,0,0,0.0,0.0,192397.3974254,,,,,,,0,robot_not_discovered
2026-08-18T05:56:25.490+00:00,1787032585.4908595,192397.5343849,2.3069354000035673,send_error,1,61,0,0,0.0,0.0,192397.5343732,,,,,,,0,robot_not_discovered
2026-08-18T05:56:25.496+00:00,1787032585.4968796,192397.5403052,2.312855700001819,sent,2,62,34,35,0.0,0.0,192397.5399122,192397.5399762,,,,,0,1,
2026-08-18T05:56:25.497+00:00,1787032585.4978611,192397.5408453,2.313395800010767,sent,3,63,35,34,0.0,0.0,192397.540687,192397.5407676,,,,,0,1,
2026-08-18T05:56:25.497+00:00,1787032585.4978611,192397.5408784,2.313428900000872,send_error,10,64,0,0,0.0,0.0,192397.5408759,,,,,,,0,robot_not_discovered
2026-08-18T05:56:25.630+00:00,1787032585.6306608,192397.6742952,2.446845700003905,send_error,1,65,0,0,0.0,0.0,192397.6742835,,,,,,,0,robot_not_discovered
2026-08-18T05:56:25.636+00:00,1787032585.6366599,192397.6793024,2.4518529000051785,sent,2,66,36,33,0.0,0.0,192397.6790618,192397.6791564,,,,,0,1,
2026-08-18T05:56:25.636+00:00,1787032585.6366599,192397.6797397,2.452290199988056,sent,3,67,35,34,0.0,0.0,192397.6795931,192397.6796468,,,,,0,1,
2026-08-18T05:56:25.636+00:00,1787032585.6366599,192397.6797685,2.4523190000036266,send_error,10,68,0,0,0.0,0.0,192397.6797661,,,,,,,0,robot_not_discovered
2026-08-18T05:56:25.773+00:00,1787032585.7743628,192397.8169562,2.589506699994672,send_error,1,69,0,0,0.0,0.0,192397.816947,,,,,,,0,robot_not_discovered
2026-08-18T05:56:25.778+00:00,1787032585.7783654,192397.8211659,2.5937164000060875,sent,2,70,33,36,0.0,0.0,192397.8208862,192397.8209845,,,,,0,1,
2026-08-18T05:56:25.779+00:00,1787032585.7793646,192397.8220955,2.5946460000122897,sent,3,71,36,33,0.0,0.0,192397.8216959,192397.8218073,,,,,0,1,
2026-08-18T05:56:25.779+00:00,1787032585.7793646,192397.82216,2.5947105000086594,send_error,10,72,0,0,0.0,0.0,192397.8221408,,,,,,,0,robot_not_discovered
2026-08-18T05:56:25.914+00:00,1787032585.9144814,192397.9577003,2.7302507999993395,send_error,1,73,0,0,0.0,0.0,192397.9576851,,,,,,,0,robot_not_discovered
2026-08-18T05:56:25.919+00:00,1787032585.9194732,192397.9621428,2.7346933000080753,sent,2,74,33,36,0.0,0.0,192397.9616706,192397.961692,,,,,0,1,
2026-08-18T05:56:25.919+00:00,1787032585.9194732,192397.9626354,2.7351859000045806,sent,3,75,36,33,0.0,0.0,192397.9624768,192397.9625387,,,,,0,1,
2026-08-18T05:56:25.919+00:00,1787032585.9194732,192397.962664,2.7352144999895245,send_error,10,76,0,0,0.0,0.0,192397.9626602,,,,,,,0,robot_not_discovered
2026-08-18T05:56:26.059+00:00,1787032586.0592713,192398.1019706,2.874521099991398,send_error,1,77,0,0,0.0,0.0,192398.101961,,,,,,,0,robot_not_discovered
2026-08-18T05:56:26.064+00:00,1787032586.0642664,192398.1075677,2.880118200002471,sent,2,78,32,37,0.0,0.0,192398.1070437,192398.1071209,,,,,0,1,
2026-08-18T05:56:26.066+00:00,1787032586.0662684,192398.1090683,2.8816187999909744,sent,3,79,35,34,0.0,0.0,192398.1087135,192398.1088435,,,,,0,1,
2026-08-18T05:56:26.066+00:00,1787032586.0662684,192398.1091227,2.881673199997749,send_error,10,80,0,0,0.0,0.0,192398.1091203,,,,,,,0,robot_not_discovered
2026-08-18T05:56:26.189+00:00,1787032586.1895378,192398.2322852,3.00483570000506,send_error,1,81,0,0,0.0,0.0,192398.2322764,,,,,,,0,robot_not_discovered
2026-08-18T05:56:26.192+00:00,1787032586.19253,192398.2358024,3.008352900011232,sent,2,82,33,36,0.0,0.0,192398.2356065,192398.235695,,,,,0,1,
2026-08-18T05:56:26.193+00:00,1787032586.1935227,192398.2364233,3.0089737999951467,sent,3,83,35,34,0.0,0.0,192398.2361315,192398.2363498,,,,,0,1,
2026-08-18T05:56:26.193+00:00,1787032586.1935227,192398.2364555,3.0090060000075027,send_error,10,84,0,0,0.0,0.0,192398.236453,,,,,,,0,robot_not_discovered
2026-08-18T05:56:26.332+00:00,1787032586.3328755,192398.3762721,3.1488225999928545,send_error,1,85,0,0,0.0,0.0,192398.3762506,,,,,,,0,robot_not_discovered
2026-08-18T05:56:26.337+00:00,1787032586.337878,192398.3809631,3.153513600002043,sent,2,86,33,36,0.0,0.0,192398.3807078,192398.3807989,,,,,0,1,
2026-08-18T05:56:26.338+00:00,1787032586.3388767,192398.3814931,3.154043599992292,sent,3,87,35,34,0.0,0.0,192398.3813494,192398.3814168,,,,,0,1,
2026-08-18T05:56:26.338+00:00,1787032586.3388767,192398.381522,3.154072500008624,send_error,10,88,0,0,0.0,0.0,192398.3815185,,,,,,,0,robot_not_discovered
2026-08-18T05:56:26.482+00:00,1787032586.482619,192398.5253955,3.29794600000605,send_error,1,89,0,0,0.0,0.0,192398.5253859,,,,,,,0,robot_not_discovered
2026-08-18T05:56:26.486+00:00,1787032586.4866178,192398.5294027,3.3019531999889296,sent,2,90,34,35,0.0,0.0,192398.5290495,192398.5291322,,,,,0,1,
2026-08-18T05:56:26.487+00:00,1787032586.4876208,192398.5306063,3.303156799986027,sent,3,91,36,33,0.0,0.0,192398.5303007,192398.5304419,,,,,0,1,
2026-08-18T05:56:26.487+00:00,1787032586.4876208,192398.5306596,3.303210099984426,send_error,10,92,0,0,0.0,0.0,192398.5306567,,,,,,,0,robot_not_discovered
2026-08-18T05:56:26.614+00:00,1787032586.6141577,192398.6576004,3.4301509000069927,send_error,1,93,0,0,0.0,0.0,192398.6575911,,,,,,,0,robot_not_discovered
2026-08-18T05:56:26.618+00:00,1787032586.618157,192398.6611027,3.4336531999870203,sent,2,94,34,35,0.0,0.0,192398.6608317,192398.6609273,,,,,0,1,
2026-08-18T05:56:26.618+00:00,1787032586.618578,192398.6620986,3.4346491000032984,sent,3,95,36,33,0.0,0.0,192398.6617292,192398.6618753,,,,,0,1,
2026-08-18T05:56:26.618+00:00,1787032586.618578,192398.6621568,3.4347073000099044,send_error,10,96,0,0,0.0,0.0,192398.6621541,,,,,,,0,robot_not_discovered
2026-08-18T05:56:26.758+00:00,1787032586.7584834,192398.8013522,3.5739027000090573,send_error,1,97,0,0,0.0,0.0,192398.8013361,,,,,,,0,robot_not_discovered
2026-08-18T05:56:26.762+00:00,1787032586.7624893,192398.8053092,3.577859699988039,sent,2,98,34,35,0.0,0.0,192398.8050576,192398.8051684,,,,,0,1,
2026-08-18T05:56:26.762+00:00,1787032586.7624893,192398.8059417,3.5784922000020742,sent,3,99,36,33,0.0,0.0,192398.8057644,192398.8058578,,,,,0,1,
2026-08-18T05:56:26.762+00:00,1787032586.7624893,192398.8059701,3.578520599985495,send_error,10,100,0,0,0.0,0.0,192398.8059671,,,,,,,0,robot_not_discovered
2026-08-18T05:56:26.895+00:00,1787032586.8952637,192398.9386086,3.7111590999993496,send_error,1,101,0,0,0.0,0.0,192398.9385604,,,,,,,0,robot_not_discovered
2026-08-18T05:56:26.901+00:00,1787032586.901273,192398.9442509,3.7168014000053518,sent,2,102,34,35,0.0,0.0,192398.9439956,192398.9440926,,,,,0,1,
2026-08-18T05:56:26.902+00:00,1787032586.902267,192398.9450183,3.717568799998844,sent,3,103,36,33,0.0,0.0,192398.9448209,192398.9449175,,,,,0,1,
2026-08-18T05:56:26.902+00:00,1787032586.902267,192398.9450517,3.7176021999912336,send_error,10,104,0,0,0.0,0.0,192398.9450487,,,,,,,0,robot_not_discovered
2026-08-18T05:56:27.051+00:00,1787032587.0514998,192399.0949757,3.867526199988788,send_error,1,105,0,0,0.0,0.0,192399.0949648,,,,,,,0,robot_not_discovered
2026-08-18T05:56:27.056+00:00,1787032587.0564878,192399.0996005,3.872150999988662,sent,2,106,33,36,0.0,0.0,192399.0989814,192399.0992275,,,,,0,1,
2026-08-18T05:56:27.057+00:00,1787032587.0574896,192399.100864,3.8734145000053104,sent,3,107,36,33,0.0,0.0,192399.1003424,192399.1004784,,,,,0,1,
2026-08-18T05:56:27.057+00:00,1787032587.0574896,192399.1009169,3.8734674000006635,send_error,10,108,0,0,0.0,0.0,192399.1009133,,,,,,,0,robot_not_discovered
2026-08-18T05:56:27.193+00:00,1787032587.1938884,192399.2366495,4.009200000000419,send_error,1,109,0,0,0.0,0.0,192399.2366398,,,,,,,0,robot_not_discovered
2026-08-18T05:56:27.198+00:00,1787032587.1988883,192399.2420921,4.014642599999206,sent,2,110,33,36,0.0,0.0,192399.2418703,192399.2419487,,,,,0,1,
2026-08-18T05:56:27.199+00:00,1787032587.199889,192399.2426563,4.015206799987936,sent,3,111,34,35,0.0,0.0,192399.2424477,192399.2425544,,,,,0,1,
2026-08-18T05:56:27.199+00:00,1787032587.199889,192399.2426929,4.015243400004692,send_error,10,112,0,0,0.0,0.0,192399.2426901,,,,,,,0,robot_not_discovered
2026-08-18T05:56:27.326+00:00,1787032587.3261118,192399.3692216,4.141772100003436,send_error,1,113,0,0,0.0,0.0,192399.3692111,,,,,,,0,robot_not_discovered
2026-08-18T05:56:27.330+00:00,1787032587.3301117,192399.3735763,4.146126799983904,sent,2,114,32,37,0.0,0.0,192399.3733886,192399.3734668,,,,,0,1,
2026-08-18T05:56:27.331+00:00,1787032587.331113,192399.3740991,4.14664960000664,sent,3,115,35,34,0.0,0.0,192399.3739495,192399.3740278,,,,,0,1,
2026-08-18T05:56:27.331+00:00,1787032587.331113,192399.3741288,4.14667929999996,send_error,10,116,0,0,0.0,0.0,192399.3741265,,,,,,,0,robot_not_discovered
2026-08-18T05:56:27.466+00:00,1787032587.4666612,192399.5099122,4.282462700008182,send_error,1,117,0,0,0.0,0.0,192399.5099023,,,,,,,0,robot_not_discovered
2026-08-18T05:56:27.470+00:00,1787032587.4706612,192399.5136337,4.286184199998388,sent,2,118,33,36,0.0,0.0,192399.5134671,192399.5134877,,,,,0,1,
2026-08-18T05:56:27.470+00:00,1787032587.4706612,192399.5140955,4.286645999993198,sent,3,119,34,35,0.0,0.0,192399.5139618,192399.5139764,,,,,0,1,
2026-08-18T05:56:27.470+00:00,1787032587.4706612,192399.5141257,4.286676199990325,send_error,10,120,0,0,0.0,0.0,192399.5141231,,,,,,,0,robot_not_discovered
2026-08-18T05:56:27.604+00:00,1787032587.604218,192399.6469478,4.419498300005216,send_error,1,121,0,0,0.0,0.0,192399.6469375,,,,,,,0,robot_not_discovered
2026-08-18T05:56:27.607+00:00,1787032587.6076634,192399.6509082,4.423458700010087,sent,2,122,33,36,0.0,0.0,192399.6506437,192399.6507437,,,,,0,1,
2026-08-18T05:56:27.608+00:00,1787032587.6087446,192399.6513545,4.423905000003288,sent,3,123,34,35,0.0,0.0,192399.6512192,192399.6512741,,,,,0,1,
2026-08-18T05:56:27.608+00:00,1787032587.6087446,192399.6513818,4.423932300007436,send_error,10,124,0,0,0.0,0.0,192399.6513796,,,,,,,0,robot_not_discovered
2026-08-18T05:56:27.753+00:00,1787032587.7533586,192399.7961624,4.5687128999852575,send_error,1,125,0,0,0.0,0.0,192399.7961503,,,,,,,0,robot_not_discovered
2026-08-18T05:56:27.758+00:00,1787032587.75836,192399.8016269,4.574177400005283,sent,2,126,33,36,0.0,0.0,192399.800978,192399.8011896,,,,,0,1,
2026-08-18T05:56:27.759+00:00,1787032587.7593582,192399.8028852,4.57543570001144,sent,3,127,33,36,0.0,0.0,192399.802699,192399.8028089,,,,,0,1,
2026-08-18T05:56:27.760+00:00,1787032587.760359,192399.8029193,4.575469800009159,send_error,10,128,0,0,0.0,0.0,192399.8029167,,,,,,,0,robot_not_discovered
2026-08-18T05:56:27.884+00:00,1787032587.884362,192399.9269097,4.699460200004978,send_error,1,129,0,0,0.0,0.0,192399.9269003,,,,,,,0,robot_not_discovered
2026-08-18T05:56:27.887+00:00,1787032587.8873653,192399.9303388,4.702889300009701,sent,2,130,33,36,0.0,0.0,192399.9300904,192399.9301903,,,,,0,1,
2026-08-18T05:56:27.887+00:00,1787032587.8873653,192399.9307981,4.703348599985475,sent,3,131,34,35,0.0,0.0,192399.9306554,192399.9307218,,,,,0,1,
2026-08-18T05:56:27.887+00:00,1787032587.8873653,192399.9308281,4.703378600010183,send_error,10,132,0,0,0.0,0.0,192399.9308257,,,,,,,0,robot_not_discovered
2026-08-18T05:56:28.044+00:00,1787032588.0443058,192400.0873667,4.859917199995834,send_error,1,133,0,0,0.0,0.0,192400.0873556,,,,,,,0,robot_not_discovered
2026-08-18T05:56:28.048+00:00,1787032588.0483117,192400.0916834,4.864233900007093,sent,2,134,33,36,0.0,0.0,192400.0914215,192400.0915112,,,,,0,1,
2026-08-18T05:56:28.049+00:00,1787032588.0493076,192400.0926376,4.865188099996885,sent,3,135,34,35,0.0,0.0,192400.0923895,192400.092486,,,,,0,1,
2026-08-18T05:56:28.049+00:00,1787032588.0493076,192400.0927078,4.865258300007554,send_error,10,136,0,0,0.0,0.0,192400.0927042,,,,,,,0,robot_not_discovered
2026-08-18T05:56:28.195+00:00,1787032588.1953242,192400.2381864,5.010736900003394,send_error,1,137,0,0,0.0,0.0,192400.2381488,,,,,,,0,robot_not_discovered
2026-08-18T05:56:28.201+00:00,1787032588.2013056,192400.2439374,5.016487899993081,sent,2,138,33,36,0.0,0.0,192400.2436914,192400.2437842,,,,,0,1,
2026-08-18T05:56:28.201+00:00,1787032588.2013056,192400.2443888,5.016939299996011,sent,3,139,34,35,0.0,0.0,192400.2442098,192400.2442775,,,,,0,1,
2026-08-18T05:56:28.201+00:00,1787032588.2013056,192400.2444204,5.016970900003798,send_error,10,140,0,0,0.0,0.0,192400.2444174,,,,,,,0,robot_not_discovered
2026-08-18T05:56:28.332+00:00,1787032588.3325126,192400.3750554,5.147605900012422,send_error,1,141,0,0,0.0,0.0,192400.3750464,,,,,,,0,robot_not_discovered
2026-08-18T05:56:28.336+00:00,1787032588.3365119,192400.3797643,5.152314800012391,sent,2,142,33,36,0.0,0.0,192400.3795193,192400.3796124,,,,,0,1,
2026-08-18T05:56:28.337+00:00,1787032588.3375118,192400.3802558,5.15280630000052,sent,3,143,34,35,0.0,0.0,192400.3801223,192400.3801739,,,,,0,1,
2026-08-18T05:56:28.337+00:00,1787032588.3375118,192400.3802815,5.152831999992486,send_error,10,144,0,0,0.0,0.0,192400.3802793,,,,,,,0,robot_not_discovered
2026-08-18T05:56:28.482+00:00,1787032588.4828866,192400.5259615,5.298512000008486,send_error,1,145,0,0,0.0,0.0,192400.5259506,,,,,,,0,robot_not_discovered
2026-08-18T05:56:28.486+00:00,1787032588.48683,192400.5297596,5.302310099999886,sent,2,146,33,36,0.0,0.0,192400.5291461,192400.5292884,,,,,0,1,
2026-08-18T05:56:28.487+00:00,1787032588.487824,192400.530606,5.303156499983743,sent,3,147,36,33,0.0,0.0,192400.5303294,192400.5303467,,,,,0,1,
2026-08-18T05:56:28.487+00:00,1787032588.487824,192400.5306614,5.303211899998132,send_error,10,148,0,0,0.0,0.0,192400.5306575,,,,,,,0,robot_not_discovered
2026-08-18T05:56:28.630+00:00,1787032588.6307194,192400.6762116,5.448762099986197,send_error,1,149,0,0,0.0,0.0,192400.6761769,,,,,,,0,robot_not_discovered
2026-08-18T05:56:28.630+00:00,1787032588.6307194,192400.6846243,5.457174799987115,sent,2,150,34,35,0.0,0.0,192400.6842574,192400.6844258,,,,,0,1,
2026-08-18T05:56:28.630+00:00,1787032588.6307194,192400.6853379,5.457888400007505,sent,3,151,37,32,0.0,0.0,192400.6851593,192400.6852506,,,,,0,1,
2026-08-18T05:56:28.630+00:00,1787032588.6307194,192400.6853735,5.457923999987543,send_error,10,152,0,0,0.0,0.0,192400.6853703,,,,,,,0,robot_not_discovered
2026-08-18T05:56:28.805+00:00,1787032588.805115,192400.8480147,5.620565199991688,send_error,1,153,0,0,0.0,0.0,192400.8479896,,,,,,,0,robot_not_discovered
2026-08-18T05:56:28.810+00:00,1787032588.8101304,192400.8533764,5.625926899985643,sent,2,154,35,34,0.0,0.0,192400.8530727,192400.8531762,,,,,0,1,
2026-08-18T05:56:28.811+00:00,1787032588.811118,192400.8539407,5.626491200004239,sent,3,155,37,32,0.0,0.0,192400.8537897,192400.853871,,,,,0,1,
2026-08-18T05:56:28.811+00:00,1787032588.811118,192400.8539712,5.62652170000365,send_error,10,156,0,0,0.0,0.0,192400.8539688,,,,,,,0,robot_not_discovered
2026-08-18T05:56:28.948+00:00,1787032588.9484673,192400.9917115,5.764262000011513,send_error,1,157,0,0,0.0,0.0,192400.9916813,,,,,,,0,robot_not_discovered
2026-08-18T05:56:28.954+00:00,1787032588.9544623,192400.9974014,5.769951900001615,sent,2,158,36,33,0.0,0.0,192400.9968851,192400.9970606,,,,,0,1,
2026-08-18T05:56:28.955+00:00,1787032588.955461,192400.9983011,5.770851599983871,sent,3,159,38,31,0.0,0.0,192400.9979951,192400.9980856,,,,,0,1,
2026-08-18T05:56:28.955+00:00,1787032588.955461,192400.9983457,5.770896200003335,send_error,10,160,0,0,0.0,0.0,192400.998343,,,,,,,0,robot_not_discovered
2026-08-18T05:56:29.091+00:00,1787032589.091455,192401.1344239,5.906974399986211,send_error,1,161,0,0,0.0,0.0,192401.1344145,,,,,,,0,robot_not_discovered
2026-08-18T05:56:29.095+00:00,1787032589.0954523,192401.138329,5.910879500006558,sent,2,162,43,-27,0.0,0.0,192401.1381396,192401.1382312,,,,,0,1,
2026-08-18T05:56:29.095+00:00,1787032589.0954523,192401.1388254,5.911375900002895,sent,3,163,43,-27,0.0,0.0,192401.1387053,192401.1387606,,,,,0,1,
2026-08-18T05:56:29.095+00:00,1787032589.0954523,192401.1388545,5.911404999991646,send_error,10,164,0,0,0.0,0.0,192401.1388519,,,,,,,0,robot_not_discovered
2026-08-18T05:56:29.241+00:00,1787032589.2412508,192401.2842876,6.056838099990273,send_error,1,165,0,0,0.0,0.0,192401.284278,,,,,,,0,robot_not_discovered
2026-08-18T05:56:29.247+00:00,1787032589.2472491,192401.2903693,6.062919799995143,sent,2,166,35,-34,0.0,0.0,192401.2901471,192401.2901654,,,,,0,1,
2026-08-18T05:56:29.248+00:00,1787032589.2482495,192401.2909886,6.063539099995978,sent,3,167,35,-35,0.0,0.0,192401.2907677,192401.2909035,,,,,0,1,
2026-08-18T05:56:29.248+00:00,1787032589.2482495,192401.2910199,6.063570400001481,send_error,10,168,0,0,0.0,0.0,192401.2910173,,,,,,,0,robot_not_discovered
2026-08-18T05:56:29.377+00:00,1787032589.3773975,192401.4202833,6.192833799985237,send_error,1,169,0,0,0.0,0.0,192401.4202728,,,,,,,0,robot_not_discovered
2026-08-18T05:56:29.381+00:00,1787032589.3813865,192401.4241311,6.196681600005832,sent,2,170,35,-35,0.0,0.0,192401.4238553,192401.4239563,,,,,0,1,
2026-08-18T05:56:29.381+00:00,1787032589.3813865,192401.4246016,6.1971521000086796,sent,3,171,35,-34,0.0,0.0,192401.4244496,192401.4245191,,,,,0,1,
2026-08-18T05:56:29.381+00:00,1787032589.3813865,192401.4246309,6.197181399998954,send_error,10,172,0,0,0.0,0.0,192401.4246271,,,,,,,0,robot_not_discovered
2026-08-18T05:56:29.509+00:00,1787032589.5097446,192401.5525458,6.325096299988218,send_error,1,173,0,0,0.0,0.0,192401.5525365,,,,,,,0,robot_not_discovered
2026-08-18T05:56:29.513+00:00,1787032589.513747,192401.5562856,6.328836100001354,sent,2,174,35,-35,0.0,0.0,192401.5560131,192401.5561137,,,,,0,1,
2026-08-18T05:56:29.513+00:00,1787032589.513747,192401.5569262,6.329476699989755,sent,3,175,36,-32,0.0,0.0,192401.5565595,192401.5567333,,,,,0,1,
2026-08-18T05:56:29.513+00:00,1787032589.513747,192401.5569719,6.329522399988491,send_error,10,176,0,0,0.0,0.0,192401.5569691,,,,,,,0,robot_not_discovered
2026-08-18T05:56:29.650+00:00,1787032589.6508312,192401.6941097,6.466660200007027,send_error,1,177,0,0,0.0,0.0,192401.6940982,,,,,,,0,robot_not_discovered
2026-08-18T05:56:29.654+00:00,1787032589.6548316,192401.6980174,6.470567899988964,sent,2,178,36,-33,0.0,0.0,192401.6977421,192401.6978447,,,,,0,1,
2026-08-18T05:56:29.655+00:00,1787032589.6558318,192401.6985892,6.471139700006461,sent,3,179,36,-23,0.0,0.0,192401.6983945,192401.6984829,,,,,0,1,
2026-08-18T05:56:29.655+00:00,1787032589.6558318,192401.6986307,6.47118120000232,send_error,10,180,0,0,0.0,0.0,192401.6986274,,,,,,,0,robot_not_discovered
2026-08-18T05:56:29.789+00:00,1787032589.7894282,192401.8325421,6.605092599987984,send_error,1,181,0,0,0.0,0.0,192401.8325292,,,,,,,0,robot_not_discovered
2026-08-18T05:56:29.795+00:00,1787032589.7954264,192401.8380117,6.610562199988635,sent,2,182,37,-22,0.0,0.0,192401.8378013,192401.8379055,,,,,0,1,
2026-08-18T05:56:29.795+00:00,1787032589.7954264,192401.8384938,6.6110442999925,sent,3,183,38,-22,0.0,0.0,192401.8383408,192401.838426,,,,,0,1,
2026-08-18T05:56:29.795+00:00,1787032589.7954264,192401.8385224,6.611072900006548,send_error,10,184,0,0,0.0,0.0,192401.83852,,,,,,,0,robot_not_discovered
2026-08-18T05:56:29.937+00:00,1787032589.9376693,192401.9804226,6.75297309999587,send_error,1,185,0,0,0.0,0.0,192401.980409,,,,,,,0,robot_not_discovered
2026-08-18T05:56:29.941+00:00,1787032589.9416704,192401.9850947,6.757645200006664,sent,2,186,38,-22,0.0,0.0,192401.9848006,192401.9849256,,,,,0,1,
2026-08-18T05:56:29.942+00:00,1787032589.9426763,192401.9858876,6.758438099990599,sent,3,187,38,-22,0.0,0.0,192401.9856926,192401.9857795,,,,,0,1,
2026-08-18T05:56:29.942+00:00,1787032589.9426763,192401.9859216,6.758472099987557,send_error,10,188,0,0,0.0,0.0,192401.9859191,,,,,,,0,robot_not_discovered
2026-08-18T05:56:30.071+00:00,1787032590.0718691,192402.1152311,6.887781600002199,send_error,1,189,0,0,0.0,0.0,192402.1152213,,,,,,,0,robot_not_discovered
2026-08-18T05:56:30.076+00:00,1787032590.076054,192402.1193181,6.891868600010639,sent,2,190,38,-22,0.0,0.0,192402.1188524,192402.1189438,,,,,0,1,
2026-08-18T05:56:30.078+00:00,1787032590.0780647,192402.1206715,6.893221999984235,sent,3,191,38,-22,0.0,0.0,192402.1201779,192402.1204102,,,,,0,1,
2026-08-18T05:56:30.078+00:00,1787032590.0780647,192402.1207238,6.893274300004123,send_error,10,192,0,0,0.0,0.0,192402.1207207,,,,,,,0,robot_not_discovered
2026-08-18T05:56:30.212+00:00,1787032590.2123294,192402.2550719,7.027622399997199,send_error,1,193,0,0,0.0,0.0,192402.2550623,,,,,,,0,robot_not_discovered
2026-08-18T05:56:30.217+00:00,1787032590.2173362,192402.2598446,7.032395099988207,sent,2,194,38,-22,0.0,0.0,192402.2595507,192402.2596714,,,,,0,1,
2026-08-18T05:56:30.217+00:00,1787032590.2173362,192402.2603731,7.032923599996138,sent,3,195,38,-22,0.0,0.0,192402.2602051,192402.2602836,,,,,0,1,
2026-08-18T05:56:30.217+00:00,1787032590.2173362,192402.2604046,7.032955100003164,send_error,10,196,0,0,0.0,0.0,192402.2604022,,,,,,,0,robot_not_discovered
2026-08-18T05:56:30.358+00:00,1787032590.358832,192402.4016431,7.174193599988939,send_error,1,197,0,0,0.0,0.0,192402.4016334,,,,,,,0,robot_not_discovered
2026-08-18T05:56:30.364+00:00,1787032590.3648245,192402.4082656,7.180816100008087,sent,2,198,38,-22,0.0,0.0,192402.4080302,192402.4081168,,,,,0,1,
2026-08-18T05:56:30.365+00:00,1787032590.3658268,192402.4088042,7.181354700005613,sent,3,199,21,26,0.0,0.0,192402.4086301,192402.4087111,,,,,0,1,
2026-08-18T05:56:30.365+00:00,1787032590.3658268,192402.4088405,7.181390999990981,send_error,10,200,0,0,0.0,0.0,192402.4088379,,,,,,,0,robot_not_discovered
2026-08-18T05:56:30.492+00:00,1787032590.49233,192402.5353781,7.307928599999286,send_error,1,201,0,0,0.0,0.0,192402.5353648,,,,,,,0,robot_not_discovered
2026-08-18T05:56:30.496+00:00,1787032590.496328,192402.5395213,7.312071799999103,sent,2,202,-22,38,0.0,0.0,192402.5393729,192402.5394014,,,,,0,1,
2026-08-18T05:56:30.497+00:00,1787032590.497331,192402.5402687,7.3128191999858245,sent,3,203,18,33,0.0,0.0,192402.5399616,192402.5401902,,,,,0,1,
2026-08-18T05:56:30.497+00:00,1787032590.497331,192402.5402984,7.312848900008248,send_error,10,204,0,0,0.0,0.0,192402.540296,,,,,,,0,robot_not_discovered
2026-08-18T05:56:30.625+00:00,1787032590.6258607,192402.6686397,7.441190199984703,send_error,1,205,0,0,0.0,0.0,192402.6686242,,,,,,,0,robot_not_discovered
2026-08-18T05:56:30.629+00:00,1787032590.6298652,192402.6732094,7.445759900001576,sent,2,206,24,23,0.0,0.0,192402.6730143,192402.6730964,,,,,0,1,
2026-08-18T05:56:30.630+00:00,1787032590.6308603,192402.6737009,7.4462513999897055,sent,3,207,18,32,0.0,0.0,192402.6735215,192402.6736358,,,,,0,1,
2026-08-18T05:56:30.630+00:00,1787032590.6308603,192402.6737276,7.446278099989286,send_error,10,208,0,0,0.0,0.0,192402.6737254,,,,,,,0,robot_not_discovered
2026-08-18T05:56:30.766+00:00,1787032590.7663195,192402.8088882,7.581438699999126,send_error,1,209,0,0,0.0,0.0,192402.8088787,,,,,,,0,robot_not_discovered
2026-08-18T05:56:30.769+00:00,1787032590.7693195,192402.8124763,7.5850267999921925,sent,2,210,18,35,0.0,0.0,192402.8122302,192402.8123196,,,,,0,1,
2026-08-18T05:56:30.770+00:00,1787032590.7703202,192402.8130281,7.585578600002918,sent,3,211,18,45,0.0,0.0,192402.8128144,192402.8129452,,,,,0,1,
2026-08-18T05:56:30.770+00:00,1787032590.7703202,192402.8130587,7.585609200003091,send_error,10,212,0,0,0.0,0.0,192402.8130563,,,,,,,0,robot_not_discovered
2026-08-18T05:56:30.910+00:00,1787032590.91055,192402.9534144,7.725964899989776,send_error,1,213,0,0,0.0,0.0,192402.9534055,,,,,,,0,robot_not_discovered
2026-08-18T05:56:30.914+00:00,1787032590.9145482,192402.957266,7.729816500010202,sent,2,214,18,29,0.0,0.0,192402.9570503,192402.9571461,,,,,0,1,
2026-08-18T05:56:30.914+00:00,1787032590.9145482,192402.9577902,7.7303406999853905,sent,3,215,-22,38,0.0,0.0,192402.9576428,192402.9577087,,,,,0,1,
2026-08-18T05:56:30.914+00:00,1787032590.9145482,192402.9578242,7.730374700011453,send_error,10,216,0,0,0.0,0.0,192402.9578216,,,,,,,0,robot_not_discovered
2026-08-18T05:56:31.063+00:00,1787032591.0638719,192403.107285,7.879835500003537,send_error,1,217,0,0,0.0,0.0,192403.1072746,,,,,,,0,robot_not_discovered
2026-08-18T05:56:31.069+00:00,1787032591.0698657,192403.1125164,7.885066899994854,sent,2,218,21,26,0.0,0.0,192403.1114958,192403.1121466,,,,,0,1,
2026-08-18T05:56:31.070+00:00,1787032591.0708582,192403.1133269,7.885877399996389,sent,3,219,-22,38,0.0,0.0,192403.1131699,192403.1132554,,,,,0,1,
2026-08-18T05:56:31.070+00:00,1787032591.0708582,192403.1133559,7.885906399984378,send_error,10,220,0,0,0.0,0.0,192403.1133533,,,,,,,0,robot_not_discovered
2026-08-18T05:56:31.208+00:00,1787032591.2083678,192403.2513884,8.023938900005305,send_error,1,221,0,0,0.0,0.0,192403.2513733,,,,,,,0,robot_not_discovered
2026-08-18T05:56:31.212+00:00,1787032591.2123628,192403.2556598,8.02821029999177,sent,2,222,22,25,0.0,0.0,192403.2553959,192403.2554985,,,,,0,1,
2026-08-18T05:56:31.213+00:00,1787032591.2133555,192403.256219,8.028769500000635,sent,3,223,-22,38,0.0,0.0,192403.2560904,192403.2561555,,,,,0,1,
2026-08-18T05:56:31.213+00:00,1787032591.2133555,192403.2562478,8.028798299987102,send_error,10,224,0,0,0.0,0.0,192403.2562455,,,,,,,0,robot_not_discovered
2026-08-18T05:56:31.341+00:00,1787032591.3410933,192403.3840235,8.15657399999327,send_error,1,225,0,0,0.0,0.0,192403.3840142,,,,,,,0,robot_not_discovered
2026-08-18T05:56:31.345+00:00,1787032591.3450868,192403.3878554,8.16040590000921,sent,2,226,20,27,0.0,0.0,192403.387606,192403.3876901,,,,,0,1,
2026-08-18T05:56:31.345+00:00,1787032591.3450868,192403.3883395,8.160889999999199,sent,3,227,-22,38,0.0,0.0,192403.3881666,192403.3882347,,,,,0,1,
2026-08-18T05:56:31.345+00:00,1787032591.3450868,192403.3883702,8.160920700000133,send_error,10,228,0,0,0.0,0.0,192403.3883672,,,,,,,0,robot_not_discovered
2026-08-18T05:56:31.474+00:00,1787032591.4744983,192403.5219659,8.29451639999752,send_error,1,229,0,0,0.0,0.0,192403.5219411,,,,,,,0,robot_not_discovered
2026-08-18T05:56:31.474+00:00,1787032591.4744983,192403.5265349,8.299085400009062,sent,2,230,22,25,0.0,0.0,192403.5262852,192403.5263658,,,,,0,1,
2026-08-18T05:56:31.474+00:00,1787032591.4744983,192403.5270153,8.299565799999982,sent,3,231,-22,38,0.0,0.0,192403.5268627,192403.5269239,,,,,0,1,
2026-08-18T05:56:31.474+00:00,1787032591.4744983,192403.5270426,8.299593100004131,send_error,10,232,0,0,0.0,0.0,192403.5270404,,,,,,,0,robot_not_discovered
2026-08-18T05:56:31.619+00:00,1787032591.61934,192403.6618682,8.434418699995149,send_error,1,233,0,0,0.0,0.0,192403.6618579,,,,,,,0,robot_not_discovered
2026-08-18T05:56:31.622+00:00,1787032591.622186,192403.6653629,8.437913400004618,sent,2,234,23,24,0.0,0.0,192403.6650912,192403.6651895,,,,,0,1,
2026-08-18T05:56:31.623+00:00,1787032591.6231928,192403.6658693,8.438419799989788,sent,3,235,20,27,0.0,0.0,192403.6657285,192403.6657848,,,,,0,1,
2026-08-18T05:56:31.623+00:00,1787032591.6231928,192403.6658937,8.438444200000959,send_error,10,236,0,0,0.0,0.0,192403.6658916,,,,,,,0,robot_not_discovered
2026-08-18T05:56:31.758+00:00,1787032591.7585013,192403.8015027,8.574053199990885,send_error,1,237,0,0,0.0,0.0,192403.8014923,,,,,,,0,robot_not_discovered
2026-08-18T05:56:31.763+00:00,1787032591.7634916,192403.8061594,8.578709900000831,sent,2,238,24,23,0.0,0.0,192403.8059088,192403.8060243,,,,,0,1,
2026-08-18T05:56:31.764+00:00,1787032591.7644923,192403.8072547,8.579805199988186,sent,3,239,20,27,0.0,0.0,192403.806811,192403.8070674,,,,,0,1,
2026-08-18T05:56:31.764+00:00,1787032591.7644923,192403.8072974,8.579847899993183,send_error,10,240,0,0,0.0,0.0,192403.8072946,,,,,,,0,robot_not_discovered
2026-08-18T05:56:31.899+00:00,1787032591.8990548,192403.942411,8.714961499994388,send_error,1,241,0,0,0.0,0.0,192403.9423818,,,,,,,0,robot_not_discovered
2026-08-18T05:56:31.904+00:00,1787032591.9040105,192403.9474325,8.719982999988133,sent,2,242,23,24,0.0,0.0,192403.9471518,192403.9472648,,,,,0,1,
2026-08-18T05:56:31.905+00:00,1787032591.9050105,192403.9479492,8.720499699993525,sent,3,243,22,25,0.0,0.0,192403.9477666,192403.9478494,,,,,0,1,
2026-08-18T05:56:31.905+00:00,1787032591.9050105,192403.9479781,8.720528600009857,send_error,10,244,0,0,0.0,0.0,192403.9479756,,,,,,,0,robot_not_discovered
2026-08-18T05:56:32.058+00:00,1787032592.0584571,192404.1015572,8.87410769998678,send_error,1,245,0,0,0.0,0.0,192404.1015458,,,,,,,0,robot_not_discovered
2026-08-18T05:56:32.068+00:00,1787032592.068461,192404.1112892,8.883839699992677,sent,2,246,23,24,0.0,0.0,192404.1097019,192404.1104665,,,,,0,1,
2026-08-18T05:56:32.070+00:00,1787032592.0704577,192404.1131975,8.885748000000603,sent,3,247,27,20,0.0,0.0,192404.1126166,192404.1128065,,,,,0,1,
2026-08-18T05:56:32.070+00:00,1787032592.0704577,192404.1132627,8.885813200002303,send_error,10,248,0,0,0.0,0.0,192404.1132596,,,,,,,0,robot_not_discovered
2026-08-18T05:56:32.243+00:00,1787032592.2437992,192404.2867845,9.0593349999981,send_error,1,249,0,0,0.0,0.0,192404.2867463,,,,,,,0,robot_not_discovered
2026-08-18T05:56:32.247+00:00,1787032592.2477837,192404.2908459,9.063396399986232,sent,2,250,22,25,0.0,0.0,192404.2905733,192404.2906671,,,,,0,1,
2026-08-18T05:56:32.248+00:00,1787032592.2487857,192404.2913797,9.063930200005416,sent,3,251,24,23,0.0,0.0,192404.2911787,192404.2912675,,,,,0,1,
2026-08-18T05:56:32.248+00:00,1787032592.2487857,192404.2914118,9.063962299987907,send_error,10,252,0,0,0.0,0.0,192404.2914093,,,,,,,0,robot_not_discovered
2026-08-18T05:56:32.406+00:00,1787032592.4060173,192404.4490123,9.221562799997628,send_error,1,253,0,0,0.0,0.0,192404.4489961,,,,,,,0,robot_not_discovered
2026-08-18T05:56:32.413+00:00,1787032592.4130104,192404.4561119,9.228662400011672,sent,2,254,23,24,0.0,0.0,192404.4556409,192404.4557927,,,,,0,1,
2026-08-18T05:56:32.414+00:00,1787032592.4140124,192404.4574197,9.229970199987292,sent,3,255,22,25,0.0,0.0,192404.4568941,192404.4570414,,,,,0,1,
2026-08-18T05:56:32.415+00:00,1787032592.4150102,192404.4574796,9.230030100006843,send_error,10,256,0,0,0.0,0.0,192404.457476,,,,,,,0,robot_not_discovered
2026-08-18T05:56:32.576+00:00,1787032592.5760763,192404.6192275,9.391777999990154,send_error,1,257,0,0,0.0,0.0,192404.6192081,,,,,,,0,robot_not_discovered
2026-08-18T05:56:32.581+00:00,1787032592.5810752,192404.6241085,9.396658999990905,sent,2,258,22,25,0.0,0.0,192404.6238089,192404.6239173,,,,,0,1,
2026-08-18T05:56:32.582+00:00,1787032592.5820742,192404.6247248,9.397275299998,sent,3,259,23,24,0.0,0.0,192404.6245657,192404.624641,,,,,0,1,
2026-08-18T05:56:32.582+00:00,1787032592.5820742,192404.6247539,9.397304399986751,send_error,10,260,0,0,0.0,0.0,192404.6247509,,,,,,,0,robot_not_discovered
2026-08-18T05:56:32.743+00:00,1787032592.74308,192404.785522,9.558072499989066,send_error,1,261,0,0,0.0,0.0,192404.7854952,,,,,,,0,robot_not_discovered
2026-08-18T05:56:32.748+00:00,1787032592.74808,192404.7906957,9.563246200006688,sent,2,262,21,26,0.0,0.0,192404.790379,192404.7904957,,,,,0,1,
2026-08-18T05:56:32.748+00:00,1787032592.74808,192404.7912938,9.563844299991615,sent,3,263,23,24,0.0,0.0,192404.7911317,192404.7912073,,,,,0,1,
2026-08-18T05:56:32.748+00:00,1787032592.74808,192404.7913269,9.563877400010824,send_error,10,264,0,0,0.0,0.0,192404.7913242,,,,,,,0,robot_not_discovered
2026-08-18T05:56:32.898+00:00,1787032592.8983777,192404.9408494,9.713399900007062,send_error,1,265,0,0,0.0,0.0,192404.940828,,,,,,,0,robot_not_discovered
2026-08-18T05:56:32.905+00:00,1787032592.9053793,192404.9480956,9.720646100002341,sent,2,266,-38,38,0.0,0.0,192404.9477969,192404.9478976,,,,,0,1,
2026-08-18T05:56:32.905+00:00,1787032592.9053793,192404.9487077,9.72125820000656,sent,3,267,21,26,0.0,0.0,192404.9485484,192404.9486209,,,,,0,1,
2026-08-18T05:56:32.905+00:00,1787032592.9053793,192404.9487376,9.721288100001402,send_error,10,268,0,0,0.0,0.0,192404.948735,,,,,,,0,robot_not_discovered
2026-08-18T05:56:33.059+00:00,1787032593.059564,192405.1027453,9.875295800011372,send_error,1,269,0,0,0.0,0.0,192405.102734,,,,,,,0,robot_not_discovered
2026-08-18T05:56:33.065+00:00,1787032593.0655625,192405.1085612,9.881111700000474,sent,2,270,-38,38,0.0,0.0,192405.1081872,192405.1083209,,,,,0,1,
2026-08-18T05:56:33.066+00:00,1787032593.0665624,192405.1097465,9.882297000003746,sent,3,271,20,27,0.0,0.0,192405.1095219,192405.1096328,,,,,0,1,
2026-08-18T05:56:33.066+00:00,1787032593.0665624,192405.1097781,9.882328600011533,send_error,10,272,0,0,0.0,0.0,192405.1097756,,,,,,,0,robot_not_discovered
2026-08-18T05:56:33.199+00:00,1787032593.199144,192405.2415681,10.014118599996436,send_error,1,273,0,0,0.0,0.0,192405.2415578,,,,,,,0,robot_not_discovered
2026-08-18T05:56:33.203+00:00,1787032593.203147,192405.2464338,10.0189842999971,sent,2,274,-38,38,0.0,0.0,192405.2461382,192405.246255,,,,,0,1,
2026-08-18T05:56:33.204+00:00,1787032593.2041445,192405.2470279,10.019578400009777,sent,3,275,21,26,0.0,0.0,192405.2468797,192405.2469483,,,,,0,1,
2026-08-18T05:56:33.204+00:00,1787032593.2041445,192405.2470602,10.019610699993791,send_error,10,276,0,0,0.0,0.0,192405.2470576,,,,,,,0,robot_not_discovered
2026-08-18T05:56:33.337+00:00,1787032593.337587,192405.3808088,10.15335929999128,send_error,1,277,0,0,0.0,0.0,192405.3807996,,,,,,,0,robot_not_discovered
2026-08-18T05:56:33.343+00:00,1787032593.3435254,192405.3866825,10.159232999983942,sent,2,278,21,26,0.0,0.0,192405.3864192,192405.3865222,,,,,0,1,
2026-08-18T05:56:33.344+00:00,1787032593.344534,192405.3872232,10.159773699997459,sent,3,279,20,27,0.0,0.0,192405.3870752,192405.3871496,,,,,0,1,
2026-08-18T05:56:33.344+00:00,1787032593.344534,192405.3872485,10.159798999986378,send_error,10,280,0,0,0.0,0.0,192405.3872456,,,,,,,0,robot_not_discovered
2026-08-18T05:56:33.472+00:00,1787032593.4720933,192405.5148236,10.287374100007582,send_error,1,281,0,0,0.0,0.0,192405.5147864,,,,,,,0,robot_not_discovered
2026-08-18T05:56:33.476+00:00,1787032593.4760842,192405.5187681,10.291318600007799,sent,2,282,22,25,0.0,0.0,192405.5185496,192405.5186385,,,,,0,1,
2026-08-18T05:56:33.476+00:00,1787032593.4760842,192405.5192884,10.291838900011498,sent,3,283,21,26,0.0,0.0,192405.5191338,192405.5192039,,,,,0,1,
2026-08-18T05:56:33.476+00:00,1787032593.4760842,192405.5193191,10.291869600012433,send_error,10,284,0,0,0.0,0.0,192405.5193167,,,,,,,0,robot_not_discovered
2026-08-18T05:56:33.618+00:00,1787032593.61819,192405.6606227,10.433173199999146,send_error,1,285,0,0,0.0,0.0,192405.6606082,,,,,,,0,robot_not_discovered
2026-08-18T05:56:33.623+00:00,1787032593.6231909,192405.6665038,10.439054299989948,sent,2,286,24,23,0.0,0.0,192405.66627,192405.6663936,,,,,0,1,
2026-08-18T05:56:33.624+00:00,1787032593.624191,192405.6673816,10.439932100009173,sent,3,287,20,27,0.0,0.0,192405.667093,192405.6672013,,,,,0,1,
2026-08-18T05:56:33.624+00:00,1787032593.624191,192405.6674299,10.439980399998603,send_error,10,288,0,0,0.0,0.0,192405.6674263,,,,,,,0,robot_not_discovered
2026-08-18T05:56:33.774+00:00,1787032593.7744894,192405.8174218,10.589972299989313,send_error,1,289,0,0,0.0,0.0,192405.817409,,,,,,,0,robot_not_discovered
2026-08-18T05:56:33.780+00:00,1787032593.780482,192405.8231107,10.595661200000905,sent,2,290,30,18,0.0,0.0,192405.8226366,192405.8227735,,,,,0,1,
2026-08-18T05:56:33.780+00:00,1787032593.780482,192405.8237586,10.596309099986684,sent,3,291,20,27,0.0,0.0,192405.8235742,192405.8236535,,,,,0,1,
2026-08-18T05:56:33.780+00:00,1787032593.780482,192405.8237914,10.596341900003608,send_error,10,292,0,0,0.0,0.0,192405.823789,,,,,,,0,robot_not_discovered
2026-08-18T05:56:33.952+00:00,1787032593.9527857,192405.9958501,10.768400600005407,send_error,1,293,0,0,0.0,0.0,192405.9958268,,,,,,,0,robot_not_discovered
2026-08-18T05:56:33.958+00:00,1787032593.9587836,192406.0043489,10.776899399992544,sent,2,294,26,21,0.0,0.0,192406.004046,192406.0041789,,,,,0,1,
2026-08-18T05:56:33.958+00:00,1787032593.9587836,192406.0053998,10.777950299991062,sent,3,295,19,28,0.0,0.0,192406.0051147,192406.0052339,,,,,0,1,
2026-08-18T05:56:33.958+00:00,1787032593.9587836,192406.0054591,10.778009600006044,send_error,10,296,0,0,0.0,0.0,192406.0054554,,,,,,,0,robot_not_discovered
2026-08-18T05:56:34.160+00:00,1787032594.1604939,192406.2032366,10.9757871000038,send_error,1,297,0,0,0.0,0.0,192406.2032167,,,,,,,0,robot_not_discovered
2026-08-18T05:56:34.168+00:00,1787032594.168494,192406.2114206,10.983971100009512,sent,2,298,26,21,0.0,0.0,192406.2108312,192406.2110213,,,,,0,1,
2026-08-18T05:56:34.169+00:00,1787032594.1694903,192406.212789,10.985339500010014,sent,3,299,20,27,0.0,0.0,192406.2124626,192406.2126609,,,,,0,1,
2026-08-18T05:56:34.169+00:00,1787032594.1694903,192406.2128456,10.985396100004436,send_error,10,300,0,0,0.0,0.0,192406.2128417,,,,,,,0,robot_not_discovered
2026-08-18T05:56:34.333+00:00,1787032594.3335636,192406.3766488,11.149199300009059,send_error,1,301,0,0,0.0,0.0,192406.376627,,,,,,,0,robot_not_discovered
2026-08-18T05:56:34.341+00:00,1787032594.3415616,192406.3843132,11.156863699987298,sent,2,302,26,21,0.0,0.0,192406.3838153,192406.3839914,,,,,0,1,
2026-08-18T05:56:34.342+00:00,1787032594.3425608,192406.3854353,11.157985800004099,sent,3,303,18,29,0.0,0.0,192406.3851804,192406.3853163,,,,,0,1,
2026-08-18T05:56:34.342+00:00,1787032594.3425608,192406.3854858,11.15803630001028,send_error,10,304,0,0,0.0,0.0,192406.3854813,,,,,,,0,robot_not_discovered
2026-08-18T05:56:34.489+00:00,1787032594.4895663,192406.5320536,11.304604100005236,send_error,1,305,0,0,0.0,0.0,192406.5320419,,,,,,,0,robot_not_discovered
2026-08-18T05:56:34.494+00:00,1787032594.4945664,192406.5374363,11.309986799984472,sent,2,306,25,22,0.0,0.0,192406.5371128,192406.5372642,,,,,0,1,
2026-08-18T05:56:34.495+00:00,1787032594.4955637,192406.5385762,11.311126699991291,sent,3,307,20,27,0.0,0.0,192406.5384053,192406.5384993,,,,,0,1,
2026-08-18T05:56:34.495+00:00,1787032594.4955637,192406.5386101,11.311160599987488,send_error,10,308,0,0,0.0,0.0,192406.5386076,,,,,,,0,robot_not_discovered
2026-08-18T05:56:34.628+00:00,1787032594.6287742,192406.6712589,11.44380939999246,send_error,1,309,0,0,0.0,0.0,192406.6712452,,,,,,,0,robot_not_discovered
2026-08-18T05:56:34.634+00:00,1787032594.6347742,192406.6773112,11.449861700006295,sent,2,310,23,24,0.0,0.0,192406.6770368,192406.6771607,,,,,0,1,
2026-08-18T05:56:34.634+00:00,1787032594.6347742,192406.6778932,11.450443699985044,sent,3,311,20,27,0.0,0.0,192406.6777051,192406.6777991,,,,,0,1,
2026-08-18T05:56:34.634+00:00,1787032594.6347742,192406.6779299,11.450480400002562,send_error,10,312,0,0,0.0,0.0,192406.6779273,,,,,,,0,robot_not_discovered
2026-08-18T05:56:34.765+00:00,1787032594.7655656,192406.8088278,11.581378300004872,send_error,1,313,0,0,0.0,0.0,192406.8088059,,,,,,,0,robot_not_discovered
2026-08-18T05:56:34.771+00:00,1787032594.7715657,192406.8149159,11.587466400000267,sent,2,314,23,24,0.0,0.0,192406.8144837,192406.814653,,,,,0,1,
2026-08-18T05:56:34.772+00:00,1787032594.7725656,192406.8157107,11.58826119999867,sent,3,315,20,27,0.0,0.0,192406.8155211,192406.8156072,,,,,0,1,
2026-08-18T05:56:34.772+00:00,1787032594.7725656,192406.8157486,11.58829909999622,send_error,10,316,0,0,0.0,0.0,192406.8157459,,,,,,,0,robot_not_discovered
2026-08-18T05:56:34.916+00:00,1787032594.916674,192406.9593454,11.731895900011295,send_error,1,317,0,0,0.0,0.0,192406.9593197,,,,,,,0,robot_not_discovered
2026-08-18T05:56:34.922+00:00,1787032594.9226675,192406.9658458,11.738396300002933,sent,2,318,20,27,0.0,0.0,192406.9652504,192406.965458,,,,,0,1,
2026-08-18T05:56:34.923+00:00,1787032594.923669,192406.9668269,11.739377399993828,sent,3,319,22,25,0.0,0.0,192406.9665793,192406.9666842,,,,,0,1,
2026-08-18T05:56:34.923+00:00,1787032594.923669,192406.9668695,11.739419999998063,send_error,10,320,0,0,0.0,0.0,192406.9668667,,,,,,,0,robot_not_discovered
2026-08-18T05:56:35.075+00:00,1787032595.0753822,192407.1178019,11.890352399990661,send_error,1,321,0,0,0.0,0.0,192407.1177842,,,,,,,0,robot_not_discovered
2026-08-18T05:56:35.085+00:00,1787032595.085387,192407.1283633,11.900913799996488,sent,2,322,20,27,0.0,0.0,192407.1279651,192407.1281009,,,,,0,1,
2026-08-18T05:56:35.086+00:00,1787032595.0863862,192407.1293349,11.901885400002357,sent,3,323,22,25,0.0,0.0,192407.1290815,192407.1292082,,,,,0,1,
2026-08-18T05:56:35.086+00:00,1787032595.0863862,192407.1293741,11.901924600009806,send_error,10,324,0,0,0.0,0.0,192407.1293713,,,,,,,0,robot_not_discovered
2026-08-18T05:56:35.212+00:00,1787032595.2127173,192407.2552756,12.027826100005768,send_error,1,325,0,0,0.0,0.0,192407.2552646,,,,,,,0,robot_not_discovered
2026-08-18T05:56:35.218+00:00,1787032595.2187095,192407.2619675,12.03451800000039,sent,2,326,19,28,0.0,0.0,192407.2616403,192407.2617835,,,,,0,1,
2026-08-18T05:56:35.219+00:00,1787032595.2197163,192407.2626393,12.035189799993532,sent,3,327,21,26,0.0,0.0,192407.2624571,192407.2625258,,,,,0,1,
2026-08-18T05:56:35.219+00:00,1787032595.2197163,192407.2626732,12.035223699989729,send_error,10,328,0,0,0.0,0.0,192407.2626705,,,,,,,0,robot_not_discovered
2026-08-18T05:56:35.358+00:00,1787032595.3592734,192407.4016168,12.174167299992405,send_error,1,329,0,0,0.0,0.0,192407.4015886,,,,,,,0,robot_not_discovered
2026-08-18T05:56:35.365+00:00,1787032595.3652778,192407.4082198,12.18077030000859,sent,2,330,18,33,0.0,0.0,192407.4079328,192407.4080387,,,,,0,1,
2026-08-18T05:56:35.366+00:00,1787032595.3662746,192407.4090238,12.181574299989734,sent,3,331,18,33,0.0,0.0,192407.4088374,192407.4089333,,,,,0,1,
2026-08-18T05:56:35.366+00:00,1787032595.3662746,192407.4090569,12.181607400008943,send_error,10,332,0,0,0.0,0.0,192407.4090543,,,,,,,0,robot_not_discovered
2026-08-18T05:56:35.510+00:00,1787032595.5104444,192407.5531501,12.32570059999125,send_error,1,333,0,0,0.0,0.0,192407.5531296,,,,,,,0,robot_not_discovered
2026-08-18T05:56:35.518+00:00,1787032595.5184388,192407.5610275,12.333577999990666,sent,2,334,-22,38,0.0,0.0,192407.5607152,192407.5607501,,,,,0,1,
2026-08-18T05:56:35.519+00:00,1787032595.5194385,192407.5619002,12.334450700000161,sent,3,335,-22,38,0.0,0.0,192407.5616455,192407.5617709,,,,,0,1,
2026-08-18T05:56:35.519+00:00,1787032595.5194385,192407.5619391,12.334489600005327,send_error,10,336,0,0,0.0,0.0,192407.5619364,,,,,,,0,robot_not_discovered
2026-08-18T05:56:35.655+00:00,1787032595.655083,192407.6983219,12.470872400008375,send_error,1,337,0,0,0.0,0.0,192407.6983111,,,,,,,0,robot_not_discovered
2026-08-18T05:56:35.660+00:00,1787032595.6600847,192407.7026975,12.475248000002466,sent,2,338,-22,38,0.0,0.0,192407.7023522,192407.7024851,,,,,0,1,
2026-08-18T05:56:35.661+00:00,1787032595.661085,192407.7034406,12.47599109998555,sent,3,339,-22,38,0.0,0.0,192407.7032541,192407.7033549,,,,,0,1,
2026-08-18T05:56:35.661+00:00,1787032595.661085,192407.7034835,12.476033999992069,send_error,10,340,0,0,0.0,0.0,192407.7034791,,,,,,,0,robot_not_discovered
2026-08-18T05:56:35.802+00:00,1787032595.8026102,192407.8458329,12.618383399996674,send_error,1,341,0,0,0.0,0.0,192407.8458214,,,,,,,0,robot_not_discovered
2026-08-18T05:56:35.808+00:00,1787032595.8086028,192407.8514732,12.624023699987447,sent,2,342,-27,43,0.0,0.0,192407.8512805,192407.8513497,,,,,0,1,
2026-08-18T05:56:35.809+00:00,1787032595.809602,192407.8519973,12.624547799990978,sent,3,343,-27,43,0.0,0.0,192407.851831,192407.8519109,,,,,0,1,
2026-08-18T05:56:35.809+00:00,1787032595.809602,192407.8520252,12.624575699999696,send_error,10,344,0,0,0.0,0.0,192407.8520227,,,,,,,0,robot_not_discovered
2026-08-18T05:56:35.941+00:00,1787032595.941611,192407.9844017,12.756952199997613,send_error,1,345,0,0,0.0,0.0,192407.9843761,,,,,,,0,robot_not_discovered
2026-08-18T05:56:35.945+00:00,1787032595.9456084,192407.9886543,12.761204799986444,sent,2,346,-22,38,0.0,0.0,192407.9883303,192407.988461,,,,,0,1,
2026-08-18T05:56:35.947+00:00,1787032595.9476128,192407.9900319,12.762582399998792,sent,3,347,-22,38,0.0,0.0,192407.9897049,192407.989851,,,,,0,1,
2026-08-18T05:56:35.947+00:00,1787032595.9476128,192407.9900743,12.762624800001504,send_error,10,348,0,0,0.0,0.0,192407.9900707,,,,,,,0,robot_not_discovered
2026-08-18T05:56:36.116+00:00,1787032596.116793,192408.1593197,12.931870200001867,send_error,1,349,0,0,0.0,0.0,192408.1592696,,,,,,,0,robot_not_discovered
2026-08-18T05:56:36.127+00:00,1787032596.1277928,192408.1701974,12.94274790000054,sent,2,350,-22,38,0.0,0.0,192408.1699424,192408.1700638,,,,,0,1,
2026-08-18T05:56:36.127+00:00,1787032596.1277928,192408.1707962,12.943346699990798,sent,3,351,-22,38,0.0,0.0,192408.1706349,192408.1707241,,,,,0,1,
2026-08-18T05:56:36.127+00:00,1787032596.1277928,192408.170827,12.943377499992494,send_error,10,352,0,0,0.0,0.0,192408.1708245,,,,,,,0,robot_not_discovered
2026-08-18T05:56:36.264+00:00,1787032596.2648683,192408.3080339,13.080584399984218,send_error,1,353,0,0,0.0,0.0,192408.3080106,,,,,,,0,robot_not_discovered
2026-08-18T05:56:36.275+00:00,1787032596.2758648,192408.3184628,13.091013299999759,sent,2,354,-22,38,0.0,0.0,192408.3179911,192408.3181204,,,,,0,1,
2026-08-18T05:56:36.276+00:00,1787032596.2768712,192408.3192746,13.091825100011192,sent,3,355,-22,38,0.0,0.0,192408.3189721,192408.3191098,,,,,0,1,
2026-08-18T05:56:36.276+00:00,1787032596.2768712,192408.3193256,13.091876099992078,send_error,10,356,0,0,0.0,0.0,192408.3193218,,,,,,,0,robot_not_discovered
2026-08-18T05:56:36.438+00:00,1787032596.4380896,192408.4807407,13.253291200002423,send_error,1,357,0,0,0.0,0.0,192408.4807116,,,,,,,0,robot_not_discovered
2026-08-18T05:56:36.445+00:00,1787032596.4450855,192408.4882903,13.260840800008737,sent,2,358,38,-22,0.0,0.0,192408.487804,192408.4879426,,,,,0,1,
2026-08-18T05:56:36.446+00:00,1787032596.4460845,192408.489017,13.261567500012461,sent,3,359,38,-22,0.0,0.0,192408.4887961,192408.4888851,,,,,0,1,
2026-08-18T05:56:36.446+00:00,1787032596.4460845,192408.4890522,13.261602699989453,send_error,10,360,0,0,0.0,0.0,192408.4890494,,,,,,,0,robot_not_discovered
2026-08-18T05:56:36.616+00:00,1787032596.6167603,192408.6597339,13.432284400012577,send_error,1,361,0,0,0.0,0.0,192408.6596885,,,,,,,0,robot_not_discovered
2026-08-18T05:56:36.630+00:00,1787032596.6307538,192408.6731121,13.445662599988282,sent,2,362,32,27,0.0,0.0,192408.6728122,192408.6729597,,,,,0,1,
2026-08-18T05:56:36.631+00:00,1787032596.631756,192408.6741238,13.446674300008453,sent,3,363,-22,38,0.0,0.0,192408.6738417,192408.6739411,,,,,0,1,
2026-08-18T05:56:36.631+00:00,1787032596.631756,192408.6741875,13.446737999998732,send_error,10,364,0,0,0.0,0.0,192408.6741816,,,,,,,0,robot_not_discovered
2026-08-18T05:56:36.763+00:00,1787032596.7636812,192408.8065374,13.57908789999783,send_error,1,365,0,0,0.0,0.0,192408.806516,,,,,,,0,robot_not_discovered
2026-08-18T05:56:36.774+00:00,1787032596.7746775,192408.8172833,13.589833800011547,sent,2,366,41,28,0.0,0.0,192408.8169479,192408.8170927,,,,,0,1,
2026-08-18T05:56:36.774+00:00,1787032596.7746775,192408.8177466,13.590297099988675,sent,3,367,43,26,0.0,0.0,192408.817607,192408.8176737,,,,,0,1,
2026-08-18T05:56:36.774+00:00,1787032596.7746775,192408.8177781,13.5903285999957,send_error,10,368,0,0,0.0,0.0,192408.8177755,,,,,,,0,robot_not_discovered
2026-08-18T05:56:36.911+00:00,1787032596.9116795,192408.9543953,13.726945800008252,send_error,1,369,0,0,0.0,0.0,192408.9543839,,,,,,,0,robot_not_discovered
2026-08-18T05:56:36.917+00:00,1787032596.9176822,192408.9601604,13.732710899988888,sent,2,370,36,33,0.0,0.0,192408.959824,192408.9599654,,,,,0,1,
2026-08-18T05:56:36.917+00:00,1787032596.9176822,192408.9608554,13.733405899984064,sent,3,371,41,28,0.0,0.0,192408.9605654,192408.9606638,,,,,0,1,
2026-08-18T05:56:36.917+00:00,1787032596.9176822,192408.9608937,13.73344419998466,send_error,10,372,0,0,0.0,0.0,192408.9608911,,,,,,,0,robot_not_discovered
2026-08-18T05:56:37.064+00:00,1787032597.0643513,192409.1072604,13.879810899990844,send_error,1,373,0,0,0.0,0.0,192409.1072505,,,,,,,0,robot_not_discovered
2026-08-18T05:56:37.070+00:00,1787032597.0703557,192409.1134002,13.885950700001558,sent,2,374,36,33,0.0,0.0,192409.1130637,192409.1131664,,,,,0,1,
2026-08-18T05:56:37.071+00:00,1787032597.07136,192409.1141525,13.886702999996487,sent,3,375,33,36,0.0,0.0,192409.1139456,192409.1140343,,,,,0,1,
2026-08-18T05:56:37.071+00:00,1787032597.07136,192409.1141833,13.886733799998183,send_error,10,376,0,0,0.0,0.0,192409.1141808,,,,,,,0,robot_not_discovered
2026-08-18T05:56:37.203+00:00,1787032597.203384,192409.2460106,14.018561100005172,send_error,1,377,0,0,0.0,0.0,192409.246002,,,,,,,0,robot_not_discovered
2026-08-18T05:56:37.207+00:00,1787032597.2073884,192409.2498345,14.022384999989299,sent,2,378,34,35,0.0,0.0,192409.2493884,192409.2494732,,,,,0,1,
2026-08-18T05:56:37.207+00:00,1787032597.2073884,192409.2505694,14.023119899997255,sent,3,379,35,34,0.0,0.0,192409.2503468,192409.2504548,,,,,0,1,
2026-08-18T05:56:37.207+00:00,1787032597.2073884,192409.2505973,14.023147800005972,send_error,10,380,0,0,0.0,0.0,192409.250595,,,,,,,0,robot_not_discovered
2026-08-18T05:56:37.343+00:00,1787032597.343343,192409.3861814,14.158731900010025,send_error,1,381,0,0,0.0,0.0,192409.3861541,,,,,,,0,robot_not_discovered
2026-08-18T05:56:37.347+00:00,1787032597.3473425,192409.390281,14.162831499997992,sent,2,382,32,37,0.0,0.0,192409.3899136,192409.3900379,,,,,0,1,
2026-08-18T05:56:37.348+00:00,1787032597.348344,192409.3909429,14.163493400003063,sent,3,383,35,34,0.0,0.0,192409.390735,192409.3908051,,,,,0,1,
2026-08-18T05:56:37.348+00:00,1787032597.348344,192409.390986,14.163536500011105,send_error,10,384,0,0,0.0,0.0,192409.3909834,,,,,,,0,robot_not_discovered
2026-08-18T05:56:37.481+00:00,1787032597.4811246,192409.5237528,14.296303300012369,send_error,1,385,0,0,0.0,0.0,192409.5237416,,,,,,,0,robot_not_discovered
2026-08-18T05:56:37.484+00:00,1787032597.4841151,192409.5270763,14.299626799998805,sent,2,386,30,39,0.0,0.0,192409.5268174,192409.5269056,,,,,0,1,
2026-08-18T05:56:37.485+00:00,1787032597.4851358,192409.5279202,14.30047069999273,sent,3,387,34,35,0.0,0.0,192409.5276148,192409.5277517,,,,,0,1,
2026-08-18T05:56:37.485+00:00,1787032597.4851358,192409.5279677,14.300518200005172,send_error,10,388,0,0,0.0,0.0,192409.527965,,,,,,,0,robot_not_discovered
2026-08-18T05:56:37.619+00:00,1787032597.6193035,192409.6622907,14.434841200010851,send_error,1,389,0,0,0.0,0.0,192409.6622682,,,,,,,0,robot_not_discovered
2026-08-18T05:56:37.624+00:00,1787032597.6242976,192409.6670464,14.439596899988828,sent,2,390,31,38,0.0,0.0,192409.666632,192409.6667828,,,,,0,1,
2026-08-18T05:56:37.625+00:00,1787032597.6253061,192409.6678788,14.440429300011601,sent,3,391,26,43,0.0,0.0,192409.6675672,192409.6676961,,,,,0,1,
2026-08-18T05:56:37.625+00:00,1787032597.6253061,192409.6679094,14.440459900011774,send_error,10,392,0,0,0.0,0.0,192409.6679069,,,,,,,0,robot_not_discovered
2026-08-18T05:56:37.746+00:00,1787032597.746935,192409.7901283,14.562678799993591,send_error,1,393,0,0,0.0,0.0,192409.7901187,,,,,,,0,robot_not_discovered
2026-08-18T05:56:37.750+00:00,1787032597.750903,192409.7941703,14.566720800008625,sent,2,394,30,39,0.0,0.0,192409.7938719,192409.7939918,,,,,0,1,
2026-08-18T05:56:37.751+00:00,1787032597.7519605,192409.7946826,14.567233100009616,sent,3,395,32,37,0.0,0.0,192409.7945168,192409.7945965,,,,,0,1,
2026-08-18T05:56:37.751+00:00,1787032597.7519605,192409.7947093,14.567259800009197,send_error,10,396,0,0,0.0,0.0,192409.794707,,,,,,,0,robot_not_discovered
2026-08-18T05:56:37.894+00:00,1787032597.8947961,192409.9373124,14.709862899995642,send_error,1,397,0,0,0.0,0.0,192409.9372978,,,,,,,0,robot_not_discovered
2026-08-18T05:56:37.900+00:00,1787032597.9007978,192409.9434931,14.716043599997647,sent,2,398,31,38,0.0,0.0,192409.9432077,192409.9432328,,,,,0,1,
2026-08-18T05:56:37.901+00:00,1787032597.9018037,192409.9441409,14.716691400011769,sent,3,399,29,40,0.0,0.0,192409.9438758,192409.9440019,,,,,0,1,
2026-08-18T05:56:37.901+00:00,1787032597.9018037,192409.9441845,14.716734999994515,send_error,10,400,0,0,0.0,0.0,192409.9441818,,,,,,,0,robot_not_discovered
2026-08-18T05:56:38.057+00:00,1787032598.0573015,192410.1003118,14.872862299991539,send_error,1,401,0,0,0.0,0.0,192410.1003027,,,,,,,0,robot_not_discovered
2026-08-18T05:56:38.061+00:00,1787032598.061296,192410.1044569,14.877007400005823,sent,2,402,31,38,0.0,0.0,192410.1041281,192410.1042948,,,,,0,1,
2026-08-18T05:56:38.062+00:00,1787032598.062294,192410.1054891,14.878039600007469,sent,3,403,28,41,0.0,0.0,192410.1053469,192410.105413,,,,,0,1,
2026-08-18T05:56:38.062+00:00,1787032598.062294,192410.1055212,14.87807169998996,send_error,10,404,0,0,0.0,0.0,192410.1055185,,,,,,,0,robot_not_discovered
2026-08-18T05:56:38.209+00:00,1787032598.2096071,192410.2522284,15.024778899998637,send_error,1,405,0,0,0.0,0.0,192410.2521381,,,,,,,0,robot_not_discovered
2026-08-18T05:56:38.216+00:00,1787032598.21692,192410.2628261,15.035376599989831,sent,2,406,31,38,0.0,0.0,192410.262475,192410.2626013,,,,,0,1,
2026-08-18T05:56:38.221+00:00,1787032598.2211123,192410.2638565,15.036407000006875,sent,3,407,18,38,0.0,0.0,192410.263387,192410.2635383,,,,,0,1,
2026-08-18T05:56:38.221+00:00,1787032598.2215915,192410.2639076,15.036458099988522,send_error,10,408,0,0,0.0,0.0,192410.2639042,,,,,,,0,robot_not_discovered
2026-08-18T05:56:38.375+00:00,1787032598.3752584,192410.4184311,15.19098159999703,send_error,1,409,0,0,0.0,0.0,192410.4184174,,,,,,,0,robot_not_discovered
2026-08-18T05:56:38.379+00:00,1787032598.3792677,192410.4223581,15.194908600009512,sent,2,410,32,37,0.0,0.0,192410.4220711,192410.4221722,,,,,0,1,
2026-08-18T05:56:38.380+00:00,1787032598.3802586,192410.4232027,15.195753200008767,sent,3,411,18,31,0.0,0.0,192410.4227486,192410.422826,,,,,0,1,
2026-08-18T05:56:38.380+00:00,1787032598.3802586,192410.4232632,15.195813700003782,send_error,10,412,0,0,0.0,0.0,192410.4232601,,,,,,,0,robot_not_discovered
2026-08-18T05:56:38.519+00:00,1787032598.5198925,192410.5624733,15.335023799998453,send_error,1,413,0,0,0.0,0.0,192410.5624632,,,,,,,0,robot_not_discovered
2026-08-18T05:56:38.523+00:00,1787032598.523965,192410.5669626,15.339513099985197,sent,2,414,31,38,0.0,0.0,192410.5666724,192410.5668023,,,,,0,1,
2026-08-18T05:56:38.524+00:00,1787032598.524954,192410.5676512,15.340201699989848,sent,3,415,18,28,0.0,0.0,192410.5675084,192410.5675917,,,,,0,1,
2026-08-18T05:56:38.524+00:00,1787032598.524954,192410.5676793,15.340229800000088,send_error,10,416,0,0,0.0,0.0,192410.567677,,,,,,,0,robot_not_discovered
2026-08-18T05:56:38.673+00:00,1787032598.6737764,192410.7166998,15.489250299986452,send_error,1,417,0,0,0.0,0.0,192410.7166583,,,,,,,0,robot_not_discovered
2026-08-18T05:56:38.681+00:00,1787032598.6818402,192410.7241881,15.496738599991659,sent,2,418,31,38,0.0,0.0,192410.722594,192410.7228655,,,,,0,1,
2026-08-18T05:56:38.682+00:00,1787032598.6828363,192410.7257022,15.498252699995646,sent,3,419,-1,26,0.0,0.0,192410.7254637,192410.7255552,,,,,0,1,
2026-08-18T05:56:38.682+00:00,1787032598.6828363,192410.7257374,15.498287900001742,send_error,10,420,0,0,0.0,0.0,192410.7257343,,,,,,,0,robot_not_discovered
2026-08-18T05:56:38.803+00:00,1787032598.8039355,192410.847006,15.61955649999436,send_error,1,421,0,0,0.0,0.0,192410.8469959,,,,,,,0,robot_not_discovered
2026-08-18T05:56:38.807+00:00,1787032598.8079002,192410.8505994,15.62314989999868,sent,2,422,31,38,0.0,0.0,192410.8503613,192410.8504422,,,,,0,1,
2026-08-18T05:56:38.807+00:00,1787032598.8079002,192410.8510765,15.623626999993576,sent,3,423,-22,38,0.0,0.0,192410.8509514,192410.8510121,,,,,0,1,
2026-08-18T05:56:38.807+00:00,1787032598.8079002,192410.8511044,15.623654900002293,send_error,10,424,0,0,0.0,0.0,192410.851102,,,,,,,0,robot_not_discovered
2026-08-18T05:56:38.944+00:00,1787032598.9449034,192410.9875667,15.760117199999513,send_error,1,425,0,0,0.0,0.0,192410.9875564,,,,,,,0,robot_not_discovered
2026-08-18T05:56:38.948+00:00,1787032598.9489007,192410.9912989,15.763849399983883,sent,2,426,31,38,0.0,0.0,192410.9910459,192410.991117,,,,,0,1,
2026-08-18T05:56:38.948+00:00,1787032598.9489007,192410.9918643,15.764414800010854,sent,3,427,-22,38,0.0,0.0,192410.9916907,192410.9917778,,,,,0,1,
2026-08-18T05:56:38.948+00:00,1787032598.9489007,192410.9918959,15.764446399989538,send_error,10,428,0,0,0.0,0.0,192410.9918934,,,,,,,0,robot_not_discovered
2026-08-18T05:56:39.083+00:00,1787032599.0835862,192411.1260228,15.89857329998631,send_error,1,429,0,0,0.0,0.0,192411.1260119,,,,,,,0,robot_not_discovered
2026-08-18T05:56:39.088+00:00,1787032599.0885773,192411.1308345,15.90338500001235,sent,2,430,30,39,0.0,0.0,192411.130631,192411.130732,,,,,0,1,
2026-08-18T05:56:39.088+00:00,1787032599.0885773,192411.1316495,15.904199999989942,sent,3,431,-22,38,0.0,0.0,192411.1314402,192411.1315639,,,,,0,1,
2026-08-18T05:56:39.088+00:00,1787032599.0885773,192411.1316865,15.904237000009743,send_error,10,432,0,0,0.0,0.0,192411.1316839,,,,,,,0,robot_not_discovered
2026-08-18T05:56:39.208+00:00,1787032599.2081645,192411.250613,16.023163500009105,send_error,1,433,0,0,0.0,0.0,192411.2506037,,,,,,,0,robot_not_discovered
2026-08-18T05:56:39.212+00:00,1787032599.2121553,192411.2546407,16.027191200002562,sent,2,434,31,38,0.0,0.0,192411.2543838,192411.254484,,,,,0,1,
2026-08-18T05:56:39.212+00:00,1787032599.2121553,192411.2551647,16.027715200005332,sent,3,435,-22,38,0.0,0.0,192411.2549782,192411.2550608,,,,,0,1,
2026-08-18T05:56:39.212+00:00,1787032599.2121553,192411.2552016,16.02775209999527,send_error,10,436,0,0,0.0,0.0,192411.2551991,,,,,,,0,robot_not_discovered
2026-08-18T05:56:39.332+00:00,1787032599.3323991,192411.3748478,16.14739830000326,send_error,1,437,0,0,0.0,0.0,192411.3748386,,,,,,,0,robot_not_discovered
2026-08-18T05:56:39.336+00:00,1787032599.3363938,192411.3788353,16.151385800010758,sent,2,438,32,37,0.0,0.0,192411.3785001,192411.3785251,,,,,0,1,
2026-08-18T05:56:39.336+00:00,1787032599.3363938,192411.3794138,16.15196429999196,sent,3,439,-22,38,0.0,0.0,192411.3792189,192411.3793171,,,,,0,1,
2026-08-18T05:56:39.336+00:00,1787032599.3363938,192411.3794477,16.151998199988157,send_error,10,440,0,0,0.0,0.0,192411.3794452,,,,,,,0,robot_not_discovered
2026-08-18T05:56:39.460+00:00,1787032599.4607863,192411.5035239,16.276074399997015,send_error,1,441,0,0,0.0,0.0,192411.5034951,,,,,,,0,robot_not_discovered
2026-08-18T05:56:39.464+00:00,1787032599.4647956,192411.5076493,16.280199800006812,sent,2,442,31,38,0.0,0.0,192411.5074251,192411.507517,,,,,0,1,
2026-08-18T05:56:39.465+00:00,1787032599.4657874,192411.5080914,16.280641899997136,sent,3,443,-22,38,0.0,0.0,192411.5079615,192411.5080265,,,,,0,1,
2026-08-18T05:56:39.465+00:00,1787032599.4657874,192411.5081174,16.280667899991386,send_error,10,444,0,0,0.0,0.0,192411.5081152,,,,,,,0,robot_not_discovered
2026-08-18T05:56:39.593+00:00,1787032599.5939333,192411.6369883,16.409538799984148,send_error,1,445,0,0,0.0,0.0,192411.6369729,,,,,,,0,robot_not_discovered
2026-08-18T05:56:39.599+00:00,1787032599.5999396,192411.6429031,16.415453599998727,sent,2,446,31,38,0.0,0.0,192411.6426154,192411.6427351,,,,,0,1,
2026-08-18T05:56:39.600+00:00,1787032599.6009328,192411.6433783,16.41592880000826,sent,3,447,45,24,0.0,0.0,192411.6432386,192411.6433044,,,,,0,1,
2026-08-18T05:56:39.600+00:00,1787032599.6009328,192411.64341,16.415960499987705,send_error,10,448,0,0,0.0,0.0,192411.6434075,,,,,,,0,robot_not_discovered
2026-08-18T05:56:39.745+00:00,1787032599.745766,192411.7881856,16.56073609998566,send_error,1,449,0,0,0.0,0.0,192411.7881724,,,,,,,0,robot_not_discovered
2026-08-18T05:56:39.751+00:00,1787032599.7517722,192411.7947956,16.56734609999694,sent,2,450,31,38,0.0,0.0,192411.7943081,192411.7945873,,,,,0,1,
2026-08-18T05:56:39.752+00:00,1787032599.7527647,192411.7954243,16.567974800011143,sent,3,451,38,31,0.0,0.0,192411.7952446,192411.7953391,,,,,0,1,
2026-08-18T05:56:39.752+00:00,1787032599.7527647,192411.7954551,16.568005599983735,send_error,10,452,0,0,0.0,0.0,192411.7954526,,,,,,,0,robot_not_discovered
2026-08-18T05:56:39.883+00:00,1787032599.8836687,192411.9266091,16.69915959998616,send_error,1,453,0,0,0.0,0.0,192411.9265893,,,,,,,0,robot_not_discovered
2026-08-18T05:56:39.888+00:00,1787032599.8886626,192411.9312379,16.70378839998739,sent,2,454,32,37,0.0,0.0,192411.9306882,192411.9308189,,,,,0,1,
2026-08-18T05:56:39.889+00:00,1787032599.8896644,192411.9321791,16.704729599994607,sent,3,455,39,30,0.0,0.0,192411.9319693,192411.9321046,,,,,0,1,
2026-08-18T05:56:39.889+00:00,1787032599.8896644,192411.9322129,16.704763399990043,send_error,10,456,0,0,0.0,0.0,192411.9322105,,,,,,,0,robot_not_discovered
2026-08-18T05:56:40.030+00:00,1787032600.0307646,192412.0732236,16.845774099987466,send_error,1,457,0,0,0.0,0.0,192412.0732143,,,,,,,0,robot_not_discovered
2026-08-18T05:56:40.033+00:00,1787032600.0337625,192412.0768977,16.849448199995095,sent,2,458,30,39,0.0,0.0,192412.0766912,192412.0767722,,,,,0,1,
2026-08-18T05:56:40.034+00:00,1787032600.0347564,192412.0773586,16.849909100012155,sent,3,459,40,29,0.0,0.0,192412.0772084,192412.0772884,,,,,0,1,
2026-08-18T05:56:40.034+00:00,1787032600.0347564,192412.0773861,16.849936599988723,send_error,10,460,0,0,0.0,0.0,192412.0773838,,,,,,,0,robot_not_discovered
2026-08-18T05:56:40.150+00:00,1787032600.150403,192412.2027035,16.975253999989945,send_error,1,461,0,0,0.0,0.0,192412.2026937,,,,,,,0,robot_not_discovered
2026-08-18T05:56:40.150+00:00,1787032600.150403,192412.2068196,16.979370099987136,sent,2,462,31,38,0.0,0.0,192412.2066275,192412.2067275,,,,,0,1,
2026-08-18T05:56:40.150+00:00,1787032600.150403,192412.2072371,16.97978759999387,sent,3,463,43,26,0.0,0.0,192412.2071176,192412.2071729,,,,,0,1,
2026-08-18T05:56:40.150+00:00,1787032600.150403,192412.2072695,16.97982000000775,send_error,10,464,0,0,0.0,0.0,192412.2072668,,,,,,,0,robot_not_discovered
2026-08-18T05:56:40.298+00:00,1787032600.298671,192412.3409057,17.11345619999338,send_error,1,465,0,0,0.0,0.0,192412.3408816,,,,,,,0,robot_not_discovered
2026-08-18T05:56:40.302+00:00,1787032600.302668,192412.3456801,17.118230599997332,sent,2,466,31,38,0.0,0.0,192412.3453519,192412.3454485,,,,,0,1,
2026-08-18T05:56:40.303+00:00,1787032600.3036702,192412.3464255,17.11897599999793,sent,3,467,44,22,0.0,0.0,192412.3461603,192412.346294,,,,,0,1,
2026-08-18T05:56:40.303+00:00,1787032600.3036702,192412.3464833,17.11903380000149,send_error,10,468,0,0,0.0,0.0,192412.3464802,,,,,,,0,robot_not_discovered
2026-08-18T05:56:40.434+00:00,1787032600.4346347,192412.4777383,17.250288799987175,send_error,1,469,0,0,0.0,0.0,192412.4777287,,,,,,,0,robot_not_discovered
2026-08-18T05:56:40.438+00:00,1787032600.4382691,192412.4814111,17.253961599984905,sent,2,470,31,38,0.0,0.0,192412.4811722,192412.4812608,,,,,0,1,
2026-08-18T05:56:40.439+00:00,1787032600.439269,192412.481963,17.254513499996392,sent,3,471,43,-27,0.0,0.0,192412.4818029,192412.4818742,,,,,0,1,
2026-08-18T05:56:40.439+00:00,1787032600.439269,192412.4819949,17.254545400006464,send_error,10,472,0,0,0.0,0.0,192412.4819925,,,,,,,0,robot_not_discovered
2026-08-18T05:56:40.571+00:00,1787032600.5718765,192412.6144374,17.386987900012173,send_error,1,473,0,0,0.0,0.0,192412.6144275,,,,,,,0,robot_not_discovered
2026-08-18T05:56:40.575+00:00,1787032600.5758743,192412.6187314,17.391281899996102,sent,2,474,31,38,0.0,0.0,192412.618164,192412.6183351,,,,,0,1,
2026-08-18T05:56:40.576+00:00,1787032600.576889,192412.6193958,17.391946299991105,sent,3,475,38,-22,0.0,0.0,192412.61928,192412.6193028,,,,,0,1,
2026-08-18T05:56:40.576+00:00,1787032600.576889,192412.6194232,17.391973699996015,send_error,10,476,0,0,0.0,0.0,192412.6194208,,,,,,,0,robot_not_discovered
2026-08-18T05:56:40.699+00:00,1787032600.6997788,192412.7428533,17.515403800003696,send_error,1,477,0,0,0.0,0.0,192412.7428389,,,,,,,0,robot_not_discovered
2026-08-18T05:56:40.704+00:00,1787032600.7043517,192412.7471704,17.519720899988897,sent,2,478,31,38,0.0,0.0,192412.7466993,192412.7468754,,,,,0,1,
2026-08-18T05:56:40.705+00:00,1787032600.7053485,192412.7480664,17.520616900001187,sent,3,479,38,-22,0.0,0.0,192412.7478598,192412.7479539,,,,,0,1,
2026-08-18T05:56:40.705+00:00,1787032600.7053485,192412.748098,17.520648500008974,send_error,10,480,0,0,0.0,0.0,192412.7480953,,,,,,,0,robot_not_discovered
2026-08-18T05:56:40.857+00:00,1787032600.8572528,192412.9000364,17.672586900007445,send_error,1,481,0,0,0.0,0.0,192412.9000021,,,,,,,0,robot_not_discovered
2026-08-18T05:56:40.862+00:00,1787032600.862252,192412.9046119,17.677162400010275,sent,2,482,30,39,0.0,0.0,192412.9043914,192412.9044851,,,,,0,1,
2026-08-18T05:56:40.862+00:00,1787032600.862252,192412.9050781,17.677628600009484,sent,3,483,38,-22,0.0,0.0,192412.9049506,192412.9050122,,,,,0,1,
2026-08-18T05:56:40.862+00:00,1787032600.862252,192412.9051089,17.67765940001118,send_error,10,484,0,0,0.0,0.0,192412.9051064,,,,,,,0,robot_not_discovered
2026-08-18T05:56:40.991+00:00,1787032600.9912481,192413.0341512,17.806701699999394,send_error,1,485,0,0,0.0,0.0,192413.0341416,,,,,,,0,robot_not_discovered
2026-08-18T05:56:40.996+00:00,1787032600.996174,192413.0388679,17.811418400000548,sent,2,486,30,39,0.0,0.0,192413.0386024,192413.0387418,,,,,0,1,
2026-08-18T05:56:40.997+00:00,1787032600.9971776,192413.0393961,17.811946600006195,sent,3,487,38,-22,0.0,0.0,192413.0392095,192413.0393024,,,,,0,1,
2026-08-18T05:56:40.997+00:00,1787032600.9971776,192413.0394338,17.811984300002223,send_error,10,488,0,0,0.0,0.0,192413.039431,,,,,,,0,robot_not_discovered
2026-08-18T05:56:41.141+00:00,1787032601.1410193,192413.1837,17.956250499992166,send_error,1,489,0,0,0.0,0.0,192413.1836914,,,,,,,0,robot_not_discovered
2026-08-18T05:56:41.145+00:00,1787032601.145021,192413.1881615,17.960712000000058,sent,2,490,30,39,0.0,0.0,192413.1877063,192413.1879491,,,,,0,1,
2026-08-18T05:56:41.146+00:00,1787032601.1460197,192413.1889883,17.961538800009293,sent,3,491,-22,38,0.0,0.0,192413.1887616,192413.1888699,,,,,0,1,
2026-08-18T05:56:41.146+00:00,1787032601.1460197,192413.1890178,17.96156830000109,send_error,10,492,0,0,0.0,0.0,192413.1890153,,,,,,,0,robot_not_discovered
2026-08-18T05:56:41.297+00:00,1787032601.2976084,192413.3399038,18.112454299989622,send_error,1,493,0,0,0.0,0.0,192413.3398943,,,,,,,0,robot_not_discovered
2026-08-18T05:56:41.301+00:00,1787032601.3016093,192413.3442608,18.116811299987603,sent,2,494,30,39,0.0,0.0,192413.3440084,192413.3441193,,,,,0,1,
2026-08-18T05:56:41.301+00:00,1787032601.3016093,192413.3447424,18.11729289998766,sent,3,495,28,41,0.0,0.0,192413.3445912,192413.3446732,,,,,0,1,
2026-08-18T05:56:41.301+00:00,1787032601.3016093,192413.3447689,18.117319399985718,send_error,10,496,0,0,0.0,0.0,192413.3447665,,,,,,,0,robot_not_discovered
2026-08-18T05:56:41.431+00:00,1787032601.4310436,192413.4737928,18.246343300008448,send_error,1,497,0,0,0.0,0.0,192413.4737814,,,,,,,0,robot_not_discovered
2026-08-18T05:56:41.435+00:00,1787032601.4350443,192413.4774934,18.25004389998503,sent,2,498,30,39,0.0,0.0,192413.4772605,192413.4773439,,,,,0,1,
2026-08-18T05:56:41.435+00:00,1787032601.4350443,192413.4780077,18.25055820000125,sent,3,499,26,43,0.0,0.0,192413.4778311,192413.4779118,,,,,0,1,
2026-08-18T05:56:41.435+00:00,1787032601.4350443,192413.4780438,18.250594299985096,send_error,10,500,0,0,0.0,0.0,192413.4780403,,,,,,,0,robot_not_discovered
2026-08-18T05:56:41.562+00:00,1787032601.5623431,192413.6050755,18.377626000001328,send_error,1,501,0,0,0.0,0.0,192413.6050634,,,,,,,0,robot_not_discovered
2026-08-18T05:56:41.566+00:00,1787032601.5663586,192413.6094121,18.381962599989492,sent,2,502,30,39,0.0,0.0,192413.6091934,192413.6092836,,,,,0,1,
2026-08-18T05:56:41.567+00:00,1787032601.567347,192413.610152,18.382702500006417,sent,3,503,31,38,0.0,0.0,192413.6098967,192413.6100306,,,,,0,1,
2026-08-18T05:56:41.567+00:00,1787032601.567347,192413.610195,18.382745499984594,send_error,10,504,0,0,0.0,0.0,192413.6101926,,,,,,,0,robot_not_discovered
2026-08-18T05:56:41.725+00:00,1787032601.7259254,192413.7688307,18.5413811999897,send_error,1,505,0,0,0.0,0.0,192413.7688095,,,,,,,0,robot_not_discovered
2026-08-18T05:56:41.734+00:00,1787032601.734934,192413.7774718,18.55002229998354,sent,2,506,29,39,0.0,0.0,192413.7764498,192413.7766523,,,,,0,1,
2026-08-18T05:56:41.736+00:00,1787032601.7369323,192413.7797761,18.55232660000911,sent,3,507,34,35,0.0,0.0,192413.7784744,192413.7791648,,,,,0,1,
2026-08-18T05:56:41.736+00:00,1787032601.7369323,192413.7798199,18.55237039999338,send_error,10,508,0,0,0.0,0.0,192413.7798159,,,,,,,0,robot_not_discovered
2026-08-18T05:56:41.898+00:00,1787032601.8989592,192413.9420612,18.71461170000839,send_error,1,509,0,0,0.0,0.0,192413.9420353,,,,,,,0,robot_not_discovered
2026-08-18T05:56:41.910+00:00,1787032601.9100387,192413.9524385,18.724989000009373,sent,2,510,23,37,0.0,0.0,192413.950789,192413.9510908,,,,,0,1,
2026-08-18T05:56:41.910+00:00,1787032601.9109588,192413.9537248,18.726275299995905,sent,3,511,38,31,0.0,0.0,192413.9534352,192413.953538,,,,,0,1,
2026-08-18T05:56:41.910+00:00,1787032601.9109588,192413.9537661,18.72631659999024,send_error,10,512,0,0,0.0,0.0,192413.9537631,,,,,,,0,robot_not_discovered
2026-08-18T05:56:42.117+00:00,1787032602.1175823,192414.1603687,18.932919199985918,send_error,1,513,0,0,0.0,0.0,192414.1603584,,,,,,,0,robot_not_discovered
2026-08-18T05:56:42.121+00:00,1787032602.1215806,192414.1645367,18.93708719999995,sent,2,514,18,34,0.0,0.0,192414.1643429,192414.1644358,,,,,0,1,
2026-08-18T05:56:42.122+00:00,1787032602.1225839,192414.165125,18.937675499997567,sent,3,515,39,30,0.0,0.0,192414.1649675,192414.165062,,,,,0,1,
2026-08-18T05:56:42.122+00:00,1787032602.1225839,192414.1651533,18.93770380000933,send_error,10,516,0,0,0.0,0.0,192414.1651505,,,,,,,0,robot_not_discovered
2026-08-18T05:56:42.251+00:00,1787032602.2515533,192414.2946067,19.06715719998465,send_error,1,517,0,0,0.0,0.0,192414.2945977,,,,,,,0,robot_not_discovered
2026-08-18T05:56:42.256+00:00,1787032602.2565522,192414.2987899,19.071340399998007,sent,2,518,18,32,0.0,0.0,192414.2986318,192414.2986503,,,,,0,1,
2026-08-18T05:56:42.256+00:00,1787032602.2565522,192414.2994664,19.072016899997834,sent,3,519,41,28,0.0,0.0,192414.2992373,192414.2993749,,,,,0,1,
2026-08-18T05:56:42.256+00:00,1787032602.2565522,192414.2995043,19.072054799995385,send_error,10,520,0,0,0.0,0.0,192414.2995013,,,,,,,0,robot_not_discovered
2026-08-18T05:56:42.382+00:00,1787032602.3821912,192414.4252484,19.197798899986083,send_error,1,521,0,0,0.0,0.0,192414.4252385,,,,,,,0,robot_not_discovered
2026-08-18T05:56:42.386+00:00,1787032602.386272,192414.4287548,19.20130529999733,sent,2,522,18,31,0.0,0.0,192414.428483,192414.428575,,,,,0,1,
2026-08-18T05:56:42.387+00:00,1787032602.3872414,192414.4296462,19.202196700003697,sent,3,523,41,28,0.0,0.0,192414.4293418,192414.429489,,,,,0,1,
2026-08-18T05:56:42.387+00:00,1787032602.3872414,192414.4296925,19.202243000007,send_error,10,524,0,0,0.0,0.0,192414.4296899,,,,,,,0,robot_not_discovered
2026-08-18T05:56:42.512+00:00,1787032602.5125067,192414.5552928,19.32784330000868,send_error,1,525,0,0,0.0,0.0,192414.5552835,,,,,,,0,robot_not_discovered
2026-08-18T05:56:42.516+00:00,1787032602.5165074,192414.5587313,19.33128179999767,sent,2,526,18,30,0.0,0.0,192414.5584725,192414.5585667,,,,,0,1,
2026-08-18T05:56:42.516+00:00,1787032602.5165074,192414.5592241,19.331774599995697,sent,3,527,40,-29,0.0,0.0,192414.5590679,192414.5591312,,,,,0,1,
2026-08-18T05:56:42.516+00:00,1787032602.5165074,192414.5592524,19.33180290000746,send_error,10,528,0,0,0.0,0.0,192414.55925,,,,,,,0,robot_not_discovered
2026-08-18T05:56:42.653+00:00,1787032602.6535609,192414.6958176,19.468368100002408,send_error,1,529,0,0,0.0,0.0,192414.6957986,,,,,,,0,robot_not_discovered
2026-08-18T05:56:42.658+00:00,1787032602.6585684,192414.7011833,19.473733799997717,sent,2,530,18,29,0.0,0.0,192414.7009577,192414.7010686,,,,,0,1,
2026-08-18T05:56:42.658+00:00,1787032602.6585684,192414.701705,19.474255500012077,sent,3,531,35,-24,0.0,0.0,192414.7015346,192414.7016187,,,,,0,1,
2026-08-18T05:56:42.659+00:00,1787032602.6595623,192414.7017397,19.474290199985262,send_error,10,532,0,0,0.0,0.0,192414.7017372,,,,,,,0,robot_not_discovered
2026-08-18T05:56:42.836+00:00,1787032602.8368943,192414.879114,19.651664500008337,send_error,1,533,0,0,0.0,0.0,192414.8790864,,,,,,,0,robot_not_discovered
2026-08-18T05:56:42.843+00:00,1787032602.8438935,192414.8861393,19.658689800009597,sent,2,534,-1,27,0.0,0.0,192414.8858039,192414.8859112,,,,,0,1,
2026-08-18T05:56:42.843+00:00,1787032602.8438935,192414.8867277,19.659278200007975,sent,3,535,34,-25,0.0,0.0,192414.8865598,192414.8866451,,,,,0,1,
2026-08-18T05:56:42.843+00:00,1787032602.8438935,192414.8867623,19.659312800009502,send_error,10,536,0,0,0.0,0.0,192414.8867593,,,,,,,0,robot_not_discovered
2026-08-18T05:56:43.011+00:00,1787032603.0117173,192415.0542358,19.82678629999282,send_error,1,537,0,0,0.0,0.0,192415.054225,,,,,,,0,robot_not_discovered
2026-08-18T05:56:43.018+00:00,1787032603.0187142,192415.0609144,19.833464900002582,sent,2,538,0,24,0.0,0.0,192415.0605831,192415.0607019,,,,,0,1,
2026-08-18T05:56:43.019+00:00,1787032603.019716,192415.0626225,19.835172999999486,sent,3,539,34,-25,0.0,0.0,192415.0618153,192415.0620301,,,,,0,1,
2026-08-18T05:56:43.019+00:00,1787032603.019716,192415.0628101,19.835360600001877,send_error,10,540,0,0,0.0,0.0,192415.0628019,,,,,,,0,robot_not_discovered
2026-08-18T05:56:43.175+00:00,1787032603.1754577,192415.2178444,19.990394899999956,send_error,1,541,0,0,0.0,0.0,192415.2178342,,,,,,,0,robot_not_discovered
2026-08-18T05:56:43.180+00:00,1787032603.1804445,192415.2235479,19.996098400006304,sent,2,542,-22,38,0.0,0.0,192415.2232709,192415.2233978,,,,,0,1,
2026-08-18T05:56:43.181+00:00,1787032603.1814597,192415.2242334,19.99678389998735,sent,3,543,33,-26,0.0,0.0,192415.2240716,192415.2241734,,,,,0,1,
2026-08-18T05:56:43.181+00:00,1787032603.1814597,192415.2242906,19.99684109998634,send_error,10,544,0,0,0.0,0.0,192415.2242782,,,,,,,0,robot_not_discovered
2026-08-18T05:56:43.323+00:00,1787032603.3236415,192415.3663216,20.138872100011213,send_error,1,545,0,0,0.0,0.0,192415.3663113,,,,,,,0,robot_not_discovered
2026-08-18T05:56:43.333+00:00,1787032603.333648,192415.3764026,20.148953099997016,sent,2,546,-22,38,0.0,0.0,192415.3744735,192415.3747719,,,,,0,1,
2026-08-18T05:56:43.334+00:00,1787032603.334642,192415.3773917,20.14994219999062,sent,3,547,33,-26,0.0,0.0,192415.3771917,192415.3772746,,,,,0,1,
2026-08-18T05:56:43.334+00:00,1787032603.334642,192415.3774266,20.14997709999443,send_error,10,548,0,0,0.0,0.0,192415.3774239,,,,,,,0,robot_not_discovered
2026-08-18T05:56:43.489+00:00,1787032603.489123,192415.5318435,20.30439400000614,send_error,1,549,0,0,0.0,0.0,192415.5317941,,,,,,,0,robot_not_discovered
2026-08-18T05:56:43.497+00:00,1787032603.4971242,192415.540035,20.312585500010755,sent,2,550,-22,38,0.0,0.0,192415.5396791,192415.5398244,,,,,0,1,
2026-08-18T05:56:43.498+00:00,1787032603.4981272,192415.5411355,20.3136860000086,sent,3,551,18,-18,0.0,0.0,192415.5407079,192415.5407971,,,,,0,1,
2026-08-18T05:56:43.498+00:00,1787032603.4981272,192415.541219,20.313769500004128,send_error,10,552,0,0,0.0,0.0,192415.5412151,,,,,,,0,robot_not_discovered
2026-08-18T05:56:43.625+00:00,1787032603.6256673,192415.6683181,20.440868600009708,send_error,1,553,0,0,0.0,0.0,192415.6683071,,,,,,,0,robot_not_discovered
2026-08-18T05:56:43.630+00:00,1787032603.6306705,192415.6734112,20.445961699995678,sent,2,554,-22,38,0.0,0.0,192415.6731784,192415.6732801,,,,,0,1,
2026-08-18T05:56:43.631+00:00,1787032603.6316724,192415.67389,20.44644050000352,sent,3,555,18,18,0.0,0.0,192415.6737217,192415.6737984,,,,,0,1,
2026-08-18T05:56:43.631+00:00,1787032603.6316724,192415.6739245,20.446475000004284,send_error,10,556,0,0,0.0,0.0,192415.6739218,,,,,,,0,robot_not_discovered
2026-08-18T05:56:43.761+00:00,1787032603.7610574,192415.8033343,20.575884799996857,send_error,1,557,0,0,0.0,0.0,192415.8033206,,,,,,,0,robot_not_discovered
2026-08-18T05:56:43.765+00:00,1787032603.765045,192415.807262,20.579812499985565,sent,2,558,-22,38,0.0,0.0,192415.8069719,192415.8069894,,,,,0,1,
2026-08-18T05:56:43.765+00:00,1787032603.765045,192415.8077563,20.580306799995014,sent,3,559,18,24,0.0,0.0,192415.8075913,192415.807675,,,,,0,1,
2026-08-18T05:56:43.765+00:00,1787032603.765045,192415.8077841,20.58033460000297,send_error,10,560,0,0,0.0,0.0,192415.8077819,,,,,,,0,robot_not_discovered
2026-08-18T05:56:43.907+00:00,1787032603.9075038,192415.950577,20.72312750000856,send_error,1,561,0,0,0.0,0.0,192415.9505664,,,,,,,0,robot_not_discovered
2026-08-18T05:56:43.912+00:00,1787032603.9126227,192415.9549613,20.72751180001069,sent,2,562,-38,38,0.0,0.0,192415.954722,192415.9547895,,,,,0,1,
2026-08-18T05:56:43.912+00:00,1787032603.9126227,192415.9555146,20.728065100003732,sent,3,563,18,23,0.0,0.0,192415.9553467,192415.9554278,,,,,0,1,
2026-08-18T05:56:43.912+00:00,1787032603.9126227,192415.9555422,20.728092700010166,send_error,10,564,0,0,0.0,0.0,192415.9555399,,,,,,,0,robot_not_discovered
2026-08-18T05:56:44.097+00:00,1787032604.0972917,192416.1396278,20.91217830000096,send_error,1,565,0,0,0.0,0.0,192416.1395811,,,,,,,0,robot_not_discovered
2026-08-18T05:56:44.106+00:00,1787032604.106321,192416.1498841,20.92243460001191,sent,2,566,-38,38,0.0,0.0,192416.1485349,192416.1493431,,,,,0,1,
2026-08-18T05:56:44.106+00:00,1787032604.106321,192416.15055,20.923100499989232,sent,3,567,-18,25,0.0,0.0,192416.1503554,192416.1504398,,,,,0,1,
2026-08-18T05:56:44.106+00:00,1787032604.106321,192416.1505851,20.923135599994566,send_error,10,568,0,0,0.0,0.0,192416.1505825,,,,,,,0,robot_not_discovered
2026-08-18T05:56:44.264+00:00,1787032604.26475,192416.3077466,21.080297100008465,send_error,1,569,0,0,0.0,0.0,192416.3077346,,,,,,,0,robot_not_discovered
2026-08-18T05:56:44.272+00:00,1787032604.2727535,192416.3152366,21.087787099997513,sent,2,570,18,26,0.0,0.0,192416.3148077,192416.3150241,,,,,0,1,
2026-08-18T05:56:44.272+00:00,1787032604.2727535,192416.3157868,21.088337299996056,sent,3,571,-33,36,0.0,0.0,192416.3156326,192416.3156531,,,,,0,1,
2026-08-18T05:56:44.272+00:00,1787032604.2727535,192416.315818,21.088368500000797,send_error,10,572,0,0,0.0,0.0,192416.3158151,,,,,,,0,robot_not_discovered
2026-08-18T05:56:44.420+00:00,1787032604.4200344,192416.4626783,21.2352288000111,send_error,1,573,0,0,0.0,0.0,192416.4626473,,,,,,,0,robot_not_discovered
2026-08-18T05:56:44.429+00:00,1787032604.4293919,192416.4715225,21.24407300000894,sent,2,574,34,35,0.0,0.0,192416.4707817,192416.4709967,,,,,0,1,
2026-08-18T05:56:44.430+00:00,1787032604.4303813,192416.4731645,21.24571499999729,sent,3,575,-33,36,0.0,0.0,192416.4725119,192416.4727196,,,,,0,1,
2026-08-18T05:56:44.430+00:00,1787032604.4303813,192416.4733014,21.245851899991976,send_error,10,576,0,0,0.0,0.0,192416.4732967,,,,,,,0,robot_not_discovered
2026-08-18T05:56:44.572+00:00,1787032604.5728881,192416.6157296,21.388280099985423,send_error,1,577,0,0,0.0,0.0,192416.6157186,,,,,,,0,robot_not_discovered
2026-08-18T05:56:44.578+00:00,1787032604.578897,192416.6218457,21.394396199990297,sent,2,578,36,33,0.0,0.0,192416.6215441,192416.6216603,,,,,0,1,
2026-08-18T05:56:44.579+00:00,1787032604.5798893,192416.6226281,21.395178600010695,sent,3,579,-33,36,0.0,0.0,192416.6224243,192416.6225131,,,,,0,1,
2026-08-18T05:56:44.579+00:00,1787032604.5798893,192416.6226658,21.395216300006723,send_error,10,580,0,0,0.0,0.0,192416.6226625,,,,,,,0,robot_not_discovered
2026-08-18T05:56:44.723+00:00,1787032604.7233202,192416.7659889,21.538539400004083,send_error,1,581,0,0,0.0,0.0,192416.7659627,,,,,,,0,robot_not_discovered
2026-08-18T05:56:44.731+00:00,1787032604.7319796,192416.774878,21.547428499994567,sent,2,582,48,21,0.0,0.0,192416.7736428,192416.7745564,,,,,0,1,
2026-08-18T05:56:44.732+00:00,1787032604.7329621,192416.775713,21.548263500008034,sent,3,583,-28,31,0.0,0.0,192416.7754939,192416.7755746,,,,,0,1,
2026-08-18T05:56:44.732+00:00,1787032604.7329621,192416.7757571,21.548307599994587,send_error,10,584,0,0,0.0,0.0,192416.7757545,,,,,,,0,robot_not_discovered
2026-08-18T05:56:44.883+00:00,1787032604.8836236,192416.9260146,21.69856509999954,send_error,1,585,0,0,0.0,0.0,192416.9259935,,,,,,,0,robot_not_discovered
2026-08-18T05:56:44.888+00:00,1787032604.8886235,192416.9312186,21.703769099985948,sent,2,586,52,0,0.0,0.0,192416.931021,192416.9311165,,,,,0,1,
2026-08-18T05:56:44.888+00:00,1787032604.8886235,192416.9317055,21.704255999997258,sent,3,587,-28,31,0.0,0.0,192416.9315446,192416.9316282,,,,,0,1,
2026-08-18T05:56:44.889+00:00,1787032604.8896234,192416.9317327,21.704283200000646,send_error,10,588,0,0,0.0,0.0,192416.9317304,,,,,,,0,robot_not_discovered
2026-08-18T05:56:45.022+00:00,1787032605.0223477,192417.065212,21.83776249998482,send_error,1,589,0,0,0.0,0.0,192417.0651838,,,,,,,0,robot_not_discovered
2026-08-18T05:56:45.027+00:00,1787032605.027348,192417.0699933,21.84254380001221,sent,2,590,30,18,0.0,0.0,192417.0698409,192417.0698598,,,,,0,1,
2026-08-18T05:56:45.028+00:00,1787032605.0283499,192417.0705481,21.84309859998757,sent,3,591,-28,31,0.0,0.0,192417.0703127,192417.0704369,,,,,0,1,
2026-08-18T05:56:45.028+00:00,1787032605.0283499,192417.0705803,21.843130799999926,send_error,10,592,0,0,0.0,0.0,192417.0705778,,,,,,,0,robot_not_discovered
2026-08-18T05:56:45.154+00:00,1787032605.1542006,192417.196986,21.96953649999341,send_error,1,593,0,0,0.0,0.0,192417.1969773,,,,,,,0,robot_not_discovered
2026-08-18T05:56:45.157+00:00,1787032605.1572027,192417.2002856,21.972836100001587,sent,2,594,38,-22,0.0,0.0,192417.2000731,192417.2001699,,,,,0,1,
2026-08-18T05:56:45.158+00:00,1787032605.158201,192417.200929,21.973479500011308,sent,3,595,31,-28,0.0,0.0,192417.2007627,192417.2008536,,,,,0,1,
2026-08-18T05:56:45.158+00:00,1787032605.158201,192417.2009628,21.973513300006744,send_error,10,596,0,0,0.0,0.0,192417.2009602,,,,,,,0,robot_not_discovered
2026-08-18T05:56:45.315+00:00,1787032605.3154197,192417.3581478,22.130698299995856,send_error,1,597,0,0,0.0,0.0,192417.3580947,,,,,,,0,robot_not_discovered
2026-08-18T05:56:45.325+00:00,1787032605.3253868,192417.3675803,22.14013079999131,sent,2,598,38,-22,0.0,0.0,192417.3667276,192417.3670166,,,,,0,1,
2026-08-18T05:56:45.327+00:00,1787032605.3273776,192417.3701467,22.142697200004477,sent,3,599,-28,31,0.0,0.0,192417.3695512,192417.3698669,,,,,0,1,
2026-08-18T05:56:45.327+00:00,1787032605.3273776,192417.3701861,22.142736599984346,send_error,10,600,0,0,0.0,0.0,192417.3701833,,,,,,,0,robot_not_discovered
2026-08-18T05:56:45.496+00:00,1787032605.496482,192417.5389556,22.31150609999895,send_error,1,601,0,0,0.0,0.0,192417.5389456,,,,,,,0,robot_not_discovered
2026-08-18T05:56:45.503+00:00,1787032605.5034842,192417.5460909,22.318641399993794,sent,2,602,38,-22,0.0,0.0,192417.5458099,192417.5459234,,,,,0,1,
2026-08-18T05:56:45.504+00:00,1787032605.5044827,192417.5467559,22.319306399993366,sent,3,603,-28,31,0.0,0.0,192417.5465376,192417.5466172,,,,,0,1,
2026-08-18T05:56:45.504+00:00,1787032605.5044827,192417.5468181,22.319368600001326,send_error,10,604,0,0,0.0,0.0,192417.5468148,,,,,,,0,robot_not_discovered
2026-08-18T05:56:45.668+00:00,1787032605.6689231,192417.7113446,22.483895099983783,send_error,1,605,0,0,0.0,0.0,192417.7113068,,,,,,,0,robot_not_discovered
2026-08-18T05:56:45.681+00:00,1787032605.6813016,192417.724005,22.49655549999443,sent,2,606,19,23,0.0,0.0,192417.7225112,192417.7229065,,,,,0,1,
2026-08-18T05:56:45.682+00:00,1787032605.6823075,192417.7253627,22.497913200000767,sent,3,607,-18,18,0.0,0.0,192417.7250687,192417.7251686,,,,,0,1,
2026-08-18T05:56:45.683+00:00,1787032605.6832988,192417.7254245,22.49797500000568,send_error,10,608,0,0,0.0,0.0,192417.7254208,,,,,,,0,robot_not_discovered
2026-08-18T05:56:45.836+00:00,1787032605.8360796,192417.8783737,22.650924199988367,send_error,1,609,0,0,0.0,0.0,192417.8783351,,,,,,,0,robot_not_discovered
2026-08-18T05:56:45.843+00:00,1787032605.8430676,192417.8857206,22.658271099993726,sent,2,610,25,44,0.0,0.0,192417.8854549,192417.8855594,,,,,0,1,
2026-08-18T05:56:45.844+00:00,1787032605.844068,192417.8863274,22.65887789998669,sent,3,611,-18,18,0.0,0.0,192417.8861015,192417.8862241,,,,,0,1,
2026-08-18T05:56:45.844+00:00,1787032605.844068,192417.8863659,22.65891639998881,send_error,10,612,0,0,0.0,0.0,192417.8863631,,,,,,,0,robot_not_discovered
2026-08-18T05:56:46.056+00:00,1787032606.056727,192418.0991561,22.87170660000993,send_error,1,613,0,0,0.0,0.0,192418.0990841,,,,,,,0,robot_not_discovered
2026-08-18T05:56:46.080+00:00,1787032606.08073,192418.1231973,22.895747800008394,sent,2,614,29,40,0.0,0.0,192418.1224829,192418.1226369,,,,,0,1,
2026-08-18T05:56:46.081+00:00,1787032606.081725,192418.1243101,22.896860599983484,sent,3,615,0,0,0.0,0.0,192418.1238411,192418.1238535,,,,,0,1,
2026-08-18T05:56:46.082+00:00,1787032606.0827239,192418.125027,22.897577499999898,send_error,10,616,0,0,0.0,0.0,192418.1250142,,,,,,,0,robot_not_discovered
2026-08-18T05:56:46.235+00:00,1787032606.2354043,192418.2780858,23.050636300002225,send_error,1,617,0,0,0.0,0.0,192418.2780653,,,,,,,0,robot_not_discovered
2026-08-18T05:56:46.246+00:00,1787032606.2466998,192418.2892408,23.061791299987817,sent,2,618,25,44,0.0,0.0,192418.2887934,192418.2890012,,,,,0,1,
2026-08-18T05:56:46.246+00:00,1787032606.2466998,192418.2897432,23.062293700000737,sent,3,619,0,0,0.0,0.0,192418.2892921,192418.289296,,,,,0,1,
2026-08-18T05:56:46.247+00:00,1787032606.2476978,192418.2898248,23.0623753000109,send_error,10,620,0,0,0.0,0.0,192418.2898205,,,,,,,0,robot_not_discovered
2026-08-18T05:56:46.416+00:00,1787032606.4160497,192418.4581072,23.230657699983567,send_error,1,621,0,0,0.0,0.0,192418.4580591,,,,,,,0,robot_not_discovered
2026-08-18T05:56:46.423+00:00,1787032606.42305,192418.4656993,23.238249799993355,sent,2,622,25,38,0.0,0.0,192418.4653613,192418.4654883,,,,,0,1,
2026-08-18T05:56:46.423+00:00,1787032606.42305,192418.4658873,23.238437799998792,sent,3,623,0,0,0.0,0.0,192418.4657381,192418.4657404,,,,,0,1,
2026-08-18T05:56:46.423+00:00,1787032606.42305,192418.4659297,23.238480200001504,send_error,10,624,0,0,0.0,0.0,192418.4659263,,,,,,,0,robot_not_discovered
2026-08-18T05:56:46.547+00:00,1787032606.5474737,192418.5899605,23.362510999984806,send_error,1,625,0,0,0.0,0.0,192418.5899491,,,,,,,0,robot_not_discovered
2026-08-18T05:56:46.552+00:00,1787032606.55246,192418.5945947,23.36714519999805,sent,2,626,18,30,0.0,0.0,192418.5942116,192418.5943953,,,,,0,1,
2026-08-18T05:56:46.552+00:00,1787032606.55246,192418.5948042,23.367354699992575,sent,3,627,0,0,0.0,0.0,192418.5946407,192418.594644,,,,,0,1,
2026-08-18T05:56:46.552+00:00,1787032606.55246,192418.59484,23.36739050000324,send_error,10,628,0,0,0.0,0.0,192418.594837,,,,,,,0,robot_not_discovered
2026-08-18T05:56:46.683+00:00,1787032606.6832027,192418.7259945,23.49854500000947,send_error,1,629,0,0,0.0,0.0,192418.7259668,,,,,,,0,robot_not_discovered
2026-08-18T05:56:46.687+00:00,1787032606.6876364,192418.7301056,23.502656099997694,sent,2,630,18,23,0.0,0.0,192418.7297998,192418.7299108,,,,,0,1,
2026-08-18T05:56:46.687+00:00,1787032606.6876364,192418.7302244,23.502774900000077,sent,3,631,0,0,0.0,0.0,192418.7301362,192418.7301384,,,,,0,1,
2026-08-18T05:56:46.687+00:00,1787032606.6876364,192418.7302595,23.50281000000541,send_error,10,632,0,0,0.0,0.0,192418.7302565,,,,,,,0,robot_not_discovered
2026-08-18T05:56:46.870+00:00,1787032606.8701656,192418.9130769,23.685627400001977,send_error,1,633,0,0,0.0,0.0,192418.9130592,,,,,,,0,robot_not_discovered
2026-08-18T05:56:46.883+00:00,1787032606.8831651,192418.9258152,23.69836569999461,sent,2,634,18,20,0.0,0.0,192418.9244661,192418.9254156,,,,,0,1,
2026-08-18T05:56:46.883+00:00,1787032606.8831651,192418.9261085,23.698658999986947,sent,3,635,0,0,0.0,0.0,192418.9259087,192418.9259107,,,,,0,1,
2026-08-18T05:56:46.883+00:00,1787032606.8831651,192418.9261476,23.698698099993635,send_error,10,636,0,0,0.0,0.0,192418.9261447,,,,,,,0,robot_not_discovered
2026-08-18T05:56:47.087+00:00,1787032607.0877151,192419.1301578,23.902708300011,send_error,1,637,0,0,0.0,0.0,192419.1301438,,,,,,,0,robot_not_discovered
2026-08-18T05:56:47.095+00:00,1787032607.0957117,192419.1379966,23.910547100007534,sent,2,638,1,18,0.0,0.0,192419.1375883,192419.1377275,,,,,0,1,
2026-08-18T05:56:47.095+00:00,1787032607.0957117,192419.138349,23.910899499984225,sent,3,639,0,0,0.0,0.0,192419.1380581,192419.1380629,,,,,0,1,
2026-08-18T05:56:47.095+00:00,1787032607.0957117,192419.1383946,23.910945100011304,send_error,10,640,0,0,0.0,0.0,192419.1383914,,,,,,,0,robot_not_discovered
2026-08-18T05:56:47.236+00:00,1787032607.2363718,192419.2788118,24.05136230000062,send_error,1,641,0,0,0.0,0.0,192419.2787705,,,,,,,0,robot_not_discovered
2026-08-18T05:56:47.242+00:00,1787032607.2425406,192419.2850129,24.05756340001244,sent,2,642,0,18,0.0,0.0,192419.28472,192419.2848248,,,,,0,1,
2026-08-18T05:56:47.242+00:00,1787032607.2425406,192419.2852309,24.05778139998438,sent,3,643,0,0,0.0,0.0,192419.2850493,192419.2850512,,,,,0,1,
2026-08-18T05:56:47.242+00:00,1787032607.2425406,192419.2852701,24.057820599991828,send_error,10,644,0,0,0.0,0.0,192419.2852672,,,,,,,0,robot_not_discovered
2026-08-18T05:56:47.383+00:00,1787032607.3837051,192419.4265957,24.19914620000054,send_error,1,645,0,0,0.0,0.0,192419.4265847,,,,,,,0,robot_not_discovered
2026-08-18T05:56:47.390+00:00,1787032607.3906999,192419.4331758,24.205726299987873,sent,2,646,-18,18,0.0,0.0,192419.4327495,192419.4329555,,,,,0,1,
2026-08-18T05:56:47.390+00:00,1787032607.3906999,192419.4333669,24.20591739998781,sent,3,647,0,0,0.0,0.0,192419.4332409,192419.4332436,,,,,0,1,
2026-08-18T05:56:47.390+00:00,1787032607.3906999,192419.4334372,24.20598769999924,send_error,10,648,0,0,0.0,0.0,192419.433433,,,,,,,0,robot_not_discovered
2026-08-18T05:56:47.484+00:00,1787032607.484972,192419.5278644,24.300414900004398,send_error,1,649,0,0,0.0,0.0,192419.5278092,,,,,,,0,robot_not_discovered
2026-08-18T05:56:47.556+00:00,1787032607.5565186,192419.5987808,24.371331300004385,sent,2,650,-18,18,0.0,0.0,192419.5983351,192419.5984863,,,,,0,1,
2026-08-18T05:56:47.556+00:00,1787032607.5565186,192419.5990883,24.371638799988432,sent,3,651,0,0,0.0,0.0,192419.598842,192419.5988467,,,,,0,1,
2026-08-18T05:56:47.556+00:00,1787032607.5565186,192419.5991408,24.371691300009843,send_error,10,652,0,0,0.0,0.0,192419.5991377,,,,,,,0,robot_not_discovered
2026-08-18T05:56:47.737+00:00,1787032607.7372026,192419.7797118,24.55226229998516,send_error,1,653,0,0,0.0,0.0,192419.779687,,,,,,,0,robot_not_discovered
2026-08-18T05:56:47.746+00:00,1787032607.7462053,192419.7890998,24.561650299991015,sent,2,654,-18,18,0.0,0.0,192419.7875778,192419.7879577,,,,,0,1,
2026-08-18T05:56:47.747+00:00,1787032607.7472,192419.7895684,24.5621189000085,sent,3,655,0,0,0.0,0.0,192419.7892587,192419.7892648,,,,,0,1,
2026-08-18T05:56:47.747+00:00,1787032607.7472,192419.7896839,24.562234399985755,send_error,10,656,0,0,0.0,0.0,192419.7896776,,,,,,,0,robot_not_discovered
2026-08-18T05:56:47.925+00:00,1787032607.9252665,192419.9676908,24.740241299994523,send_error,1,657,0,0,0.0,0.0,192419.9676724,,,,,,,0,robot_not_discovered
2026-08-18T05:56:47.931+00:00,1787032607.931267,192419.9741104,24.746660900011193,sent,2,658,-18,18,0.0,0.0,192419.973752,192419.9739184,,,,,0,1,
2026-08-18T05:56:47.932+00:00,1787032607.9322681,192419.9743909,24.746941399993375,sent,3,659,0,0,0.0,0.0,192419.9741592,192419.9741619,,,,,0,1,
2026-08-18T05:56:47.932+00:00,1787032607.9322681,192419.9744441,24.746994599991012,send_error,10,660,0,0,0.0,0.0,192419.9744391,,,,,,,0,robot_not_discovered
2026-08-18T05:56:48.141+00:00,1787032608.1419816,192420.1843545,24.956904999999097,send_error,1,661,0,0,0.0,0.0,192420.1843269,,,,,,,0,robot_not_discovered
2026-08-18T05:56:48.153+00:00,1787032608.1539855,192420.1960886,24.968639099999564,sent,2,662,-18,18,0.0,0.0,192420.19497,192420.1954681,,,,,0,1,
2026-08-18T05:56:48.153+00:00,1787032608.1539855,192420.1963532,24.968903700006194,sent,3,663,0,0,0.0,0.0,192420.1961442,192420.1961476,,,,,0,1,
2026-08-18T05:56:48.153+00:00,1787032608.1539855,192420.1964045,24.968954999989364,send_error,10,664,0,0,0.0,0.0,192420.1964018,,,,,,,0,robot_not_discovered
2026-08-18T05:56:48.345+00:00,1787032608.3458495,192420.3878806,25.160431099997368,send_error,1,665,0,0,0.0,0.0,192420.3878025,,,,,,,0,robot_not_discovered
2026-08-18T05:56:48.365+00:00,1787032608.3653572,192420.4084785,25.1810289999994,sent,2,666,-18,18,0.0,0.0,192420.4071752,192420.4075597,,,,,0,1,
2026-08-18T05:56:48.366+00:00,1787032608.3666847,192420.4091183,25.18166880001081,sent,3,667,0,0,0.0,0.0,192420.4086017,192420.4086057,,,,,0,1,
2026-08-18T05:56:48.366+00:00,1787032608.3666847,192420.4092749,25.181825400009984,send_error,10,668,0,0,0.0,0.0,192420.409269,,,,,,,0,robot_not_discovered
2026-08-18T05:56:48.562+00:00,1787032608.562892,192420.6049536,25.377504100004444,send_error,1,669,0,0,0.0,0.0,192420.6049111,,,,,,,0,robot_not_discovered
2026-08-18T05:56:48.571+00:00,1787032608.5718994,192420.6140607,25.38661119999597,sent,2,670,-1,18,0.0,0.0,192420.6132933,192420.6135791,,,,,0,1,
2026-08-18T05:56:48.571+00:00,1787032608.5718994,192420.6144469,25.3869973999972,sent,3,671,0,0,0.0,0.0,192420.6141761,192420.6141807,,,,,0,1,
2026-08-18T05:56:48.571+00:00,1787032608.5718994,192420.614505,25.387055500003044,send_error,10,672,0,0,0.0,0.0,192420.6145001,,,,,,,0,robot_not_discovered
2026-08-18T05:56:48.771+00:00,1787032608.7714434,192420.8143355,25.586886000004597,send_error,1,673,0,0,0.0,0.0,192420.814311,,,,,,,0,robot_not_discovered
2026-08-18T05:56:48.787+00:00,1787032608.7877324,192420.8298763,25.60242680000374,sent,2,674,-18,18,0.0,0.0,192420.8292742,192420.82947,,,,,0,1,
2026-08-18T05:56:48.787+00:00,1787032608.7877324,192420.8301601,25.60271060001105,sent,3,675,0,0,0.0,0.0,192420.8299754,192420.8299778,,,,,0,1,
2026-08-18T05:56:48.787+00:00,1787032608.7877324,192420.8302025,25.60275299998466,send_error,10,676,0,0,0.0,0.0,192420.8301988,,,,,,,0,robot_not_discovered
2026-08-18T05:56:49.081+00:00,1787032609.0816877,192421.1239193,25.896469800005434,send_error,1,677,0,0,0.0,0.0,192421.1238494,,,,,,,0,robot_not_discovered
2026-08-18T05:56:49.098+00:00,1787032609.0984917,192421.1404719,25.913022399996407,sent,2,678,-18,18,0.0,0.0,192421.1381751,192421.1394294,,,,,0,1,
2026-08-18T05:56:49.098+00:00,1787032609.0984917,192421.1409964,25.913546900002984,sent,3,679,0,0,0.0,0.0,192421.140654,192421.1406597,,,,,0,1,
2026-08-18T05:56:49.098+00:00,1787032609.0984917,192421.1410641,25.913614599994617,send_error,10,680,0,0,0.0,0.0,192421.141061,,,,,,,0,robot_not_discovered
2026-08-18T05:56:49.291+00:00,1787032609.291774,192421.3337597,26.106310200004373,send_error,1,681,0,0,0.0,0.0,192421.3336939,,,,,,,0,robot_not_discovered
2026-08-18T05:56:49.309+00:00,1787032609.3095708,192421.3524309,26.12498140000389,sent,2,682,-38,38,0.0,0.0,192421.3514193,192421.3515789,,,,,0,1,
2026-08-18T05:56:49.310+00:00,1787032609.3105688,192421.3528843,26.125434799992945,sent,3,683,0,0,0.0,0.0,192421.3525564,192421.3525647,,,,,0,1,
2026-08-18T05:56:49.310+00:00,1787032609.3105688,192421.3529521,26.12550259998534,send_error,10,684,0,0,0.0,0.0,192421.3529492,,,,,,,0,robot_not_discovered
2026-08-18T05:56:49.494+00:00,1787032609.4940934,192421.5369002,26.309450700005982,send_error,1,685,0,0,0.0,0.0,192421.5368669,,,,,,,0,robot_not_discovered
2026-08-18T05:56:49.505+00:00,1787032609.5059245,192421.548717,26.321267499995884,sent,2,686,-38,38,0.0,0.0,192421.5474354,192421.5478015,,,,,0,1,
2026-08-18T05:56:49.506+00:00,1787032609.506927,192421.5491198,26.3216703000071,sent,3,687,0,0,0.0,0.0,192421.5488411,192421.5488506,,,,,0,1,
2026-08-18T05:56:49.506+00:00,1787032609.506927,192421.5491659,26.32171640000888,send_error,10,688,0,0,0.0,0.0,192421.549163,,,,,,,0,robot_not_discovered
2026-08-18T05:56:49.693+00:00,1787032609.693454,192421.7357274,26.508277899993118,send_error,1,689,0,0,0.0,0.0,192421.7356979,,,,,,,0,robot_not_discovered
2026-08-18T05:56:49.712+00:00,1787032609.7130575,192421.7549913,26.52754179999465,sent,2,690,-18,18,0.0,0.0,192421.7539778,192421.754287,,,,,0,1,
2026-08-18T05:56:49.713+00:00,1787032609.7130575,192421.755658,26.528208500007167,sent,3,691,0,0,0.0,0.0,192421.7552181,192421.7552253,,,,,0,1,
2026-08-18T05:56:49.713+00:00,1787032609.7130575,192421.755724,26.528274499985855,send_error,10,692,0,0,0.0,0.0,192421.7557195,,,,,,,0,robot_not_discovered
2026-08-18T05:56:49.883+00:00,1787032609.8836043,192421.9256668,26.69821729999967,send_error,1,693,0,0,0.0,0.0,192421.9256247,,,,,,,0,robot_not_discovered
2026-08-18T05:56:49.893+00:00,1787032609.893116,192421.9359002,26.70845070001087,sent,2,694,-18,18,0.0,0.0,192421.9347618,192421.935205,,,,,0,1,
2026-08-18T05:56:49.894+00:00,1787032609.8941126,192421.9364572,26.709007700002985,sent,3,695,0,0,0.0,0.0,192421.9360508,192421.9360576,,,,,0,1,
2026-08-18T05:56:49.894+00:00,1787032609.8941126,192421.9365372,26.709087700000964,send_error,10,696,0,0,0.0,0.0,192421.936533,,,,,,,0,robot_not_discovered
2026-08-18T05:56:50.065+00:00,1787032610.0656726,192422.108429,26.880979500012472,send_error,1,697,0,0,0.0,0.0,192422.1083916,,,,,,,0,robot_not_discovered
2026-08-18T05:56:50.084+00:00,1787032610.0842779,192422.1265242,26.899074699991615,sent,2,698,0,18,0.0,0.0,192422.1256194,192422.1260798,,,,,0,1,
2026-08-18T05:56:50.084+00:00,1787032610.0842779,192422.1268712,26.899421699985396,sent,3,699,0,0,0.0,0.0,192422.1266194,192422.1266236,,,,,0,1,
2026-08-18T05:56:50.084+00:00,1787032610.0842779,192422.1269131,26.8994635999843,send_error,10,700,0,0,0.0,0.0,192422.1269097,,,,,,,0,robot_not_discovered
2026-08-18T05:56:50.245+00:00,1787032610.2450054,192422.2873875,27.059937999991234,send_error,1,701,0,0,0.0,0.0,192422.287375,,,,,,,0,robot_not_discovered
2026-08-18T05:56:50.252+00:00,1787032610.2525015,192422.2946405,27.06719100000919,sent,2,702,18,18,0.0,0.0,192422.2943498,192422.2944732,,,,,0,1,
2026-08-18T05:56:50.252+00:00,1787032610.2525015,192422.2947829,27.067333399987547,sent,3,703,0,0,0.0,0.0,192422.2946808,192422.2946833,,,,,0,1,
2026-08-18T05:56:50.252+00:00,1787032610.2525015,192422.2948119,27.06736240000464,send_error,10,704,0,0,0.0,0.0,192422.2948093,,,,,,,0,robot_not_discovered
2026-08-18T05:56:50.411+00:00,1787032610.4114707,192422.4536799,27.22623040000326,send_error,1,705,0,0,0.0,0.0,192422.4536543,,,,,,,0,robot_not_discovered
2026-08-18T05:56:50.423+00:00,1787032610.4230056,192422.4650332,27.237583699985407,sent,2,706,21,18,0.0,0.0,192422.4640555,192422.4643274,,,,,0,1,
2026-08-18T05:56:50.423+00:00,1787032610.4230056,192422.4655424,27.238092899991898,sent,3,707,0,0,0.0,0.0,192422.4652288,192422.4652353,,,,,0,1,
2026-08-18T05:56:50.423+00:00,1787032610.4230056,192422.46558,27.238130499987165,send_error,10,708,0,0,0.0,0.0,192422.4655771,,,,,,,0,robot_not_discovered
2026-08-18T05:56:50.572+00:00,1787032610.5723543,192422.6151265,27.387676999991527,send_error,1,709,0,0,0.0,0.0,192422.6151135,,,,,,,0,robot_not_discovered
2026-08-18T05:56:50.578+00:00,1787032610.5789518,192422.6216548,27.39420529999188,sent,2,710,19,18,0.0,0.0,192422.6214102,192422.6215071,,,,,0,1,
2026-08-18T05:56:50.578+00:00,1787032610.5789518,192422.6218676,27.394418100011535,sent,3,711,0,0,0.0,0.0,192422.6217067,192422.6217085,,,,,0,1,
2026-08-18T05:56:50.579+00:00,1787032610.5799584,192422.6219486,27.394499099988025,send_error,10,712,0,0,0.0,0.0,192422.6219451,,,,,,,0,robot_not_discovered
2026-08-18T05:56:50.736+00:00,1787032610.7363007,192422.7788766,27.551427099999273,send_error,1,713,0,0,0.0,0.0,192422.7788651,,,,,,,0,robot_not_discovered
2026-08-18T05:56:50.743+00:00,1787032610.7437985,192422.7860063,27.558556800009683,sent,2,714,18,19,0.0,0.0,192422.7856336,192422.7857664,,,,,0,1,
2026-08-18T05:56:50.743+00:00,1787032610.7437985,192422.7861659,27.558716400002595,sent,3,715,0,0,0.0,0.0,192422.7860685,192422.786071,,,,,0,1,
2026-08-18T05:56:50.743+00:00,1787032610.7437985,192422.7862017,27.558752199984156,send_error,10,716,0,0,0.0,0.0,192422.786189,,,,,,,0,robot_not_discovered
2026-08-18T05:56:50.893+00:00,1787032610.8935037,192422.9363498,27.708900300000096,send_error,1,717,0,0,0.0,0.0,192422.9362956,,,,,,,0,robot_not_discovered
2026-08-18T05:56:50.903+00:00,1787032610.9031339,192422.9457986,27.718349100003252,sent,2,718,18,19,0.0,0.0,192422.9455588,192422.945604,,,,,0,1,
2026-08-18T05:56:50.903+00:00,1787032610.9031339,192422.9459967,27.718547199998284,sent,3,719,0,0,0.0,0.0,192422.9458379,192422.9458509,,,,,0,1,
2026-08-18T05:56:50.903+00:00,1787032610.9031339,192422.946038,27.71858849999262,send_error,10,720,0,0,0.0,0.0,192422.9460352,,,,,,,0,robot_not_discovered
2026-08-18T05:56:51.057+00:00,1787032611.0570023,192423.0993912,27.87194169999566,send_error,1,721,0,0,0.0,0.0,192423.0993696,,,,,,,0,robot_not_discovered
2026-08-18T05:56:51.065+00:00,1787032611.0655098,192423.107661,27.880211499985307,sent,2,722,18,18,0.0,0.0,192423.1073904,192423.1074996,,,,,0,1,
2026-08-18T05:56:51.065+00:00,1787032611.0655098,192423.1078042,27.88035469999886,sent,3,723,0,0,0.0,0.0,192423.1076972,192423.107699,,,,,0,1,
2026-08-18T05:56:51.065+00:00,1787032611.0655098,192423.1078418,27.880392299994128,send_error,10,724,0,0,0.0,0.0,192423.1078387,,,,,,,0,robot_not_discovered
2026-08-18T05:56:51.229+00:00,1787032611.2295234,192423.2718296,28.044380100007402,send_error,1,725,0,0,0.0,0.0,192423.2717952,,,,,,,0,robot_not_discovered
2026-08-18T05:56:51.237+00:00,1787032611.2375226,192423.2801822,28.052732699987246,sent,2,726,18,19,0.0,0.0,192423.2794312,192423.279663,,,,,0,1,
2026-08-18T05:56:51.238+00:00,1787032611.2385223,192423.2805733,28.053123799996683,sent,3,727,0,0,0.0,0.0,192423.2802717,192423.2802764,,,,,0,1,
2026-08-18T05:56:51.238+00:00,1787032611.2385223,192423.2806271,28.05317759999889,send_error,10,728,0,0,0.0,0.0,192423.2806238,,,,,,,0,robot_not_discovered
2026-08-18T05:56:51.396+00:00,1787032611.3968205,192423.4395578,28.212108300009277,send_error,1,729,0,0,0.0,0.0,192423.4395469,,,,,,,0,robot_not_discovered
2026-08-18T05:56:51.405+00:00,1787032611.405821,192423.4478155,28.2203659999941,sent,2,730,18,19,0.0,0.0,192423.4475737,192423.4476779,,,,,0,1,
2026-08-18T05:56:51.405+00:00,1787032611.405821,192423.4478911,28.22044159998768,sent,3,731,0,0,0.0,0.0,192423.4478486,192423.4478503,,,,,0,1,
2026-08-18T05:56:51.405+00:00,1787032611.405821,192423.447913,28.22046350000892,send_error,10,732,0,0,0.0,0.0,192423.4479109,,,,,,,0,robot_not_discovered
2026-08-18T05:56:51.570+00:00,1787032611.5702,192423.6127549,28.385305400006473,send_error,1,733,0,0,0.0,0.0,192423.6126918,,,,,,,0,robot_not_discovered
2026-08-18T05:56:51.579+00:00,1787032611.5791981,192423.6220748,28.394625299988547,sent,2,734,18,19,0.0,0.0,192423.6216219,192423.6217363,,,,,0,1,
2026-08-18T05:56:51.580+00:00,1787032611.5801973,192423.6224358,28.39498630000162,sent,3,735,0,0,0.0,0.0,192423.6221759,192423.6221799,,,,,0,1,
2026-08-18T05:56:51.580+00:00,1787032611.5801973,192423.62249,28.39504050000687,send_error,10,736,0,0,0.0,0.0,192423.6224869,,,,,,,0,robot_not_discovered
2026-08-18T05:56:51.747+00:00,1787032611.7471907,192423.7893245,28.561874999984866,send_error,1,737,0,0,0.0,0.0,192423.7892666,,,,,,,0,robot_not_discovered
2026-08-18T05:56:51.760+00:00,1787032611.7604856,192423.8024866,28.5750371000031,sent,2,738,-20,56,0.0,0.0,192423.8020728,192423.8021584,,,,,0,1,
2026-08-18T05:56:51.760+00:00,1787032611.7604856,192423.8027422,28.57529269999941,sent,3,739,0,0,0.0,0.0,192423.8025573,192423.8025612,,,,,0,1,
2026-08-18T05:56:51.760+00:00,1787032611.7604856,192423.8027905,28.57534099998884,send_error,10,740,0,0,0.0,0.0,192423.8027875,,,,,,,0,robot_not_discovered
2026-08-18T05:56:51.924+00:00,1787032611.9240272,192423.9664712,28.73902169999201,send_error,1,741,0,0,0.0,0.0,192423.9664481,,,,,,,0,robot_not_discovered
2026-08-18T05:56:51.931+00:00,1787032611.9311974,192423.9739985,28.746549000003142,sent,2,742,-20,56,0.0,0.0,192423.9729463,192423.9733037,,,,,0,1,
2026-08-18T05:56:51.932+00:00,1787032611.9321938,192423.9745018,28.74705229999381,sent,3,743,0,0,0.0,0.0,192423.9741596,192423.9741661,,,,,0,1,
2026-08-18T05:56:51.932+00:00,1787032611.9321938,192423.9746102,28.747160700004315,send_error,10,744,0,0,0.0,0.0,192423.9746056,,,,,,,0,robot_not_discovered
2026-08-18T05:56:52.112+00:00,1787032612.1123803,192424.1547716,28.92732210000395,send_error,1,745,0,0,0.0,0.0,192424.1547597,,,,,,,0,robot_not_discovered
2026-08-18T05:56:52.119+00:00,1787032612.1193871,192424.1619117,28.934462200006237,sent,2,746,18,19,0.0,0.0,192424.1616553,192424.1618157,,,,,0,1,
2026-08-18T05:56:52.119+00:00,1787032612.1193871,192424.1620123,28.934562799986452,sent,3,747,0,0,0.0,0.0,192424.1619465,192424.1619483,,,,,0,1,
2026-08-18T05:56:52.119+00:00,1787032612.1193871,192424.1620404,28.934590899996692,send_error,10,748,0,0,0.0,0.0,192424.1620381,,,,,,,0,robot_not_discovered
2026-08-18T05:56:52.288+00:00,1787032612.2892454,192424.3310876,29.103638100001263,send_error,1,749,0,0,0.0,0.0,192424.3310396,,,,,,,0,robot_not_discovered
2026-08-18T05:56:52.296+00:00,1787032612.2962556,192424.3382273,29.110777800000506,sent,2,750,21,18,0.0,0.0,192424.3371833,192424.3373996,,,,,0,1,
2026-08-18T05:56:52.296+00:00,1787032612.2962556,192424.3389418,29.111492299998645,sent,3,751,0,0,0.0,0.0,192424.3383154,192424.3383208,,,,,0,1,
2026-08-18T05:56:52.296+00:00,1787032612.2962556,192424.3390299,29.111580400000094,send_error,10,752,0,0,0.0,0.0,192424.3390243,,,,,,,0,robot_not_discovered
2026-08-18T05:56:52.509+00:00,1787032612.510784,192424.5519365,29.32448700000532,send_error,1,753,0,0,0.0,0.0,192424.5517615,,,,,,,0,robot_not_discovered
2026-08-18T05:56:52.530+00:00,1787032612.5309706,192424.5734128,29.34596330000204,sent,2,754,34,-26,0.0,0.0,192424.5728057,192424.5730138,,,,,0,1,
2026-08-18T05:56:52.531+00:00,1787032612.5319767,192424.5739347,29.34648519998882,sent,3,755,0,0,0.0,0.0,192424.5735543,192424.5735593,,,,,0,1,
2026-08-18T05:56:52.531+00:00,1787032612.5319767,192424.5740076,29.346558099990943,send_error,10,756,0,0,0.0,0.0,192424.5740041,,,,,,,0,robot_not_discovered
2026-08-18T05:56:52.685+00:00,1787032612.6859627,192424.7278942,29.50044470001012,send_error,1,757,0,0,0.0,0.0,192424.72788,,,,,,,0,robot_not_discovered
2026-08-18T05:56:52.685+00:00,1787032612.6859627,192424.7283328,29.500883300002897,sent,2,758,0,0,0.0,0.0,192424.7281554,192424.7281576,,,,,0,1,
2026-08-18T05:56:52.685+00:00,1787032612.6859627,192424.7285852,29.501135700003942,sent,3,759,0,0,0.0,0.0,192424.7284157,192424.7284178,,,,,0,1,
2026-08-18T05:56:52.685+00:00,1787032612.6859627,192424.7286208,29.50117129998398,send_error,10,760,0,0,0.0,0.0,192424.7286178,,,,,,,0,robot_not_discovered
2026-08-18T05:56:52.845+00:00,1787032612.8454442,192424.8876685,29.660219000012148,send_error,1,761,0,0,0.0,0.0,192424.8876263,,,,,,,0,robot_not_discovered
2026-08-18T05:56:52.846+00:00,1787032612.8469663,192424.8892504,29.66180090000853,sent,2,762,0,0,0.0,0.0,192424.8878274,192424.8878297,,,,,0,1,
2026-08-18T05:56:52.846+00:00,1787032612.8469663,192424.8897853,29.662335800006986,sent,3,763,0,0,0.0,0.0,192424.8894195,192424.8894269,,,,,0,1,
2026-08-18T05:56:52.846+00:00,1787032612.8469663,192424.8898377,29.66238819999853,send_error,10,764,0,0,0.0,0.0,192424.8898346,,,,,,,0,robot_not_discovered
2026-08-18T05:56:53.013+00:00,1787032613.013755,192425.0561858,29.828736299998127,send_error,1,765,0,0,0.0,0.0,192425.0561703,,,,,,,0,robot_not_discovered
2026-08-18T05:56:53.014+00:00,1787032613.0147548,192425.0566546,29.82920509998803,sent,2,766,0,0,0.0,0.0,192425.056254,192425.0562568,,,,,0,1,
2026-08-18T05:56:53.014+00:00,1787032613.0147548,192425.0567883,29.829338799987454,sent,3,767,0,0,0.0,0.0,192425.0567027,192425.0567052,,,,,0,1,
2026-08-18T05:56:53.014+00:00,1787032613.0147548,192425.0568221,29.829372600011993,send_error,10,768,0,0,0.0,0.0,192425.0568191,,,,,,,0,robot_not_discovered
2026-08-18T05:56:53.183+00:00,1787032613.183235,192425.2256485,29.9981989999942,send_error,1,769,0,0,0.0,0.0,192425.2256183,,,,,,,0,robot_not_discovered
2026-08-18T05:56:53.184+00:00,1787032613.18424,192425.2265222,29.99907270001131,sent,2,770,0,0,0.0,0.0,192425.2258562,192425.2258599,,,,,0,1,
2026-08-18T05:56:53.184+00:00,1787032613.18424,192425.2268017,29.99935219998588,sent,3,771,0,0,0.0,0.0,192425.2265818,192425.226584,,,,,0,1,
2026-08-18T05:56:53.184+00:00,1787032613.18424,192425.2268631,29.999413599987747,send_error,10,772,0,0,0.0,0.0,192425.2268602,,,,,,,0,robot_not_discovered
2026-08-18T05:56:53.349+00:00,1787032613.349688,192425.3921156,30.164666099997703,send_error,1,773,0,0,0.0,0.0,192425.3921043,,,,,,,0,robot_not_discovered
2026-08-18T05:56:53.350+00:00,1787032613.3506994,192425.3926959,30.16524639999261,sent,2,774,0,0,0.0,0.0,192425.3921606,192425.3921625,,,,,0,1,
2026-08-18T05:56:53.350+00:00,1787032613.3506994,192425.392942,30.165492500003893,sent,3,775,0,0,0.0,0.0,192425.3927547,192425.3927565,,,,,0,1,
2026-08-18T05:56:53.350+00:00,1787032613.3506994,192425.3930019,30.16555239999434,send_error,10,776,0,0,0.0,0.0,192425.3929986,,,,,,,0,robot_not_discovered
2026-08-18T05:56:53.503+00:00,1787032613.5035279,192425.545474,30.318024500011234,send_error,1,777,0,0,0.0,0.0,192425.5453892,,,,,,,0,robot_not_discovered
2026-08-18T05:56:53.504+00:00,1787032613.5045364,192425.5470925,30.319642999995267,sent,2,778,0,0,0.0,0.0,192425.5456436,192425.5456458,,,,,0,1,
2026-08-18T05:56:53.505+00:00,1787032613.5055263,192425.5477987,30.320349199988414,sent,3,779,0,0,0.0,0.0,192425.5472843,192425.5472916,,,,,0,1,
2026-08-18T05:56:53.505+00:00,1787032613.5055263,192425.5478539,30.32040440000128,send_error,10,780,0,0,0.0,0.0,192425.5478509,,,,,,,0,robot_not_discovered
2026-08-18T05:56:53.668+00:00,1787032613.6684506,192425.7115945,30.484144999994896,send_error,1,781,0,0,0.0,0.0,192425.7115724,,,,,,,0,robot_not_discovered
2026-08-18T05:56:53.669+00:00,1787032613.6699598,192425.7123794,30.484929900005227,sent,2,782,0,0,0.0,0.0,192425.7116871,192425.7116895,,,,,0,1,
2026-08-18T05:56:53.669+00:00,1787032613.6699598,192425.7127558,30.485306299990043,sent,3,783,0,0,0.0,0.0,192425.7124791,192425.7124811,,,,,0,1,
2026-08-18T05:56:53.669+00:00,1787032613.6699598,192425.7127911,30.4853415999969,send_error,10,784,0,0,0.0,0.0,192425.7127885,,,,,,,0,robot_not_discovered
2026-08-18T05:56:53.833+00:00,1787032613.833577,192425.8774904,30.65004089998547,send_error,1,785,0,0,0.0,0.0,192425.8774787,,,,,,,0,robot_not_discovered
2026-08-18T05:56:53.833+00:00,1787032613.833577,192425.8779065,30.650457000010647,sent,2,786,0,0,0.0,0.0,192425.8775414,192425.8775431,,,,,0,1,
2026-08-18T05:56:53.833+00:00,1787032613.833577,192425.8781445,30.650694999989355,sent,3,787,0,0,0.0,0.0,192425.8779689,192425.877971,,,,,0,1,
2026-08-18T05:56:53.833+00:00,1787032613.833577,192425.8781755,30.650725999992574,send_error,10,788,0,0,0.0,0.0,192425.8781724,,,,,,,0,robot_not_discovered
2026-08-18T05:56:54.005+00:00,1787032614.0052977,192426.0475588,30.820109299995238,send_error,1,789,0,0,0.0,0.0,192426.0475433,,,,,,,0,robot_not_discovered
2026-08-18T05:56:54.005+00:00,1787032614.0052977,192426.0479426,30.820493100007297,send_error,1,791,0,0,0.0,0.0,192426.047935,,,,,,,0,robot_not_discovered
2026-08-18T05:56:54.005+00:00,1787032614.0052977,192426.0479766,30.820527100004256,sent,2,790,0,0,0.0,0.0,192426.0476201,192426.0476227,,,,,0,1,
2026-08-18T05:56:54.006+00:00,1787032614.0062969,192426.0481938,30.820744299999205,sent,3,793,0,0,0.0,0.0,192426.0480082,192426.04801,,,,,0,1,
2026-08-18T05:56:54.006+00:00,1787032614.0062969,192426.0482248,30.820775300002424,send_error,10,794,0,0,0.0,0.0,192426.0482224,,,,,,,0,robot_not_discovered
2026-08-18T05:56:54.006+00:00,1787032614.0062969,192426.0482423,30.82079279999016,sent,2,792,0,0,0.0,0.0,192426.0479524,192426.0479543,,,,,0,1,
2026-08-18T05:56:54.006+00:00,1787032614.0062969,192426.0483992,30.820949699991615,sent,3,795,0,0,0.0,0.0,192426.048249,192426.0482502,,,,,0,1,
2026-08-18T05:56:54.006+00:00,1787032614.0062969,192426.0484246,30.8209751000104,send_error,10,796,0,0,0.0,0.0,192426.0484215,,,,,,,0,robot_not_discovered
