wall_time_iso,t_wall,t_perf,session_elapsed_s,frame_seq,frame_received_perf,frame_wait_ms,processing_ms,robot_id,detected,accepted,workspace_markers_seen,homography_valid,homography_age_ms,calibration_enabled,homography_mode,parallax_enabled,alignment_enabled,pose_filter_enabled,pixel_x,pixel_y,floor_x,floor_y,corrected_x,corrected_y,aligned_x,aligned_y,raw_yaw,x,y,yaw,pose_age_ms,cam_x,cam_y,cam_z
2026-08-18T02:32:32.294+00:00,1787020352.2943676,180164.6831888,0.23986770000192337,603,180164.585902,20.963899994967505,76.30060001974925,1,0,0,4,1,0.0,1,estabilizada,1,1,1,,,,,,,,,,,,,nan,0.541711352517093,-0.2511386798131674,1.5818066088281273
2026-08-18T02:32:32.294+00:00,1787020352.2943676,180164.6832297,0.239908599993214,603,180164.585902,20.963899994967505,76.30060001974925,2,1,1,4,1,0.0,1,estabilizada,1,1,1,739.0,178.0,0.6377477049827576,1.0926238298416138,0.6322835277099662,1.0161678173341637,0.6194222777099663,1.0047233173341636,0.9012887062966911,0.615434768133651,1.0009499297359177,0.8921468409314754,0.0,0.541711352517093,-0.2511386798131674,1.5818066088281273
2026-08-18T02:32:32.294+00:00,1787020352.2943676,180164.6832432,0.23992210000869818,603,180164.585902,20.963899994967505,76.30060001974925,3,1,1,4,1,0.0,1,estabilizada,1,1,1,993.5,389.5,1.035189151763916,0.6555522680282593,1.00711176121292,0.60396430218572,0.9942505112129199,0.59251980218572,2.30270241324585,0.9989363465408735,0.5883306344230356,2.2863825502743462,0.0,0.541711352517093,-0.2511386798131674,1.5818066088281273
2026-08-18T02:32:32.294+00:00,1787020352.2943676,180164.683258,0.23993690000497736,603,180164.585902,20.963899994967505,76.30060001974925,10,0,0,4,1,0.0,1,estabilizada,1,1,1,,,,,,,,,,,,,nan,0.541711352517093,-0.2511386798131674,1.5818066088281273
2026-08-18T02:32:32.431+00:00,1787020352.4315596,180164.8212011,0.37788000001455657,607,180164.7207516,20.533300004899502,79.89190000807866,1,0,0,4,1,0.0,1,estabilizada,1,1,1,,,,,,,,,,,,,nan,0.5417192005587325,-0.25112727370744575,1.5818198742765563
2026-08-18T02:32:32.431+00:00,1787020352.4315596,180164.8212419,0.37792080000508577,607,180164.7207516,20.533300004899502,79.89190000807866,2,1,1,4,1,0.0,1,estabilizada,1,1,1,739.0,178.0,0.6377471089363098,1.0926237106323242,0.63228345792615,1.016168995049812,0.61942220792615,1.004724495049812,0.9012891835415696,0.615434768133651,1.0009499297359177,0.8921468409314754,0.0,0.5417192005587325,-0.25112727370744575,1.5818198742765563
2026-08-18T02:32:32.431+00:00,1787020352.4315596,180164.8212529,0.3779318000015337,607,180164.7207516,20.533300004899502,79.89190000807866,3,1,1,4,1,0.0,1,estabilizada,1,1,1,993.5,389.5,1.035190224647522,0.6555514335632324,1.0071134550416887,0.603964596792907,0.9942522050416887,0.5925200967929071,2.302703212119982,0.9989363465408735,0.5883306344230356,2.2863825502743462,0.0,0.5417192005587325,-0.25112727370744575,1.5818198742765563
2026-08-18T02:32:32.431+00:00,1787020352.4315596,180164.8212633,0.37794219999341294,607,180164.7207516,20.533300004899502,79.89190000807866,10,0,0,4,1,0.0,1,estabilizada,1,1,1,,,,,,,,,,,,,nan,0.5417192005587325,-0.25112727370744575,1.5818198742765563
2026-08-18T02:32:32.567+00:00,1787020352.567968,180164.9568728,0.513551699987147,611,180164.8535408,26.583500002743676,76.72650000313297,1,0,0,4,1,0.0,1,estabilizada,1,1,1,,,,,,,,,,,,,nan,0.5417289901867005,-0.25111547523219857,1.5818329212935869
2026-08-18T02:32:32.567+00:00,1787020352.567968,180164.9569161,0.5135949999967124,611,180164.8535408,26.583500002743676,76.72650000313297,2,1,1,4,1,0.0,1,estabilizada,1,1,1,739.25,178.25,0.6381681561470032,1.0920610427856445,0.632681151280946,1.0156396426527223,0.619819901280946,1.0041951426527223,0.9484247015812574,0.615434768133651,1.0009499297359177,0.8921468409314754,0.0,0.5417289901867005,-0.25111547523219857,1.5818329212935869
2026-08-18T02:32:32.567+00:00,1787020352.567968,180164.956928,0.5136069000000134,611,180164.8535408,26.583500002743676,76.72650000313297,3,1,1,4,1,0.0,1,estabilizada,1,1,1,993.5,389.5,1.0351910591125488,0.655550479888916,1.007115030598104,0.6039647941553242,0.994253780598104,0.5925202941553243,2.302706326410463,0.9989363465408735,0.5883306344230356,2.2863825502743462,0.0,0.5417289901867005,-0.25111547523219857,1.5818329212935869
2026-08-18T02:32:32.567+00:00,1787020352.567968,180164.9569407,0.513619600009406,611,180164.8535408,26.583500002743676,76.72650000313297,10,0,0,4,1,0.0,1,estabilizada,1,1,1,,,,,,,,,,,,,nan,0.5417289901867005,-0.25111547523219857,1.5818329212935869
2026-08-18T02:32:32.710+00:00,1787020352.7100167,180165.0992085,0.6558874000038486,615,180164.9892258,29.55629999632947,80.40340000297874,1,0,0,4,1,0.0,1,estabilizada,1,1,1,,,,,,,,,,,,,nan,0.5417381837774808,-0.25110456614250637,1.5818455976169108
2026-08-18T02:32:32.710+00:00,1787020352.7100167,180165.0992479,0.6559268000128213,615,180164.9892258,29.55629999632947,80.40340000297874,2,1,1,4,1,0.0,1,estabilizada,1,1,1,740.0,178.0,0.6395217776298523,1.0926082134246826,0.6339583247492604,1.016156914800318,0.6210970747492603,1.004712414800318,0.8769963444483856,0.615434768133651,1.0009499297359177,0.8921468409314754,0.0,0.5417381837774808,-0.25110456614250637,1.5818455976169108
2026-08-18T02:32:32.710+00:00,1787020352.7100167,180165.0992594,0.6559383000130765,615,180164.9892258,29.55629999632947,80.40340000297874,3,1,1,4,1,0.0,1,estabilizada,1,1,1,987.5,388.0,1.0256952047348022,0.658534824848175,0.9981601962916411,0.6067803771874825,0.985298946291641,0.5953358771874825,2.532351910586447,0.9956571951339529,0.589845918358885,2.346529350159582,0.0,0.5417381837774808,-0.25110456614250637,1.5818455976169108
2026-08-18T02:32:32.710+00:00,1787020352.7100167,180165.0992688,0.6559476999973413,615,180164.9892258,29.55629999632947,80.40340000297874,10,0,0,4,1,0.0,1,estabilizada,1,1,1,,,,,,,,,,,,,nan,0.5417381837774808,-0.25110456614250637,1.5818455976169108
2026-08-18T02:32:32.855+00:00,1787020352.8552256,180165.244399,0.8010778999887407,620,180165.153828,12.240499985637143,78.30759999342263,1,0,0,4,1,0.0,1,estabilizada,1,1,1,,,,,,,,,,,,,nan,0.5417448607366615,-0.25109559854040003,1.5818559932144958
2026-08-18T02:32:32.855+00:00,1787020352.8552256,180165.2444413,0.8011201999906916,620,180165.153828,12.240499985637143,78.30759999342263,2,1,1,4,1,0.0,1,estabilizada,1,1,1,741.5,179.0,0.6420959830284119,1.090349793434143,0.6363864866867731,1.0140280006820905,0.6235252366867732,1.0025835006820905,0.5804599641877756,0.615434768133651,1.0009499297359177,0.8504126829915386,0.0,0.5417448607366615,-0.25109559854040003,1.5818559932144958
2026-08-18T02:32:32.855+00:00,1787020352.8552256,180165.2444537,0.8011325999977998,620,180165.153828,12.240499985637143,78.30759999342263,3,1,1,4,1,0.0,1,estabilizada,1,1,1,974.5,386.75,1.0046027898788452,0.6612927317619324,0.978268399263335,0.6093822227905412,0.9654071492633349,0.5979377227905412,2.9011431474669758,0.9933051252200318,0.5911238166743289,2.442519718459973,0.0,0.5417448607366615,-0.25109559854040003,1.5818559932144958
2026-08-18T02:32:32.855+00:00,1787020352.8552256,180165.2444635,0.8011424000142142,620,180165.153828,12.240499985637143,78.30759999342263,10,0,0,4,1,0.0,1,estabilizada,1,1,1,,,,,,,,,,,,,nan,0.5417448607366615,-0.25109559854040003,1.5818559932144958
2026-08-18T02:32:32.992+00:00,1787020352.992596,180165.3819605,0.9386394000030123,624,180165.2904979,12.536800000816584,78.90340001904406,1,0,0,4,1,0.0,1,estabilizada,1,1,1,,,,,,,,,,,,,nan,0.541752045875242,-0.2510842472772432,1.5818665064180113
2026-08-18T02:32:32.992+00:00,1787020352.992596,180165.3820026,0.9386815000034403,624,180165.2904979,12.536800000816584,78.90340001904406,2,1,1,4,1,0.0,1,estabilizada,1,1,1,742.12255859375,179.89881896972656,0.6431193351745605,1.0883324146270752,0.6373520621461954,1.012126553334546,0.6244908121461954,1.000682053334546,0.38289335500123534,0.615434768133651,1.0009499297359177,0.8059013346260244,0.0,0.541752045875242,-0.2510842472772432,1.5818665064180113
2026-08-18T02:32:32.992+00:00,1787020352.992596,180165.3820135,0.9386923999991268,624,180165.2904979,12.536800000816584,78.90340001904406,3,1,1,4,1,0.0,1,estabilizada,1,1,1,968.5,387.75,0.9944888949394226,0.6596378087997437,0.9687305163085718,0.6078224471909244,0.9558692663085717,0.5963779471909244,3.120359000001286,0.983636826611062,0.5932264173254334,2.699027817757891,0.0,0.541752045875242,-0.2510842472772432,1.5818665064180113
2026-08-18T02:32:32.992+00:00,1787020352.992596,180165.3820232,0.9387021000147797,624,180165.2904979,12.536800000816584,78.90340001904406,10,0,0,4,1,0.0,1,estabilizada,1,1,1,,,,,,,,,,,,,nan,0.541752045875242,-0.2510842472772432,1.5818665064180113
2026-08-18T02:32:33.135+00:00,1787020353.1353471,180165.5241145,1.0807934000040404,628,180165.4227363,21.18369998061098,80.15620001242496,1,0,0,4,1,0.0,1,estabilizada,1,1,1,,,,,,,,,,,,,nan,0.5417596516115162,-0.25107553485445805,1.5818755865368337
2026-08-18T02:32:33.135+00:00,1787020353.1353471,180165.5241697,1.080848599987803,628,180165.4227363,21.18369998061098,80.15620001242496,2,1,1,4,1,0.0,1,estabilizada,1,1,1,743.4158325195312,181.33758544921875,0.6452826857566833,1.0851024389266968,0.6393927958359072,1.009081278562513,0.6265315458359073,0.997636778562513,0.18616917386657578,0.6171998943847945,1.0013063317095812,0.6747550512745296,0.0,0.5417596516115162,-0.25107553485445805,1.5818755865368337
2026-08-18T02:32:33.135+00:00,1787020353.1353471,180165.5241838,1.080862700007856,628,180165.4227363,21.18369998061098,80.15620001242496,3,1,1,4,1,0.0,1,estabilizada,1,1,1,961.5,388.5,0.9828053116798401,0.6584822535514832,0.9577122451049582,0.6067334297797291,0.9448509951049582,0.5952889297797291,-3.0910915437052715,0.9700912986582981,0.5945582885130354,2.9499688942705435,0.0,0.5417596516115162,-0.25107553485445805,1.5818755865368337
2026-08-18T02:32:33.135+00:00,1787020353.1353471,180165.524209,1.0808878999960143,628,180165.4227363,21.18369998061098,80.15620001242496,10,0,0,4,1,0.0,1,estabilizada,1,1,1,,,,,,,,,,,,,nan,0.5417596516115162,-0.25107553485445805,1.5818755865368337
2026-08-18T02:32:33.268+00:00,1787020353.2683766,180165.6611755,1.217854399990756,632,180165.5557746,25.3173999954015,80.05799999227747,1,0,0,4,1,0.0,1,estabilizada,1,1,1,,,,,,,,,,,,,nan,0.5417662272669836,-0.25106547042088595,1.5818843335630741
2026-08-18T02:32:33.268+00:00,1787020353.2683766,180165.661222,1.217900899995584,632,180165.5557746,25.3173999954015,80.05799999227747,2,1,1,4,1,0.0,1,estabilizada,1,1,1,744.0,182.0,0.646257221698761,1.0836164951324463,0.6403122930466909,1.0076808692771502,0.6274510430466909,0.9962363692771502,-0.09245459947173575,0.6171998943847945,1.0013063317095812,0.5161956406641156,0.0,0.5417662272669836,-0.25106547042088595,1.5818843335630741
2026-08-18T02:32:33.268+00:00,1787020353.2683766,180165.6612509,1.217929800011916,632,180165.5557746,25.3173999954015,80.05799999227747,3,1,1,4,1,0.0,1,estabilizada,1,1,1,954.25,389.0,0.9707840085029602,0.6577999591827393,0.9463753968921048,0.6060908127370679,0.9335141468921049,0.5946463127370679,-3.0911365887556133,0.962600347508899,0.5947751321030885,3.045739698118936,0.0,0.5417662272669836,-0.25106547042088595,1.5818843335630741
2026-08-18T02:32:33.268+00:00,1787020353.2683766,180165.6612616,1.2179405000060797,632,180165.5557746,25.3173999954015,80.05799999227747,10,0,0,4,1,0.0,1,estabilizada,1,1,1,,,,,,,,,,,,,nan,0.5417662272669836,-0.25106547042088595,1.5818843335630741
2026-08-18T02:32:33.408+00:00,1787020353.4086037,180165.7979678,1.3546466999978293,636,180165.692229,27.906799979973584,77.80980001552962,1,0,0,4,1,0.0,1,estabilizada,1,1,1,,,,,,,,,,,,,nan,0.5417733073072719,-0.2510529291441288,1.5818955280465996
2026-08-18T02:32:33.408+00:00,1787020353.4086037,180165.7980089,1.3546877999906428,636,180165.692229,27.906799979973584,77.80980001552962,2,1,1,4,1,0.0,1,estabilizada,1,1,1,744.0,183.5,0.6461181044578552,1.0802772045135498,0.6401815355902835,1.0045328143785386,0.6273202855902835,0.9930883143785386,-0.2746740945672038,0.6193123557370304,1.000475633173125,0.35444347819281397,0.0,0.5417733073072719,-0.2510529291441288,1.5818955280465996
2026-08-18T02:32:33.408+00:00,1787020353.4086037,180165.7980205,1.3546993999916594,636,180165.692229,27.906799979973584,77.80980001552962,3,1,1,4,1,0.0,1,estabilizada,1,1,1,947.5,389.5,0.9595961570739746,0.6571013927459717,0.9358246400475383,0.605433069825154,0.9229633900475382,0.593988569825154,-3.055861759900938,0.957795120713034,0.5947975397319623,3.0747079284083147,0.0,0.5417733073072719,-0.2510529291441288,1.5818955280465996
2026-08-18T02:32:33.408+00:00,1787020353.4086037,180165.7980329,1.3547117999987677,636,180165.692229,27.906799979973584,77.80980001552962,10,0,0,4,1,0.0,1,estabilizada,1,1,1,,,,,,,,,,,,,nan,0.5417733073072719,-0.2510529291441288,1.5818955280465996
2026-08-18T02:32:33.542+00:00,1787020353.5422118,180165.93163,1.488308900006814,641,180165.8550889,3.2583000138401985,73.25899999705143,1,0,0,4,1,0.0,1,estabilizada,1,1,1,,,,,,,,,,,,,nan,0.5417808584956468,-0.25104146545828404,1.5819057941941062
2026-08-18T02:32:33.542+00:00,1787020353.5422118,180165.93167,1.4883488999912515,641,180165.8550889,3.2583000138401985,73.25899999705143,2,1,1,4,1,0.0,1,estabilizada,1,1,1,743.75,184.75,0.6455593705177307,1.0775022506713867,0.6396550580635585,1.0019168808658578,0.6267938080635584,0.9904723808658579,-0.4825757442057164,0.622192661700471,0.998124153621261,-0.010551907316957848,0.0,0.5417808584956468,-0.25104146545828404,1.5819057941941062
2026-08-18T02:32:33.542+00:00,1787020353.5422118,180165.9316812,1.4883600999892224,641,180165.8550889,3.2583000138401985,73.25899999705143,3,1,1,4,1,0.0,1,estabilizada,1,1,1,938.0,390.25,0.9438599944114685,0.6560342907905579,0.9209843450742972,0.6044276664504622,0.9081230950742971,0.5929831664504622,3.120205416779591,0.9421466880616401,0.5945175430374977,3.1162920039900857,0.0,0.5417808584956468,-0.25104146545828404,1.5819057941941062
2026-08-18T02:32:33.542+00:00,1787020353.5422118,180165.9316913,1.488370200007921,641,180165.8550889,3.2583000138401985,73.25899999705143,10,0,0,4,1,0.0,1,estabilizada,1,1,1,,,,,,,,,,,,,nan,0.5417808584956468,-0.25104146545828404,1.5819057941941062
2026-08-18T02:32:33.685+00:00,1787020353.685003,180166.0760696,1.6327485000074375,644,180165.9531345,37.544499995419756,85.36709999316372,1,0,0,4,1,0.0,1,estabilizada,1,1,1,,,,,,,,,,,,,nan,0.5417882501591109,-0.2510300635009001,1.5819156192199275
2026-08-18T02:32:33.685+00:00,1787020353.685003,180166.0761316,1.6328105000138748,644,180165.9531345,37.544499995419756,85.36709999316372,2,1,1,4,1,0.0,1,estabilizada,1,1,1,742.75,185.5,0.6437190771102905,1.075852632522583,0.6379199217608226,1.0003622326610522,0.6250586717608226,0.9889177326610522,-0.6843732081950049,0.6232108716787719,0.9964308557436397,-0.1874389581867278,0.0,0.5417882501591109,-0.2510300635009001,1.5819156192199275
2026-08-18T02:32:33.685+00:00,1787020353.685003,180166.0761585,1.632837399985874,644,180165.9531345,37.544499995419756,85.36709999316372,3,1,1,4,1,0.0,1,estabilizada,1,1,1,931.25,389.75,0.9329131245613098,0.6571860909461975,0.9106608386185512,0.6055149063980949,0.8977995886185512,0.5940704063980949,3.08264616085243,0.9242388837504889,0.5942393525053875,3.1251178232111125,0.0,0.5417882501591109,-0.2510300635009001,1.5819156192199275
2026-08-18T02:32:33.685+00:00,1787020353.685003,180166.0763651,1.6330439999874216,644,180165.9531345,37.544499995419756,85.36709999316372,10,0,0,4,1,0.0,1,estabilizada,1,1,1,,,,,,,,,,,,,nan,0.5417882501591109,-0.2510300635009001,1.5819156192199275
2026-08-18T02:32:33.837+00:00,1787020353.837032,180166.226151,1.782829900010256,649,180166.1203354,16.140000021550804,89.6299000014551,1,0,0,4,1,0.0,1,estabilizada,1,1,1,,,,,,,,,,,,,nan,0.5417946583171656,-0.2510167766301545,1.581926497099186
2026-08-18T02:32:33.837+00:00,1787020353.837032,180166.2261936,1.7828725000144914,649,180166.1203354,16.140000021550804,89.6299000014551,2,1,1,4,1,0.0,1,estabilizada,1,1,1,740.75,187.0,0.640043318271637,1.0725576877593994,0.6344536910594265,0.9972560210805139,0.6215924410594265,0.985811521080514,-1.0193596688346807,0.6232108716787719,0.9964308557436397,-0.3672871241239567,0.0,0.5417946583171656,-0.2510167766301545,1.581926497099186
2026-08-18T02:32:33.837+00:00,1787020353.837032,180166.2262076,1.782886500004679,649,180166.1203354,16.140000021550804,89.6299000014551,3,1,1,4,1,0.0,1,estabilizada,1,1,1,920.0,386.5,0.9151657223701477,0.6635805368423462,0.8939236508665805,0.6115466665181146,0.8810624008665806,0.6001021665181147,2.9083882012661153,0.9019385733132983,0.5956275804447929,3.073559098967792,0.0,0.5417946583171656,-0.2510167766301545,1.581926497099186
2026-08-18T02:32:33.837+00:00,1787020353.837032,180166.2262204,1.782899300014833,649,180166.1203354,16.140000021550804,89.6299000014551,10,0,0,4,1,0.0,1,estabilizada,1,1,1,,,,,,,,,,,,,nan,0.5417946583171656,-0.2510167766301545,1.581926497099186
2026-08-18T02:32:33.975+00:00,1787020353.9756882,180166.3691727,1.9258516000118107,653,180166.2565413,26.53539998573251,86.0740999924019,1,0,0,4,1,0.0,1,estabilizada,1,1,1,,,,,,,,,,,,,nan,0.54179968426852,-0.25100808856275064,1.581933846109339
2026-08-18T02:32:33.975+00:00,1787020353.9756882,180166.3692179,1.9258968000067398,653,180166.2565413,26.53539998573251,86.0740999924019,2,1,1,4,1,0.0,1,estabilizada,1,1,1,740.25,187.75,0.6390917301177979,1.0709038972854614,0.6335565529370513,0.9956971628073144,0.6206953029370512,0.9842526628073144,-1.0852578875499808,0.6232108716787719,0.9964308557436397,-0.5396057368265088,0.0,0.54179968426852,-0.25100808856275064,1.581933846109339
2026-08-18T02:32:33.975+00:00,1787020353.9756882,180166.3692293,1.9259082000062335,653,180166.2565413,26.53539998573251,86.0740999924019,3,1,1,4,1,0.0,1,estabilizada,1,1,1,912.5,384.75,0.9032323360443115,0.6670765280723572,0.8826695680500467,0.6148444984584913,0.8698083180500467,0.6033999984584913,2.7622245929878275,0.8860036282619812,0.5991332058384841,2.985314657389347,0.0,0.54179968426852,-0.25100808856275064,1.581933846109339
2026-08-18T02:32:33.975+00:00,1787020353.9756882,180166.3692389,1.9259177999920212,653,180166.2565413,26.53539998573251,86.0740999924019,10,0,0,4,1,0.0,1,estabilizada,1,1,1,,,,,,,,,,,,,nan,0.54179968426852,-0.25100808856275064,1.581933846109339
2026-08-18T02:32:34.118+00:00,1787020354.1186311,180166.5076616,2.0643404999864288,658,180166.418775,9.066700004041195,79.79719998547807,1,0,0,4,1,0.0,1,estabilizada,1,1,1,,,,,,,,,,,,,nan,0.5418046310611526,-0.25100234665377213,1.581939563979235
2026-08-18T02:32:34.118+00:00,1787020354.1186311,180166.5077097,2.06438860000344,658,180166.418775,9.066700004041195,79.79719998547807,2,1,1,4,1,0.0,1,estabilizada,1,1,1,740.5,189.0,0.6394220590591431,1.068132758140564,0.633868390183374,0.9930842783283171,0.6210071401833741,0.9816397783283172,-1.1936044642169834,0.6224301612968518,0.9917925423734818,-0.8457889652191849,0.0,0.5418046310611526,-0.25100234665377213,1.581939563979235
2026-08-18T02:32:34.118+00:00,1787020354.1186311,180166.5077223,2.064401200012071,658,180166.418775,9.066700004041195,79.79719998547807,3,1,1,4,1,0.0,1,estabilizada,1,1,1,903.3540649414062,382.4814758300781,0.888691246509552,0.6715942025184631,0.8689561086438391,0.6191056679902305,0.856094858643839,0.6076611679902305,2.8926903083677433,0.881833996067793,0.6002317310066649,2.9578703537553612,0.0,0.5418046310611526,-0.25100234665377213,1.581939563979235
2026-08-18T02:32:34.118+00:00,1787020354.1186311,180166.5077322,2.064411100000143,658,180166.418775,9.066700004041195,79.79719998547807,10,0,0,4,1,0.0,1,estabilizada,1,1,1,,,,,,,,,,,,,nan,0.5418046310611526,-0.25100234665377213,1.581939563979235
2026-08-18T02:32:34.253+00:00,1787020354.2532742,180166.6422332,2.198912099993322,662,180166.5545596,12.174200004665181,75.39650000398979,1,0,0,4,1,0.0,1,estabilizada,1,1,1,,,,,,,,,,,,,nan,0.5418081247273498,-0.25099334408857465,1.5819464657385622
2026-08-18T02:32:34.253+00:00,1787020354.2532742,180166.6423595,2.199038399994606,662,180166.5545596,12.174200004665181,75.39650000398979,2,1,1,4,1,0.0,1,estabilizada,1,1,1,740.0,190.5,0.638404905796051,1.0648249387741089,0.6329093277316414,0.9899654868125957,0.6200480777316415,0.9785209868125957,-1.3179093763517367,0.6215107792206341,0.9859330978705066,-1.1160211154454025,0.0,0.5418081247273498,-0.25099334408857465,1.5819464657385622
2026-08-18T02:32:34.253+00:00,1787020354.2532742,180166.6424038,2.199082700011786,662,180166.5545596,12.174200004665181,75.39650000398979,3,1,1,4,1,0.0,1,estabilizada,1,1,1,895.25,381.75,0.8755522966384888,0.6732224225997925,0.8565649439546044,0.6206419966476923,0.8437036939546043,0.6091974966476923,2.873657124903614,0.872256569830093,0.6030727029886169,2.9229318387748333,0.0,0.5418081247273498,-0.25099334408857465,1.5819464657385622
2026-08-18T02:32:34.253+00:00,1787020354.2532742,180166.6426875,2.1993663999892306,662,180166.5545596,12.174200004665181,75.39650000398979,10,0,0,4,1,0.0,1,estabilizada,1,1,1,,,,,,,,,,,,,nan,0.5418081247273498,-0.25099334408857465,1.5819464657385622
2026-08-18T02:32:34.388+00:00,1787020354.3883953,180166.7771922,2.333871100010583,666,180166.6861692,12.696599995251745,78.29790000687353,1,0,0,4,1,0.0,1,estabilizada,1,1,1,,,,,,,,,,,,,nan,0.5418084074887943,-0.25098801802700915,1.58195073683325
2026-08-18T02:32:34.388+00:00,1787020354.3883953,180166.7772341,2.3339130000094883,666,180166.6861692,12.696599995251745,78.29790000687353,2,1,1,4,1,0.0,1,estabilizada,1,1,1,740.2144165039062,191.75320434570312,0.6386722922325134,1.0620543956756592,0.6331615330009169,0.9873530699758459,0.620300283000917,0.975908569975846,-1.403233670577773,0.6215107792206341,0.9859330978705066,-1.1547008625879434,0.0,0.5418084074887943,-0.25098801802700915,1.58195073683325
2026-08-18T02:32:34.388+00:00,1787020354.3883953,180166.7772465,2.3339253999874927,666,180166.6861692,12.696599995251745,78.29790000687353,3,1,1,4,1,0.0,1,estabilizada,1,1,1,888.5,381.75,0.8644985556602478,0.6734451651573181,0.846140137373742,0.6208525119542625,0.833278887373742,0.6094080119542625,3.047444389854566,0.8507103831808258,0.6069643600420845,2.934504440417535,0.0,0.5418084074887943,-0.25098801802700915,1.58195073683325
2026-08-18T02:32:34.388+00:00,1787020354.3883953,180166.7772562,2.3339351000031456,666,180166.6861692,12.696599995251745,78.29790000687353,10,0,0,4,1,0.0,1,estabilizada,1,1,1,,,,,,,,,,,,,nan,0.5418084074887943,-0.25098801802700915,1.58195073683325
2026-08-18T02:32:34.527+00:00,1787020354.5271103,180166.9159766,2.472655499994289,670,180166.8201939,17.867799993837252,77.89119999506511,1,0,0,4,1,0.0,1,estabilizada,1,1,1,,,,,,,,,,,,,nan,0.541806511728469,-0.25098113930697136,1.5819554620171647
2026-08-18T02:32:34.527+00:00,1787020354.5271103,180166.9160157,2.4726946000009775,670,180166.8201939,17.867799993837252,77.89119999506511,2,1,1,4,1,0.0,1,estabilizada,1,1,1,740.5,195.0,0.6388890147209167,1.0548971891403198,0.6333658344044626,0.980603662943069,0.6205045844044625,0.969159162943069,-1.4177291611771359,0.6215107792206341,0.9859330978705066,-1.1947404645675905,0.0,0.541806511728469,-0.25098113930697136,1.5819554620171647
2026-08-18T02:32:34.527+00:00,1787020354.5271103,180166.9160266,2.472705499996664,670,180166.8201939,17.867799993837252,77.89119999506511,3,1,1,4,1,0.0,1,estabilizada,1,1,1,880.25,381.75,0.8509972095489502,0.6737170815467834,0.8334068516204403,0.6211095070132249,0.8205456016204402,0.6096650070132249,3.0497272172009864,0.8365414374295468,0.6085009515358131,2.9865825676031577,0.0,0.541806511728469,-0.25098113930697136,1.5819554620171647
2026-08-18T02:32:34.527+00:00,1787020354.5271103,180166.9160363,2.472715200012317,670,180166.8201939,17.867799993837252,77.89119999506511,10,0,0,4,1,0.0,1,estabilizada,1,1,1,,,,,,,,,,,,,nan,0.541806511728469,-0.25098113930697136,1.5819554620171647
2026-08-18T02:32:34.670+00:00,1787020354.6709735,180167.0599045,2.6165833999984898,674,180166.9530336,23.9335999940522,82.91399999870919,1,0,0,4,1,0.0,1,estabilizada,1,1,1,,,,,,,,,,,,,nan,0.5418053284328863,-0.25097397709573177,1.581960206119942
2026-08-18T02:32:34.670+00:00,1787020354.6709735,180167.0599476,2.6166265000065323,674,180166.9530336,23.9335999940522,82.91399999870919,2,1,1,4,1,0.0,1,estabilizada,1,1,1,741.0,198.25,0.639482319355011,1.0477519035339355,0.63392533432531,0.9738655132160947,0.6210640843253099,0.9624210132160947,-1.464437451573913,0.6210871287449539,0.9800769659668874,-1.2712390111669836,0.0,0.5418053284328863,-0.25097397709573177,1.581960206119942
2026-08-18T02:32:34.670+00:00,1787020354.6709735,180167.0599602,2.6166390999860596,674,180166.9530336,23.9335999940522,82.91399999870919,3,1,1,4,1,0.0,1,estabilizada,1,1,1,872.0,382.5,0.8373786807060242,0.6725957989692688,0.8205630859763515,0.6200525810524788,0.8077018359763515,0.6086080810524789,3.120609012252407,0.8297499777463203,0.6088452776451185,3.02812335311522,0.0,0.5418053284328863,-0.25097397709573177,1.581960206119942
2026-08-18T02:32:34.670+00:00,1787020354.6709735,180167.0599731,2.616651999996975,674,180166.9530336,23.9335999940522,82.91399999870919,10,0,0,4,1,0.0,1,estabilizada,1,1,1,,,,,,,,,,,,,nan,0.5418053284328863,-0.25097397709573177,1.581960206119942
2026-08-18T02:32:34.845+00:00,1787020354.845882,180167.2348457,2.7915246000047773,678,180167.0881838,29.553900007158518,117.07989999558777,1,0,0,4,1,0.0,1,estabilizada,1,1,1,,,,,,,,,,,,,nan,0.5418078856733538,-0.2509656893566348,1.5819661091086608
2026-08-18T02:32:34.845+00:00,1787020354.845882,180167.2350066,2.7916855000075884,678,180167.0881838,29.553900007158518,117.07989999558777,2,1,1,4,1,0.0,1,estabilizada,1,1,1,742.0,203.0,0.6408189535140991,1.037344217300415,0.6351860919411746,0.9640506802697992,0.6223248419411747,0.9526061802697993,-1.5074367236298394,0.6210810989685873,0.9754571296563388,-1.3105528600364789,0.0,0.5418078856733538,-0.2509656893566348,1.5819661091086608
2026-08-18T02:32:34.845+00:00,1787020354.845882,180167.235047,2.791725899995072,678,180167.0881838,29.553900007158518,117.07989999558777,3,1,1,4,1,0.0,1,estabilizada,1,1,1,865.0,383.0,0.8258607983589172,0.6718986630439758,0.8097006783699341,0.6193957736092248,0.796839428369934,0.6079512736092249,3.1206087417907264,0.8133390162437749,0.6087337755975907,3.0816797582935216,0.0,0.5418078856733538,-0.2509656893566348,1.5819661091086608
2026-08-18T02:32:34.845+00:00,1787020354.845882,180167.2350624,2.7917412999959197,678,180167.0881838,29.553900007158518,117.07989999558777,10,0,0,4,1,0.0,1,estabilizada,1,1,1,,,,,,,,,,,,,nan,0.5418078856733538,-0.2509656893566348,1.5819661091086608
2026-08-18T02:32:35.001+00:00,1787020355.001342,180167.3907109,2.947389800014207,684,180167.2886431,15.04719999502413,86.99589999741875,1,0,0,4,1,0.0,1,estabilizada,1,1,1,,,,,,,,,,,,,nan,0.5418109713475237,-0.250956944852171,1.5819723979268976
2026-08-18T02:32:35.001+00:00,1787020355.001342,180167.3907561,2.9474350000091363,684,180167.2886431,15.04719999502413,86.99589999741875,2,1,1,4,1,0.0,1,estabilizada,1,1,1,744.1682739257812,208.6265411376953,0.6441178321838379,1.0250582695007324,0.6382974920266175,0.9524644812385253,0.6254362420266175,0.9410199812385254,-1.429091272439148,0.6212633958241105,0.9716798852566368,-1.3423552787380781,0.0,0.5418109713475237,-0.250956944852171,1.5819723979268976
2026-08-18T02:32:35.001+00:00,1787020355.001342,180167.3907679,2.947446800011676,684,180167.2886431,15.04719999502413,86.99589999741875,3,1,1,4,1,0.0,1,estabilizada,1,1,1,853.0,382.25,0.8063956499099731,0.6736869215965271,0.7913431615721072,0.6210830025335673,0.7784819115721071,0.6096385025335673,3.0828302009057196,0.7976135902974686,0.6090840507703967,3.0903280343427,0.0,0.5418109713475237,-0.250956944852171,1.5819723979268976
2026-08-18T02:32:35.001+00:00,1787020355.001342,180167.390782,2.947460900002625,684,180167.2886431,15.04719999502413,86.99589999741875,10,0,0,4,1,0.0,1,estabilizada,1,1,1,,,,,,,,,,,,,nan,0.5418109713475237,-0.250956944852171,1.5819723979268976
2026-08-18T02:32:35.138+00:00,1787020355.1386843,180167.5275632,3.0842421000124887,688,180167.4258814,22.850099980132654,78.8042000203859,1,0,0,4,1,0.0,1,estabilizada,1,1,1,,,,,,,,,,,,,nan,0.5418202454641001,-0.2509491443056611,1.581979740769486
2026-08-18T02:32:35.138+00:00,1787020355.1386843,180167.5276104,3.084289299993543,688,180167.4258814,22.850099980132654,78.8042000203859,2,1,1,4,1,0.0,1,estabilizada,1,1,1,744.5,213.0,0.6443042755126953,1.0155785083770752,0.6384738830830886,0.9435248114782755,0.6256126330830887,0.9320803114782755,-1.4718113906855643,0.6215482374131266,0.9665614111772354,-1.3695411739158994,0.0,0.5418202454641001,-0.2509491443056611,1.581979740769486
2026-08-18T02:32:35.138+00:00,1787020355.1386843,180167.5276264,3.0843052999989595,688,180167.4258814,22.850099980132654,78.8042000203859,3,1,1,4,1,0.0,1,estabilizada,1,1,1,844.5,381.5,0.7926456332206726,0.6753594875335693,0.7783759910019226,0.6226611028975055,0.7655147410019225,0.6112166028975056,3.120659035673365,0.7773994480788432,0.6102711927841789,3.0903280343427,0.0,0.5418202454641001,-0.2509491443056611,1.581979740769486
2026-08-18T02:32:35.138+00:00,1787020355.1386843,180167.5276389,3.084317800006829,688,180167.4258814,22.850099980132654,78.8042000203859,10,0,0,4,1,0.0,1,estabilizada,1,1,1,,,,,,,,,,,,,nan,0.5418202454641001,-0.2509491443056611,1.581979740769486
2026-08-18T02:32:35.289+00:00,1787020355.2909863,180167.679625,3.236303899990162,693,180167.5854107,15.878999984124675,78.31209999858402,1,0,0,4,1,0.0,1,estabilizada,1,1,1,,,,,,,,,,,,,nan,0.5418326330295338,-0.2509432168678335,1.5819859793385374
2026-08-18T02:32:35.290+00:00,1787020355.2909863,180167.67967,3.236348900012672,693,180167.5854107,15.878999984124675,78.31209999858402,2,1,1,4,1,0.0,1,estabilizada,1,1,1,745.0,218.25,0.6447045803070068,1.0042493343353271,0.6388521420579373,0.9328407813622351,0.6259908920579373,0.9213962813622352,-1.4713990077835957,0.6235801157646635,0.9507339027304607,-1.4087311739311408,0.0,0.5418326330295338,-0.2509432168678335,1.5819859793385374
2026-08-18T02:32:35.290+00:00,1787020355.2909863,180167.6796815,3.236360400012927,693,180167.5854107,15.878999984124675,78.31209999858402,3,1,1,4,1,0.0,1,estabilizada,1,1,1,833.75,381.25,0.7751584649085999,0.6761775016784668,0.7618844377406118,0.6234331248262424,0.7490231877406117,0.6119886248262424,3.0828405818973086,0.7613969704074393,0.6109922090815179,3.0903280343427,0.0,0.5418326330295338,-0.2509432168678335,1.5819859793385374
2026-08-18T02:32:35.290+00:00,1787020355.2909863,180167.6796915,3.2363704000017606,693,180167.5854107,15.878999984124675,78.31209999858402,10,0,0,4,1,0.0,1,estabilizada,1,1,1,,,,,,,,,,,,,nan,0.5418326330295338,-0.2509432168678335,1.5819859793385374
2026-08-18T02:32:35.433+00:00,1787020355.4338088,180167.8235251,3.3802039999864064,697,180167.7207003,19.724099984159693,83.07580000837334,1,0,0,4,1,0.0,1,estabilizada,1,1,1,,,,,,,,,,,,,nan,0.5418440046844372,-0.25093682249348437,1.5819915486432337
2026-08-18T02:32:35.434+00:00,1787020355.4349139,180167.8235728,3.380251700000372,697,180167.7207003,19.724099984159693,83.07580000837334,2,1,1,4,1,0.0,1,estabilizada,1,1,1,745.75,222.5,0.6456275582313538,0.995112419128418,0.6397232790161878,0.9242242833212767,0.6268620290161877,0.9127797833212767,-1.5082983388360272,0.6253271677766674,0.9291925674752921,-1.44511612033505,0.0,0.5418440046844372,-0.25093682249348437,1.5819915486432337
2026-08-18T02:32:35.434+00:00,1787020355.4349139,180167.8235858,3.3802647000120487,697,180167.7207003,19.724099984159693,83.07580000837334,3,1,1,4,1,0.0,1,estabilizada,1,1,1,826.0,381.75,0.7624666690826416,0.6755048632621765,0.7499153758643766,0.622799302483727,0.7370541258643766,0.611354802483727,3.12065675785794,0.7511726254213569,0.6113047709255239,3.0903280343427,0.0,0.5418440046844372,-0.25093682249348437,1.5819915486432337
2026-08-18T02:32:35.434+00:00,1787020355.4349139,180167.8235962,3.380275100003928,697,180167.7207003,19.724099984159693,83.07580000837334,10,0,0,4,1,0.0,1,estabilizada,1,1,1,,,,,,,,,,,,,nan,0.5418440046844372,-0.25093682249348437,1.5819915486432337
2026-08-18T02:32:35.569+00:00,1787020355.5694141,180167.9584253,3.515104199992493,701,180167.8528808,27.610699995420873,77.91120000183582,1,0,0,4,1,0.0,1,estabilizada,1,1,1,,,,,,,,,,,,,nan,0.5418526498040537,-0.25093022868403037,1.5819968545705294
2026-08-18T02:32:35.569+00:00,1787020355.5694141,180167.9584662,3.5151451000128873,701,180167.8528808,27.610699995420873,77.91120000183582,2,1,1,4,1,0.0,1,estabilizada,1,1,1,746.5,227.25,0.6465019583702087,0.9849454760551453,0.6405484460457416,0.9146363517953996,0.6276871960457415,0.9031918517953996,-1.5415874044699502,0.6265715663880743,0.9172090370419137,-1.463462490595174,0.0,0.5418526498040537,-0.25093022868403037,1.5819968545705294
2026-08-18T02:32:35.569+00:00,1787020355.5694141,180167.958478,3.515156899986323,701,180167.8528808,27.610699995420873,77.91120000183582,3,1,1,4,1,0.0,1,estabilizada,1,1,1,817.5,382.0,0.7486021518707275,0.6753211617469788,0.7368401466984403,0.6226266036649264,0.7239788966984404,0.6111821036649264,3.1206558141847265,0.7396642263937054,0.6112876019969293,3.1187320347195007,0.0,0.5418526498040537,-0.25093022868403037,1.5819968545705294
2026-08-18T02:32:35.569+00:00,1787020355.5694141,180167.958488,3.5151669000042602,701,180167.8528808,27.610699995420873,77.91120000183582,10,0,0,4,1,0.0,1,estabilizada,1,1,1,,,,,,,,,,,,,nan,0.5418526498040537,-0.25093022868403037,1.5819968545705294
2026-08-18T02:32:35.706+00:00,1787020355.706558,180168.0961717,3.6528505999885965,705,180167.9866443,31.37280000373721,78.11999999103136,1,0,0,4,1,0.0,1,estabilizada,1,1,1,,,,,,,,,,,,,nan,0.5418559697221969,-0.2509263054736075,1.5819998811471496
2026-08-18T02:32:35.707+00:00,1787020355.707558,180168.0962197,3.6528986000048462,705,180167.9866443,31.37280000373721,78.11999999103136,2,1,1,4,1,0.0,1,estabilizada,1,1,1,746.5,231.5,0.6461185216903687,0.9759006500244141,0.6401870233451658,0.9061064437727944,0.6273257733451658,0.8946619437727944,-1.5822295793771028,0.6268423726813551,0.9139274230280079,-1.4741984171286637,0.0,0.5418559697221969,-0.2509263054736075,1.5819998811471496
2026-08-18T02:32:35.707+00:00,1787020355.707558,180168.0962346,3.652913500001887,705,180167.9866443,31.37280000373721,78.11999999103136,3,1,1,4,1,0.0,1,estabilizada,1,1,1,810.25,383.0,0.7366894483566284,0.6737068891525269,0.7256053684612597,0.6211044910689003,0.7127441184612597,0.6096599910689003,3.1206044120033662,0.7240204802905486,0.6104854977018157,3.1402497271202137,0.0,0.5418559697221969,-0.2509263054736075,1.5819998811471496
2026-08-18T02:32:35.707+00:00,1787020355.707558,180168.0962675,3.652946399990469,705,180167.9866443,31.37280000373721,78.11999999103136,10,0,0,4,1,0.0,1,estabilizada,1,1,1,,,,,,,,,,,,,nan,0.5418559697221969,-0.2509263054736075,1.5819998811471496
2026-08-18T02:32:35.847+00:00,1787020355.8472626,180168.2364982,3.793177100014873,710,180168.1540799,2.4541000020690262,79.94070000131615,1,0,0,4,1,0.0,1,estabilizada,1,1,1,,,,,,,,,,,,,nan,0.5418591005210576,-0.2509236557675147,1.5820016272071196
2026-08-18T02:32:35.847+00:00,1787020355.8472626,180168.2365387,3.7932176000031177,710,180168.1540799,2.4541000020690262,79.94070000131615,2,1,1,4,1,0.0,1,estabilizada,1,1,1,746.75,237.25,0.6460346579551697,0.9637168049812317,0.6401081152716314,0.8946159648889382,0.6272468652716314,0.8831714648889383,-1.5026457557085109,0.627111060091727,0.9071313174427169,-1.4965637979215385,0.0,0.5418591005210576,-0.2509236557675147,1.5820016272071196
2026-08-18T02:32:35.847+00:00,1787020355.8472626,180168.2365505,3.7932294000056572,710,180168.1540799,2.4541000020690262,79.94070000131615,3,1,1,4,1,0.0,1,estabilizada,1,1,1,800.75,381.75,0.7214085459709167,0.6763352751731873,0.71119398625582,0.623583557128502,0.69833273625582,0.612139057128502,3.1206544780517884,0.7136109485341645,0.610723474134745,3.1402497271202137,0.0,0.5418591005210576,-0.2509236557675147,1.5820016272071196
2026-08-18T02:32:35.847+00:00,1787020355.8472626,180168.2365615,3.793240400002105,710,180168.1540799,2.4541000020690262,79.94070000131615,10,0,0,4,1,0.0,1,estabilizada,1,1,1,,,,,,,,,,,,,nan,0.5418591005210576,-0.2509236557675147,1.5820016272071196
2026-08-18T02:32:35.992+00:00,1787020355.9925082,180168.3819506,3.9386295000149403,714,180168.2855511,18.468499998562038,77.89600000251085,1,0,0,4,1,0.0,1,estabilizada,1,1,1,,,,,,,,,,,,,nan,0.5418604714507915,-0.2509212410103,1.5820025418451051
2026-08-18T02:32:35.992+00:00,1787020355.9925082,180168.3819978,3.9386766999959946,714,180168.2855511,18.468499998562038,77.89600000251085,2,1,1,4,1,0.0,1,estabilizada,1,1,1,747.0,241.25,0.6461078524589539,0.9552783966064453,0.6401772271643876,0.8866577942280859,0.6273159771643877,0.8752132942280859,-1.5076906672509747,0.6271759029211273,0.8954291228185113,-1.5070475692572072,0.0,0.5418604714507915,-0.2509212410103,1.5820025418451051
2026-08-18T02:32:35.992+00:00,1787020355.9925082,180168.3820095,3.9386883999977726,714,180168.2855511,18.468499998562038,77.89600000251085,3,1,1,4,1,0.0,1,estabilizada,1,1,1,792.25,382.25,0.7075523734092712,0.6756883263587952,0.6981261741574857,0.6229735810550648,0.6852649241574857,0.6115290810550649,-3.1260129872859306,0.7010527716615169,0.6114122066250636,3.1402497271202137,0.0,0.5418604714507915,-0.2509212410103,1.5820025418451051
2026-08-18T02:32:35.992+00:00,1787020355.9925082,180168.3820194,3.9386983000149485,714,180168.2855511,18.468499998562038,77.89600000251085,10,0,0,4,1,0.0,1,estabilizada,1,1,1,,,,,,,,,,,,,nan,0.5418604714507915,-0.2509212410103,1.5820025418451051
2026-08-18T02:32:36.129+00:00,1787020356.1292944,180168.5188426,4.075521499995375,718,180168.4226695,18.64610001211986,77.50439998926595,1,0,0,4,1,0.0,1,estabilizada,1,1,1,,,,,,,,,,,,,nan,0.5418579149009675,-0.25091891497271046,1.5820026685964745
2026-08-18T02:32:36.129+00:00,1787020356.1292944,180168.518883,4.075561900011962,718,180168.4226695,18.64610001211986,77.50439998926595,2,1,1,4,1,0.0,1,estabilizada,1,1,1,747.0,245.5,0.6457284092903137,0.9463531374931335,0.6398192255192554,0.8782404301880795,0.6269579755192554,0.8667959301880795,-1.5123017180258362,0.6271267418404065,0.8859425186357928,-1.5070475692572072,0.0,0.5418579149009675,-0.25091891497271046,1.5820026685964745
2026-08-18T02:32:36.129+00:00,1787020356.1292944,180168.5188941,4.075573000009172,718,180168.4226695,18.64610001211986,77.50439998926595,3,1,1,4,1,0.0,1,estabilizada,1,1,1,784.0,382.0,0.6941972970962524,0.6764221787452698,0.6855307223364643,0.6236658211920533,0.6726694723364643,0.6122213211920533,-3.0918546363596127,0.6885019390821889,0.6115493620536843,-3.125139188527842,0.0,0.5418579149009675,-0.25091891497271046,1.5820026685964745
2026-08-18T02:32:36.129+00:00,1787020356.1292944,180168.5189045,4.075583400001051,718,180168.4226695,18.64610001211986,77.50439998926595,10,0,0,4,1,0.0,1,estabilizada,1,1,1,,,,,,,,,,,,,nan,0.5418579149009675,-0.25091891497271046,1.5820026685964745
2026-08-18T02:32:36.267+00:00,1787020356.2674782,180168.6571893,4.213868199993158,722,180168.5524547,27.69859999534674,77.01330000418238,1,0,0,4,1,0.0,1,estabilizada,1,1,1,,,,,,,,,,,,,nan,0.5418564827265814,-0.2509166341434046,1.582002970465311
2026-08-18T02:32:36.267+00:00,1787020356.2674782,180168.6572295,4.213908400008222,722,180168.5524547,27.69859999534674,77.01330000418238,2,1,1,4,1,0.0,1,estabilizada,1,1,1,747.25,249.75,0.6457797288894653,0.9374580979347229,0.6398675452025355,0.8698515713454755,0.6270062952025355,0.8584070713454756,-1.541167559424557,0.6270023478605992,0.868288608741841,-1.515621255591291,0.0,0.5418564827265814,-0.2509166341434046,1.582002970465311
2026-08-18T02:32:36.267+00:00,1787020356.2674782,180168.6572415,4.2139204000122845,722,180168.5524547,27.69859999534674,77.01330000418238,3,1,1,4,1,0.0,1,estabilizada,1,1,1,776.0,382.25,0.6812043190002441,0.6762217879295349,0.6732768337181267,0.6234769704137866,0.6604155837181267,0.6120324704137866,-3.127120570747157,0.6758360207842553,0.6116272941646818,-3.1162943482124748,0.0,0.5418564827265814,-0.2509166341434046,1.582002970465311
2026-08-18T02:32:36.267+00:00,1787020356.2674782,180168.6572512,4.213930099998834,722,180168.5524547,27.69859999534674,77.01330000418238,10,0,0,4,1,0.0,1,estabilizada,1,1,1,,,,,,,,,,,,,nan,0.5418564827265814,-0.2509166341434046,1.582002970465311
2026-08-18T02:32:36.404+00:00,1787020356.4048882,180168.7937282,4.350407099991571,726,180168.6856239,27.15179999358952,80.93039999948815,1,0,0,4,1,0.0,1,estabilizada,1,1,1,,,,,,,,,,,,,nan,0.5418557143916465,-0.25091562836264575,1.5820028844158154
2026-08-18T02:32:36.404+00:00,1787020356.4048882,180168.7937696,4.350448499986669,726,180168.6856239,27.15179999358952,80.93039999948815,2,1,1,4,1,0.0,1,estabilizada,1,1,1,747.75,254.25,0.646237313747406,0.9280732870101929,0.640299054067502,0.8610007150011108,0.6274378040675019,0.8495562150011108,-1.582214791072913,0.6270833168908057,0.8639549831316166,-1.5314415304800761,0.0,0.5418557143916465,-0.25091562836264575,1.5820028844158154
2026-08-18T02:32:36.404+00:00,1787020356.4048882,180168.7937815,4.35046039998997,726,180168.6856239,27.15179999358952,80.93039999948815,3,1,1,4,1,0.0,1,estabilizada,1,1,1,767.5,383.25,0.667344331741333,0.6746511459350586,0.6602052957302562,0.6219957364491562,0.6473440457302562,0.6105512364491562,-3.091937218055438,0.6692466628184717,0.611512103282408,-3.1162943482124748,0.0,0.5418557143916465,-0.25091562836264575,1.5820028844158154
2026-08-18T02:32:36.404+00:00,1787020356.4048882,180168.7937916,4.350470500008669,726,180168.6856239,27.15179999358952,80.93039999948815,10,0,0,4,1,0.0,1,estabilizada,1,1,1,,,,,,,,,,,,,nan,0.5418557143916465,-0.25091562836264575,1.5820028844158154
2026-08-18T02:32:36.537+00:00,1787020356.5378528,180168.9270084,4.483687300002202,730,180168.8230964,27.894699975149706,75.99620000110008,1,0,0,4,1,0.0,1,estabilizada,1,1,1,,,,,,,,,,,,,nan,0.5418567396132612,-0.25091462182143237,1.5820024167096705
2026-08-18T02:32:36.537+00:00,1787020356.5378528,180168.9270573,4.483736199996201,730,180168.8230964,27.894699975149706,75.99620000110008,2,1,1,4,1,0.0,1,estabilizada,1,1,1,747.75,258.75,0.645837664604187,0.9187395572662354,0.6399221975035443,0.8521980178817168,0.6270609475035442,0.8407535178817168,-1.5821466662056378,0.6270635312130015,0.857626663178056,-1.5392911612626832,0.0,0.5418567396132612,-0.25091462182143237,1.5820024167096705
2026-08-18T02:32:36.537+00:00,1787020356.5378528,180168.9270693,4.483748200000264,730,180168.8230964,27.894699975149706,75.99620000110008,3,1,1,4,1,0.0,1,estabilizada,1,1,1,759.25,384.0,0.6539331078529358,0.6735368967056274,0.6475570915870758,0.6209449184705498,0.6346958415870758,0.6095004184705498,-3.091897859216294,0.6520673899224175,0.6107352717538799,-3.1162943482124748,0.0,0.5418567396132612,-0.25091462182143237,1.5820024167096705
2026-08-18T02:32:36.537+00:00,1787020356.5378528,180168.9270791,4.483757999987574,730,180168.8230964,27.894699975149706,75.99620000110008,10,0,0,4,1,0.0,1,estabilizada,1,1,1,,,,,,,,,,,,,nan,0.5418567396132612,-0.25091462182143237,1.5820024167096705
2026-08-18T02:32:36.680+00:00,1787020356.6805356,180169.0691759,4.625854799989611,734,180168.9528083,30.250399984652176,86.08870001626201,1,0,0,4,1,0.0,1,estabilizada,1,1,1,,,,,,,,,,,,,nan,0.541858712348667,-0.25091379933681196,1.5820019769001372
2026-08-18T02:32:36.680+00:00,1787020356.6805356,180169.0692159,4.625894800003152,734,180168.9528083,30.250399984652176,86.08870001626201,2,1,1,4,1,0.0,1,estabilizada,1,1,1,746.75,263.25,0.643733024597168,0.9094688892364502,0.6379374009277647,0.843454785906296,0.6250761509277647,0.832010285906296,-1.6568956336503018,0.6269605422142807,0.8501501873530963,-1.566755107387655,0.0,0.541858712348667,-0.25091379933681196,1.5820019769001372
2026-08-18T02:32:36.680+00:00,1787020356.6805356,180169.0692277,4.625906600005692,734,180168.9528083,30.250399984652176,86.08870001626201,3,1,1,4,1,0.0,1,estabilizada,1,1,1,754.0,383.75,0.6454693078994751,0.6741715669631958,0.6395749071744871,0.6215435145443609,0.6267136571744871,0.6100990145443609,3.120496470553493,0.6441504005333818,0.610386159215489,-3.1162943482124748,0.0,0.541858712348667,-0.25091379933681196,1.5820019769001372
2026-08-18T02:32:36.680+00:00,1787020356.6805356,180169.0692373,4.6259161999914795,734,180168.9528083,30.250399984652176,86.08870001626201,10,0,0,4,1,0.0,1,estabilizada,1,1,1,,,,,,,,,,,,,nan,0.541858712348667,-0.25091379933681196,1.5820019769001372
2026-08-18T02:32:36.823+00:00,1787020356.8235059,180169.2121415,4.76882040000055,739,180169.1225594,12.826899997889996,76.73169998452067,1,0,0,4,1,0.0,1,estabilizada,1,1,1,,,,,,,,,,,,,nan,0.5418590180323631,-0.25091498299395465,1.5820000836080779
2026-08-18T02:32:36.823+00:00,1787020356.8235059,180169.2122026,4.768881500000134,739,180169.1225594,12.826899997889996,76.73169998452067,2,1,1,4,1,0.0,1,estabilizada,1,1,1,744.0,268.75,0.6385732293128967,0.8982290029525757,0.6330711569012467,0.8328541905193737,0.6202099069012468,0.8214096905193737,-1.9356705711548643,0.6261187094092783,0.84197619315681,-1.6319808410567007,0.0,0.5418590180323631,-0.25091498299395465,1.5820000836080779
2026-08-18T02:32:36.823+00:00,1787020356.8235059,180169.2122295,4.768908400001237,739,180169.1225594,12.826899997889996,76.73169998452067,3,1,1,4,1,0.0,1,estabilizada,1,1,1,745.25,385.75,0.6311814188957214,0.6707702279090881,0.6260998666499291,0.6183355473798144,0.6132386166499291,0.6068910473798145,-3.089724448054541,0.6304112190111965,0.6094237550899444,-3.108437837021528,0.0,0.5418590180323631,-0.25091498299395465,1.5820000836080779
2026-08-18T02:32:36.823+00:00,1787020356.8235059,180169.2122404,4.768919299996924,739,180169.1225594,12.826899997889996,76.73169998452067,10,0,0,4,1,0.0,1,estabilizada,1,1,1,,,,,,,,,,,,,nan,0.5418590180323631,-0.25091498299395465,1.5820000836080779
2026-08-18T02:32:36.953+00:00,1787020356.9533648,180169.3423296,4.899008500011405,743,180169.2521623,15.346000000135973,74.799099995289,1,0,0,4,1,0.0,1,estabilizada,1,1,1,,,,,,,,,,,,,nan,0.5418586979953153,-0.2509171473782458,1.5819978727198354
2026-08-18T02:32:36.953+00:00,1787020356.9533648,180169.342371,4.899049900006503,743,180169.2521623,15.346000000135973,74.799099995289,2,1,1,4,1,0.0,1,estabilizada,1,1,1,740.75,271.75,0.6327978372573853,0.8921664357185364,0.6276243015183547,0.8271363087804774,0.6147630515183546,0.8156918087804774,-2.060038459324811,0.6244703427483647,0.8362387975960239,-1.7346674889086864,0.0,0.5418586979953153,-0.2509171473782458,1.5819978727198354
2026-08-18T02:32:36.953+00:00,1787020356.9533648,180169.3423819,4.899060800002189,743,180169.2521623,15.346000000135973,74.799099995289,3,1,1,4,1,0.0,1,estabilizada,1,1,1,739.2369384765625,387.65191650390625,0.6213459372520447,0.6674675941467285,0.6168239011251525,0.6152206043355826,0.6039626511251526,0.6037761043355826,-2.940233747626498,0.6263325473145515,0.6088834199730195,-3.092415548541998,0.0,0.5418586979953153,-0.2509171473782458,1.5819978727198354
2026-08-18T02:32:36.953+00:00,1787020356.9533648,180169.3423916,4.8990704999887384,743,180169.2521623,15.346000000135973,74.799099995289,10,0,0,4,1,0.0,1,estabilizada,1,1,1,,,,,,,,,,,,,nan,0.5418586979953153,-0.2509171473782458,1.5819978727198354
2026-08-18T02:32:37.097+00:00,1787020357.0971024,180169.4858492,5.042528099991614,747,180169.3860225,20.752100012032315,79.04369998141192,1,0,0,4,1,0.0,1,estabilizada,1,1,1,,,,,,,,,,,,,nan,0.5418563966087774,-0.25091817982527337,1.5819957215423883
2026-08-18T02:32:37.097+00:00,1787020357.0971024,180169.4858997,5.042578599997796,747,180169.3860225,20.752100012032315,79.04369998141192,2,1,1,4,1,0.0,1,estabilizada,1,1,1,738.75,271.75,0.6294013857841492,0.8922154307365417,0.6244209367737678,0.8271823693005367,0.6115596867737678,0.8157378693005367,-2.21279059738747,0.623176418697203,0.8323436050736164,-1.838221487751825,0.0,0.5418563966087774,-0.25091817982527337,1.5819957215423883
2026-08-18T02:32:37.097+00:00,1787020357.0971024,180169.4859112,5.042590099998051,747,180169.3860225,20.752100012032315,79.04369998141192,3,1,1,4,1,0.0,1,estabilizada,1,1,1,732.75,389.5,0.6107738018035889,0.6642870306968689,0.6068530791473444,0.6122208538890792,0.5939918291473445,0.6007763538890792,-2.9207095896561337,0.6179598898702356,0.6071471188320426,-3.0478410559781386,0.0,0.5418563966087774,-0.25091817982527337,1.5819957215423883
2026-08-18T02:32:37.097+00:00,1787020357.0971024,180169.4859212,5.042600099986885,747,180169.3860225,20.752100012032315,79.04369998141192,10,0,0,4,1,0.0,1,estabilizada,1,1,1,,,,,,,,,,,,,nan,0.5418563966087774,-0.25091817982527337,1.5819957215423883
2026-08-18T02:32:37.233+00:00,1787020357.2338269,180169.6234547,5.180133599991677,751,180169.5191878,26.266400003805757,77.97779998509213,1,0,0,4,1,0.0,1,estabilizada,1,1,1,,,,,,,,,,,,,nan,0.5418534519355841,-0.2509200637414416,1.5819927881433984
2026-08-18T02:32:37.234+00:00,1787020357.2348564,180169.6234989,5.180177800008096,751,180169.5191878,26.266400003805757,77.97779998509213,2,1,1,4,1,0.0,1,estabilizada,1,1,1,737.25,271.0,0.6269140839576721,0.8937856554985046,0.622074961466493,0.8286630357851102,0.6092137114664931,0.8172185357851103,-2.6409622739893868,0.6209885429514542,0.828410367459515,-1.9821775519684786,0.0,0.5418534519355841,-0.2509200637414416,1.5819927881433984
2026-08-18T02:32:37.234+00:00,1787020357.2348564,180169.6235107,5.180189600010635,751,180169.5191878,26.266400003805757,77.97779998509213,3,1,1,4,1,0.0,1,estabilizada,1,1,1,727.0,390.5,0.6014630198478699,0.6626436710357666,0.5980718153162728,0.6106707816862256,0.5852105653162729,0.5992262816862256,-2.9601485545530486,0.600740943486441,0.6025713976361711,-2.9966220305390845,0.0,0.5418534519355841,-0.2509200637414416,1.5819927881433984
2026-08-18T02:32:37.234+00:00,1787020357.2348564,180169.6235204,5.180199299997184,751,180169.5191878,26.266400003805757,77.97779998509213,10,0,0,4,1,0.0,1,estabilizada,1,1,1,,,,,,,,,,,,,nan,0.5418534519355841,-0.2509200637414416,1.5819927881433984
2026-08-18T02:32:37.367+00:00,1787020357.3676958,180169.7565952,5.313274099986302,755,180169.6527638,25.056500016944483,78.75299997976981,1,0,0,4,1,0.0,1,estabilizada,1,1,1,,,,,,,,,,,,,nan,0.5418524157270213,-0.250919207917475,1.581991380206096
2026-08-18T02:32:37.367+00:00,1787020357.3676958,180169.7566374,5.313316299987491,755,180169.6527638,25.056500016944483,78.75299997976981,2,1,1,4,1,0.0,1,estabilizada,1,1,1,735.0,271.25,0.6230736374855042,0.8933297395706177,0.6184529359761753,0.8282330477918595,0.6055916859761754,0.8167885477918595,-2.7532877939319222,0.618638720852456,0.8255140237067853,-2.133851612217768,0.0,0.5418524157270213,-0.250919207917475,1.581991380206096
2026-08-18T02:32:37.367+00:00,1787020357.3676958,180169.7566493,5.313328199990792,755,180169.6527638,25.056500016944483,78.75299997976981,3,1,1,4,1,0.0,1,estabilizada,1,1,1,720.5,391.0,0.5909907817840576,0.6619442701339722,0.5881952842861148,0.6100111723607547,0.5753340342861148,0.5985666723607548,-2.993086172056152,0.5859384258782256,0.5996493514205326,-2.9887780652208846,0.0,0.5418524157270213,-0.250919207917475,1.581991380206096
2026-08-18T02:32:37.367+00:00,1787020357.3676958,180169.7566618,5.313340699998662,755,180169.6527638,25.056500016944483,78.75299997976981,10,0,0,4,1,0.0,1,estabilizada,1,1,1,,,,,,,,,,,,,nan,0.5418524157270213,-0.250919207917475,1.581991380206096
2026-08-18T02:32:37.507+00:00,1787020357.5079472,180169.8965746,5.453253499988932,759,180169.7859762,30.299100006232038,80.26780001819134,1,0,0,4,1,0.0,1,estabilizada,1,1,1,,,,,,,,,,,,,nan,0.541842253611657,-0.25091821536469605,1.581991343677874
2026-08-18T02:32:37.507+00:00,1787020357.5079472,180169.8966339,5.453312800003914,759,180169.7859762,30.299100006232038,80.26780001819134,2,1,1,4,1,0.0,1,estabilizada,1,1,1,732.5,271.5,0.6188114881515503,0.8928797841072083,0.6144326834657511,0.8278087454040834,0.6015714334657511,0.8163642454040835,-2.780102582799615,0.6137810691839446,0.821522158126427,-2.451865564552247,0.0,0.541842253611657,-0.25091821536469605,1.581991343677874
2026-08-18T02:32:37.507+00:00,1787020357.5079472,180169.8967882,5.453467100014677,759,180169.7859762,30.299100006232038,80.26780001819134,3,1,1,4,1,0.0,1,estabilizada,1,1,1,714.5,393.0,0.5812501907348633,0.6584831476211548,0.5790082604264186,0.6067470094963736,0.5661470104264186,0.5953025094963736,-3.026834917945678,0.5835896579099614,0.5991034563969644,-2.9887780652208846,0.0,0.541842253611657,-0.25091821536469605,1.581991343677874
2026-08-18T02:32:37.507+00:00,1787020357.5079472,180169.8968325,5.453511400002753,759,180169.7859762,30.299100006232038,80.26780001819134,10,0,0,4,1,0.0,1,estabilizada,1,1,1,,,,,,,,,,,,,nan,0.541842253611657,-0.25091821536469605,1.581991343677874
2026-08-18T02:32:37.656+00:00,1787020357.6561074,180170.045081,5.601759899989702,764,180169.9516986,10.284899995895103,83.05119999567978,1,0,0,4,1,0.0,1,estabilizada,1,1,1,,,,,,,,,,,,,nan,0.5418339709032518,-0.2509160473412768,1.5819930445078252
2026-08-18T02:32:37.656+00:00,1787020357.6561074,180170.0452497,5.601928599993698,764,180169.9516986,10.284899995895103,83.05119999567978,2,1,1,4,1,0.0,1,estabilizada,1,1,1,731.75,272.5,0.6174651384353638,0.8908558487892151,0.613162461440973,0.8259001455966553,0.6003012114409729,0.8144556455966553,-2.818409010611723,0.6084933470781668,0.819149503458587,-2.6368244501572704,0.0,0.5418339709032518,-0.2509160473412768,1.5819930445078252
2026-08-18T02:32:37.656+00:00,1787020357.6561074,180170.0452946,5.601973499986343,764,180169.9516986,10.284899995895103,83.05119999567978,3,1,1,4,1,0.0,1,estabilizada,1,1,1,704.75,394.0,0.5655756592750549,0.6569814085960388,0.564224988385015,0.6053308837609062,0.551363738385015,0.5938863837609062,-3.0133863028750496,0.5697792180746444,0.5966422648188232,-2.9887780652208846,0.0,0.5418339709032518,-0.2509160473412768,1.5819930445078252
2026-08-18T02:32:37.656+00:00,1787020357.6561074,180170.0453115,5.601990399998613,764,180169.9516986,10.284899995895103,83.05119999567978,10,0,0,4,1,0.0,1,estabilizada,1,1,1,,,,,,,,,,,,,nan,0.5418339709032518,-0.2509160473412768,1.5819930445078252
2026-08-18T02:32:37.786+00:00,1787020357.786385,180170.175809,5.732487900007982,768,180170.0915473,9.485000016866252,74.75249998969957,1,0,0,4,1,0.0,1,estabilizada,1,1,1,,,,,,,,,,,,,nan,0.5418242559196927,-0.2509142993873589,1.5819944505533166
2026-08-18T02:32:37.786+00:00,1787020357.786385,180170.175865,5.732543899997836,768,180170.0915473,9.485000016866252,74.75249998969957,2,1,1,4,1,0.0,1,estabilizada,1,1,1,732.75,273.5,0.6190887093544006,0.8887915015220642,0.6146931182025533,0.8239533966564169,0.6018318682025534,0.8125088966564169,-2.585772455485013,0.6067718059498081,0.8181104386506992,-2.6648563652697725,0.0,0.5418242559196927,-0.2509142993873589,1.5819944505533166
2026-08-18T02:32:37.786+00:00,1787020357.786385,180170.1758766,5.732555499998853,768,180170.0915473,9.485000016866252,74.75249998969957,3,1,1,4,1,0.0,1,estabilizada,1,1,1,696.5,395.25,0.55231773853302,0.6549761295318604,0.5517207620803725,0.6034398307956582,0.5388595120803725,0.5919953307956582,-2.9880579834742402,0.5550837792884464,0.5943655169810876,-2.9887780652208846,0.0,0.5418242559196927,-0.2509142993873589,1.5819944505533166
2026-08-18T02:32:37.786+00:00,1787020357.786385,180170.1759091,5.732588000013493,768,180170.0915473,9.485000016866252,74.75249998969957,10,0,0,4,1,0.0,1,estabilizada,1,1,1,,,,,,,,,,,,,nan,0.5418242559196927,-0.2509142993873589,1.5819944505533166
2026-08-18T02:32:37.921+00:00,1787020357.9214282,180170.3104184,5.867097300011665,772,180170.2213492,11.561199993593618,77.48490001540631,1,0,0,4,1,0.0,1,estabilizada,1,1,1,,,,,,,,,,,,,nan,0.541816973968589,-0.25091297943783675,1.5819963205217982
2026-08-18T02:32:37.921+00:00,1787020357.9214282,180170.3104595,5.867138400004478,772,180170.2213492,11.561199993593618,77.48490001540631,2,1,1,4,1,0.0,1,estabilizada,1,1,1,733.7664184570312,274.7279357910156,0.6207212209701538,0.8862637877464294,0.6162323469203086,0.821569636616655,0.6033710969203085,0.8101251366166551,-2.238565719377374,0.6067718059498081,0.8181104386506992,-2.6648563652697725,0.0,0.541816973968589,-0.25091297943783675,1.5819963205217982
2026-08-18T02:32:37.921+00:00,1787020357.9214282,180170.3104712,5.867150100006256,772,180170.2213492,11.561199993593618,77.48490001540631,3,1,1,4,1,0.0,1,estabilizada,1,1,1,690.5,396.0,0.5426974296569824,0.6538101434707642,0.5426473404052392,0.602340313860214,0.5297860904052392,0.5908958138602141,-3.0268428830220913,0.5481597761273844,0.5932381398422282,-2.9887780652208846,0.0,0.541816973968589,-0.25091297943783675,1.5819963205217982
2026-08-18T02:32:37.921+00:00,1787020357.9214282,180170.3104811,5.867159999994328,772,180170.2213492,11.561199993593618,77.48490001540631,10,0,0,4,1,0.0,1,estabilizada,1,1,1,,,,,,,,,,,,,nan,0.541816973968589,-0.25091297943783675,1.5819963205217982
2026-08-18T02:32:38.061+00:00,1787020358.0617824,180170.4513339,6.008012800011784,776,180170.3533429,18.184699991252273,79.77840001694858,1,0,0,4,1,0.0,1,estabilizada,1,1,1,,,,,,,,,,,,,nan,0.5418165827201347,-0.25091179321149026,1.5819991667698627
2026-08-18T02:32:38.061+00:00,1787020358.0617824,180170.4513792,6.008058100007474,776,180170.3533429,18.184699991252273,79.77840001694858,2,1,1,4,1,0.0,1,estabilizada,1,1,1,735.25,275.75,0.6231593489646912,0.8841467499732971,0.6185317555273584,0.8195732210913494,0.6056705055273583,0.8081287210913495,-2.0397506766999665,0.6067718059498081,0.8181104386506992,-2.6294978781410796,0.0,0.5418165827201347,-0.25091179321149026,1.5819991667698627
2026-08-18T02:32:38.061+00:00,1787020358.0617824,180170.4513911,6.008070000010775,776,180170.3533429,18.184699991252273,79.77840001694858,3,1,1,4,1,0.0,1,estabilizada,1,1,1,684.75,396.25,0.5335043668746948,0.6535481810569763,0.5339772491882911,0.6020934145855324,0.5211159991882912,0.5906489145855325,-3.126784751331453,0.5398856347072125,0.5921966610280762,-3.012796934871178,0.0,0.5418165827201347,-0.25091179321149026,1.5819991667698627
2026-08-18T02:32:38.062+00:00,1787020358.0627859,180170.4514034,6.008082299988018,776,180170.3533429,18.184699991252273,79.77840001694858,10,0,0,4,1,0.0,1,estabilizada,1,1,1,,,,,,,,,,,,,nan,0.5418165827201347,-0.25091179321149026,1.5819991667698627
2026-08-18T02:32:38.199+00:00,1787020358.1990476,180170.588356,6.145034899993334,780,180170.4851022,25.715199997648597,77.51489998190664,1,0,0,4,1,0.0,1,estabilizada,1,1,1,,,,,,,,,,,,,nan,0.5418151164911111,-0.2509103670255363,1.5820023659223996
2026-08-18T02:32:38.199+00:00,1787020358.1990476,180170.5883995,6.145078400004422,780,180170.4851022,25.715199997648597,77.51489998190664,2,1,1,4,1,0.0,1,estabilizada,1,1,1,737.0,276.0,0.6261081099510193,0.8835960626602173,0.6213126876591136,0.8190540740569421,0.6084514376591137,0.8076095740569421,-1.7653364711071327,0.6060231682128137,0.8163525409910858,-2.4763041116726203,0.0,0.5418151164911111,-0.2509103670255363,1.5820023659223996
2026-08-18T02:32:38.199+00:00,1787020358.1990476,180170.5884161,6.145095000014408,780,180170.4851022,25.715199997648597,77.51489998190664,3,1,1,4,1,0.0,1,estabilizada,1,1,1,676.75,396.75,0.5207207798957825,0.6529066562652588,0.521920835176656,0.6014885712810789,0.509059585176656,0.5900440712810789,-3.0903417929378802,0.5315127987316258,0.5914015746248396,-3.0413785417639905,0.0,0.5418151164911111,-0.2509103670255363,1.5820023659223996
2026-08-18T02:32:38.199+00:00,1787020358.1990476,180170.588436,6.145114899991313,780,180170.4851022,25.715199997648597,77.51489998190664,10,0,0,4,1,0.0,1,estabilizada,1,1,1,,,,,,,,,,,,,nan,0.5418151164911111,-0.2509103670255363,1.5820023659223996
2026-08-18T02:32:38.332+00:00,1787020358.332015,180170.7211056,6.2777845000091475,784,180170.6185113,26.019299984909594,76.55150000937283,1,0,0,4,1,0.0,1,estabilizada,1,1,1,,,,,,,,,,,,,nan,0.5418111344222388,-0.2509078051971103,1.582006204068866
2026-08-18T02:32:38.332+00:00,1787020358.332015,180170.7211471,6.277826000005007,784,180170.6185113,26.019299984909594,76.55150000937283,2,1,1,4,1,0.0,1,estabilizada,1,1,1,739.25,276.75,0.6298642754554749,0.8820156455039978,0.6248549507937833,0.817563868829005,0.6119937007937832,0.806119368829005,-1.6164189189983267,0.6073252014743648,0.8126347253830777,-1.9165302095091123,0.0,0.5418111344222388,-0.2509078051971103,1.582006204068866
2026-08-18T02:32:38.332+00:00,1787020358.332015,180170.7211585,6.2778374000045005,784,180170.6185113,26.019299984909594,76.55150000937283,3,1,1,4,1,0.0,1,estabilizada,1,1,1,669.5,396.75,0.5091592669487,0.6531504988670349,0.5110168248173482,0.6017188122171947,0.49815557481734823,0.5902743122171947,-3.0265505947965328,0.5144220190318505,0.5904748736189495,-3.049796239598982,0.0,0.5418111344222388,-0.2509078051971103,1.582006204068866
2026-08-18T02:32:38.332+00:00,1787020358.332015,180170.7211703,6.27784920000704,784,180170.6185113,26.019299984909594,76.55150000937283,10,0,0,4,1,0.0,1,estabilizada,1,1,1,,,,,,,,,,,,,nan,0.5418111344222388,-0.2509078051971103,1.582006204068866
2026-08-18T02:32:38.464+00:00,1787020358.4649184,180170.8540931,6.410772000002908,788,180170.7521638,29.035799991106614,72.87170001654886,1,0,0,4,1,0.0,1,estabilizada,1,1,1,,,,,,,,,,,,,nan,0.5418047952152636,-0.2509053252543993,1.5820106186046763
2026-08-18T02:32:38.464+00:00,1787020358.4649184,180170.8541337,6.410812599991914,788,180170.7521638,29.035799991106614,72.87170001654886,2,1,1,4,1,0.0,1,estabilizada,1,1,1,739.75,276.25,0.6307545304298401,0.8830217123031616,0.6256942128345179,0.8185130217924803,0.6128329628345179,0.8070685217924803,-1.270806284899684,0.6083385958080405,0.8112204324889327,-1.7572391332721324,0.0,0.5418047952152636,-0.2509053252543993,1.5820106186046763
2026-08-18T02:32:38.464+00:00,1787020358.4649184,180170.8541454,6.410824299993692,788,180170.7521638,29.035799991106614,72.87170001654886,3,1,1,4,1,0.0,1,estabilizada,1,1,1,661.0,398.25,0.49558794498443604,0.6507081389427185,0.4982172045303948,0.599415681848271,0.4853559545303948,0.587971181848271,-3.054053794395394,0.5071820620525822,0.5901019962597458,-3.049796239598982,0.0,0.5418047952152636,-0.2509053252543993,1.5820106186046763
2026-08-18T02:32:38.464+00:00,1787020358.4649184,180170.8541552,6.410834100010106,788,180170.7521638,29.035799991106614,72.87170001654886,10,0,0,4,1,0.0,1,estabilizada,1,1,1,,,,,,,,,,,,,nan,0.5418047952152636,-0.2509053252543993,1.5820106186046763
2026-08-18T02:32:38.601+00:00,1787020358.6019013,180170.9913296,6.548008499987191,792,180170.8857939,27.500500000314787,78.01399999880232,1,0,0,4,1,0.0,1,estabilizada,1,1,1,,,,,,,,,,,,,nan,0.5417951305572429,-0.25090550018301716,1.5820131757310618
2026-08-18T02:32:38.601+00:00,1787020358.6019013,180170.9913739,6.5480528000043705,792,180170.8857939,27.500500000314787,78.01399999880232,2,1,1,4,1,0.0,1,estabilizada,1,1,1,742.5,276.25,0.6354193687438965,0.8829548954963684,0.630093129009575,0.8184501004816318,0.617231879009575,0.8070056004816318,-1.1353594535734577,0.6083385958080405,0.8112204324889327,-1.485980542950597,0.0,0.5417951305572429,-0.25090550018301716,1.5820131757310618
2026-08-18T02:32:38.601+00:00,1787020358.6019013,180170.9913851,6.548064000002341,792,180170.8857939,27.500500000314787,78.01399999880232,3,1,1,4,1,0.0,1,estabilizada,1,1,1,651.75,400.0,0.4808497130870819,0.6478424072265625,0.484316869781134,0.596713053244107,0.471455619781134,0.585268553244107,-3.0180384157225353,0.48992757813119153,0.5883553240303598,-3.0414797450974125,0.0,0.5417951305572429,-0.25090550018301716,1.5820131757310618
2026-08-18T02:32:38.601+00:00,1787020358.6019013,180170.9913971,6.548076000006404,792,180170.8857939,27.500500000314787,78.01399999880232,10,0,0,4,1,0.0,1,estabilizada,1,1,1,,,,,,,,,,,,,nan,0.5417951305572429,-0.25090550018301716,1.5820131757310618
2026-08-18T02:32:38.747+00:00,1787020358.747127,180171.1366033,6.693282199994428,796,180171.0211631,31.367499992484227,84.0516000171192,1,0,0,4,1,0.0,1,estabilizada,1,1,1,,,,,,,,,,,,,nan,0.5417833096951898,-0.25090533243707486,1.5820159165225314
2026-08-18T02:32:38.747+00:00,1787020358.747127,180171.1366461,6.693325000000186,796,180171.0211631,31.367499992484227,84.0516000171192,2,1,1,4,1,0.0,1,estabilizada,1,1,1,743.8820190429688,275.07568359375,0.6378642320632935,0.8853136301040649,0.6323982421684906,0.8206747692931811,0.6195369921684906,0.8092302692931811,-0.8496381652493087,0.6101409572768426,0.8102980788632917,-1.3526555300185084,0.0,0.5417833096951898,-0.25090533243707486,1.5820159165225314
2026-08-18T02:32:38.747+00:00,1787020358.747127,180171.1366577,6.693336600001203,796,180171.0211631,31.367499992484227,84.0516000171192,3,1,1,4,1,0.0,1,estabilizada,1,1,1,645.75,400.25,0.4713144898414612,0.647591233253479,0.4753234215599085,0.5964762665406911,0.4624621715599085,0.5850317665406911,-2.996458852359301,0.47294075187268275,0.5861489580254015,-3.0333546541030785,0.0,0.5417833096951898,-0.25090533243707486,1.5820159165225314
2026-08-18T02:32:38.747+00:00,1787020358.747127,180171.1366695,6.693348400003742,796,180171.0211631,31.367499992484227,84.0516000171192,10,0,0,4,1,0.0,1,estabilizada,1,1,1,,,,,,,,,,,,,nan,0.5417833096951898,-0.25090533243707486,1.5820159165225314
2026-08-18T02:32:38.881+00:00,1787020358.8816228,180171.2708816,6.827560500008985,801,180171.1854313,6.7885000025853515,78.63940001698211,1,0,0,4,1,0.0,1,estabilizada,1,1,1,,,,,,,,,,,,,nan,0.5417695550058766,-0.25090239870708786,1.582018933454308
2026-08-18T02:32:38.881+00:00,1787020358.8816228,180171.2709251,6.82760399999097,801,180171.1854313,6.7885000025853515,78.63940001698211,2,1,1,4,1,0.0,1,estabilizada,1,1,1,744.0,274.75,0.6380946040153503,0.8859754204750061,0.632614736342766,0.8212992010172674,0.6197534863427661,0.8098547010172674,-0.6514315262582118,0.61218907203095,0.8100601693472933,-1.0469803608219412,0.0,0.5417695550058766,-0.25090239870708786,1.582018933454308
2026-08-18T02:32:38.881+00:00,1787020358.8816228,180171.2709365,6.827615399990464,801,180171.1854313,6.7885000025853515,78.63940001698211,3,1,1,4,1,0.0,1,estabilizada,1,1,1,637.75,401.0,0.4586111009120941,0.646501898765564,0.46334192979800304,0.5954491679387673,0.45048067979800305,0.5840046679387674,-3.094875116454431,0.46833456117706324,0.5855364138800843,-3.0333546541030785,0.0,0.5417695550058766,-0.25090239870708786,1.582018933454308
2026-08-18T02:32:38.881+00:00,1787020358.8816228,180171.2709463,6.827625200006878,801,180171.1854313,6.7885000025853515,78.63940001698211,10,0,0,4,1,0.0,1,estabilizada,1,1,1,,,,,,,,,,,,,nan,0.5417695550058766,-0.25090239870708786,1.582018933454308
2026-08-18T02:32:39.015+00:00,1787020359.015447,180171.4041852,6.960864099994069,805,180171.3190531,10.894100007135421,74.21399999293499,1,0,0,4,1,0.0,1,estabilizada,1,1,1,,,,,,,,,,,,,nan,0.5417571258244541,-0.2508998477292771,1.5820231517376382
2026-08-18T02:32:39.015+00:00,1787020359.015447,180171.4042287,6.960907600005157,805,180171.3190531,10.894100007135421,74.21399999293499,2,1,1,4,1,0.0,1,estabilizada,1,1,1,745.25,274.75,0.6402182579040527,0.8859456777572632,0.6346168848284244,0.8212714679131098,0.6217556348284243,0.8098269679131098,-0.5995053843878412,0.6143299968118668,0.8099076010128154,-0.7650740547390196,0.0,0.5417571258244541,-0.2508998477292771,1.5820231517376382
2026-08-18T02:32:39.015+00:00,1787020359.015447,180171.4042404,6.960919300006935,805,180171.3190531,10.894100007135421,74.21399999293499,3,1,1,4,1,0.0,1,estabilizada,1,1,1,630.75,400.0,0.44750267267227173,0.6485493183135986,0.4528647312327796,0.5973803927166844,0.4400034812327796,0.5859358927166844,-3.1291373361849466,0.45470773908049644,0.5852496229282927,-3.0585655334279513,0.0,0.5417571258244541,-0.2508998477292771,1.5820231517376382
2026-08-18T02:32:39.015+00:00,1787020359.015447,180171.4042504,6.960929299995769,805,180171.3190531,10.894100007135421,74.21399999293499,10,0,0,4,1,0.0,1,estabilizada,1,1,1,,,,,,,,,,,,,nan,0.5417571258244541,-0.2508998477292771,1.5820231517376382
2026-08-18T02:32:39.149+00:00,1787020359.149629,180171.5384787,7.095157600007951,809,180171.451206,10.407900001155213,76.83149998774752,1,0,0,4,1,0.0,1,estabilizada,1,1,1,,,,,,,,,,,,,nan,0.5417509568748096,-0.25089675137543155,1.5820295920226464
2026-08-18T02:32:39.149+00:00,1787020359.149629,180171.5386458,7.095324699999765,809,180171.451206,10.407900001155213,76.83149998774752,2,1,1,4,1,0.0,1,estabilizada,1,1,1,746.75,275.25,0.6427233219146729,0.8848902583122253,0.6369791102391067,0.820276529601122,0.6241178602391066,0.808832029601122,-0.6143544270045188,0.6161060798612283,0.8096743849166634,-0.6644173469413377,0.0,0.5417509568748096,-0.25089675137543155,1.5820295920226464
2026-08-18T02:32:39.149+00:00,1787020359.149629,180171.5386721,7.095350999996299,809,180171.451206,10.407900001155213,76.83149998774752,3,1,1,4,1,0.0,1,estabilizada,1,1,1,621.75,399.75,0.4332265853881836,0.6493043303489685,0.4394004227696379,0.5980928373631683,0.42653917276963793,0.5866483373631683,3.085356086382448,0.44839817082868705,0.585460274665812,-3.0880504500615182,0.0,0.5417509568748096,-0.25089675137543155,1.5820295920226464
2026-08-18T02:32:39.149+00:00,1787020359.149629,180171.5386941,7.095372999989195,809,180171.451206,10.407900001155213,76.83149998774752,10,0,0,4,1,0.0,1,estabilizada,1,1,1,,,,,,,,,,,,,nan,0.5417509568748096,-0.25089675137543155,1.5820295920226464
2026-08-18T02:32:39.286+00:00,1787020359.2863598,180171.6750434,7.231722299999092,813,180171.5852791,15.302200015867129,74.43809998221695,1,0,0,4,1,0.0,1,estabilizada,1,1,1,,,,,,,,,,,,,nan,0.5417462820718831,-0.25089279009121185,1.5820362742156417
2026-08-18T02:32:39.286+00:00,1787020359.2863598,180171.6750859,7.231764800002566,813,180171.5852791,15.302200015867129,74.43809998221695,2,1,1,4,1,0.0,1,estabilizada,1,1,1,749.25,279.75,0.6465713977813721,0.8756771683692932,0.640608032359469,0.8115880587111002,0.6277467823594689,0.8001435587111002,-0.8324638565392936,0.6178490567989967,0.809387876115936,-0.6644173469413377,0.0,0.5417462820718831,-0.25089279009121185,1.5820362742156417
2026-08-18T02:32:39.286+00:00,1787020359.2863598,180171.6750977,7.231776600005105,813,180171.5852791,15.302200015867129,74.43809998221695,3,1,1,4,1,0.0,1,estabilizada,1,1,1,613.5,398.5,0.4201309382915497,0.651846706867218,0.4270494780991509,0.600491023024545,0.4141882280991509,0.5890465230245451,3.020216264622232,0.4382761225324838,0.5861184524182198,-3.128149643657829,0.0,0.5417462820718831,-0.25089279009121185,1.5820362742156417
2026-08-18T02:32:39.286+00:00,1787020359.2863598,180171.6751073,7.231786199990893,813,180171.5852791,15.302200015867129,74.43809998221695,10,0,0,4,1,0.0,1,estabilizada,1,1,1,,,,,,,,,,,,,nan,0.5417462820718831,-0.25089279009121185,1.5820362742156417
2026-08-18T02:32:39.428+00:00,1787020359.428988,180171.8175831,7.374261999997543,817,180171.722131,10.880100016947836,84.54159999382682,1,0,0,4,1,0.0,1,estabilizada,1,1,1,,,,,,,,,,,,,nan,0.5417441978921711,-0.25088853487017226,1.5820432970126759
2026-08-18T02:32:39.428+00:00,1787020359.428988,180171.8176808,7.374359700013883,817,180171.722131,10.880100016947836,84.54159999382682,2,1,1,4,1,0.0,1,estabilizada,1,1,1,750.75,285.0,0.6486467123031616,0.8650103211402893,0.6425651933490618,0.8015285585168631,0.6297039433490619,0.7900840585168631,-1.1046484364899642,0.6201297181642237,0.8071584812180672,-0.6940537346968353,0.0,0.5417441978921711,-0.25088853487017226,1.5820432970126759
2026-08-18T02:32:39.428+00:00,1787020359.428988,180171.8177042,7.374383099988336,817,180171.722131,10.880100016947836,84.54159999382682,3,1,1,4,1,0.0,1,estabilizada,1,1,1,604.25,397.0,0.4054395258426666,0.6548769474029541,0.4131936881387426,0.6033493479001396,0.4003324381387426,0.5919048479001396,2.9113378426660432,0.41935627246998114,0.5886870246678,3.074306258622782,0.0,0.5417441978921711,-0.25088853487017226,1.5820432970126759
2026-08-18T02:32:39.428+00:00,1787020359.428988,180171.8177197,7.374398599989945,817,180171.722131,10.880100016947836,84.54159999382682,10,0,0,4,1,0.0,1,estabilizada,1,1,1,,,,,,,,,,,,,nan,0.5417441978921711,-0.25088853487017226,1.5820432970126759
2026-08-18T02:32:39.568+00:00,1787020359.5689218,180171.9578719,7.514550799998688,821,180171.8529805,25.506300007691607,79.33929999126121,1,0,0,4,1,0.0,1,estabilizada,1,1,1,,,,,,,,,,,,,nan,0.5417440584769387,-0.2508826202670338,1.5820522089692195
2026-08-18T02:32:39.568+00:00,1787020359.5689218,180171.9579251,7.514603999996325,821,180171.8529805,25.506300007691607,79.33929999126121,2,1,1,4,1,0.0,1,estabilizada,1,1,1,750.75,289.0,0.6482938528060913,0.8569462299346924,0.6422324336978864,0.7939239124960551,0.6293711836978864,0.7824794124960551,-1.2875329570050222,0.6218890678928144,0.8053185611585251,-0.8019446180394865,0.0,0.5417440584769387,-0.2508826202670338,1.5820522089692195
2026-08-18T02:32:39.568+00:00,1787020359.5689218,180171.9579371,7.514616000000387,821,180171.8529805,25.506300007691607,79.33929999126121,3,1,1,4,1,0.0,1,estabilizada,1,1,1,596.25,394.5,0.3926934599876404,0.6596850156784058,0.4011726705901635,0.6078845208714205,0.3883114205901635,0.5964400208714206,2.9174227923789937,0.41449812838167666,0.5895382038002192,3.0471509648976025,0.0,0.5417440584769387,-0.2508826202670338,1.5820522089692195
2026-08-18T02:32:39.568+00:00,1787020359.5689218,180171.957949,7.514627900003688,821,180171.8529805,25.506300007691607,79.33929999126121,10,0,0,4,1,0.0,1,estabilizada,1,1,1,,,,,,,,,,,,,nan,0.5417440584769387,-0.2508826202670338,1.5820522089692195
2026-08-18T02:32:39.718+00:00,1787020359.7186697,180172.1073242,7.66400310001336,826,180172.0185596,8.35039999219589,80.38920001126826,1,0,0,4,1,0.0,1,estabilizada,1,1,1,,,,,,,,,,,,,nan,0.5417408944595824,-0.25087891204221735,1.5820582736743622
2026-08-18T02:32:39.718+00:00,1787020359.7186697,180172.1073773,7.664056200010236,826,180172.0185596,8.35039999219589,80.38920001126826,2,1,1,4,1,0.0,1,estabilizada,1,1,1,750.25,294.75,0.6469472050666809,0.8454189300537109,0.6409622371851579,0.7830528292403206,0.6281009871851579,0.7716083292403206,-1.62069033083339,0.6234798898868434,0.8014171289714843,-0.9511165091316509,0.0,0.5417408944595824,-0.25087891204221735,1.5820582736743622
2026-08-18T02:32:39.718+00:00,1787020359.7186697,180172.1073915,7.664070400001947,826,180172.0185596,8.35039999219589,80.38920001126826,3,1,1,4,1,0.0,1,estabilizada,1,1,1,585.5,391.5,0.375548779964447,0.6655014753341675,0.38500310320490744,0.6133705037787855,0.37214185320490745,0.6019260037787856,2.86070914040761,0.40444912188540005,0.5919472353655104,2.9928089936331714,0.0,0.5417408944595824,-0.25087891204221735,1.5820582736743622
2026-08-18T02:32:39.718+00:00,1787020359.7186697,180172.107405,7.664083899988327,826,180172.0185596,8.35039999219589,80.38920001126826,10,0,0,4,1,0.0,1,estabilizada,1,1,1,,,,,,,,,,,,,nan,0.5417408944595824,-0.25087891204221735,1.5820582736743622
2026-08-18T02:32:39.913+00:00,1787020359.9137304,180172.3032069,7.85988579998957,830,180172.1548336,23.80789999733679,124.47109998902306,1,0,0,4,1,0.0,1,estabilizada,1,1,1,,,,,,,,,,,,,nan,0.5417392813750905,-0.2508750864222756,1.582065125108887
2026-08-18T02:32:39.914+00:00,1787020359.9147372,180172.3033567,7.860035599995172,830,180172.1548336,23.80789999733679,124.47109998902306,2,1,1,4,1,0.0,1,estabilizada,1,1,1,749.5,298.25,0.6453836560249329,0.8384439945220947,0.6394875689609798,0.7764751692638767,0.6266263189609798,0.7650306692638768,-1.6206900410935974,0.6257241403373032,0.7890101295259426,-1.2614289685387288,0.0,0.5417392813750905,-0.2508750864222756,1.582065125108887
2026-08-18T02:32:39.914+00:00,1787020359.9147372,180172.3033806,7.860059500002535,830,180172.1548336,23.80789999733679,124.47109998902306,3,1,1,4,1,0.0,1,estabilizada,1,1,1,578.0928955078125,389.8718566894531,0.36373740434646606,0.6687131524085999,0.37386351652624983,0.6163999194188499,0.36100226652624984,0.6049554194188499,2.903916319466259,0.3939821331794064,0.5949682447870738,2.970374035040772,0.0,0.5417392813750905,-0.2508750864222756,1.582065125108887
2026-08-18T02:32:39.914+00:00,1787020359.9147372,180172.3034021,7.860080999991624,830,180172.1548336,23.80789999733679,124.47109998902306,10,0,0,4,1,0.0,1,estabilizada,1,1,1,,,,,,,,,,,,,nan,0.5417392813750905,-0.2508750864222756,1.582065125108887
2026-08-18T02:32:40.106+00:00,1787020360.1061592,180172.494974,8.0516529000015,836,180172.3531042,27.552399988053367,114.28979999618605,1,0,0,4,1,0.0,1,estabilizada,1,1,1,,,,,,,,,,,,,nan,0.541735147501747,-0.25086968878053983,1.5820708755769943
2026-08-18T02:32:40.106+00:00,1787020360.1061592,180172.4951191,8.051798000000417,836,180172.3531042,27.552399988053367,114.28979999618605,2,1,1,4,1,0.0,1,estabilizada,1,1,1,748.0,305.75,0.6422268748283386,0.8235725164413452,0.6365101553064685,0.7624502241580097,0.6236489053064684,0.7510057241580097,-1.7591580284267976,0.626090048642559,0.7820307322100445,-1.4058722204636633,0.0,0.541735147501747,-0.25086968878053983,1.5820708755769943
2026-08-18T02:32:40.106+00:00,1787020360.1061592,180172.4951474,8.05182630001218,836,180172.3531042,27.552399988053367,114.28979999618605,3,1,1,4,1,0.0,1,estabilizada,1,1,1,565.75,387.25,0.34403830766677856,0.6739041805267334,0.35528477952832394,0.6212961403165879,0.34242352952832394,0.6098516403165879,2.9501708694805275,0.36620936520266034,0.6031608961388846,2.942430124607589,0.0,0.541735147501747,-0.25086968878053983,1.5820708755769943
2026-08-18T02:32:40.106+00:00,1787020360.1061592,180172.4951618,8.051840700005414,836,180172.3531042,27.552399988053367,114.28979999618605,10,0,0,4,1,0.0,1,estabilizada,1,1,1,,,,,,,,,,,,,nan,0.541735147501747,-0.25086968878053983,1.5820708755769943
2026-08-18T02:32:40.278+00:00,1787020360.2780159,180172.6672548,8.223933700006455,842,180172.5523919,24.307699990458786,90.48740001162514,1,0,0,4,1,0.0,1,estabilizada,1,1,1,,,,,,,,,,,,,nan,0.5417315036035377,-0.2508647660847247,1.58207613923901
2026-08-18T02:32:40.278+00:00,1787020360.2780159,180172.6673499,8.224028800002998,842,180172.5523919,24.307699990458786,90.48740001162514,2,1,1,4,1,0.0,1,estabilizada,1,1,1,746.25,312.25,0.6387580037117004,0.8107804656028748,0.633238430542526,0.7503863616264104,0.620377180542526,0.7389418616264104,-1.7712893533695555,0.6262311100432968,0.7773099432310377,-1.5285451673951262,0.0,0.5417315036035377,-0.2508647660847247,1.58207613923901
2026-08-18T02:32:40.278+00:00,1787020360.2780159,180172.6673812,8.2240601000085,842,180172.5523919,24.307699990458786,90.48740001162514,3,1,1,4,1,0.0,1,estabilizada,1,1,1,553.75,386.75,0.3249824047088623,0.6752069592475891,0.3373126702483603,0.6225252625752669,0.3244514202483603,0.6110807625752669,2.9835206647227883,0.35469466592577764,0.6064867161264065,2.942430124607589,0.0,0.5417315036035377,-0.2508647660847247,1.58207613923901
2026-08-18T02:32:40.278+00:00,1787020360.2780159,180172.6673959,8.224074800004018,842,180172.5523919,24.307699990458786,90.48740001162514,10,0,0,4,1,0.0,1,estabilizada,1,1,1,,,,,,,,,,,,,nan,0.5417315036035377,-0.2508647660847247,1.58207613923901
2026-08-18T02:32:40.434+00:00,1787020360.4349732,180172.8242693,8.38094820000697,847,180172.7201151,14.637799991760403,89.44569999584928,1,0,0,4,1,0.0,1,estabilizada,1,1,1,,,,,,,,,,,,,nan,0.5417255773466972,-0.2508616336926429,1.5820794564391587
2026-08-18T02:32:40.436+00:00,1787020360.4360282,180172.8246516,8.381330500007607,847,180172.7201151,14.637799991760403,89.44569999584928,2,1,1,4,1,0.0,1,estabilizada,1,1,1,745.75,318.0,0.6374506950378418,0.7995003461837769,0.6320051653856247,0.7397482409376561,0.6191439153856246,0.7283037409376562,-1.6926775415067652,0.6238138234953863,0.7595461203420919,-1.5958382769722128,0.0,0.5417255773466972,-0.2508616336926429,1.5820794564391587
2026-08-18T02:32:40.436+00:00,1787020360.4360282,180172.8246868,8.381365700013703,847,180172.7201151,14.637799991760403,89.44569999584928,3,1,1,4,1,0.0,1,estabilizada,1,1,1,543.0,387.5,0.3080003559589386,0.674184262752533,0.32129631896464195,0.6215610330271126,0.30843506896464196,0.6101165330271127,3.0469842423023885,0.3229650736608079,0.6101639965562629,2.985491802420697,0.0,0.5417255773466972,-0.2508616336926429,1.5820794564391587
2026-08-18T02:32:40.436+00:00,1787020360.4360282,180172.8247235,8.381402400002116,847,180172.7201151,14.637799991760403,89.44569999584928,10,0,0,4,1,0.0,1,estabilizada,1,1,1,,,,,,,,,,,,,nan,0.5417255773466972,-0.2508616336926429,1.5820794564391587
2026-08-18T02:32:40.575+00:00,1787020360.5756207,180172.9647443,8.521423199999845,852,180172.8847648,7.131699996534735,72.82560001476668,1,0,0,4,1,0.0,1,estabilizada,1,1,1,,,,,,,,,,,,,nan,0.5417169166002243,-0.2508581139144726,1.5820830864328919
2026-08-18T02:32:40.575+00:00,1787020360.5756207,180172.9647876,8.52146650000941,852,180172.8847648,7.131699996534735,72.82560001476668,2,1,1,4,1,0.0,1,estabilizada,1,1,1,746.25,324.25,0.6377682685852051,0.787277102470398,0.6323041929290149,0.7282206785215779,0.6194429429290149,0.7167761785215779,-1.654749669988326,0.6207187298861079,0.7351725911053834,-1.6330119163311672,0.0,0.5417169166002243,-0.2508581139144726,1.5820830864328919
2026-08-18T02:32:40.575+00:00,1787020360.5756207,180172.9647987,8.52147760000662,852,180172.8847648,7.131699996534735,72.82560001476668,3,1,1,4,1,0.0,1,estabilizada,1,1,1,532.25,386.75,0.2909359931945801,0.6759012937545776,0.30520217383961623,0.6231807082142349,0.29234092383961624,0.6117362082142349,-3.095175638452428,0.3055270631706203,0.6107056314551816,3.065083204099415,0.0,0.5417169166002243,-0.2508581139144726,1.5820830864328919
2026-08-18T02:32:40.575+00:00,1787020360.5756207,180172.9648101,8.521489000006113,852,180172.8847648,7.131699996534735,72.82560001476668,10,0,0,4,1,0.0,1,estabilizada,1,1,1,,,,,,,,,,,,,nan,0.5417169166002243,-0.2508581139144726,1.5820830864328919
2026-08-18T02:32:40.720+00:00,1787020360.7208767,180173.1096185,8.66629739999189,856,180173.0204186,3.6487999896053225,85.52910000435077,1,0,0,4,1,0.0,1,estabilizada,1,1,1,,,,,,,,,,,,,nan,0.5417120982459612,-0.25085491274389604,1.5820873777098192
2026-08-18T02:32:40.720+00:00,1787020360.7208767,180173.1096639,8.666342799988342,856,180173.0204186,3.6487999896053225,85.52910000435077,2,1,1,4,1,0.0,1,estabilizada,1,1,1,746.75,328.75,0.6382278203964233,0.7785148620605469,0.6327373429955381,0.7199572368385394,0.619876092995538,0.7085127368385394,-1.5837651064359481,0.6201599290279798,0.7267571988128427,-1.6330119163311672,0.0,0.5417120982459612,-0.25085491274389604,1.5820873777098192
2026-08-18T02:32:40.720+00:00,1787020360.7208767,180173.1096771,8.666356000001542,856,180173.0204186,3.6487999896053225,85.52910000435077,3,1,1,4,1,0.0,1,estabilizada,1,1,1,524.0,387.5,0.27794793248176575,0.674797534942627,0.29295265045956864,0.6221400638917028,0.28009140045956865,0.6106955638917029,-3.0931637723580265,0.2910772925627391,0.6107391997165494,3.1257500816545907,0.0,0.5417120982459612,-0.25085491274389604,1.5820873777098192
2026-08-18T02:32:40.720+00:00,1787020360.7208767,180173.1096911,8.66636999999173,856,180173.0204186,3.6487999896053225,85.52910000435077,10,0,0,4,1,0.0,1,estabilizada,1,1,1,,,,,,,,,,,,,nan,0.5417120982459612,-0.25085491274389604,1.5820873777098192
2026-08-18T02:32:40.859+00:00,1787020360.8594723,180173.2480833,8.804762199986726,860,180173.1521577,17.52729999134317,78.37400000425987,1,0,0,4,1,0.0,1,estabilizada,1,1,1,,,,,,,,,,,,,nan,0.5417106808237224,-0.25085255724814104,1.5820915767009152
2026-08-18T02:32:40.859+00:00,1787020360.8594723,180173.2481355,8.804814400005853,860,180173.1521577,17.52729999134317,78.37400000425987,2,1,1,4,1,0.0,1,estabilizada,1,1,1,746.5,334.0,0.6373850107192993,0.7683616280555725,0.6319424119358853,0.7103818764228546,0.6190811619358854,0.6989373764228546,-1.5511070558541096,0.6198512401406979,0.7186851212089483,-1.6105173714996122,0.0,0.5417106808237224,-0.25085255724814104,1.5820915767009152
2026-08-18T02:32:40.859+00:00,1787020360.8594723,180173.2481472,8.80482610000763,860,180173.1521577,17.52729999134317,78.37400000425987,3,1,1,4,1,0.0,1,estabilizada,1,1,1,515.75,387.75,0.26493561267852783,0.6746073365211487,0.28068043838894025,0.6219609589878576,0.26781918838894025,0.6105164589878577,3.1203780923754314,0.27837510425348083,0.6107125379433048,3.1257500816545907,0.0,0.5417106808237224,-0.25085255724814104,1.5820915767009152
2026-08-18T02:32:40.859+00:00,1787020360.8594723,180173.2481595,8.804838400013978,860,180173.1521577,17.52729999134317,78.37400000425987,10,0,0,4,1,0.0,1,estabilizada,1,1,1,,,,,,,,,,,,,nan,0.5417106808237224,-0.25085255724814104,1.5820915767009152
2026-08-18T02:32:40.996+00:00,1787020360.9964101,180173.3853505,8.942029400001047,864,180173.2868408,23.294700018595904,75.19269999465905,1,0,0,4,1,0.0,1,estabilizada,1,1,1,,,,,,,,,,,,,nan,0.5417085070394101,-0.25084878053376997,1.5820960405744824
2026-08-18T02:32:40.996+00:00,1787020360.9964101,180173.3853914,8.942070299992338,864,180173.2868408,23.294700018595904,75.19269999465905,2,1,1,4,1,0.0,1,estabilizada,1,1,1,746.75,338.5,0.6374312043190002,0.7596837878227234,0.6319858694377911,0.7021980670955166,0.6191246194377911,0.6907535670955166,-1.5875782117431023,0.6196570968672326,0.7136520921535483,-1.5985560883821788,0.0,0.5417085070394101,-0.25084878053376997,1.5820960405744824
2026-08-18T02:32:40.996+00:00,1787020360.9964101,180173.3854028,8.942081699991832,864,180173.2868408,23.294700018595904,75.19269999465905,3,1,1,4,1,0.0,1,estabilizada,1,1,1,507.25,387.75,0.2515185475349426,0.6748812794685364,0.2680264558322914,0.6222196816492571,0.2551652058322914,0.6107751816492571,3.1203792660608483,0.2691586955091839,0.610603114132796,3.1257500816545907,0.0,0.5417085070394101,-0.25084878053376997,1.5820960405744824
2026-08-18T02:32:40.996+00:00,1787020360.9964101,180173.3854128,8.942091700009769,864,180173.2868408,23.294700018595904,75.19269999465905,10,0,0,4,1,0.0,1,estabilizada,1,1,1,,,,,,,,,,,,,nan,0.5417085070394101,-0.25084878053376997,1.5820960405744824
2026-08-18T02:32:41.128+00:00,1787020361.1288934,180173.5181216,9.07480050000595,868,180173.424704,16.119399981107563,77.27590002468787,1,0,0,4,1,0.0,1,estabilizada,1,1,1,,,,,,,,,,,,,nan,0.541707953235774,-0.2508483453237672,1.582097531314247
2026-08-18T02:32:41.128+00:00,1787020361.1288934,180173.5181658,9.074844699993264,868,180173.424704,16.119399981107563,77.27590002468787,2,1,1,4,1,0.0,1,estabilizada,1,1,1,747.75,343.5,0.6386696696281433,0.7500616312026978,0.6331538564101907,0.6931233602652854,0.6202926064101908,0.6816788602652855,-1.4771780345033616,0.6196649448584988,0.69852988538865,-1.5661763384219256,0.0,0.541707953235774,-0.2508483453237672,1.582097531314247
2026-08-18T02:32:41.128+00:00,1787020361.1288934,180173.5181784,9.074857300001895,868,180173.424704,16.119399981107563,77.27590002468787,3,1,1,4,1,0.0,1,estabilizada,1,1,1,499.25,388.0,0.2389240562915802,0.6746832728385925,0.2561483741263602,0.6220330133028122,0.24328712412636022,0.6105885133028123,3.1203315651429198,0.2633198999460011,0.6105834264447568,3.1257500816545907,0.0,0.541707953235774,-0.2508483453237672,1.582097531314247
2026-08-18T02:32:41.128+00:00,1787020361.1288934,180173.5181884,9.074867299990728,868,180173.424704,16.119399981107563,77.27590002468787,10,0,0,4,1,0.0,1,estabilizada,1,1,1,,,,,,,,,,,,,nan,0.541707953235774,-0.2508483453237672,1.582097531314247
2026-08-18T02:32:41.275+00:00,1787020361.2751825,180173.6639497,9.220628600014606,872,180173.5547526,24.664600001415238,84.50979998451658,1,0,0,4,1,0.0,1,estabilizada,1,1,1,,,,,,,,,,,,,nan,0.5417103081293559,-0.25084911673675225,1.5820963920072844
2026-08-18T02:32:41.275+00:00,1787020361.2751825,180173.6639918,9.22067069998593,872,180173.5547526,24.664600001415238,84.50979998451658,2,1,1,4,1,0.0,1,estabilizada,1,1,1,748.5,348.25,0.6395125985145569,0.7409666180610657,0.633948963972985,0.6845456461261314,0.6210877139729849,0.6731011461261315,-1.51294525036682,0.6202034750882766,0.6833237602681714,-1.527664655139134,0.0,0.5417103081293559,-0.25084911673675225,1.5820963920072844
2026-08-18T02:32:41.275+00:00,1787020361.2751825,180173.6640035,9.220682399987709,872,180173.5547526,24.664600001415238,84.50979998451658,3,1,1,4,1,0.0,1,estabilizada,1,1,1,490.25,388.0,0.22474031150341034,0.6749738454818726,0.24277163996130607,0.6223069744741213,0.22991038996130608,0.6108624744741213,-3.0297635772941205,0.24318078633403317,0.6105030340535508,3.1257500816545907,0.0,0.5417103081293559,-0.25084911673675225,1.5820963920072844
2026-08-18T02:32:41.275+00:00,1787020361.2751825,180173.664016,9.220694899995578,872,180173.5547526,24.664600001415238,84.50979998451658,10,0,0,4,1,0.0,1,estabilizada,1,1,1,,,,,,,,,,,,,nan,0.5417103081293559,-0.25084911673675225,1.5820963920072844
2026-08-18T02:32:41.408+00:00,1787020361.4080384,180173.7973315,9.354010400013067,876,180173.6879506,37.393400009023026,71.96450000628829,1,0,0,4,1,0.0,1,estabilizada,1,1,1,,,,,,,,,,,,,nan,0.5417105511084399,-0.2508506558991477,1.5820943778200474
2026-08-18T02:32:41.408+00:00,1787020361.4080384,180173.7973935,9.3540723999904,876,180173.6879506,37.393400009023026,71.96450000628829,2,1,1,4,1,0.0,1,estabilizada,1,1,1,747.75,352.75,0.6379157304763794,0.7324300408363342,0.6324429430975095,0.6764945265289449,0.6195816930975095,0.665050026528945,-1.4822603263700989,0.620237272960142,0.6741477407944217,-1.50721273918954,0.0,0.5417105511084399,-0.2508506558991477,1.5820943778200474
2026-08-18T02:32:41.408+00:00,1787020361.4080384,180173.7974077,9.354086600011215,876,180173.6879506,37.393400009023026,71.96450000628829,3,1,1,4,1,0.0,1,estabilizada,1,1,1,481.5,389.5,0.21112306416034698,0.6725252270698547,0.22992906855707873,0.6199974950759403,0.21706781855707874,0.6085529950759403,-3.0971079460808544,0.23211884042932854,0.6099314881477311,-3.125168196421807,0.0,0.5417105511084399,-0.2508506558991477,1.5820943778200474
2026-08-18T02:32:41.408+00:00,1787020361.4080384,180173.7974209,9.35409979999531,876,180173.6879506,37.393400009023026,71.96450000628829,10,0,0,4,1,0.0,1,estabilizada,1,1,1,,,,,,,,,,,,,nan,0.5417105511084399,-0.2508506558991477,1.5820943778200474
2026-08-18T02:32:41.540+00:00,1787020361.540714,180173.9301642,9.486843099992257,880,180173.8177799,39.10299998824485,73.26080001075752,1,0,0,4,1,0.0,1,estabilizada,1,1,1,,,,,,,,,,,,,nan,0.5417073139466931,-0.2508508750310102,1.5820917751802859
2026-08-18T02:32:41.540+00:00,1787020361.540714,180173.9302063,9.486885199992685,880,180173.8177799,39.10299998824485,73.26080001075752,2,1,1,4,1,0.0,1,estabilizada,1,1,1,748.75,357.75,0.6391448974609375,0.7229295372962952,0.6336019936586074,0.6675343709195086,0.6207407436586074,0.6560898709195087,-1.5168374064039294,0.6201725719728984,0.6720099457526023,-1.50721273918954,0.0,0.5417073139466931,-0.2508508750310102,1.5820917751802859
2026-08-18T02:32:41.540+00:00,1787020361.540714,180173.9302177,9.486896599992178,880,180173.8177799,39.10299998824485,73.26080001075752,3,1,1,4,1,0.0,1,estabilizada,1,1,1,473.0,391.5,0.19798384606838226,0.6691657900810242,0.2175371441730531,0.6168290665362427,0.2046758941730531,0.6053845665362427,-3.027428342124293,0.22561530167908322,0.6094268658882223,-3.103869610538528,0.0,0.5417073139466931,-0.2508508750310102,1.5820917751802859
2026-08-18T02:32:41.540+00:00,1787020361.540714,180173.9302276,9.486906500009354,880,180173.8177799,39.10299998824485,73.26080001075752,10,0,0,4,1,0.0,1,estabilizada,1,1,1,,,,,,,,,,,,,nan,0.5417073139466931,-0.2508508750310102,1.5820917751802859
2026-08-18T02:32:41.683+00:00,1787020361.6836643,180174.073187,9.629865900002187,884,180173.9513915,37.65639997436665,84.11680001881905,1,0,0,4,1,0.0,1,estabilizada,1,1,1,,,,,,,,,,,,,nan,0.5417036811620589,-0.25085266827281893,1.5820876223374896
2026-08-18T02:32:41.684+00:00,1787020361.6846564,180174.0732276,9.629906499991193,884,180173.9513915,37.65639997436665,84.11680001881905,2,1,1,4,1,0.0,1,estabilizada,1,1,1,748.25,362.75,0.637923002243042,0.7135179042816162,0.6324493870178031,0.6586578887524734,0.6195881370178031,0.6472133887524735,-1.553622744615675,0.6200266807740976,0.6682547186809994,-1.50721273918954,0.0,0.5417036811620589,-0.25085266827281893,1.5820876223374896
2026-08-18T02:32:41.684+00:00,1787020361.6846564,180174.0732392,9.62991809999221,884,180173.9513915,37.65639997436665,84.11680001881905,3,1,1,4,1,0.0,1,estabilizada,1,1,1,467.75,391.5,0.1897408813238144,0.6693358421325684,0.20976294049310407,0.6169892054689649,0.19690169049310408,0.6055447054689649,-3.0312420694322793,0.21598407650673634,0.607896125540705,-3.0854244259938852,0.0,0.5417036811620589,-0.25085266827281893,1.5820876223374896
2026-08-18T02:32:41.684+00:00,1787020361.6846564,180174.0732484,9.629927300004056,884,180173.9513915,37.65639997436665,84.11680001881905,10,0,0,4,1,0.0,1,estabilizada,1,1,1,,,,,,,,,,,,,nan,0.5417036811620589,-0.25085266827281893,1.5820876223374896
2026-08-18T02:32:41.840+00:00,1787020361.8402443,180174.2290776,9.785756500001298,888,180174.0846052,53.092499991180375,91.35810000589117,1,0,0,4,1,0.0,1,estabilizada,1,1,1,,,,,,,,,,,,,nan,0.5416998921556527,-0.25085166326519814,1.5820849745354564
2026-08-18T02:32:41.840+00:00,1787020361.8402443,180174.2291191,9.785797999997158,888,180174.0846052,53.092499991180375,91.35810000589117,2,1,1,4,1,0.0,1,estabilizada,1,1,1,748.5,367.75,0.6379268765449524,0.7041253447532654,0.6324528162166948,0.6497996087118758,0.6195915662166949,0.6383551087118758,-1.5853387206378697,0.6198355290073841,0.6605835025852335,-1.52651118948411,0.0,0.5416998921556527,-0.25085166326519814,1.5820849745354564
2026-08-18T02:32:41.840+00:00,1787020361.8402443,180174.22913,9.785808899992844,888,180174.0846052,53.092499991180375,91.35810000589117,3,1,1,4,1,0.0,1,estabilizada,1,1,1,464.25,392.5,0.184367373585701,0.667635440826416,0.2046949332230958,0.6153855043825674,0.1918336832230958,0.6039410043825675,-2.9936768040319985,0.2108523732425306,0.6072637732735909,-3.0732993525322363,0.0,0.5416998921556527,-0.25085166326519814,1.5820849745354564
2026-08-18T02:32:41.840+00:00,1787020361.8402443,180174.2291399,9.78581880001002,888,180174.0846052,53.092499991180375,91.35810000589117,10,0,0,4,1,0.0,1,estabilizada,1,1,1,,,,,,,,,,,,,nan,0.5416998921556527,-0.25085166326519814,1.5820849745354564
2026-08-18T02:32:41.973+00:00,1787020361.9732306,180174.3624944,9.919173300004331,892,180174.2175342,70.09480000124313,74.823800008744,1,0,0,4,1,0.0,1,estabilizada,1,1,1,,,,,,,,,,,,,nan,0.5417003501966465,-0.2508479872318483,1.5820840777029952
2026-08-18T02:32:41.973+00:00,1787020361.973974,180174.3625351,9.9192139999941,892,180174.2175342,70.09480000124313,74.823800008744,2,1,1,4,1,0.0,1,estabilizada,1,1,1,747.5,372.25,0.6359413862228394,0.6957472562789917,0.6305802974147958,0.6418983027899541,0.6177190474147958,0.6304538027899541,-1.6198992744764522,0.6192732469519938,0.6447765386210715,-1.5527126463742285,0.0,0.5417003501966465,-0.2508479872318483,1.5820840777029952
2026-08-18T02:32:41.973+00:00,1787020361.973974,180174.3625497,9.919228599988855,892,180174.2175342,70.09480000124313,74.823800008744,3,1,1,4,1,0.0,1,estabilizada,1,1,1,460.5,392.75,0.17851664125919342,0.6673045754432678,0.19917706902345478,0.6150736404345954,0.1863158190234548,0.6036291404345955,-2.998434585107981,0.20742447108831383,0.6068029334541506,-3.0609438743600377,0.0,0.5417003501966465,-0.2508479872318483,1.5820840777029952
2026-08-18T02:32:41.973+00:00,1787020361.973974,180174.3625625,9.91924139999901,892,180174.2175342,70.09480000124313,74.823800008744,10,0,0,4,1,0.0,1,estabilizada,1,1,1,,,,,,,,,,,,,nan,0.5417003501966465,-0.2508479872318483,1.5820840777029952
2026-08-18T02:32:42.114+00:00,1787020362.1148548,180174.5042807,10.060959599999478,896,180174.3507005,75.7545999949798,77.80070000444539,1,0,0,4,1,0.0,1,estabilizada,1,1,1,,,,,,,,,,,,,nan,0.5416974386966663,-0.25084035982941205,1.582087605548331
2026-08-18T02:32:42.114+00:00,1787020362.1148548,180174.504324,10.061002900009044,896,180174.3507005,75.7545999949798,77.80070000444539,2,1,1,4,1,0.0,1,estabilizada,1,1,1,747.25,377.5,0.6351200938224792,0.6859862208366394,0.6298055720906633,0.6326930960031871,0.6169443220906634,0.6212485960031872,-1.584794370155613,0.6183311415738569,0.6341040224309145,-1.5721736342191939,0.0,0.5416974386966663,-0.25084035982941205,1.582087605548331
2026-08-18T02:32:42.114+00:00,1787020362.1148548,180174.5043361,10.061015000013867,896,180174.3507005,75.7545999949798,77.80070000444539,3,1,1,4,1,0.0,1,estabilizada,1,1,1,456.5,393.0,0.1722770482301712,0.6669816374778748,0.19329221516870576,0.614769623763864,0.18043096516870577,0.603325123763864,-2.998363780891918,0.19432037815203626,0.6049852758166651,-3.0530519688396094,0.0,0.5416974386966663,-0.25084035982941205,1.582087605548331
2026-08-18T02:32:42.114+00:00,1787020362.1148548,180174.5043464,10.061025300004985,896,180174.3507005,75.7545999949798,77.80070000444539,10,0,0,4,1,0.0,1,estabilizada,1,1,1,,,,,,,,,,,,,nan,0.5416974386966663,-0.25084035982941205,1.582087605548331
2026-08-18T02:32:42.255+00:00,1787020362.2558377,180174.6445923,10.20127119999961,900,180174.4881015,77.11990000098012,79.34850000310689,1,0,0,4,1,0.0,1,estabilizada,1,1,1,,,,,,,,,,,,,nan,0.5416975878926905,-0.25083380169420144,1.5820913028745334
2026-08-18T02:32:42.255+00:00,1787020362.2558377,180174.6446338,10.20131269999547,900,180174.4881015,77.11990000098012,79.34850000310689,2,1,1,4,1,0.0,1,estabilizada,1,1,1,746.25,382.75,0.6330907344818115,0.676295280456543,0.6278916772731182,0.6235539391433329,0.6150304272731182,0.6121094391433329,-1.653285963265983,0.6176786511697386,0.628813790881301,-1.5721736342191939,0.0,0.5416975878926905,-0.25083380169420144,1.5820913028745334
2026-08-18T02:32:42.255+00:00,1787020362.2558377,180174.6446453,10.201324199995724,900,180174.4881015,77.11990000098012,79.34850000310689,3,1,1,4,1,0.0,1,estabilizada,1,1,1,455.5,393.0,0.17070986330509186,0.6670142412185669,0.19181414164365485,0.6148008678740197,0.17895289164365485,0.6033563678740197,-2.988403305657921,0.18657888008883805,0.6040993829614534,-3.0530519688396094,0.0,0.5416975878926905,-0.25083380169420144,1.5820913028745334
2026-08-18T02:32:42.255+00:00,1787020362.2558377,180174.6446557,10.201334599987604,900,180174.4881015,77.11990000098012,79.34850000310689,10,0,0,4,1,0.0,1,estabilizada,1,1,1,,,,,,,,,,,,,nan,0.5416975878926905,-0.25083380169420144,1.5820913028745334
2026-08-18T02:32:42.395+00:00,1787020362.3958545,180174.7851712,10.341850099997828,904,180174.6179544,86.52660000370815,80.66910001798533,1,0,0,4,1,0.0,1,estabilizada,1,1,1,,,,,,,,,,,,,nan,0.5416967597389959,-0.2508268174687435,1.5820945231632715
2026-08-18T02:32:42.395+00:00,1787020362.3958545,180174.7852131,10.341891999996733,904,180174.6179544,86.52660000370815,80.66910001798533,2,1,1,4,1,0.0,1,estabilizada,1,1,1,746.25,387.5,0.6327216029167175,0.6675373315811157,0.6275435078243868,0.6152947049842992,0.6146822578243869,0.6038502049842992,-1.6546963307005491,0.6161019405308108,0.6169744222740501,-1.6105966452464178,0.0,0.5416967597389959,-0.2508268174687435,1.5820945231632715
2026-08-18T02:32:42.395+00:00,1787020362.3958545,180174.7852246,10.341903499996988,904,180174.6179544,86.52660000370815,80.66910001798533,3,1,1,4,1,0.0,1,estabilizada,1,1,1,455.25,393.5,0.1703808456659317,0.6661169528961182,0.19150375063608377,0.6139551268328842,0.17864250063608378,0.6025106268328843,-2.9983272498624642,0.18484280433341319,0.6039415411941079,-3.0530519688396094,0.0,0.5416967597389959,-0.2508268174687435,1.5820945231632715
2026-08-18T02:32:42.395+00:00,1787020362.3958545,180174.7852346,10.341913500014925,904,180174.6179544,86.52660000370815,80.66910001798533,10,0,0,4,1,0.0,1,estabilizada,1,1,1,,,,,,,,,,,,,nan,0.5416967597389959,-0.2508268174687435,1.5820945231632715
2026-08-18T02:32:42.529+00:00,1787020362.5295231,180174.9184824,10.475161300011678,909,180174.7927826,50.507199979620054,75.16820001183078,1,0,0,4,1,0.0,1,estabilizada,1,1,1,,,,,,,,,,,,,nan,0.5416942524954564,-0.25081719690517457,1.582099287363282
2026-08-18T02:32:42.529+00:00,1787020362.5295231,180174.9185267,10.475205599999754,909,180174.7927826,50.507199979620054,75.16820001183078,2,1,1,4,1,0.0,1,estabilizada,1,1,1,745.5,393.75,0.6310326457023621,0.6560946702957153,0.625950502342054,0.6045036805898095,0.6130892523420539,0.5930591805898096,-1.769450469814805,0.6141621991649595,0.6011212084131232,-1.6620484844834096,0.0,0.5416942524954564,-0.25081719690517457,1.582099287363282
2026-08-18T02:32:42.529+00:00,1787020362.5295231,180174.9185379,10.475216799997725,909,180174.7927826,50.507199979620054,75.16820001183078,3,1,1,4,1,0.0,1,estabilizada,1,1,1,455.0,393.0,0.16992677748203278,0.6670312881469727,0.19107530653988403,0.6148181531594937,0.17821405653988404,0.6033736531594938,-2.9983255130258546,0.18484280433341319,0.6039415411941079,-3.0530519688396094,0.0,0.5416942524954564,-0.25081719690517457,1.582099287363282
2026-08-18T02:32:42.529+00:00,1787020362.5295231,180174.918548,10.47522689998732,909,180174.7927826,50.507199979620054,75.16820001183078,10,0,0,4,1,0.0,1,estabilizada,1,1,1,,,,,,,,,,,,,nan,0.5416942524954564,-0.25081719690517457,1.582099287363282
2026-08-18T02:32:42.668+00:00,1787020362.6688051,180175.0582533,10.614932199998293,914,180174.9709278,4.034000012325123,83.25399999739602,1,0,0,4,1,0.0,1,estabilizada,1,1,1,,,,,,,,,,,,,nan,0.5416920959518156,-0.2508068867226442,1.5821042576445428
2026-08-18T02:32:42.668+00:00,1787020362.6688051,180175.0583073,10.614986200002022,914,180174.9709278,4.034000012325123,83.25399999739602,2,1,1,4,1,0.0,1,estabilizada,1,1,1,744.75,400.0,0.6293532252311707,0.6447160243988037,0.6243665111148153,0.5937730719280707,0.6115052611148153,0.5823285719280707,-1.61872876958564,0.613238385681939,0.5949432087588169,-1.6620484844834096,0.0,0.5416920959518156,-0.2508068867226442,1.5821042576445428
2026-08-18T02:32:42.668+00:00,1787020362.6688051,180175.0583222,10.615001099999063,914,180174.9709278,4.034000012325123,83.25399999739602,3,1,1,4,1,0.0,1,estabilizada,1,1,1,455.0,393.25,0.16995857656002045,0.6665792465209961,0.19110510756997506,0.6143925770313058,0.17824385756997507,0.6029480770313058,-3.0613153494737317,0.18484280433341319,0.6039415411941079,-3.0530519688396094,0.0,0.5416920959518156,-0.2508068867226442,1.5821042576445428
2026-08-18T02:32:42.668+00:00,1787020362.6688051,180175.0583356,10.615014500013785,914,180174.9709278,4.034000012325123,83.25399999739602,10,0,0,4,1,0.0,1,estabilizada,1,1,1,,,,,,,,,,,,,nan,0.5416920959518156,-0.2508068867226442,1.5821042576445428
2026-08-18T02:32:42.812+00:00,1787020362.8122842,180175.2011025,10.75778139999602,915,180174.9851018,135.74649998918176,80.22890001302585,1,0,0,4,1,0.0,1,estabilizada,1,1,1,,,,,,,,,,,,,nan,0.5416874873159828,-0.25079817263424564,1.5821087814860915
2026-08-18T02:32:42.812+00:00,1787020362.8122842,180175.2011467,10.757825600012438,915,180174.9851018,135.74649998918176,80.22890001302585,2,1,1,4,1,0.0,1,estabilizada,1,1,1,744.75,401.5,0.6292412877082825,0.6419893503189087,0.6242606933727239,0.5912021490808815,0.6113994433727239,0.5797576490808816,-1.6191173584499658,0.6122864941327045,0.587349901344719,-1.6620484844834096,0.0,0.5416874873159828,-0.25079817263424564,1.5821087814860915
2026-08-18T02:32:42.812+00:00,1787020362.8122842,180175.2011584,10.757837300014216,915,180174.9851018,135.74649998918176,80.22890001302585,3,1,1,4,1,0.0,1,estabilizada,1,1,1,455.25,393.5,0.17038235068321228,0.6661189198493958,0.19150445220240114,0.613959081481004,0.17864320220240115,0.602514581481004,-2.9983242059457456,0.18484280433341319,0.6039415411941079,-3.0530519688396094,0.0,0.5416874873159828,-0.25079817263424564,1.5821087814860915
2026-08-18T02:32:42.812+00:00,1787020362.8122842,180175.2011977,10.757876599993324,915,180174.9851018,135.74649998918176,80.22890001302585,10,0,0,4,1,0.0,1,estabilizada,1,1,1,,,,,,,,,,,,,nan,0.5416874873159828,-0.25079817263424564,1.5821087814860915
2026-08-18T02:32:42.952+00:00,1787020362.9521456,180175.3411412,10.897820100013632,920,180175.1557985,103.83870001533069,81.48059999803081,1,0,0,4,1,0.0,1,estabilizada,1,1,1,,,,,,,,,,,,,nan,0.541677148819078,-0.25079081677302606,1.5821121653147612
2026-08-18T02:32:42.952+00:00,1787020362.9521456,180175.3411829,10.897861800011015,920,180175.1557985,103.83870001533069,81.48059999803081,2,1,1,4,1,0.0,1,estabilizada,1,1,1,744.75,407.75,0.6287712454795837,0.6306629180908203,0.6238168124935469,0.5805205591121424,0.610955562493547,0.5690760591121424,-1.6516325942224515,0.6120936859530638,0.5856047942738646,-1.6541137003217798,0.0,0.541677148819078,-0.25079081677302606,1.5821121653147612
2026-08-18T02:32:42.952+00:00,1787020362.9521456,180175.3411943,10.897873200010508,920,180175.1557985,103.83870001533069,81.48059999803081,3,1,1,4,1,0.0,1,estabilizada,1,1,1,455.0,393.0,0.16992884874343872,0.6670330762863159,0.19107611487305048,0.6148217652387792,0.1782148648730505,0.6033772652387792,-2.9983235914794983,0.18484280433341319,0.6039415411941079,-3.0530519688396094,0.0,0.541677148819078,-0.25079081677302606,1.5821121653147612
2026-08-18T02:32:42.952+00:00,1787020362.9521456,180175.341204,10.897882899997057,920,180175.1557985,103.83870001533069,81.48059999803081,10,0,0,4,1,0.0,1,estabilizada,1,1,1,,,,,,,,,,,,,nan,0.541677148819078,-0.25079081677302606,1.5821121653147612
2026-08-18T02:32:43.092+00:00,1787020363.0921986,180175.4809976,11.037676500011003,925,180175.3186134,86.51719999033958,75.82959998399019,1,0,0,4,1,0.0,1,estabilizada,1,1,1,,,,,,,,,,,,,nan,0.5416642165030198,-0.2507848304327296,1.5821151244571512
2026-08-18T02:32:43.092+00:00,1787020363.0921986,180175.4810571,11.037735999998404,925,180175.3186134,86.51719999033958,75.82959998399019,2,1,1,4,1,0.0,1,estabilizada,1,1,1,744.0,413.5,0.627146303653717,0.6203231811523438,0.6222835805025162,0.5707694414587441,0.6094223305025162,0.5593249414587441,-1.5526874736345957,0.6118062170597763,0.5816513977934148,-1.6541137003217798,0.0,0.5416642165030198,-0.2507848304327296,1.5821151244571512
2026-08-18T02:32:43.092+00:00,1787020363.0921986,180175.4810725,11.037751399999252,925,180175.3186134,86.51719999033958,75.82959998399019,3,1,1,4,1,0.0,1,estabilizada,1,1,1,455.25,393.5,0.17038434743881226,0.6661190986633301,0.19150492690817544,0.6139602182234759,0.17864367690817545,0.6025157182234759,-2.9983229770174393,0.18484280433341319,0.6039415411941079,-3.0530519688396094,0.0,0.5416642165030198,-0.2507848304327296,1.5821151244571512
2026-08-18T02:32:43.092+00:00,1787020363.0921986,180175.4811056,11.037784499989357,925,180175.3186134,86.51719999033958,75.82959998399019,10,0,0,4,1,0.0,1,estabilizada,1,1,1,,,,,,,,,,,,,nan,0.5416642165030198,-0.2507848304327296,1.5821151244571512
2026-08-18T02:32:43.230+00:00,1787020363.2309642,180175.6198357,11.176514599996153,930,180175.4914177,53.4256000246387,74.93269999395125,1,0,0,4,1,0.0,1,estabilizada,1,1,1,,,,,,,,,,,,,nan,0.5416503841449986,-0.25077832443166165,1.5821170614188629
2026-08-18T02:32:43.231+00:00,1787020363.2314203,180175.6201255,11.176804399990942,930,180175.4914177,53.4256000246387,74.93269999395125,2,1,1,4,1,0.0,1,estabilizada,1,1,1,744.25,420.25,0.6270442605018616,0.608212411403656,0.6221865612458879,0.5593480333431307,0.6093253112458878,0.5479035333431307,-1.6187309663248899,0.6108237379322973,0.5734343026805869,-1.6449063956321979,0.0,0.5416503841449986,-0.25077832443166165,1.5821170614188629
2026-08-18T02:32:43.231+00:00,1787020363.2314203,180175.6203221,11.177001000003656,930,180175.4914177,53.4256000246387,74.93269999395125,3,1,1,4,1,0.0,1,estabilizada,1,1,1,455.0,393.0,0.1699308454990387,0.6670325994491577,0.19107641006815712,0.6148221877396762,0.17821516006815713,0.6033776877396763,-2.9983210448829367,0.18484280433341319,0.6039415411941079,-3.0530519688396094,0.0,0.5416503841449986,-0.25077832443166165,1.5821170614188629
2026-08-18T02:32:43.231+00:00,1787020363.2314203,180175.620347,11.17702589998953,930,180175.4914177,53.4256000246387,74.93269999395125,10,0,0,4,1,0.0,1,estabilizada,1,1,1,,,,,,,,,,,,,nan,0.5416503841449986,-0.25077832443166165,1.5821170614188629
2026-08-18T02:32:43.366+00:00,1787020363.3667147,180175.756036,11.31271490000654,935,180175.6682254,7.817100005922839,79.91169998422265,1,0,0,4,1,0.0,1,estabilizada,1,1,1,,,,,,,,,,,,,nan,0.54163674611189,-0.2507713340171106,1.5821181650128424
2026-08-18T02:32:43.366+00:00,1787020363.3667147,180175.7560897,11.312768600007985,935,180175.6682254,7.817100005922839,79.91169998422265,2,1,1,4,1,0.0,1,estabilizada,1,1,1,743.5,427.25,0.6253402233123779,0.59576416015625,0.6205786870917361,0.5476083421140596,0.6077174370917362,0.5361638421140597,-1.506549992023133,0.609232075937094,0.5498053897690838,-1.6009059733372657,0.0,0.54163674611189,-0.2507713340171106,1.5821181650128424
2026-08-18T02:32:43.366+00:00,1787020363.3667147,180175.7561016,11.312780500011286,935,180175.6682254,7.817100005922839,79.91169998422265,3,1,1,4,1,0.0,1,estabilizada,1,1,1,455.25,393.5,0.17038613557815552,0.6661185622215271,0.19150501006359255,0.6139605802917718,0.17864376006359256,0.6025160802917718,-2.998319034618728,0.18484280433341319,0.6039415411941079,-3.0530519688396094,0.0,0.54163674611189,-0.2507713340171106,1.5821181650128424
2026-08-18T02:32:43.366+00:00,1787020363.3667147,180175.7561119,11.312790800002404,935,180175.6682254,7.817100005922839,79.91169998422265,10,0,0,4,1,0.0,1,estabilizada,1,1,1,,,,,,,,,,,,,nan,0.54163674611189,-0.2507713340171106,1.5821181650128424
2026-08-18T02:32:43.505+00:00,1787020363.5056384,180175.8943761,11.451055000012275,936,180175.6855725,129.55140002304688,79.22189999953844,1,0,0,4,1,0.0,1,estabilizada,1,1,1,,,,,,,,,,,,,nan,0.5416249706484734,-0.25076424294689803,1.5821189097938257
2026-08-18T02:32:43.505+00:00,1787020363.5056384,180175.894419,11.45109789998969,936,180175.6855725,129.55140002304688,79.22189999953844,2,1,1,4,1,0.0,1,estabilizada,1,1,1,743.25,427.5,0.624926745891571,0.5953297019004822,0.6201880630242663,0.5471990243863707,0.6073268130242664,0.5357545243863707,-1.5546614197526936,0.6085271051005717,0.5443064664679044,-1.5840538608099533,0.0,0.5416249706484734,-0.25076424294689803,1.5821189097938257
2026-08-18T02:32:43.505+00:00,1787020363.5056384,180175.8944305,11.451109399989946,936,180175.6855725,129.55140002304688,79.22189999953844,3,1,1,4,1,0.0,1,estabilizada,1,1,1,455.0,394.0,0.17005792260169983,0.6652213335037231,0.19119478792654926,0.6131148190247963,0.17833353792654927,0.6016703190247963,-3.061402751322892,0.18484280433341319,0.6039415411941079,-3.0530519688396094,0.0,0.5416249706484734,-0.25076424294689803,1.5821189097938257
2026-08-18T02:32:43.505+00:00,1787020363.5056384,180175.8944402,11.451119100005599,936,180175.6855725,129.55140002304688,79.22189999953844,10,0,0,4,1,0.0,1,estabilizada,1,1,1,,,,,,,,,,,,,nan,0.5416249706484734,-0.25076424294689803,1.5821189097938257
2026-08-18T02:32:43.648+00:00,1787020363.6484382,180176.0378591,11.594538000004832,941,180175.8507622,103.08719999738969,83.98330002091825,1,0,0,4,1,0.0,1,estabilizada,1,1,1,,,,,,,,,,,,,nan,0.5416136502278258,-0.25075634757999266,1.5821200992767483
2026-08-18T02:32:43.648+00:00,1787020363.6484382,180176.0379104,11.594589299988002,941,180175.8507622,103.08719999738969,83.98330002091825,2,1,1,4,1,0.0,1,estabilizada,1,1,1,743.25,434.5,0.6244181990623474,0.5829339027404785,0.6197078048270971,0.5355088541849721,0.6068465548270972,0.5240643541849721,-1.618734508878394,0.6082631123727349,0.542425548845457,-1.5840538608099533,0.0,0.5416136502278258,-0.25075634757999266,1.5821200992767483
2026-08-18T02:32:43.648+00:00,1787020363.6484382,180176.0379243,11.594603200006532,941,180175.8507622,103.08719999738969,83.98330002091825,3,1,1,4,1,0.0,1,estabilizada,1,1,1,455.25,393.5,0.17038771510124207,0.6661185026168823,0.1915051600895623,0.613961440358814,0.17864391008956232,0.602516940358814,-2.998316868083516,0.18484280433341319,0.6039415411941079,-3.0530519688396094,0.0,0.5416136502278258,-0.25075634757999266,1.5821200992767483
2026-08-18T02:32:43.648+00:00,1787020363.6484382,180176.0379383,11.59461719999672,941,180175.8507622,103.08719999738969,83.98330002091825,10,0,0,4,1,0.0,1,estabilizada,1,1,1,,,,,,,,,,,,,nan,0.5416136502278258,-0.25075634757999266,1.5821200992767483
2026-08-18T02:32:43.798+00:00,1787020363.7980537,180176.187552,11.744230899988906,946,180176.0194823,87.13850000640377,80.90509998146445,1,0,0,4,1,0.0,1,estabilizada,1,1,1,,,,,,,,,,,,,nan,0.5416019044399739,-0.25075347784068863,1.5821176526574
2026-08-18T02:32:43.799+00:00,1787020363.799054,180176.187595,11.744273899996188,946,180176.0194823,87.13850000640377,80.90509998146445,2,1,1,4,1,0.0,1,estabilizada,1,1,1,742.75,441.25,0.6231436133384705,0.5710699558258057,0.6185050494563609,0.5243198870772832,0.6056437994563608,0.5128753870772832,-1.5519219991499855,0.6077180360317618,0.5344825143863289,-1.5840538608099533,0.0,0.5416019044399739,-0.25075347784068863,1.5821176526574
2026-08-18T02:32:43.799+00:00,1787020363.799054,180176.1876066,11.744285499997204,946,180176.0194823,87.13850000640377,80.90509998146445,3,1,1,4,1,0.0,1,estabilizada,1,1,1,454.75,394.0,0.16966794431209564,0.665229320526123,0.19082569851279269,0.6131229226772996,0.1779644485127927,0.6016784226772997,-3.05830741465848,0.18484280433341319,0.6039415411941079,-3.0530519688396094,0.0,0.5416019044399739,-0.25075347784068863,1.5821176526574
2026-08-18T02:32:43.799+00:00,1787020363.799054,180176.1876204,11.744299299985869,946,180176.0194823,87.13850000640377,80.90509998146445,10,0,0,4,1,0.0,1,estabilizada,1,1,1,,,,,,,,,,,,,nan,0.5416019044399739,-0.25075347784068863,1.5821176526574
2026-08-18T02:32:43.939+00:00,1787020363.9392564,180176.3318799,11.888558800012106,951,180176.1870256,67.28770001791418,77.5442999729421,1,0,0,4,1,0.0,1,estabilizada,1,1,1,,,,,,,,,,,,,nan,0.5415900046356987,-0.2507514793846838,1.5821140852296571
2026-08-18T02:32:43.939+00:00,1787020363.9392564,180176.3319222,11.888601100014057,951,180176.1870256,67.28770001791418,77.5442999729421,2,1,1,4,1,0.0,1,estabilizada,1,1,1,742.5,447.75,0.6222864389419556,0.5597028136253357,0.6176959488152535,0.5135993833785126,0.6048346988152535,0.5021548833785127,-1.61834974828614,0.6063249749883775,0.5181579034288667,-1.5840538608099533,0.0,0.5415900046356987,-0.2507514793846838,1.5821140852296571
2026-08-18T02:32:43.939+00:00,1787020363.9392564,180176.3319336,11.88861250001355,951,180176.1870256,67.28770001791418,77.5442999729421,3,1,1,4,1,0.0,1,estabilizada,1,1,1,454.75,393.75,0.16963739693164825,0.6656818985939026,0.19079625962422414,0.613549751621644,0.17793500962422415,0.6021052516216441,-3.058306181443505,0.18484280433341319,0.6039415411941079,-3.0530519688396094,0.0,0.5415900046356987,-0.2507514793846838,1.5821140852296571
2026-08-18T02:32:43.939+00:00,1787020363.9392564,180176.3319433,11.8886222000001,951,180176.1870256,67.28770001791418,77.5442999729421,10,0,0,4,1,0.0,1,estabilizada,1,1,1,,,,,,,,,,,,,nan,0.5415900046356987,-0.2507514793846838,1.5821140852296571
2026-08-18T02:32:44.080+00:00,1787020364.080201,180176.4688326,12.02551149998908,956,180176.3555137,35.66560000763275,77.63089999207295,1,0,0,4,1,0.0,1,estabilizada,1,1,1,,,,,,,,,,,,,nan,0.5415845600488853,-0.25074918347121644,1.5821126324988977
2026-08-18T02:32:44.080+00:00,1787020364.080201,180176.4688765,12.025555400003213,956,180176.3555137,35.66560000763275,77.63089999207295,2,1,1,4,1,0.0,1,estabilizada,1,1,1,741.5,454.5,0.6202428340911865,0.5479937195777893,0.61576828245789,0.5025564606887887,0.60290703245789,0.4911119606887887,-1.6179627470007556,0.60541795131282,0.5109415811446713,-1.6047397865621933,0.0,0.5415845600488853,-0.25074918347121644,1.5821126324988977
2026-08-18T02:32:44.080+00:00,1787020364.080201,180176.4688884,12.025567300006514,956,180176.3555137,35.66560000763275,77.63089999207295,3,1,1,4,1,0.0,1,estabilizada,1,1,1,455.0,393.5,0.16999851167201996,0.6661269664764404,0.19113654171296346,0.6139695841256319,0.17827529171296347,0.6025250841256319,-3.061399212832376,0.18484280433341319,0.6039415411941079,-3.0530519688396094,0.0,0.5415845600488853,-0.25074918347121644,1.5821126324988977
2026-08-18T02:32:44.080+00:00,1787020364.080201,180176.4688988,12.025577699998394,956,180176.3555137,35.66560000763275,77.63089999207295,10,0,0,4,1,0.0,1,estabilizada,1,1,1,,,,,,,,,,,,,nan,0.5415845600488853,-0.25074918347121644,1.5821126324988977
2026-08-18T02:32:44.210+00:00,1787020364.2108212,180176.599472,12.156150900002103,959,180176.5206508,2.788799989502877,76.0065000213217,1,0,0,4,1,0.0,1,estabilizada,1,1,1,,,,,,,,,,,,,nan,0.541576633203255,-0.25074545590261277,1.5821118598632302
2026-08-18T02:32:44.210+00:00,1787020364.2108212,180176.5995338,12.156212700007018,959,180176.5206508,2.788799989502877,76.0065000213217,2,1,1,4,1,0.0,1,estabilizada,1,1,1,741.5,458.5,0.6199631690979004,0.5410654544830322,0.615504073373071,0.4960225066722064,0.602642823373071,0.4845780066722064,-1.6179641196553005,0.6043439210398128,0.5017111997453911,-1.6047397865621933,0.0,0.541576633203255,-0.25074545590261277,1.5821118598632302
2026-08-18T02:32:44.210+00:00,1787020364.2108212,180176.5995479,12.156226799997967,959,180176.5206508,2.788799989502877,76.0065000213217,3,1,1,4,1,0.0,1,estabilizada,1,1,1,454.75,393.0,0.16954483091831207,0.6670410633087158,0.1907082284346795,0.6148318682293235,0.1778469784346795,0.6033873682293235,-2.998314349920871,0.18484280433341319,0.6039415411941079,-3.0530519688396094,0.0,0.541576633203255,-0.25074545590261277,1.5821118598632302
2026-08-18T02:32:44.210+00:00,1787020364.2108212,180176.5995789,12.156257800001185,959,180176.5206508,2.788799989502877,76.0065000213217,10,0,0,4,1,0.0,1,estabilizada,1,1,1,,,,,,,,,,,,,nan,0.541576633203255,-0.25074545590261277,1.5821118598632302
2026-08-18T02:32:44.343+00:00,1787020364.3439152,180176.732527,12.289205899985973,962,180176.551717,103.88390001025982,76.90419998834841,1,0,0,4,1,0.0,1,estabilizada,1,1,1,,,,,,,,,,,,,nan,0.5415696139341393,-0.2507409122159001,1.5821127325035484
2026-08-18T02:32:44.343+00:00,1787020364.3439152,180176.73257,12.289248899993254,962,180176.551717,103.88390001025982,76.90419998834841,2,1,1,4,1,0.0,1,estabilizada,1,1,1,740.5,463.0,0.6180905103683472,0.533336877822876,0.6137375457928198,0.48873386082305437,0.6008762957928198,0.4772893608230544,-1.6798566347254003,0.6031076198662414,0.48989929323434245,-1.6128768139352339,0.0,0.5415696139341393,-0.2507409122159001,1.5821127325035484
2026-08-18T02:32:44.343+00:00,1787020364.3439152,180176.7325822,12.28926109999884,962,180176.551717,103.88390001025982,76.90419998834841,3,1,1,4,1,0.0,1,estabilizada,1,1,1,455.0,393.5,0.16999976336956024,0.6661270260810852,0.19113687064629292,0.6139701141547451,0.17827562064629293,0.6025256141547451,-3.06139905437563,0.18484280433341319,0.6039415411941079,-3.0450697198385255,0.0,0.5415696139341393,-0.2507409122159001,1.5821127325035484
2026-08-18T02:32:44.343+00:00,1787020364.3439152,180176.7325957,12.289274600014323,962,180176.551717,103.88390001025982,76.90419998834841,10,0,0,4,1,0.0,1,estabilizada,1,1,1,,,,,,,,,,,,,nan,0.5415696139341393,-0.2507409122159001,1.5821127325035484
2026-08-18T02:32:44.487+00:00,1787020364.487867,180176.8766156,12.433294499991462,967,180176.7182022,77.79650000156835,80.59310002136044,1,0,0,4,1,0.0,1,estabilizada,1,1,1,,,,,,,,,,,,,nan,0.5415645651145169,-0.2507383668867746,1.5821127436982618
2026-08-18T02:32:44.487+00:00,1787020364.487867,180176.876659,12.433337900001789,967,180176.7182022,77.79650000156835,80.59310002136044,2,1,1,4,1,0.0,1,estabilizada,1,1,1,739.75,469.75,0.6164608597755432,0.5217722654342651,0.6122003122599877,0.47782725760481465,0.5993390622599877,0.4663827576048147,-1.7374059354164495,0.6023310310774516,0.48471723190764493,-1.6364648705022957,0.0,0.5415645651145169,-0.2507383668867746,1.5821127436982618
2026-08-18T02:32:44.487+00:00,1787020364.487867,180176.8766705,12.433349400002044,967,180176.7182022,77.79650000156835,80.59310002136044,3,1,1,4,1,0.0,1,estabilizada,1,1,1,455.0,393.5,0.17000024020671844,0.6661267876625061,0.19113703300160645,0.6139700344613745,0.17827578300160646,0.6025255344613746,-3.0613978145081426,0.18484280433341319,0.6039415411941079,-3.0450697198385255,0.0,0.5415645651145169,-0.2507383668867746,1.5821127436982618
2026-08-18T02:32:44.487+00:00,1787020364.487867,180176.87668,12.43335889998707,967,180176.7182022,77.79650000156835,80.59310002136044,10,0,0,4,1,0.0,1,estabilizada,1,1,1,,,,,,,,,,,,,nan,0.5415645651145169,-0.2507383668867746,1.5821127436982618
2026-08-18T02:32:44.619+00:00,1787020364.6193497,180177.0078833,12.56456219998654,970,180176.8192912,113.52149999584071,75.0285999965854,1,0,0,4,1,0.0,1,estabilizada,1,1,1,,,,,,,,,,,,,nan,0.5415601296755289,-0.2507388010037263,1.5821104786426181
2026-08-18T02:32:44.619+00:00,1787020364.6193497,180177.00799,12.564668900013203,970,180176.8192912,113.52149999584071,75.0285999965854,2,1,1,4,1,0.0,1,estabilizada,1,1,1,739.5,473.75,0.6158013343811035,0.514943540096283,0.6115780462392828,0.471386903799857,0.5987167962392828,0.459942403799857,-1.7110294227094254,0.6004456370823967,0.47255217174978403,-1.6741194932491361,0.0,0.5415601296755289,-0.2507388010037263,1.5821104786426181
2026-08-18T02:32:44.619+00:00,1787020364.6193497,180177.0080117,12.564690600003814,970,180176.8192912,113.52149999584071,75.0285999965854,3,1,1,4,1,0.0,1,estabilizada,1,1,1,455.25,392.75,0.17029857635498047,0.6674772500991821,0.19141817593409255,0.6152435750715299,0.17855692593409256,0.60379907507153,-2.9983127587368528,0.18484280433341319,0.6039415411941079,-3.0450697198385255,0.0,0.5415601296755289,-0.2507388010037263,1.5821104786426181
2026-08-18T02:32:44.619+00:00,1787020364.6193497,180177.0080318,12.564710700011346,970,180176.8192912,113.52149999584071,75.0285999965854,10,0,0,4,1,0.0,1,estabilizada,1,1,1,,,,,,,,,,,,,nan,0.5415601296755289,-0.2507388010037263,1.5821104786426181
2026-08-18T02:32:44.759+00:00,1787020364.7596025,180177.1483897,12.705068600014783,976,180177.0182376,53.609499998856336,76.51970000006258,1,0,0,4,1,0.0,1,estabilizada,1,1,1,,,,,,,,,,,,,nan,0.5415555795339513,-0.25073649972644596,1.5821112048385337
2026-08-18T02:32:44.759+00:00,1787020364.7596025,180177.1484362,12.705115099990508,976,180177.0182376,53.609499998856336,76.51970000006258,2,1,1,4,1,0.0,1,estabilizada,1,1,1,738.5,482.25,0.6136828064918518,0.5005282759666443,0.6095797760560908,0.4577918174891388,0.5967185260560908,0.4463473174891388,-1.6484435836468032,0.5997368601492166,0.46738251562368044,-1.6831429041443622,0.0,0.5415555795339513,-0.25073649972644596,1.5821112048385337
2026-08-18T02:32:44.759+00:00,1787020364.7596025,180177.1484481,12.705126999993809,976,180177.0182376,53.609499998856336,76.51970000006258,3,1,1,4,1,0.0,1,estabilizada,1,1,1,454.5,393.25,0.16918623447418213,0.6665955185890198,0.19036884221558897,0.6144121566382915,0.17750759221558898,0.6029676566382915,-2.9983127587368528,0.18484280433341319,0.6039415411941079,-3.037352810412258,0.0,0.5415555795339513,-0.25073649972644596,1.5821112048385337
2026-08-18T02:32:44.759+00:00,1787020364.7596025,180177.1484583,12.705137200013269,976,180177.0182376,53.609499998856336,76.51970000006258,10,0,0,4,1,0.0,1,estabilizada,1,1,1,,,,,,,,,,,,,nan,0.5415555795339513,-0.25073649972644596,1.5821112048385337
2026-08-18T02:32:44.898+00:00,1787020364.8986397,180177.2874127,12.84409160001087,981,180177.1840537,26.53279999503866,76.80270000128075,1,0,0,4,1,0.0,1,estabilizada,1,1,1,,,,,,,,,,,,,nan,0.5415479534374184,-0.2507305393155591,1.5821144464586283
2026-08-18T02:32:44.898+00:00,1787020364.8986397,180177.2874603,12.84413919999497,981,180177.1840537,26.53279999503866,76.80270000128075,2,1,1,4,1,0.0,1,estabilizada,1,1,1,737.75,487.75,0.6121612191200256,0.49126049876213074,0.6081443201367315,0.44905167273410906,0.5952830701367315,0.4376071727341091,-1.6492537763235455,0.5986613425173892,0.457917082240243,-1.6831429041443622,0.0,0.5415479534374184,-0.2507305393155591,1.5821144464586283
2026-08-18T02:32:44.898+00:00,1787020364.8986397,180177.2874729,12.844151800003601,981,180177.1840537,26.53279999503866,76.80270000128075,3,1,1,4,1,0.0,1,estabilizada,1,1,1,455.0,393.0,0.16993823647499084,0.6670311093330383,0.1910775886890363,0.6148234143946218,0.1782163386890363,0.6033789143946219,-2.9983115973227874,0.18484280433341319,0.6039415411941079,-3.037352810412258,0.0,0.5415479534374184,-0.2507305393155591,1.5821144464586283
2026-08-18T02:32:44.898+00:00,1787020364.8986397,180177.2874856,12.844164500012994,981,180177.1840537,26.53279999503866,76.80270000128075,10,0,0,4,1,0.0,1,estabilizada,1,1,1,,,,,,,,,,,,,nan,0.5415479534374184,-0.2507305393155591,1.5821144464586283
2026-08-18T02:32:45.031+00:00,1787020365.0311778,180177.4201964,12.9768752999953,985,180177.3225433,20.17630002228543,77.45159999467432,1,0,0,4,1,0.0,1,estabilizada,1,1,1,,,,,,,,,,,,,nan,0.5415392953770639,-0.250725698949539,1.582117019107561
2026-08-18T02:32:45.031+00:00,1787020365.0311778,180177.4202368,12.976915700011887,985,180177.3225433,20.17630002228543,77.45159999467432,2,1,1,4,1,0.0,1,estabilizada,1,1,1,737.75,493.25,0.6118011474609375,0.4820070266723633,0.6078042454548421,0.44032493583487897,0.5949429954548422,0.428880435834879,-1.6482044057571783,0.5971050792090071,0.44840711900122876,-1.6831429041443622,0.0,0.5415392953770639,-0.250725698949539,1.582117019107561
2026-08-18T02:32:45.031+00:00,1787020365.0311778,180177.4202491,12.97692799998913,985,180177.3225433,20.17630002228543,77.45159999467432,3,1,1,4,1,0.0,1,estabilizada,1,1,1,455.0,393.0,0.16993845999240875,0.6670300960540771,0.19107727259647522,0.6148228189988583,0.17821602259647523,0.6033783189988583,-2.9983095089206633,0.18484280433341319,0.6039415411941079,-3.037352810412258,0.0,0.5415392953770639,-0.250725698949539,1.582117019107561
2026-08-18T02:32:45.031+00:00,1787020365.0311778,180177.4202589,12.976937800005544,985,180177.3225433,20.17630002228543,77.45159999467432,10,0,0,4,1,0.0,1,estabilizada,1,1,1,,,,,,,,,,,,,nan,0.5415392953770639,-0.250725698949539,1.582117019107561
2026-08-18T02:32:45.168+00:00,1787020365.1680455,180177.5575772,13.114256100001512,989,180177.4508432,30.341400008182973,76.36979999369942,1,0,0,4,1,0.0,1,estabilizada,1,1,1,,,,,,,,,,,,,nan,0.5415309461387808,-0.2507217970863171,1.5821190883616731
2026-08-18T02:32:45.169+00:00,1787020365.1690822,180177.5577271,13.114406000007875,989,180177.4508432,30.341400008182973,76.36979999369942,2,1,1,4,1,0.0,1,estabilizada,1,1,1,737.75,498.75,0.6114428043365479,0.4727964699268341,0.6074658172158661,0.4316386048140292,0.5946045672158662,0.42019410481402925,-1.6494059351386179,0.595710839797083,0.4342073846413161,-1.6831429041443622,0.0,0.5415309461387808,-0.2507217970863171,1.5821190883616731
2026-08-18T02:32:45.169+00:00,1787020365.1690822,180177.5577636,13.114442499994766,989,180177.4508432,30.341400008182973,76.36979999369942,3,1,1,4,1,0.0,1,estabilizada,1,1,1,455.25,392.75,0.17029911279678345,0.6674737334251404,0.19141690680265544,0.6152415099762694,0.17855565680265545,0.6037970099762694,-2.998308464720935,0.18484280433341319,0.6039415411941079,-3.037352810412258,0.0,0.5415309461387808,-0.2507217970863171,1.5821190883616731
2026-08-18T02:32:45.169+00:00,1787020365.1690822,180177.557779,13.114457899995614,989,180177.4508432,30.341400008182973,76.36979999369942,10,0,0,4,1,0.0,1,estabilizada,1,1,1,,,,,,,,,,,,,nan,0.5415309461387808,-0.2507217970863171,1.5821190883616731
2026-08-18T02:32:45.315+00:00,1787020365.3151283,180177.703781,13.260459899989655,994,180177.6186891,1.9906999950762838,83.07550000608899,1,0,0,4,1,0.0,1,estabilizada,1,1,1,,,,,,,,,,,,,nan,0.5415233271394627,-0.25071833410609234,1.5821203734066591
2026-08-18T02:32:45.315+00:00,1787020365.3151283,180177.7038408,13.260519700008444,994,180177.6186891,1.9906999950762838,83.07550000608899,2,1,1,4,1,0.0,1,estabilizada,1,1,1,736.6204833984375,505.2732849121094,0.6092908978462219,0.4619729518890381,0.6054358932169119,0.4214310204293924,0.5925746432169119,0.40998652042939243,-1.554985145274121,0.5953445085246684,0.4306519543815776,-1.6741969980151654,0.0,0.5415233271394627,-0.25071833410609234,1.5821203734066591
2026-08-18T02:32:45.315+00:00,1787020365.3151283,180177.7038615,13.260540399991442,994,180177.6186891,1.9906999950762838,83.07550000608899,3,1,1,4,1,0.0,1,estabilizada,1,1,1,455.25,392.75,0.17029930651187897,0.6674728393554688,0.19141663893364852,0.6152409061849198,0.17855538893364853,0.6037964061849198,-2.998307420522104,0.18484280433341319,0.6039415411941079,-3.037352810412258,0.0,0.5415233271394627,-0.25071833410609234,1.5821203734066591
2026-08-18T02:32:45.315+00:00,1787020365.3151283,180177.7038815,13.260560399998212,994,180177.6186891,1.9906999950762838,83.07550000608899,10,0,0,4,1,0.0,1,estabilizada,1,1,1,,,,,,,,,,,,,nan,0.5415233271394627,-0.25071833410609234,1.5821203734066591
2026-08-18T02:32:45.450+00:00,1787020365.450921,180177.8399444,13.396623300010106,998,180177.7513618,14.670999982627109,73.89020000118762,1,0,0,4,1,0.0,1,estabilizada,1,1,1,,,,,,,,,,,,,nan,0.5415132333932866,-0.25071537243166814,1.582120659122
2026-08-18T02:32:45.450+00:00,1787020365.450921,180177.8399895,13.396668400004273,998,180177.7513618,14.670999982627109,73.89020000118762,2,1,1,4,1,0.0,1,estabilizada,1,1,1,736.75,511.25,0.609107255935669,0.4520621597766876,0.6052621244068319,0.41208418620427206,0.5924008744068319,0.4006396862042721,-1.5854205851136267,0.5950871072829069,0.42815374515739346,-1.6644544112807382,0.0,0.5415132333932866,-0.25071537243166814,1.582120659122
2026-08-18T02:32:45.450+00:00,1787020365.450921,180177.8400008,13.396679700003006,998,180177.7513618,14.670999982627109,73.89020000118762,3,1,1,4,1,0.0,1,estabilizada,1,1,1,454.5,393.25,0.16918711364269257,0.6665903329849243,0.19036713590227772,0.614408779693465,0.17750588590227773,0.602964279693465,-2.998306259107518,0.18484280433341319,0.6039415411941079,-3.037352810412258,0.0,0.5415132333932866,-0.25071537243166814,1.582120659122
2026-08-18T02:32:45.450+00:00,1787020365.450921,180177.8400113,13.396690199995646,998,180177.7513618,14.670999982627109,73.89020000118762,10,0,0,4,1,0.0,1,estabilizada,1,1,1,,,,,,,,,,,,,nan,0.5415132333932866,-0.25071537243166814,1.582120659122
2026-08-18T02:32:45.591+00:00,1787020365.59176,180177.9812694,13.53794830001425,1002,180177.8856184,19.016999984160066,76.61190000362694,1,0,0,4,1,0.0,1,estabilizada,1,1,1,,,,,,,,,,,,,nan,0.5415007796001956,-0.2507148226974137,1.5821186379230356
2026-08-18T02:32:45.591+00:00,1787020365.59176,180177.9813112,13.537990100012394,1002,180177.8856184,19.016999984160066,76.61190000362694,2,1,1,4,1,0.0,1,estabilizada,1,1,1,737.2573852539062,517.0748901367188,0.6095094680786133,0.4424354135990143,0.6056407430561379,0.403005044869793,0.5927794930561379,0.391560544869793,-1.6464656572483862,0.5944762851887258,0.4233449074733952,-1.655376858693395,0.0,0.5415007796001956,-0.2507148226974137,1.5821186379230356
2026-08-18T02:32:45.591+00:00,1787020365.59176,180177.9813231,13.53800199998659,1002,180177.8856184,19.016999984160066,76.61190000362694,3,1,1,4,1,0.0,1,estabilizada,1,1,1,454.5,393.25,0.16918763518333435,0.6665894389152527,0.19036694638941826,0.6144079010923247,0.17750569638941827,0.6029634010923247,-2.998305058619451,0.18484280433341319,0.6039415411941079,-3.037352810412258,0.0,0.5415007796001956,-0.2507148226974137,1.5821186379230356
2026-08-18T02:32:45.591+00:00,1787020365.59176,180177.9813351,13.538013999990653,1002,180177.8856184,19.016999984160066,76.61190000362694,10,0,0,4,1,0.0,1,estabilizada,1,1,1,,,,,,,,,,,,,nan,0.5415007796001956,-0.2507148226974137,1.5821186379230356
2026-08-18T02:32:45.727+00:00,1787020365.727563,180178.1165554,13.673234299989417,1006,180178.0186,18.680799985304475,79.25219999742694,1,0,0,4,1,0.0,1,estabilizada,1,1,1,,,,,,,,,,,,,nan,0.5414914334265643,-0.25071494445218645,1.5821150914309072
2026-08-18T02:32:45.727+00:00,1787020365.727563,180178.1165961,13.673275000008289,1006,180178.0186,18.680799985304475,79.25219999742694,2,1,1,4,1,0.0,1,estabilizada,1,1,1,737.25,523.0,0.6091210842132568,0.4327126145362854,0.6052739124090252,0.3938352404172303,0.5924126624090251,0.3823907404172303,-1.5545530102380722,0.5934859558251314,0.4093436789342263,-1.6313129015480974,0.0,0.5414914334265643,-0.25071494445218645,1.5821150914309072
2026-08-18T02:32:45.727+00:00,1787020365.727563,180178.1166096,13.673288499994669,1006,180178.0186,18.680799985304475,79.25219999742694,3,1,1,4,1,0.0,1,estabilizada,1,1,1,454.5,393.25,0.16918812692165375,0.666589081287384,0.19036692596536747,0.6144074399114116,0.17750567596536748,0.6029629399114116,-2.998302735785144,0.18484280433341319,0.6039415411941079,-3.037352810412258,0.0,0.5414914334265643,-0.25071494445218645,1.5821150914309072
2026-08-18T02:32:45.727+00:00,1787020365.727563,180178.1166204,13.673299299989594,1006,180178.0186,18.680799985304475,79.25219999742694,10,0,0,4,1,0.0,1,estabilizada,1,1,1,,,,,,,,,,,,,nan,0.5414914334265643,-0.25071494445218645,1.5821150914309072
2026-08-18T02:32:45.865+00:00,1787020365.865553,180178.2540773,13.810756199993193,1010,180178.150132,25.521100003970787,78.40289999148808,1,0,0,4,1,0.0,1,estabilizada,1,1,1,,,,,,,,,,,,,nan,0.5414794563884401,-0.2507164412077574,1.582110481792178
2026-08-18T02:32:45.865+00:00,1787020365.865553,180178.2541183,13.810797200014349,1010,180178.150132,25.521100003970787,78.40289999148808,2,1,1,4,1,0.0,1,estabilizada,1,1,1,737.25,528.25,0.6087887287139893,0.42413753271102905,0.6049597707625589,0.38574776262121235,0.5920985207625589,0.3743032626212124,-1.552277723330729,0.5928136670251449,0.3903590124299027,-1.5950772088419043,0.0,0.5414794563884401,-0.2507164412077574,1.582110481792178
2026-08-18T02:32:45.865+00:00,1787020365.865553,180178.2541299,13.810808799986262,1010,180178.150132,25.521100003970787,78.40289999148808,3,1,1,4,1,0.0,1,estabilizada,1,1,1,454.25,393.75,0.16886022686958313,0.6656911969184875,0.1900570592290456,0.6135603954475722,0.1771958092290456,0.6021158954475723,-3.0613861627960426,0.18484280433341319,0.6039415411941079,-3.037352810412258,0.0,0.5414794563884401,-0.2507164412077574,1.582110481792178
2026-08-18T02:32:45.865+00:00,1787020365.865553,180178.2541399,13.8108188000042,1010,180178.150132,25.521100003970787,78.40289999148808,10,0,0,4,1,0.0,1,estabilizada,1,1,1,,,,,,,,,,,,,nan,0.5414794563884401,-0.2507164412077574,1.582110481792178
2026-08-18T02:32:46.005+00:00,1787020366.0055478,180178.3943621,13.951040999992983,1014,180178.2843172,30.219099979149178,79.80289999977686,1,0,0,4,1,0.0,1,estabilizada,1,1,1,,,,,,,,,,,,,nan,0.5414652717921699,-0.25071912545978825,1.582105557723635
2026-08-18T02:32:46.005+00:00,1787020366.0055478,180178.3944079,13.951086799992481,1014,180178.2843172,30.219099979149178,79.80289999977686,2,1,1,4,1,0.0,1,estabilizada,1,1,1,737.75,534.0,0.6091828942298889,0.41476771235466003,0.6053306948683218,0.3769106837190507,0.5924694448683219,0.3654661837190507,-1.584450413876965,0.5922179059524647,0.3755687134590288,-1.5731949104665,0.0,0.5414652717921699,-0.25071912545978825,1.582105557723635
2026-08-18T02:32:46.005+00:00,1787020366.0055478,180178.39442,13.951098899997305,1014,180178.2843172,30.219099979149178,79.80289999977686,3,1,1,4,1,0.0,1,estabilizada,1,1,1,455.0,393.75,0.17003627121448517,0.6656661033630371,0.19116546192416795,0.6135364144232418,0.17830421192416795,0.6020919144232418,-3.0273783500096023,0.18484280433341319,0.6039415411941079,-3.037352810412258,0.0,0.5414652717921699,-0.25071912545978825,1.582105557723635
2026-08-18T02:32:46.005+00:00,1787020366.0055478,180178.3944304,13.951109299989184,1014,180178.2843172,30.219099979149178,79.80289999977686,10,0,0,4,1,0.0,1,estabilizada,1,1,1,,,,,,,,,,,,,nan,0.5414652717921699,-0.25071912545978825,1.582105557723635
2026-08-18T02:32:46.137+00:00,1787020366.1372266,180178.5259526,14.082631500001298,1019,180178.4495278,3.6988999927416444,72.69610001822002,1,0,0,4,1,0.0,1,estabilizada,1,1,1,,,,,,,,,,,,,nan,0.5414503137035954,-0.2507197413733831,1.5821012981400349
2026-08-18T02:32:46.137+00:00,1787020366.1372266,180178.5260065,14.082685400004266,1019,180178.4495278,3.6988999927416444,72.69610001822002,2,1,1,4,1,0.0,1,estabilizada,1,1,1,737.25,541.25,0.6079725027084351,0.4030642509460449,0.6041882968440735,0.3658728527859377,0.5913270468440734,0.3544283527859377,-1.5258206632553686,0.5923149525375444,0.3670307089981383,-1.5731949104665,0.0,0.5414503137035954,-0.2507197413733831,1.5821012981400349
2026-08-18T02:32:46.137+00:00,1787020366.1372266,180178.5260232,14.082702099985909,1019,180178.4495278,3.6988999927416444,72.69610001822002,3,1,1,4,1,0.0,1,estabilizada,1,1,1,455.0,393.0,0.16994331777095795,0.667023777961731,0.19107700224062196,0.6148166804533326,0.17821575224062197,0.6033721804533326,-2.9982991733784394,0.18484280433341319,0.6039415411941079,-3.037352810412258,0.0,0.5414503137035954,-0.2507197413733831,1.5821012981400349
2026-08-18T02:32:46.137+00:00,1787020366.1372266,180178.5260389,14.082717799989041,1019,180178.4495278,3.6988999927416444,72.69610001822002,10,0,0,4,1,0.0,1,estabilizada,1,1,1,,,,,,,,,,,,,nan,0.5414503137035954,-0.2507197413733831,1.5821012981400349
2026-08-18T02:32:46.271+00:00,1787020366.2719767,180178.6608766,14.217555500013987,1022,180178.5517812,33.55849999934435,75.49090002430603,1,0,0,4,1,0.0,1,estabilizada,1,1,1,,,,,,,,,,,,,nan,0.5414335813364513,-0.2507208210206843,1.5820976565845364
2026-08-18T02:32:46.271+00:00,1787020366.2719767,180178.660935,14.217613899993012,1022,180178.5517812,33.55849999934435,75.49090002430603,2,1,1,4,1,0.0,1,estabilizada,1,1,1,737.5,545.0,0.6081148982048035,0.3970169425010681,0.6043216314028619,0.3601694075373864,0.5914603814028618,0.34872490753738644,-1.5863922410308882,0.5919217559478065,0.35881372610279927,-1.5653206991661355,0.0,0.5414335813364513,-0.2507208210206843,1.5820976565845364
2026-08-18T02:32:46.271+00:00,1787020366.2719767,180178.6609495,14.217628399987007,1022,180178.5517812,33.55849999934435,75.49090002430603,3,1,1,4,1,0.0,1,estabilizada,1,1,1,455.0,393.75,0.17003805935382843,0.6656641364097595,0.19116545110447164,0.6135342025681356,0.17830420110447165,0.6020897025681357,-3.0273748564646654,0.18484280433341319,0.6039415411941079,-3.037352810412258,0.0,0.5414335813364513,-0.2507208210206843,1.5820976565845364
2026-08-18T02:32:46.271+00:00,1787020366.2719767,180178.6609602,14.217639100010274,1022,180178.5517812,33.55849999934435,75.49090002430603,10,0,0,4,1,0.0,1,estabilizada,1,1,1,,,,,,,,,,,,,nan,0.5414335813364513,-0.2507208210206843,1.5820976565845364
2026-08-18T02:32:46.406+00:00,1787020366.4062412,180178.7956363,14.352315199997975,1026,180178.6901863,27.389800001401454,78.03629999398254,1,0,0,4,1,0.0,1,estabilizada,1,1,1,,,,,,,,,,,,,nan,0.5414139827952714,-0.2507237598427239,1.5820922001780318
2026-08-18T02:32:46.406+00:00,1787020366.4062412,180178.7956791,14.352358000003733,1026,180178.6901863,27.389800001401454,78.03629999398254,2,1,1,4,1,0.0,1,estabilizada,1,1,1,737.25,551.0,0.6073658466339111,0.38740742206573486,0.6036140629231959,0.3511062467200132,0.5907528129231958,0.33966174672001326,-1.586319651034817,0.5918179446262097,0.35662674010747863,-1.5653206991661355,0.0,0.5414139827952714,-0.2507237598427239,1.5820922001780318
2026-08-18T02:32:46.406+00:00,1787020366.4062412,180178.7956915,14.352370400010841,1026,180178.6901863,27.389800001401454,78.03629999398254,3,1,1,4,1,0.0,1,estabilizada,1,1,1,454.5,393.25,0.16919299960136414,0.6665844321250916,0.19036742197932793,0.6144017987312772,0.17750617197932794,0.6029572987312772,-2.9982936007155216,0.18484280433341319,0.6039415411941079,-3.037352810412258,0.0,0.5414139827952714,-0.2507237598427239,1.5820922001780318
2026-08-18T02:32:46.406+00:00,1787020366.4062412,180178.7957026,14.35238150000805,1026,180178.6901863,27.389800001401454,78.03629999398254,10,0,0,4,1,0.0,1,estabilizada,1,1,1,,,,,,,,,,,,,nan,0.5414139827952714,-0.2507237598427239,1.5820922001780318
2026-08-18T02:32:46.541+00:00,1787020366.5418742,180178.9304803,14.487159200012684,1031,180178.8498697,5.972499988274649,74.61320000584237,1,0,0,4,1,0.0,1,estabilizada,1,1,1,,,,,,,,,,,,,nan,0.5413972083405827,-0.2507295483554444,1.5820853651493594
2026-08-18T02:32:46.541+00:00,1787020366.5418742,180178.9305227,14.487201599986292,1031,180178.8498697,5.972499988274649,74.61320000584237,2,1,1,4,1,0.0,1,estabilizada,1,1,1,737.5,558.25,0.6072923541069031,0.37583595514297485,0.603543780705234,0.3401925590550942,0.5906825307052339,0.32874805905509424,-1.5575574353461386,0.5912957277046393,0.34560916522323126,-1.5653206991661355,0.0,0.5413972083405827,-0.2507295483554444,1.5820853651493594
2026-08-18T02:32:46.541+00:00,1787020366.5418742,180178.9305356,14.487214499997208,1031,180178.8498697,5.972499988274649,74.61320000584237,3,1,1,4,1,0.0,1,estabilizada,1,1,1,455.0,393.75,0.1700403094291687,0.6656614542007446,0.19116566817292524,0.6135307714658904,0.17830441817292525,0.6020862714658904,-3.027370273457121,0.18484280433341319,0.6039415411941079,-3.037352810412258,0.0,0.5413972083405827,-0.2507295483554444,1.5820853651493594
2026-08-18T02:32:46.541+00:00,1787020366.5418742,180178.9305458,14.487224699987564,1031,180178.8498697,5.972499988274649,74.61320000584237,10,0,0,4,1,0.0,1,estabilizada,1,1,1,,,,,,,,,,,,,nan,0.5413972083405827,-0.2507295483554444,1.5820853651493594
2026-08-18T02:32:46.685+00:00,1787020366.6851757,180179.0737712,14.630450099997688,1035,180178.983087,4.737899987958372,85.92189999762923,1,0,0,4,1,0.0,1,estabilizada,1,1,1,,,,,,,,,,,,,nan,0.5413845354242643,-0.25073800912783334,1.582077864845394
2026-08-18T02:32:46.685+00:00,1787020366.6851757,180179.0738167,14.630495599994902,1035,180178.983087,4.737899987958372,85.92189999762923,2,1,1,4,1,0.0,1,estabilizada,1,1,1,737.5,564.0,0.6069382429122925,0.3667156398296356,0.6032090752113721,0.3315904227711169,0.5903478252113721,0.3201459227711169,-1.586160115420657,0.5907999540568722,0.3336074090087181,-1.5653206991661355,0.0,0.5413845354242643,-0.25073800912783334,1.582077864845394
2026-08-18T02:32:46.685+00:00,1787020366.6851757,180179.0738305,14.63050940001267,1035,180178.983087,4.737899987958372,85.92189999762923,3,1,1,4,1,0.0,1,estabilizada,1,1,1,454.5,393.25,0.16919520497322083,0.6665818095207214,0.19036801857798447,0.6143980418864792,0.17750676857798448,0.6029535418864792,-2.998289189475181,0.18484280433341319,0.6039415411941079,-3.037352810412258,0.0,0.5413845354242643,-0.25073800912783334,1.582077864845394
2026-08-18T02:32:46.685+00:00,1787020366.6851757,180179.0738411,14.630520000006072,1035,180178.983087,4.737899987958372,85.92189999762923,10,0,0,4,1,0.0,1,estabilizada,1,1,1,,,,,,,,,,,,,nan,0.5413845354242643,-0.25073800912783334,1.582077864845394
2026-08-18T02:32:46.825+00:00,1787020366.825993,180179.2148133,14.771492200001376,1039,180179.117249,16.678999993018806,80.8621000032872,1,0,0,4,1,0.0,1,estabilizada,1,1,1,,,,,,,,,,,,,nan,0.5413704900174157,-0.25074590011042797,1.5820694348861208
2026-08-18T02:32:46.825+00:00,1787020366.825993,180179.2148575,14.77153639998869,1039,180179.117249,16.678999993018806,80.8621000032872,2,1,1,4,1,0.0,1,estabilizada,1,1,1,736.75,569.75,0.6054680943489075,0.3576709032058716,0.6018217408686953,0.32305958268414714,0.5889604908686954,0.31161508268414717,-1.5879371677908725,0.5906919653780678,0.3305704503346406,-1.5653206991661355,0.0,0.5413704900174157,-0.25074590011042797,1.5820694348861208
2026-08-18T02:32:46.825+00:00,1787020366.825993,180179.214869,14.771547899988946,1039,180179.117249,16.678999993018806,80.8621000032872,3,1,1,4,1,0.0,1,estabilizada,1,1,1,455.0,393.75,0.17004232108592987,0.6656589508056641,0.19116625816915866,0.6135269553547912,0.17830500816915867,0.6020824553547912,-3.0273656904465924,0.18484280433341319,0.6039415411941079,-3.037352810412258,0.0,0.5413704900174157,-0.25074590011042797,1.5820694348861208
2026-08-18T02:32:46.825+00:00,1787020366.825993,180179.2148816,14.771560499997577,1039,180179.117249,16.678999993018806,80.8621000032872,10,0,0,4,1,0.0,1,estabilizada,1,1,1,,,,,,,,,,,,,nan,0.5413704900174157,-0.25074590011042797,1.5820694348861208
2026-08-18T02:32:46.964+00:00,1787020366.9643023,180179.3533268,14.910005699988687,1043,180179.2494647,24.208399991039187,79.632600012701,1,0,0,4,1,0.0,1,estabilizada,1,1,1,,,,,,,,,,,,,nan,0.5413593332453571,-0.2507537169528419,1.582062704203943
2026-08-18T02:32:46.964+00:00,1787020366.9643023,180179.3533682,14.91004710001289,1043,180179.2494647,24.208399991039187,79.632600012701,2,1,1,4,1,0.0,1,estabilizada,1,1,1,736.25,575.5,0.6043766140937805,0.3486580550670624,0.6007917022813174,0.31455886333563454,0.5879304522813174,0.3031143633356346,-1.814835478120704,0.5894166426098295,0.31219022406976377,-1.6241817346452043,0.0,0.5413593332453571,-0.2507537169528419,1.582062704203943
2026-08-18T02:32:46.964+00:00,1787020366.9643023,180179.3533789,14.910057800007053,1043,180179.2494647,24.208399991039187,79.632600012701,3,1,1,4,1,0.0,1,estabilizada,1,1,1,454.5,393.0,0.1691654771566391,0.6670321822166443,0.19033875111030313,0.6148214002383051,0.17747750111030314,0.6033769002383051,-2.9982859396622246,0.18484280433341319,0.6039415411941079,-3.037352810412258,0.0,0.5413593332453571,-0.2507537169528419,1.582062704203943
2026-08-18T02:32:46.964+00:00,1787020366.9643023,180179.3533886,14.910067499993602,1043,180179.2494647,24.208399991039187,79.632600012701,10,0,0,4,1,0.0,1,estabilizada,1,1,1,,,,,,,,,,,,,nan,0.5413593332453571,-0.2507537169528419,1.582062704203943
2026-08-18T02:32:47.105+00:00,1787020367.1055663,180179.494471,15.051149900013115,1047,180179.3835574,28.105500008678064,82.78150000842288,1,0,0,4,1,0.0,1,estabilizada,1,1,1,,,,,,,,,,,,,nan,0.5413514160118001,-0.25076238983674215,1.5820570931011457
2026-08-18T02:32:47.105+00:00,1787020367.1055663,180179.4945401,15.051218999986304,1047,180179.3835574,28.105500008678064,82.78150000842288,2,1,1,4,1,0.0,1,estabilizada,1,1,1,736.25,581.0,0.604046642780304,0.34005558490753174,0.6004800392526748,0.3064451558282917,0.5876187892526747,0.2950006558282917,-1.56011505673438,0.5890942717270797,0.3101653647512418,-1.6383303373134999,0.0,0.5413514160118001,-0.25076238983674215,1.5820570931011457
2026-08-18T02:32:47.105+00:00,1787020367.1055663,180179.4945577,15.051236600003904,1047,180179.3835574,28.105500008678064,82.78150000842288,3,1,1,4,1,0.0,1,estabilizada,1,1,1,455.25,393.5,0.1704038381576538,0.6661006212234497,0.19150628898098754,0.6139421552899186,0.17864503898098755,0.6024976552899186,-2.9982849345481726,0.18484280433341319,0.6039415411941079,-3.037352810412258,0.0,0.5413514160118001,-0.25076238983674215,1.5820570931011457
2026-08-18T02:32:47.105+00:00,1787020367.1055663,180179.494578,15.051256900012959,1047,180179.3835574,28.105500008678064,82.78150000842288,10,0,0,4,1,0.0,1,estabilizada,1,1,1,,,,,,,,,,,,,nan,0.5413514160118001,-0.25076238983674215,1.5820570931011457
2026-08-18T02:32:47.248+00:00,1787020367.2480063,180179.6368302,15.19350910000503,1052,180179.5490507,8.177199983038008,79.57910001277924,1,0,0,4,1,0.0,1,estabilizada,1,1,1,,,,,,,,,,,,,nan,0.5413444826696161,-0.25077017050734185,1.5820515776703956
2026-08-18T02:32:47.248+00:00,1787020367.2480063,180179.6368717,15.19355060000089,1052,180179.5490507,8.177199983038008,79.57910001277924,2,1,1,4,1,0.0,1,estabilizada,1,1,1,737.25,589.0,0.605047345161438,0.3275681138038635,0.601423406659568,0.29466751415043513,0.588562156659568,0.28322301415043516,-1.586820782570618,0.5886159823439563,0.3037205126550668,-1.6383303373134999,0.0,0.5413444826696161,-0.25077017050734185,1.5820515776703956
2026-08-18T02:32:47.248+00:00,1787020367.2480063,180179.6368827,15.193561599997338,1052,180179.5490507,8.177199983038008,79.57910001277924,3,1,1,4,1,0.0,1,estabilizada,1,1,1,455.25,393.5,0.17040425539016724,0.6660993695259094,0.19150636162131174,0.6139403503335626,0.17864511162131175,0.6024958503335627,-2.998283929435523,0.18484280433341319,0.6039415411941079,-3.037352810412258,0.0,0.5413444826696161,-0.25077017050734185,1.5820515776703956
2026-08-18T02:32:47.248+00:00,1787020367.2480063,180179.6368926,15.193571500014514,1052,180179.5490507,8.177199983038008,79.57910001277924,10,0,0,4,1,0.0,1,estabilizada,1,1,1,,,,,,,,,,,,,nan,0.5413444826696161,-0.25077017050734185,1.5820515776703956
2026-08-18T02:32:47.383+00:00,1787020367.383111,180179.7722594,15.328938299993752,1056,180179.6837757,12.340500019490719,76.11910000559874,1,0,0,4,1,0.0,1,estabilizada,1,1,1,,,,,,,,,,,,,nan,0.5413372602589983,-0.25077396763528226,1.5820486063902837
2026-08-18T02:32:47.383+00:00,1787020367.3839045,180179.7724209,15.329099800001131,1056,180179.6837757,12.340500019490719,76.11910000559874,2,1,1,4,1,0.0,1,estabilizada,1,1,1,737.25,594.75,0.6047024726867676,0.3186739385128021,0.601097735704943,0.2862790352548902,0.5882364857049429,0.2748345352548902,-1.5271467531188292,0.5883482847542165,0.28927993138103136,-1.5939206364506866,0.0,0.5413372602589983,-0.25077396763528226,1.5820486063902837
2026-08-18T02:32:47.383+00:00,1787020367.3839045,180179.7724566,15.329135500011034,1056,180179.6837757,12.340500019490719,76.11910000559874,3,1,1,4,1,0.0,1,estabilizada,1,1,1,455.25,393.5,0.1704043596982956,0.6660977005958557,0.19150608875745168,0.6139384623730286,0.17864483875745168,0.6024939623730287,-2.9982818410567083,0.18484280433341319,0.6039415411941079,-3.037352810412258,0.0,0.5413372602589983,-0.25077396763528226,1.5820486063902837
2026-08-18T02:32:47.383+00:00,1787020367.3839045,180179.7724733,15.329152199992677,1056,180179.6837757,12.340500019490719,76.11910000559874,10,0,0,4,1,0.0,1,estabilizada,1,1,1,,,,,,,,,,,,,nan,0.5413372602589983,-0.25077396763528226,1.5820486063902837
2026-08-18T02:32:47.517+00:00,1787020367.5170114,180179.9059477,15.462626599997748,1060,180179.8178005,10.398600017651916,77.7273999992758,1,0,0,4,1,0.0,1,estabilizada,1,1,1,,,,,,,,,,,,,nan,0.5413336233500733,-0.2507782897512286,1.582044587772885
2026-08-18T02:32:47.517+00:00,1787020367.5170114,180179.90599,15.462668899999699,1060,180179.8178005,10.398600017651916,77.7273999992758,2,1,1,4,1,0.0,1,estabilizada,1,1,1,738.25,600.75,0.6058152318000793,0.3093927502632141,0.6021469756678864,0.27752551087505506,0.5892857256678865,0.2660810108750551,-1.530388411341672,0.5883206914119664,0.28571463487951765,-1.5823469429577002,0.0,0.5413336233500733,-0.2507782897512286,1.582044587772885
2026-08-18T02:32:47.517+00:00,1787020367.5170114,180179.9060014,15.462680299999192,1060,180179.8178005,10.398600017651916,77.7273999992758,3,1,1,4,1,0.0,1,estabilizada,1,1,1,455.25,393.5,0.1704043447971344,0.6660963892936707,0.19150592140741196,0.613936847298583,0.17864467140741197,0.602492347298583,-2.9982806405518705,0.18484280433341319,0.6039415411941079,-3.037352810412258,0.0,0.5413336233500733,-0.2507782897512286,1.582044587772885
2026-08-18T02:32:47.517+00:00,1787020367.5170114,180179.9060116,15.462690499989549,1060,180179.8178005,10.398600017651916,77.7273999992758,10,0,0,4,1,0.0,1,estabilizada,1,1,1,,,,,,,,,,,,,nan,0.5413336233500733,-0.2507782897512286,1.582044587772885
2026-08-18T02:32:47.667+00:00,1787020367.6679142,180180.0565924,15.613271300011547,1064,180179.9503349,11.567999987164512,94.64570001000538,1,0,0,4,1,0.0,1,estabilizada,1,1,1,,,,,,,,,,,,,nan,0.5413284086641986,-0.250780297261506,1.5820412446800658
2026-08-18T02:32:47.667+00:00,1787020367.6679142,180180.0566631,15.61334199999692,1064,180179.9503349,11.567999987164512,94.64570001000538,2,1,1,4,1,0.0,1,estabilizada,1,1,1,738.5,606.5,0.6058366894721985,0.30057188868522644,0.6021669082372003,0.2692062735964486,0.5893056582372003,0.25776177359644864,-1.4764634733361923,0.5888023748165424,0.2692410316611558,-1.5344378329742505,0.0,0.5413284086641986,-0.250780297261506,1.5820412446800658
2026-08-18T02:32:47.667+00:00,1787020367.6679142,180180.0566791,15.613358000002336,1064,180179.9503349,11.567999987164512,94.64570001000538,3,1,1,4,1,0.0,1,estabilizada,1,1,1,454.75,394.0,0.16968369483947754,0.6652061343193054,0.19082601610113914,0.6130970131952576,0.17796476610113915,0.6016525131952576,-3.058269186662766,0.18484280433341319,0.6039415411941079,-3.037352810412258,0.0,0.5413284086641986,-0.250780297261506,1.5820412446800658
2026-08-18T02:32:47.667+00:00,1787020367.6679142,180180.0566934,15.613372299994808,1064,180179.9503349,11.567999987164512,94.64570001000538,10,0,0,4,1,0.0,1,estabilizada,1,1,1,,,,,,,,,,,,,nan,0.5413284086641986,-0.250780297261506,1.5820412446800658
2026-08-18T02:32:47.808+00:00,1787020367.8085196,180180.1977219,15.754400800011354,1068,180180.0839781,36.23099997639656,77.49060000060126,1,0,0,4,1,0.0,1,estabilizada,1,1,1,,,,,,,,,,,,,nan,0.54132322627069,-0.2507795287433522,1.5820399407995767
2026-08-18T02:32:47.808+00:00,1787020367.8085196,180180.1977638,15.754442700010259,1068,180180.0839781,36.23099997639656,77.49060000060126,2,1,1,4,1,0.0,1,estabilizada,1,1,1,739.75,612.0,0.6073371171951294,0.2921266555786133,0.6035816809194834,0.261241495647517,0.5907204309194833,0.249796995647517,-1.4723157877228026,0.5896122060602089,0.25833577473714703,-1.4975846985629855,0.0,0.54132322627069,-0.2507795287433522,1.5820399407995767
2026-08-18T02:32:47.808+00:00,1787020367.8085196,180180.1977798,15.754458699986571,1068,180180.0839781,36.23099997639656,77.49060000060126,3,1,1,4,1,0.0,1,estabilizada,1,1,1,455.25,393.5,0.1704038381576538,0.6660935878753662,0.19150491409717868,0.6139339815546945,0.1786436640971787,0.6024894815546945,-2.998278083217557,0.18484280433341319,0.6039415411941079,-3.037352810412258,0.0,0.54132322627069,-0.2507795287433522,1.5820399407995767
2026-08-18T02:32:47.808+00:00,1787020367.8085196,180180.1977989,15.75447779998649,1068,180180.0839781,36.23099997639656,77.49060000060126,10,0,0,4,1,0.0,1,estabilizada,1,1,1,,,,,,,,,,,,,nan,0.54132322627069,-0.2507795287433522,1.5820399407995767
2026-08-18T02:32:47.952+00:00,1787020367.952177,180180.3414596,15.898138499993365,1073,180180.2501742,15.646800020476803,75.61299999360926,1,0,0,4,1,0.0,1,estabilizada,1,1,1,,,,,,,,,,,,,nan,0.541317823737792,-0.25077610255546545,1.5820400097732257
2026-08-18T02:32:47.952+00:00,1787020367.952177,180180.3415033,15.898182200005976,1073,180180.2501742,15.646800020476803,75.61299999360926,2,1,1,4,1,0.0,1,estabilizada,1,1,1,740.75,619.5,0.6083433628082275,0.2807013690471649,0.6045303754760021,0.25046637363064994,0.591669125476002,0.23902187363064997,-1.4438354203873525,0.5898575894169205,0.2563680393928129,-1.489675879563545,0.0,0.541317823737792,-0.25077610255546545,1.5820400097732257
2026-08-18T02:32:47.952+00:00,1787020367.952177,180180.3415155,15.898194400011562,1073,180180.2501742,15.646800020476803,75.61299999360926,3,1,1,4,1,0.0,1,estabilizada,1,1,1,454.5,393.25,0.16919627785682678,0.6665685176849365,0.19036574191740235,0.6143820904696913,0.17750449191740236,0.6029375904696913,-2.9982754867901704,0.18484280433341319,0.6039415411941079,-3.037352810412258,0.0,0.541317823737792,-0.25077610255546545,1.5820400097732257
2026-08-18T02:32:47.952+00:00,1787020367.952177,180180.3415261,15.898205000004964,1073,180180.2501742,15.646800020476803,75.61299999360926,10,0,0,4,1,0.0,1,estabilizada,1,1,1,,,,,,,,,,,,,nan,0.541317823737792,-0.25077610255546545,1.5820400097732257
2026-08-18T02:32:48.086+00:00,1787020368.0863075,180180.475692,16.032370900007663,1077,180180.3856656,11.615999974310398,78.38690001517534,1,0,0,4,1,0.0,1,estabilizada,1,1,1,,,,,,,,,,,,,nan,0.5413142992702483,-0.25077045488888555,1.5820413512559672
2026-08-18T02:32:48.086+00:00,1787020368.0863075,180180.4757345,16.032413400011137,1077,180180.3856656,11.615999974310398,78.38690001517534,2,1,1,4,1,0.0,1,estabilizada,1,1,1,740.25,625.0,0.6072796583175659,0.2724224925041199,0.6035269862969861,0.24265881709324127,0.590665736296986,0.2312143170932413,-1.4761652224519908,0.5901759583474051,0.2518506640214783,-1.489675879563545,0.0,0.5413142992702483,-0.25077045488888555,1.5820413512559672
2026-08-18T02:32:48.086+00:00,1787020368.0863075,180180.475746,16.032424900011392,1077,180180.3856656,11.615999974310398,78.38690001517534,3,1,1,4,1,0.0,1,estabilizada,1,1,1,455.0,394.0,0.170072540640831,0.6651922464370728,0.19119193695125125,0.6130844788026235,0.17833068695125126,0.6016399788026235,-3.0582650264622306,0.18484280433341319,0.6039415411941079,-3.037352810412258,0.0,0.5413142992702483,-0.25077045488888555,1.5820413512559672
2026-08-18T02:32:48.086+00:00,1787020368.0863075,180180.4757582,16.032437099987874,1077,180180.3856656,11.615999974310398,78.38690001517534,10,0,0,4,1,0.0,1,estabilizada,1,1,1,,,,,,,,,,,,,nan,0.5413142992702483,-0.25077045488888555,1.5820413512559672
2026-08-18T02:32:48.225+00:00,1787020368.2252364,180180.6141893,16.170868199988035,1081,180180.5159468,20.631899998988956,77.58789998479187,1,0,0,4,1,0.0,1,estabilizada,1,1,1,,,,,,,,,,,,,nan,0.5413118265133224,-0.25076380745674126,1.5820433169662587
2026-08-18T02:32:48.225+00:00,1787020368.2252364,180180.6142306,16.170909500011476,1081,180180.5159468,20.631899998988956,77.58789998479187,2,1,1,4,1,0.0,1,estabilizada,1,1,1,740.75,629.0,0.6077651977539062,0.26638519763946533,0.6039847681363902,0.23696538974955839,0.5911235181363903,0.22552088974955842,-1.4720997259573863,0.590742794745607,0.24411610338022244,-1.489675879563545,0.0,0.5413118265133224,-0.25076380745674126,1.5820433169662587
2026-08-18T02:32:48.225+00:00,1787020368.2252364,180180.6142424,16.170921300014015,1081,180180.5159468,20.631899998988956,77.58789998479187,3,1,1,4,1,0.0,1,estabilizada,1,1,1,455.25,393.5,0.17040055990219116,0.6660879850387573,0.19150112879117426,0.6139297031259525,0.17863987879117427,0.6024852031259526,-2.998273504646488,0.18484280433341319,0.6039415411941079,-3.037352810412258,0.0,0.5413118265133224,-0.25076380745674126,1.5820433169662587
2026-08-18T02:32:48.225+00:00,1787020368.2252364,180180.6142549,16.17093379999278,1081,180180.5159468,20.631899998988956,77.58789998479187,10,0,0,4,1,0.0,1,estabilizada,1,1,1,,,,,,,,,,,,,nan,0.5413118265133224,-0.25076380745674126,1.5820433169662587
2026-08-18T02:32:48.374+00:00,1787020368.374828,180180.7633624,16.32004130000132,1086,180180.6831059,1.2592999846674502,78.97510001203045,1,0,0,4,1,0.0,1,estabilizada,1,1,1,,,,,,,,,,,,,nan,0.5413033578301104,-0.2507558361512656,1.5820472036043058
2026-08-18T02:32:48.374+00:00,1787020368.374828,180180.7634041,16.320082999998704,1086,180180.6831059,1.2592999846674502,78.97510001203045,2,1,1,4,1,0.0,1,estabilizada,1,1,1,741.0,634.25,0.6078108549118042,0.2585088610649109,0.6040273554538136,0.2295376504429808,0.5911661054538135,0.21809315044298083,-1.5072691633060187,0.5910040423443244,0.23155258726562827,-1.489675879563545,0.0,0.5413033578301104,-0.2507558361512656,1.5820472036043058
2026-08-18T02:32:48.374+00:00,1787020368.374828,180180.7634156,16.32009449999896,1086,180180.6831059,1.2592999846674502,78.97510001203045,3,1,1,4,1,0.0,1,estabilizada,1,1,1,454.75,393.0,0.16955357789993286,0.6670083403587341,0.1907017965608498,0.6147982825945164,0.1778405465608498,0.6033537825945164,-2.998272108712,0.18484280433341319,0.6039415411941079,-3.037352810412258,0.0,0.5413033578301104,-0.2507558361512656,1.5820472036043058
2026-08-18T02:32:48.374+00:00,1787020368.374828,180180.7634276,16.32010650000302,1086,180180.6831059,1.2592999846674502,78.97510001203045,10,0,0,4,1,0.0,1,estabilizada,1,1,1,,,,,,,,,,,,,nan,0.5413033578301104,-0.2507558361512656,1.5820472036043058
2026-08-18T02:32:48.508+00:00,1787020368.5088623,180180.8977875,16.454466399998637,1090,180180.8163139,4.650000017136335,76.80019998224452,1,0,0,4,1,0.0,1,estabilizada,1,1,1,,,,,,,,,,,,,nan,0.5412904013577726,-0.25074612120058204,1.5820515717959576
2026-08-18T02:32:48.508+00:00,1787020368.5088623,180180.8978281,16.454506999987643,1090,180180.8163139,4.650000017136335,76.80019998224452,2,1,1,4,1,0.0,1,estabilizada,1,1,1,741.75,638.0,0.6086714267730713,0.2528766691684723,0.604838244343694,0.22422649622767465,0.5919769943436941,0.21278199622767469,-1.5352832287072524,0.5911337005427462,0.2229615601476905,-1.489675879563545,0.0,0.5412904013577726,-0.25074612120058204,1.5820515717959576
2026-08-18T02:32:48.508+00:00,1787020368.5088623,180180.8978401,16.454518999991706,1090,180180.8163139,4.650000017136335,76.80019998224452,3,1,1,4,1,0.0,1,estabilizada,1,1,1,454.75,394.0,0.16967865824699402,0.665195882320404,0.19081896585529973,0.6130896287781709,0.17795771585529974,0.6016451287781709,-3.0582609146652704,0.18484280433341319,0.6039415411941079,-3.037352810412258,0.0,0.5412904013577726,-0.25074612120058204,1.5820515717959576
2026-08-18T02:32:48.508+00:00,1787020368.5088623,180180.8978505,16.45452940001269,1090,180180.8163139,4.650000017136335,76.80019998224452,10,0,0,4,1,0.0,1,estabilizada,1,1,1,,,,,,,,,,,,,nan,0.5412904013577726,-0.25074612120058204,1.5820515717959576
2026-08-18T02:32:48.646+00:00,1787020368.6464498,180181.0357142,16.592393099999754,1094,180180.9494211,3.6970000073779374,82.54189998842776,1,0,0,4,1,0.0,1,estabilizada,1,1,1,,,,,,,,,,,,,nan,0.5412748893912843,-0.2507349785729338,1.5820569133583597
2026-08-18T02:32:48.646+00:00,1787020368.6473098,180181.0357866,16.59246549999807,1094,180180.9494211,3.6970000073779374,82.54189998842776,2,1,1,4,1,0.0,1,estabilizada,1,1,1,742.0,640.0,0.6089112162590027,0.24988649785518646,0.6050635231913919,0.22140716029274254,0.5922022731913918,0.20996266029274258,-1.5327927741480531,0.5914416758872187,0.21672687633596266,-1.4975067961799782,0.0,0.5412748893912843,-0.2507349785729338,1.5820569133583597
2026-08-18T02:32:48.647+00:00,1787020368.6473098,180181.0358035,16.59248240001034,1094,180180.9494211,3.6970000073779374,82.54189998842776,3,1,1,4,1,0.0,1,estabilizada,1,1,1,454.5,393.0,0.16916102170944214,0.6670132279396057,0.19032982278643584,0.6148043991113226,0.17746857278643585,0.6033598991113226,-2.998270400111094,0.18484280433341319,0.6039415411941079,-3.037352810412258,0.0,0.5412748893912843,-0.2507349785729338,1.5820569133583597
2026-08-18T02:32:48.647+00:00,1787020368.6473098,180181.0358216,16.592500500002643,1094,180180.9494211,3.6970000073779374,82.54189998842776,10,0,0,4,1,0.0,1,estabilizada,1,1,1,,,,,,,,,,,,,nan,0.5412748893912843,-0.2507349785729338,1.5820569133583597
2026-08-18T02:32:48.797+00:00,1787020368.7974513,180181.1865812,16.74326009998913,1098,180181.0829371,15.757699991809204,87.85750000970438,1,0,0,4,1,0.0,1,estabilizada,1,1,1,,,,,,,,,,,,,nan,0.5412622691751403,-0.2507243549488025,1.5820620566135288
2026-08-18T02:32:48.797+00:00,1787020368.7974513,180181.1867125,16.743391399999382,1098,180181.0829371,15.757699991809204,87.85750000970438,2,1,1,4,1,0.0,1,estabilizada,1,1,1,742.75,641.75,0.6098896861076355,0.24724945425987244,0.605985624634127,0.21892082919650746,0.593124374634127,0.2074763291965075,-1.476415990647017,0.5914416758872187,0.21672687633596266,-1.4975067961799782,0.0,0.5412622691751403,-0.2507243549488025,1.5820620566135288
2026-08-18T02:32:48.797+00:00,1787020368.7974513,180181.1867849,16.7434637999977,1098,180181.0829371,15.757699991809204,87.85750000970438,3,1,1,4,1,0.0,1,estabilizada,1,1,1,454.75,394.0,0.16967801749706268,0.6651930212974548,0.19081662107536496,0.6130885140705932,0.17795537107536497,0.6016440140705932,-3.058260551148241,0.18484280433341319,0.6039415411941079,-3.037352810412258,0.0,0.5412622691751403,-0.2507243549488025,1.5820620566135288
2026-08-18T02:32:48.797+00:00,1787020368.7974513,180181.1868069,16.743485799990594,1098,180181.0829371,15.757699991809204,87.85750000970438,10,0,0,4,1,0.0,1,estabilizada,1,1,1,,,,,,,,,,,,,nan,0.5412622691751403,-0.2507243549488025,1.5820620566135288
2026-08-18T02:32:48.934+00:00,1787020368.9346106,180181.3237141,16.880392999999458,1102,180181.2180075,27.24060000036843,78.44270000350662,1,0,0,4,1,0.0,1,estabilizada,1,1,1,,,,,,,,,,,,,nan,0.5412517844805798,-0.2507127229149416,1.5820681083055022
2026-08-18T02:32:48.934+00:00,1787020368.9346106,180181.3237563,16.880435200000647,1102,180181.2180075,27.24060000036843,78.44270000350662,2,1,1,4,1,0.0,1,estabilizada,1,1,1,742.25,643.25,0.6090736389160156,0.24504534900188446,0.6052154188639555,0.21684288019647796,0.5923541688639555,0.205398380196478,-1.5076474022800568,0.5915883965301627,0.2146737305860785,-1.4975067961799782,0.0,0.5412517844805798,-0.2507127229149416,1.5820681083055022
2026-08-18T02:32:48.934+00:00,1787020368.9346106,180181.3237852,16.880464099987876,1102,180181.2180075,27.24060000036843,78.44270000350662,3,1,1,4,1,0.0,1,estabilizada,1,1,1,455.25,393.5,0.17039842903614044,0.6660810708999634,0.19149537284960766,0.6139269057220074,0.17863412284960767,0.6024824057220074,-2.9982697747854306,0.18484280433341319,0.6039415411941079,-3.037352810412258,0.0,0.5412517844805798,-0.2507127229149416,1.5820681083055022
2026-08-18T02:32:48.934+00:00,1787020368.9346106,180181.3237949,16.88047380000353,1102,180181.2180075,27.24060000036843,78.44270000350662,10,0,0,4,1,0.0,1,estabilizada,1,1,1,,,,,,,,,,,,,nan,0.5412517844805798,-0.2507127229149416,1.5820681083055022
2026-08-18T02:32:49.069+00:00,1787020369.0691652,180181.4580463,17.01472519998788,1106,180181.3520693,31.57430002465844,74.379699974088,1,0,0,4,1,0.0,1,estabilizada,1,1,1,,,,,,,,,,,,,nan,0.5412441905052353,-0.25070240614609274,1.5820736352868385
2026-08-18T02:32:49.069+00:00,1787020369.0691652,180181.4580875,17.014766400010558,1106,180181.3520693,31.57430002465844,74.379699974088,2,1,1,4,1,0.0,1,estabilizada,1,1,1,742.25,643.25,0.6090719699859619,0.24504555761814117,0.6052134263523979,0.2168437623643496,0.592352176352398,0.20539926236434963,-1.5076494433783854,0.5917025509340944,0.21260566322406635,-1.4975067961799782,0.0,0.5412441905052353,-0.25070240614609274,1.5820736352868385
2026-08-18T02:32:49.069+00:00,1787020369.0691652,180181.4580992,17.014778100012336,1106,180181.3520693,31.57430002465844,74.379699974088,3,1,1,4,1,0.0,1,estabilizada,1,1,1,454.5,394.0,0.16928578913211823,0.665199339389801,0.19044552239416146,0.6130961026885047,0.17758427239416147,0.6016516026885047,-3.058261299747046,0.18484280433341319,0.6039415411941079,-3.037352810412258,0.0,0.5412441905052353,-0.25070240614609274,1.5820736352868385
2026-08-18T02:32:49.069+00:00,1787020369.0691652,180181.4581114,17.014790299988817,1106,180181.3520693,31.57430002465844,74.379699974088,10,0,0,4,1,0.0,1,estabilizada,1,1,1,,,,,,,,,,,,,nan,0.5412441905052353,-0.25070240614609274,1.5820736352868385
2026-08-18T02:32:49.213+00:00,1787020369.2130377,180181.6024501,17.159129000006942,1111,180181.5190249,3.074200008995831,80.32760000787675,1,0,0,4,1,0.0,1,estabilizada,1,1,1,,,,,,,,,,,,,nan,0.5412358791727424,-0.25069259978197195,1.5820779368476496
2026-08-18T02:32:49.213+00:00,1787020369.2130377,180181.602493,17.15917190001346,1111,180181.5190249,3.074200008995831,80.32760000787675,2,1,1,4,1,0.0,1,estabilizada,1,1,1,742.25,643.5,0.6090549826622009,0.24467484652996063,0.6051969430726892,0.21649477453116422,0.5923356930726893,0.20505027453116426,-1.50765258596215,0.5917025509340944,0.21260566322406635,-1.4975067961799782,0.0,0.5412358791727424,-0.25069259978197195,1.5820779368476496
2026-08-18T02:32:49.213+00:00,1787020369.2130377,180181.6025046,17.15918350001448,1111,180181.5190249,3.074200008995831,80.32760000787675,3,1,1,4,1,0.0,1,estabilizada,1,1,1,454.75,394.0,0.16967681050300598,0.6651904582977295,0.1908137693097936,0.6130884263387875,0.1779525193097936,0.6016439263387875,-3.058261105870763,0.18484280433341319,0.6039415411941079,-3.037352810412258,0.0,0.5412358791727424,-0.25069259978197195,1.5820779368476496
2026-08-18T02:32:49.214+00:00,1787020369.2140381,180181.6025155,17.159194400010165,1111,180181.5190249,3.074200008995831,80.32760000787675,10,0,0,4,1,0.0,1,estabilizada,1,1,1,,,,,,,,,,,,,nan,0.5412358791727424,-0.25069259978197195,1.5820779368476496
2026-08-18T02:32:49.347+00:00,1787020369.3476527,180181.7370094,17.29368830000749,1115,180181.64983,11.259999999310821,75.89589999406599,1,0,0,4,1,0.0,1,estabilizada,1,1,1,,,,,,,,,,,,,nan,0.5412292359269762,-0.2506823167938253,1.582082516676489
2026-08-18T02:32:49.347+00:00,1787020369.3476527,180181.7370511,17.29373000000487,1115,180181.64983,11.259999999310821,75.89589999406599,2,1,1,4,1,0.0,1,estabilizada,1,1,1,742.0,643.75,0.6086766123771667,0.24431616067886353,0.6048397304089183,0.21615715980315142,0.5919784804089183,0.20471265980315145,-1.5076546091185932,0.5917025509340944,0.21260566322406635,-1.4975067961799782,0.0,0.5412292359269762,-0.2506823167938253,1.582082516676489
2026-08-18T02:32:49.347+00:00,1787020369.3476527,180181.7370627,17.293741600005887,1115,180181.64983,11.259999999310821,75.89589999406599,3,1,1,4,1,0.0,1,estabilizada,1,1,1,454.75,394.0,0.16967639327049255,0.6651901602745056,0.19081293671029437,0.6130888810635393,0.17795168671029438,0.6016443810635393,-3.0582609119935866,0.18484280433341319,0.6039415411941079,-3.037352810412258,0.0,0.5412292359269762,-0.2506823167938253,1.582082516676489
2026-08-18T02:32:49.347+00:00,1787020369.3476527,180181.7370728,17.293751699995482,1115,180181.64983,11.259999999310821,75.89589999406599,10,0,0,4,1,0.0,1,estabilizada,1,1,1,,,,,,,,,,,,,nan,0.5412292359269762,-0.2506823167938253,1.582082516676489
2026-08-18T02:32:49.481+00:00,1787020369.4818304,180181.87055,17.42722889999277,1119,180181.7859798,6.9700999883934855,77.57600001059473,1,0,0,4,1,0.0,1,estabilizada,1,1,1,,,,,,,,,,,,,nan,0.5412220487732339,-0.2506735650905975,1.5820877818489267
2026-08-18T02:32:49.481+00:00,1787020369.4818304,180181.8705926,17.427271499997005,1119,180181.7859798,6.9700999883934855,77.57600001059473,2,1,1,4,1,0.0,1,estabilizada,1,1,1,742.0,643.75,0.6086745858192444,0.24431635439395905,0.6048374230500292,0.21615793406816186,0.5919761730500293,0.2047134340681619,-1.50765663229173,0.5917025509340944,0.21260566322406635,-1.4975067961799782,0.0,0.5412220487732339,-0.2506735650905975,1.5820877818489267
2026-08-18T02:32:49.481+00:00,1787020369.4818304,180181.8706051,17.427284000004875,1119,180181.7859798,6.9700999883934855,77.57600001059473,3,1,1,4,1,0.0,1,estabilizada,1,1,1,455.25,394.0,0.17045876383781433,0.6651734113693237,0.19155032147894036,0.613073756200339,0.17868907147894036,0.601629256200339,-3.061355187192513,0.18484280433341319,0.6039415411941079,-3.037352810412258,0.0,0.5412220487732339,-0.2506735650905975,1.5820877818489267
2026-08-18T02:32:49.481+00:00,1787020369.4818304,180181.8706155,17.427294399996754,1119,180181.7859798,6.9700999883934855,77.57600001059473,10,0,0,4,1,0.0,1,estabilizada,1,1,1,,,,,,,,,,,,,nan,0.5412220487732339,-0.2506735650905975,1.5820877818489267
2026-08-18T02:32:49.627+00:00,1787020369.6272845,180182.0160785,17.572757399990223,1123,180181.9236136,8.537999994587153,83.89410001109354,1,0,0,4,1,0.0,1,estabilizada,1,1,1,,,,,,,,,,,,,nan,0.5412174466886844,-0.25066592039520513,1.5820925649947624
2026-08-18T02:32:49.627+00:00,1787020369.6272845,180182.0161403,17.572819199995138,1123,180181.9236136,8.537999994587153,83.89410001109354,2,1,1,4,1,0.0,1,estabilizada,1,1,1,742.5,643.5,0.60941082239151,0.24466408789157867,0.6055315273685449,0.21648640617296305,0.5926702773685448,0.20504190617296308,-1.5044340298685663,0.5917025509340944,0.21260566322406635,-1.4975067961799782,0.0,0.5412174466886844,-0.25066592039520513,1.5820925649947624
2026-08-18T02:32:49.627+00:00,1787020369.6272845,180182.0161549,17.572833799989894,1123,180181.9236136,8.537999994587153,83.89410001109354,3,1,1,4,1,0.0,1,estabilizada,1,1,1,455.25,393.5,0.17039521038532257,0.6660783290863037,0.1914900578081174,0.6139277885434316,0.1786288078081174,0.6024832885434316,-2.998273588875212,0.18484280433341319,0.6039415411941079,-3.037352810412258,0.0,0.5412174466886844,-0.25066592039520513,1.5820925649947624
2026-08-18T02:32:49.627+00:00,1787020369.6272845,180182.0161854,17.572864299989305,1123,180181.9236136,8.537999994587153,83.89410001109354,10,0,0,4,1,0.0,1,estabilizada,1,1,1,,,,,,,,,,,,,nan,0.5412174466886844,-0.25066592039520513,1.5820925649947624
2026-08-18T02:32:49.768+00:00,1787020369.7683885,180182.1571635,17.71384240000043,1127,180182.0497995,30.481699999654666,76.85849998961203,1,0,0,4,1,0.0,1,estabilizada,1,1,1,,,,,,,,,,,,,nan,0.5412161975105498,-0.25065786611479257,1.5820985855014975
2026-08-18T02:32:49.768+00:00,1787020369.7683885,180182.1572055,17.713884400000097,1127,180182.0497995,30.481699999654666,76.85849998961203,2,1,1,4,1,0.0,1,estabilizada,1,1,1,742.25,643.25,0.6090617775917053,0.24504652619361877,0.6052022821953622,0.2168476543176191,0.5923410321953622,0.20540315431761913,-1.507660768574338,0.5917025509340944,0.21260566322406635,-1.4975067961799782,0.0,0.5412161975105498,-0.25065786611479257,1.5820985855014975
2026-08-18T02:32:49.768+00:00,1787020369.7683885,180182.157219,17.713897899986478,1127,180182.0497995,30.481699999654666,76.85849998961203,3,1,1,4,1,0.0,1,estabilizada,1,1,1,455.25,393.5,0.17039379477500916,0.6660777926445007,0.19148857139135994,0.6139279392507672,0.17862732139135995,0.6024834392507672,-2.9982754037444117,0.18484280433341319,0.6039415411941079,-3.037352810412258,0.0,0.5412161975105498,-0.25065786611479257,1.5820985855014975
2026-08-18T02:32:49.768+00:00,1787020369.7683885,180182.1572296,17.713908500008984,1127,180182.0497995,30.481699999654666,76.85849998961203,10,0,0,4,1,0.0,1,estabilizada,1,1,1,,,,,,,,,,,,,nan,0.5412161975105498,-0.25065786611479257,1.5820985855014975
2026-08-18T02:32:49.905+00:00,1787020369.9054697,180182.2941115,17.850790399999823,1131,180182.1840248,32.954700000118464,77.1080999984406,1,0,0,4,1,0.0,1,estabilizada,1,1,1,,,,,,,,,,,,,nan,0.5412163859341029,-0.25064989983519803,1.5821044780935927
2026-08-18T02:32:49.905+00:00,1787020369.9054697,180182.2941526,17.850831499992637,1131,180182.1840248,32.954700000118464,77.1080999984406,2,1,1,4,1,0.0,1,estabilizada,1,1,1,742.25,643.25,0.6090593338012695,0.24504639208316803,0.6052000025165225,0.21684808603551026,0.5923387525165225,0.2054035860355103,-1.5076616902975934,0.5917025509340944,0.21260566322406635,-1.4975067961799782,0.0,0.5412163859341029,-0.25064989983519803,1.5821044780935927
2026-08-18T02:32:49.905+00:00,1787020369.9054697,180182.2941644,17.850843299995176,1131,180182.1840248,32.954700000118464,77.1080999984406,3,1,1,4,1,0.0,1,estabilizada,1,1,1,455.25,394.0,0.17045488953590393,0.6651722192764282,0.19154612285068884,0.6130745279663284,0.17868487285068885,0.6016300279663285,-3.061359127857002,0.18484280433341319,0.6039415411941079,-3.037352810412258,0.0,0.5412163859341029,-0.25064989983519803,1.5821044780935927
2026-08-18T02:32:49.905+00:00,1787020369.9054697,180182.2941822,17.8508611000143,1131,180182.1840248,32.954700000118464,77.1080999984406,10,0,0,4,1,0.0,1,estabilizada,1,1,1,,,,,,,,,,,,,nan,0.5412163859341029,-0.25064989983519803,1.5821044780935927
