wall_time_iso,t_wall,t_perf,session_elapsed_s,frame_seq,frame_received_perf,frame_wait_ms,processing_ms,robot_id,detected,accepted,workspace_markers_seen,homography_valid,homography_age_ms,calibration_enabled,homography_mode,parallax_enabled,alignment_enabled,pose_filter_enabled,pixel_x,pixel_y,floor_x,floor_y,corrected_x,corrected_y,aligned_x,aligned_y,raw_yaw,x,y,yaw,pose_age_ms,cam_x,cam_y,cam_z
2026-08-18T02:45:23.478+00:00,1787021123.478782,180935.8585209,0.3725239999766927,79,180935.7247698,5.306400009430945,128.3936999971047,1,0,0,4,1,0.0,1,estabilizada,1,1,1,,,,,,,,,,,,,nan,0.5420516291566317,-0.24963206875645114,1.5832665592317239
2026-08-18T02:45:23.478+00:00,1787021123.478782,180935.8587703,0.3727733999839984,79,180935.7247698,5.306400009430945,128.3936999971047,2,1,1,4,1,0.0,1,estabilizada,1,1,1,728.5,180.25,0.6187941431999207,1.087894082069397,0.6144317531629281,1.011863073347316,0.6015705031629281,1.0004185733473159,1.4468237870551368,0.6019257598320384,0.9988578105407507,1.4808958893134176,0.0,0.5420516291566317,-0.24963206875645114,1.5832665592317239
2026-08-18T02:45:23.478+00:00,1787021123.478782,180935.8588131,0.37281619998975657,79,180935.7247698,5.306400009430945,128.3936999971047,3,1,1,4,1,0.0,1,estabilizada,1,1,1,1003.25,390.0,1.0512077808380127,0.6545789837837219,1.0222650526636992,0.6031795562810627,1.0094038026636991,0.5917350562810627,-0.6768440299495768,1.0093968152548916,0.5917668917521136,-0.6768294780207591,0.0,0.5420516291566317,-0.24963206875645114,1.5832665592317239
2026-08-18T02:45:23.478+00:00,1787021123.478782,180935.85883,0.3728331000020262,79,180935.7247698,5.306400009430945,128.3936999971047,10,0,0,4,1,0.0,1,estabilizada,1,1,1,,,,,,,,,,,,,nan,0.5420516291566317,-0.24963206875645114,1.5832665592317239
2026-08-18T02:45:23.656+00:00,1787021123.6561096,180936.0354471,0.5494501999928616,84,180935.8880823,52.81520000426099,94.48930001235567,1,0,0,4,1,0.0,1,estabilizada,1,1,1,,,,,,,,,,,,,nan,0.5420530753341337,-0.2496439673833102,1.5832548112825022
2026-08-18T02:45:23.656+00:00,1787021123.6561096,180936.0357981,0.5498011999879964,84,180935.8880823,52.81520000426099,94.48930001235567,2,1,1,4,1,0.0,1,estabilizada,1,1,1,728.5,180.25,0.6187957525253296,1.0878931283950806,0.6144333208447255,1.011860933348382,0.6015720708447254,1.0004164333483818,1.4468208907154751,0.6019257598320384,0.9988578105407507,1.4808958893134176,0.0,0.5420530753341337,-0.2496439673833102,1.5832548112825022
2026-08-18T02:45:23.656+00:00,1787021123.6561096,180936.0358773,0.5498803999798838,84,180935.8880823,52.81520000426099,94.48930001235567,3,1,1,4,1,0.0,1,estabilizada,1,1,1,1003.0,390.0,1.050796627998352,0.6545844078063965,1.0218771392252908,0.6031836142088378,1.0090158892252907,0.5917391142088378,-0.6768468799669207,1.0093968152548916,0.5917668917521136,-0.6768294780207591,0.0,0.5420530753341337,-0.2496439673833102,1.5832548112825022
2026-08-18T02:45:23.656+00:00,1787021123.6561096,180936.0359047,0.5499077999847941,84,180935.8880823,52.81520000426099,94.48930001235567,10,0,0,4,1,0.0,1,estabilizada,1,1,1,,,,,,,,,,,,,nan,0.5420530753341337,-0.2496439673833102,1.5832548112825022
2026-08-18T02:45:23.865+00:00,1787021123.865796,180936.2498563,0.7638594000018202,89,180936.0614318,40.17270001349971,148.22440000716597,1,0,0,4,1,0.0,1,estabilizada,1,1,1,,,,,,,,,,,,,nan,0.5420553990910676,-0.24965758538049426,1.5832413230104565
2026-08-18T02:45:23.865+00:00,1787021123.865796,180936.2499854,0.763988499995321,89,180936.0614318,40.17270001349971,148.22440000716597,2,1,1,4,1,0.0,1,estabilizada,1,1,1,728.5,180.25,0.6187970638275146,1.0878920555114746,0.6144346525349977,1.0118584995837014,0.6015734025349977,1.0004139995837014,1.446819047304032,0.6019257598320384,0.9988578105407507,1.4808958893134176,0.0,0.5420553990910676,-0.24965758538049426,1.5832413230104565
2026-08-18T02:45:23.865+00:00,1787021123.865796,180936.2500861,0.7640891999762971,89,180936.0614318,40.17270001349971,148.22440000716597,3,1,1,4,1,0.0,1,estabilizada,1,1,1,1003.0,390.0,1.0507971048355103,0.6545812487602234,1.0218774746745576,0.6031794227152074,1.0090162246745575,0.5917349227152074,-0.6768497299554543,1.0093968152548916,0.5917668917521136,-0.6768294780207591,0.0,0.5420553990910676,-0.24965758538049426,1.5832413230104565
2026-08-18T02:45:23.865+00:00,1787021123.865796,180936.2501073,0.7641103999922052,89,180936.0614318,40.17270001349971,148.22440000716597,10,0,0,4,1,0.0,1,estabilizada,1,1,1,,,,,,,,,,,,,nan,0.5420553990910676,-0.24965758538049426,1.5832413230104565
2026-08-18T02:45:24.077+00:00,1787021124.0771735,180936.4568248,0.970827899989672,97,180936.3186148,5.174899997655302,133.0024000199046,1,0,0,4,1,0.0,1,estabilizada,1,1,1,,,,,,,,,,,,,nan,0.5420556516355088,-0.24966995302618755,1.5832289282174947
2026-08-18T02:45:24.077+00:00,1787021124.0771735,180936.4568846,0.9708876999793574,97,180936.3186148,5.174899997655302,133.0024000199046,2,1,1,4,1,0.0,1,estabilizada,1,1,1,730.75,177.5,0.6230093240737915,1.0939942598342896,0.6184074434552708,1.0176125205910624,0.6055461934552708,1.0061680205910624,1.3144830492452007,0.6019257598320384,0.9988578105407507,1.4433436248002793,0.0,0.5420556516355088,-0.24966995302618755,1.5832289282174947
2026-08-18T02:45:24.077+00:00,1787021124.0771735,180936.4569045,0.9709075999853667,97,180936.3186148,5.174899997655302,133.0024000199046,3,1,1,4,1,0.0,1,estabilizada,1,1,1,1003.0,390.0,1.0507973432540894,0.6545781493186951,1.0218774874899441,0.60317539399975,1.009016237489944,0.59173089399975,-0.6768525799151771,1.0093968152548916,0.5917668917521136,-0.6768294780207591,0.0,0.5420556516355088,-0.24966995302618755,1.5832289282174947
2026-08-18T02:45:24.077+00:00,1787021124.0771735,180936.4569211,0.970924199995352,97,180936.3186148,5.174899997655302,133.0024000199046,10,0,0,4,1,0.0,1,estabilizada,1,1,1,,,,,,,,,,,,,nan,0.5420556516355088,-0.24966995302618755,1.5832289282174947
2026-08-18T02:45:24.257+00:00,1787021124.2578895,180936.6376397,1.1516427999886218,103,180936.5239527,2.574900019681081,111.07639997499064,1,0,0,4,1,0.0,1,estabilizada,1,1,1,,,,,,,,,,,,,nan,0.5420574943221668,-0.24968518628940858,1.5832144166627917
2026-08-18T02:45:24.257+00:00,1787021124.2578895,180936.6377024,1.1517055000003893,103,180936.5239527,2.574900019681081,111.07639997499064,2,1,1,4,1,0.0,1,estabilizada,1,1,1,733.0,175.5,0.6271721124649048,1.0984338521957397,0.6223336549873678,1.0217981721597957,0.6094724049873679,1.0103536721597957,1.21070358368896,0.6053794587244063,1.0039849538561552,1.3296851886381873,0.0,0.5420574943221668,-0.24968518628940858,1.5832144166627917
2026-08-18T02:45:24.257+00:00,1787021124.2578895,180936.6377248,1.151727899996331,103,180936.5239527,2.574900019681081,111.07639997499064,3,1,1,4,1,0.0,1,estabilizada,1,1,1,1003.0,394.75,1.0495411157608032,0.6457926630973816,1.0206925116495855,0.5948879937129967,1.0078312616495855,0.5834434937129968,-1.0126832987467491,1.0093968152548916,0.5917668917521136,-0.7232552832740221,0.0,0.5420574943221668,-0.24968518628940858,1.5832144166627917
2026-08-18T02:45:24.257+00:00,1787021124.2578895,180936.6377394,1.1517424999910872,103,180936.5239527,2.574900019681081,111.07639997499064,10,0,0,4,1,0.0,1,estabilizada,1,1,1,,,,,,,,,,,,,nan,0.5420574943221668,-0.24968518628940858,1.5832144166627917
2026-08-18T02:45:24.432+00:00,1787021124.432359,180936.8122799,1.3262830000021495,108,180936.690944,16.616799985058606,104.689400002826,1,0,0,4,1,0.0,1,estabilizada,1,1,1,,,,,,,,,,,,,nan,0.5420604791866152,-0.2496994096952818,1.583202712105423
2026-08-18T02:45:24.432+00:00,1787021124.432359,180936.8123458,1.3263488999800757,108,180936.690944,16.616799985058606,104.689400002826,2,1,1,4,1,0.0,1,estabilizada,1,1,1,735.25,174.25,0.6312809586524963,1.1012003421783447,0.6262090603475403,1.0244060209338202,0.6133478103475403,1.01296152093382,1.0495177481862874,0.6088243464432924,1.0078765727832293,1.2021630623025759,0.0,0.5420604791866152,-0.2496994096952818,1.583202712105423
2026-08-18T02:45:24.432+00:00,1787021124.432359,180936.8123682,1.3263712999760173,108,180936.690944,16.616799985058606,104.689400002826,3,1,1,4,1,0.0,1,estabilizada,1,1,1,1004.5,401.75,1.0501583814620972,0.6328625679016113,1.0212746441774503,0.5826917480966796,1.0084133941774502,0.5712472480966796,-1.269707536415986,1.0090223588588396,0.5849621218575172,-1.0410380737136402,0.0,0.5420604791866152,-0.2496994096952818,1.583202712105423
2026-08-18T02:45:24.432+00:00,1787021124.432359,180936.8123876,1.3263906999782193,108,180936.690944,16.616799985058606,104.689400002826,10,0,0,4,1,0.0,1,estabilizada,1,1,1,,,,,,,,,,,,,nan,0.5420604791866152,-0.2496994096952818,1.583202712105423
2026-08-18T02:45:24.642+00:00,1787021124.6424103,180937.0223798,1.5363828999979887,114,180936.8875602,22.37049999530427,112.36709999502636,1,0,0,4,1,0.0,1,estabilizada,1,1,1,,,,,,,,,,,,,nan,0.5420667752721462,-0.2497140111555163,1.5831900404671018
2026-08-18T02:45:24.642+00:00,1787021124.6424103,180937.0224816,1.5364846999873407,114,180936.8875602,22.37049999530427,112.36709999502636,2,1,1,4,1,0.0,1,estabilizada,1,1,1,739.25,171.5,0.6386451125144958,1.107316255569458,0.6331548996344003,1.0301728167633284,0.6202936496344003,1.0187283167633283,0.8048096624473594,0.6088243464432924,1.0078765727832293,1.1590940008901676,0.0,0.5420667752721462,-0.2497140111555163,1.5831900404671018
2026-08-18T02:45:24.642+00:00,1787021124.64341,180937.0225078,1.5365108999831136,114,180936.8875602,22.37049999530427,112.36709999502636,3,1,1,4,1,0.0,1,estabilizada,1,1,1,1006.5,410.0,1.0512595176696777,0.617716908454895,1.022313310553407,0.5684058461253823,1.009452060553407,0.5569613461253823,-1.3733105883314842,1.0090251483911972,0.5728690812931336,-1.2269389698028241,0.0,0.5420667752721462,-0.2497140111555163,1.5831900404671018
2026-08-18T02:45:24.643+00:00,1787021124.64341,180937.0225344,1.5365374999819323,114,180936.8875602,22.37049999530427,112.36709999502636,10,0,0,4,1,0.0,1,estabilizada,1,1,1,,,,,,,,,,,,,nan,0.5420667752721462,-0.2497140111555163,1.5831900404671018
2026-08-18T02:45:24.880+00:00,1787021124.8805523,180937.2604273,1.7744303999934345,120,180937.0881556,27.920299995457754,144.2508999898564,1,0,0,4,1,0.0,1,estabilizada,1,1,1,,,,,,,,,,,,,nan,0.5420715676158093,-0.24972494020621835,1.5831801579038893
2026-08-18T02:45:24.880+00:00,1787021124.8805523,180937.2605976,1.7746006999805104,120,180937.0881556,27.920299995457754,144.2508999898564,2,1,1,4,1,0.0,1,estabilizada,1,1,1,742.75,171.25,0.644910454750061,1.1078253984451294,0.6390643103325256,1.0306519132491139,0.6262030603325257,1.0192074132491138,0.6320948395893481,0.6117263782518109,1.010622346060246,0.9457116446972402,0.0,0.5420715676158093,-0.24972494020621835,1.5831801579038893
2026-08-18T02:45:24.880+00:00,1787021124.8805523,180937.2606429,1.774645999976201,120,180937.0881556,27.920299995457754,144.2508999898564,3,1,1,4,1,0.0,1,estabilizada,1,1,1,1005.0,415.25,1.047438383102417,0.6082313656806946,1.0187094900786353,0.5594586046374692,1.0058482400786353,0.5480141046374692,-1.6172513143521363,1.0092095511867387,0.5657907595772632,-1.3631928301931835,0.0,0.5420715676158093,-0.24972494020621835,1.5831801579038893
2026-08-18T02:45:24.881+00:00,1787021124.8815594,180937.2606703,1.7746733999811113,120,180937.0881556,27.920299995457754,144.2508999898564,10,0,0,4,1,0.0,1,estabilizada,1,1,1,,,,,,,,,,,,,nan,0.5420715676158093,-0.24972494020621835,1.5831801579038893
2026-08-18T02:45:25.106+00:00,1787021125.1066058,180937.4858063,1.999809400003869,127,180937.3363939,16.574999986914918,132.8108999878168,1,0,0,4,1,0.0,1,estabilizada,1,1,1,,,,,,,,,,,,,nan,0.5420765491019716,-0.24973043933815642,1.583174787101266
2026-08-18T02:45:25.106+00:00,1787021125.1066058,180937.4859834,1.9999864999845158,127,180937.3363939,16.574999986914918,132.8108999878168,2,1,1,4,1,0.0,1,estabilizada,1,1,1,748.25,170.25,0.6548212766647339,1.1099942922592163,0.6484119872019909,1.0326969358076092,0.6355507372019908,1.0212524358076092,0.4261415871688232,0.6181525307537671,1.0144970279804264,0.7153614258120606,0.0,0.5420765491019716,-0.24973043933815642,1.583174787101266
2026-08-18T02:45:25.106+00:00,1787021125.1066058,180937.4860455,2.0000485999917146,127,180937.3363939,16.574999986914918,132.8108999878168,3,1,1,4,1,0.0,1,estabilizada,1,1,1,1000.25,413.75,1.0400879383087158,0.6111148595809937,1.0117770876093608,0.5621777001883915,0.9989158376093608,0.5507332001883916,-2.0863020289641607,1.0083646678319067,0.5620059622517846,-1.4751164527728495,0.0,0.5420765491019716,-0.24973043933815642,1.583174787101266
2026-08-18T02:45:25.106+00:00,1787021125.1066058,180937.4860653,2.0000683999969624,127,180937.3363939,16.574999986914918,132.8108999878168,10,0,0,4,1,0.0,1,estabilizada,1,1,1,,,,,,,,,,,,,nan,0.5420765491019716,-0.24973043933815642,1.583174787101266
2026-08-18T02:45:25.278+00:00,1787021125.2786067,180937.6583156,2.1723187000025064,133,180937.5255108,28.96219998365268,103.81729999789968,1,0,0,4,1,0.0,1,estabilizada,1,1,1,,,,,,,,,,,,,nan,0.5420833834980264,-0.2497324470911647,1.5831725192386656
2026-08-18T02:45:25.278+00:00,1787021125.2786067,180937.6583589,2.172361999982968,133,180937.5255108,28.96219998365268,103.81729999789968,2,1,1,4,1,0.0,1,estabilizada,1,1,1,751.75,170.75,0.6610230803489685,1.1088145971298218,0.6542616108398006,1.0315840789809299,0.6414003608398007,1.0201395789809298,0.33633126084739107,0.6255494150123261,1.0168983051056881,0.5676483385981705,0.0,0.5420833834980264,-0.2497324470911647,1.5831725192386656
2026-08-18T02:45:25.278+00:00,1787021125.2786067,180937.6583712,2.1723742999893147,133,180937.5255108,28.96219998365268,103.81729999789968,3,1,1,4,1,0.0,1,estabilizada,1,1,1,1001.0,411.75,1.0418277978897095,0.6147163510322571,1.013418387829408,0.5655742702509904,1.000557137829408,0.5541297702509904,-2.2291625039082494,1.0060338687053125,0.5573680226175137,-1.7623896903009602,0.0,0.5420833834980264,-0.2497324470911647,1.5831725192386656
2026-08-18T02:45:25.278+00:00,1787021125.2786067,180937.658384,2.1723870999994688,133,180937.5255108,28.96219998365268,103.81729999789968,10,0,0,4,1,0.0,1,estabilizada,1,1,1,,,,,,,,,,,,,nan,0.5420833834980264,-0.2497324470911647,1.5831725192386656
2026-08-18T02:45:25.430+00:00,1787021125.4301198,180937.809725,2.323728099989239,138,180937.6990229,18.032299994956702,92.64500002609566,1,0,0,4,1,0.0,1,estabilizada,1,1,1,,,,,,,,,,,,,nan,0.5420925209437208,-0.24973305629020004,1.5831717448295421
2026-08-18T02:45:25.430+00:00,1787021125.4301198,180937.8098903,2.32389339999645,138,180937.6990229,18.032299994956702,92.64500002609566,2,1,1,4,1,0.0,1,estabilizada,1,1,1,754.25,171.25,0.6654378771781921,1.1076499223709106,0.6584259518470603,1.0304855411352833,0.6455647018470603,1.0190410411352833,0.2468539805096469,0.629444426075363,1.0177177482881643,0.46948838472282134,0.0,0.5420925209437208,-0.24973305629020004,1.5831717448295421
2026-08-18T02:45:25.430+00:00,1787021125.4301198,180937.8099392,2.323942299990449,138,180937.6990229,18.032299994956702,92.64500002609566,3,1,1,4,1,0.0,1,estabilizada,1,1,1,1001.0,408.0,1.0428000688552856,0.6215389966964722,1.0143358927738126,0.5720090041199287,1.0014746427738126,0.5605645041199288,-2.3437250037643933,1.0060338687053125,0.5573680226175137,-2.0554039418944,0.0,0.5420925209437208,-0.24973305629020004,1.5831717448295421
2026-08-18T02:45:25.430+00:00,1787021125.4301198,180937.8099565,2.3239595999766607,138,180937.6990229,18.032299994956702,92.64500002609566,10,0,0,4,1,0.0,1,estabilizada,1,1,1,,,,,,,,,,,,,nan,0.5420925209437208,-0.24973305629020004,1.5831717448295421
2026-08-18T02:45:25.581+00:00,1787021125.5813549,180937.9609594,2.4749624999822117,143,180937.8533293,13.194500003010035,94.41059999517165,1,0,0,4,1,0.0,1,estabilizada,1,1,1,,,,,,,,,,,,,nan,0.5421000882692792,-0.24973073666906115,1.5831719890032163
2026-08-18T02:45:25.581+00:00,1787021125.5813549,180937.9611012,2.475104299985105,143,180937.8533293,13.194500003010035,94.41059999517165,2,1,1,4,1,0.0,1,estabilizada,1,1,1,756.25,171.0,0.6690354347229004,1.1081812381744385,0.6618194270748503,1.030986796518822,0.6489581770748503,1.0195422965188219,0.12224122500337047,0.6387320354567725,1.0185374582730509,0.3509208322244375,0.0,0.5421000882692792,-0.24973073666906115,1.5831719890032163
2026-08-18T02:45:25.581+00:00,1787021125.5813549,180937.9611265,2.475129600003129,143,180937.8533293,13.194500003010035,94.41059999517165,3,1,1,4,1,0.0,1,estabilizada,1,1,1,1001.75,405.5,1.0446768999099731,0.6260728240013123,1.0161064645044422,0.5762852323765,1.0032452145044422,0.5648407323765,-2.508974577511798,1.0060338687053125,0.5573680226175137,-2.2234930251070066,0.0,0.5421000882692792,-0.24973073666906115,1.5831719890032163
2026-08-18T02:45:25.581+00:00,1787021125.5813549,180937.96114,2.475143099989509,143,180937.8533293,13.194500003010035,94.41059999517165,10,0,0,4,1,0.0,1,estabilizada,1,1,1,,,,,,,,,,,,,nan,0.5421000882692792,-0.24973073666906115,1.5831719890032163
2026-08-18T02:45:25.813+00:00,1787021125.8139715,180938.1939898,2.7079928999883123,147,180938.0172653,11.622199992416427,164.72560001420788,1,0,0,4,1,0.0,1,estabilizada,1,1,1,,,,,,,,,,,,,nan,0.5421112946748808,-0.2497256678255111,1.5831762861037828
2026-08-18T02:45:25.814+00:00,1787021125.814969,180938.1941133,2.7081163999973796,147,180938.0172653,11.622199992416427,164.72560001420788,2,1,1,4,1,0.0,1,estabilizada,1,1,1,758.5,172.5,0.6728970408439636,1.1047694683074951,0.6654621662450109,1.0277694757469829,0.6526009162450108,1.0163249757469828,-0.007672941022378793,0.6410502331853857,1.0186451262816327,0.2540981418369108,0.0,0.5421112946748808,-0.2497256678255111,1.5831762861037828
2026-08-18T02:45:25.814+00:00,1787021125.814969,180938.1941434,2.7081464999937452,147,180938.0172653,11.622199992416427,164.72560001420788,3,0,0,4,1,0.0,1,estabilizada,1,1,1,,,,,,,,,,1.0060338687053125,0.5573680226175137,-2.2234930251070066,161.60178184509277,0.5421112946748808,-0.2497256678255111,1.5831762861037828
2026-08-18T02:45:25.814+00:00,1787021125.814969,180938.1941672,2.708170300000347,147,180938.0172653,11.622199992416427,164.72560001420788,10,0,0,4,1,0.0,1,estabilizada,1,1,1,,,,,,,,,,,,,nan,0.5421112946748808,-0.2497256678255111,1.5831762861037828
2026-08-18T02:45:26.008+00:00,1787021126.0089474,180938.3882592,2.90226229999098,155,180938.2545215,31.30480000982061,102.38279998884536,1,0,0,4,1,0.0,1,estabilizada,1,1,1,,,,,,,,,,,,,nan,0.5421228554545653,-0.24972092823235936,1.5831809536671448
2026-08-18T02:45:26.008+00:00,1787021126.0089474,180938.3883332,2.9023363000014797,155,180938.2545215,31.30480000982061,102.38279998884536,2,1,1,4,1,0.0,1,estabilizada,1,1,1,763.0,174.25,0.680742084980011,1.1007661819458008,0.6728619177581957,1.0239942629592182,0.6600006677581958,1.0125497629592182,-0.17075278439984662,0.6410502331853857,1.0186451262816327,0.20973437512981258,0.0,0.5421228554545653,-0.24972092823235936,1.5831809536671448
2026-08-18T02:45:26.008+00:00,1787021126.0089474,180938.3883462,2.9023492999840528,155,180938.2545215,31.30480000982061,102.38279998884536,3,1,1,4,1,0.0,1,estabilizada,1,1,1,994.5,402.5,1.0335878133773804,0.6318044066429138,1.0056492217018056,0.581691827941784,0.9927879717018055,0.570247327941784,-3.013562239192129,1.0019642029498712,0.5616964694829152,-2.6572063875164065,0.0,0.5421228554545653,-0.24972092823235936,1.5831809536671448
2026-08-18T02:45:26.008+00:00,1787021126.0089474,180938.3883596,2.9023626999987755,155,180938.2545215,31.30480000982061,102.38279998884536,10,0,0,4,1,0.0,1,estabilizada,1,1,1,,,,,,,,,,,,,nan,0.5421228554545653,-0.24972092823235936,1.5831809536671448
2026-08-18T02:45:26.188+00:00,1787021126.1881533,180938.5678901,3.081893199996557,160,180938.4265318,34.46979998261668,106.84740002034232,1,0,0,4,1,0.0,1,estabilizada,1,1,1,,,,,,,,,,,,,nan,0.5421407814640568,-0.2497119549148738,1.5831878368940735
2026-08-18T02:45:26.188+00:00,1787021126.1881533,180938.567945,3.0819480999780353,160,180938.4265318,34.46979998261668,106.84740002034232,2,1,1,4,1,0.0,1,estabilizada,1,1,1,765.5,175.75,0.6850376129150391,1.0973583459854126,0.6769143097093886,1.0207809972616695,0.6640530597093885,1.0093364972616694,-0.26651759666722835,0.6437587409977406,1.0181010765647027,0.09700907521995406,0.0,0.5421407814640568,-0.2497119549148738,1.5831878368940735
2026-08-18T02:45:26.188+00:00,1787021126.1881533,180938.5679577,3.081960799987428,160,180938.4265318,34.46979998261668,106.84740002034232,3,1,1,4,1,0.0,1,estabilizada,1,1,1,990.25,401.0,1.0270111560821533,0.6346950531005859,0.9994475703226522,0.5844188768525764,0.9865863203226521,0.5729743768525765,3.11987286563439,0.9997760666632647,0.5636217888604143,-2.7908551046029584,0.0,0.5421407814640568,-0.2497119549148738,1.5831878368940735
2026-08-18T02:45:26.188+00:00,1787021126.1881533,180938.5679721,3.0819751999806613,160,180938.4265318,34.46979998261668,106.84740002034232,10,0,0,4,1,0.0,1,estabilizada,1,1,1,,,,,,,,,,,,,nan,0.5421407814640568,-0.2497119549148738,1.5831878368940735
2026-08-18T02:45:26.348+00:00,1787021126.3481123,180938.7277501,3.2417531999817584,166,180938.6137919,17.922500002896413,96.01040001143701,1,0,0,4,1,0.0,1,estabilizada,1,1,1,,,,,,,,,,,,,nan,0.5421610292834506,-0.24969992952823938,1.5831950580415104
2026-08-18T02:45:26.348+00:00,1787021126.3481123,180938.7277969,3.2417999999888707,166,180938.6137919,17.922500002896413,96.01040001143701,2,1,1,4,1,0.0,1,estabilizada,1,1,1,768.25,177.75,0.689717710018158,1.092829942703247,0.6813295450863195,1.0165110533237516,0.6684682950863194,1.0050665533237515,-0.4848840309525905,0.647971660256244,1.0166611466633144,-0.01919892201654505,0.0,0.5421610292834506,-0.24969992952823938,1.5831950580415104
2026-08-18T02:45:26.348+00:00,1787021126.3481123,180938.7278121,3.2418151999881957,166,180938.6137919,17.922500002896413,96.01040001143701,3,1,1,4,1,0.0,1,estabilizada,1,1,1,988.272705078125,398.3443603515625,1.0244431495666504,0.6396331787109375,0.9970268242029376,0.5890771974154051,0.9841655742029376,0.5776326974154051,2.915346882956041,0.9980954537893074,0.565119540963292,-2.940328976436239,0.0,0.5421610292834506,-0.24969992952823938,1.5831950580415104
2026-08-18T02:45:26.348+00:00,1787021126.3481123,180938.7278232,3.241826299985405,166,180938.6137919,17.922500002896413,96.01040001143701,10,0,0,4,1,0.0,1,estabilizada,1,1,1,,,,,,,,,,,,,nan,0.5421610292834506,-0.24969992952823938,1.5831950580415104
2026-08-18T02:45:26.543+00:00,1787021126.5435712,180938.9229124,3.4369155000022147,172,180938.8141412,3.640099981566891,105.10390001581982,1,0,0,4,1,0.0,1,estabilizada,1,1,1,,,,,,,,,,,,,nan,0.5421771065026344,-0.24969392709971278,1.5831962946144842
2026-08-18T02:45:26.543+00:00,1787021126.5435712,180938.9229595,3.4369625999825075,172,180938.8141412,3.640099981566891,105.10390001581982,2,1,1,4,1,0.0,1,estabilizada,1,1,1,769.75,180.5,0.6920775771141052,1.0866535902023315,0.6835561812512394,1.0106862089203592,0.6706949312512394,0.9992417089203592,-0.6220598172829356,0.6521806138704161,1.0147440803245655,-0.15015204211928945,0.0,0.5421771065026344,-0.24969392709971278,1.5831962946144842
2026-08-18T02:45:26.543+00:00,1787021126.5435712,180938.9229747,3.4369777999818325,172,180938.8141412,3.640099981566891,105.10390001581982,3,1,1,4,1,0.0,1,estabilizada,1,1,1,989.75,401.0,1.026193380355835,0.6347007155418396,0.9986784949338756,0.5844255108129643,0.9858172449338756,0.5729810108129644,3.1198624123947014,0.9916651569062639,0.569589059200447,-3.06043817891075,0.0,0.5421771065026344,-0.24969392709971278,1.5831962946144842
2026-08-18T02:45:26.543+00:00,1787021126.5435712,180938.9229873,3.4369903999904636,172,180938.8141412,3.640099981566891,105.10390001581982,10,0,0,4,1,0.0,1,estabilizada,1,1,1,,,,,,,,,,,,,nan,0.5421771065026344,-0.24969392709971278,1.5831962946144842
2026-08-18T02:45:26.755+00:00,1787021126.7551954,180939.1345624,3.648565499985125,177,180938.9833557,9.09409997984767,142.05890000448562,1,0,0,4,1,0.0,1,estabilizada,1,1,1,,,,,,,,,,,,,nan,0.5421893389799161,-0.24969334565232335,1.5831921514807026
2026-08-18T02:45:26.755+00:00,1787021126.7551954,180939.1348252,3.6488282999780495,177,180938.9833557,9.09409997984767,142.05890000448562,2,1,1,4,1,0.0,1,estabilizada,1,1,1,772.0,182.75,0.6958228349685669,1.0815948247909546,0.6870892048617939,1.0059148542783194,0.674227954861794,0.9944703542783194,-0.9077949531837222,0.663976950925676,1.004840760061846,-0.5860285714989313,0.0,0.5421893389799161,-0.24969334565232335,1.5831921514807026
2026-08-18T02:45:26.755+00:00,1787021126.7551954,180939.1348649,3.6488679999893066,177,180938.9833557,9.09409997984767,142.05890000448562,3,1,1,4,1,0.0,1,estabilizada,1,1,1,992.0,403.5,1.029242753982544,0.6300375461578369,1.0015551436635821,0.5800273309171511,0.9886938936635821,0.5685828309171511,-2.9000697791393844,0.9916651569062639,0.569589059200447,-3.0774478028082966,0.0,0.5421893389799161,-0.24969334565232335,1.5831921514807026
2026-08-18T02:45:26.755+00:00,1787021126.7551954,180939.1348934,3.648896500002593,177,180938.9833557,9.09409997984767,142.05890000448562,10,0,0,4,1,0.0,1,estabilizada,1,1,1,,,,,,,,,,,,,nan,0.5421893389799161,-0.24969334565232335,1.5831921514807026
2026-08-18T02:45:26.942+00:00,1787021126.9429376,180939.3221695,3.83617259998573,183,180939.1823603,33.42229998088442,106.36030000750907,1,0,0,4,1,0.0,1,estabilizada,1,1,1,,,,,,,,,,,,,nan,0.5421973079795863,-0.2496953756561307,1.5831851576452203
2026-08-18T02:45:26.942+00:00,1787021126.9429376,180939.3222168,3.8362198999966495,183,180939.1823603,33.42229998088442,106.36030000750907,2,1,1,4,1,0.0,1,estabilizada,1,1,1,772.75,185.0,0.6968950629234314,1.0765706300735474,0.6881008938537476,1.00117582237259,0.6752396438537476,0.98973132237259,-0.9089215903511182,0.6665134669945493,1.0022746991106868,-0.7003238031705841,0.0,0.5421973079795863,-0.2496953756561307,1.5831851576452203
2026-08-18T02:45:26.942+00:00,1787021126.9429376,180939.3222323,3.836235399998259,183,180939.1823603,33.42229998088442,106.36030000750907,3,1,1,4,1,0.0,1,estabilizada,1,1,1,994.5,407.25,1.032375693321228,0.6230939030647278,1.0045103141722946,0.5734780797319019,0.9916490641722946,0.5620335797319019,-2.434911100907763,0.9916651569062639,0.569589059200447,-2.917196399925654,0.0,0.5421973079795863,-0.2496953756561307,1.5831851576452203
2026-08-18T02:45:26.942+00:00,1787021126.9429376,180939.3222452,3.8362482999800704,183,180939.1823603,33.42229998088442,106.36030000750907,10,0,0,4,1,0.0,1,estabilizada,1,1,1,,,,,,,,,,,,,nan,0.5421973079795863,-0.2496953756561307,1.5831851576452203
2026-08-18T02:45:27.090+00:00,1787021127.0901937,180939.4694547,3.983457800000906,188,180939.3786883,4.208300000755116,86.53380000032485,1,0,0,4,1,0.0,1,estabilizada,1,1,1,,,,,,,,,,,,,nan,0.5422064906129528,-0.24969933300828145,1.5831776336473007
2026-08-18T02:45:27.090+00:00,1787021127.0901937,180939.469581,3.98358410000219,188,180939.3786883,4.208300000755116,86.53380000032485,2,1,1,4,1,0.0,1,estabilizada,1,1,1,773.0,186.75,0.6971354484558105,1.0726749897003174,0.6883280942401411,0.9975010568993645,0.675466844240141,0.9860565568993646,-1.0849057237382433,0.669961229159973,0.9978079040284596,-0.8351995820162629,0.0,0.5422064906129528,-0.24969933300828145,1.5831776336473007
2026-08-18T02:45:27.090+00:00,1787021127.0901937,180939.4695984,3.983601499989163,188,180939.3786883,4.208300000755116,86.53380000032485,3,1,1,4,1,0.0,1,estabilizada,1,1,1,993.7791748046875,408.5055236816406,1.0308781862258911,0.620824933052063,1.0030983264865623,0.5713376346716936,0.9902370764865622,0.5598931346716937,-2.327376752317274,0.9916651569062639,0.569589059200447,-2.7738432930788592,0.0,0.5422064906129528,-0.24969933300828145,1.5831776336473007
2026-08-18T02:45:27.090+00:00,1787021127.0901937,180939.4696101,3.983613199990941,188,180939.3786883,4.208300000755116,86.53380000032485,10,0,0,4,1,0.0,1,estabilizada,1,1,1,,,,,,,,,,,,,nan,0.5422064906129528,-0.24969933300828145,1.5831776336473007
2026-08-18T02:45:27.236+00:00,1787021127.2365184,180939.6164642,4.130467299983138,193,180939.5195341,10.815100016770884,86.08939999248832,1,0,0,4,1,0.0,1,estabilizada,1,1,1,,,,,,,,,,,,,nan,0.5422145650398816,-0.24970408835100086,1.5831687086701842
2026-08-18T02:45:27.236+00:00,1787021127.2365184,180939.6165064,4.130509499984328,193,180939.5195341,10.815100016770884,86.08939999248832,2,1,1,4,1,0.0,1,estabilizada,1,1,1,773.75,187.75,0.6983500719070435,1.070440411567688,0.6894740781224973,0.9953928159816929,0.6766128281224972,0.983948315981693,-1.1046118574526729,0.6712758179152118,0.994987984655735,-0.8729401271943618,0.0,0.5422145650398816,-0.24970408835100086,1.5831687086701842
2026-08-18T02:45:27.236+00:00,1787021127.2365184,180939.6165184,4.13052149998839,193,180939.5195341,10.815100016770884,86.08939999248832,3,1,1,4,1,0.0,1,estabilizada,1,1,1,992.25,413.25,1.0271832942962646,0.6122474670410156,0.9996137842408663,0.5632472312730646,0.9867525342408663,0.5518027312730647,-2.1428596977264704,0.991343371192569,0.5674043012894967,-2.4797099078396725,0.0,0.5422145650398816,-0.24970408835100086,1.5831687086701842
2026-08-18T02:45:27.236+00:00,1787021127.2365184,180939.6165307,4.130533799994737,193,180939.5195341,10.815100016770884,86.08939999248832,10,0,0,4,1,0.0,1,estabilizada,1,1,1,,,,,,,,,,,,,nan,0.5422145650398816,-0.24970408835100086,1.5831687086701842
2026-08-18T02:45:27.412+00:00,1787021127.412565,180939.7918689,4.30587199999718,197,180939.65879,23.597999999765307,109.42890000296757,1,0,0,4,1,0.0,1,estabilizada,1,1,1,,,,,,,,,,,,,nan,0.5422250721672758,-0.2497112708318821,1.5831586556107438
2026-08-18T02:45:27.412+00:00,1787021127.412565,180939.7919901,4.305993199988734,197,180939.65879,23.597999999765307,109.42890000296757,2,1,1,4,1,0.0,1,estabilizada,1,1,1,773.5,187.75,0.6979057192802429,1.0704411268234253,0.6890555271718836,0.9953926057115963,0.6761942771718836,0.9839481057115963,-1.1660300265444163,0.672230665723613,0.9928339087632025,-0.9137512897357691,0.0,0.5422250721672758,-0.2497112708318821,1.5831586556107438
2026-08-18T02:45:27.412+00:00,1787021127.412565,180939.7920187,4.306021800002782,197,180939.65879,23.597999999765307,109.42890000296757,3,1,1,4,1,0.0,1,estabilizada,1,1,1,990.0,417.25,1.0225181579589844,0.6050782203674316,0.9952142755792502,0.5564848251727723,0.9823530255792503,0.5450403251727723,-2.177733500915834,0.9876018386207297,0.5566238235096532,-2.303353740460782,0.0,0.5422250721672758,-0.2497112708318821,1.5831586556107438
2026-08-18T02:45:27.412+00:00,1787021127.412565,180939.7920406,4.306043699994916,197,180939.65879,23.597999999765307,109.42890000296757,10,0,0,4,1,0.0,1,estabilizada,1,1,1,,,,,,,,,,,,,nan,0.5422250721672758,-0.2497112708318821,1.5831586556107438
2026-08-18T02:45:27.592+00:00,1787021127.5925987,180939.9721485,4.486151599994628,203,180939.852787,10.697399993659928,108.59150000032969,1,0,0,4,1,0.0,1,estabilizada,1,1,1,,,,,,,,,,,,,nan,0.5422358023579731,-0.2497203423950322,1.5831465097477688
2026-08-18T02:45:27.592+00:00,1787021127.5925987,180939.9726132,4.4866162999824155,203,180939.852787,10.697399993659928,108.59150000032969,2,1,1,4,1,0.0,1,estabilizada,1,1,1,773.25,188.25,0.6974031329154968,1.0693331956863403,0.6885820543455784,0.994346567666526,0.6757208043455785,0.982902067666526,-1.2424628630800683,0.6737114752098239,0.9890988432834485,-1.0428162778560035,0.0,0.5422358023579731,-0.2497203423950322,1.5831465097477688
2026-08-18T02:45:27.593+00:00,1787021127.593601,180939.9727013,4.486704399983864,203,180939.852787,10.697399993659928,108.59150000032969,3,1,1,4,1,0.0,1,estabilizada,1,1,1,984.75,423.5,1.0124529600143433,0.5939944386482239,0.9857216727149665,0.5460302547736746,0.9728604227149664,0.5345857547736746,-2.200019845346589,0.9863241493176622,0.553732750480629,-2.277486438976285,0.0,0.5422358023579731,-0.2497203423950322,1.5831465097477688
2026-08-18T02:45:27.593+00:00,1787021127.593601,180939.9727276,4.486730699980399,203,180939.852787,10.697399993659928,108.59150000032969,10,0,0,4,1,0.0,1,estabilizada,1,1,1,,,,,,,,,,,,,nan,0.5422358023579731,-0.2497203423950322,1.5831465097477688
2026-08-18T02:45:27.818+00:00,1787021127.8185399,180940.1977166,4.7117196999897715,208,180940.0232121,35.00340000027791,139.4397999974899,1,0,0,4,1,0.0,1,estabilizada,1,1,1,,,,,,,,,,,,,nan,0.5422439338376317,-0.24972667992649794,1.5831360169116089
2026-08-18T02:45:27.818+00:00,1787021127.8185399,180940.1978122,4.711815299990121,208,180940.0232121,35.00340000027791,139.4397999974899,2,1,1,4,1,0.0,1,estabilizada,1,1,1,773.75,189.75,0.6981145739555359,1.0659990310668945,0.6892534543418353,0.9912010903186252,0.6763922043418353,0.9797565903186253,-1.2217503220252814,0.6737114752098239,0.9890988432834485,-1.1176418393838035,0.0,0.5422439338376317,-0.24972667992649794,1.5831360169116089
2026-08-18T02:45:27.818+00:00,1787021127.8185399,180940.1978302,4.711833299981663,208,180940.0232121,35.00340000027791,139.4397999974899,3,0,0,4,1,0.0,1,estabilizada,1,1,1,,,,,,,,,,0.9863241493176622,0.553732750480629,-2.277486438976285,195.13702392578125,0.5422439338376317,-0.24972667992649794,1.5831360169116089
2026-08-18T02:45:27.818+00:00,1787021127.8185399,180940.1978461,4.711849199986318,208,180940.0232121,35.00340000027791,139.4397999974899,10,0,0,4,1,0.0,1,estabilizada,1,1,1,,,,,,,,,,,,,nan,0.5422439338376317,-0.24972667992649794,1.5831360169116089
2026-08-18T02:45:28.000+00:00,1787021128.0009477,180940.3803207,4.89432379999198,215,180940.2643749,9.714999992866069,106.2040000106208,1,0,0,4,1,0.0,1,estabilizada,1,1,1,,,,,,,,,,,,,nan,0.542247204196586,-0.2497254551174494,1.5831298068078674
2026-08-18T02:45:28.000+00:00,1787021128.0009477,180940.3803693,4.894372399983695,215,180940.2643749,9.714999992866069,106.2040000106208,2,1,1,4,1,0.0,1,estabilizada,1,1,1,773.75,192.25,0.6978241205215454,1.0604678392410278,0.6889796641737245,0.9859841197221434,0.6761184141737244,0.9745396197221434,-1.3912161816851936,0.6742521192353725,0.9870003965316411,-1.1532395147969705,0.0,0.542247204196586,-0.2497254551174494,1.5831298068078674
2026-08-18T02:45:28.000+00:00,1787021128.0009477,180940.3803852,4.89438829998835,215,180940.2643749,9.714999992866069,106.2040000106208,3,1,1,4,1,0.0,1,estabilizada,1,1,1,975.25,419.75,0.9979535341262817,0.6010746955871582,0.9720468968326728,0.5527072065574303,0.9591856468326727,0.5412627065574304,-2.9795103308436257,0.9820200496488375,0.5490506200693959,-2.3866623120127657,0.0,0.542247204196586,-0.2497254551174494,1.5831298068078674
2026-08-18T02:45:28.000+00:00,1787021128.0009477,180940.3804119,4.89441499998793,215,180940.2643749,9.714999992866069,106.2040000106208,10,0,0,4,1,0.0,1,estabilizada,1,1,1,,,,,,,,,,,,,nan,0.542247204196586,-0.2497254551174494,1.5831298068078674
2026-08-18T02:45:28.184+00:00,1787021128.184619,180940.5642948,5.07829789997777,220,180940.4241468,23.612899996805936,116.5080999780912,1,0,0,4,1,0.0,1,estabilizada,1,1,1,,,,,,,,,,,,,nan,0.5422517829005554,-0.24972572592641856,1.5831218438180903
2026-08-18T02:45:28.184+00:00,1787021128.184619,180940.5643448,5.078347899980145,220,180940.4241468,23.612899996805936,116.5080999780912,2,1,1,4,1,0.0,1,estabilizada,1,1,1,773.0,193.75,0.6963229179382324,1.0571668148040771,0.6875640203160831,0.9828703674870001,0.6747027703160831,0.9714258674870001,-1.4689331352570143,0.6744177838766278,0.9782008678672071,-1.3157963657159801,0.0,0.5422517829005554,-0.24972572592641856,1.5831218438180903
2026-08-18T02:45:28.184+00:00,1787021128.184619,180940.5643709,5.07837400000426,220,180940.4241468,23.612899996805936,116.5080999780912,3,1,1,4,1,0.0,1,estabilizada,1,1,1,970.809814453125,414.8460693359375,0.9919065237045288,0.6100866198539734,0.9663437871215019,0.561206546963559,0.9534825371215019,0.549762046963559,2.9707150691693873,0.9753980452934496,0.5469101491102786,-2.5404465030882855,0.0,0.5422517829005554,-0.24972572592641856,1.5831218438180903
2026-08-18T02:45:28.184+00:00,1787021128.184619,180940.5643855,5.078388599999016,220,180940.4241468,23.612899996805936,116.5080999780912,10,0,0,4,1,0.0,1,estabilizada,1,1,1,,,,,,,,,,,,,nan,0.5422517829005554,-0.24972572592641856,1.5831218438180903
2026-08-18T02:45:28.375+00:00,1787021128.3755543,180940.7548807,5.268883799988544,226,180940.6262662,11.354399990523234,117.23420000635087,1,0,0,4,1,0.0,1,estabilizada,1,1,1,,,,,,,,,,,,,nan,0.5422579107511325,-0.24972693217421482,1.5831134815232262
2026-08-18T02:45:28.375+00:00,1787021128.3755543,180940.7549348,5.268937899993034,226,180940.6262662,11.354399990523234,117.23420000635087,2,1,1,4,1,0.0,1,estabilizada,1,1,1,773.0,196.0,0.6960634589195251,1.0522078275680542,0.687319613644557,0.9781928376482774,0.6744583636445569,0.9667483376482774,-1.5087449203722196,0.6743373071706351,0.9756819089431376,-1.4044566512047871,0.0,0.5422579107511325,-0.24972693217421482,1.5831134815232262
2026-08-18T02:45:28.375+00:00,1787021128.3755543,180940.7549476,5.268950700003188,226,180940.6262662,11.354399990523234,117.23420000635087,3,1,1,4,1,0.0,1,estabilizada,1,1,1,964.25,409.75,0.9824301600456238,0.6195579767227173,0.9574063680693294,0.5701391304341695,0.9445451180693294,0.5586946304341696,2.6020345451767004,0.9600595464414914,0.549952866346524,3.0799870740806545,0.0,0.5422579107511325,-0.24972693217421482,1.5831134815232262
2026-08-18T02:45:28.375+00:00,1787021128.3755543,180940.7549607,5.268963799986523,226,180940.6262662,11.354399990523234,117.23420000635087,10,0,0,4,1,0.0,1,estabilizada,1,1,1,,,,,,,,,,,,,nan,0.5422579107511325,-0.24972693217421482,1.5831134815232262
2026-08-18T02:45:28.554+00:00,1787021128.5544388,180940.9335664,5.447569499985548,232,180940.8184508,10.809300001710653,104.28100000717677,1,0,0,4,1,0.0,1,estabilizada,1,1,1,,,,,,,,,,,,,nan,0.5422637421305693,-0.24972783070303262,1.5831052761068956
2026-08-18T02:45:28.554+00:00,1787021128.5544388,180940.9337106,5.447713699977612,232,180940.8184508,10.809300001710653,104.28100000717677,2,1,1,4,1,0.0,1,estabilizada,1,1,1,771.25,198.25,0.6927146315574646,1.047290563583374,0.6841614542970622,0.9735546868558085,0.6713002042970622,0.9621101868558085,-1.6665333854741267,0.6736874127157144,0.971227306459751,-1.4906569783647887,0.0,0.5422637421305693,-0.24972783070303262,1.5831052761068956
2026-08-18T02:45:28.554+00:00,1787021128.5544388,180940.9337638,5.447766900004353,232,180940.8184508,10.809300001710653,104.28100000717677,3,1,1,4,1,0.0,1,estabilizada,1,1,1,958.5,404.75,0.9742144346237183,0.6288633346557617,0.9496579108655607,0.5789151688099975,0.9367966608655607,0.5674706688099975,2.4524657994614563,0.9532025149796103,0.5538016485353676,2.740976076168281,0.0,0.5422637421305693,-0.24972783070303262,1.5831052761068956
2026-08-18T02:45:28.554+00:00,1787021128.5544388,180940.9337913,5.447794399980921,232,180940.8184508,10.809300001710653,104.28100000717677,10,0,0,4,1,0.0,1,estabilizada,1,1,1,,,,,,,,,,,,,nan,0.5422637421305693,-0.24972783070303262,1.5831052761068956
2026-08-18T02:45:28.726+00:00,1787021128.7266343,180941.1057917,5.619794800004456,236,180940.971159,28.64979999139905,105.94949999358505,1,0,0,4,1,0.0,1,estabilizada,1,1,1,,,,,,,,,,,,,nan,0.5422736533780299,-0.24972856492168943,1.58309874453621
2026-08-18T02:45:28.726+00:00,1787021128.7266343,180941.1058466,5.619849699985934,236,180940.971159,28.64979999139905,105.94949999358505,2,1,1,4,1,0.0,1,estabilizada,1,1,1,771.0,198.75,0.6922157406806946,1.0461939573287964,0.683691453801045,0.9725200772849378,0.670830203801045,0.9610755772849379,-1.6705602622812308,0.6731591350279756,0.9693233621216732,-1.5544528494526195,0.0,0.5422736533780299,-0.24972856492168943,1.58309874453621
2026-08-18T02:45:28.726+00:00,1787021128.7266343,180941.1058649,5.6198679999797605,236,180940.971159,28.64979999139905,105.94949999358505,3,1,1,4,1,0.0,1,estabilizada,1,1,1,955.637451171875,400.83404541015625,0.9704360365867615,0.636119544506073,0.9460947788971945,0.5857586114792102,0.9332335288971945,0.5743141114792102,2.2715839595033374,0.9488121364211421,0.55758569361857,2.6219405278973955,0.0,0.5422736533780299,-0.24972856492168943,1.58309874453621
2026-08-18T02:45:28.726+00:00,1787021128.7266343,180941.1058809,5.619883999985177,236,180940.971159,28.64979999139905,105.94949999358505,10,0,0,4,1,0.0,1,estabilizada,1,1,1,,,,,,,,,,,,,nan,0.5422736533780299,-0.24972856492168943,1.58309874453621
2026-08-18T02:45:28.878+00:00,1787021128.8785357,180941.2582346,5.772237700002734,242,180941.1595517,10.05710000754334,88.60160000040196,1,0,0,4,1,0.0,1,estabilizada,1,1,1,,,,,,,,,,,,,nan,0.5422820753646036,-0.24973009992075273,1.5830910480285882
2026-08-18T02:45:28.878+00:00,1787021128.8785357,180941.2582786,5.772281699988525,242,180941.1595517,10.05710000754334,88.60160000040196,2,1,1,4,1,0.0,1,estabilizada,1,1,1,771.25,198.5,0.6926842331886292,1.0467342138290405,0.684133749487127,0.9730291743224471,0.6712724994871271,0.9615846743224471,-1.7538392391049127,0.6731591350279756,0.9693233621216732,-1.583211195035296,0.0,0.5422820753646036,-0.24973009992075273,1.5830910480285882
2026-08-18T02:45:28.878+00:00,1787021128.8785357,180941.2582927,5.772295799979474,242,180941.1595517,10.05710000754334,88.60160000040196,3,1,1,4,1,0.0,1,estabilizada,1,1,1,947.75,394.0,0.9590799808502197,0.6489410996437073,0.9353846845244533,0.5978509187842291,0.9225234345244533,0.5864064187842292,2.4045239948836805,0.9424069618791306,0.5641382179192951,2.5340009769909013,0.0,0.5422820753646036,-0.24973009992075273,1.5830910480285882
2026-08-18T02:45:28.878+00:00,1787021128.8785357,180941.2583046,5.772307699982775,242,180941.1595517,10.05710000754334,88.60160000040196,10,0,0,4,1,0.0,1,estabilizada,1,1,1,,,,,,,,,,,,,nan,0.5422820753646036,-0.24973009992075273,1.5830910480285882
2026-08-18T02:45:29.068+00:00,1787021129.068712,180941.4480565,5.962059599987697,247,180941.3275253,4.198599985102192,116.24900001334026,1,0,0,4,1,0.0,1,estabilizada,1,1,1,,,,,,,,,,,,,nan,0.5422879335109108,-0.24973040877587632,1.5830837345297084
2026-08-18T02:45:29.068+00:00,1787021129.068712,180941.4484427,5.962445799988927,247,180941.3275253,4.198599985102192,116.24900001334026,2,1,1,4,1,0.0,1,estabilizada,1,1,1,771.25,199.25,0.6925988793373108,1.0450854301452637,0.6840535416338729,0.9714737676910843,0.6711922916338728,0.9600292676910843,-1.747694615777932,0.6726476573017178,0.9675129048425295,-1.6556479679915774,0.0,0.5422879335109108,-0.24973040877587632,1.5830837345297084
2026-08-18T02:45:29.068+00:00,1787021129.068712,180941.4485237,5.962526799994521,247,180941.3275253,4.198599985102192,116.24900001334026,3,1,1,4,1,0.0,1,estabilizada,1,1,1,937.5,389.75,0.9432269930839539,0.6571273803710938,0.9204331796080711,0.6055715471305521,0.9075719296080711,0.5941270471305521,2.616185592658895,0.9244501156901268,0.5807271070146857,2.4919877446197556,0.0,0.5422879335109108,-0.24973040877587632,1.5830837345297084
2026-08-18T02:45:29.068+00:00,1787021129.068712,180941.4485494,5.9625524999864865,247,180941.3275253,4.198599985102192,116.24900001334026,10,0,0,4,1,0.0,1,estabilizada,1,1,1,,,,,,,,,,,,,nan,0.5422879335109108,-0.24973040877587632,1.5830837345297084
2026-08-18T02:45:29.235+00:00,1787021129.235031,180941.6144456,6.128448699979344,252,180941.5036695,8.48809999297373,102.26099999272265,1,0,0,4,1,0.0,1,estabilizada,1,1,1,,,,,,,,,,,,,nan,0.5422950333142774,-0.24973475059924338,1.5830730491147624
2026-08-18T02:45:29.235+00:00,1787021129.235031,180941.6145001,6.128503199986881,252,180941.5036695,8.48809999297373,102.26099999272265,2,1,1,4,1,0.0,1,estabilizada,1,1,1,771.25,199.0,0.6926265954971313,1.0456302165985107,0.6840800280446548,0.971986838541516,0.6712187780446548,0.960542338541516,-1.747697255867284,0.6726476573017178,0.9675129048425295,-1.692386104512946,0.0,0.5422950333142774,-0.24973475059924338,1.5830730491147624
2026-08-18T02:45:29.235+00:00,1787021129.235031,180941.614514,6.128517099976307,252,180941.5036695,8.48809999297373,102.26099999272265,3,1,1,4,1,0.0,1,estabilizada,1,1,1,927.0,388.25,0.926342248916626,0.6602500081062317,0.9045086074282946,0.6085160541176335,0.8916473574282946,0.5970715541176336,2.901888306417679,0.9164367182857842,0.5869369017947156,2.5572588428323857,0.0,0.5422950333142774,-0.24973475059924338,1.5830730491147624
2026-08-18T02:45:29.235+00:00,1787021129.235031,180941.6145271,6.128530199988745,252,180941.5036695,8.48809999297373,102.26099999272265,10,0,0,4,1,0.0,1,estabilizada,1,1,1,,,,,,,,,,,,,nan,0.5422950333142774,-0.24973475059924338,1.5830730491147624
2026-08-18T02:45:29.413+00:00,1787021129.4134045,180941.793282,6.307285099988803,257,180941.6561838,24.479800020344555,112.57929998100735,1,0,0,4,1,0.0,1,estabilizada,1,1,1,,,,,,,,,,,,,nan,0.5423013641945742,-0.24974406823656334,1.5830597348492301
2026-08-18T02:45:29.413+00:00,1787021129.4134045,180941.7933397,6.307342799991602,257,180941.6561838,24.479800020344555,112.57929998100735,2,1,1,4,1,0.0,1,estabilizada,1,1,1,769.5,203.5,0.6890357732772827,1.035810947418213,0.6806936390376663,0.9627246646570956,0.6678323890376663,0.9512801646570956,-1.753765710374682,0.6726476573017178,0.9675129048425295,-1.7050918224597775,0.0,0.5423013641945742,-0.24974406823656334,1.5830597348492301
2026-08-18T02:45:29.413+00:00,1787021129.4134045,180941.7933605,6.307363600004464,257,180941.6561838,24.479800020344555,112.57929998100735,3,1,1,4,1,0.0,1,estabilizada,1,1,1,918.25,388.25,0.9120128154754639,0.6605384945869446,0.890994006214644,0.6087871747531934,0.8781327562146439,0.5973426747531935,2.9380501547684403,0.8963372820348057,0.5933453436802336,2.7950205199011164,0.0,0.5423013641945742,-0.24974406823656334,1.5830597348492301
2026-08-18T02:45:29.413+00:00,1787021129.4134045,180941.7933785,6.307381599996006,257,180941.6561838,24.479800020344555,112.57929998100735,10,0,0,4,1,0.0,1,estabilizada,1,1,1,,,,,,,,,,,,,nan,0.5423013641945742,-0.24974406823656334,1.5830597348492301
2026-08-18T02:45:29.599+00:00,1787021129.5999548,180941.9799493,6.49395239999285,263,180941.8525531,19.643499981611967,107.72650002036244,1,0,0,4,1,0.0,1,estabilizada,1,1,1,,,,,,,,,,,,,nan,0.5423079856300871,-0.24975009955011782,1.5830496841178698
2026-08-18T02:45:29.599+00:00,1787021129.6009533,180941.9799932,6.49399629997788,263,180941.8525531,19.643499981611967,107.72650002036244,2,1,1,4,1,0.0,1,estabilizada,1,1,1,768.25,210.0,0.6861194968223572,1.0216830968856812,0.6779434830578135,0.9493992078661233,0.6650822330578134,0.9379547078661233,-1.7001096844139252,0.6726476573017178,0.9675129048425295,-1.7050918224597775,0.0,0.5423079856300871,-0.24975009955011782,1.5830496841178698
2026-08-18T02:45:29.600+00:00,1787021129.6009533,180941.9800065,6.494009599991841,263,180941.8525531,19.643499981611967,107.72650002036244,3,1,1,4,1,0.0,1,estabilizada,1,1,1,911.25,389.25,0.900359570980072,0.6589193344116211,0.8800035183527943,0.6072593960805462,0.8671422683527943,0.5958148960805463,3.084018848356302,0.8787053580220898,0.5955311618337404,2.951026757522513,0.0,0.5423079856300871,-0.24975009955011782,1.5830496841178698
2026-08-18T02:45:29.600+00:00,1787021129.6009533,180941.9800215,6.494024599989643,263,180941.8525531,19.643499981611967,107.72650002036244,10,0,0,4,1,0.0,1,estabilizada,1,1,1,,,,,,,,,,,,,nan,0.5423079856300871,-0.24975009955011782,1.5830496841178698
2026-08-18T02:45:29.780+00:00,1787021129.780302,180942.1597639,6.673767000000225,268,180942.0357868,17.29600000544451,106.62569999112748,1,0,0,4,1,0.0,1,estabilizada,1,1,1,,,,,,,,,,,,,nan,0.54231441983391,-0.24975684347634214,1.5830403558652335
2026-08-18T02:45:29.780+00:00,1787021129.780302,180942.1598725,6.673875599983148,268,180942.0357868,17.29600000544451,106.62569999112748,2,1,1,4,1,0.0,1,estabilizada,1,1,1,769.0,213.25,0.6870768070220947,1.0146247148513794,0.678846685282832,0.9427413040287291,0.665985435282832,0.9312968040287292,-1.7006047590342417,0.6682494495896406,0.948714324999951,-1.7050918224597775,0.0,0.54231441983391,-0.24975684347634214,1.5830403558652335
2026-08-18T02:45:29.780+00:00,1787021129.780302,180942.1598884,6.673891499987803,268,180942.0357868,17.29600000544451,106.62569999112748,3,1,1,4,1,0.0,1,estabilizada,1,1,1,907.5,389.25,0.8942273259162903,0.6590402722358704,0.8742201533700773,0.6073727704497933,0.8613589033700773,0.5959282704497934,3.1203846023016752,0.874046642799724,0.5956426037800617,3.020168692375305,0.0,0.54231441983391,-0.24975684347634214,1.5830403558652335
2026-08-18T02:45:29.780+00:00,1787021129.780302,180942.1599032,6.673906299984083,268,180942.0357868,17.29600000544451,106.62569999112748,10,0,0,4,1,0.0,1,estabilizada,1,1,1,,,,,,,,,,,,,nan,0.54231441983391,-0.24975684347634214,1.5830403558652335
2026-08-18T02:45:29.962+00:00,1787021129.9620671,180942.3415246,6.855527699983213,274,180942.2266194,3.2090000167954713,111.61779999383725,1,0,0,4,1,0.0,1,estabilizada,1,1,1,,,,,,,,,,,,,nan,0.5423192130670913,-0.2497630639132761,1.5830304406485114
2026-08-18T02:45:29.962+00:00,1787021129.9620671,180942.3416785,6.85568159999093,274,180942.2266194,3.2090000167954713,111.61779999383725,2,1,1,4,1,0.0,1,estabilizada,1,1,1,768.25,214.25,0.6856528520584106,1.0124738216400146,0.6775039073647545,0.9407118916209952,0.6646426573647546,0.9292673916209953,-1.7366871558034247,0.6667826628318421,0.941060610998505,-1.7050918224597775,0.0,0.5423192130670913,-0.2497630639132761,1.5830304406485114
2026-08-18T02:45:29.962+00:00,1787021129.9620671,180942.3419445,6.8559475999791175,274,180942.2266194,3.2090000167954713,111.61779999383725,3,1,1,4,1,0.0,1,estabilizada,1,1,1,900.0,388.75,0.8820655345916748,0.6602112650871277,0.8627499433357757,0.6084765115997053,0.8498886933357757,0.5970320115997053,3.083999250191074,0.8602532493879569,0.596234366213743,3.063722519775259,0.0,0.5423192130670913,-0.2497630639132761,1.5830304406485114
2026-08-18T02:45:29.962+00:00,1787021129.9620671,180942.3419807,6.855983799992828,274,180942.2266194,3.2090000167954713,111.61779999383725,10,0,0,4,1,0.0,1,estabilizada,1,1,1,,,,,,,,,,,,,nan,0.5423192130670913,-0.2497630639132761,1.5830304406485114
2026-08-18T02:45:30.145+00:00,1787021130.1453323,180942.5246012,7.038604300003499,279,180942.3966226,19.554900005459785,108.3970999752637,1,0,0,4,1,0.0,1,estabilizada,1,1,1,,,,,,,,,,,,,nan,0.5423250060913702,-0.2497688952491227,1.5830206759207275
2026-08-18T02:45:30.145+00:00,1787021130.1453323,180942.5246453,7.038648399990052,279,180942.3966226,19.554900005459785,108.3970999752637,2,1,1,4,1,0.0,1,estabilizada,1,1,1,767.75,219.75,0.6841800808906555,1.0006276369094849,0.6761151472317757,0.9295384277752953,0.6632538972317756,0.9180939277752953,-1.7420795677332142,0.6656950892487115,0.9361380851294491,-1.7050918224597775,0.0,0.5423250060913702,-0.2497688952491227,1.5830206759207275
2026-08-18T02:45:30.145+00:00,1787021130.1453323,180942.5246574,7.038660499994876,279,180942.3966226,19.554900005459785,108.3970999752637,3,1,1,4,1,0.0,1,estabilizada,1,1,1,889.5,388.25,0.8650080561637878,0.6614826917648315,0.8466624495976409,0.6096750027821496,0.8338011995976409,0.5982305027821496,3.082801671141546,0.8500153132353525,0.5969633331763927,3.063722519775259,0.0,0.5423250060913702,-0.2497688952491227,1.5830206759207275
2026-08-18T02:45:30.145+00:00,1787021130.1453323,180942.5246712,7.0386742999835405,279,180942.3966226,19.554900005459785,108.3970999752637,10,0,0,4,1,0.0,1,estabilizada,1,1,1,,,,,,,,,,,,,nan,0.5423250060913702,-0.2497688952491227,1.5830206759207275
2026-08-18T02:45:30.308+00:00,1787021130.3089888,180942.6889556,7.2029586999851745,284,180942.5536562,39.177200000267476,96.09649999765679,1,0,0,4,1,0.0,1,estabilizada,1,1,1,,,,,,,,,,,,,nan,0.5423294218334594,-0.24977558590008325,1.583010918571172
2026-08-18T02:45:30.308+00:00,1787021130.3089888,180942.6890037,7.203006800002186,284,180942.5536562,39.177200000267476,96.09649999765679,2,1,1,4,1,0.0,1,estabilizada,1,1,1,766.25,224.75,0.6810272932052612,0.989933967590332,0.6731418084767483,0.9194519143680813,0.6602805584767484,0.9080074143680813,-1.6266444710331023,0.6650885161974608,0.9315449810059316,-1.7050918224597775,0.0,0.5423294218334594,-0.24977558590008325,1.583010918571172
2026-08-18T02:45:30.308+00:00,1787021130.3089888,180942.6890176,7.203020699991612,284,180942.5536562,39.177200000267476,96.09649999765679,3,1,1,4,1,0.0,1,estabilizada,1,1,1,880.5,387.75,0.8504067659378052,0.6627040505409241,0.8328914344614957,0.6108262230943418,0.8200301844614957,0.5993817230943418,3.0840047840378886,0.8459916594016806,0.5971721136121857,3.063722519775259,0.0,0.5423294218334594,-0.24977558590008325,1.583010918571172
2026-08-18T02:45:30.309+00:00,1787021130.309987,180942.6890302,7.203033300000243,284,180942.5536562,39.177200000267476,96.09649999765679,10,0,0,4,1,0.0,1,estabilizada,1,1,1,,,,,,,,,,,,,nan,0.5423294218334594,-0.24977558590008325,1.583010918571172
2026-08-18T02:45:30.460+00:00,1787021130.4608521,180942.8405176,7.3545206999988295,289,180942.7315503,20.805300009669736,88.13429999281652,1,0,0,4,1,0.0,1,estabilizada,1,1,1,,,,,,,,,,,,,nan,0.542333835903961,-0.24978150064260782,1.5830020928024218
2026-08-18T02:45:30.460+00:00,1787021130.4608521,180942.8406475,7.354650599998422,289,180942.7315503,20.805300009669736,88.13429999281652,2,0,0,4,1,0.0,1,estabilizada,1,1,1,,,,,,,,,,0.6650885161974608,0.9315449810059316,-1.7050918224597775,159.56997871398926,0.542333835903961,-0.24978150064260782,1.5830020928024218
2026-08-18T02:45:30.460+00:00,1787021130.4608521,180942.8406811,7.3546841999923345,289,180942.7315503,20.805300009669736,88.13429999281652,3,1,1,4,1,0.0,1,estabilizada,1,1,1,870.25,387.25,0.8337723016738892,0.6639665365219116,0.8172028593221996,0.6120163061850582,0.8043416093221996,0.6005718061850582,3.0033603044375177,0.8364816103824599,0.5979850401934093,3.063722519775259,0.0,0.542333835903961,-0.24978150064260782,1.5830020928024218
2026-08-18T02:45:30.460+00:00,1787021130.4608521,180942.840703,7.354706099984469,289,180942.7315503,20.805300009669736,88.13429999281652,10,0,0,4,1,0.0,1,estabilizada,1,1,1,,,,,,,,,,,,,nan,0.542333835903961,-0.24978150064260782,1.5830020928024218
2026-08-18T02:45:30.611+00:00,1787021130.6112363,180942.9911003,7.505103399977088,294,180942.8973739,5.679399997461587,88.02029999787919,1,0,0,4,1,0.0,1,estabilizada,1,1,1,,,,,,,,,,,,,nan,0.5423404152122496,-0.24978941605255015,1.5829918827068281
2026-08-18T02:45:30.611+00:00,1787021130.6112363,180942.9911455,7.505148600001121,294,180942.8973739,5.679399997461587,88.02029999787919,2,0,0,4,1,0.0,1,estabilizada,1,1,1,,,,,,,,,,0.6650885161974608,0.9315449810059316,-1.7050918224597775,309.4007968902588,0.5423404152122496,-0.24978941605255015,1.5829918827068281
2026-08-18T02:45:30.611+00:00,1787021130.6112363,180942.9911582,7.50516129998141,294,180942.8973739,5.679399997461587,88.02029999787919,3,1,1,4,1,0.0,1,estabilizada,1,1,1,859.25,385.25,0.8161624670028687,0.6680282354354858,0.8005944878297753,0.6158462946837268,0.7877332378297752,0.6044017946837268,2.9322088559487636,0.8195429626843089,0.5991274507533842,3.0513640610158816,0.0,0.5423404152122496,-0.24978941605255015,1.5829918827068281
2026-08-18T02:45:30.611+00:00,1787021130.6112363,180942.9911711,7.505174199992325,294,180942.8973739,5.679399997461587,88.02029999787919,10,0,0,4,1,0.0,1,estabilizada,1,1,1,,,,,,,,,,,,,nan,0.5423404152122496,-0.24978941605255015,1.5829918827068281
2026-08-18T02:45:30.813+00:00,1787021130.8139322,180943.1931142,7.707117299985839,299,180943.0631014,5.115699983434752,124.86790001275949,1,0,0,4,1,0.0,1,estabilizada,1,1,1,,,,,,,,,,,,,nan,0.5423456186113735,-0.24980037073975578,1.5829802144977494
2026-08-18T02:45:30.813+00:00,1787021130.8139322,180943.1933247,7.707327799987979,299,180943.0631014,5.115699983434752,124.86790001275949,2,1,1,4,1,0.0,1,estabilizada,1,1,1,765.0,242.0,0.6770455241203308,0.9533579349517822,0.6693871899322105,0.8849526279741489,0.6565259399322105,0.8735081279741489,-1.7039290546037025,0.6606072535328136,0.9025419114973745,-1.7050918224597775,0.0,0.5423456186113735,-0.24980037073975578,1.5829802144977494
2026-08-18T02:45:30.813+00:00,1787021130.8139322,180943.1934045,7.707407599984435,299,180943.0631014,5.115699983434752,124.86790001275949,3,1,1,4,1,0.0,1,estabilizada,1,1,1,848.5,384.25,0.7987940311431885,0.6702321171760559,0.7842137117453327,0.6179238677399156,0.7713524617453327,0.6064793677399156,3.0474758718672224,0.8033070527035342,0.6016388221421266,3.031073611940969,0.0,0.5423456186113735,-0.24980037073975578,1.5829802144977494
2026-08-18T02:45:30.813+00:00,1787021130.8139322,180943.1934408,7.707443899998907,299,180943.0631014,5.115699983434752,124.86790001275949,10,0,0,4,1,0.0,1,estabilizada,1,1,1,,,,,,,,,,,,,nan,0.5423456186113735,-0.24980037073975578,1.5829802144977494
2026-08-18T02:45:31.002+00:00,1787021131.0027285,180943.3824074,7.896410499990452,302,180943.1504637,110.38559998269193,121.46650001523085,1,0,0,4,1,0.0,1,estabilizada,1,1,1,,,,,,,,,,,,,nan,0.5423524897793282,-0.24980933272922506,1.5829701288492544
2026-08-18T02:45:31.002+00:00,1787021131.0027285,180943.3825539,7.89655700000003,302,180943.1504637,110.38559998269193,121.46650001523085,2,1,1,4,1,0.0,1,estabilizada,1,1,1,764.75,245.75,0.6762255430221558,0.9454852342605591,0.6686141708476137,0.8775265854721048,0.6557529208476136,0.8660820854721049,-1.7079578878041606,0.6583375702345968,0.8877691425945802,-1.7050918224597775,0.0,0.5423524897793282,-0.24980933272922506,1.5829701288492544
2026-08-18T02:45:31.002+00:00,1787021131.0027285,180943.3825746,7.896577699983027,302,180943.1504637,110.38559998269193,121.46650001523085,3,1,1,4,1,0.0,1,estabilizada,1,1,1,841.75,383.75,0.7878695130348206,0.6713782548904419,0.7739106064892767,0.6190039988164884,0.7610493564892766,0.6075594988164884,3.014326014906546,0.7792688890415878,0.6049549464455888,3.031073611940969,0.0,0.5423524897793282,-0.24980933272922506,1.5829701288492544
2026-08-18T02:45:31.002+00:00,1787021131.0027285,180943.3825921,7.896595199999865,302,180943.1504637,110.38559998269193,121.46650001523085,10,0,0,4,1,0.0,1,estabilizada,1,1,1,,,,,,,,,,,,,nan,0.5423524897793282,-0.24980933272922506,1.5829701288492544
2026-08-18T02:45:31.167+00:00,1787021131.1679049,180943.5471007,8.061103799991542,310,180943.4218603,26.66010000393726,98.55419999803416,1,0,0,4,1,0.0,1,estabilizada,1,1,1,,,,,,,,,,,,,nan,0.542357627182902,-0.24981825408394087,1.5829591200565654
2026-08-18T02:45:31.167+00:00,1787021131.1679049,180943.5471472,8.06115029999637,310,180943.4218603,26.66010000393726,98.55419999803416,2,1,1,4,1,0.0,1,estabilizada,1,1,1,763.75,254.75,0.6735835075378418,0.9267171025276184,0.6661225888809389,0.8598245462048395,0.653261338880939,0.8483800462048395,-1.625876523284811,0.6569349896539654,0.8777299038966759,-1.7050918224597775,0.0,0.542357627182902,-0.24981825408394087,1.5829591200565654
2026-08-18T02:45:31.167+00:00,1787021131.1679049,180943.547162,8.06116509999265,310,180943.4218603,26.66010000393726,98.55419999803416,3,1,1,4,1,0.0,1,estabilizada,1,1,1,826.75,384.0,0.7634153366088867,0.671406626701355,0.7508469805494911,0.619029886064039,0.737985730549491,0.607585386064039,3.1206081846962572,0.7712774949671015,0.606018732699704,3.031073611940969,0.0,0.542357627182902,-0.24981825408394087,1.5829591200565654
2026-08-18T02:45:31.167+00:00,1787021131.1679049,180943.5471747,8.061177800002042,310,180943.4218603,26.66010000393726,98.55419999803416,10,0,0,4,1,0.0,1,estabilizada,1,1,1,,,,,,,,,,,,,nan,0.542357627182902,-0.24981825408394087,1.5829591200565654
2026-08-18T02:45:31.339+00:00,1787021131.3395762,180943.719138,8.23314109997591,315,180943.5802287,38.07539999252185,100.8051999961026,1,0,0,4,1,0.0,1,estabilizada,1,1,1,,,,,,,,,,,,,nan,0.5423612057617244,-0.24982713475721197,1.5829472855896374
2026-08-18T02:45:31.339+00:00,1787021131.3395762,180943.7191829,8.233185999997659,315,180943.5802287,38.07539999252185,100.8051999961026,2,1,1,4,1,0.0,1,estabilizada,1,1,1,763.25,260.75,0.6721193194389343,0.9142897129058838,0.6647417962976007,0.8481027228251291,0.6518805462976007,0.8366582228251291,-1.6254903856468534,0.6547186882073572,0.8630744661546709,-1.6832667871725975,0.0,0.5423612057617244,-0.24982713475721197,1.5829472855896374
2026-08-18T02:45:31.339+00:00,1787021131.3395762,180943.7191948,8.23319790000096,315,180943.5802287,38.07539999252185,100.8051999961026,3,1,1,4,1,0.0,1,estabilizada,1,1,1,816.5,384.0,0.7467480301856995,0.6717414855957031,0.7351274194644108,0.6193448097323832,0.7222661694644108,0.6079003097323832,3.120604409249157,0.7540024560246648,0.6068276006383715,3.059205410667222,0.0,0.5423612057617244,-0.24982713475721197,1.5829472855896374
2026-08-18T02:45:31.339+00:00,1787021131.3395762,180943.719207,8.233210099977441,315,180943.5802287,38.07539999252185,100.8051999961026,10,0,0,4,1,0.0,1,estabilizada,1,1,1,,,,,,,,,,,,,nan,0.5423612057617244,-0.24982713475721197,1.5829472855896374
2026-08-18T02:45:31.528+00:00,1787021131.528911,180943.9086026,8.422605699975975,321,180943.7880557,21.737500006565824,98.7301999994088,1,0,0,4,1,0.0,1,estabilizada,1,1,1,,,,,,,,,,,,,nan,0.5423669471426789,-0.2498393551173052,1.582933764583268
2026-08-18T02:45:31.528+00:00,1787021131.528911,180943.9088734,8.422876500000712,321,180943.7880557,21.737500006565824,98.7301999994088,2,1,1,4,1,0.0,1,estabilizada,1,1,1,762.25,266.75,0.6698096394538879,0.9019447565078735,0.6625636999429392,0.8364583967083803,0.6497024499429391,0.8250138967083803,-1.5888032126919205,0.653339039226989,0.8504463530105864,-1.6563149808746491,0.0,0.5423669471426789,-0.2498393551173052,1.582933764583268
2026-08-18T02:45:31.529+00:00,1787021131.52991,180943.9089536,8.422956700000213,321,180943.7880557,21.737500006565824,98.7301999994088,3,1,1,4,1,0.0,1,estabilizada,1,1,1,804.75,383.75,0.7276903390884399,0.6725877523422241,0.7171535082694261,0.620141818387929,0.7042922582694262,0.6086973183879291,-3.089792268930772,0.7264160903212904,0.6074218246977494,3.105025858767,0.0,0.5423669471426789,-0.2498393551173052,1.582933764583268
2026-08-18T02:45:31.529+00:00,1787021131.52991,180943.9089804,8.422983500000555,321,180943.7880557,21.737500006565824,98.7301999994088,10,0,0,4,1,0.0,1,estabilizada,1,1,1,,,,,,,,,,,,,nan,0.5423669471426789,-0.2498393551173052,1.582933764583268
2026-08-18T02:45:31.735+00:00,1787021131.7354982,180944.1147935,8.628796599979978,327,180943.9815215,2.131099987309426,131.09030001214705,1,0,0,4,1,0.0,1,estabilizada,1,1,1,,,,,,,,,,,,,nan,0.542370685047216,-0.24985184061235644,1.5829196867732913
2026-08-18T02:45:31.735+00:00,1787021131.7354982,180944.1148506,8.628853699978208,327,180943.9815215,2.131099987309426,131.09030001214705,2,1,1,4,1,0.0,1,estabilizada,1,1,1,762.75,274.5,0.6698930859565735,0.8860601186752319,0.6626425500148305,0.8214756187854881,0.6497813000148305,0.8100311187854882,-1.625494062425772,0.651109097849307,0.8297485217475479,-1.64795228905614,0.0,0.542370685047216,-0.24985184061235644,1.5829196867732913
2026-08-18T02:45:31.735+00:00,1787021131.7354982,180944.1148693,8.628872400004184,327,180943.9815215,2.131099987309426,131.09030001214705,3,1,1,4,1,0.0,1,estabilizada,1,1,1,791.5,384.75,0.7060778141021729,0.6711722016334534,0.6967699245496839,0.6188055752690452,0.6839086745496838,0.6073610752690453,3.1205973623217513,0.7201696390895447,0.6075378847546978,3.1131603525877356,0.0,0.542370685047216,-0.24985184061235644,1.5829196867732913
2026-08-18T02:45:31.735+00:00,1787021131.7354982,180944.1148853,8.628888399980497,327,180943.9815215,2.131099987309426,131.09030001214705,10,0,0,4,1,0.0,1,estabilizada,1,1,1,,,,,,,,,,,,,nan,0.542370685047216,-0.24985184061235644,1.5829196867732913
2026-08-18T02:45:31.921+00:00,1787021131.9219,180944.3012688,8.815271899977233,333,180944.1903201,6.904500012751669,104.01660000206903,1,0,0,4,1,0.0,1,estabilizada,1,1,1,,,,,,,,,,,,,nan,0.5423729646849619,-0.24986385765166874,1.582905165004679
2026-08-18T02:45:31.921+00:00,1787021131.9219,180944.3013148,8.815317899978254,333,180944.1903201,6.904500012751669,104.01660000206903,2,1,1,4,1,0.0,1,estabilizada,1,1,1,761.25,278.75,0.6669266819953918,0.877440869808197,0.6598448714070073,0.8133451629304651,0.6469836214070073,0.8019006629304651,-1.7037906382417827,0.6496976516361495,0.8158416764366494,-1.64795228905614,0.0,0.5423729646849619,-0.24986385765166874,1.582905165004679
2026-08-18T02:45:31.921+00:00,1787021131.9219,180944.3013275,8.815330599987647,333,180944.1903201,6.904500012751669,104.01660000206903,3,1,1,4,1,0.0,1,estabilizada,1,1,1,782.75,386.75,0.6916900277137756,0.6677672266960144,0.6832002356720941,0.6155930349521601,0.670338985672094,0.6041485349521601,-3.013606002790388,0.6868158507275443,0.6061425002638897,-3.108169069703435,0.0,0.5423729646849619,-0.24986385765166874,1.582905165004679
2026-08-18T02:45:31.921+00:00,1787021131.9219,180944.3013408,8.815343900001608,333,180944.1903201,6.904500012751669,104.01660000206903,10,0,0,4,1,0.0,1,estabilizada,1,1,1,,,,,,,,,,,,,nan,0.5423729646849619,-0.24986385765166874,1.582905165004679
2026-08-18T02:45:32.096+00:00,1787021132.0965958,180944.4762562,8.990259299986064,338,180944.3557058,5.579999997280538,114.59539999486879,1,0,0,4,1,0.0,1,estabilizada,1,1,1,,,,,,,,,,,,,nan,0.5423764278050336,-0.24987585701459616,1.5828900633937237
2026-08-18T02:45:32.097+00:00,1787021132.0975924,180944.47672,8.990723099996103,338,180944.3557058,5.579999997280538,114.59539999486879,2,1,1,4,1,0.0,1,estabilizada,1,1,1,759.0,281.5,0.6628450155258179,0.8719143271446228,0.6559954097663219,0.8081315547909519,0.6431341597663218,0.7966870547909519,-1.9056624986354282,0.6486278677167845,0.8098666975775284,-1.6915180890732424,0.0,0.5423764278050336,-0.24987585701459616,1.5828900633937237
2026-08-18T02:45:32.097+00:00,1787021132.0975924,180944.4767675,8.990770599979442,338,180944.3557058,5.579999997280538,114.59539999486879,3,1,1,4,1,0.0,1,estabilizada,1,1,1,777.0,389.25,0.682136595249176,0.6633523106575012,0.6741901084015647,0.6114279622828125,0.6613288584015646,0.5999834622828125,-2.8725371119531786,0.6716264231468948,0.6032537983571749,-3.006671915890134,0.0,0.5423764278050336,-0.24987585701459616,1.5828900633937237
2026-08-18T02:45:32.097+00:00,1787021132.0975924,180944.4767915,8.990794599987566,338,180944.3557058,5.579999997280538,114.59539999486879,10,0,0,4,1,0.0,1,estabilizada,1,1,1,,,,,,,,,,,,,nan,0.5423764278050336,-0.24987585701459616,1.5828900633937237
2026-08-18T02:45:32.281+00:00,1787021132.2810354,180944.660677,9.174680099997204,344,180944.5456188,6.883199996082112,108.02719998173416,1,0,0,4,1,0.0,1,estabilizada,1,1,1,,,,,,,,,,,,,nan,0.542379548536861,-0.24988766816625518,1.5828760346634296
2026-08-18T02:45:32.281+00:00,1787021132.281743,180944.6609154,9.174918499978958,344,180944.5456188,6.883199996082112,108.02719998173416,2,1,1,4,1,0.0,1,estabilizada,1,1,1,755.75,284.75,0.6570369005203247,0.8654179573059082,0.6505176523590459,0.802003322113811,0.6376564023590459,0.790558822113811,-2.1658197459759605,0.6472761991174922,0.8066239861947722,-1.7305299789074478,0.0,0.542379548536861,-0.24988766816625518,1.5828760346634296
2026-08-18T02:45:32.281+00:00,1787021132.281743,180944.6609679,9.174971000000369,344,180944.5456188,6.883199996082112,108.02719998173416,3,1,1,4,1,0.0,1,estabilizada,1,1,1,779.0,389.0,0.6853911876678467,0.663744330406189,0.6772597565008283,0.6117965606056284,0.6643985065008282,0.6003520606056284,-2.7835622374599343,0.6693739021002099,0.6025931201500765,-2.9498687145503024,0.0,0.542379548536861,-0.24988766816625518,1.5828760346634296
2026-08-18T02:45:32.281+00:00,1787021132.281743,180944.6614109,9.175413999997545,344,180944.5456188,6.883199996082112,108.02719998173416,10,0,0,4,1,0.0,1,estabilizada,1,1,1,,,,,,,,,,,,,nan,0.542379548536861,-0.24988766816625518,1.5828760346634296
2026-08-18T02:45:32.452+00:00,1787021132.4527617,180944.8325679,9.346571000001859,349,180944.7192358,10.422499995911494,102.86859999177977,1,0,0,4,1,0.0,1,estabilizada,1,1,1,,,,,,,,,,,,,nan,0.5423827418616233,-0.24989804008766667,1.5828635669667341
2026-08-18T02:45:32.453+00:00,1787021132.4537492,180944.8327639,9.3467669999809,349,180944.7192358,10.422499995911494,102.86859999177977,2,1,1,4,1,0.0,1,estabilizada,1,1,1,751.75,286.5,0.6501153707504272,0.8619855046272278,0.6439898038965683,0.7987649459431301,0.6311285538965683,0.7873204459431301,-2.3651402390420118,0.6441114603936768,0.8008220939360382,-1.9750575218141142,0.0,0.5423827418616233,-0.24989804008766667,1.5828635669667341
2026-08-18T02:45:32.453+00:00,1787021132.4537492,180944.8327985,9.346801599982427,349,180944.7192358,10.422499995911494,102.86859999177977,3,1,1,4,1,0.0,1,estabilizada,1,1,1,781.25,389.25,0.6889999508857727,0.6632081866264343,0.6806634466616845,0.6112899024992994,0.6678021966616845,0.5998454024992994,-2.7181251700256785,0.6693739021002099,0.6025931201500765,-2.8875085049531517,0.0,0.5423827418616233,-0.24989804008766667,1.5828635669667341
2026-08-18T02:45:32.453+00:00,1787021132.4537492,180944.8328177,9.346820799983107,349,180944.7192358,10.422499995911494,102.86859999177977,10,0,0,4,1,0.0,1,estabilizada,1,1,1,,,,,,,,,,,,,nan,0.5423827418616233,-0.24989804008766667,1.5828635669667341
2026-08-18T02:45:32.608+00:00,1787021132.608305,180944.9878636,9.501866699982202,354,180944.8862393,9.777500003110617,91.82440000586212,1,0,0,4,1,0.0,1,estabilizada,1,1,1,,,,,,,,,,,,,nan,0.5423853538562312,-0.24990617774899593,1.5828529253959795
2026-08-18T02:45:32.608+00:00,1787021132.608305,180944.988038,9.502041100000497,354,180944.8862393,9.777500003110617,91.82440000586212,2,1,1,4,1,0.0,1,estabilizada,1,1,1,748.5,287.75,0.6445164084434509,0.8595476746559143,0.6387093023217307,0.7964648416811055,0.6258480523217307,0.7850203416811056,-2.5113671618352074,0.6332800652589433,0.7905567159100101,-2.3970907099078422,0.0,0.5423853538562312,-0.24990617774899593,1.5828529253959795
2026-08-18T02:45:32.608+00:00,1787021132.608305,180944.9880738,9.502076899982058,354,180944.8862393,9.777500003110617,91.82440000586212,3,1,1,4,1,0.0,1,estabilizada,1,1,1,784.5,389.25,0.694251298904419,0.6630987524986267,0.68561629887691,0.6111858789751882,0.6727550488769101,0.5997413789751882,-2.6258712408690075,0.6693739021002099,0.6025931201500765,-2.8199833272307386,0.0,0.5423853538562312,-0.24990617774899593,1.5828529253959795
2026-08-18T02:45:32.608+00:00,1787021132.608305,180944.9880888,9.50209189997986,354,180944.8862393,9.777500003110617,91.82440000586212,10,0,0,4,1,0.0,1,estabilizada,1,1,1,,,,,,,,,,,,,nan,0.5423853538562312,-0.24990617774899593,1.5828529253959795
2026-08-18T02:45:32.750+00:00,1787021132.7502387,180945.1293198,9.643322899995837,358,180945.0213655,27.35459999530576,80.57479999843054,1,0,0,4,1,0.0,1,estabilizada,1,1,1,,,,,,,,,,,,,nan,0.5423901628447344,-0.2499134517801017,1.5828442239504665
2026-08-18T02:45:32.750+00:00,1787021132.7502387,180945.1293655,9.643368599994574,358,180945.0213655,27.35459999530576,80.57479999843054,2,1,1,4,1,0.0,1,estabilizada,1,1,1,744.5,288.5,0.6377027034759521,0.8581387996673584,0.6322832638829641,0.7951353144719685,0.619422013882964,0.7836908144719685,-2.8222753395655418,0.6316235027953977,0.7893199888487725,-2.485138470994775,0.0,0.5423901628447344,-0.2499134517801017,1.5828442239504665
2026-08-18T02:45:32.750+00:00,1787021132.7502387,180945.1293792,9.643382299982477,358,180945.0213655,27.35459999530576,80.57479999843054,3,1,1,4,1,0.0,1,estabilizada,1,1,1,786.2606811523438,388.2305908203125,0.6972041130065918,0.664915144443512,0.6884014429119993,0.6128982924916285,0.6755401929119993,0.6014537924916286,-2.558501383359948,0.6693739021002099,0.6025931201500765,-2.783739587306299,0.0,0.5423901628447344,-0.2499134517801017,1.5828442239504665
2026-08-18T02:45:32.750+00:00,1787021132.7502387,180945.1293917,9.643394799990347,358,180945.0213655,27.35459999530576,80.57479999843054,10,0,0,4,1,0.0,1,estabilizada,1,1,1,,,,,,,,,,,,,nan,0.5423901628447344,-0.2499134517801017,1.5828442239504665
2026-08-18T02:45:32.899+00:00,1787021132.8997397,180945.2792439,9.793246999994153,362,180945.1500566,37.41050002281554,91.75249998224899,1,0,0,4,1,0.0,1,estabilizada,1,1,1,,,,,,,,,,,,,nan,0.5423881180119813,-0.24991668664690198,1.5828385007922061
2026-08-18T02:45:32.899+00:00,1787021132.8997397,180945.2792885,9.793291599984514,362,180945.1500566,37.41050002281554,91.75249998224899,2,1,1,4,1,0.0,1,estabilizada,1,1,1,742.25,288.75,0.6338873505592346,0.8576920628547668,0.6286847155935503,0.7947135673195254,0.6158234655935504,0.7832690673195254,-2.8804380951297457,0.6270779853704902,0.7871770880623136,-2.6253613398859197,0.0,0.5423881180119813,-0.24991668664690198,1.5828385007922061
2026-08-18T02:45:32.899+00:00,1787021132.8997397,180945.2793014,9.793304499995429,362,180945.1500566,37.41050002281554,91.75249998224899,3,1,1,4,1,0.0,1,estabilizada,1,1,1,788.25,390.5,0.7001774907112122,0.6606726050376892,0.6912056066334473,0.6088966113335963,0.6783443566334473,0.5974521113335963,-2.289172398272052,0.6693739021002099,0.6025931201500765,-2.689130613482225,0.0,0.5423881180119813,-0.24991668664690198,1.5828385007922061
2026-08-18T02:45:32.899+00:00,1787021132.8997397,180945.2793126,9.7933156999934,362,180945.1500566,37.41050002281554,91.75249998224899,10,0,0,4,1,0.0,1,estabilizada,1,1,1,,,,,,,,,,,,,nan,0.5423881180119813,-0.24991668664690198,1.5828385007922061
2026-08-18T02:45:33.047+00:00,1787021133.0473592,180945.4267727,9.940775800001575,367,180945.3148057,25.423599989153445,86.51839999947697,1,0,0,4,1,0.0,1,estabilizada,1,1,1,,,,,,,,,,,,,nan,0.5423861601749084,-0.24991617647006015,1.5828329614656496
2026-08-18T02:45:33.047+00:00,1787021133.0473592,180945.426818,9.940821099997265,367,180945.3148057,25.423599989153445,86.51839999947697,2,1,1,4,1,0.0,1,estabilizada,1,1,1,738.5,288.75,0.6275657415390015,0.8577859401702881,0.6227224242026795,0.7948019153712853,0.6098611742026796,0.7833574153712853,-2.9777771498448513,0.6226075165819069,0.7856957640655903,-2.775022252384647,0.0,0.5423861601749084,-0.24991617647006015,1.5828329614656496
2026-08-18T02:45:33.047+00:00,1787021133.0473592,180945.4268333,9.940836399997352,367,180945.3148057,25.423599989153445,86.51839999947697,3,1,1,4,1,0.0,1,estabilizada,1,1,1,789.0,393.75,0.7010388970375061,0.6546807289123535,0.6920178906108948,0.6032452815427013,0.6791566406108949,0.5918007815427013,-1.9824674266816893,0.6714175402263208,0.6014219017257365,-2.44448947147858,0.0,0.5423861601749084,-0.24991617647006015,1.5828329614656496
2026-08-18T02:45:33.047+00:00,1787021133.0473592,180945.4268447,9.940847799996845,367,180945.3148057,25.423599989153445,86.51839999947697,10,0,0,4,1,0.0,1,estabilizada,1,1,1,,,,,,,,,,,,,nan,0.5423861601749084,-0.24991617647006015,1.5828329614656496
2026-08-18T02:45:33.192+00:00,1787021133.1923625,180945.5716217,10.085624799976358,371,180945.4592421,26.655199995730072,85.69959999294952,1,0,0,4,1,0.0,1,estabilizada,1,1,1,,,,,,,,,,,,,nan,0.5423898196032608,-0.24991035930073063,1.5828308247920961
2026-08-18T02:45:33.192+00:00,1787021133.1923625,180945.5716641,10.08566719997907,371,180945.4592421,26.655199995730072,85.69959999294952,2,1,1,4,1,0.0,1,estabilizada,1,1,1,735.25,288.0,0.6221461892127991,0.8593752980232239,0.6176112299787311,0.7963011478389999,0.604749979978731,0.7848566478389999,-3.116557941278999,0.6174542590971571,0.7847480508589996,-2.865183659498931,0.0,0.5423898196032608,-0.24991035930073063,1.5828308247920961
2026-08-18T02:45:33.192+00:00,1787021133.1923625,180945.5716775,10.085680599993793,371,180945.4592421,26.655199995730072,85.69959999294952,3,1,1,4,1,0.0,1,estabilizada,1,1,1,791.0,396.0,0.7040219306945801,0.6504912376403809,0.6948315044213683,0.5992942667099315,0.6819702544213684,0.5878497667099315,-1.8430393547067194,0.6762821185371339,0.5954565952633486,-2.0467011751445585,0.0,0.5423898196032608,-0.24991035930073063,1.5828308247920961
2026-08-18T02:45:33.192+00:00,1787021133.1923625,180945.5716905,10.085693599976366,371,180945.4592421,26.655199995730072,85.69959999294952,10,0,0,4,1,0.0,1,estabilizada,1,1,1,,,,,,,,,,,,,nan,0.5423898196032608,-0.24991035930073063,1.5828308247920961
2026-08-18T02:45:33.342+00:00,1787021133.3425002,180945.7214955,10.235498599999119,376,180945.6162275,15.482899994822219,89.57410001312383,1,0,0,4,1,0.0,1,estabilizada,1,1,1,,,,,,,,,,,,,nan,0.5423926949632282,-0.24990588354313284,1.5828279642096061
2026-08-18T02:45:33.342+00:00,1787021133.3425002,180945.7216165,10.23561959998915,376,180945.6162275,15.482899994822219,89.57410001312383,2,1,1,4,1,0.0,1,estabilizada,1,1,1,733.25,287.75,0.6187946200370789,0.8599271178245544,0.6144503871753096,0.7968217315275857,0.6015891371753097,0.7853772315275858,3.08612755732111,0.6125710498908257,0.784508808735857,-3.000074832593405,0.0,0.5423926949632282,-0.24990588354313284,1.5828279642096061
2026-08-18T02:45:33.342+00:00,1787021133.3425002,180945.7217092,10.235712299996521,376,180945.6162275,15.482899994822219,89.57410001312383,3,1,1,4,1,0.0,1,estabilizada,1,1,1,790.75,395.0,0.7037270069122314,0.6523268818855286,0.6945534969643825,0.6010256977235924,0.6816922469643825,0.5895811977235924,-1.821495201118105,0.6774721242706186,0.5939749165418132,-2.0078037323023548,0.0,0.5423926949632282,-0.24990588354313284,1.5828279642096061
2026-08-18T02:45:33.342+00:00,1787021133.3425002,180945.7217412,10.23574429997825,376,180945.6162275,15.482899994822219,89.57410001312383,10,0,0,4,1,0.0,1,estabilizada,1,1,1,,,,,,,,,,,,,nan,0.5423926949632282,-0.24990588354313284,1.5828279642096061
2026-08-18T02:45:33.512+00:00,1787021133.512836,180945.891912,10.40591509998194,380,180945.7601982,25.182399986078963,106.50510000414215,1,0,0,4,1,0.0,1,estabilizada,1,1,1,,,,,,,,,,,,,nan,0.542393644439073,-0.24989992876585637,1.582826179000799
2026-08-18T02:45:33.512+00:00,1787021133.512836,180945.8919589,10.405961999989813,380,180945.7601982,25.182399986078963,106.50510000414215,2,1,1,4,1,0.0,1,estabilizada,1,1,1,731.25,287.0,0.6154792904853821,0.8614859580993652,0.6113236174042607,0.7982922030649284,0.5984623674042606,0.7868477030649285,3.00314791540314,0.6064563585415772,0.7849009634237286,-3.1317390147069966,0.0,0.542393644439073,-0.24989992876585637,1.582826179000799
2026-08-18T02:45:33.512+00:00,1787021133.512836,180945.8919765,10.40597959997831,380,180945.7601982,25.182399986078963,106.50510000414215,3,1,1,4,1,0.0,1,estabilizada,1,1,1,791.0,398.0,0.7038038969039917,0.646831214427948,0.6946260586078036,0.5958427963955963,0.6817648086078036,0.5843982963955964,-1.765997339061645,0.6774721242706186,0.5939749165418132,-1.9353638035109202,0.0,0.542393644439073,-0.24989992876585637,1.582826179000799
2026-08-18T02:45:33.512+00:00,1787021133.512836,180945.8919896,10.405992699990747,380,180945.7601982,25.182399986078963,106.50510000414215,10,0,0,4,1,0.0,1,estabilizada,1,1,1,,,,,,,,,,,,,nan,0.542393644439073,-0.24989992876585637,1.582826179000799
2026-08-18T02:45:33.675+00:00,1787021133.6757085,180946.0553267,10.569329799996922,386,180945.9512181,2.0118000102229416,102.05379998660646,1,0,0,4,1,0.0,1,estabilizada,1,1,1,,,,,,,,,,,,,nan,0.5423920871577724,-0.24989141568025378,1.5828279739188018
2026-08-18T02:45:33.675+00:00,1787021133.6757085,180946.055609,10.56961209999281,386,180945.9512181,2.0118000102229416,102.05379998660646,2,1,1,4,1,0.0,1,estabilizada,1,1,1,730.5,287.0,0.6142159700393677,0.861502468585968,0.6101320458442832,0.7983083304786444,0.5972707958442831,0.7868638304786444,3.0031453106276125,0.6047168079177986,0.7852247662351931,3.0962506786487753,0.0,0.5423920871577724,-0.24989141568025378,1.5828279739188018
2026-08-18T02:45:33.675+00:00,1787021133.6757085,180946.0557063,10.569709399977,386,180945.9512181,2.0118000102229416,102.05379998660646,3,1,1,4,1,0.0,1,estabilizada,1,1,1,789.75,402.75,0.7012794613838196,0.6382166743278503,0.692245084991709,0.5877186231070107,0.679383834991709,0.5762741231070108,-1.8283869916644144,0.67931939170123,0.5841637283756664,-1.8507760582512898,0.0,0.5423920871577724,-0.24989141568025378,1.5828279739188018
2026-08-18T02:45:33.675+00:00,1787021133.6757085,180946.0557545,10.569757599994773,386,180945.9512181,2.0118000102229416,102.05379998660646,10,0,0,4,1,0.0,1,estabilizada,1,1,1,,,,,,,,,,,,,nan,0.5423920871577724,-0.24989141568025378,1.5828279739188018
2026-08-18T02:45:33.821+00:00,1787021133.8217707,180946.2048973,10.718900399981067,391,180946.1151522,2.9322000045794994,86.78050001617521,1,0,0,4,1,0.0,1,estabilizada,1,1,1,,,,,,,,,,,,,nan,0.5423885030175192,-0.24988196008850638,1.582831414354201
2026-08-18T02:45:33.821+00:00,1787021133.8217707,180946.2050139,10.719016999995802,391,180946.1151522,2.9322000045794994,86.78050001617521,2,1,1,4,1,0.0,1,estabilizada,1,1,1,729.5,286.25,0.612585186958313,0.8630363941192627,0.60859379438335,0.7997557118113708,0.5957325443833501,0.7883112118113709,2.89865483062976,0.6047168079177986,0.7852247662351931,3.0420670610413776,0.0,0.5423885030175192,-0.24988196008850638,1.582831414354201
2026-08-18T02:45:33.821+00:00,1787021133.8217707,180946.2050773,10.719080399983795,391,180946.1151522,2.9322000045794994,86.78050001617521,3,1,1,4,1,0.0,1,estabilizada,1,1,1,789.0,406.5,0.6996743679046631,0.6314328908920288,0.6907310731788514,0.5813212138878102,0.6778698231788514,0.5698767138878102,-1.8519338961055145,0.679327957825963,0.5823443554422587,-1.8507760582512898,0.0,0.5423885030175192,-0.24988196008850638,1.582831414354201
2026-08-18T02:45:33.821+00:00,1787021133.8217707,180946.2050924,10.719095499982359,391,180946.1151522,2.9322000045794994,86.78050001617521,10,0,0,4,1,0.0,1,estabilizada,1,1,1,,,,,,,,,,,,,nan,0.5423885030175192,-0.24988196008850638,1.582831414354201
2026-08-18T02:45:33.970+00:00,1787021133.97001,180946.3492586,10.863261699996656,395,180946.2595208,4.011799988802522,85.70130000589415,1,0,0,4,1,0.0,1,estabilizada,1,1,1,,,,,,,,,,,,,nan,0.5423860432383735,-0.24987083145001643,1.5828368400452777
2026-08-18T02:45:33.970+00:00,1787021133.97001,180946.3493071,10.863310199987609,395,180946.2595208,4.011799988802522,85.70130000589415,2,1,1,4,1,0.0,1,estabilizada,1,1,1,729.75,286.75,0.612971305847168,0.8620197176933289,0.6089578323961647,0.7987976932299365,0.5960965823961648,0.7873531932299366,2.8352292083266413,0.6027201626440041,0.7855890286883798,2.9674687541652345,0.0,0.5423860432383735,-0.24987083145001643,1.5828368400452777
2026-08-18T02:45:33.970+00:00,1787021133.97001,180946.3493216,10.863324699981604,395,180946.2595208,4.011799988802522,85.70130000589415,3,1,1,4,1,0.0,1,estabilizada,1,1,1,787.0,410.25,0.6960716843605042,0.6247151494026184,0.6873331287803875,0.5749862472913397,0.6744718787803876,0.5635417472913398,-1.8891891195353563,0.6780361292288477,0.5754703574615723,-1.8507760582512898,0.0,0.5423860432383735,-0.24987083145001643,1.5828368400452777
2026-08-18T02:45:33.970+00:00,1787021133.97001,180946.3493339,10.86333699998795,395,180946.2595208,4.011799988802522,85.70130000589415,10,0,0,4,1,0.0,1,estabilizada,1,1,1,,,,,,,,,,,,,nan,0.5423860432383735,-0.24987083145001643,1.5828368400452777
2026-08-18T02:45:34.120+00:00,1787021134.1208537,180946.4999283,11.013931399997091,399,180946.3891737,20.611099986126646,90.11779999127612,1,0,0,4,1,0.0,1,estabilizada,1,1,1,,,,,,,,,,,,,nan,0.5423830975991126,-0.24985811690744522,1.582843483461054
2026-08-18T02:45:34.120+00:00,1787021134.1208537,180946.4999728,11.01397589998669,399,180946.3891737,20.611099986126646,90.11779999127612,2,1,1,4,1,0.0,1,estabilizada,1,1,1,728.5,286.5,0.6108825206756592,0.8625525236129761,0.6069876642724166,0.799301192263447,0.5941264142724165,0.787856692263447,2.8986687365846935,0.6009267214416507,0.7860862311283863,2.9228675755665736,0.0,0.5423830975991126,-0.24985811690744522,1.582843483461054
2026-08-18T02:45:34.120+00:00,1787021134.1208537,180946.499988,11.013991099986015,399,180946.3891737,20.611099986126646,90.11779999127612,3,1,1,4,1,0.0,1,estabilizada,1,1,1,786.75,412.0,0.6954882740974426,0.6215630173683167,0.6867827602365778,0.5720142761918816,0.6739215102365779,0.5605697761918816,-1.8515685540889408,0.6766588892052019,0.5706901218403356,-1.8507760582512898,0.0,0.5423830975991126,-0.24985811690744522,1.582843483461054
2026-08-18T02:45:34.120+00:00,1787021134.1208537,180946.5000037,11.014006799989147,399,180946.3891737,20.611099986126646,90.11779999127612,10,0,0,4,1,0.0,1,estabilizada,1,1,1,,,,,,,,,,,,,nan,0.5423830975991126,-0.24985811690744522,1.582843483461054
2026-08-18T02:45:34.275+00:00,1787021134.2754173,180946.6551797,11.169182799989358,404,180946.5546956,7.260099984705448,93.19559999858029,1,0,0,4,1,0.0,1,estabilizada,1,1,1,,,,,,,,,,,,,nan,0.5423816260741192,-0.2498437498396728,1.5828509428599022
2026-08-18T02:45:34.275+00:00,1787021134.2754173,180946.655223,11.169226099998923,404,180946.5546956,7.260099984705448,93.19559999858029,2,1,1,4,1,0.0,1,estabilizada,1,1,1,727.75,286.5,0.6096178889274597,0.8625688552856445,0.6057948734476399,0.7993177103102456,0.5929336234476399,0.7878732103102456,2.875187153945753,0.6009267214416507,0.7860862311283863,2.903368358819206,0.0,0.5423816260741192,-0.2498437498396728,1.5828509428599022
2026-08-18T02:45:34.275+00:00,1787021134.2754173,180946.6552382,11.169241299998248,404,180946.5546956,7.260099984705448,93.19559999858029,3,1,1,4,1,0.0,1,estabilizada,1,1,1,786.25,413.0,0.6945830583572388,0.6197752952575684,0.6859289719018642,0.5703292533470515,0.6730677219018641,0.5588847533470516,-1.898828010849998,0.6752518235450989,0.56505349471742,-1.8507760582512898,0.0,0.5423816260741192,-0.2498437498396728,1.5828509428599022
2026-08-18T02:45:34.275+00:00,1787021134.2754173,180946.655251,11.169254099979298,404,180946.5546956,7.260099984705448,93.19559999858029,10,0,0,4,1,0.0,1,estabilizada,1,1,1,,,,,,,,,,,,,nan,0.5423816260741192,-0.2498437498396728,1.5828509428599022
2026-08-18T02:45:34.421+00:00,1787021134.421366,180946.8007435,11.314746599993668,408,180946.6891112,26.102300005732104,85.5057000007946,1,0,0,4,1,0.0,1,estabilizada,1,1,1,,,,,,,,,,,,,nan,0.5423849846502349,-0.24982562380402454,1.582861856598051
2026-08-18T02:45:34.421+00:00,1787021134.421366,180946.8009375,11.314940599986585,408,180946.6891112,26.102300005732104,85.5057000007946,2,1,1,4,1,0.0,1,estabilizada,1,1,1,727.5,286.25,0.6092135310173035,0.8630757927894592,0.6054137242635019,0.7997972905778489,0.592552474263502,0.7883527905778489,2.8913485258354235,0.5991809292935437,0.7865789910333445,2.895078599354105,0.0,0.5423849846502349,-0.24982562380402454,1.582861856598051
2026-08-18T02:45:34.421+00:00,1787021134.421366,180946.800973,11.314976099994965,408,180946.6891112,26.102300005732104,85.5057000007946,3,1,1,4,1,0.0,1,estabilizada,1,1,1,784.75,416.5,0.6918233633041382,0.6135290861129761,0.6833264410851914,0.5644395691923206,0.6704651910851913,0.5529950691923207,-1.9189607397116262,0.6752518235450989,0.56505349471742,-1.8507760582512898,0.0,0.5423849846502349,-0.24982562380402454,1.582861856598051
2026-08-18T02:45:34.421+00:00,1787021134.421366,180946.8009875,11.31499059998896,408,180946.6891112,26.102300005732104,85.5057000007946,10,0,0,4,1,0.0,1,estabilizada,1,1,1,,,,,,,,,,,,,nan,0.5423849846502349,-0.24982562380402454,1.582861856598051
2026-08-18T02:45:34.573+00:00,1787021134.5738323,180946.9536319,11.467634999979055,413,180946.8540949,6.774300010874867,92.73760000360198,1,0,0,4,1,0.0,1,estabilizada,1,1,1,,,,,,,,,,,,,nan,0.5423885486046681,-0.2498066196065716,1.5828734996960017
2026-08-18T02:45:34.573+00:00,1787021134.5738323,180946.9536759,11.46767899999395,413,180946.8540949,6.774300010874867,92.73760000360198,2,1,1,4,1,0.0,1,estabilizada,1,1,1,727.0,285.0,0.6084566712379456,0.8656057715415955,0.6047001290770357,0.8021849642423293,0.5918388790770357,0.7907404642423294,2.816936471441603,0.5975802118401621,0.7873851764795985,2.8702853653831926,0.0,0.5423885486046681,-0.2498066196065716,1.5828734996960017
2026-08-18T02:45:34.573+00:00,1787021134.5738323,180946.9536885,11.467691600002581,413,180946.8540949,6.774300010874867,92.73760000360198,3,1,1,4,1,0.0,1,estabilizada,1,1,1,782.75,421.75,0.6880984306335449,0.6041898131370544,0.6798135680812831,0.5556327560117139,0.6669523180812831,0.5441882560117139,-1.889042212581598,0.6741030151607554,0.5621594307880823,-1.8691118229667427,0.0,0.5423885486046681,-0.2498066196065716,1.5828734996960017
2026-08-18T02:45:34.573+00:00,1787021134.5738323,180946.9537007,11.467703799979063,413,180946.8540949,6.774300010874867,92.73760000360198,10,0,0,4,1,0.0,1,estabilizada,1,1,1,,,,,,,,,,,,,nan,0.5423885486046681,-0.2498066196065716,1.5828734996960017
2026-08-18T02:45:34.725+00:00,1787021134.7256274,180947.1052068,11.619209900003625,416,180946.9520207,61.654799996176735,91.50619999854825,1,0,0,4,1,0.0,1,estabilizada,1,1,1,,,,,,,,,,,,,nan,0.5423945361564904,-0.24978839618055768,1.5828870338915675
2026-08-18T02:45:34.725+00:00,1787021134.7256274,180947.105251,11.61925409999094,416,180946.9520207,61.654799996176735,91.50619999854825,2,1,1,4,1,0.0,1,estabilizada,1,1,1,726.25,284.75,0.6072074174880981,0.866125762462616,0.6035222781225278,0.8026769678692515,0.5906610281225277,0.7912324678692515,2.8169591560030485,0.5975802118401621,0.7873851764795985,2.8477783562096812,0.0,0.5423945361564904,-0.24978839618055768,1.5828870338915675
2026-08-18T02:45:34.725+00:00,1787021134.7256274,180947.1052632,11.619266299996525,416,180946.9520207,61.654799996176735,91.50619999854825,3,1,1,4,1,0.0,1,estabilizada,1,1,1,781.0,424.5,0.6850358247756958,0.5993390083312988,0.6769255075509937,0.5510592102346633,0.6640642575509936,0.5396147102346633,-1.8982456124668259,0.6692970083897675,0.5503382930212312,-1.877451863368654,0.0,0.5423945361564904,-0.24978839618055768,1.5828870338915675
2026-08-18T02:45:34.725+00:00,1787021134.7256274,180947.1052755,11.619278600002872,416,180946.9520207,61.654799996176735,91.50619999854825,10,0,0,4,1,0.0,1,estabilizada,1,1,1,,,,,,,,,,,,,nan,0.5423945361564904,-0.24978839618055768,1.5828870338915675
2026-08-18T02:45:34.870+00:00,1787021134.8709562,180947.2502821,11.764285199984442,421,180947.1236227,43.165700015379116,83.47179999691434,1,0,0,4,1,0.0,1,estabilizada,1,1,1,,,,,,,,,,,,,nan,0.5423989590772084,-0.24976728151766947,1.5829033510836452
2026-08-18T02:45:34.870+00:00,1787021134.8709562,180947.2503223,11.764325399999507,421,180947.1236227,43.165700015379116,83.47179999691434,2,1,1,4,1,0.0,1,estabilizada,1,1,1,725.25,285.0,0.6055018901824951,0.8656429648399353,0.60191401237834,0.8022234755176969,0.5890527623783399,0.7907789755176969,2.7339751918851705,0.5975802118401621,0.7873851764795985,2.8203594324702714,0.0,0.5423989590772084,-0.24976728151766947,1.5829033510836452
2026-08-18T02:45:34.870+00:00,1787021134.8709562,180947.250333,11.76433609999367,421,180947.1236227,43.165700015379116,83.47179999691434,3,1,1,4,1,0.0,1,estabilizada,1,1,1,779.75,428.75,0.6826284527778625,0.5918161273002625,0.6746553478978843,0.5439657599725535,0.6617940978978842,0.5325212599725535,-1.9403850309161124,0.6680573436626065,0.5477002169743888,-1.8857583847385535,0.0,0.5423989590772084,-0.24976728151766947,1.5829033510836452
2026-08-18T02:45:34.870+00:00,1787021134.8709562,180947.2503427,11.76434579998022,421,180947.1236227,43.165700015379116,83.47179999691434,10,0,0,4,1,0.0,1,estabilizada,1,1,1,,,,,,,,,,,,,nan,0.5423989590772084,-0.24976728151766947,1.5829033510836452
2026-08-18T02:45:35.017+00:00,1787021135.01736,180947.3971209,11.911123999976553,426,180947.2953142,16.88300000387244,84.89900000859052,1,0,0,4,1,0.0,1,estabilizada,1,1,1,,,,,,,,,,,,,nan,0.5424022008447855,-0.24974572724453373,1.5829197103946087
2026-08-18T02:45:35.017+00:00,1787021135.01736,180947.397179,11.911182099982398,426,180947.2953142,16.88300000387244,84.89900000859052,2,1,1,4,1,0.0,1,estabilizada,1,1,1,724.5,284.0,0.6043031215667725,0.8676767349243164,0.6007836234972272,0.8041434925654064,0.5879223734972272,0.7926989925654064,2.6989204263204267,0.5956832965280219,0.7881401207792414,2.7904069383786516,0.0,0.5424022008447855,-0.24974572724453373,1.5829197103946087
2026-08-18T02:45:35.017+00:00,1787021135.01736,180947.3971939,11.911196999979438,426,180947.2953142,16.88300000387244,84.89900000859052,3,1,1,4,1,0.0,1,estabilizada,1,1,1,777.0,433.0,0.6778531074523926,0.5843761563301086,0.6701517809008105,0.5369505231607526,0.6572905309008106,0.5255060231607527,-1.9890793700213887,0.6657704003627942,0.5424491679700533,-1.9090082110078832,0.0,0.5424022008447855,-0.24974572724453373,1.5829197103946087
2026-08-18T02:45:35.017+00:00,1787021135.01736,180947.3972065,11.91120959998807,426,180947.2953142,16.88300000387244,84.89900000859052,10,0,0,4,1,0.0,1,estabilizada,1,1,1,,,,,,,,,,,,,nan,0.5424022008447855,-0.24974572724453373,1.5829197103946087
2026-08-18T02:45:35.163+00:00,1787021135.1631,180947.5423624,12.056365500000538,431,180947.4468424,10.971599986078218,84.52309999847785,1,0,0,4,1,0.0,1,estabilizada,1,1,1,,,,,,,,,,,,,nan,0.5424019099365772,-0.2497236573988719,1.58293756770987
2026-08-18T02:45:35.163+00:00,1787021135.1631,180947.5424095,12.056412599980831,431,180947.4468424,10.971599986078218,84.52309999847785,2,1,1,4,1,0.0,1,estabilizada,1,1,1,723.75,283.5,0.6030698418617249,0.8687018752098083,0.5996204866978552,0.8051123186864835,0.5867592366978551,0.7936678186864835,2.7236058497021056,0.5939632515757545,0.7891504985877461,2.762489759909898,0.0,0.5424019099365772,-0.2497236573988719,1.58293756770987
2026-08-18T02:45:35.163+00:00,1787021135.1631,180947.5424239,12.056427000003168,431,180947.4468424,10.971599986078218,84.52309999847785,3,1,1,4,1,0.0,1,estabilizada,1,1,1,774.0,437.5,0.6726780533790588,0.5765337347984314,0.6652710316815535,0.5295557826576259,0.6524097816815535,0.518111282657626,-2.060478466214055,0.6618711597011983,0.534752760647942,-1.9434308661820718,0.0,0.5424019099365772,-0.2497236573988719,1.58293756770987
2026-08-18T02:45:35.163+00:00,1787021135.1631,180947.5424373,12.056440399988787,431,180947.4468424,10.971599986078218,84.52309999847785,10,0,0,4,1,0.0,1,estabilizada,1,1,1,,,,,,,,,,,,,nan,0.5424019099365772,-0.2497236573988719,1.58293756770987
2026-08-18T02:45:35.310+00:00,1787021135.310018,180947.689396,12.203399099991657,434,180947.5567406,46.918799984268844,85.71290000691079,1,0,0,4,1,0.0,1,estabilizada,1,1,1,,,,,,,,,,,,,nan,0.5424002487149387,-0.2496995725155736,1.5829565605385136
2026-08-18T02:45:35.310+00:00,1787021135.310018,180947.6894425,12.203445599996485,434,180947.5567406,46.918799984268844,85.71290000691079,2,1,1,4,1,0.0,1,estabilizada,1,1,1,723.5,283.75,0.6026291847229004,0.868199348449707,0.5992048303370336,0.8046404957338446,0.5863435803370336,0.7931959957338446,2.7115976690468657,0.5923987213092379,0.7899246955275675,2.7426620124898684,0.0,0.5424002487149387,-0.2496995725155736,1.5829565605385136
2026-08-18T02:45:35.310+00:00,1787021135.310018,180947.6894555,12.203458599979058,434,180947.5567406,46.918799984268844,85.71290000691079,3,1,1,4,1,0.0,1,estabilizada,1,1,1,770.75,439.25,0.6673792004585266,0.5735665559768677,0.6602734428292103,0.5267592376894262,0.6474121928292103,0.5153147376894263,-2.1929121820770576,0.65745397307373,0.5273848925389593,-1.9919389397025924,0.0,0.5424002487149387,-0.2496995725155736,1.5829565605385136
2026-08-18T02:45:35.310+00:00,1787021135.310018,180947.6894658,12.20346889999928,434,180947.5567406,46.918799984268844,85.71290000691079,10,0,0,4,1,0.0,1,estabilizada,1,1,1,,,,,,,,,,,,,nan,0.5424002487149387,-0.2496995725155736,1.5829565605385136
2026-08-18T02:45:35.462+00:00,1787021135.4629467,180947.8427967,12.356799799978035,439,180947.724281,25.57389999856241,92.8690999862738,1,0,0,4,1,0.0,1,estabilizada,1,1,1,,,,,,,,,,,,,nan,0.5423973954552976,-0.2496775591569247,1.5829748378955966
2026-08-18T02:45:35.462+00:00,1787021135.4629467,180947.8429007,12.356903799984138,439,180947.724281,25.57389999856241,92.8690999862738,2,1,1,4,1,0.0,1,estabilizada,1,1,1,723.0,283.75,0.6017837524414062,0.8682080507278442,0.5984073424058209,0.8046506886769227,0.5855460924058209,0.7932061886769227,2.6854413421326666,0.5923987213092379,0.7899246955275675,2.7265019698107142,0.0,0.5423973954552976,-0.2496775591569247,1.5829748378955966
2026-08-18T02:45:35.463+00:00,1787021135.4639452,180947.8429231,12.35692619998008,439,180947.724281,25.57389999856241,92.8690999862738,3,0,0,4,1,0.0,1,estabilizada,1,1,1,,,,,,,,,,0.65745397307373,0.5273848925389593,-1.9919389397025924,146.21233940124512,0.5423973954552976,-0.2496775591569247,1.5829748378955966
2026-08-18T02:45:35.463+00:00,1787021135.4639452,180947.8429403,12.356943399994634,439,180947.724281,25.57389999856241,92.8690999862738,10,0,0,4,1,0.0,1,estabilizada,1,1,1,,,,,,,,,,,,,nan,0.5423973954552976,-0.2496775591569247,1.5829748378955966
2026-08-18T02:45:35.652+00:00,1787021135.6520987,180948.0313432,12.545346300001256,444,180947.8874403,27.104200009489432,116.72960000578314,1,0,0,4,1,0.0,1,estabilizada,1,1,1,,,,,,,,,,,,,nan,0.5423993675483941,-0.2496596276119976,1.5829901273164453
2026-08-18T02:45:35.652+00:00,1787021135.6520987,180948.0314474,12.54545049997978,444,180947.8874403,27.104200009489432,116.72960000578314,2,1,1,4,1,0.0,1,estabilizada,1,1,1,722.0,284.25,0.6000615954399109,0.8672202229499817,0.5967832423910298,0.8037206566444213,0.5839219923910297,0.7922761566444213,2.9294195650264396,0.5923987213092379,0.7899246955275675,2.736435061347622,0.0,0.5423993675483941,-0.2496596276119976,1.5829901273164453
2026-08-18T02:45:35.652+00:00,1787021135.6520987,180948.0314718,12.54547489999095,444,180947.8874403,27.104200009489432,116.72960000578314,3,1,1,4,1,0.0,1,estabilizada,1,1,1,761.5,446.5,0.6521610021591187,0.5611827373504639,0.6459205670834358,0.5150827575796908,0.6330593170834358,0.5036382575796908,-2.416643423739876,0.6471979796710257,0.5168211016149828,-2.167690836081165,0.0,0.5423993675483941,-0.2496596276119976,1.5829901273164453
2026-08-18T02:45:35.652+00:00,1787021135.6520987,180948.0314925,12.54549560000305,444,180947.8874403,27.104200009489432,116.72960000578314,10,0,0,4,1,0.0,1,estabilizada,1,1,1,,,,,,,,,,,,,nan,0.5423993675483941,-0.2496596276119976,1.5829901273164453
2026-08-18T02:45:35.826+00:00,1787021135.8266215,180948.2061049,12.720107999979518,450,180948.1028437,14.833199995337054,88.38299999479204,1,0,0,4,1,0.0,1,estabilizada,1,1,1,,,,,,,,,,,,,nan,0.5424015341793845,-0.24964217800237293,1.5830040816178614
2026-08-18T02:45:35.826+00:00,1787021135.8266215,180948.2061844,12.720187500002794,450,180948.1028437,14.833199995337054,88.38299999479204,2,1,1,4,1,0.0,1,estabilizada,1,1,1,719.75,286.25,0.5961365699768066,0.8632403016090393,0.5930815221232184,0.7999685612969978,0.5802202721232184,0.7885240612969978,-3.0727748295029054,0.588277424783646,0.7900110888704087,2.965503734237701,0.0,0.5424015341793845,-0.24964217800237293,1.5830040816178614
2026-08-18T02:45:35.826+00:00,1787021135.8266215,180948.206198,12.720201099989936,450,180948.1028437,14.833199995337054,88.38299999479204,3,1,1,4,1,0.0,1,estabilizada,1,1,1,751.5,450.25,0.6361442804336548,0.5550051331520081,0.6308146370923302,0.5092577728989116,0.6179533870923302,0.49781327289891164,-2.711091421254294,0.6407703458711836,0.5109875504396121,-2.3727507740848934,0.0,0.5424015341793845,-0.24964217800237293,1.5830040816178614
2026-08-18T02:45:35.826+00:00,1787021135.8266215,180948.2062118,12.7202148999786,450,180948.1028437,14.833199995337054,88.38299999479204,10,0,0,4,1,0.0,1,estabilizada,1,1,1,,,,,,,,,,,,,nan,0.5424015341793845,-0.24964217800237293,1.5830040816178614
2026-08-18T02:45:36.005+00:00,1787021136.005139,180948.3846205,12.89862359999097,454,180948.2309679,39.26540000247769,114.29870000574738,1,0,0,4,1,0.0,1,estabilizada,1,1,1,,,,,,,,,,,,,nan,0.5423976888445774,-0.24961866516240314,1.5830225846683394
2026-08-18T02:45:36.005+00:00,1787021136.005139,180948.3850823,12.899085399985779,454,180948.2309679,39.26540000247769,114.29870000574738,2,1,1,4,1,0.0,1,estabilizada,1,1,1,720.0,288.25,0.596427857875824,0.8592029213905334,0.5933560664434667,0.7961627956486305,0.5804948164434667,0.7847182956486305,-2.8381382070984604,0.586587606003337,0.789583779503951,-3.080036874771331,0.0,0.5423976888445774,-0.24961866516240314,1.5830225846683394
2026-08-18T02:45:36.006+00:00,1787021136.0061517,180948.3852458,12.899248899979284,454,180948.2309679,39.26540000247769,114.29870000574738,3,1,1,4,1,0.0,1,estabilizada,1,1,1,745.0,451.0,0.6258906126022339,0.5539352893829346,0.6211437674144481,0.5082506247360102,0.6082825174144482,0.49680612473601027,-2.8899336526728256,0.6239324056926197,0.5022997950649934,-2.63754243937323,0.0,0.5423976888445774,-0.24961866516240314,1.5830225846683394
2026-08-18T02:45:36.006+00:00,1787021136.0061517,180948.3852805,12.899283599981572,454,180948.2309679,39.26540000247769,114.29870000574738,10,0,0,4,1,0.0,1,estabilizada,1,1,1,,,,,,,,,,,,,nan,0.5423976888445774,-0.24961866516240314,1.5830225846683394
2026-08-18T02:45:36.244+00:00,1787021136.2440667,180948.6234724,13.13747549999971,461,180948.4552035,21.13229999667965,147.0608999952674,1,0,0,4,1,0.0,1,estabilizada,1,1,1,,,,,,,,,,,,,nan,0.5423926764267838,-0.2496007144969104,1.5830365014560308
2026-08-18T02:45:36.244+00:00,1787021136.2440667,180948.6236178,13.137620900000911,461,180948.4552035,21.13229999667965,147.0608999952674,2,1,1,4,1,0.0,1,estabilizada,1,1,1,721.5,291.5,0.5987391471862793,0.8526334166526794,0.5955356946040488,0.7899683601538425,0.5826744446040488,0.7785238601538426,-2.298735586295078,0.586587606003337,0.789583779503951,-2.8319354805684416,0.0,0.5423926764267838,-0.2496007144969104,1.5830365014560308
2026-08-18T02:45:36.244+00:00,1787021136.2440667,180948.623664,13.137667100003455,461,180948.4552035,21.13229999667965,147.0608999952674,3,1,1,4,1,0.0,1,estabilizada,1,1,1,736.0,450.25,0.6118326783180237,0.5555697083473206,0.607884822305567,0.5097935446332624,0.595023572305567,0.49834904463326246,-3.10300778286562,0.620125429020584,0.5009051471971098,-2.7414788140502275,0.0,0.5423926764267838,-0.2496007144969104,1.5830365014560308
2026-08-18T02:45:36.244+00:00,1787021136.2440667,180948.6236901,13.137693199998466,461,180948.4552035,21.13229999667965,147.0608999952674,10,0,0,4,1,0.0,1,estabilizada,1,1,1,,,,,,,,,,,,,nan,0.5423926764267838,-0.2496007144969104,1.5830365014560308
2026-08-18T02:45:36.427+00:00,1787021136.427504,180948.8072182,13.32122129999334,468,180948.6910664,18.4638999926392,97.66230001696385,1,0,0,4,1,0.0,1,estabilizada,1,1,1,,,,,,,,,,,,,nan,0.5423895622228112,-0.24958666667134444,1.5830474652016233
2026-08-18T02:45:36.427+00:00,1787021136.427504,180948.8072623,13.321265399979893,468,180948.6910664,18.4638999926392,97.66230001696385,2,1,1,4,1,0.0,1,estabilizada,1,1,1,722.0,295.0,0.5993489623069763,0.8456093668937683,0.5961106854263005,0.7833448769226441,0.5832494354263005,0.7719003769226441,-2.0040980183382335,0.5849243591905184,0.7849908505879625,-2.5038342775613445,0.0,0.5423895622228112,-0.24958666667134444,1.5830474652016233
2026-08-18T02:45:36.427+00:00,1787021136.427504,180948.8072797,13.32128279999597,468,180948.6910664,18.4638999926392,97.66230001696385,3,1,1,4,1,0.0,1,estabilizada,1,1,1,735.5,447.75,0.6112119555473328,0.5599411129951477,0.6072992393872914,0.5139175402523652,0.5944379893872913,0.5024730402523653,2.893026352313622,0.6109938300579811,0.49948189395924214,-2.975037350594279,0.0,0.5423895622228112,-0.24958666667134444,1.5830474652016233
2026-08-18T02:45:36.427+00:00,1787021136.427504,180948.8072908,13.32129389999318,468,180948.6910664,18.4638999926392,97.66230001696385,10,0,0,4,1,0.0,1,estabilizada,1,1,1,,,,,,,,,,,,,nan,0.5423895622228112,-0.24958666667134444,1.5830474652016233
2026-08-18T02:45:36.573+00:00,1787021136.5736833,180948.9534682,13.467471299984027,473,180948.8441615,23.33090000320226,85.95239999704063,1,0,0,4,1,0.0,1,estabilizada,1,1,1,,,,,,,,,,,,,nan,0.5423852827892233,-0.2495758775285109,1.5830552881442708
2026-08-18T02:45:36.573+00:00,1787021136.5736833,180948.9535112,13.467514299991308,473,180948.8441615,23.33090000320226,85.95239999704063,2,1,1,4,1,0.0,1,estabilizada,1,1,1,724.25,298.25,0.6029059290885925,0.8390600085258484,0.599465203923947,0.7771687843350965,0.5866039539239469,0.7657242843350965,-1.683330554750642,0.5842217163604275,0.7793265358720105,-2.138557332809218,0.0,0.5423852827892233,-0.2495758775285109,1.5830552881442708
2026-08-18T02:45:36.574+00:00,1787021136.5746727,180948.9536653,13.467668400000548,473,180948.8441615,23.33090000320226,85.95239999704063,3,1,1,4,1,0.0,1,estabilizada,1,1,1,732.75,447.75,0.606896162033081,0.5600387454032898,0.6032285837902812,0.514010462872944,0.5903673337902813,0.5025659628729441,3.085790910429368,0.6067255616844834,0.5002530426660574,-3.0759810540656622,0.0,0.5423852827892233,-0.2495758775285109,1.5830552881442708
2026-08-18T02:45:36.574+00:00,1787021136.5746727,180948.9537389,13.467741999978898,473,180948.8441615,23.33090000320226,85.95239999704063,10,0,0,4,1,0.0,1,estabilizada,1,1,1,,,,,,,,,,,,,nan,0.5423852827892233,-0.2495758775285109,1.5830552881442708
2026-08-18T02:45:36.742+00:00,1787021136.7422686,180949.121998,13.636001099977875,477,180948.9905796,23.37399998214096,108.01799999899231,1,0,0,4,1,0.0,1,estabilizada,1,1,1,,,,,,,,,,,,,nan,0.5423804173284076,-0.24956649124937805,1.5830614825468396
2026-08-18T02:45:36.742+00:00,1787021136.7422686,180949.1220453,13.636048399988795,477,180948.9905796,23.37399998214096,108.01799999899231,2,1,1,4,1,0.0,1,estabilizada,1,1,1,725.5,300.25,0.6048642992973328,0.835041344165802,0.6013119739838799,0.7733793643478588,0.5884507239838799,0.7619348643478588,-1.5346736902974523,0.5852138880154543,0.7736613710596774,-1.8444284256360828,0.0,0.5423804173284076,-0.24956649124937805,1.5830614825468396
2026-08-18T02:45:36.742+00:00,1787021136.7422686,180949.1220583,13.636061400000472,477,180948.9905796,23.37399998214096,108.01799999899231,3,1,1,4,1,0.0,1,estabilizada,1,1,1,730.0,446.25,0.6026753187179565,0.5627550482749939,0.5992474410360809,0.5165730525892828,0.5863861910360808,0.5051285525892828,3.0542784611861946,0.6004640658992724,0.50151400950405,3.124299303822093,0.0,0.5423804173284076,-0.24956649124937805,1.5830614825468396
2026-08-18T02:45:36.742+00:00,1787021136.7422686,180949.1222024,13.636205499991775,477,180948.9905796,23.37399998214096,108.01799999899231,10,0,0,4,1,0.0,1,estabilizada,1,1,1,,,,,,,,,,,,,nan,0.5423804173284076,-0.24956649124937805,1.5830614825468396
2026-08-18T02:45:36.892+00:00,1787021136.8920474,180949.2713491,13.78535219997866,482,180949.148931,31.377000006614253,91.01829997962341,1,0,0,4,1,0.0,1,estabilizada,1,1,1,,,,,,,,,,,,,nan,0.5423750022091517,-0.2495575999519766,1.5830670677388194
2026-08-18T02:45:36.892+00:00,1787021136.8920474,180949.2713954,13.785398499981966,482,180949.148931,31.377000006614253,91.01829997962341,2,1,1,4,1,0.0,1,estabilizada,1,1,1,727.25,301.25,0.6077247858047485,0.833003044128418,0.604009541742471,0.7714576680968133,0.5911482917424711,0.7600131680968133,-1.2432904949321018,0.5864564869746947,0.7689968663278123,-1.5868890942078713,0.0,0.5423750022091517,-0.2495575999519766,1.5830670677388194
2026-08-18T02:45:36.892+00:00,1787021136.8920474,180949.2714087,13.785411799995927,482,180949.148931,31.377000006614253,91.01829997962341,3,1,1,4,1,0.0,1,estabilizada,1,1,1,725.5,443.5,0.5957775115966797,0.5677254796028137,0.5927414899758506,0.5212615750349583,0.5798802399758507,0.5098170750349583,2.8468062639143694,0.5944354291521861,0.5029625786965527,3.0639576567359788,0.0,0.5423750022091517,-0.2495575999519766,1.5830670677388194
2026-08-18T02:45:36.892+00:00,1787021136.8920474,180949.2714216,13.785424699977739,482,180949.148931,31.377000006614253,91.01829997962341,10,0,0,4,1,0.0,1,estabilizada,1,1,1,,,,,,,,,,,,,nan,0.5423750022091517,-0.2495575999519766,1.5830670677388194
2026-08-18T02:45:37.043+00:00,1787021137.0439065,180949.4231243,13.937127399985911,487,180949.3295482,2.861099987057969,90.69030001410283,1,0,0,4,1,0.0,1,estabilizada,1,1,1,,,,,,,,,,,,,nan,0.5423696679490584,-0.2495525956740397,1.5830702188062422
2026-08-18T02:45:37.043+00:00,1787021137.0439065,180949.4232668,13.937269899994135,487,180949.3295482,2.861099987057969,90.69030001410283,2,1,1,4,1,0.0,1,estabilizada,1,1,1,728.75,303.0,0.6101123690605164,0.8294842839241028,0.6062610913170511,0.7681393618794798,0.5933998413170511,0.7566948618794799,-1.1943168950205802,0.5875209390056113,0.7669586920429812,-1.4772299122752004,0.0,0.5423696679490584,-0.2495525956740397,1.5830702188062422
2026-08-18T02:45:37.043+00:00,1787021137.0439065,180949.423304,13.937307099986356,487,180949.3295482,2.861099987057969,90.69030001410283,3,1,1,4,1,0.0,1,estabilizada,1,1,1,722.9608764648438,442.126953125,0.59186851978302,0.5702200531959534,0.5890544331985248,0.5236147052323392,0.5761931831985247,0.5121702052323392,2.8235483243622297,0.5907440008154097,0.504596311441128,3.0308715071074035,0.0,0.5423696679490584,-0.2495525956740397,1.5830702188062422
2026-08-18T02:45:37.043+00:00,1787021137.0439065,180949.4233193,13.937322399986442,487,180949.3295482,2.861099987057969,90.69030001410283,10,0,0,4,1,0.0,1,estabilizada,1,1,1,,,,,,,,,,,,,nan,0.5423696679490584,-0.2495525956740397,1.5830702188062422
2026-08-18T02:45:37.205+00:00,1787021137.205249,180949.5849117,14.098914799978957,491,180949.4528495,39.11340000922792,92.92439999990165,1,0,0,4,1,0.0,1,estabilizada,1,1,1,,,,,,,,,,,,,nan,0.5423641548643998,-0.24955168777428402,1.5830711822449393
2026-08-18T02:45:37.205+00:00,1787021137.205249,180949.584957,14.098960100003751,491,180949.4528495,39.11340000922792,92.92439999990165,2,1,1,4,1,0.0,1,estabilizada,1,1,1,729.0,304.75,0.6104066371917725,0.8260045051574707,0.6065383187749218,0.7648575027677318,0.5936770687749218,0.7534130027677318,-1.22597996803619,0.5883943084309337,0.7654491349589279,-1.4355666985140882,0.0,0.5423641548643998,-0.24955168777428402,1.5830711822449393
2026-08-18T02:45:37.205+00:00,1787021137.205249,180949.5849691,14.098972199979471,491,180949.4528495,39.11340000922792,92.92439999990165,3,1,1,4,1,0.0,1,estabilizada,1,1,1,714.5,439.25,0.5787299871444702,0.5755718946456909,0.5766625343717118,0.5286623663498825,0.5638012843717117,0.5172178663498825,2.792719246333216,0.5881789656566614,0.5058273897748383,2.995035251290985,0.0,0.5423641548643998,-0.24955168777428402,1.5830711822449393
2026-08-18T02:45:37.205+00:00,1787021137.205249,180949.5849819,14.098984999989625,491,180949.4528495,39.11340000922792,92.92439999990165,10,0,0,4,1,0.0,1,estabilizada,1,1,1,,,,,,,,,,,,,nan,0.5423641548643998,-0.24955168777428402,1.5830711822449393
2026-08-18T02:45:37.359+00:00,1787021137.3591502,180949.7382175,14.252220599999418,495,180949.6054506,39.518200006568804,93.22329997667111,1,0,0,4,1,0.0,1,estabilizada,1,1,1,,,,,,,,,,,,,nan,0.5423586438311925,-0.249551992062553,1.5830724114406323
2026-08-18T02:45:37.359+00:00,1787021137.3591502,180949.7382617,14.252264799986733,495,180949.6054506,39.518200006568804,93.22329997667111,2,1,1,4,1,0.0,1,estabilizada,1,1,1,728.5,307.25,0.6093958616256714,0.8210673332214355,0.6055846969828534,0.7602010465126218,0.5927234469828535,0.7487565465126218,-1.4217458539390966,0.5904508121760002,0.7583647724852398,-1.3681460602148108,0.0,0.5423586438311925,-0.249551992062553,1.5830724114406323
2026-08-18T02:45:37.359+00:00,1787021137.3591502,180949.7382743,14.252277399995364,495,180949.6054506,39.518200006568804,93.22329997667111,3,1,1,4,1,0.0,1,estabilizada,1,1,1,706.25,437.5,0.5658476948738098,0.5789427161216736,0.5645123076997565,0.5318415707806813,0.5516510576997564,0.5203970707806813,2.823381505822172,0.5852698023550735,0.5073669042806418,2.956966429938329,0.0,0.5423586438311925,-0.249551992062553,1.5830724114406323
2026-08-18T02:45:37.359+00:00,1787021137.3591502,180949.7384691,14.252472199994372,495,180949.6054506,39.518200006568804,93.22329997667111,10,0,0,4,1,0.0,1,estabilizada,1,1,1,,,,,,,,,,,,,nan,0.5423586438311925,-0.249551992062553,1.5830724114406323
2026-08-18T02:45:37.521+00:00,1787021137.5210762,180949.9003767,14.41437980000046,501,180949.7932952,11.2438999931328,95.80899999127723,1,0,0,4,1,0.0,1,estabilizada,1,1,1,,,,,,,,,,,,,nan,0.5423513776511301,-0.2495536497489113,1.5830720063532149
2026-08-18T02:45:37.521+00:00,1787021137.5210762,180949.90045,14.414453099976527,501,180949.7932952,11.2438999931328,95.80899999127723,2,1,1,4,1,0.0,1,estabilizada,1,1,1,727.75,311.25,0.6078673005104065,0.8131923675537109,0.6041426227739098,0.7527736745483498,0.5912813727739099,0.7413291745483498,-1.5350639688454968,0.5907848735921191,0.7562066948815851,-1.3965554469079602,0.0,0.5423513776511301,-0.2495536497489113,1.5830720063532149
2026-08-18T02:45:37.521+00:00,1787021137.5210762,180949.9004672,14.41447029999108,501,180949.7932952,11.2438999931328,95.80899999127723,3,1,1,4,1,0.0,1,estabilizada,1,1,1,696.75,437.0,0.5509398579597473,0.5801618695259094,0.5504515900700534,0.5329913072046446,0.5375903400700535,0.5215468072046446,2.95581352853902,0.579060122411535,0.5102162542745878,2.9330860625294184,0.0,0.5423513776511301,-0.2495536497489113,1.5830720063532149
2026-08-18T02:45:37.521+00:00,1787021137.5210762,180949.9004804,14.41448350000428,501,180949.7932952,11.2438999931328,95.80899999127723,10,0,0,4,1,0.0,1,estabilizada,1,1,1,,,,,,,,,,,,,nan,0.5423513776511301,-0.2495536497489113,1.5830720063532149
2026-08-18T02:45:37.702+00:00,1787021137.702694,180950.0821058,14.596108899975661,505,180949.9397765,19.366699998499826,122.88260000059381,1,0,0,4,1,0.0,1,estabilizada,1,1,1,,,,,,,,,,,,,nan,0.5423387411713653,-0.24955485764423485,1.583071936881531
2026-08-18T02:45:37.702+00:00,1787021137.702694,180950.0822511,14.596254199976102,505,180949.9397765,19.366699998499826,122.88260000059381,2,1,1,4,1,0.0,1,estabilizada,1,1,1,727.0,314.5,0.6063954830169678,0.8068184852600098,0.6027537617333091,0.7467620856445469,0.5898925117333091,0.735317585644547,-1.6502470029379663,0.5909918564758363,0.7497824406502054,-1.4521337792772957,0.0,0.5423387411713653,-0.24955485764423485,1.583071936881531
2026-08-18T02:45:37.702+00:00,1787021137.702694,180950.0822743,14.596277399978135,505,180949.9397765,19.366699998499826,122.88260000059381,3,1,1,4,1,0.0,1,estabilizada,1,1,1,691.5,438.5,0.54263836145401,0.5777119994163513,0.5426213275942026,0.5306806451229269,0.5297600775942026,0.5192361451229269,-3.1019358423487913,0.5594717264031442,0.5149363933894617,2.942110082203383,0.0,0.5423387411713653,-0.24955485764423485,1.583071936881531
2026-08-18T02:45:37.703+00:00,1787021137.70335,180950.0823059,14.596308999985922,505,180949.9397765,19.366699998499826,122.88260000059381,10,0,0,4,1,0.0,1,estabilizada,1,1,1,,,,,,,,,,,,,nan,0.5423387411713653,-0.24955485764423485,1.583071936881531
2026-08-18T02:45:37.870+00:00,1787021137.8706634,180950.2501368,14.764139899984002,511,180950.1209671,24.63890000944957,104.50200000195764,1,0,0,4,1,0.0,1,estabilizada,1,1,1,,,,,,,,,,,,,nan,0.542325004236503,-0.24955263457051483,1.5830737457870192
2026-08-18T02:45:37.870+00:00,1787021137.8706634,180950.2501856,14.76418869997724,511,180950.1209671,24.63890000944957,104.50200000195764,2,1,1,4,1,0.0,1,estabilizada,1,1,1,724.0,318.0,0.6011742353439331,0.8000373244285583,0.5978285726331694,0.7403666384852736,0.5849673226331693,0.7289221384852737,-1.9919650970018532,0.5904324995402972,0.7435667752394926,-1.6106325908336436,0.0,0.542325004236503,-0.24955263457051483,1.5830737457870192
2026-08-18T02:45:37.870+00:00,1787021137.8706634,180950.2502016,14.764204699982656,511,180950.1209671,24.63890000944957,104.50200000195764,3,1,1,4,1,0.0,1,estabilizada,1,1,1,686.5,440.75,0.5347180962562561,0.5739427208900452,0.5351505598228108,0.5271258355815186,0.5222893098228107,0.5156813355815186,-2.853237507995389,0.5383184030143795,0.5166511599707944,-3.0880912309808397,0.0,0.542325004236503,-0.24955263457051483,1.5830737457870192
2026-08-18T02:45:37.870+00:00,1787021137.8706634,180950.2502224,14.764225499995518,511,180950.1209671,24.63890000944957,104.50200000195764,10,0,0,4,1,0.0,1,estabilizada,1,1,1,,,,,,,,,,,,,nan,0.542325004236503,-0.24955263457051483,1.5830737457870192
2026-08-18T02:45:38.028+00:00,1787021138.0289729,180950.4103174,14.924320499994792,516,180950.3034875,8.844199997838587,97.96049998840317,1,0,0,4,1,0.0,1,estabilizada,1,1,1,,,,,,,,,,,,,nan,0.5423088242788103,-0.2495544093421251,1.5830718253468583
2026-08-18T02:45:38.028+00:00,1787021138.0289729,180950.4103633,14.924366399995051,516,180950.3034875,8.844199997838587,97.96049998840317,2,1,1,4,1,0.0,1,estabilizada,1,1,1,722.25,320.0,0.598139226436615,0.7961726188659668,0.5949651846062,0.7367214739262182,0.5821039346062,0.7252769739262183,-2.077242119781297,0.5867601271145293,0.7343950663730483,-1.8701607103897129,0.0,0.5423088242788103,-0.2495544093421251,1.5830718253468583
2026-08-18T02:45:38.028+00:00,1787021138.0289729,180950.4103839,14.924386999977287,516,180950.3034875,8.844199997838587,97.96049998840317,3,1,1,4,1,0.0,1,estabilizada,1,1,1,684.75,443.0,0.5319030284881592,0.5700642466545105,0.5324946135357633,0.5234677007122347,0.5196333635357633,0.5120232007122347,-2.5877420983792523,0.5288529408691212,0.5152544387762505,-2.833653383763577,0.0,0.5423088242788103,-0.2495544093421251,1.5830718253468583
2026-08-18T02:45:38.028+00:00,1787021138.0289729,180950.4103972,14.924400299991248,516,180950.3034875,8.844199997838587,97.96049998840317,10,0,0,4,1,0.0,1,estabilizada,1,1,1,,,,,,,,,,,,,nan,0.5423088242788103,-0.2495544093421251,1.5830718253468583
2026-08-18T02:45:38.191+00:00,1787021138.1913807,180950.5707453,15.084748399996897,521,180950.460722,17.849900003056973,92.14370002155192,1,0,0,4,1,0.0,1,estabilizada,1,1,1,,,,,,,,,,,,,nan,0.5422910754805188,-0.2495607207900033,1.5830661395039787
2026-08-18T02:45:38.191+00:00,1787021138.1913807,180950.5707905,15.084793599991826,521,180950.460722,17.849900003056973,92.14370002155192,2,1,1,4,1,0.0,1,estabilizada,1,1,1,718.75,322.0,0.5922107696533203,0.7923650741577148,0.5893727502153202,0.733129822259347,0.5765115002153203,0.721685322259347,-2.252255934842881,0.5848234313499123,0.7306774063807767,-1.953444224822898,0.0,0.5422910754805188,-0.2495607207900033,1.5830661395039787
2026-08-18T02:45:38.191+00:00,1787021138.1913807,180950.5708055,15.084808599989628,521,180950.460722,17.849900003056973,92.14370002155192,3,1,1,4,1,0.0,1,estabilizada,1,1,1,687.25,442.75,0.5358235239982605,0.5704072117805481,0.5361912152897852,0.5237906415123768,0.5233299652897851,0.5123461415123768,-2.5882812953172856,0.5270592337006843,0.5145419994888397,-2.7913265570305654,0.0,0.5422910754805188,-0.2495607207900033,1.5830661395039787
2026-08-18T02:45:38.191+00:00,1787021138.1913807,180950.5708183,15.084821399999782,521,180950.460722,17.849900003056973,92.14370002155192,10,0,0,4,1,0.0,1,estabilizada,1,1,1,,,,,,,,,,,,,nan,0.5422910754805188,-0.2495607207900033,1.5830661395039787
2026-08-18T02:45:38.351+00:00,1787021138.3519125,180950.7308882,15.244891299982555,526,180950.6308133,2.4028999905567616,97.63180001755245,1,0,0,4,1,0.0,1,estabilizada,1,1,1,,,,,,,,,,,,,nan,0.5422731303685744,-0.24956682153742218,1.5830600966660584
2026-08-18T02:45:38.351+00:00,1787021138.3519125,180950.7309359,15.24493899999652,526,180950.6308133,2.4028999905567616,97.63180001755245,2,1,1,4,1,0.0,1,estabilizada,1,1,1,715.5,323.25,0.5867533087730408,0.7900189161300659,0.5842245253965709,0.7309164748600738,0.571363275396571,0.7194719748600739,-2.331545126323341,0.5816544674578974,0.726914807431011,-2.0979060178846427,0.0,0.5422731303685744,-0.24956682153742218,1.5830600966660584
2026-08-18T02:45:38.351+00:00,1787021138.3519125,180950.7309512,15.244954299996607,526,180950.6308133,2.4028999905567616,97.63180001755245,3,1,1,4,1,0.0,1,estabilizada,1,1,1,683.75,444.75,0.5302814841270447,0.5670366287231445,0.5309632321946074,0.520611157777202,0.5181019821946073,0.509166657777202,-2.658447229013936,0.5239864509758038,0.5128167775869525,-2.6982988850499168,0.0,0.5422731303685744,-0.24956682153742218,1.5830600966660584
2026-08-18T02:45:38.351+00:00,1787021138.3519125,180950.730965,15.244968099985272,526,180950.6308133,2.4028999905567616,97.63180001755245,10,0,0,4,1,0.0,1,estabilizada,1,1,1,,,,,,,,,,,,,nan,0.5422731303685744,-0.24956682153742218,1.5830600966660584
2026-08-18T02:45:38.511+00:00,1787021138.51106,180950.8905845,15.404587600001832,531,180950.7872756,11.116799985757098,92.16609998838976,1,0,0,4,1,0.0,1,estabilizada,1,1,1,,,,,,,,,,,,,nan,0.5422565759377767,-0.2495724495275975,1.5830554026929962
2026-08-18T02:45:38.511+00:00,1787021138.51106,180950.8906331,15.404636199993547,531,180950.7872756,11.116799985757098,92.16609998838976,2,1,1,4,1,0.0,1,estabilizada,1,1,1,713.0,324.0,0.5825735330581665,0.7886271476745605,0.5802814299930037,0.7296033361331303,0.5674201799930036,0.7181588361331304,-2.479385069546938,0.5734432766140911,0.7215030325020669,-2.3275683139214194,0.0,0.5422565759377767,-0.2495724495275975,1.5830554026929962
2026-08-18T02:45:38.511+00:00,1787021138.51106,180950.8906484,15.404651499993633,531,180950.7872756,11.116799985757098,92.16609998838976,3,1,1,4,1,0.0,1,estabilizada,1,1,1,677.608642578125,445.7832336425781,0.5206524133682251,0.5654547810554504,0.5218806550507031,0.5191187838264895,0.5090194050507031,0.5076742838264895,-2.797908069467821,0.5239864509758038,0.5128167775869525,-2.6982988850499168,0.0,0.5422565759377767,-0.2495724495275975,1.5830554026929962
2026-08-18T02:45:38.511+00:00,1787021138.51106,180950.8906614,15.404664499976207,531,180950.7872756,11.116799985757098,92.16609998838976,10,0,0,4,1,0.0,1,estabilizada,1,1,1,,,,,,,,,,,,,nan,0.5422565759377767,-0.2495724495275975,1.5830554026929962
2026-08-18T02:45:38.681+00:00,1787021138.6811194,180951.0607483,15.574751399981324,535,180950.9217778,29.026500007603317,109.87320001004264,1,0,0,4,1,0.0,1,estabilizada,1,1,1,,,,,,,,,,,,,nan,0.5422369321267293,-0.24957629783581436,1.583051326207738
2026-08-18T02:45:38.681+00:00,1787021138.6811194,180951.060901,15.574904099979904,535,180950.9217778,29.026500007603317,109.87320001004264,2,1,1,4,1,0.0,1,estabilizada,1,1,1,710.25,325.0,0.5779710412025452,0.7867580056190491,0.575939477371619,0.7278400881979066,0.5630782273716191,0.7163955881979066,-2.6704896318924556,0.5693806667470697,0.7198289668477922,-2.4861857960441798,0.0,0.5422369321267293,-0.24957629783581436,1.583051326207738
2026-08-18T02:45:38.681+00:00,1787021138.6811194,180951.0609462,15.574949300003937,535,180950.9217778,29.026500007603317,109.87320001004264,3,1,1,4,1,0.0,1,estabilizada,1,1,1,672.25,446.0,0.5122781991958618,0.5652698278427124,0.5139814200069249,0.5189440075127126,0.501120170006925,0.5074995075127127,-2.8863279746944075,0.5201968760360598,0.5115147260278163,-2.716441384800196,0.0,0.5422369321267293,-0.24957629783581436,1.583051326207738
2026-08-18T02:45:38.681+00:00,1787021138.6811194,180951.0609706,15.574973699986003,535,180950.9217778,29.026500007603317,109.87320001004264,10,0,0,4,1,0.0,1,estabilizada,1,1,1,,,,,,,,,,,,,nan,0.5422369321267293,-0.24957629783581436,1.583051326207738
2026-08-18T02:45:38.854+00:00,1787021138.8549478,180951.234244,15.748247099982109,541,180951.1151785,19.747799990000203,99.28649998619221,1,0,0,4,1,0.0,1,estabilizada,1,1,1,,,,,,,,,,,,,nan,0.5422218825793576,-0.24958272962810707,1.5830466588277161
2026-08-18T02:45:38.854+00:00,1787021138.8549478,180951.2342974,15.74830049998127,541,180951.1151785,19.747799990000203,99.28649998619221,2,1,1,4,1,0.0,1,estabilizada,1,1,1,706.5,325.75,0.5717350244522095,0.7854053378105164,0.5700571315399919,0.7265637834254703,0.557195881539992,0.7151192834254704,-2.8273433207993057,0.5693806667470697,0.7198289668477922,-2.617695459111599,0.0,0.5422218825793576,-0.24958272962810707,1.5830466588277161
2026-08-18T02:45:38.854+00:00,1787021138.8549478,180951.2343127,15.748315799981356,541,180951.1151785,19.747799990000203,99.28649998619221,3,1,1,4,1,0.0,1,estabilizada,1,1,1,664.5,447.5,0.5001549124717712,0.5629375576972961,0.5025465206335208,0.5167438302720802,0.4896852706335208,0.5052993302720802,-2.960398556998108,0.5116870333830695,0.5094010313840703,-2.7765555981705545,0.0,0.5422218825793576,-0.24958272962810707,1.5830466588277161
2026-08-18T02:45:38.854+00:00,1787021138.8549478,180951.2343265,15.748329599999124,541,180951.1151785,19.747799990000203,99.28649998619221,10,0,0,4,1,0.0,1,estabilizada,1,1,1,,,,,,,,,,,,,nan,0.5422218825793576,-0.24958272962810707,1.5830466588277161
2026-08-18T02:45:39.017+00:00,1787021139.0171442,180951.3969906,15.910993700003019,546,180951.2931975,5.040199990617111,98.69360001175664,1,0,0,4,1,0.0,1,estabilizada,1,1,1,,,,,,,,,,,,,nan,0.542205873402277,-0.24958879646410836,1.5830441877755925
2026-08-18T02:45:39.018+00:00,1787021139.0181425,180951.3971025,15.911105599981965,546,180951.2931975,5.040199990617111,98.69360001175664,2,1,1,4,1,0.0,1,estabilizada,1,1,1,705.75,326.25,0.5704717636108398,0.7844530940055847,0.5688647774392502,0.7256652402862008,0.5560035274392503,0.7142207402862009,-2.801612415289405,0.5643605159912891,0.7178885698370742,-2.682306338232457,0.0,0.542205873402277,-0.24958879646410836,1.5830441877755925
2026-08-18T02:45:39.018+00:00,1787021139.0181425,180951.3971289,15.911131999979261,546,180951.2931975,5.040199990617111,98.69360001175664,3,1,1,4,1,0.0,1,estabilizada,1,1,1,659.25,449.0,0.49194905161857605,0.5605175495147705,0.49480627695407897,0.5144609885538616,0.481945026954079,0.5030164885538616,-3.0280466697604247,0.501715590685883,0.507387785664488,-2.84762863615582,0.0,0.542205873402277,-0.24958879646410836,1.5830441877755925
2026-08-18T02:45:39.018+00:00,1787021139.0181425,180951.3971793,15.911182399984682,546,180951.2931975,5.040199990617111,98.69360001175664,10,0,0,4,1,0.0,1,estabilizada,1,1,1,,,,,,,,,,,,,nan,0.542205873402277,-0.24958879646410836,1.5830441877755925
2026-08-18T02:45:39.226+00:00,1787021139.2260802,180951.6054276,16.119430699996883,551,180951.4602,27.809399995021522,117.34309999155812,1,0,0,4,1,0.0,1,estabilizada,1,1,1,,,,,,,,,,,,,nan,0.5421866326025946,-0.24959474116504912,1.5830406970243742
2026-08-18T02:45:39.226+00:00,1787021139.2260802,180951.605745,16.119748099998105,551,180951.4602,27.809399995021522,117.34309999155812,2,1,1,4,1,0.0,1,estabilizada,1,1,1,703.75,326.75,0.5671454071998596,0.7835370898246765,0.5657264356484799,0.7248008457319931,0.5528651856484799,0.7133563457319931,-2.776584958573822,0.5608258285696704,0.7162540746441629,-2.7518196505233203,0.0,0.5421866326025946,-0.24959474116504912,1.5830406970243742
2026-08-18T02:45:39.226+00:00,1787021139.2260802,180951.6057837,16.119786800001748,551,180951.4602,27.809399995021522,117.34309999155812,3,1,1,4,1,0.0,1,estabilizada,1,1,1,653.0,449.75,0.4822094142436981,0.5594406723976135,0.48561927582366077,0.513444895183859,0.4727580258236608,0.5020003951838591,-3.035991889227645,0.49251161010557093,0.5053971402521599,-2.908863887011855,0.0,0.5421866326025946,-0.24959474116504912,1.5830406970243742
2026-08-18T02:45:39.226+00:00,1787021139.2260802,180951.605799,16.119802100001834,551,180951.4602,27.809399995021522,117.34309999155812,10,0,0,4,1,0.0,1,estabilizada,1,1,1,,,,,,,,,,,,,nan,0.5421866326025946,-0.24959474116504912,1.5830406970243742
2026-08-18T02:45:39.405+00:00,1787021139.4056292,180951.785049,16.29905209998833,557,180951.6636896,16.82639998034574,104.50869999476708,1,0,0,4,1,0.0,1,estabilizada,1,1,1,,,,,,,,,,,,,nan,0.5421690071575882,-0.24959784381655312,1.5830389204483044
2026-08-18T02:45:39.405+00:00,1787021139.4056292,180951.7850985,16.299101599986898,557,180951.6636896,16.82639998034574,104.50869999476708,2,1,1,4,1,0.0,1,estabilizada,1,1,1,700.0,326.0,0.5609913468360901,0.7850963473320007,0.5599212464429896,0.7262712129651221,0.5470599964429896,0.7148267129651221,-3.0189686785531844,0.5590810042609108,0.7156189465651619,-2.7733262593358736,0.0,0.5421690071575882,-0.24959784381655312,1.5830389204483044
2026-08-18T02:45:39.405+00:00,1787021139.4056292,180951.7851132,16.299116299982416,557,180951.6636896,16.82639998034574,104.50869999476708,3,1,1,4,1,0.0,1,estabilizada,1,1,1,647.0,451.5,0.4728631377220154,0.5566214323043823,0.4768033619127353,0.5107857084231678,0.4639421119127353,0.49934120842316787,-2.9024909713359417,0.48375070402271136,0.5038608183114568,-2.9431667347534316,0.0,0.5421690071575882,-0.24959784381655312,1.5830389204483044
2026-08-18T02:45:39.405+00:00,1787021139.4056292,180951.785126,16.29912909999257,557,180951.6636896,16.82639998034574,104.50869999476708,10,0,0,4,1,0.0,1,estabilizada,1,1,1,,,,,,,,,,,,,nan,0.5421690071575882,-0.24959784381655312,1.5830389204483044
2026-08-18T02:45:39.555+00:00,1787021139.5558712,180951.9349234,16.448926499986555,562,180951.8351897,10.761099983938038,88.9368999924045,1,0,0,4,1,0.0,1,estabilizada,1,1,1,,,,,,,,,,,,,nan,0.5421500353597506,-0.24960251420944574,1.5830372603356264
2026-08-18T02:45:39.555+00:00,1787021139.5558712,180951.9349888,16.448991899989778,562,180951.8351897,10.761099983938038,88.9368999924045,2,1,1,4,1,0.0,1,estabilizada,1,1,1,698.25,324.5,0.558171808719635,0.7880561351776123,0.5572609270628862,0.7290624015588374,0.5443996770628863,0.7176179015588374,3.0483842373774106,0.5534653441500351,0.715515227090574,-2.9475602677505837,0.0,0.5421500353597506,-0.24960251420944574,1.5830372603356264
2026-08-18T02:45:39.555+00:00,1787021139.5558712,180951.9350037,16.44900679998682,562,180951.8351897,10.761099983938038,88.9368999924045,3,1,1,4,1,0.0,1,estabilizada,1,1,1,641.5,454.0,0.4643101692199707,0.552491307258606,0.46873557860742565,0.5068900786957231,0.45587432860742566,0.49544557869572314,-2.8947063450527075,0.4697419054604231,0.5001188510920255,-2.934686153176849,0.0,0.5421500353597506,-0.24960251420944574,1.5830372603356264
2026-08-18T02:45:39.555+00:00,1787021139.5558712,180951.935018,16.44902109997929,562,180951.8351897,10.761099983938038,88.9368999924045,10,0,0,4,1,0.0,1,estabilizada,1,1,1,,,,,,,,,,,,,nan,0.5421500353597506,-0.24960251420944574,1.5830372603356264
2026-08-18T02:45:39.722+00:00,1787021139.722853,180952.1024441,16.61644719998003,567,180951.9865856,5.478299979586154,110.34660000586882,1,0,0,4,1,0.0,1,estabilizada,1,1,1,,,,,,,,,,,,,nan,0.5421298128520078,-0.24960999937954498,1.583033449523219
2026-08-18T02:45:39.722+00:00,1787021139.722853,180952.1024991,16.616502199991373,567,180951.9865856,5.478299979586154,110.34660000586882,2,1,1,4,1,0.0,1,estabilizada,1,1,1,699.0,323.5,0.5594581961631775,0.789976179599762,0.5584730277837759,0.7308727183707417,0.5456117777837759,0.7194282183707418,2.865098973194775,0.5514433221520484,0.7159842112247323,3.09904138081648,0.0,0.5421298128520078,-0.24960999937954498,1.583033449523219
2026-08-18T02:45:39.722+00:00,1787021139.722853,180952.102522,16.616525099991122,567,180951.9865856,5.478299979586154,110.34660000586882,3,1,1,4,1,0.0,1,estabilizada,1,1,1,637.5,454.25,0.45810431241989136,0.5522031188011169,0.46288140354274043,0.5066177392514973,0.45002015354274044,0.49517323925149737,-2.927378383203404,0.4585281294344682,0.4970525560045574,-2.906630837979839,0.0,0.5421298128520078,-0.24960999937954498,1.583033449523219
2026-08-18T02:45:39.722+00:00,1787021139.722853,180952.102535,16.6165381000028,567,180951.9865856,5.478299979586154,110.34660000586882,10,0,0,4,1,0.0,1,estabilizada,1,1,1,,,,,,,,,,,,,nan,0.5421298128520078,-0.24960999937954498,1.583033449523219
2026-08-18T02:45:39.874+00:00,1787021139.8749402,180952.2540144,16.768017499998678,572,180952.1519529,13.271000003442168,88.7642000161577,1,0,0,4,1,0.0,1,estabilizada,1,1,1,,,,,,,,,,,,,nan,0.5421098076166416,-0.24962077436444763,1.583026904391684
2026-08-18T02:45:39.874+00:00,1787021139.8749402,180952.2540691,16.768072199978633,572,180952.1519529,13.271000003442168,88.7642000161577,2,1,1,4,1,0.0,1,estabilizada,1,1,1,698.75,321.0,0.5591616034507751,0.794849157333374,0.5581921558559083,0.7354677952150045,0.5453309058559084,0.7240232952150045,2.5778504763558847,0.5514433221520484,0.7159842112247323,2.8957865685323414,0.0,0.5421098076166416,-0.24962077436444763,1.583026904391684
2026-08-18T02:45:39.874+00:00,1787021139.8749402,180952.2540908,16.768093899998348,572,180952.1519529,13.271000003442168,88.7642000161577,3,1,1,4,1,0.0,1,estabilizada,1,1,1,634.75,454.75,0.45384079217910767,0.5514370203018188,0.4588591600712382,0.5058943947659197,0.44599791007123823,0.4944498947659197,-2.954117368884754,0.4526641316314219,0.496078183984759,-2.9158711981302767,0.0,0.5421098076166416,-0.24962077436444763,1.583026904391684
2026-08-18T02:45:39.874+00:00,1787021139.8749402,180952.2541086,16.768111699988367,572,180952.1519529,13.271000003442168,88.7642000161577,10,0,0,4,1,0.0,1,estabilizada,1,1,1,,,,,,,,,,,,,nan,0.5421098076166416,-0.24962077436444763,1.583026904391684
2026-08-18T02:45:40.022+00:00,1787021140.0225031,180952.4020255,16.916028599982383,576,180952.2911131,20.417100022314116,90.47070000087842,1,0,0,4,1,0.0,1,estabilizada,1,1,1,,,,,,,,,,,,,nan,0.5420896173580716,-0.24963489300275205,1.5830167532836197
2026-08-18T02:45:40.022+00:00,1787021140.0225031,180952.4020721,16.916075199987972,576,180952.2911131,20.417100022314116,90.47070000087842,2,1,1,4,1,0.0,1,estabilizada,1,1,1,699.937744140625,320.33612060546875,0.5611594915390015,0.796108067035675,0.5600753029650501,0.7366539480516316,0.5472140529650502,0.7252094480516317,2.354382443190983,0.5500673862426003,0.7176948410569944,2.778597124137323,0.0,0.5420896173580716,-0.24963489300275205,1.5830167532836197
2026-08-18T02:45:40.022+00:00,1787021140.0225031,180952.4021947,16.916197799990186,576,180952.2911131,20.417100022314116,90.47070000087842,3,1,1,4,1,0.0,1,estabilizada,1,1,1,631.75,455.25,0.44919276237487793,0.550680935382843,0.4544742711972861,0.5051802011642719,0.4416130211972861,0.4937357011642719,-2.9942368580997427,0.4501017531336524,0.4956294404177783,-2.937418111006796,0.0,0.5420896173580716,-0.24963489300275205,1.5830167532836197
2026-08-18T02:45:40.022+00:00,1787021140.0225031,180952.4022178,16.91622089999146,576,180952.2911131,20.417100022314116,90.47070000087842,10,0,0,4,1,0.0,1,estabilizada,1,1,1,,,,,,,,,,,,,nan,0.5420896173580716,-0.24963489300275205,1.5830167532836197
2026-08-18T02:45:40.174+00:00,1787021140.174318,180952.5533681,17.067371199984336,581,180952.4520106,11.972399981459603,89.33439999236725,1,0,0,4,1,0.0,1,estabilizada,1,1,1,,,,,,,,,,,,,nan,0.5420731852110914,-0.2496490759379451,1.5830075030824278
2026-08-18T02:45:40.174+00:00,1787021140.174318,180952.5534227,17.067425799992634,581,180952.4520106,11.972399981459603,89.33439999236725,2,1,1,4,1,0.0,1,estabilizada,1,1,1,701.25,318.5,0.5634215474128723,0.7996540665626526,0.5622078117897504,0.7399971902426314,0.5493465617897504,0.7285526902426315,2.018105615476954,0.5494477103110555,0.7193268344614215,2.4857698570852698,0.0,0.5420731852110914,-0.2496490759379451,1.5830075030824278
2026-08-18T02:45:40.174+00:00,1787021140.174318,180952.5534402,17.06744329998037,581,180952.4520106,11.972399981459603,89.33439999236725,3,1,1,4,1,0.0,1,estabilizada,1,1,1,626.75,456.5,0.4414557218551636,0.5487048029899597,0.44717620750314724,0.503315347182832,0.43431495750314725,0.491870847182832,-2.9539050826327413,0.44482110551302895,0.4946946905581074,-2.953394361294343,0.0,0.5420731852110914,-0.2496490759379451,1.5830075030824278
2026-08-18T02:45:40.174+00:00,1787021140.174318,180952.5534671,17.06747019998147,581,180952.4520106,11.972399981459603,89.33439999236725,10,0,0,4,1,0.0,1,estabilizada,1,1,1,,,,,,,,,,,,,nan,0.5420731852110914,-0.2496490759379451,1.5830075030824278
2026-08-18T02:45:40.316+00:00,1787021140.316027,180952.6955294,17.209532499982743,585,180952.5898984,19.86400000168942,85.74519999092445,1,0,0,4,1,0.0,1,estabilizada,1,1,1,,,,,,,,,,,,,nan,0.5420543146911431,-0.24966565814760652,1.5829960865525026
2026-08-18T02:45:40.316+00:00,1787021140.316027,180952.6955697,17.20957279999857,585,180952.5898984,19.86400000168942,85.74519999092445,2,1,1,4,1,0.0,1,estabilizada,1,1,1,703.0,317.5,0.5663724541664124,0.8015580773353577,0.5649898654339659,0.7417915769648407,0.552128615433966,0.7303470769648407,1.7926249243712455,0.5500177715955279,0.7231400511245154,2.038139677504967,0.0,0.5420543146911431,-0.24966565814760652,1.5829960865525026
2026-08-18T02:45:40.316+00:00,1787021140.316027,180952.695582,17.20958509997581,585,180952.5898984,19.86400000168942,85.74519999092445,3,1,1,4,1,0.0,1,estabilizada,1,1,1,620.75,456.5,0.43216994404792786,0.5489233732223511,0.4384173336920976,0.5035202206600327,0.42555608369209763,0.4920757206600327,-2.9777933116090116,0.4370295966322291,0.493313117070731,-2.970376829803692,0.0,0.5420543146911431,-0.24966565814760652,1.5829960865525026
2026-08-18T02:45:40.316+00:00,1787021140.316027,180952.6955922,17.20959529999527,585,180952.5898984,19.86400000168942,85.74519999092445,10,0,0,4,1,0.0,1,estabilizada,1,1,1,,,,,,,,,,,,,nan,0.5420543146911431,-0.24966565814760652,1.5829960865525026
2026-08-18T02:45:40.467+00:00,1787021140.467141,180952.8462338,17.360236899985466,590,180952.7522153,3.3113000099547207,90.68170000682585,1,0,0,4,1,0.0,1,estabilizada,1,1,1,,,,,,,,,,,,,nan,0.5420312317767138,-0.2496838610416397,1.5829819140587322
2026-08-18T02:45:40.467+00:00,1787021140.467141,180952.8462797,17.360282799985725,590,180952.7522153,3.3113000099547207,90.68170000682585,2,1,1,4,1,0.0,1,estabilizada,1,1,1,705.25,317.5,0.5701045989990234,0.8014930486679077,0.5685084954506704,0.7417286754722014,0.5556472454506705,0.7302841754722015,1.6381147223958379,0.5510934416103218,0.7247275004439062,1.7948284204068532,0.0,0.5420312317767138,-0.2496838610416397,1.5829819140587322
2026-08-18T02:45:40.467+00:00,1787021140.467141,180952.8462955,17.36029859998962,590,180952.7522153,3.3113000099547207,90.68170000682585,3,1,1,4,1,0.0,1,estabilizada,1,1,1,616.0,458.0,0.42484354972839355,0.5465107560157776,0.4315062230607166,0.5012433307225603,0.41864497306071663,0.48979883072256036,-2.9723575164905895,0.43434595639813195,0.49283553197781627,-2.970376829803692,0.0,0.5420312317767138,-0.2496838610416397,1.5829819140587322
2026-08-18T02:45:40.467+00:00,1787021140.467141,180952.8463095,17.360312599979807,590,180952.7522153,3.3113000099547207,90.68170000682585,10,0,0,4,1,0.0,1,estabilizada,1,1,1,,,,,,,,,,,,,nan,0.5420312317767138,-0.2496838610416397,1.5829819140587322
2026-08-18T02:45:40.624+00:00,1787021140.6244168,180953.0033987,17.51740179999615,594,180952.8915092,18.702999979723245,93.16080002463423,1,0,0,4,1,0.0,1,estabilizada,1,1,1,,,,,,,,,,,,,nan,0.542008705590816,-0.24970585029535763,1.5829640373570582
2026-08-18T02:45:40.624+00:00,1787021140.6244168,180953.0034416,17.51744470000267,594,180952.8915092,18.702999979723245,93.16080002463423,2,1,1,4,1,0.0,1,estabilizada,1,1,1,706.5,317.5,0.5721789002418518,0.801456093788147,0.5704635627771253,0.7416918965386197,0.5576023127771252,0.7302473965386197,1.405630439881718,0.5521754019648555,0.7261369394160174,1.6449838657839946,0.0,0.542008705590816,-0.24970585029535763,1.5829640373570582
2026-08-18T02:45:40.624+00:00,1787021140.6244168,180953.003454,17.517457099980675,594,180952.8915092,18.702999979723245,93.16080002463423,3,1,1,4,1,0.0,1,estabilizada,1,1,1,612.5,459.0,0.41945165395736694,0.544916033744812,0.4264196800064151,0.49973751554990753,0.4135584300064151,0.48829301554990756,-2.9023641488587013,0.42896745636779693,0.49182547068115284,-2.970376829803692,0.0,0.542008705590816,-0.24970585029535763,1.5829640373570582
2026-08-18T02:45:40.624+00:00,1787021140.6244168,180953.0034679,17.517470999999205,594,180952.8915092,18.702999979723245,93.16080002463423,10,0,0,4,1,0.0,1,estabilizada,1,1,1,,,,,,,,,,,,,nan,0.542008705590816,-0.24970585029535763,1.5829640373570582
2026-08-18T02:45:40.797+00:00,1787021140.7974281,180953.1770722,17.691075299982913,599,180953.0461206,26.256600016495213,104.67030000290833,1,0,0,4,1,0.0,1,estabilizada,1,1,1,,,,,,,,,,,,,nan,0.5419885985614219,-0.2497297970711408,1.582945970580634
2026-08-18T02:45:40.797+00:00,1787021140.7974281,180953.1772124,17.691215500002727,599,180953.0461206,26.256600016495213,104.67030000290833,2,1,1,4,1,0.0,1,estabilizada,1,1,1,709.5,317.25,0.5771698355674744,0.8018598556518555,0.5751695706251508,0.7420706584814971,0.5623083206251509,0.7306261584814971,1.136897416285022,0.5521754019648555,0.7261369394160174,1.4804172066165935,0.0,0.5419885985614219,-0.2497297970711408,1.582945970580634
2026-08-18T02:45:40.797+00:00,1787021140.7974281,180953.1772413,17.691244399989955,599,180953.0461206,26.256600016495213,104.67030000290833,3,1,1,4,1,0.0,1,estabilizada,1,1,1,604.9763793945312,460.16064453125,0.4078599214553833,0.5431963205337524,0.4154859435457744,0.49811370122093784,0.4026246935457744,0.4866692012209379,-2.910943513476322,0.42506747174253895,0.49093584037592153,-2.9625182400767107,0.0,0.5419885985614219,-0.2497297970711408,1.582945970580634
2026-08-18T02:45:40.797+00:00,1787021140.7974281,180953.1772558,17.69125889998395,599,180953.0461206,26.256600016495213,104.67030000290833,10,0,0,4,1,0.0,1,estabilizada,1,1,1,,,,,,,,,,,,,nan,0.5419885985614219,-0.2497297970711408,1.582945970580634
2026-08-18T02:45:40.974+00:00,1787021140.9747593,180953.3542919,17.86829499999294,604,180953.2266519,24.337499984540045,103.27680001500994,1,0,0,4,1,0.0,1,estabilizada,1,1,1,,,,,,,,,,,,,nan,0.5419702998218381,-0.24975529918534792,1.5829272976593227
2026-08-18T02:45:40.974+00:00,1787021140.9747593,180953.3543382,17.868341299996246,604,180953.2266519,24.337499984540045,103.27680001500994,2,1,1,4,1,0.0,1,estabilizada,1,1,1,711.0,318.0,0.5796180963516235,0.8003487586975098,0.5774775674134398,0.7406433222259748,0.5646163174134398,0.7291988222259749,0.9138110012368037,0.5545117883660903,0.7270847034755215,1.3503422718981875,0.0,0.5419702998218381,-0.24975529918534792,1.5829272976593227
2026-08-18T02:45:40.974+00:00,1787021140.9747593,180953.3543509,17.868353999976534,604,180953.2266519,24.337499984540045,103.27680001500994,3,1,1,4,1,0.0,1,estabilizada,1,1,1,598.5,462.25,0.39792487025260925,0.5398472547531128,0.40611481598189236,0.49495307044057724,0.3932535659818924,0.48350857044057727,-2.9197848435889853,0.40994805866948053,0.4876194817902363,-2.9465399046596876,0.0,0.5419702998218381,-0.24975529918534792,1.5829272976593227
2026-08-18T02:45:40.974+00:00,1787021140.9747593,180953.3543639,17.86836699998821,604,180953.2266519,24.337499984540045,103.27680001500994,10,0,0,4,1,0.0,1,estabilizada,1,1,1,,,,,,,,,,,,,nan,0.5419702998218381,-0.24975529918534792,1.5829272976593227
2026-08-18T02:45:41.141+00:00,1787021141.1418548,180953.5214023,18.035405399976298,609,180953.3828321,39.457500010030344,99.08789998735301,1,0,0,4,1,0.0,1,estabilizada,1,1,1,,,,,,,,,,,,,nan,0.5419530674963523,-0.24978121159055358,1.582908534574908
2026-08-18T02:45:41.141+00:00,1787021141.1418548,180953.5214516,18.035454700002447,609,180953.3828321,39.457500010030344,99.08789998735301,2,1,1,4,1,0.0,1,estabilizada,1,1,1,713.0,319.25,0.5828655362129211,0.7978476881980896,0.5805393612608858,0.7382822749594158,0.5676781112608857,0.7268377749594158,0.5468045935147994,0.5581315434927333,0.7280766778854234,1.0547046626616652,0.0,0.5419530674963523,-0.24978121159055358,1.582908534574908
2026-08-18T02:45:41.141+00:00,1787021141.1418548,180953.5214669,18.035470000002533,609,180953.3828321,39.457500010030344,99.08789998735301,3,1,1,4,1,0.0,1,estabilizada,1,1,1,591.0,462.75,0.38638970255851746,0.5392665863037109,0.39523462476254423,0.49440341179972436,0.38237337476254424,0.4829589117997244,-2.9886410026984356,0.3936778150116481,0.4850687766445876,-2.9709048612358964,0.0,0.5419530674963523,-0.24978121159055358,1.582908534574908
2026-08-18T02:45:41.141+00:00,1787021141.1418548,180953.5214805,18.035483599989675,609,180953.3828321,39.457500010030344,99.08789998735301,10,0,0,4,1,0.0,1,estabilizada,1,1,1,,,,,,,,,,,,,nan,0.5419530674963523,-0.24978121159055358,1.582908534574908
2026-08-18T02:45:41.298+00:00,1787021141.2988782,180953.6778947,18.19189779998851,613,180953.5091867,72.87730000098236,95.74010001961142,1,0,0,4,1,0.0,1,estabilizada,1,1,1,,,,,,,,,,,,,nan,0.5419347269474006,-0.24980758276189902,1.5828894770954836
2026-08-18T02:45:41.298+00:00,1787021141.2988782,180953.677991,18.19199409999419,613,180953.5091867,72.87730000098236,95.74010001961142,2,1,1,4,1,0.0,1,estabilizada,1,1,1,714.25,321.0,0.5848381519317627,0.794394314289093,0.5823987470936701,0.7350230365754815,0.5695374970936702,0.7235785365754815,0.3584392787940239,0.5623746305872921,0.726840503267237,0.5887164473509052,0.0,0.5419347269474006,-0.24980758276189902,1.5828894770954836
2026-08-18T02:45:41.298+00:00,1787021141.2988782,180953.6780358,18.192038899986073,613,180953.5091867,72.87730000098236,95.74010001961142,3,1,1,4,1,0.0,1,estabilizada,1,1,1,586.25,461.5,0.37903839349746704,0.541583776473999,0.38830036043996996,0.4965868115172762,0.37543911043996997,0.4851423115172762,-3.0688239034082456,0.38581031373946717,0.48472341336647173,-3.02151873891709,0.0,0.5419347269474006,-0.24980758276189902,1.5828894770954836
2026-08-18T02:45:41.298+00:00,1787021141.2988782,180953.6780747,18.19207779999124,613,180953.5091867,72.87730000098236,95.74010001961142,10,0,0,4,1,0.0,1,estabilizada,1,1,1,,,,,,,,,,,,,nan,0.5419347269474006,-0.24980758276189902,1.5828894770954836
2026-08-18T02:45:41.463+00:00,1787021141.4637723,180953.8428701,18.356873199983966,619,180953.7308179,18.119199987268075,93.90730000450276,1,0,0,4,1,0.0,1,estabilizada,1,1,1,,,,,,,,,,,,,nan,0.541912442385315,-0.2498343653619024,1.5828705439157293
2026-08-18T02:45:41.463+00:00,1787021141.4637723,180953.8429157,18.35691879998194,619,180953.7308179,18.119199987268075,93.90730000450276,2,1,1,4,1,0.0,1,estabilizada,1,1,1,718.0,323.0,0.5909327864646912,0.7903882265090942,0.5881455522312271,0.7312424968546709,0.5752843022312271,0.7197979968546709,-0.016343197369779655,0.5663220201700669,0.7245690480612492,0.23441379212094296,0.0,0.541912442385315,-0.2498343653619024,1.5828705439157293
2026-08-18T02:45:41.463+00:00,1787021141.4637723,180953.8429288,18.35693189999438,619,180953.7308179,18.119199987268075,93.90730000450276,3,1,1,4,1,0.0,1,estabilizada,1,1,1,578.5,460.75,0.3670833110809326,0.5431549549102783,0.37702387247294,0.49806659370548734,0.36416262247294,0.48662209370548737,3.08522158802807,0.38161488053394216,0.4848915803378393,-3.0634138398464277,0.0,0.541912442385315,-0.2498343653619024,1.5828705439157293
2026-08-18T02:45:41.463+00:00,1787021141.4637723,180953.842944,18.356947099993704,619,180953.7308179,18.119199987268075,93.90730000450276,10,0,0,4,1,0.0,1,estabilizada,1,1,1,,,,,,,,,,,,,nan,0.541912442385315,-0.2498343653619024,1.5828705439157293
2026-08-18T02:45:41.626+00:00,1787021141.6266468,180954.0064374,18.520440499996766,624,180953.8832853,24.88520002225414,98.2363999937661,1,0,0,4,1,0.0,1,estabilizada,1,1,1,,,,,,,,,,,,,nan,0.541892253373956,-0.2498617269203698,1.5828519009251685
2026-08-18T02:45:41.626+00:00,1787021141.6266468,180954.0065085,18.520511599985184,624,180953.8832853,24.88520002225414,98.2363999937661,2,1,1,4,1,0.0,1,estabilizada,1,1,1,720.75,324.75,0.5953795313835144,0.786902904510498,0.5923382771650707,0.727953095767027,0.5794770271650707,0.7165085957670271,-0.16821323929517498,0.5731174170588531,0.720191461107401,-0.025600037900087858,0.0,0.541892253373956,-0.2498617269203698,1.5828519009251685
2026-08-18T02:45:41.626+00:00,1787021141.6266468,180954.0065285,18.520531599991955,624,180953.8832853,24.88520002225414,98.2363999937661,3,1,1,4,1,0.0,1,estabilizada,1,1,1,571.5,458.25,0.3562069237232208,0.5477051138877869,0.3667648790561223,0.5023559465836451,0.3539036290561223,0.49091144658364516,2.9881254783002835,0.3683686559099501,0.48699092621423573,3.127826377829269,0.0,0.541892253373956,-0.2498617269203698,1.5828519009251685
2026-08-18T02:45:41.627+00:00,1787021141.6276498,180954.0065513,18.520554399990942,624,180953.8832853,24.88520002225414,98.2363999937661,10,0,0,4,1,0.0,1,estabilizada,1,1,1,,,,,,,,,,,,,nan,0.541892253373956,-0.2498617269203698,1.5828519009251685
2026-08-18T02:45:41.821+00:00,1787021141.8217971,180954.2007245,18.71472759998869,629,180954.0578567,24.4896000076551,118.29909999505617,1,0,0,4,1,0.0,1,estabilizada,1,1,1,,,,,,,,,,,,,nan,0.5418712200077775,-0.24988672847967894,1.5828352650905895
2026-08-18T02:45:41.821+00:00,1787021141.8217971,180954.2008182,18.714821300003678,629,180954.0578567,24.4896000076551,118.29909999505617,2,1,1,4,1,0.0,1,estabilizada,1,1,1,723.75,327.0,0.600202202796936,0.7824442982673645,0.5968855036010006,0.7237459646780401,0.5840242536010005,0.7123014646780401,-0.39399095827247244,0.5731174170588531,0.720191461107401,-0.06686855456198125,0.0,0.5418712200077775,-0.24988672847967894,1.5828352650905895
2026-08-18T02:45:41.821+00:00,1787021141.8217971,180954.2008333,18.71483640000224,629,180954.0578567,24.4896000076551,118.29909999505617,3,1,1,4,1,0.0,1,estabilizada,1,1,1,569.0,454.0,0.35216861963272095,0.5551142692565918,0.36295510791125823,0.5093419192248796,0.35009385791125824,0.4978974192248796,2.7131487115676465,0.3647623155456463,0.4879683686345058,3.086353076950869,0.0,0.5418712200077775,-0.24988672847967894,1.5828352650905895
2026-08-18T02:45:41.821+00:00,1787021141.8217971,180954.2008489,18.714852000004612,629,180954.0578567,24.4896000076551,118.29909999505617,10,0,0,4,1,0.0,1,estabilizada,1,1,1,,,,,,,,,,,,,nan,0.5418712200077775,-0.24988672847967894,1.5828352650905895
2026-08-18T02:45:41.976+00:00,1787021141.9761515,180954.3556546,18.869657699979143,634,180954.2249793,37.39850001875311,93.25249999528751,1,0,0,4,1,0.0,1,estabilizada,1,1,1,,,,,,,,,,,,,nan,0.5418488482148444,-0.24991033324571976,1.5828195744648335
2026-08-18T02:45:41.976+00:00,1787021141.9761515,180954.3556989,18.869701999996323,634,180954.2249793,37.39850001875311,93.25249999528751,2,1,1,4,1,0.0,1,estabilizada,1,1,1,726.75,329.75,0.6049826145172119,0.7770251035690308,0.6013927935048364,0.7186329843380205,0.5885315435048364,0.7071884843380205,-0.48862887630408747,0.5785951927584568,0.7154822997612175,-0.2501697971635954,0.0,0.5418488482148444,-0.24991033324571976,1.5828195744648335
2026-08-18T02:45:41.976+00:00,1787021141.9761515,180954.3557114,18.869714500004193,634,180954.2249793,37.39850001875311,93.25249999528751,3,1,1,4,1,0.0,1,estabilizada,1,1,1,568.75,455.0,0.35183072090148926,0.5533958673477173,0.36263525714434197,0.5077194306775088,0.349774007144342,0.49627493067750883,2.650268275820643,0.3591798618503048,0.4905296827052497,2.9419254444533762,0.0,0.5418488482148444,-0.24991033324571976,1.5828195744648335
2026-08-18T02:45:41.976+00:00,1787021141.9761515,180954.3557245,18.869727599987527,634,180954.2249793,37.39850001875311,93.25249999528751,10,0,0,4,1,0.0,1,estabilizada,1,1,1,,,,,,,,,,,,,nan,0.5418488482148444,-0.24991033324571976,1.5828195744648335
2026-08-18T02:45:42.140+00:00,1787021142.140371,180954.5195021,19.033505200000945,639,180954.3848688,40.789099992252886,93.8114000018686,1,0,0,4,1,0.0,1,estabilizada,1,1,1,,,,,,,,,,,,,nan,0.5418277822812915,-0.2499327321654335,1.5828054180388214
2026-08-18T02:45:42.140+00:00,1787021142.140371,180954.5196022,19.033605299977353,639,180954.3848688,40.789099992252886,93.8114000018686,2,1,1,4,1,0.0,1,estabilizada,1,1,1,728.25,332.5,0.6072764992713928,0.7716615200042725,0.6035550155931226,0.7135725839623448,0.5906937655931226,0.7021280839623448,-0.5878133610851244,0.5825312451554977,0.7119745878143457,-0.3971918816002854,0.0,0.5418277822812915,-0.2499327321654335,1.5828054180388214
2026-08-18T02:45:42.140+00:00,1787021142.140371,180954.5196291,19.033632199978456,639,180954.3848688,40.789099992252886,93.8114000018686,3,1,1,4,1,0.0,1,estabilizada,1,1,1,569.0,454.5,0.3521954417228699,0.5542461276054382,0.36297813835490744,0.5085196620812955,0.35011688835490745,0.49707516208129554,2.6097138040938117,0.35556481889363156,0.4928155410821323,2.794010442110575,0.0,0.5418277822812915,-0.2499327321654335,1.5828054180388214
2026-08-18T02:45:42.140+00:00,1787021142.140371,180954.5196529,19.033655999985058,639,180954.3848688,40.789099992252886,93.8114000018686,10,0,0,4,1,0.0,1,estabilizada,1,1,1,,,,,,,,,,,,,nan,0.5418277822812915,-0.2499327321654335,1.5828054180388214
2026-08-18T02:45:42.331+00:00,1787021142.3313017,180954.7105764,19.224579499976244,644,180954.5482204,54.40319998888299,107.9228000016883,1,0,0,4,1,0.0,1,estabilizada,1,1,1,,,,,,,,,,,,,nan,0.5418076048335944,-0.2499563309619271,1.582790593338559
2026-08-18T02:45:42.331+00:00,1787021142.3313017,180954.710631,19.22463409998454,644,180954.5482204,54.40319998888299,107.9228000016883,2,1,1,4,1,0.0,1,estabilizada,1,1,1,730.5,335.75,0.6107666492462158,0.7653253674507141,0.6068455278905189,0.7075948292217744,0.5939842778905189,0.6961503292217744,-0.8698285215680667,0.5857350956847807,0.7078340108425726,-0.5429846437643524,0.0,0.5418076048335944,-0.2499563309619271,1.582790593338559
2026-08-18T02:45:42.331+00:00,1787021142.3313017,180954.7106437,19.224646799993934,644,180954.5482204,54.40319998888299,107.9228000016883,3,1,1,4,1,0.0,1,estabilizada,1,1,1,567.0,453.75,0.3490791916847229,0.5556104779243469,0.3600380369396796,0.509804663115428,0.3471767869396796,0.4983601631154281,2.66274277508829,0.3536648951025454,0.49407142081309546,2.717477386408276,0.0,0.5418076048335944,-0.2499563309619271,1.582790593338559
2026-08-18T02:45:42.331+00:00,1787021142.3313017,180954.7106587,19.224661799991736,644,180954.5482204,54.40319998888299,107.9228000016883,10,0,0,4,1,0.0,1,estabilizada,1,1,1,,,,,,,,,,,,,nan,0.5418076048335944,-0.2499563309619271,1.582790593338559
2026-08-18T02:45:42.494+00:00,1787021142.4949434,180954.8744052,19.388408300001174,649,180954.7320142,44.02040000422858,98.34669998963363,1,0,0,4,1,0.0,1,estabilizada,1,1,1,,,,,,,,,,,,,nan,0.5417905952098756,-0.24997340465072426,1.582780715828481
2026-08-18T02:45:42.494+00:00,1787021142.4949434,180954.8744525,19.38845559998299,649,180954.7320142,44.02040000422858,98.34669998963363,2,1,1,4,1,0.0,1,estabilizada,1,1,1,731.75,339.25,0.6125831007957458,0.7585557699203491,0.6085577007899129,0.7012088330998016,0.595696450789913,0.6897643330998017,-1.0699200380762677,0.5906983588422021,0.6998834076983262,-0.84840845063075,0.0,0.5417905952098756,-0.24997340465072426,1.582780715828481
2026-08-18T02:45:42.494+00:00,1787021142.4949434,180954.8744649,19.388467999990098,649,180954.7320142,44.02040000422858,98.34669998963363,3,1,1,4,1,0.0,1,estabilizada,1,1,1,562.0,451.0,0.34123483300209045,0.5605410933494568,0.3526388249879624,0.5144536574270183,0.3397775749879624,0.5030091574270183,2.5817102814733435,0.3521655158920365,0.4950992328250615,2.678175948733547,0.0,0.5417905952098756,-0.24997340465072426,1.582780715828481
2026-08-18T02:45:42.494+00:00,1787021142.4949434,180954.8744778,19.388480900001014,649,180954.7320142,44.02040000422858,98.34669998963363,10,0,0,4,1,0.0,1,estabilizada,1,1,1,,,,,,,,,,,,,nan,0.5417905952098756,-0.24997340465072426,1.582780715828481
2026-08-18T02:45:42.649+00:00,1787021142.6492398,180955.028343,19.54234610000276,655,180954.9136055,21.912299998803064,92.7996999816969,1,0,0,4,1,0.0,1,estabilizada,1,1,1,,,,,,,,,,,,,nan,0.541776736686377,-0.2499859214909488,1.5827737311924763
2026-08-18T02:45:42.649+00:00,1787021142.6492398,180955.0283906,19.54239369998686,655,180954.9136055,21.912299998803064,92.7996999816969,2,1,1,4,1,0.0,1,estabilizada,1,1,1,732.5,343.25,0.6135363578796387,0.7508646845817566,0.6094559477868279,0.6939541150092636,0.5965946977868279,0.6825096150092637,-1.2538752832785494,0.5935541732413305,0.6927172460612476,-1.0261380320221232,0.0,0.541776736686377,-0.2499859214909488,1.5827737311924763
2026-08-18T02:45:42.649+00:00,1787021142.6492398,180955.028406,19.542409099987708,655,180954.9136055,21.912299998803064,92.7996999816969,3,1,1,4,1,0.0,1,estabilizada,1,1,1,551.5,445.75,0.32474029064178467,0.570017397403717,0.33708146092978075,0.5233902028489286,0.32422021092978076,0.5119457028489286,2.6357691997599524,0.34909358225555254,0.4970607180819707,2.664236500435147,0.0,0.541776736686377,-0.2499859214909488,1.5827737311924763
2026-08-18T02:45:42.649+00:00,1787021142.6492398,180955.0284194,19.54242250000243,655,180954.9136055,21.912299998803064,92.7996999816969,10,0,0,4,1,0.0,1,estabilizada,1,1,1,,,,,,,,,,,,,nan,0.541776736686377,-0.2499859214909488,1.5827737311924763
2026-08-18T02:45:42.809+00:00,1787021142.809406,180955.1888324,19.70283549997839,659,180955.0563274,40.36899999482557,92.11190001224168,1,0,0,4,1,0.0,1,estabilizada,1,1,1,,,,,,,,,,,,,nan,0.5417607308075767,-0.24999712500975874,1.5827679345038035
2026-08-18T02:45:42.809+00:00,1787021142.809406,180955.1888761,19.702879199991003,659,180955.0563274,40.36899999482557,92.11190001224168,2,1,1,4,1,0.0,1,estabilizada,1,1,1,731.5,346.25,0.6116857528686523,0.7451602220535278,0.6077096475607888,0.6885731764840368,0.5948483975607888,0.6771286764840369,-1.3433877170345907,0.59416500237873,0.6903817576096913,-1.0719254765909518,0.0,0.5417607308075767,-0.24999712500975874,1.5827679345038035
2026-08-18T02:45:42.809+00:00,1787021142.809406,180955.1888877,19.70289079999202,659,180955.0563274,40.36899999482557,92.11190001224168,3,1,1,4,1,0.0,1,estabilizada,1,1,1,544.25,442.5,0.3133399486541748,0.575925886631012,0.32632850493311605,0.528961913311087,0.31346725493311606,0.517517413311087,2.6225833126511056,0.33179823675115927,0.5073351831200478,2.6407135710785714,0.0,0.5417607308075767,-0.24999712500975874,1.5827679345038035
2026-08-18T02:45:42.809+00:00,1787021142.809406,180955.1889004,19.702903500001412,659,180955.0563274,40.36899999482557,92.11190001224168,10,0,0,4,1,0.0,1,estabilizada,1,1,1,,,,,,,,,,,,,nan,0.5417607308075767,-0.24999712500975874,1.5827679345038035
2026-08-18T02:45:42.967+00:00,1787021142.9674776,180955.3468963,19.860899399995105,664,180955.2291604,26.968499994836748,90.71960000437684,1,0,0,4,1,0.0,1,estabilizada,1,1,1,,,,,,,,,,,,,nan,0.5417440342805216,-0.25000550036148156,1.582765036434358
2026-08-18T02:45:42.967+00:00,1787021142.9674776,180955.3469527,19.860955799988005,664,180955.2291604,26.968499994836748,90.71960000437684,2,1,1,4,1,0.0,1,estabilizada,1,1,1,731.0636596679688,349.7442626953125,0.6107304096221924,0.7385135889053345,0.6068076708468038,0.6823039077549111,0.5939464208468037,0.6708594077549112,-1.5535882145794575,0.5946130873307992,0.6886685170866068,-1.1883182947230948,0.0,0.5417440342805216,-0.25000550036148156,1.582765036434358
2026-08-18T02:45:42.967+00:00,1787021142.9674776,180955.3469858,19.86098889997811,664,180955.2291604,26.968499994836748,90.71960000437684,3,1,1,4,1,0.0,1,estabilizada,1,1,1,536.75,437.5,0.30141085386276245,0.5849124193191528,0.31507680284425266,0.5374368869176172,0.30221555284425267,0.5259923869176172,2.609502508492314,0.32682685694122965,0.510259212625406,2.6407135710785714,0.0,0.5417440342805216,-0.25000550036148156,1.582765036434358
2026-08-18T02:45:42.967+00:00,1787021142.9674776,180955.3469999,19.861002999998163,664,180955.2291604,26.968499994836748,90.71960000437684,10,0,0,4,1,0.0,1,estabilizada,1,1,1,,,,,,,,,,,,,nan,0.5417440342805216,-0.25000550036148156,1.582765036434358
2026-08-18T02:45:43.121+00:00,1787021143.121061,180955.500424,20.014427099988097,668,180955.3522962,55.85239999345504,92.25129999686033,1,0,0,4,1,0.0,1,estabilizada,1,1,1,,,,,,,,,,,,,nan,0.5417271442269069,-0.2500171953683941,1.5827594630634012
2026-08-18T02:45:43.121+00:00,1787021143.121061,180955.5004681,20.014471200003754,668,180955.3522962,55.85239999345504,92.25129999686033,2,1,1,4,1,0.0,1,estabilizada,1,1,1,729.75,352.0,0.6084275245666504,0.7342643737792969,0.6046347598600297,0.678295451595861,0.5917735098600296,0.666850951595861,-1.647471169785046,0.5944876154601116,0.6821964797919238,-1.3272819549733026,0.0,0.5417271442269069,-0.2500171953683941,1.5827594630634012
2026-08-18T02:45:43.121+00:00,1787021143.121061,180955.5004816,20.014484699990135,668,180955.3522962,55.85239999345504,92.25129999686033,3,1,1,4,1,0.0,1,estabilizada,1,1,1,529.25,432.5,0.2894381880760193,0.5939316749572754,0.30378402304555585,0.5459424510089312,0.29092277304555586,0.5344979510089313,2.6362305954689393,0.30855777614801294,0.5222551139698006,2.6249186788712233,0.0,0.5417271442269069,-0.2500171953683941,1.5827594630634012
2026-08-18T02:45:43.121+00:00,1787021143.121061,180955.5004947,20.014497800002573,668,180955.3522962,55.85239999345504,92.25129999686033,10,0,0,4,1,0.0,1,estabilizada,1,1,1,,,,,,,,,,,,,nan,0.5417271442269069,-0.2500171953683941,1.5827594630634012
2026-08-18T02:45:43.280+00:00,1787021143.2802122,180955.661809,20.175812100002076,673,180955.5306744,36.66069998871535,94.45050000795163,1,0,0,4,1,0.0,1,estabilizada,1,1,1,,,,,,,,,,,,,nan,0.5417087853278814,-0.25002728532241425,1.5827554622100153
2026-08-18T02:45:43.280+00:00,1787021143.2802122,180955.6618514,20.175854499975685,673,180955.5306744,36.66069998871535,94.45050000795163,2,1,1,4,1,0.0,1,estabilizada,1,1,1,729.0,355.0,0.607000470161438,0.7285974025726318,0.6032877983208903,0.6729500053508446,0.5904265483208904,0.6615055053508446,-1.7493616969147603,0.5925444395913622,0.6721591509746795,-1.575103838862931,0.0,0.5417087853278814,-0.25002728532241425,1.5827554622100153
2026-08-18T02:45:43.280+00:00,1787021143.2802122,180955.6618667,20.17586979997577,673,180955.5306744,36.66069998871535,94.45050000795163,3,1,1,4,1,0.0,1,estabilizada,1,1,1,520.25,426.75,0.2750324010848999,0.6043577790260315,0.29019638260631303,0.555775001946879,0.27733513260631304,0.544330501946879,2.5556250588212936,0.3001639339567938,0.5283607062011525,2.6043543804990446,0.0,0.5417087853278814,-0.25002728532241425,1.5827554622100153
2026-08-18T02:45:43.280+00:00,1787021143.2802122,180955.6618798,20.17588289998821,673,180955.5306744,36.66069998871535,94.45050000795163,10,0,0,4,1,0.0,1,estabilizada,1,1,1,,,,,,,,,,,,,nan,0.5417087853278814,-0.25002728532241425,1.5827554622100153
2026-08-18T02:45:43.433+00:00,1787021143.4338171,180955.8128959,20.326898999977857,678,180955.6946641,28.782299981685355,89.42689999821596,1,0,0,4,1,0.0,1,estabilizada,1,1,1,,,,,,,,,,,,,nan,0.5416871908096624,-0.2500358413864231,1.5827539954850673
2026-08-18T02:45:43.433+00:00,1787021143.4338171,180955.812956,20.32695909999893,678,180955.6946641,28.782299981685355,89.42689999821596,2,1,1,4,1,0.0,1,estabilizada,1,1,1,727.75,359.75,0.604646623134613,0.7196598649024963,0.6010665665210083,0.6645201440014877,0.5882053165210084,0.6530756440014878,-1.7896601748448417,0.5914453642248202,0.6676736816315221,-1.6466791028080212,0.0,0.5416871908096624,-0.2500358413864231,1.5827539954850673
2026-08-18T02:45:43.433+00:00,1787021143.4338171,180955.8129823,20.326985399995465,678,180955.6946641,28.782299981685355,89.42689999821596,3,1,1,4,1,0.0,1,estabilizada,1,1,1,513.25,420.25,0.2636159658432007,0.6160873174667358,0.2794279052338902,0.5668370331400836,0.2665666552338902,0.5553925331400836,2.4988157362412506,0.2888835099841185,0.5361613812578904,2.5844495438931974,0.0,0.5416871908096624,-0.2500358413864231,1.5827539954850673
2026-08-18T02:45:43.433+00:00,1787021143.4338171,180955.8129933,20.326996399991913,678,180955.6946641,28.782299981685355,89.42689999821596,10,0,0,4,1,0.0,1,estabilizada,1,1,1,,,,,,,,,,,,,nan,0.5416871908096624,-0.2500358413864231,1.5827539954850673
2026-08-18T02:45:43.593+00:00,1787021143.5935395,180955.9726541,20.48665720000281,683,180955.8547017,25.70709999417886,92.22150000277907,1,0,0,4,1,0.0,1,estabilizada,1,1,1,,,,,,,,,,,,,nan,0.5416625981762082,-0.2500436233806975,1.582753416899819
2026-08-18T02:45:43.593+00:00,1787021143.5935395,180955.972698,20.48670109998784,683,180955.8547017,25.70709999417886,92.22150000277907,2,1,1,4,1,0.0,1,estabilizada,1,1,1,726.0,366.0,0.6013932824134827,0.7079632878303528,0.5979968205742883,0.6534882059329609,0.5851355705742882,0.6420437059329609,-1.7897584486024056,0.5900802659437366,0.6615942648775183,-1.6979496734672188,0.0,0.5416625981762082,-0.2500436233806975,1.582753416899819
2026-08-18T02:45:43.593+00:00,1787021143.5935395,180955.9727134,20.486716499988688,683,180955.8547017,25.70709999417886,92.22150000277907,3,1,1,4,1,0.0,1,estabilizada,1,1,1,507.75,414.25,0.25452691316604614,0.6269331574440002,0.270854290112439,0.5770656863449196,0.257993040112439,0.5656211863449196,2.3325776926676083,0.26800415248921894,0.555529846695006,2.484223353929148,0.0,0.5416625981762082,-0.2500436233806975,1.582753416899819
2026-08-18T02:45:43.593+00:00,1787021143.5935395,180955.9727273,20.486730399978114,683,180955.8547017,25.70709999417886,92.22150000277907,10,0,0,4,1,0.0,1,estabilizada,1,1,1,,,,,,,,,,,,,nan,0.5416625981762082,-0.2500436233806975,1.582753416899819
2026-08-18T02:45:43.746+00:00,1787021143.7467031,180956.126276,20.64027909998549,688,180956.0235735,9.740400011651218,92.93740001157857,1,0,0,4,1,0.0,1,estabilizada,1,1,1,,,,,,,,,,,,,nan,0.5416343780526863,-0.2500501672442275,1.5827542864331303
2026-08-18T02:45:43.746+00:00,1787021143.7467031,180956.1263235,20.640326599997934,688,180956.0235735,9.740400011651218,92.93740001157857,2,1,1,4,1,0.0,1,estabilizada,1,1,1,726.25,372.0,0.6014154553413391,0.6967354416847229,0.5980161298730102,0.6428984655134973,0.5851548798730102,0.6314539655134973,-1.61166762630586,0.5880266135786196,0.6528486981941031,-1.7103120849521916,0.0,0.5416343780526863,-0.2500501672442275,1.5827542864331303
2026-08-18T02:45:43.746+00:00,1787021143.7467031,180956.1263382,20.64034129999345,688,180956.0235735,9.740400011651218,92.93740001157857,3,1,1,4,1,0.0,1,estabilizada,1,1,1,500.75,407.75,0.24300262331962585,0.6387755274772644,0.25998369116847353,0.5882343201587181,0.24712244116847354,0.5767898201587182,2.450331202216801,0.26363879009633384,0.5598831750065779,2.439594508566098,0.0,0.5416343780526863,-0.2500501672442275,1.5827542864331303
2026-08-18T02:45:43.746+00:00,1787021143.7467031,180956.126351,20.640354100003606,688,180956.0235735,9.740400011651218,92.93740001157857,10,0,0,4,1,0.0,1,estabilizada,1,1,1,,,,,,,,,,,,,nan,0.5416343780526863,-0.2500501672442275,1.5827542864331303
2026-08-18T02:45:43.903+00:00,1787021143.9030287,180956.2853113,20.799314399977447,692,180956.1512923,34.74370000185445,99.24579999642447,1,0,0,4,1,0.0,1,estabilizada,1,1,1,,,,,,,,,,,,,nan,0.5416129204201604,-0.25005812628424234,1.5827560174521644
2026-08-18T02:45:43.903+00:00,1787021143.9030287,180956.2853687,20.799371799977962,692,180956.1512923,34.74370000185445,99.24579999642447,2,1,1,4,1,0.0,1,estabilizada,1,1,1,726.75,377.75,0.6018575429916382,0.6860228776931763,0.5984318627404513,0.6327946546259315,0.5855706127404514,0.6213501546259316,-1.547492914732065,0.586710987006382,0.6429783276028046,-1.6826637501955224,0.0,0.5416129204201604,-0.25005812628424234,1.5827560174521644
2026-08-18T02:45:43.903+00:00,1787021143.9030287,180956.285382,20.799385099991923,692,180956.1512923,34.74370000185445,99.24579999642447,3,1,1,4,1,0.0,1,estabilizada,1,1,1,495.5,402.75,0.2343088984489441,0.6479198336601257,0.2517830774584991,0.5968582578367783,0.2389218274584991,0.5854137578367783,2.4564302049022784,0.2475940405892791,0.5758310835577422,2.4282053438596707,0.0,0.5416129204201604,-0.25005812628424234,1.5827560174521644
2026-08-18T02:45:43.903+00:00,1787021143.9030287,180956.2854025,20.7994056000025,692,180956.1512923,34.74370000185445,99.24579999642447,10,0,0,4,1,0.0,1,estabilizada,1,1,1,,,,,,,,,,,,,nan,0.5416129204201604,-0.25005812628424234,1.5827560174521644
2026-08-18T02:45:44.065+00:00,1787021144.0650246,180956.4444072,20.958410299994284,698,180956.3469495,5.577300005825236,91.85379999689758,1,0,0,4,1,0.0,1,estabilizada,1,1,1,,,,,,,,,,,,,nan,0.5415900509743024,-0.25006766634800237,1.5827558339389565
2026-08-18T02:45:44.065+00:00,1787021144.0650246,180956.4444571,20.958460199995898,698,180956.3469495,5.577300005825236,91.85379999689758,2,1,1,4,1,0.0,1,estabilizada,1,1,1,728.5,385.25,0.6041996479034424,0.6720971465110779,0.6006394880842242,0.6196602314938257,0.5877782380842242,0.6082157314938257,-1.5152091208773357,0.5869339526346656,0.6211898865628173,-1.5749811487694416,0.0,0.5415900509743024,-0.25006766634800237,1.5827558339389565
2026-08-18T02:45:44.065+00:00,1787021144.0650246,180956.4444732,20.958476300002076,698,180956.3469495,5.577300005825236,91.85379999689758,3,1,1,4,1,0.0,1,estabilizada,1,1,1,485.5,396.75,0.2180248200893402,0.6590628623962402,0.23642365973043278,0.6073671138591115,0.2235624097304328,0.5959226138591115,2.539001105322341,0.23781428176648955,0.5844773693792787,2.4387257961419464,0.0,0.5415900509743024,-0.25006766634800237,1.5827558339389565
2026-08-18T02:45:44.065+00:00,1787021144.0650246,180956.4444859,20.958488999982364,698,180956.3469495,5.577300005825236,91.85379999689758,10,0,0,4,1,0.0,1,estabilizada,1,1,1,,,,,,,,,,,,,nan,0.5415900509743024,-0.25006766634800237,1.5827558339389565
2026-08-18T02:45:44.219+00:00,1787021144.2194145,180956.5988915,21.112894599995343,702,180956.4874702,17.15090000652708,94.2444000102114,1,0,0,4,1,0.0,1,estabilizada,1,1,1,,,,,,,,,,,,,nan,0.5415699671535968,-0.25007632773669713,1.5827567255341861
2026-08-18T02:45:44.219+00:00,1787021144.2194145,180956.599021,21.11302409999189,702,180956.4874702,17.15090000652708,94.2444000102114,2,1,1,4,1,0.0,1,estabilizada,1,1,1,729.5,390.75,0.6054522395133972,0.6619502305984497,0.6018197137944232,0.6100898347928592,0.5889584637944232,0.5986453347928592,-1.412491570453134,0.5877660910671936,0.6116566957540573,-1.5006863086897122,0.0,0.5415699671535968,-0.25007632773669713,1.5827567255341861
2026-08-18T02:45:44.219+00:00,1787021144.2194145,180956.5990865,21.113089599995874,702,180956.4874702,17.15090000652708,94.2444000102114,3,1,1,4,1,0.0,1,estabilizada,1,1,1,479.5,393.5,0.20825834572315216,0.665134847164154,0.22721138218465609,0.6130933651017247,0.2143501321846561,0.6016488651017248,2.4980075729284152,0.22383962608813254,0.5950094791933163,2.483826085311164,0.0,0.5415699671535968,-0.25007632773669713,1.5827567255341861
2026-08-18T02:45:44.219+00:00,1787021144.2194145,180956.5991184,21.11312149997684,702,180956.4874702,17.15090000652708,94.2444000102114,10,0,0,4,1,0.0,1,estabilizada,1,1,1,,,,,,,,,,,,,nan,0.5415699671535968,-0.25007632773669713,1.5827567255341861
2026-08-18T02:45:44.391+00:00,1787021144.3914473,180956.770826,21.284829099982744,707,180956.6530166,4.186600010143593,113.58679999830201,1,0,0,4,1,0.0,1,estabilizada,1,1,1,,,,,,,,,,,,,nan,0.5415530790804064,-0.25008294773925915,1.58276060492407
2026-08-18T02:45:44.391+00:00,1787021144.3914473,180956.7708895,21.284892600000603,707,180956.6530166,4.186600010143593,113.58679999830201,2,1,1,4,1,0.0,1,estabilizada,1,1,1,730.75,396.25,0.6071008443832397,0.6518430709838867,0.6033736231857308,0.6005571459788368,0.5905123731857309,0.5891126459788368,-1.3572582621451164,0.5889782257529058,0.6018842204836697,-1.4410105578953327,0.0,0.5415530790804064,-0.25008294773925915,1.58276060492407
2026-08-18T02:45:44.391+00:00,1787021144.3914473,180956.7709124,21.284915500000352,707,180956.6530166,4.186600010143593,113.58679999830201,3,1,1,4,1,0.0,1,estabilizada,1,1,1,476.25,390.5,0.20282100141048431,0.6706780195236206,0.22208221305262998,0.6183210889834934,0.20922096305263,0.6068765889834934,2.489938944346163,0.21753063377437945,0.5995823874269184,2.483826085311164,0.0,0.5415530790804064,-0.25008294773925915,1.58276060492407
2026-08-18T02:45:44.391+00:00,1787021144.3914473,180956.7709316,21.28493470000103,707,180956.6530166,4.186600010143593,113.58679999830201,10,0,0,4,1,0.0,1,estabilizada,1,1,1,,,,,,,,,,,,,nan,0.5415530790804064,-0.25008294773925915,1.58276060492407
2026-08-18T02:45:44.561+00:00,1787021144.5612154,180956.9407091,21.45471219997853,712,180956.8447761,3.7099999899510294,92.19619998475537,1,0,0,4,1,0.0,1,estabilizada,1,1,1,,,,,,,,,,,,,nan,0.5415389351836511,-0.2500932336926611,1.5827616405610132
2026-08-18T02:45:44.561+00:00,1787021144.5612154,180956.9407908,21.454793899989454,712,180956.8447761,3.7099999899510294,92.19619998475537,2,1,1,4,1,0.0,1,estabilizada,1,1,1,731.75,402.75,0.608275294303894,0.6399773359298706,0.6044804889668801,0.5893655765763687,0.5916192389668802,0.5779210765763687,-1.4124960177062553,0.5902054157585914,0.591423949528226,-1.422495579605013,0.0,0.5415389351836511,-0.2500932336926611,1.5827616405610132
2026-08-18T02:45:44.561+00:00,1787021144.5612154,180956.9408058,21.454808899987256,712,180956.8447761,3.7099999899510294,92.19619998475537,3,1,1,4,1,0.0,1,estabilizada,1,1,1,474.5,388.5,0.19984494149684906,0.6743655204772949,0.21927456289006902,0.6217983582823575,0.20641331289006903,0.6103538582823576,2.46339450485671,0.21429217073386855,0.6024094937659432,2.483826085311164,0.0,0.5415389351836511,-0.2500932336926611,1.5827616405610132
2026-08-18T02:45:44.561+00:00,1787021144.5612154,180956.9408192,21.45482230000198,712,180956.8447761,3.7099999899510294,92.19619998475537,10,0,0,4,1,0.0,1,estabilizada,1,1,1,,,,,,,,,,,,,nan,0.5415389351836511,-0.2500932336926611,1.5827616405610132
2026-08-18T02:45:44.732+00:00,1787021144.732247,180957.1119636,21.62596669999766,717,180956.978022,20.670900004915893,113.19770000409335,1,0,0,4,1,0.0,1,estabilizada,1,1,1,,,,,,,,,,,,,nan,0.5415256158297024,-0.25010343219616965,1.582761937588676
2026-08-18T02:45:44.733+00:00,1787021144.7332501,180957.1121674,21.62617049997789,717,180956.978022,20.670900004915893,113.19770000409335,2,1,1,4,1,0.0,1,estabilizada,1,1,1,732.25,409.5,0.6086291670799255,0.6277449131011963,0.6048134829463274,0.5778281510155927,0.5919522329463274,0.5663836510155927,-1.457104594053446,0.5905486809843805,0.5881455575019484,-1.422495579605013,0.0,0.5415256158297024,-0.25010343219616965,1.582761937588676
2026-08-18T02:45:44.733+00:00,1787021144.7332501,180957.1121993,21.62620239998796,717,180956.978022,20.670900004915893,113.19770000409335,3,1,1,4,1,0.0,1,estabilizada,1,1,1,473.75,388.5,0.19866624474525452,0.6743840575218201,0.21816212891126574,0.6218152712131353,0.20530087891126575,0.6103707712131353,2.523065857710609,0.211227543104393,0.6054012018379646,2.483826085311164,0.0,0.5415256158297024,-0.25010343219616965,1.582761937588676
2026-08-18T02:45:44.733+00:00,1787021144.7332501,180957.11222,21.62622310000006,717,180956.978022,20.670900004915893,113.19770000409335,10,0,0,4,1,0.0,1,estabilizada,1,1,1,,,,,,,,,,,,,nan,0.5415256158297024,-0.25010343219616965,1.582761937588676
2026-08-18T02:45:44.888+00:00,1787021144.8883667,180957.2682902,21.782293299998855,722,180957.1548695,23.756800015689805,89.63639999274164,1,0,0,4,1,0.0,1,estabilizada,1,1,1,,,,,,,,,,,,,nan,0.5415132794419221,-0.2501148607268203,1.5827600108786548
2026-08-18T02:45:44.888+00:00,1787021144.8883667,180957.2684234,21.78242649999447,722,180957.1548695,23.756800015689805,89.63639999274164,2,1,1,4,1,0.0,1,estabilizada,1,1,1,732.75,416.0,0.6089973449707031,0.6160329580307007,0.6051600191248103,0.5667814586546822,0.5922987691248103,0.5553369586546822,-1.5193322531340023,0.5914458113301625,0.5730805534665399,-1.443701867630414,0.0,0.5415132794419221,-0.2501148607268203,1.5827600108786548
2026-08-18T02:45:44.888+00:00,1787021144.8883667,180957.2684513,21.78245440000319,722,180957.1548695,23.756800015689805,89.63639999274164,3,1,1,4,1,0.0,1,estabilizada,1,1,1,474.0,388.5,0.19906093180179596,0.6743708848953247,0.2185336952503124,0.6218021337681066,0.20567244525031242,0.6103576337681066,2.5919654955939104,0.211227543104393,0.6054012018379646,2.5055666587008245,0.0,0.5415132794419221,-0.2501148607268203,1.5827600108786548
2026-08-18T02:45:44.888+00:00,1787021144.8883667,180957.2684646,21.782467699988047,722,180957.1548695,23.756800015689805,89.63639999274164,10,0,0,4,1,0.0,1,estabilizada,1,1,1,,,,,,,,,,,,,nan,0.5415132794419221,-0.2501148607268203,1.5827600108786548
2026-08-18T02:45:45.051+00:00,1787021145.0511644,180957.4308284,21.94483150000451,727,180957.3182039,16.260000003967434,96.33759999996983,1,0,0,4,1,0.0,1,estabilizada,1,1,1,,,,,,,,,,,,,nan,0.5415036789468293,-0.25012516687111275,1.5827572896681867
2026-08-18T02:45:45.051+00:00,1787021145.0511644,180957.4309599,21.944962999987183,727,180957.3182039,16.260000003967434,96.33759999996983,2,1,1,4,1,0.0,1,estabilizada,1,1,1,733.0,422.25,0.6089831590652466,0.6048422455787659,0.6051460873611378,0.5562264106539933,0.5922848373611378,0.5447819106539933,-1.5508955244323355,0.5916674375720491,0.5682797872142658,-1.459568793487992,0.0,0.5415036789468293,-0.25012516687111275,1.5827572896681867
2026-08-18T02:45:45.052+00:00,1787021145.052164,180957.4310517,21.9450547999877,727,180957.3182039,16.260000003967434,96.33759999996983,3,1,1,4,1,0.0,1,estabilizada,1,1,1,472.0,389.75,0.1960594803094864,0.6721571683883667,0.2157024022409208,0.6197136189476595,0.2028411522409208,0.6082691189476596,2.6341699326099333,0.211227543104393,0.6054012018379646,2.5215408889447506,0.0,0.5415036789468293,-0.25012516687111275,1.5827572896681867
2026-08-18T02:45:45.052+00:00,1787021145.052164,180957.4311513,21.945154399989406,727,180957.3182039,16.260000003967434,96.33759999996983,10,0,0,4,1,0.0,1,estabilizada,1,1,1,,,,,,,,,,,,,nan,0.5415036789468293,-0.25012516687111275,1.5827572896681867
2026-08-18T02:45:45.226+00:00,1787021145.226102,180957.6055645,22.11956759999157,731,180957.4877198,4.535699990810826,113.24010000680573,1,0,0,4,1,0.0,1,estabilizada,1,1,1,,,,,,,,,,,,,nan,0.54149313061982,-0.25013439877854887,1.5827530752842827
2026-08-18T02:45:45.226+00:00,1787021145.226102,180957.6056804,22.119683500000974,731,180957.4877198,4.535699990810826,113.24010000680573,2,1,1,4,1,0.0,1,estabilizada,1,1,1,733.25,428.5,0.6089685559272766,0.5937125086784363,0.6051317045747178,0.5457288889609464,0.5922704545747177,0.5342843889609464,-1.6147908723213324,0.5919421784736855,0.5593345958742454,-1.497725688376913,0.0,0.54149313061982,-0.25013439877854887,1.5827530752842827
2026-08-18T02:45:45.226+00:00,1787021145.226102,180957.6057007,22.119703799980925,731,180957.4877198,4.535699990810826,113.24010000680573,3,1,1,4,1,0.0,1,estabilizada,1,1,1,472.5,389.25,0.19678963720798492,0.6730462908744812,0.21639049276247058,0.6205515187168915,0.20352924276247059,0.6091070187168915,2.7160566801106296,0.20936854303569383,0.6061309759461908,2.5725044755716553,0.0,0.54149313061982,-0.25013439877854887,1.5827530752842827
2026-08-18T02:45:45.226+00:00,1787021145.226102,180957.6057191,22.119722200004617,731,180957.4877198,4.535699990810826,113.24010000680573,10,0,0,4,1,0.0,1,estabilizada,1,1,1,,,,,,,,,,,,,nan,0.54149313061982,-0.25013439877854887,1.5827530752842827
2026-08-18T02:45:45.376+00:00,1787021145.3766532,180957.7559515,22.26995459999307,737,180957.6569378,13.938499992946163,85.05110000260174,1,0,0,4,1,0.0,1,estabilizada,1,1,1,,,,,,,,,,,,,nan,0.5414817803726635,-0.2501465088434146,1.5827458156876633
2026-08-18T02:45:45.376+00:00,1787021145.3766532,180957.7559991,22.27000219997717,737,180957.6569378,13.938499992946163,85.05110000260174,2,1,1,4,1,0.0,1,estabilizada,1,1,1,733.75,436.5,0.6092331409454346,0.5795488357543945,0.6053805814307534,0.532369699171835,0.5925193314307533,0.520925199171835,-1.6147924897510049,0.5920986073012529,0.5477575328734485,-1.5352901697100167,0.0,0.5414817803726635,-0.2501465088434146,1.5827458156876633
2026-08-18T02:45:45.376+00:00,1787021145.3766532,180957.756014,22.270017100003315,737,180957.6569378,13.938499992946163,85.05110000260174,3,1,1,4,1,0.0,1,estabilizada,1,1,1,473.25,389.75,0.19802744686603546,0.6721091270446777,0.2175573610880273,0.6196667156307731,0.20469611108802732,0.6082222156307732,2.6341714411088666,0.20936854303569383,0.6061309759461908,2.58905984191035,0.0,0.5414817803726635,-0.2501465088434146,1.5827458156876633
2026-08-18T02:45:45.376+00:00,1787021145.3766532,180957.7560273,22.270030399988173,737,180957.6569378,13.938499992946163,85.05110000260174,10,0,0,4,1,0.0,1,estabilizada,1,1,1,,,,,,,,,,,,,nan,0.5414817803726635,-0.2501465088434146,1.5827458156876633
2026-08-18T02:45:45.523+00:00,1787021145.5236692,180957.9029477,22.416950799990445,740,180957.8040689,13.58639998943545,85.26799999526702,1,0,0,4,1,0.0,1,estabilizada,1,1,1,,,,,,,,,,,,,nan,0.5414734827836101,-0.2501614132467327,1.582736436588047
2026-08-18T02:45:45.523+00:00,1787021145.5236692,180957.9029905,22.416993599996204,740,180957.8040689,13.58639998943545,85.26799999526702,2,1,1,4,1,0.0,1,estabilizada,1,1,1,733.5,439.5,0.6086435914039612,0.5742769837379456,0.6048240611043595,0.5273964962396132,0.5919628111043596,0.5159519962396132,-1.5529817087152222,0.59218242883927,0.53485406765243,-1.5612108426705964,0.0,0.5414734827836101,-0.2501614132467327,1.582736436588047
2026-08-18T02:45:45.523+00:00,1787021145.5236692,180957.9030038,22.41700689998106,740,180957.8040689,13.58639998943545,85.26799999526702,3,1,1,4,1,0.0,1,estabilizada,1,1,1,472.75,389.75,0.19724254310131073,0.672122061252594,0.21681673363311726,0.6196777560694284,0.20395548363311727,0.6082332560694285,2.6202616730290473,0.20936854303569383,0.6061309759461908,2.6114332498914288,0.0,0.5414734827836101,-0.2501614132467327,1.582736436588047
2026-08-18T02:45:45.523+00:00,1787021145.5236692,180957.903017,22.41702009999426,740,180957.8040689,13.58639998943545,85.26799999526702,10,0,0,4,1,0.0,1,estabilizada,1,1,1,,,,,,,,,,,,,nan,0.5414734827836101,-0.2501614132467327,1.582736436588047
2026-08-18T02:45:45.679+00:00,1787021145.6796079,180958.0587062,22.572709300002316,745,180957.9354138,27.31929998844862,95.93870001845062,1,0,0,4,1,0.0,1,estabilizada,1,1,1,,,,,,,,,,,,,nan,0.5414643819932154,-0.2501737540127846,1.582728284900078
2026-08-18T02:45:45.679+00:00,1787021145.6796079,180958.0588428,22.572845899994718,745,180957.9354138,27.31929998844862,95.93870001845062,2,1,1,4,1,0.0,1,estabilizada,1,1,1,732.75,446.25,0.6070272922515869,0.5624763369560242,0.603299133742291,0.5162659362922044,0.590437883742291,0.5048214362922044,-1.5524366968793544,0.5919529015730668,0.5202922949256659,-1.5612108426705964,0.0,0.5414643819932154,-0.2501737540127846,1.582728284900078
2026-08-18T02:45:45.679+00:00,1787021145.6796079,180958.0588857,22.572888800001238,745,180957.9354138,27.31929998844862,95.93870001845062,3,1,1,4,1,0.0,1,estabilizada,1,1,1,472.75,389.25,0.19718660414218903,0.6730285286903381,0.2167635588868555,0.620531706439811,0.2039023088868555,0.6090872064398111,2.620123537435406,0.20936854303569383,0.6061309759461908,2.6194245178353706,0.0,0.5414643819932154,-0.2501737540127846,1.582728284900078
2026-08-18T02:45:45.679+00:00,1787021145.6796079,180958.0589017,22.57290479997755,745,180957.9354138,27.31929998844862,95.93870001845062,10,0,0,4,1,0.0,1,estabilizada,1,1,1,,,,,,,,,,,,,nan,0.5414643819932154,-0.2501737540127846,1.582728284900078
2026-08-18T02:45:45.820+00:00,1787021145.82017,180958.1990524,22.713055500003975,750,180958.0922101,23.232500010635704,83.55929999379441,1,0,0,4,1,0.0,1,estabilizada,1,1,1,,,,,,,,,,,,,nan,0.5414590563323056,-0.25018808005047605,1.5827169323681758
2026-08-18T02:45:45.820+00:00,1787021145.82017,180958.1991212,22.713124300003983,750,180958.0922101,23.232500010635704,83.55929999379441,2,1,1,4,1,0.0,1,estabilizada,1,1,1,733.5,454.0,0.6077024936676025,0.5489540696144104,0.6039356107599584,0.5035114563467153,0.5910743607599585,0.4920669563467154,-1.6147944116803719,0.591651266715664,0.512911212429748,-1.5689452816656742,0.0,0.5414590563323056,-0.25018808005047605,1.5827169323681758
2026-08-18T02:45:45.820+00:00,1787021145.82017,180958.1991477,22.71315080000204,750,180958.0922101,23.232500010635704,83.55929999379441,3,1,1,4,1,0.0,1,estabilizada,1,1,1,472.5,388.75,0.19673730432987213,0.6739441752433777,0.21633964575032893,0.6213940942557439,0.20347839575032894,0.6099495942557439,2.6201226872657024,0.20936854303569383,0.6061309759461908,2.6194245178353706,0.0,0.5414590563323056,-0.25018808005047605,1.5827169323681758
2026-08-18T02:45:45.820+00:00,1787021145.82017,180958.1991635,22.71316659997683,750,180958.0922101,23.232500010635704,83.55929999379441,10,0,0,4,1,0.0,1,estabilizada,1,1,1,,,,,,,,,,,,,nan,0.5414590563323056,-0.25018808005047605,1.5827169323681758
2026-08-18T02:45:45.981+00:00,1787021145.9811459,180958.3600424,22.87404549997882,754,180958.259825,2.262000023620203,97.92689999449067,1,0,0,4,1,0.0,1,estabilizada,1,1,1,,,,,,,,,,,,,nan,0.5414581494948412,-0.25020600482310373,1.5827040377929622
2026-08-18T02:45:45.981+00:00,1787021145.9811459,180958.3600974,22.874100499990163,754,180958.259825,2.262000023620203,97.92689999449067,2,1,1,4,1,0.0,1,estabilizada,1,1,1,734.0,459.5,0.6081288456916809,0.5394127368927002,0.6043376361449593,0.4945112991902213,0.5914763861449592,0.48306679919022133,-1.6147951714659117,0.5912356795988861,0.503487954654376,-1.5689452816656742,0.0,0.5414581494948412,-0.25020600482310373,1.5827040377929622
2026-08-18T02:45:45.981+00:00,1787021145.9811459,180958.3601281,22.874131199991098,754,180958.259825,2.262000023620203,97.92689999449067,3,1,1,4,1,0.0,1,estabilizada,1,1,1,472.75,389.25,0.19718876481056213,0.6730248928070068,0.21676554220021982,0.6205256391230535,0.20390429220021983,0.6090811391230535,2.6201218370934845,0.20936854303569383,0.6061309759461908,2.6194245178353706,0.0,0.5414581494948412,-0.25020600482310373,1.5827040377929622
2026-08-18T02:45:45.981+00:00,1787021145.9811459,180958.3602999,22.874302999989595,754,180958.259825,2.262000023620203,97.92689999449067,10,0,0,4,1,0.0,1,estabilizada,1,1,1,,,,,,,,,,,,,nan,0.5414581494948412,-0.25020600482310373,1.5827040377929622
2026-08-18T02:45:46.132+00:00,1787021146.1324918,180958.5120157,23.026018799981102,760,180958.4102077,10.836899979040027,90.94660001574084,1,0,0,4,1,0.0,1,estabilizada,1,1,1,,,,,,,,,,,,,nan,0.5414561929979694,-0.2502256325215766,1.582688682234368
2026-08-18T02:45:46.132+00:00,1787021146.1324918,180958.5120649,23.026067999977386,760,180958.4102077,10.836899979040027,90.94660001574084,2,1,1,4,1,0.0,1,estabilizada,1,1,1,734.0,468.0,0.6075820326805115,0.5247848033905029,0.6038217697568978,0.4807136351215695,0.5909605197568979,0.46926913512156954,-1.6147961886397009,0.5911069717934765,0.4873323260982956,-1.5689452816656742,0.0,0.5414561929979694,-0.2502256325215766,1.582688682234368
2026-08-18T02:45:46.132+00:00,1787021146.1324918,180958.5120787,23.026081799995154,760,180958.4102077,10.836899979040027,90.94660001574084,3,1,1,4,1,0.0,1,estabilizada,1,1,1,472.5,388.75,0.19673976302146912,0.6739411950111389,0.21634215169470217,0.6213882100738095,0.20348090169470218,0.6099437100738095,2.62012098691875,0.20936854303569383,0.6061309759461908,2.6194245178353706,0.0,0.5414561929979694,-0.2502256325215766,1.582688682234368
2026-08-18T02:45:46.132+00:00,1787021146.1324918,180958.5120939,23.02609699999448,760,180958.4102077,10.836899979040027,90.94660001574084,10,0,0,4,1,0.0,1,estabilizada,1,1,1,,,,,,,,,,,,,nan,0.5414561929979694,-0.2502256325215766,1.582688682234368
2026-08-18T02:45:46.286+00:00,1787021146.2861817,180958.6655901,23.179593199980445,764,180958.5435398,30.30610000132583,91.72019999823533,1,0,0,4,1,0.0,1,estabilizada,1,1,1,,,,,,,,,,,,,nan,0.5414528384600377,-0.2502477430822825,1.5826706669930166
2026-08-18T02:45:46.286+00:00,1787021146.2861817,180958.6656353,23.179638400004478,764,180958.5435398,30.30610000132583,91.72019999823533,2,1,1,4,1,0.0,1,estabilizada,1,1,1,734.5,472.75,0.6080543398857117,0.51663738489151,0.6042669852241767,0.47302776795915424,0.5914057352241766,0.4615832679591543,-1.552520373608783,0.5912522090506267,0.47954759954907267,-1.5689452816656742,0.0,0.5414528384600377,-0.2502477430822825,1.5826706669930166
2026-08-18T02:45:46.286+00:00,1787021146.2861817,180958.6656623,23.17966539997724,764,180958.5435398,30.30610000132583,91.72019999823533,3,1,1,4,1,0.0,1,estabilizada,1,1,1,472.75,389.25,0.19719167053699493,0.6730222105979919,0.2167683934517759,0.6205196290033642,0.2039071434517759,0.6090751290033642,2.6201198533485255,0.20936854303569383,0.6061309759461908,2.6194245178353706,0.0,0.5414528384600377,-0.2502477430822825,1.5826706669930166
2026-08-18T02:45:46.286+00:00,1787021146.2861817,180958.6656765,23.179679599998053,764,180958.5435398,30.30610000132583,91.72019999823533,10,0,0,4,1,0.0,1,estabilizada,1,1,1,,,,,,,,,,,,,nan,0.5414528384600377,-0.2502477430822825,1.5826706669930166
2026-08-18T02:45:46.435+00:00,1787021146.4353821,180958.8145141,23.32851719998871,769,180958.7100653,16.30809999187477,88.11580002657138,1,0,0,4,1,0.0,1,estabilizada,1,1,1,,,,,,,,,,,,,nan,0.5414492204921211,-0.25026866531688724,1.5826534901401574
2026-08-18T02:45:46.435+00:00,1787021146.4353821,180958.8145567,23.328559799992945,769,180958.7100653,16.30809999187477,88.11580002657138,2,1,1,4,1,0.0,1,estabilizada,1,1,1,735.25,480.25,0.6087347269058228,0.5038412809371948,0.6049084341544657,0.4609576708572291,0.5920471841544657,0.44951317085722914,-1.5243052201406244,0.591542113392105,0.4712433936389481,-1.5689452816656742,0.0,0.5414492204921211,-0.25026866531688724,1.5826534901401574
2026-08-18T02:45:46.435+00:00,1787021146.4353821,180958.8145699,23.32857299997704,769,180958.7100653,16.30809999187477,88.11580002657138,3,1,1,4,1,0.0,1,estabilizada,1,1,1,472.75,389.25,0.19719304144382477,0.6730207204818726,0.21676969312871308,0.6205164640292933,0.2039084431287131,0.6090719640292933,2.6201197063159554,0.20936854303569383,0.6061309759461908,2.6194245178353706,0.0,0.5414492204921211,-0.25026866531688724,1.5826534901401574
2026-08-18T02:45:46.435+00:00,1787021146.4353821,180958.8145811,23.328584200004116,769,180958.7100653,16.30809999187477,88.11580002657138,10,0,0,4,1,0.0,1,estabilizada,1,1,1,,,,,,,,,,,,,nan,0.5414492204921211,-0.25026866531688724,1.5826534901401574
2026-08-18T02:45:46.594+00:00,1787021146.5942743,180958.973237,23.487240099988412,774,180958.8748673,4.557799984468147,93.78870000364259,1,0,0,4,1,0.0,1,estabilizada,1,1,1,,,,,,,,,,,,,nan,0.5414450853131689,-0.2502885639051499,1.5826377844059167
2026-08-18T02:45:46.594+00:00,1787021146.5942743,180958.9732798,23.48728289999417,774,180958.8748673,4.557799984468147,93.78870000364259,2,1,1,4,1,0.0,1,estabilizada,1,1,1,735.75,487.25,0.6090574860572815,0.4919789433479309,0.6052125658064647,0.4497683527055156,0.5923513158064646,0.4383238527055156,-1.5852803381413232,0.5917676904525906,0.4652947808632561,-1.5689452816656742,0.0,0.5414450853131689,-0.2502885639051499,1.5826377844059167
2026-08-18T02:45:46.594+00:00,1787021146.5942743,180958.9732917,23.48729479999747,774,180958.8748673,4.557799984468147,93.78870000364259,3,1,1,4,1,0.0,1,estabilizada,1,1,1,473.0,389.0,0.19755908846855164,0.6734662652015686,0.2171148832441916,0.6209350193038772,0.2042536332441916,0.6094905193038772,2.6201185727380865,0.20936854303569383,0.6061309759461908,2.6194245178353706,0.0,0.5414450853131689,-0.2502885639051499,1.5826377844059167
2026-08-18T02:45:46.594+00:00,1787021146.5942743,180958.9733019,23.487304999987828,774,180958.8748673,4.557799984468147,93.78870000364259,10,0,0,4,1,0.0,1,estabilizada,1,1,1,,,,,,,,,,,,,nan,0.5414450853131689,-0.2502885639051499,1.5826377844059167
2026-08-18T02:45:46.753+00:00,1787021146.753716,180959.1329328,23.646935900003882,778,180959.0152092,16.89480000641197,100.80409998772666,1,0,0,4,1,0.0,1,estabilizada,1,1,1,,,,,,,,,,,,,nan,0.5414410974093895,-0.2503070087017907,1.582623908794499
2026-08-18T02:45:46.753+00:00,1787021146.753716,180959.1329773,23.64698039999348,778,180959.0152092,16.89480000641197,100.80409998772666,2,1,1,4,1,0.0,1,estabilizada,1,1,1,736.25,492.25,0.6095066070556641,0.4835427701473236,0.6056358858855089,0.44181050531206745,0.5927746358855088,0.4303660053120675,-1.4586344482461358,0.5920618897914742,0.45472298828326657,-1.5579166944016494,0.0,0.5414410974093895,-0.2503070087017907,1.582623908794499
2026-08-18T02:45:46.753+00:00,1787021146.753716,180959.1329892,23.646992299996782,778,180959.0152092,16.89480000641197,100.80409998772666,3,1,1,4,1,0.0,1,estabilizada,1,1,1,472.5,389.25,0.19680243730545044,0.6730265021324158,0.2164012056780203,0.6205187550212422,0.2035399556780203,0.6090742550212422,2.6201187090972766,0.20936854303569383,0.6061309759461908,2.6194245178353706,0.0,0.5414410974093895,-0.2503070087017907,1.582623908794499
2026-08-18T02:45:46.753+00:00,1787021146.753716,180959.1330022,23.647005299979355,778,180959.0152092,16.89480000641197,100.80409998772666,10,0,0,4,1,0.0,1,estabilizada,1,1,1,,,,,,,,,,,,,nan,0.5414410974093895,-0.2503070087017907,1.582623908794499
2026-08-18T02:45:46.898+00:00,1787021146.8981624,180959.2777082,23.791711300000316,783,180959.1846409,7.099300011759624,85.94439999433234,1,0,0,4,1,0.0,1,estabilizada,1,1,1,,,,,,,,,,,,,nan,0.5414340539716038,-0.2503262208619858,1.5826084326611525
2026-08-18T02:45:46.898+00:00,1787021146.8981624,180959.2777522,23.791755299986107,783,180959.1846409,7.099300011759624,85.94439999433234,2,1,1,4,1,0.0,1,estabilizada,1,1,1,737.0,499.5,0.6101929545402527,0.47137248516082764,0.6062827636658285,0.4303308211575371,0.5934215136658285,0.41888632115753716,-1.4586232874736456,0.5934461837095405,0.4313653420534797,-1.4936807001852697,0.0,0.5414340539716038,-0.2503262208619858,1.5826084326611525
2026-08-18T02:45:46.898+00:00,1787021146.8981624,180959.2777649,23.7917679999955,783,180959.1846409,7.099300011759624,85.94439999433234,3,1,1,4,1,0.0,1,estabilizada,1,1,1,472.5,389.25,0.19680392742156982,0.6730255484580994,0.21640240216073736,0.6205162495539653,0.20354115216073737,0.6090717495539654,2.6056009706534384,0.20936854303569383,0.6061309759461908,2.6194245178353706,0.0,0.5414340539716038,-0.2503262208619858,1.5826084326611525
2026-08-18T02:45:46.898+00:00,1787021146.8981624,180959.277776,23.79177909999271,783,180959.1846409,7.099300011759624,85.94439999433234,10,0,0,4,1,0.0,1,estabilizada,1,1,1,,,,,,,,,,,,,nan,0.5414340539716038,-0.2503262208619858,1.5826084326611525
2026-08-18T02:45:47.053+00:00,1787021147.053298,180959.4323347,23.94633779997821,787,180959.3103791,27.512900007423013,94.41699998569675,1,0,0,4,1,0.0,1,estabilizada,1,1,1,,,,,,,,,,,,,nan,0.5414273795339185,-0.25034094309796434,1.5825956722750287
2026-08-18T02:45:47.053+00:00,1787021147.053298,180959.4323782,23.946381299989298,787,180959.3103791,27.512900007423013,94.41699998569675,2,1,1,4,1,0.0,1,estabilizada,1,1,1,737.75,504.5,0.6110206842422485,0.4630127251148224,0.607063010445033,0.42244530081063564,0.5942017604450329,0.41100080081063567,-1.4982001423073847,0.5941827504285392,0.42222286325553227,-1.4739173107451653,0.0,0.5414273795339185,-0.25034094309796434,1.5825956722750287
2026-08-18T02:45:47.053+00:00,1787021147.053298,180959.4323898,23.946392899990315,787,180959.3103791,27.512900007423013,94.41699998569675,3,1,1,4,1,0.0,1,estabilizada,1,1,1,472.75,389.0,0.19717013835906982,0.6734713912010193,0.21674756565052528,0.620935477231668,0.20388631565052528,0.609490977231668,2.6202561251929466,0.20936854303569383,0.6061309759461908,2.6194245178353706,0.0,0.5414273795339185,-0.25034094309796434,1.5825956722750287
2026-08-18T02:45:47.053+00:00,1787021147.053298,180959.4324032,23.946406299975934,787,180959.3103791,27.512900007423013,94.41699998569675,10,0,0,4,1,0.0,1,estabilizada,1,1,1,,,,,,,,,,,,,nan,0.5414273795339185,-0.25034094309796434,1.5825956722750287
2026-08-18T02:45:47.211+00:00,1787021147.211061,180959.5905565,24.104559600003995,792,180959.4744794,16.274499997962266,99.77699999581091,1,0,0,4,1,0.0,1,estabilizada,1,1,1,,,,,,,,,,,,,nan,0.5414201154164211,-0.2503566815071662,1.58258142279776
2026-08-18T02:45:47.211+00:00,1787021147.211061,180959.5906819,24.104684999998426,792,180959.4744794,16.274499997962266,99.77699999581091,2,1,1,4,1,0.0,1,estabilizada,1,1,1,739.25,512.25,0.6128116250038147,0.4501102566719055,0.6087516532574595,0.4102753239929487,0.5958904032574595,0.3988308239929487,-1.4981885300843245,0.594556343796823,0.4173997726019591,-1.4739173107451653,0.0,0.5414201154164211,-0.2503566815071662,1.58258142279776
2026-08-18T02:45:47.211+00:00,1787021147.211061,180959.5907062,24.10470929997973,792,180959.4744794,16.274499997962266,99.77699999581091,3,1,1,4,1,0.0,1,estabilizada,1,1,1,473.0,389.5,0.19762204587459564,0.6725530624389648,0.2171735367571715,0.6200680049508571,0.2043122867571715,0.6086235049508572,2.620255836687472,0.20936854303569383,0.6061309759461908,2.6194245178353706,0.0,0.5414201154164211,-0.2503566815071662,1.58258142279776
2026-08-18T02:45:47.211+00:00,1787021147.211061,180959.5907197,24.104722799995216,792,180959.4744794,16.274499997962266,99.77699999581091,10,0,0,4,1,0.0,1,estabilizada,1,1,1,,,,,,,,,,,,,nan,0.5414201154164211,-0.2503566815071662,1.58258142279776
2026-08-18T02:45:47.358+00:00,1787021147.3583553,180959.7377634,24.25176649997593,797,180959.6431375,7.004499988397583,87.59599999757484,1,0,0,4,1,0.0,1,estabilizada,1,1,1,,,,,,,,,,,,,nan,0.5414155786393682,-0.25037454035603085,1.5825659426949066
2026-08-18T02:45:47.358+00:00,1787021147.3583553,180959.7378075,24.251810599991586,797,180959.6431375,7.004499988397583,87.59599999757484,2,1,1,4,1,0.0,1,estabilizada,1,1,1,739.5,519.5,0.6127214431762695,0.43816161155700684,0.6086663023223011,0.39900478908258313,0.5958050523223011,0.38756028908258316,-1.5276898371674037,0.5951199895171766,0.4090220894115295,-1.4832565893976555,0.0,0.5414155786393682,-0.25037454035603085,1.5825659426949066
2026-08-18T02:45:47.358+00:00,1787021147.3583553,180959.7378237,24.251826799998526,797,180959.6431375,7.004499988397583,87.59599999757484,3,1,1,4,1,0.0,1,estabilizada,1,1,1,472.5,390.0,0.19689486920833588,0.6716597080230713,0.21648764762740902,0.6192239262869816,0.20362639762740903,0.6077794262869817,2.634165130080403,0.20936854303569383,0.6061309759461908,2.6194245178353706,0.0,0.5414155786393682,-0.25037454035603085,1.5825659426949066
2026-08-18T02:45:47.358+00:00,1787021147.3583553,180959.7378377,24.251840799988713,797,180959.6431375,7.004499988397583,87.59599999757484,10,0,0,4,1,0.0,1,estabilizada,1,1,1,,,,,,,,,,,,,nan,0.5414155786393682,-0.25037454035603085,1.5825659426949066
2026-08-18T02:45:47.513+00:00,1787021147.5133889,180959.8927404,24.40674350000336,801,180959.7755192,20.602200005669147,96.57379999407567,1,0,0,4,1,0.0,1,estabilizada,1,1,1,,,,,,,,,,,,,nan,0.5414076910875277,-0.2503882240633963,1.582554010692896
2026-08-18T02:45:47.513+00:00,1787021147.5133889,180959.8927959,24.406798999989405,801,180959.7755192,20.602200005669147,96.57379999407567,2,1,1,4,1,0.0,1,estabilizada,1,1,1,739.75,526.0,0.6126804947853088,0.42750898003578186,0.6086272035298705,0.3889569003236883,0.5957659535298705,0.3775124003236883,-1.5534023085308466,0.5954381427680447,0.3992350216142766,-1.5009456697711476,0.0,0.5414076910875277,-0.2503882240633963,1.582554010692896
2026-08-18T02:45:47.513+00:00,1787021147.5133889,180959.8928117,24.4068147999933,801,180959.7755192,20.602200005669147,96.57379999407567,3,1,1,4,1,0.0,1,estabilizada,1,1,1,472.5,388.75,0.1967536211013794,0.6739323139190674,0.21635413147206317,0.621366115320892,0.20349288147206318,0.6099216153208921,2.6874250997649622,0.20936854303569383,0.6061309759461908,2.6194245178353706,0.0,0.5414076910875277,-0.2503882240633963,1.582554010692896
2026-08-18T02:45:47.513+00:00,1787021147.5133889,180959.8928437,24.406846800004132,801,180959.7755192,20.602200005669147,96.57379999407567,10,0,0,4,1,0.0,1,estabilizada,1,1,1,,,,,,,,,,,,,nan,0.5414076910875277,-0.2503882240633963,1.582554010692896
2026-08-18T02:45:47.688+00:00,1787021147.6888015,180960.068331,24.582334099977743,806,180959.9413094,21.212499996181577,105.78470001928508,1,0,0,4,1,0.0,1,estabilizada,1,1,1,,,,,,,,,,,,,nan,0.541400920394249,-0.2504038537030755,1.5825402729794045
2026-08-18T02:45:47.688+00:00,1787021147.6888015,180960.0683778,24.582380899984855,806,180959.9413094,21.212499996181577,105.78470001928508,2,1,1,4,1,0.0,1,estabilizada,1,1,1,740.25,532.75,0.6130020022392273,0.41649773716926575,0.6089300064258658,0.37857064981273947,0.5960687564258658,0.3671261498127395,-1.557386735546388,0.5954242942683129,0.3792922066621153,-1.527818542885298,0.0,0.541400920394249,-0.2504038537030755,1.5825402729794045
2026-08-18T02:45:47.688+00:00,1787021147.6888015,180960.0683916,24.582394700002624,806,180959.9413094,21.212499996181577,105.78470001928508,3,1,1,4,1,0.0,1,estabilizada,1,1,1,472.5,389.0,0.19678404927253723,0.6734769940376282,0.2163826142699145,0.6209353445666036,0.20352136426991452,0.6094908445666036,2.6202527133595273,0.20936854303569383,0.6061309759461908,2.6194245178353706,0.0,0.541400920394249,-0.2504038537030755,1.5825402729794045
2026-08-18T02:45:47.688+00:00,1787021147.6888015,180960.068414,24.582417099998565,806,180959.9413094,21.212499996181577,105.78470001928508,10,0,0,4,1,0.0,1,estabilizada,1,1,1,,,,,,,,,,,,,nan,0.541400920394249,-0.2504038537030755,1.5825402729794045
2026-08-18T02:45:47.844+00:00,1787021147.844202,180960.2234992,24.737502299976768,811,180960.1079208,21.32610001717694,94.22759999870323,1,0,0,4,1,0.0,1,estabilizada,1,1,1,,,,,,,,,,,,,nan,0.5413926122665228,-0.250421704105782,1.5825249515381765
2026-08-18T02:45:47.844+00:00,1787021147.844202,180960.2235461,24.73754919998464,811,180960.1079208,21.32610001717694,94.22759999870323,2,1,1,4,1,0.0,1,estabilizada,1,1,1,740.5,540.5,0.6128799319267273,0.4039442837238312,0.6088143664750326,0.3667297432216907,0.5959531164750327,0.35528524322169075,-1.5571881004963366,0.5954533784526819,0.3695160669914948,-1.527818542885298,0.0,0.5413926122665228,-0.250421704105782,1.5825249515381765
2026-08-18T02:45:47.844+00:00,1787021147.844202,180960.2235613,24.737564399983967,811,180960.1079208,21.32610001717694,94.22759999870323,3,1,1,4,1,0.0,1,estabilizada,1,1,1,473.0,389.0,0.19757257401943207,0.6734605431556702,0.21712601196817438,0.6209183054028237,0.2042647619681744,0.6094738054028237,2.6201111883060917,0.20936854303569383,0.6061309759461908,2.6194245178353706,0.0,0.5413926122665228,-0.250421704105782,1.5825249515381765
2026-08-18T02:45:47.844+00:00,1787021147.844202,180960.2235754,24.73757850000402,811,180960.1079208,21.32610001717694,94.22759999870323,10,0,0,4,1,0.0,1,estabilizada,1,1,1,,,,,,,,,,,,,nan,0.5413926122665228,-0.250421704105782,1.5825249515381765
2026-08-18T02:45:47.993+00:00,1787021147.993955,180960.3736247,24.887627799995244,816,180960.2753082,6.626699992921203,91.66499998536892,1,0,0,4,1,0.0,1,estabilizada,1,1,1,,,,,,,,,,,,,nan,0.5413835311945709,-0.25044301412784437,1.5825071768138685
2026-08-18T02:45:47.993+00:00,1787021147.993955,180960.3736683,24.88767139997799,816,180960.2753082,6.626699992921203,91.66499998536892,2,1,1,4,1,0.0,1,estabilizada,1,1,1,739.75,548.0,0.6112706661224365,0.3919137120246887,0.6072960603603499,0.3553817416167418,0.5944348103603498,0.34393724161674183,-1.580107314114676,0.5957402108915569,0.35855124093426627,-1.5357652555571155,0.0,0.5413835311945709,-0.25044301412784437,1.5825071768138685
2026-08-18T02:45:47.993+00:00,1787021147.993955,180960.3736804,24.887683499982813,816,180960.2753082,6.626699992921203,91.66499998536892,3,1,1,4,1,0.0,1,estabilizada,1,1,1,472.75,388.5,0.19712460041046143,0.6743777990341187,0.21670321858327118,0.6217815932133304,0.2038419685832712,0.6103370932133304,2.6201101910315554,0.20936854303569383,0.6061309759461908,2.6194245178353706,0.0,0.5413835311945709,-0.25044301412784437,1.5825071768138685
2026-08-18T02:45:47.993+00:00,1787021147.993955,180960.3736946,24.887697700003628,816,180960.2753082,6.626699992921203,91.66499998536892,10,0,0,4,1,0.0,1,estabilizada,1,1,1,,,,,,,,,,,,,nan,0.5413835311945709,-0.25044301412784437,1.5825071768138685
2026-08-18T02:45:48.154+00:00,1787021148.1540647,180960.5368893,25.05089240000234,820,180960.4105399,23.89679997577332,102.41190000670031,1,0,0,4,1,0.0,1,estabilizada,1,1,1,,,,,,,,,,,,,nan,0.5413734459972946,-0.2504666285555136,1.582488115279089
2026-08-18T02:45:48.154+00:00,1787021148.1540647,180960.5369327,25.050935799983563,820,180960.4105399,23.89679997577332,102.41190000670031,2,1,1,4,1,0.0,1,estabilizada,1,1,1,741.5,553.0,0.6135807633399963,0.3838394582271576,0.6094741552093583,0.34776490748693134,0.5966129052093583,0.33632040748693137,-1.557640598619079,0.5959467742051204,0.3524677599185954,-1.5441991618511741,0.0,0.5413734459972946,-0.2504666285555136,1.582488115279089
2026-08-18T02:45:48.154+00:00,1787021148.1540647,180960.5369469,25.050950000004377,820,180960.4105399,23.89679997577332,102.41190000670031,3,1,1,4,1,0.0,1,estabilizada,1,1,1,472.5,388.5,0.19673390686511993,0.6743851900100708,0.21633440700311019,0.621786587298781,0.2034731570031102,0.610342087298781,2.6201075040271724,0.20936854303569383,0.6061309759461908,2.6194245178353706,0.0,0.5413734459972946,-0.2504666285555136,1.582488115279089
2026-08-18T02:45:48.154+00:00,1787021148.1540647,180960.5369766,25.050979699997697,820,180960.4105399,23.89679997577332,102.41190000670031,10,0,0,4,1,0.0,1,estabilizada,1,1,1,,,,,,,,,,,,,nan,0.5413734459972946,-0.2504666285555136,1.582488115279089
2026-08-18T02:45:48.313+00:00,1787021148.3136892,180960.6927759,25.206779000000097,825,180960.5754956,18.848200008505955,98.40809999150224,1,0,0,4,1,0.0,1,estabilizada,1,1,1,,,,,,,,,,,,,nan,0.5413646613992479,-0.25048973942517205,1.582469671332536
2026-08-18T02:45:48.313+00:00,1787021148.3136892,180960.6928206,25.20682369999122,825,180960.5754956,18.848200008505955,98.40809999150224,2,1,1,4,1,0.0,1,estabilizada,1,1,1,742.5,561.0,0.6145640015602112,0.37106481194496155,0.6104009261257611,0.3357150604541749,0.5975396761257612,0.3242705604541749,-1.5273278987314691,0.5962272627829677,0.34518313789103017,-1.5441991618511741,0.0,0.5413646613992479,-0.25048973942517205,1.582469671332536
2026-08-18T02:45:48.313+00:00,1787021148.3136892,180960.6928324,25.20683549999376,825,180960.5754956,18.848200008505955,98.40809999150224,3,1,1,4,1,0.0,1,estabilizada,1,1,1,472.5,389.0,0.1967935413122177,0.6734746694564819,0.2163903786921842,0.6209259234641965,0.2035291286921842,0.6094814234641965,2.6202447807642284,0.20936854303569383,0.6061309759461908,2.6194245178353706,0.0,0.5413646613992479,-0.25048973942517205,1.582469671332536
2026-08-18T02:45:48.313+00:00,1787021148.3136892,180960.6928445,25.206847599998582,825,180960.5754956,18.848200008505955,98.40809999150224,10,0,0,4,1,0.0,1,estabilizada,1,1,1,,,,,,,,,,,,,nan,0.5413646613992479,-0.25048973942517205,1.582469671332536
2026-08-18T02:45:48.470+00:00,1787021148.4709578,180960.8507614,25.36476450000191,830,180960.7411615,13.15830001840368,96.41609998652712,1,0,0,4,1,0.0,1,estabilizada,1,1,1,,,,,,,,,,,,,nan,0.5413561712086277,-0.25051319603077193,1.5824508284816516
2026-08-18T02:45:48.470+00:00,1787021148.4709578,180960.8508253,25.364828399993712,830,180960.7411615,13.15830001840368,96.41609998652712,2,1,1,4,1,0.0,1,estabilizada,1,1,1,742.25,567.5,0.6137729287147522,0.3607921004295349,0.6096543121623474,0.3260248421418215,0.5967930621623474,0.3145803421418215,-1.5299355328613746,0.596511340492201,0.3300307417162292,-1.5441991618511741,0.0,0.5413561712086277,-0.25051319603077193,1.5824508284816516
2026-08-18T02:45:48.470+00:00,1787021148.4709578,180960.8508463,25.364849399978993,830,180960.7411615,13.15830001840368,96.41609998652712,3,1,1,4,1,0.0,1,estabilizada,1,1,1,472.5,388.75,0.19676750898361206,0.6739289164543152,0.21636557739879825,0.6213523759222549,0.20350432739879826,0.6099078759222549,2.649345992014094,0.20936854303569383,0.6061309759461908,2.6194245178353706,0.0,0.5413561712086277,-0.25051319603077193,1.5824508284816516
2026-08-18T02:45:48.470+00:00,1787021148.4709578,180960.8508661,25.36486919998424,830,180960.7411615,13.15830001840368,96.41609998652712,10,0,0,4,1,0.0,1,estabilizada,1,1,1,,,,,,,,,,,,,nan,0.5413561712086277,-0.25051319603077193,1.5824508284816516
2026-08-18T02:45:48.627+00:00,1787021148.6270738,180961.006059,25.52006209999672,834,180960.8745397,32.06800000043586,99.42589999991469,1,0,0,4,1,0.0,1,estabilizada,1,1,1,,,,,,,,,,,,,nan,0.5413484167910818,-0.25053456130307894,1.5824322708552998
2026-08-18T02:45:48.627+00:00,1787021148.6270738,180961.0061158,25.520118899992667,834,180960.8745397,32.06800000043586,99.42589999991469,2,1,1,4,1,0.0,1,estabilizada,1,1,1,742.5,574.0,0.61372971534729,0.3505529463291168,0.6096130672037725,0.3163664116614069,0.5967518172037725,0.3049219116614069,-1.5323846135571848,0.596659121704313,0.31858905483746086,-1.5441991618511741,0.0,0.5413484167910818,-0.25053456130307894,1.5824322708552998
2026-08-18T02:45:48.627+00:00,1787021148.6270738,180961.0061433,25.52014639999834,834,180960.8745397,32.06800000043586,99.42589999991469,3,1,1,4,1,0.0,1,estabilizada,1,1,1,472.5,389.0,0.19679854810237885,0.6734737753868103,0.21639463998770342,0.6209212890442877,0.20353338998770343,0.6094767890442877,2.716048672589221,0.20936854303569383,0.6061309759461908,2.6194245178353706,0.0,0.5413484167910818,-0.25053456130307894,1.5824322708552998
2026-08-18T02:45:48.627+00:00,1787021148.6270738,180961.0061541,25.520157199993264,834,180960.8745397,32.06800000043586,99.42589999991469,10,0,0,4,1,0.0,1,estabilizada,1,1,1,,,,,,,,,,,,,nan,0.5413484167910818,-0.25053456130307894,1.5824322708552998
2026-08-18T02:45:48.796+00:00,1787021148.796964,180961.1757707,25.689773799997056,839,180961.0466845,34.75510000134818,94.30939998128451,1,0,0,4,1,0.0,1,estabilizada,1,1,1,,,,,,,,,,,,,nan,0.5413422458478084,-0.2505531950516199,1.5824149630886872
2026-08-18T02:45:48.796+00:00,1787021148.796964,180961.1758196,25.689822699991055,839,180961.0466845,34.75510000134818,94.30939998128451,2,1,1,4,1,0.0,1,estabilizada,1,1,1,743.0,581.5,0.6139935255050659,0.33879685401916504,0.6098614771349022,0.3052775144946954,0.5970002271349022,0.29383301449469545,-1.5037070071855752,0.5967619831843687,0.31298763268413454,-1.5441991618511741,0.0,0.5413422458478084,-0.2505531950516199,1.5824149630886872
2026-08-18T02:45:48.796+00:00,1787021148.796964,180961.1758324,25.68983550000121,839,180961.0466845,34.75510000134818,94.30939998128451,3,1,1,4,1,0.0,1,estabilizada,1,1,1,472.75,388.5,0.1971367597579956,0.674375593662262,0.21671347918411682,0.6217701817279816,0.20385222918411683,0.6103256817279816,2.6201002716543442,0.20936854303569383,0.6061309759461908,2.6281937831388804,0.0,0.5413422458478084,-0.2505531950516199,1.5824149630886872
2026-08-18T02:45:48.796+00:00,1787021148.796964,180961.1758582,25.689861299993936,839,180961.0466845,34.75510000134818,94.30939998128451,10,0,0,4,1,0.0,1,estabilizada,1,1,1,,,,,,,,,,,,,nan,0.5413422458478084,-0.2505531950516199,1.5824149630886872
2026-08-18T02:45:48.943+00:00,1787021148.943703,180961.324959,25.838962099980563,844,180961.2091322,31.23059999779798,84.57400000770576,1,0,0,4,1,0.0,1,estabilizada,1,1,1,,,,,,,,,,,,,nan,0.5413388174088668,-0.25057335114422086,1.582396987216714
2026-08-18T02:45:48.943+00:00,1787021148.943703,180961.3250888,25.839091899979394,844,180961.2091322,31.23059999779798,84.57400000770576,2,1,1,4,1,0.0,1,estabilizada,1,1,1,743.5,589.25,0.6142398118972778,0.3267245888710022,0.6100935138715862,0.29389034119415514,0.5972322638715861,0.28244584119415517,-1.4705553388161667,0.5969698477791932,0.2983587439938228,-1.5339503499071003,0.0,0.5413388174088668,-0.25057335114422086,1.582396987216714
2026-08-18T02:45:48.943+00:00,1787021148.943703,180961.3251216,25.83912469999632,844,180961.2091322,31.23059999779798,84.57400000770576,3,1,1,4,1,0.0,1,estabilizada,1,1,1,472.0,389.75,0.19610260426998138,0.6721261143684387,0.21573816944958346,0.6196468992492263,0.20287691944958347,0.6082023992492264,2.6493391406413673,0.20936854303569383,0.6061309759461908,2.6281937831388804,0.0,0.5413388174088668,-0.25057335114422086,1.582396987216714
2026-08-18T02:45:48.943+00:00,1787021148.943703,180961.3251377,25.839140800002497,844,180961.2091322,31.23059999779798,84.57400000770576,10,0,0,4,1,0.0,1,estabilizada,1,1,1,,,,,,,,,,,,,nan,0.5413388174088668,-0.25057335114422086,1.582396987216714
2026-08-18T02:45:49.093+00:00,1787021149.0932233,180961.4727876,25.98679070000071,849,180961.3748823,10.620899993227795,87.262599990936,1,0,0,4,1,0.0,1,estabilizada,1,1,1,,,,,,,,,,,,,nan,0.5413320239987255,-0.25058775306609893,1.5823823422519445
2026-08-18T02:45:49.093+00:00,1787021149.0932233,180961.4728292,25.98683229999733,849,180961.3748823,10.620899993227795,87.262599990936,2,1,1,4,1,0.0,1,estabilizada,1,1,1,744.25,597.0,0.614853024482727,0.3147169053554535,0.6106714244566908,0.2825644868789339,0.5978101744566908,0.2711199868789339,-1.5296660087027962,0.597284996433416,0.2862508611646576,-1.51502692446994,0.0,0.5413320239987255,-0.25058775306609893,1.5823823422519445
2026-08-18T02:45:49.093+00:00,1787021149.0932233,180961.4728409,25.98684399999911,849,180961.3748823,10.620899993227795,87.262599990936,3,1,1,4,1,0.0,1,estabilizada,1,1,1,472.5,389.0,0.19680513441562653,0.6734744310379028,0.21640053764690326,0.620917223877082,0.20353928764690327,0.6094727238770821,2.7160433719581905,0.20936854303569383,0.6061309759461908,2.6281937831388804,0.0,0.5413320239987255,-0.25058775306609893,1.5823823422519445
2026-08-18T02:45:49.093+00:00,1787021149.0932233,180961.472851,25.986854099988705,849,180961.3748823,10.620899993227795,87.262599990936,10,0,0,4,1,0.0,1,estabilizada,1,1,1,,,,,,,,,,,,,nan,0.5413320239987255,-0.25058775306609893,1.5823823422519445
2026-08-18T02:45:49.237+00:00,1787021149.2370472,180961.616309,26.130312099994626,853,180961.5079011,23.783499986166134,84.60150001337752,1,0,0,4,1,0.0,1,estabilizada,1,1,1,,,,,,,,,,,,,nan,0.5413223802080661,-0.2506001708149459,1.5823682543974633
2026-08-18T02:45:49.237+00:00,1787021149.2370472,180961.6163518,26.130354900000384,853,180961.5079011,23.783499986166134,84.60150001337752,2,1,1,4,1,0.0,1,estabilizada,1,1,1,744.75,602.0,0.61527019739151,0.30700910091400146,0.611064284180085,0.2752940849459171,0.598203034180085,0.26384958494591715,-1.5035518013013218,0.5974229336450299,0.28258000845276526,-1.51502692446994,0.0,0.5413223802080661,-0.2506001708149459,1.5823682543974633
2026-08-18T02:45:49.237+00:00,1787021149.2370472,180961.6163634,26.1303665000014,853,180961.5079011,23.783499986166134,84.60150001337752,3,1,1,4,1,0.0,1,estabilizada,1,1,1,472.75,389.5,0.19725778698921204,0.6725573539733887,0.2168270707533685,0.6200511329972941,0.2039658207533685,0.6086066329972941,2.7160418915918183,0.20936854303569383,0.6061309759461908,2.6281937831388804,0.0,0.5413223802080661,-0.2506001708149459,1.5823682543974633
2026-08-18T02:45:49.237+00:00,1787021149.2370472,180961.6163738,26.13037689999328,853,180961.5079011,23.783499986166134,84.60150001337752,10,0,0,4,1,0.0,1,estabilizada,1,1,1,,,,,,,,,,,,,nan,0.5413223802080661,-0.2506001708149459,1.5823682543974633
2026-08-18T02:45:49.380+00:00,1787021149.3806412,180961.7606161,26.27461919997586,858,180961.6743741,2.6889000146184117,83.5293999989517,1,0,0,4,1,0.0,1,estabilizada,1,1,1,,,,,,,,,,,,,nan,0.5413113836847491,-0.25061011983404835,1.582356143775784
2026-08-18T02:45:49.380+00:00,1787021149.3806412,180961.7606602,26.274663299991516,858,180961.6743741,2.6889000146184117,83.5293999989517,2,1,1,4,1,0.0,1,estabilizada,1,1,1,745.0,609.5,0.6151593327522278,0.2955276072025299,0.6109590675703239,0.26446481793942145,0.598097817570324,0.2530203179394215,-1.5323244676049255,0.5978805533107974,0.26931401786237774,-1.51502692446994,0.0,0.5413113836847491,-0.25061011983404835,1.582356143775784
2026-08-18T02:45:49.381+00:00,1787021149.3818948,180961.7606921,26.274695200001588,858,180961.6743741,2.6889000146184117,83.5293999989517,3,1,1,4,1,0.0,1,estabilizada,1,1,1,472.5,389.25,0.1968386471271515,0.6730207204818726,0.21643129471924555,0.6204871767816044,0.20357004471924556,0.6090426767816044,2.620229881859539,0.20936854303569383,0.6061309759461908,2.6281937831388804,0.0,0.5413113836847491,-0.25061011983404835,1.582356143775784
2026-08-18T02:45:49.381+00:00,1787021149.3818948,180961.7607059,26.274708999990253,858,180961.6743741,2.6889000146184117,83.5293999989517,10,0,0,4,1,0.0,1,estabilizada,1,1,1,,,,,,,,,,,,,nan,0.5413113836847491,-0.25061011983404835,1.582356143775784
2026-08-18T02:45:49.521+00:00,1787021149.5217736,180961.9011776,26.415180699987104,862,180961.8068497,9.542100015096366,84.7615999809932,1,0,0,4,1,0.0,1,estabilizada,1,1,1,,,,,,,,,,,,,nan,0.5413021437193468,-0.25061891411266995,1.5823454269986872
2026-08-18T02:45:49.521+00:00,1787021149.5217736,180961.9012195,26.41522259998601,862,180961.8068497,9.542100015096366,84.7615999809932,2,1,1,4,1,0.0,1,estabilizada,1,1,1,745.75,616.25,0.6158281564712524,0.2852296829223633,0.6115892962115217,0.2547519042336566,0.5987280462115216,0.24330740423365665,-1.4827988131685497,0.5982460664689387,0.261978843780869,-1.51502692446994,0.0,0.5413021437193468,-0.25061891411266995,1.5823454269986872
2026-08-18T02:45:49.521+00:00,1787021149.5217736,180961.9012337,26.41523679997772,862,180961.8068497,9.542100015096366,84.7615999809932,3,1,1,4,1,0.0,1,estabilizada,1,1,1,472.75,389.5,0.19726277887821198,0.6725590229034424,0.21683091002542437,0.6200508834581613,0.20396966002542438,0.6086063834581613,2.7160379391583835,0.20936854303569383,0.6061309759461908,2.6281937831388804,0.0,0.5413021437193468,-0.25061891411266995,1.5823454269986872
2026-08-18T02:45:49.521+00:00,1787021149.5217736,180961.9012471,26.415250199992443,862,180961.8068497,9.542100015096366,84.7615999809932,10,0,0,4,1,0.0,1,estabilizada,1,1,1,,,,,,,,,,,,,nan,0.5413021437193468,-0.25061891411266995,1.5823454269986872
2026-08-18T02:45:49.681+00:00,1787021149.681271,180962.0603562,26.574359299993375,866,180961.9459865,15.984700003173202,98.35339998244308,1,0,0,4,1,0.0,1,estabilizada,1,1,1,,,,,,,,,,,,,nan,0.5412973270837572,-0.25062636794138765,1.5823358307468973
2026-08-18T02:45:49.681+00:00,1787021149.681271,180962.0604794,26.57448250000016,866,180961.9459865,15.984700003173202,98.35339998244308,2,1,1,4,1,0.0,1,estabilizada,1,1,1,746.75,622.5,0.616890013217926,0.2757302522659302,0.6125904570681648,0.24579217281518673,0.5997292070681648,0.23434767281518676,-1.5067471936442773,0.5985232570894756,0.24853717387247043,-1.51502692446994,0.0,0.5412973270837572,-0.25062636794138765,1.5823358307468973
2026-08-18T02:45:49.681+00:00,1787021149.681271,180962.0606379,26.574640999984695,866,180961.9459865,15.984700003173202,98.35339998244308,3,1,1,4,1,0.0,1,estabilizada,1,1,1,472.75,389.75,0.19729354977607727,0.6721059083938599,0.21685977545086166,0.6196227987679008,0.20399852545086167,0.6081782987679009,2.6202239281441013,0.20936854303569383,0.6061309759461908,2.6281937831388804,0.0,0.5412973270837572,-0.25062636794138765,1.5823358307468973
2026-08-18T02:45:49.681+00:00,1787021149.681271,180962.0606756,26.574678699980723,866,180961.9459865,15.984700003173202,98.35339998244308,10,0,0,4,1,0.0,1,estabilizada,1,1,1,,,,,,,,,,,,,nan,0.5412973270837572,-0.25062636794138765,1.5823358307468973
2026-08-18T02:45:49.825+00:00,1787021149.8250847,180962.2041209,26.71812399997725,871,180962.1077293,13.805299997329712,82.54789997590706,1,0,0,4,1,0.0,1,estabilizada,1,1,1,,,,,,,,,,,,,nan,0.5412954416945587,-0.2506332124231508,1.5823264420112744
2026-08-18T02:45:49.825+00:00,1787021149.8254,180962.2041911,26.71819419998792,871,180962.1077293,13.805299997329712,82.54789997590706,2,1,1,4,1,0.0,1,estabilizada,1,1,1,746.75,629.75,0.6164268851280212,0.2648228108882904,0.6121535381564465,0.23550456095810357,0.5992922881564464,0.2240600609581036,-1.5349333001400605,0.5990024660994235,0.23211171464295532,-1.51502692446994,0.0,0.5412954416945587,-0.2506332124231508,1.5823264420112744
2026-08-18T02:45:49.825+00:00,1787021149.8254,180962.2042278,26.718230899976334,871,180962.1077293,13.805299997329712,82.54789997590706,3,1,1,4,1,0.0,1,estabilizada,1,1,1,472.75,389.5,0.19726702570915222,0.672562301158905,0.216834768885668,0.6200525319884085,0.203973518885668,0.6086080319884085,2.5920690818850067,0.20936854303569383,0.6061309759461908,2.6281937831388804,0.0,0.5412954416945587,-0.2506332124231508,1.5823264420112744
2026-08-18T02:45:49.825+00:00,1787021149.8254,180962.2042654,26.718268500000704,871,180962.1077293,13.805299997329712,82.54789997590706,10,0,0,4,1,0.0,1,estabilizada,1,1,1,,,,,,,,,,,,,nan,0.5412954416945587,-0.2506332124231508,1.5823264420112744
2026-08-18T02:45:49.972+00:00,1787021149.972048,180962.3515103,26.865513400000054,875,180962.2444397,23.34869999322109,83.69910001056269,1,0,0,4,1,0.0,1,estabilizada,1,1,1,,,,,,,,,,,,,nan,0.5412912447961027,-0.25063983532608813,1.5823173938590742
2026-08-18T02:45:49.972+00:00,1787021149.972048,180962.351551,26.865554099989822,875,180962.2444397,23.34869999322109,83.69910001056269,2,1,1,4,1,0.0,1,estabilizada,1,1,1,746.5,634.0,0.6157933473587036,0.25846993923187256,0.6115557719792907,0.22951248740328112,0.5986945219792907,0.21806798740328115,-1.534800335155124,0.5989163374266699,0.23036221913976135,-1.51502692446994,0.0,0.5412912447961027,-0.25063983532608813,1.5823173938590742
2026-08-18T02:45:49.972+00:00,1787021149.972048,180962.351563,26.865566099993885,875,180962.2444397,23.34869999322109,83.69910001056269,3,1,1,4,1,0.0,1,estabilizada,1,1,1,472.25,389.75,0.19651149213314056,0.6721252799034119,0.21612208218295853,0.6196396909229929,0.20326083218295854,0.6081951909229929,2.5920653601820045,0.20936854303569383,0.6061309759461908,2.6281937831388804,0.0,0.5412912447961027,-0.25063983532608813,1.5823173938590742
2026-08-18T02:45:49.972+00:00,1787021149.972048,180962.3515755,26.865578600001754,875,180962.2444397,23.34869999322109,83.69910001056269,10,0,0,4,1,0.0,1,estabilizada,1,1,1,,,,,,,,,,,,,nan,0.5412912447961027,-0.25063983532608813,1.5823173938590742
2026-08-18T02:45:50.111+00:00,1787021150.1119432,180962.4908581,27.004861199995503,879,180962.3806553,26.056300004711375,84.1233000101056,1,0,0,4,1,0.0,1,estabilizada,1,1,1,,,,,,,,,,,,,nan,0.5412868544357168,-0.250644823485888,1.5823104388684455
2026-08-18T02:45:50.111+00:00,1787021150.1119432,180962.4909006,27.004903699998977,879,180962.3806553,26.056300004711375,84.1233000101056,2,1,1,4,1,0.0,1,estabilizada,1,1,1,746.5,639.25,0.6154614090919495,0.2506377398967743,0.6112424456350471,0.22212536356643608,0.5983811956350471,0.21068086356643612,-1.566566798048889,0.5988357886501736,0.22745311601669674,-1.51502692446994,0.0,0.5412868544357168,-0.250644823485888,1.5823104388684455
2026-08-18T02:45:50.111+00:00,1787021150.1119432,180962.4909132,27.004916299978504,879,180962.3806553,26.056300004711375,84.1233000101056,3,1,1,4,1,0.0,1,estabilizada,1,1,1,472.5,388.75,0.196791872382164,0.6739376187324524,0.21638635120453215,0.6213484315820735,0.20352510120453216,0.6099039315820736,2.620075046552224,0.20936854303569383,0.6061309759461908,2.6281937831388804,0.0,0.5412868544357168,-0.250644823485888,1.5823104388684455
2026-08-18T02:45:50.111+00:00,1787021150.1119432,180962.4909265,27.004929599992465,879,180962.3806553,26.056300004711375,84.1233000101056,10,0,0,4,1,0.0,1,estabilizada,1,1,1,,,,,,,,,,,,,nan,0.5412868544357168,-0.250644823485888,1.5823104388684455
2026-08-18T02:45:50.260+00:00,1787021150.260763,180962.6402444,27.154247500002384,884,180962.5410199,10.855900007300079,88.3456000010483,1,0,0,4,1,0.0,1,estabilizada,1,1,1,,,,,,,,,,,,,nan,0.5412828775730908,-0.25064983101611527,1.5823042850428652
2026-08-18T02:45:50.261+00:00,1787021150.2616444,180962.6404641,27.154467199987266,884,180962.5410199,10.855900007300079,88.3456000010483,2,1,1,4,1,0.0,1,estabilizada,1,1,1,747.0,640.25,0.6161226630210876,0.24912692606449127,0.6118658454456127,0.22070008771080757,0.5990045954456127,0.2092555877108076,-1.5649914967853937,0.5986466980572203,0.22171810954099763,-1.5235397260135584,0.0,0.5412828775730908,-0.25064983101611527,1.5823042850428652
2026-08-18T02:45:50.261+00:00,1787021150.2616444,180962.6404947,27.15449779998744,884,180962.5410199,10.855900007300079,88.3456000010483,3,1,1,4,1,0.0,1,estabilizada,1,1,1,472.5,389.25,0.1968504786491394,0.6730292439460754,0.21644147400709984,0.6204912349598044,0.20358022400709985,0.6090467349598044,2.620073487624927,0.20936854303569383,0.6061309759461908,2.6281937831388804,0.0,0.5412828775730908,-0.25064983101611527,1.5823042850428652
2026-08-18T02:45:50.261+00:00,1787021150.2616444,180962.6405101,27.154513199988287,884,180962.5410199,10.855900007300079,88.3456000010483,10,0,0,4,1,0.0,1,estabilizada,1,1,1,,,,,,,,,,,,,nan,0.5412828775730908,-0.25064983101611527,1.5823042850428652
2026-08-18T02:45:50.403+00:00,1787021150.403486,180962.7827408,27.29674389999127,888,180962.6796476,18.27580001554452,84.79329998954199,1,0,0,4,1,0.0,1,estabilizada,1,1,1,,,,,,,,,,,,,nan,0.5412777131652879,-0.2506533598609956,1.5822998711530794
2026-08-18T02:45:50.403+00:00,1787021150.403486,180962.7827823,27.29678539998713,888,180962.6796476,18.27580001554452,84.79329998954199,2,1,1,4,1,0.0,1,estabilizada,1,1,1,746.7958374023438,640.2940673828125,0.6158233880996704,0.24907127022743225,0.6115832874294951,0.22064731751916117,0.598722037429495,0.2092028175191612,-1.5793810677883289,0.5986580629143508,0.21875652098964868,-1.5320332703055908,0.0,0.5412777131652879,-0.2506533598609956,1.5822998711530794
2026-08-18T02:45:50.403+00:00,1787021150.403486,180962.782794,27.296797099988908,888,180962.6796476,18.27580001554452,84.79329998954199,3,1,1,4,1,0.0,1,estabilizada,1,1,1,472.25,389.25,0.19645844399929047,0.6730382442474365,0.21607149888902155,0.6204993760560503,0.20321024888902156,0.6090548760560504,2.59205872296714,0.20936854303569383,0.6061309759461908,2.6281937831388804,0.0,0.5412777131652879,-0.2506533598609956,1.5822998711530794
2026-08-18T02:45:50.403+00:00,1787021150.403486,180962.782807,27.296810100000584,888,180962.6796476,18.27580001554452,84.79329998954199,10,0,0,4,1,0.0,1,estabilizada,1,1,1,,,,,,,,,,,,,nan,0.5412777131652879,-0.2506533598609956,1.5822998711530794
2026-08-18T02:45:50.551+00:00,1787021150.5512671,180962.9301182,27.444121299980907,893,180962.8399802,3.544900013366714,86.57049998873845,1,0,0,4,1,0.0,1,estabilizada,1,1,1,,,,,,,,,,,,,nan,0.5412698340642917,-0.2506552300469443,1.5822965995039286
2026-08-18T02:45:50.551+00:00,1787021150.5512671,180962.9301666,27.444169700000202,893,180962.8399802,3.544900013366714,86.57049998873845,2,1,1,4,1,0.0,1,estabilizada,1,1,1,746.0,642.25,0.6145472526550293,0.24620111286640167,0.6103792808125605,0.21794024769344955,0.5975180308125605,0.20649574769344958,-1.647928257861568,0.598595988043995,0.21661453835508362,-1.5562940774881033,0.0,0.5412698340642917,-0.2506552300469443,1.5822965995039286
2026-08-18T02:45:50.551+00:00,1787021150.5512671,180962.9301811,27.444184199994197,893,180962.8399802,3.544900013366714,86.57049998873845,3,1,1,4,1,0.0,1,estabilizada,1,1,1,472.5,388.75,0.19679546356201172,0.6739405989646912,0.21638894139349096,0.6213501904173075,0.20352769139349097,0.6099056904173076,2.6873883639021785,0.20936854303569383,0.6061309759461908,2.6281937831388804,0.0,0.5412698340642917,-0.2506552300469443,1.5822965995039286
2026-08-18T02:45:50.551+00:00,1787021150.5512671,180962.9301937,27.44419680000283,893,180962.8399802,3.544900013366714,86.57049998873845,10,0,0,4,1,0.0,1,estabilizada,1,1,1,,,,,,,,,,,,,nan,0.5412698340642917,-0.2506552300469443,1.5822965995039286
2026-08-18T02:45:50.706+00:00,1787021150.7069652,180963.0865849,27.600588000001153,897,180962.975479,13.986000005388632,97.09600001224317,1,0,0,4,1,0.0,1,estabilizada,1,1,1,,,,,,,,,,,,,nan,0.5412634797381571,-0.25065476516486285,1.5822948590892865
2026-08-18T02:45:50.706+00:00,1787021150.7069652,180963.0866303,27.600633399997605,897,180962.975479,13.986000005388632,97.09600001224317,2,1,1,4,1,0.0,1,estabilizada,1,1,1,745.75,642.25,0.6141846179962158,0.24621330201625824,0.6100369065848278,0.21795173888886543,0.5971756565848279,0.20650723888886546,-1.6487548031032633,0.5983662853841796,0.2145995640321915,-1.5840965460009535,0.0,0.5412634797381571,-0.25065476516486285,1.5822948590892865
2026-08-18T02:45:50.706+00:00,1787021150.7069652,180963.0866425,27.60064560000319,897,180962.975479,13.986000005388632,97.09600001224317,3,1,1,4,1,0.0,1,estabilizada,1,1,1,472.75,389.25,0.19724659621715546,0.6730236411094666,0.21681407400995478,0.6204853571814399,0.2039528240099548,0.60904085718144,2.68738707116843,0.20936854303569383,0.6061309759461908,2.6281937831388804,0.0,0.5412634797381571,-0.25065476516486285,1.5822948590892865
2026-08-18T02:45:50.706+00:00,1787021150.7069652,180963.0866559,27.60065899998881,897,180962.975479,13.986000005388632,97.09600001224317,10,0,0,4,1,0.0,1,estabilizada,1,1,1,,,,,,,,,,,,,nan,0.5412634797381571,-0.25065476516486285,1.5822948590892865
2026-08-18T02:45:50.854+00:00,1787021150.8547502,180963.234099,27.748102099983953,902,180963.1399672,9.327900013886392,84.78159998776391,1,0,0,4,1,0.0,1,estabilizada,1,1,1,,,,,,,,,,,,,nan,0.5412582538920635,-0.2506508171849704,1.582294683864688
2026-08-18T02:45:50.854+00:00,1787021150.8547502,180963.234139,27.748142099997494,902,180963.1399672,9.327900013886392,84.78159998776391,2,1,1,4,1,0.0,1,estabilizada,1,1,1,745.5,642.5,0.613806426525116,0.2458544224500656,0.609679928721921,0.21761349361245436,0.596818678721921,0.2061689936124544,-1.6479439209963542,0.5981069307915463,0.21283681338132043,-1.5982301270649402,0.0,0.5412582538920635,-0.2506508171849704,1.582294683864688
2026-08-18T02:45:50.855+00:00,1787021150.855488,180963.234287,27.74829009998939,902,180963.1399672,9.327900013886392,84.78159998776391,3,1,1,4,1,0.0,1,estabilizada,1,1,1,473.0,389.25,0.1976405382156372,0.6730164885520935,0.21718531374085348,0.6204788301980287,0.2043240637408535,0.6090343301980288,2.5920542039143424,0.20936854303569383,0.6061309759461908,2.6281937831388804,0.0,0.5412582538920635,-0.2506508171849704,1.582294683864688
2026-08-18T02:45:50.855+00:00,1787021150.855488,180963.2343223,27.748325399996247,902,180963.1399672,9.327900013886392,84.78159998776391,10,0,0,4,1,0.0,1,estabilizada,1,1,1,,,,,,,,,,,,,nan,0.5412582538920635,-0.2506508171849704,1.582294683864688
2026-08-18T02:45:51.002+00:00,1787021151.0028744,180963.3823709,27.89637400000356,906,180963.2735967,21.254000021144748,87.49529998749495,1,0,0,4,1,0.0,1,estabilizada,1,1,1,,,,,,,,,,,,,nan,0.5412565182259066,-0.2506458305834987,1.5822950530509563
2026-08-18T02:45:51.002+00:00,1787021151.0028744,180963.3824116,27.89641469999333,906,180963.2735967,21.254000021144748,87.49529998749495,2,1,1,4,1,0.0,1,estabilizada,1,1,1,745.5,642.5,0.6138058304786682,0.2458556443452835,0.6096792688173911,0.21761493623118733,0.596818018817391,0.20617043623118736,-1.6479450852578026,0.5981069307915463,0.21283681338132043,-1.6092378814038784,0.0,0.5412565182259066,-0.2506458305834987,1.5822950530509563
2026-08-18T02:45:51.002+00:00,1787021151.0028744,180963.3824236,27.89642669999739,906,180963.2735967,21.254000021144748,87.49529998749495,3,1,1,4,1,0.0,1,estabilizada,1,1,1,472.25,389.25,0.1964620053768158,0.6730419397354126,0.21607371186391106,0.6205031296263823,0.20321246186391106,0.6090586296263824,2.6202055094799475,0.20936854303569383,0.6061309759461908,2.6281937831388804,0.0,0.5412565182259066,-0.2506458305834987,1.5822950530509563
2026-08-18T02:45:51.002+00:00,1787021151.0028744,180963.382434,27.89643709998927,906,180963.2735967,21.254000021144748,87.49529998749495,10,0,0,4,1,0.0,1,estabilizada,1,1,1,,,,,,,,,,,,,nan,0.5412565182259066,-0.2506458305834987,1.5822950530509563
2026-08-18T02:45:51.145+00:00,1787021151.1458278,180963.5251474,28.039150500000687,910,180963.4077432,34.12730002310127,83.25319999130443,1,0,0,4,1,0.0,1,estabilizada,1,1,1,,,,,,,,,,,,,nan,0.5412583694336481,-0.25064057939722334,1.5822957257362784
2026-08-18T02:45:51.145+00:00,1787021151.1458278,180963.52519,28.03919309997582,910,180963.4077432,34.12730002310127,83.25319999130443,2,1,1,4,1,0.0,1,estabilizada,1,1,1,745.5,642.5,0.6138050556182861,0.24585701525211334,0.6096786450804714,0.21761653985194912,0.5968173950804714,0.20617203985194915,-1.647946227445968,0.5981069307915463,0.21283681338132043,-1.6178247204499834,0.0,0.5412583694336481,-0.25064057939722334,1.5822957257362784
2026-08-18T02:45:51.145+00:00,1787021151.1458278,180963.5252054,28.039208499976667,910,180963.4077432,34.12730002310127,83.25319999130443,3,1,1,4,1,0.0,1,estabilizada,1,1,1,472.5,389.0,0.19682691991329193,0.6734902858734131,0.21641796724574153,0.6209262951341625,0.20355671724574154,0.6094817951341626,2.6200632944601665,0.20936854303569383,0.6061309759461908,2.6281937831388804,0.0,0.5412583694336481,-0.25064057939722334,1.5822957257362784
2026-08-18T02:45:51.145+00:00,1787021151.1458278,180963.5252185,28.039221599989105,910,180963.4077432,34.12730002310127,83.25319999130443,10,0,0,4,1,0.0,1,estabilizada,1,1,1,,,,,,,,,,,,,nan,0.5412583694336481,-0.25064057939722334,1.5822957257362784
2026-08-18T02:45:51.294+00:00,1787021151.294823,180963.6744346,28.188437699980568,915,180963.5773268,9.30599999264814,87.7799000008963,1,0,0,4,1,0.0,1,estabilizada,1,1,1,,,,,,,,,,,,,nan,0.5412597738351147,-0.25063814756924085,1.582295052468138
2026-08-18T02:45:51.294+00:00,1787021151.294823,180963.6744747,28.18847779999487,915,180963.5773268,9.30599999264814,87.7799000008963,2,1,1,4,1,0.0,1,estabilizada,1,1,1,745.5,642.75,0.6137888431549072,0.24548690021038055,0.6096634328980786,0.21726760303788617,0.5968021828980785,0.2058231030378862,-1.6771845597447113,0.5981069307915463,0.21283681338132043,-1.6257377501057542,0.0,0.5412597738351147,-0.25063814756924085,1.582295052468138
2026-08-18T02:45:51.294+00:00,1787021151.294823,180963.6744862,28.188489299995126,915,180963.5773268,9.30599999264814,87.7799000008963,3,1,1,4,1,0.0,1,estabilizada,1,1,1,472.5,389.25,0.19685594737529755,0.6730369329452515,0.21644543186052928,0.6204988446053852,0.2035841818605293,0.6090543446053852,2.6202012668016583,0.20936854303569383,0.6061309759461908,2.6281937831388804,0.0,0.5412597738351147,-0.25063814756924085,1.582295052468138
2026-08-18T02:45:51.294+00:00,1787021151.294823,180963.6744958,28.188498899980914,915,180963.5773268,9.30599999264814,87.7799000008963,10,0,0,4,1,0.0,1,estabilizada,1,1,1,,,,,,,,,,,,,nan,0.5412597738351147,-0.25063814756924085,1.582295052468138
2026-08-18T02:45:51.438+00:00,1787021151.4387484,180963.8180718,28.332074899983127,919,180963.7075892,25.108100002398714,85.34429999417625,1,0,0,4,1,0.0,1,estabilizada,1,1,1,,,,,,,,,,,,,nan,0.5412586434303608,-0.2506384363208811,1.5822923739316388
2026-08-18T02:45:51.438+00:00,1787021151.4387484,180963.818146,28.33214909999515,919,180963.7075892,25.108100002398714,85.34429999417625,2,1,1,4,1,0.0,1,estabilizada,1,1,1,745.5,642.5,0.6138038635253906,0.2458592802286148,0.6096775276369546,0.217618738072412,0.5968162776369546,0.20617423807241203,-1.6479484676729466,0.5981069307915463,0.21283681338132043,-1.6257377501057542,0.0,0.5412586434303608,-0.2506384363208811,1.5822923739316388
2026-08-18T02:45:51.438+00:00,1787021151.4387484,180963.8183377,28.332340799999656,919,180963.7075892,25.108100002398714,85.34429999417625,3,1,1,4,1,0.0,1,estabilizada,1,1,1,472.0,390.0,0.1961563229560852,0.6716907024383545,0.2157855705934923,0.6192290816557989,0.2029243205934923,0.607784581655799,2.620199990900427,0.20936854303569383,0.6061309759461908,2.6281937831388804,0.0,0.5412586434303608,-0.2506384363208811,1.5822923739316388
2026-08-18T02:45:51.438+00:00,1787021151.4387484,180963.8183787,28.33238179999171,919,180963.7075892,25.108100002398714,85.34429999417625,10,0,0,4,1,0.0,1,estabilizada,1,1,1,,,,,,,,,,,,,nan,0.5412586434303608,-0.2506384363208811,1.5822923739316388
2026-08-18T02:45:51.586+00:00,1787021151.586848,180963.9657486,28.479751699982444,924,180963.873367,11.825099994894117,80.53140001720749,1,0,0,4,1,0.0,1,estabilizada,1,1,1,,,,,,,,,,,,,nan,0.5412584375610676,-0.2506384839128872,1.582290403866012
2026-08-18T02:45:51.586+00:00,1787021151.586848,180963.9657948,28.479797899984987,924,180963.873367,11.825099994894117,80.53140001720749,2,1,1,4,1,0.0,1,estabilizada,1,1,1,745.5,642.75,0.6137879490852356,0.24548913538455963,0.6096625015559919,0.2172696090399182,0.596801251555992,0.20582510903991824,-1.6771868080890429,0.5981069307915463,0.21283681338132043,-1.6257377501057542,0.0,0.5412584375610676,-0.2506384839128872,1.582290403866012
2026-08-18T02:45:51.586+00:00,1787021151.586848,180963.9658099,28.47981299998355,924,180963.873367,11.825099994894117,80.53140001720749,3,1,1,4,1,0.0,1,estabilizada,1,1,1,472.25,389.5,0.19649258255958557,0.6725928783416748,0.21610271662493818,0.6200798741548992,0.2032414666249382,0.6086353741548992,2.620200269280018,0.20936854303569383,0.6061309759461908,2.6281937831388804,0.0,0.5412584375610676,-0.2506384839128872,1.582290403866012
2026-08-18T02:45:51.586+00:00,1787021151.586848,180963.9658229,28.479825999995228,924,180963.873367,11.825099994894117,80.53140001720749,10,0,0,4,1,0.0,1,estabilizada,1,1,1,,,,,,,,,,,,,nan,0.5412584375610676,-0.2506384839128872,1.582290403866012
