wall_time_iso,t_wall,t_perf,session_elapsed_s,cycle_id,robot_id,state,previous_state,x,y,yaw,pose_age_ms,waypoint_x,waypoint_y,final_goal_x,final_goal_y,distance_error,desired_heading,angle_error,u_att_x,u_att_y,u_rep_x,u_rep_y,u_res_x,u_res_y,repulsion_norm,align_factor,linear_cmd,angular_cmd,left_cmd,right_cmd,controller_mode,avoid_enabled,requested_delay_ms,jitter_ms
2026-08-18T01:59:53.223+00:00,1787018393.2232919,178205.6366533,0.26364079999621026,1,2,ORIENT,ORIENT,0.2106970735236381,0.6221204084567088,-2.950018401012764,352.40650177001953,1.0,0.625,1.0,0.625,0.7893081792250765,0.003648255521288542,2.9536666565340526,0.9999933838844299,0.0036482475697994232,0.0,0.0,0.9999933838844299,0.0036482475697994232,0.0,0.0,0,35.0,-35,35,apf_fsm,1,0.0,0.0
2026-08-18T01:59:53.224+00:00,1787018393.2242885,178205.6373984,0.26438589999452233,1,3,ORIENT,ORIENT,1.0148655279045917,0.6200891567462133,2.722448049833747,353.40309143066406,0.2,0.625,0.2,0.625,0.8148803255378622,3.1355661574908114,0.41311810765706447,-0.9999818801879883,0.0060264598578214645,0.0,0.0,-0.9999818801879883,0.0060264598578214645,0.0,0.0,0,35.0,-35,35,apf_fsm,1,0.0,0.0
2026-08-18T01:59:53.347+00:00,1787018393.3477452,178205.7615099,0.38849740001023747,2,2,ORIENT,ORIENT,0.2106970735236381,0.6221204084567088,-2.950018401012764,87.62884140014648,1.0,0.625,1.0,0.625,0.7893081792250765,0.003648255521288542,2.9536666565340526,0.9999933838844299,0.0036482475697994232,0.0,0.0,0.9999933838844299,0.0036482475697994232,0.0,0.0,0,35.0,-35,35,apf_fsm,1,0.0,0.0
2026-08-18T01:59:53.348+00:00,1787018393.3487406,178205.7623423,0.3893298000039067,2,3,ORIENT,ORIENT,1.0148655279045917,0.6200891567462133,2.722448049833747,88.62423896789551,0.2,0.625,0.2,0.625,0.8148803255378622,3.1355661574908114,0.41311810765706447,-0.9999818801879883,0.0060264598578214645,0.0,0.0,-0.9999818801879883,0.0060264598578214645,0.0,0.0,0,34.0,-34,34,apf_fsm,1,0.0,0.0
2026-08-18T01:59:53.471+00:00,1787018393.4715815,178205.8846005,0.5115879999939352,3,2,ORIENT,ORIENT,0.2106970735236381,0.6221204084567088,-2.950018401012764,92.53692626953125,1.0,0.625,1.0,0.625,0.7893081792250765,0.003648255521288542,2.9536666565340526,0.9999933838844299,0.0036482475697994232,0.0,0.0,0.9999933838844299,0.0036482475697994232,0.0,0.0,0,35.0,-35,35,apf_fsm,1,0.0,0.0
2026-08-18T01:59:53.471+00:00,1787018393.4715815,178205.8853542,0.5123416999995243,3,3,ORIENT,ORIENT,1.0148655279045917,0.6200891567462133,2.722448049833747,93.52636337280273,0.2,0.625,0.2,0.625,0.8148803255378622,3.1355661574908114,0.41311810765706447,-0.9999818801879883,0.0060264598578214645,0.0,0.0,-0.9999818801879883,0.0060264598578214645,0.0,0.0,0,34.0,-34,34,apf_fsm,1,0.0,0.0
2026-08-18T01:59:53.595+00:00,1787018393.5950773,178206.0090991,0.63608659998863,4,2,ORIENT,ORIENT,0.2106970735236381,0.6221204084567088,-2.950018401012764,91.15409851074219,1.0,0.625,1.0,0.625,0.7893081792250765,0.003648255521288542,2.9536666565340526,0.9999933838844299,0.0036482475697994232,0.0,0.0,0.9999933838844299,0.0036482475697994232,0.0,0.0,0,35.0,-35,35,apf_fsm,1,0.0,0.0
2026-08-18T01:59:53.596+00:00,1787018393.5970788,178206.0100308,0.6370183000108227,4,3,ORIENT,ORIENT,1.0148655279045917,0.6200891567462133,2.722448049833747,92.25320816040039,0.2,0.625,0.2,0.625,0.8148803255378622,3.1355661574908114,0.41311810765706447,-0.9999818801879883,0.0060264598578214645,0.0,0.0,-0.9999818801879883,0.0060264598578214645,0.0,0.0,0,26.0,-26,26,apf_fsm,1,0.0,0.0
2026-08-18T01:59:53.715+00:00,1787018393.7151153,178206.1287377,0.7557251999969594,5,2,ORIENT,ORIENT,0.2106970735236381,0.6221204084567088,-2.950018401012764,87.44335174560547,1.0,0.625,1.0,0.625,0.7893081792250765,0.003648255521288542,2.9536666565340526,0.9999933838844299,0.0036482475697994232,0.0,0.0,0.9999933838844299,0.0036482475697994232,0.0,0.0,0,35.0,-35,35,apf_fsm,1,0.0,0.0
2026-08-18T01:59:53.716+00:00,1787018393.7161112,178206.1299356,0.7569231000088621,5,3,ORIENT,ORIENT,1.0148655279045917,0.6200891567462133,2.7794528140062917,88.4392261505127,0.2,0.625,0.2,0.625,0.8148803255378622,3.1355661574908114,0.3561133434845196,-0.9999818801879883,0.0060264598578214645,0.0,0.0,-0.9999818801879883,0.0060264598578214645,0.0,0.0,0,26.0,-26,26,apf_fsm,1,0.0,0.0
2026-08-18T01:59:53.838+00:00,1787018393.838996,178206.2528389,0.8798263999924529,6,2,ORIENT,ORIENT,0.2106970735236381,0.6221204084567088,-2.9147264985645336,91.7978286743164,1.0,0.625,1.0,0.625,0.7893081792250765,0.003648255521288542,2.9183747540858223,0.9999933838844299,0.0036482475697994232,0.0,0.0,0.9999933838844299,0.0036482475697994232,0.0,0.0,0,35.0,-35,35,apf_fsm,1,0.0,0.0
2026-08-18T01:59:53.839+00:00,1787018393.8399987,178206.2534898,0.8804773000010755,6,3,ORIENT,ORIENT,1.0148655279045917,0.6200891567462133,2.7794528140062917,212.3267650604248,0.2,0.625,0.2,0.625,0.8148803255378622,3.1355661574908114,0.3561133434845196,-0.9999818801879883,0.0060264598578214645,0.0,0.0,-0.9999818801879883,0.0060264598578214645,0.0,0.0,0,26.0,-26,26,apf_fsm,1,0.0,0.0
2026-08-18T01:59:53.961+00:00,1787018393.9618034,178206.3757504,1.0027379000093788,7,2,ORIENT,ORIENT,0.2106970735236381,0.6221204084567088,-2.834856144620942,90.77572822570801,1.0,0.625,1.0,0.625,0.7893081792250765,0.003648255521288542,2.838504400142231,0.9999933838844299,0.0036482475697994232,0.0,0.0,0.9999933838844299,0.0036482475697994232,0.0,0.0,0,35.0,-35,35,apf_fsm,1,0.0,0.0
2026-08-18T01:59:53.963+00:00,1787018393.9630358,178206.3766733,1.0036607999936678,7,3,RUN,ORIENT,1.0138650382574452,0.6180071751521573,3.075825962343859,92.00811386108398,0.2,0.625,0.2,0.625,0.813895079292869,3.1330007470800005,0.05717478473614168,-0.999963104724884,0.008591800928115845,0.0,0.0,-0.999963104724884,0.008591800928115845,0.0,1.0,35.0,2.5728653131263757,32,37,apf_fsm,1,0.0,0.0
2026-08-18T01:59:54.085+00:00,1787018394.0859282,178206.4995466,1.1265341000107583,8,2,ORIENT,ORIENT,0.2106970735236381,0.6221204084567088,-2.4512539839983036,88.91844749450684,1.0,0.625,1.0,0.625,0.7893081792250765,0.003648255521288542,2.4549022395195923,0.9999933838844299,0.0036482475697994232,0.0,0.0,0.9999933838844299,0.0036482475697994232,0.0,0.0,0,26.0,-26,26,apf_fsm,1,0.0,0.0
2026-08-18T01:59:54.086+00:00,1787018394.0869725,178206.5007934,1.127780899987556,8,3,RUN,RUN,1.0130193836763153,0.6163592481624155,-3.111090059573539,89.96272087097168,0.2,0.625,0.2,0.625,0.8130652992384648,3.130965076336861,-0.04113017126918628,-0.9999434947967529,0.010627376846969128,0.0,0.0,-0.9999434947967529,0.010627376846969128,0.0,1.0,35.0,-3.8519751728783413,38,31,apf_fsm,1,0.0,0.0
2026-08-18T01:59:54.216+00:00,1787018394.2162538,178206.6292851,1.2562726000032853,9,2,ORIENT,ORIENT,0.21167152109943643,0.6206141250017121,-2.180170172246601,94.20990943908691,1.0,0.625,1.0,0.625,0.7883406792403757,0.005563454649620149,2.185733626896221,0.9999845027923584,0.0055634258314967155,0.0,0.0,0.9999845027923584,0.0055634258314967155,0.0,0.0,0,27.360156619717284,-27,27,apf_fsm,1,0.0,0.0
2026-08-18T01:59:54.216+00:00,1787018394.2162538,178206.6298758,1.2568632999900728,9,3,RUN,RUN,1.0130193836763153,0.6163592481624155,-3.065391988683298,95.20268440246582,0.2,0.625,0.2,0.625,0.8130652992384648,3.130965076336861,-0.0868282421594273,-0.9999434947967529,0.010627376846969128,0.0,0.0,-0.9999434947967529,0.010627376846969128,0.0,1.0,35.0,-2.467714902752709,37,32,apf_fsm,1,0.0,0.0
2026-08-18T01:59:54.343+00:00,1787018394.3438923,178206.7573017,1.3842892000102438,10,2,ORIENT,ORIENT,0.21287150435008906,0.6191324695573899,-2.03415429513818,96.73190116882324,1.0,0.625,1.0,0.625,0.7871503646556907,0.007454210956564113,2.0416085060947444,0.9999722242355347,0.007454141974449158,0.0,0.0,0.9999722242355347,0.007454141974449158,0.0,0.0,0,33.81775283237068,-33,33,apf_fsm,1,0.0,0.0
2026-08-18T01:59:54.345+00:00,1787018394.345022,178206.7581649,1.3851524000056088,10,3,RUN,RUN,1.0093196576800438,0.6120816102374442,-2.9358935067512997,97.86152839660645,0.2,0.625,0.2,0.625,0.809422753016865,3.1256319735357483,-0.22165982689253827,-0.999872624874115,0.015960002318024635,0.0,0.0,-0.999872624874115,0.015960002318024635,0.0,0.9741240572495027,35.0,-6.9357037345842665,41,28,apf_fsm,1,0.0,0.0
2026-08-18T01:59:54.466+00:00,1787018394.4663413,178206.8795435,1.50653099999181,11,2,ORIENT,ORIENT,0.2143939120788915,0.6178641110710076,-1.895300257663442,88.26208114624023,1.0,0.625,1.0,0.625,0.7856384959315037,0.00908304104906513,1.904383298712507,0.9999587535858154,0.0090829161927104,0.0,0.0,0.9999587535858154,0.0090829161927104,0.0,0.0,0,31.330091603242888,-31,31,apf_fsm,1,0.0,0.0
2026-08-18T01:59:54.466+00:00,1787018394.4663413,178206.8801129,1.5071003999910317,11,3,RUN,RUN,1.0063051310738842,0.6090115859749933,-2.8941989102360823,88.26208114624023,0.2,0.625,0.2,0.625,0.8064636345050585,3.12176601837268,-0.2672203785708245,-0.9998034238815308,0.01982533559203148,0.0,0.0,-0.9998034238815308,0.01982533559203148,0.0,0.8776517431218741,35.0,-4.266823094448262,39,30,apf_fsm,1,0.0,0.0
2026-08-18T01:59:54.585+00:00,1787018394.5859325,178206.9995034,1.6264909000019543,12,2,ORIENT,ORIENT,0.2158842651108781,0.616877940376955,-1.644648407489253,90.29150009155273,1.0,0.625,1.0,0.625,0.7841577988856758,0.01035786968292921,1.655006277172182,0.9999463558197021,0.010357684455811977,0.0,0.0,0.9999463558197021,0.010357684455811977,0.0,0.0,0,26.0,-26,26,apf_fsm,1,0.0,0.0
2026-08-18T01:59:54.586+00:00,1787018394.586934,178207.0003931,1.6273805999953765,12,3,RUN,RUN,1.0063051310738842,0.6090115859749933,-2.8941989102360823,208.85491371154785,0.2,0.625,0.2,0.625,0.8064636345050585,3.12176601837268,-0.2672203785708245,-0.9998034238815308,0.01982533559203148,0.0,0.0,-0.9998034238815308,0.01982533559203148,0.0,0.8776517431218741,35.0,-2.672203785708245,37,32,apf_fsm,1,0.0,0.0
2026-08-18T01:59:54.700+00:00,1787018394.7005816,178207.1144116,1.7413990999921225,13,2,ORIENT,ORIENT,0.21752949363574414,0.6162962142448312,-1.5639603572899767,85.52432060241699,1.0,0.625,1.0,0.625,0.7825189130087572,0.011123009384887942,1.5750833666748647,0.9999381303787231,0.011122779920697212,0.0,0.0,0.9999381303787231,0.011122779920697212,0.0,0.0,0,28.497769958553587,-28,28,apf_fsm,1,0.0,0.0
2026-08-18T01:59:54.701+00:00,1787018394.7015736,178207.1150418,1.7420292999886442,13,3,RUN,RUN,1.0063051310738842,0.6090115859749933,-2.8941989102360823,323.49443435668945,0.2,0.625,0.2,0.625,0.8064636345050585,3.12176601837268,-0.2672203785708245,-0.9998034238815308,0.01982533559203148,0.0,0.0,-0.9998034238815308,0.01982533559203148,0.0,0.8776517431218741,35.0,-2.672203785708245,37,32,apf_fsm,1,0.0,0.0
2026-08-18T01:59:54.829+00:00,1787018394.8292549,178207.2427013,1.8696888000122271,14,2,ORIENT,ORIENT,0.21752949363574414,0.6162962142448312,-1.518765236618642,97.57328033447266,1.0,0.625,1.0,0.625,0.7825189130087572,0.011123009384887942,1.52988824600353,0.9999381303787231,0.011122779920697212,0.0,0.0,0.9999381303787231,0.011122779920697212,0.0,0.0,0,30.177517120384884,-30,30,apf_fsm,1,0.0,0.0
2026-08-18T01:59:54.831+00:00,1787018394.8314166,178207.2443739,1.871361400000751,14,3,RUN,RUN,1.0041060694250514,0.6067787749990943,-2.856482484565408,98.74200820922852,0.2,0.625,0.2,0.625,0.8043124914650644,3.118936302730737,-0.30776651988344117,-0.9997433423995972,0.02265441231429577,0.0,0.0,-0.9997433423995972,0.02265441231429577,0.0,0.7917972058679232,35.0,-4.496780144775996,39,30,apf_fsm,1,0.0,0.0
2026-08-18T01:59:54.952+00:00,1787018394.952414,178207.3653679,1.992355399997905,15,2,ORIENT,ORIENT,0.21948261818061748,0.6160172348370366,-1.297671571564067,94.54941749572754,1.0,0.625,1.0,0.625,0.780569070225151,0.011508224324261478,1.3091797958883284,0.9999337792396545,0.011507970280945301,0.0,0.0,0.9999337792396545,0.011507970280945301,0.0,0.0,0,26.0,-26,26,apf_fsm,1,0.0,0.0
2026-08-18T01:59:54.952+00:00,1787018394.952414,178207.3661484,1.9931359000038356,15,3,RUN,RUN,0.9838589443601999,0.5948597562590892,-2.8135916259786207,95.54195404052734,0.2,0.625,0.2,0.625,0.7844381931970477,3.103160483810957,-0.366433197390009,-0.9992616176605225,0.038422711193561554,0.0,0.0,-0.9992616176605225,0.038422711193561554,0.0,0.6675732899416534,35.0,-5.717665686629965,40,29,apf_fsm,1,0.0,0.0
2026-08-18T01:59:55.073+00:00,1787018395.0734773,178207.4871836,2.1141710999945644,16,2,ORIENT,ORIENT,0.2212929992073481,0.6158859167134535,-1.056903669682191,91.28022193908691,1.0,0.625,1.0,0.625,0.7787603351465977,0.011703588884023433,1.0686072585662143,0.9999315142631531,0.01170332171022892,0.0,0.0,0.9999315142631531,0.01170332171022892,0.0,0.0,0,26.0,-26,26,apf_fsm,1,0.0,0.0
2026-08-18T01:59:55.074+00:00,1787018395.0744762,178207.4878941,2.1148815999913495,16,3,RUN,RUN,0.9712379683551923,0.5888050827823458,-2.8057710384644583,92.27919578552246,0.2,0.625,0.2,0.625,0.7720868318168865,3.0946961309837637,-0.38271813773136465,-0.9989005923271179,0.04687933623790741,0.0,0.0,-0.9989005923271179,0.04687933623790741,0.0,0.6330906987023183,35.0,-4.397154289261094,39,30,apf_fsm,1,0.0,0.0
2026-08-18T01:59:55.198+00:00,1787018395.1989279,178207.6126212,2.23960870000883,17,2,ORIENT,ORIENT,0.22310287921454663,0.6159659855582987,-1.0254985472484597,91.1400318145752,1.0,0.625,1.0,0.625,0.7769496442509387,0.01162780375578439,1.037126351004244,0.9999324083328247,0.011627541854977608,0.0,0.0,0.9999324083328247,0.011627541854977608,0.0,0.0,0,26.0,-26,26,apf_fsm,1,0.0,0.0
2026-08-18T01:59:55.199+00:00,1787018395.1999276,178207.6132526,2.2402400999853853,17,3,RUN,RUN,0.9640001313141753,0.5855464361805854,-2.81478838590986,92.13972091674805,0.2,0.625,0.2,0.625,0.7650181594878188,3.0899977065186306,-0.37839921475109506,-0.9986692667007446,0.051572058349847794,0.0,0.0,-0.9986692667007446,0.051572058349847794,0.0,0.6422358139192653,35.0,-3.632829843201515,38,31,apf_fsm,1,0.0,0.0
2026-08-18T01:59:55.329+00:00,1787018395.3296719,178207.7439619,2.3709494000067934,18,2,ORIENT,ORIENT,0.2248149514354099,0.6163972792744307,-0.8375773463135777,97.49817848205566,1.0,0.625,1.0,0.625,0.7752327820222569,0.011097179298858027,0.8486745256124357,0.999938428401947,0.011096951551735401,0.0,0.0,0.999938428401947,0.011096951551735401,0.0,0.0,0,26.0,-26,26,apf_fsm,1,0.0,0.0
2026-08-18T01:59:55.329+00:00,1787018395.3296719,178207.7450405,2.372028000012506,18,3,RUN,RUN,0.9465377903546075,0.5793413689301826,-2.8438583426913477,97.49817848205566,0.2,0.625,0.2,0.625,0.7479327396355301,3.0805082359092473,-0.3588187285789912,-0.9981348514556885,0.061046432703733444,0.0,0.0,-0.9981348514556885,0.061046432703733444,0.0,0.6836965676455456,35.0,-2.902870269766278,37,32,apf_fsm,1,0.0,0.0
2026-08-18T01:59:55.454+00:00,1787018395.454273,178207.8724553,2.4994428000063635,19,2,ORIENT,ORIENT,0.226637818562066,0.6172085084231935,-0.6579257213553322,90.54231643676758,1.0,0.625,1.0,0.625,0.7734014294138791,0.010074488235304985,0.6680002095906372,0.9999492168426514,0.010074317455291748,0.0,0.0,0.9999492168426514,0.010074317455291748,0.0,0.0,0,26.0,-26,26,apf_fsm,1,0.0,0.0
2026-08-18T01:59:55.454+00:00,1787018395.454273,178207.8730607,2.500048199988669,19,3,RUN,RUN,0.9210768413792907,0.5717700147044863,-2.8537348937412386,90.54231643676758,0.2,0.625,0.2,0.625,0.723038894187647,3.067906183826353,-0.3615442296119946,-0.9972863793373108,0.07361980527639389,0.0,0.0,-0.9972863793373108,0.07361980527639389,0.0,0.6779254480667546,35.0,-3.710834832275065,38,31,apf_fsm,1,0.0,0.0
2026-08-18T01:59:55.580+00:00,1787018395.5806875,178207.9950161,2.622003600001335,20,2,ORIENT,ORIENT,0.226637818562066,0.6172085084231935,-0.5837296363463035,91.75872802734375,1.0,0.625,1.0,0.625,0.7734014294138791,0.010074488235304985,0.5938041245816085,0.9999492168426514,0.010074317455291748,0.0,0.0,0.9999492168426514,0.010074317455291748,0.0,0.0,0,26.0,-26,26,apf_fsm,1,0.0,0.0
2026-08-18T01:59:55.580+00:00,1787018395.5806875,178207.9958624,2.6228499000135344,20,3,RUN,RUN,0.9210768413792907,0.5717700147044863,-2.8537348937412386,216.95685386657715,0.2,0.625,0.2,0.625,0.723038894187647,3.067906183826353,-0.3615442296119946,-0.9972863793373108,0.07361980527639389,0.0,0.0,-0.9972863793373108,0.07361980527639389,0.0,0.6779254480667546,35.0,-3.615442296119946,38,31,apf_fsm,1,0.0,0.0
2026-08-18T01:59:55.716+00:00,1787018395.7169626,178208.1299219,2.756909399991855,21,2,ORIENT,ORIENT,0.2283018248475478,0.6181215882194188,-0.4346977339482992,99.73669052124023,1.0,0.625,1.0,0.625,0.7717288293709443,0.008913108594316385,0.44361084254261557,0.9999603033065796,0.008912990801036358,0.0,0.0,0.9999603033065796,0.008912990801036358,0.0,0.0,0,-26.0,26,-26,apf_fsm,1,0.0,0.0
2026-08-18T01:59:55.717+00:00,1787018395.7176325,178208.1309056,2.7578931000025477,21,3,RUN,RUN,0.916149026681094,0.5702392057619982,-2.8537348937412386,101.39656066894531,0.2,0.625,0.2,0.625,0.7182396348029361,3.065275523382747,-0.364174890055601,-0.9970892071723938,0.07624306529760361,0.0,0.0,-0.9970892071723938,0.07624306529760361,0.0,0.6723551489520564,35.0,-3.7338220160822333,38,31,apf_fsm,1,0.0,0.0
2026-08-18T01:59:55.838+00:00,1787018395.8386984,178208.2518074,2.8787948999961372,22,2,ORIENT,ORIENT,0.22956815237510061,0.6195941015653108,-0.2858954179528657,91.57013893127441,1.0,0.625,1.0,0.625,0.7704508132078273,0.0070165966856584865,0.2929120146385242,0.9999753832817078,0.007016539108008146,0.0,0.0,0.9999753832817078,0.007016539108008146,0.0,0.0,0,-26.0,26,-26,apf_fsm,1,0.0,0.0
2026-08-18T01:59:55.839+00:00,1787018395.8397148,178208.2527231,2.8797106000129133,22,3,RUN,RUN,0.8941929626970105,0.5646129215013093,-2.892049221052764,92.56291389465332,0.2,0.625,0.2,0.625,0.6968145152819795,3.054822184216835,-0.3363139019099872,-0.9962377548217773,0.08666162192821503,0.0,0.0,-0.9962377548217773,0.08666162192821503,0.0,0.7313494741145143,35.0,-2.38800443400339,37,32,apf_fsm,1,0.0,0.0
2026-08-18T01:59:56.009+00:00,1787018396.0099635,178208.4238484,3.0508359000086784,23,2,RUN,ORIENT,0.2305837080490127,0.6210052822533795,-0.0976814635576272,138.1385326385498,1.0,0.625,1.0,0.625,0.7694266619304806,0.005191834183386405,0.10287329774101361,0.9999865293502808,0.005191810894757509,0.0,0.0,0.9999865293502808,0.005191810894757509,0.0,1.0,35.0,4.629298398345613,30,39,apf_fsm,1,0.0,0.0
2026-08-18T01:59:56.012+00:00,1787018396.0122254,178208.4252957,3.052283199998783,23,3,RUN,RUN,0.8941929626970105,0.5646129215013093,-2.892049221052764,266.08991622924805,0.2,0.625,0.2,0.625,0.6968145152819795,3.054822184216835,-0.3363139019099872,-0.9962377548217773,0.08666162192821503,0.0,0.0,-0.9962377548217773,0.08666162192821503,0.0,0.7313494741145143,35.0,-3.3631390190998722,38,31,apf_fsm,1,0.0,0.0
2026-08-18T01:59:56.132+00:00,1787018396.1325414,178208.5463218,3.1733093000075314,24,2,RUN,RUN,0.2305837080490127,0.6210052822533795,0.030398934040308523,94.47765350341797,1.0,0.625,1.0,0.625,0.7694266619304806,0.005191834183386405,-0.025207099856922117,0.9999865293502808,0.005191810894757509,0.0,0.0,0.9999865293502808,0.005191810894757509,0.0,1.0,35.0,-4.734884914496972,39,30,apf_fsm,1,0.0,0.0
2026-08-18T01:59:56.134+00:00,1787018396.1348221,178208.547952,3.174939499993343,24,3,RUN,RUN,0.8941929626970105,0.5646129215013093,-2.892049221052764,388.3674144744873,0.2,0.625,0.2,0.625,0.6968145152819795,3.054822184216835,-0.3363139019099872,-0.9962377548217773,0.08666162192821503,0.0,0.0,-0.9962377548217773,0.08666162192821503,0.0,0.7313494741145143,35.0,-3.3631390190998722,38,31,apf_fsm,1,0.0,0.0
2026-08-18T01:59:56.256+00:00,1787018396.256506,178208.6701265,3.2971139999863226,25,2,RUN,RUN,0.2305837080490127,0.6210052822533795,0.11424244105791302,93.83773803710938,1.0,0.625,1.0,0.625,0.7694266619304806,0.005191834183386405,-0.10905060687452661,0.9999865293502808,0.005191810894757509,0.0,0.0,0.9999865293502808,0.005191810894757509,0.0,1.0,35.0,-4.0250288143614235,39,30,apf_fsm,1,0.0,0.0
2026-08-18T01:59:56.257+00:00,1787018396.2574997,178208.6707521,3.2977396000060253,25,3,RUN,RUN,0.8661708313418834,0.5619103755924325,-2.970189184849698,94.83146667480469,0.2,0.625,0.2,0.625,0.6691516100545706,3.047169401057715,-0.2658267212721732,-0.9955454468727112,0.09428300708532333,0.0,0.0,-0.9955454468727112,0.09428300708532333,0.0,0.8806027465612337,35.0,-0.19121589039824194,35,34,apf_fsm,1,0.0,0.0
2026-08-18T01:59:56.371+00:00,1787018396.3712602,178208.7898257,3.416813199990429,26,2,RUN,RUN,0.2305837080490127,0.6210052822533795,0.15709097999529703,83.42552185058594,1.0,0.625,1.0,0.625,0.7694266619304806,0.005191834183386405,-0.15189914581191064,0.9999865293502808,0.005191810894757509,0.0,0.0,0.9999865293502808,0.005191810894757509,0.0,1.0,35.0,-3.018690320927547,38,31,apf_fsm,1,0.0,0.0
2026-08-18T01:59:56.377+00:00,1787018396.3773189,178208.7905644,3.417551899998216,26,3,RUN,RUN,0.8511934053799459,0.5612391247586064,-3.0255627568582453,89.48421478271484,0.2,0.625,0.2,0.625,0.6543074968406515,3.043989882126757,-0.2136326681945846,-0.9952406287193298,0.09744787961244583,0.0,0.0,-0.9952406287193298,0.09744787961244583,0.0,0.9911211862774725,35.0,-0.30953482423024425,35,34,apf_fsm,1,0.0,0.0
2026-08-18T01:59:56.503+00:00,1787018396.503353,178208.9169704,3.543957899993984,27,2,RUN,RUN,0.23225321834679946,0.6224294154078455,0.14137645370714308,98.30856323242188,1.0,0.625,1.0,0.625,0.7677510850816119,0.003348206829759043,-0.13802824687738405,0.9999943971633911,0.0033482005819678307,0.0,0.0,0.9999943971633911,0.0033482005819678307,0.0,1.0,35.0,-0.8948010060654099,35,34,apf_fsm,1,0.0,0.0
2026-08-18T01:59:56.504+00:00,1787018396.5043595,178208.9176918,3.5446792999864556,27,3,RUN,RUN,0.8431787873835821,0.5610395575940781,-3.047558817347195,99.31492805480957,0.2,0.625,0.2,0.625,0.646351213144198,3.0424742670105247,-0.19315222282186717,-0.9950918555259705,0.09895617514848709,0.0,0.0,-0.9950918555259705,0.09895617514848709,0.0,1.0,35.0,-1.2147066401735618,36,33,apf_fsm,1,0.0,0.0
2026-08-18T01:59:56.651+00:00,1787018396.6516948,178209.0652777,3.6922651999921072,28,2,RUN,RUN,0.23802976994478825,0.62387580132654,0.06909391882421018,113.2347583770752,1.0,0.625,1.0,0.625,0.7619710593671192,0.001475382904298072,-0.0676185359199121,0.9999989867210388,0.001475382479839027,0.0,0.0,0.9999989867210388,0.001475382479839027,0.0,1.0,35.0,1.788154524312397,33,36,apf_fsm,1,0.0,0.0
2026-08-18T01:59:56.652+00:00,1787018396.6527076,178209.065995,3.692982500011567,28,3,RUN,RUN,0.838095971594528,0.5610999627292601,-3.0678869418252948,114.24756050109863,0.2,0.625,0.2,0.625,0.6412875203279467,3.041783668977999,-0.17351469637629258,-0.995023250579834,0.09964335709810257,0.0,0.0,-0.995023250579834,0.09964335709810257,0.0,1.0,35.0,-1.047833538167815,36,33,apf_fsm,1,0.0,0.0
2026-08-18T01:59:56.775+00:00,1787018396.775722,178209.1892537,3.8162411999946926,29,2,RUN,RUN,0.23982262025132384,0.6242188834244098,0.04245525269380694,94.26093101501465,1.0,0.625,1.0,0.625,0.7601777810648426,0.0010275448007078455,-0.041427707893099096,0.999999463558197,0.001027544611133635,0.0,0.0,0.999999463558197,0.001027544611133635,0.0,1.0,35.0,0.5024019020074642,34,35,apf_fsm,1,0.0,0.0
2026-08-18T01:59:56.776+00:00,1787018396.7767315,178209.1899555,3.816943000012543,29,3,RUN,RUN,0.8124241385874917,0.5626041409910968,-3.120929220694566,95.27039527893066,0.2,0.625,0.2,0.625,0.6155944840120728,3.0400595866084417,-0.1221964998765781,-0.9948499202728271,0.10135870426893234,0.0,0.0,-0.9948499202728271,0.10135870426893234,0.0,1.0,35.0,0.5741718787242256,34,35,apf_fsm,1,0.0,0.0
2026-08-18T01:59:56.905+00:00,1787018396.9054034,178209.3194042,3.946391700010281,30,2,RUN,RUN,0.2503914194834127,0.6241231314377074,0.0028722793708779483,95.97253799438477,1.0,0.625,1.0,0.625,0.7496090933830569,0.0011697679995403027,-0.0017025113713376456,0.9999992847442627,0.0011697676964104176,0.0,0.0,0.9999992847442627,0.0011697676964104176,0.0,1.0,35.0,1.3733567645482743,33,36,apf_fsm,1,0.0,0.0
2026-08-18T01:59:56.906+00:00,1787018396.9065511,178209.3202225,3.9472100000130013,30,3,RUN,RUN,0.7955160290336688,0.5644569633587674,3.087328184855385,97.12028503417969,0.2,0.625,0.2,0.625,0.5985856664854005,3.040275926363914,-0.04705225849147121,-0.9948718547821045,0.101143479347229,0.0,0.0,-0.9948718547821045,0.101143479347229,0.0,1.0,35.0,2.159525863564029,32,37,apf_fsm,1,0.0,0.0
2026-08-18T01:59:57.026+00:00,1787018397.0264575,178209.4398673,4.066854800010333,31,2,RUN,RUN,0.25973901102249175,0.623316704602676,-0.026497175273106882,92.20218658447266,1.0,0.625,1.0,0.625,0.7402629028158532,0.002273917515411379,0.028771092788518263,0.9999973177909851,0.002273915335536003,0.0,0.0,0.9999973177909851,0.002273915335536003,0.0,1.0,35.0,1.3542870734801395,33,36,apf_fsm,1,0.0,0.0
2026-08-18T01:59:57.027+00:00,1787018397.0274587,178209.4405607,4.067548199993325,31,3,RUN,RUN,0.791174356058129,0.5653338874841256,3.0578321404345243,93.20330619812012,0.2,0.625,0.2,0.625,0.5941777210931932,3.041005161762696,-0.016826978671828474,-0.9949453473091125,0.10041795670986176,0.0,0.0,-0.9949453473091125,0.10041795670986176,0.0,1.0,35.0,0.889615006969211,34,35,apf_fsm,1,0.0,0.0
2026-08-18T01:59:57.150+00:00,1787018397.1505475,178209.5644114,4.191398900002241,32,2,RUN,RUN,0.26464255138769804,0.6227277982666205,-0.03426815357566229,92.2846794128418,1.0,0.625,1.0,0.625,0.7353609590740533,0.0030899183000150723,0.037358071875677364,0.999995231628418,0.003089913399890065,0.0,0.0,0.999995231628418,0.003089913399890065,0.0,1.0,35.0,0.6741249868073422,34,35,apf_fsm,1,0.0,0.0
2026-08-18T01:59:57.151+00:00,1787018397.1515594,178209.564986,4.1919735000119545,32,3,RUN,RUN,0.7821737349572072,0.5674625643125488,3.0030647356031817,93.29652786254883,0.2,0.625,0.2,0.625,0.5850100975021816,3.043080502900265,0.04001576729708356,-0.9951516389846802,0.09835289418697357,0.0,0.0,-0.9951516389846802,0.09835289418697357,0.0,1.0,35.0,2.389653781882757,32,37,apf_fsm,1,0.0,0.0
2026-08-18T01:59:57.270+00:00,1787018397.2706254,178209.6839419,4.310929400002351,33,2,RUN,RUN,0.2818843247036851,0.6201108984054199,-0.03426815357566229,87.63265609741211,1.0,0.625,1.0,0.625,0.7181323181842497,0.00680813198159233,0.04107628555725462,0.9999768137931824,0.0068080793134868145,0.0,0.0,0.9999768137931824,0.0068080793134868145,0.0,1.0,35.0,0.5409003344277502,34,35,apf_fsm,1,0.0,0.0
2026-08-18T01:59:57.271+00:00,1787018397.2716246,178209.6845907,4.311578199994983,33,3,RUN,RUN,0.7611190902706567,0.5726615750306477,2.9470068493349992,88.63186836242676,0.2,0.625,0.2,0.625,0.563554739306167,3.0485866832629833,0.10157983392798409,-0.9956781268119812,0.09287194907665253,0.0,0.0,-0.9956781268119812,0.09287194907665253,0.0,1.0,35.0,3.1705406713613593,31,38,apf_fsm,1,0.0,0.0
2026-08-18T01:59:57.391+00:00,1787018397.3916175,178209.8054675,4.432455000001937,34,2,RUN,RUN,0.28654947433351313,0.6196191204619709,-0.03426815357566229,89.25342559814453,1.0,0.625,1.0,0.625,0.7134708168092015,0.007541906724402085,0.04181006030006438,0.9999715089797974,0.007541834842413664,0.0,0.0,0.9999715089797974,0.007541834842413664,0.0,1.0,35.0,0.4437827189989853,34,35,apf_fsm,1,0.0,0.0
2026-08-18T01:59:57.392+00:00,1787018397.39272,178209.806123,4.433110499987379,34,3,RUN,RUN,0.7444924968039343,0.5760149319459061,2.935846649561626,90.35587310791016,0.2,0.625,0.2,0.625,0.5466915181050886,3.0518695609730515,0.11602291141142551,-0.995977520942688,0.0896027535200119,0.0,0.0,-0.995977520942688,0.0896027535200119,0.0,1.0,35.0,1.665736826034705,33,36,apf_fsm,1,0.0,0.0
2026-08-18T01:59:57.513+00:00,1787018397.513819,178209.9271741,4.5541616000118665,35,2,RUN,RUN,0.2887105764053779,0.6194418743039074,-0.03426815357566229,88.1812572479248,1.0,0.625,1.0,0.625,0.7113111392905522,0.007813995969794051,0.042082149545456346,0.999969482421875,0.00781391654163599,0.0,0.0,0.999969482421875,0.00781391654163599,0.0,1.0,35.0,0.4303446190432823,34,35,apf_fsm,1,0.0,0.0
2026-08-18T01:59:57.514+00:00,1787018397.5148294,178209.9277881,4.554775600001449,35,3,RUN,RUN,0.7402364948125661,0.576837084247697,2.935846649561626,88.1812572479248,0.2,0.625,0.2,0.625,0.542379144861905,3.0526761846163755,0.11682953505474947,-0.9960495233535767,0.08879934996366501,0.0,0.0,-0.9960495233535767,0.08879934996366501,0.0,1.0,35.0,1.1965271780638331,33,36,apf_fsm,1,0.0,0.0
2026-08-18T01:59:57.632+00:00,1787018397.6328526,178210.0461033,4.673090800002683,36,2,RUN,RUN,0.29543283398143766,0.6187427537214495,-0.024808038970162906,89.1880989074707,1.0,0.625,1.0,0.625,0.7045949507074394,0.008880744696504076,0.033688783666666985,0.9999606013298035,0.008880628272891045,0.0,0.0,0.9999606013298035,0.008880628272891045,0.0,1.0,35.0,0.04312003090904226,34,35,apf_fsm,1,0.0,0.0
2026-08-18T01:59:57.633+00:00,1787018397.6338775,178210.0468762,4.673863700008951,36,3,RUN,RUN,0.7213088794737192,0.5802077111866464,2.9437634161408255,89.1880989074707,0.2,0.625,0.2,0.625,0.523229678970224,3.055880432647829,0.11211701650700334,-0.9963288903236389,0.08560730516910553,0.0,0.0,-0.9963288903236389,0.08560730516910553,0.0,1.0,35.0,0.956232015898919,34,35,apf_fsm,1,0.0,0.0
2026-08-18T01:59:57.756+00:00,1787018397.7564833,178210.1697878,4.796775299997535,37,2,RUN,RUN,0.30238345181597664,0.618236510437132,-0.015878937459808666,87.64266967773438,1.0,0.625,1.0,0.625,0.697649333900104,0.009694834981225102,0.025573772441033767,0.999953031539917,0.009694683365523815,0.0,0.0,0.999953031539917,0.009694683365523815,0.0,1.0,35.0,-0.028287668486825013,35,34,apf_fsm,1,0.0,0.0
2026-08-18T01:59:57.756+00:00,1787018397.7564833,178210.1703442,4.797331700014183,37,3,RUN,RUN,0.719525123860802,0.5805403221470946,2.9437634161408255,87.64266967773438,0.2,0.625,0.2,0.625,0.5214240282892282,3.0562231176962102,0.11245970155538476,-0.9963582754135132,0.0852658823132515,0.0,0.0,-0.9963582754135132,0.0852658823132515,0.0,1.0,35.0,1.1365909922471973,33,36,apf_fsm,1,0.0,0.0
2026-08-18T01:59:57.875+00:00,1787018397.8756208,178210.2892577,4.9162452000018675,38,2,RUN,RUN,0.31050946825745873,0.6176189052249961,-0.015878937459808666,89.01214599609375,1.0,0.625,1.0,0.625,0.6895300384484275,0.010704733461101788,0.026583670920910456,0.9999426603317261,0.010704528540372849,0.0,0.0,0.9999426603317261,0.010704528540372849,0.0,1.0,35.0,0.3011831560047887,34,35,apf_fsm,1,0.0,0.0
2026-08-18T01:59:57.876+00:00,1787018397.876964,178210.2901879,4.917175400012638,38,3,RUN,RUN,0.7081265471388852,0.5830641298769574,2.9437634161408255,90.35539627075195,0.2,0.625,0.2,0.625,0.50985410178821,3.0592489044964544,0.11548548835562888,-0.9966117143630981,0.08225072920322418,0.0,0.0,-0.9966117143630981,0.08225072920322418,0.0,1.0,35.0,1.2607574215648332,33,36,apf_fsm,1,0.0,0.0
2026-08-18T01:59:57.999+00:00,1787018397.9995093,178210.4129135,5.039901000011014,39,2,RUN,RUN,0.3150824115022312,0.6173588774123836,-0.015878937459808666,93.28556060791016,1.0,0.625,1.0,0.625,0.6849602103684548,0.011155803202119213,0.02703474066192788,0.9999377727508545,0.011155571788549423,0.0,0.0,0.9999377727508545,0.011155571788549423,0.0,1.0,35.0,0.2861348475548886,34,35,apf_fsm,1,0.0,0.0
2026-08-18T01:59:58.000+00:00,1787018398.0005095,178210.4138294,5.040816900000209,39,3,RUN,RUN,0.7038969351062452,0.5842877768691542,2.935524248376617,94.28572654724121,0.2,0.625,0.2,0.625,0.5055389266136914,3.0609730326701468,0.12544878429352968,-0.9967520236968994,0.08053231984376907,0.0,0.0,-0.9967520236968994,0.08053231984376907,0.0,1.0,35.0,1.6032032007618247,33,36,apf_fsm,1,0.0,0.0
2026-08-18T01:59:58.121+00:00,1787018398.1211364,178210.5345258,5.161513300001388,40,2,RUN,RUN,0.3185240082791351,0.617035731766509,-0.015878937459808666,90.28244018554688,1.0,0.625,1.0,0.625,0.6815225285054276,0.011686259789819322,0.027565197249627988,0.9999316930770874,0.011685993522405624,0.0,0.0,0.9999316930770874,0.011685993522405624,0.0,1.0,35.0,0.2942179530657837,34,35,apf_fsm,1,0.0,0.0
2026-08-18T01:59:58.122+00:00,1787018398.122136,178210.5351797,5.162167200003751,40,3,RUN,RUN,0.6960875900622676,0.5867041236348155,2.919418329056981,91.28212928771973,0.2,0.625,0.2,0.625,0.4975635347976839,3.064549652575218,0.14513132351823677,-0.9970336556434631,0.07696680724620819,0.0,0.0,-0.9970336556434631,0.07696680724620819,0.0,1.0,35.0,2.1402021080471156,32,37,apf_fsm,1,0.0,0.0
2026-08-18T01:59:58.245+00:00,1787018398.2459025,178210.6593653,5.286352800001623,41,2,RUN,RUN,0.32304590662456234,0.6167355578523839,-0.015878937459808666,91.2330150604248,1.0,0.625,1.0,0.625,0.6770045387896392,0.012207668517600275,0.02808660597740894,0.999925434589386,0.012207364663481712,0.0,0.0,0.999925434589386,0.012207364663481712,0.0,1.0,35.0,0.2991153652464227,34,35,apf_fsm,1,0.0,0.0
2026-08-18T01:59:58.246+00:00,1787018398.2469046,178210.6607117,5.287699200009229,41,3,RUN,RUN,0.6710855899873355,0.5931779150751726,2.919418329056981,92.23508834838867,0.2,0.625,0.2,0.625,0.47215916615340514,3.074144580760441,0.15472625170346,-0.9977262616157532,0.06739694625139236,0.0,0.0,-0.9977262616157532,0.06739694625139236,0.0,1.0,35.0,1.883085003517413,33,36,apf_fsm,1,0.0,0.0
2026-08-18T01:59:58.366+00:00,1787018398.3668756,178210.7801146,5.407102099998156,42,2,RUN,RUN,0.3360827769870682,0.6157184876624888,-0.007541132823364612,87.11457252502441,1.0,0.625,1.0,0.625,0.6639820972620228,0.013979013688751511,0.021520146512116124,0.9999023079872131,0.013978558592498302,0.0,0.0,0.9999023079872131,0.013978558592498302,0.0,1.0,35.0,-0.014624616164087278,35,34,apf_fsm,1,0.0,0.0
2026-08-18T01:59:58.366+00:00,1787018398.3668756,178210.7807337,5.407721199997468,42,3,RUN,RUN,0.6571458926518613,0.5964258263813971,2.919418329056981,87.11457252502441,0.2,0.625,0.2,0.625,0.4580380448897811,3.079168273976239,0.1597499449192581,-0.998052179813385,0.06238384172320366,0.0,0.0,-0.998052179813385,0.06238384172320366,0.0,1.0,35.0,1.7733287117455143,33,36,apf_fsm,1,0.0,0.0
2026-08-18T01:59:58.485+00:00,1787018398.4857514,178210.8995923,5.526579800003674,43,2,RUN,RUN,0.35406788400189504,0.6146481655205397,0.0005484540152947987,87.88776397705078,1.0,0.625,1.0,0.625,0.6460150609350215,0.01602482360975343,0.01547636959445863,0.999871551990509,0.016024136915802956,0.0,0.0,0.999871551990509,0.016024136915802956,0.0,1.0,35.0,-0.056768496173426,35,34,apf_fsm,1,0.0,0.0
2026-08-18T01:59:58.486+00:00,1787018398.4867659,178210.9001965,5.527184000005946,43,3,RUN,RUN,0.6546570050612944,0.596851129440475,2.919418329056981,88.90223503112793,0.2,0.625,0.2,0.625,0.4555275525861008,3.079759255783209,0.1603409267262279,-0.9980888962745667,0.06179400160908699,0.0,0.0,-0.9980888962745667,0.06179400160908699,0.0,1.0,35.0,1.6240936305062226,33,36,apf_fsm,1,0.0,0.0
2026-08-18T01:59:58.604+00:00,1787018398.6040905,178211.0177574,5.644744899997022,44,2,RUN,RUN,0.36480667258672794,0.6141831184294917,0.017455767962961135,88.07897567749023,1.0,0.625,1.0,0.625,0.6352854225600133,0.01702762707060985,-0.0004281408923512836,0.9998550415039062,0.017026804387569427,0.0,0.0,0.9998550415039062,0.017026804387569427,0.0,1.0,35.0,-0.5609392759618599,35,34,apf_fsm,1,0.0,0.0
2026-08-18T01:59:58.605+00:00,1787018398.6050282,178211.0182378,5.645225299987942,44,3,RUN,RUN,0.6527447576148893,0.5973586747970555,2.919418329056981,89.01667594909668,0.2,0.625,0.2,0.625,0.4535877626289534,3.080615564453258,0.16119723539627673,-0.9981414675712585,0.06093930825591087,0.0,0.0,-0.9981414675712585,0.06093930825591087,0.0,1.0,35.0,1.641943157414476,33,36,apf_fsm,1,0.0,0.0
2026-08-18T01:59:58.726+00:00,1787018398.7260385,178211.1391691,5.766156600002432,45,2,AVOID,RUN,0.3702135849919057,0.6137274935696091,0.017455767962961135,90.95072746276855,1.0,0.625,1.0,0.625,0.6298872898622188,-0.5201849547314775,-0.5376407226944386,0.9998399019241333,0.017896069213747978,-0.7059482336044312,-0.18623940646648407,0.29389166831970215,-0.16834333539009094,0.7301014065742493,0.8589192825322359,24.0,-24.19383252124974,48,0,apf_fsm,1,0.0,0.0
2026-08-18T01:59:58.727+00:00,1787018398.7270381,178211.1400545,5.767041999992216,45,3,AVOID,RUN,0.6309246516570663,0.6007104732431207,2.9385490852364926,91.9504165649414,0.2,0.625,0.2,0.625,0.4316086613077142,2.4492935994897085,-0.4892554857467841,-0.9984152317047119,0.05627673491835594,0.7059482336044312,0.18623940646648407,-0.29246699810028076,0.2425161451101303,0.7301014065742493,0.8826830017202368,24.0,-22.016496858605286,46,1,apf_fsm,1,0.0,0.0
2026-08-18T01:59:58.854+00:00,1787018398.854365,178211.2673683,5.894355800002813,46,2,AVOID,AVOID,0.3761159956299659,0.6131357728354726,0.017455767962961135,95.52478790283203,1.0,0.625,1.0,0.625,0.6239968035134477,-1.6284671804851314,-1.6459229484480926,0.999819278717041,0.019013281911611557,-1.0115165710449219,-0.22161686420440674,-0.01169729232788086,-0.20260357856750488,1.035509467124939,0.0,0,-35.0,35,-35,apf_fsm,1,0.0,0.0
2026-08-18T01:59:58.854+00:00,1787018398.854365,178211.2681601,5.895147600007476,46,3,AVOID,AVOID,0.6278267204675354,0.601308466077108,2.9385490852364926,95.52478790283203,0.2,0.625,0.2,0.625,0.4284821951092323,1.5237169525374399,-1.4148321326990527,-0.9984702467918396,0.05529175326228142,1.0115165710449219,0.22161686420440674,0.013046324253082275,0.27690860629081726,1.035509467124939,0.15533266226684805,8.0,-35.0,43,-27,apf_fsm,1,0.0,0.0
2026-08-18T01:59:58.972+00:00,1787018398.9724746,178211.3860712,6.013058699987596,47,2,AVOID,AVOID,0.38325223173778505,0.6126948580643566,0.017455767962961135,88.30094337463379,1.0,0.625,1.0,0.625,0.6168705100541596,-1.6129936573592423,-1.6304494253222035,0.999800980091095,0.019947689026594162,-1.012617588043213,-0.3234976828098297,-0.01281660795211792,-0.30355000495910645,1.0630357265472412,0.0,0,-35.0,35,-35,apf_fsm,1,0.0,0.0
2026-08-18T01:59:58.973+00:00,1787018398.9734747,178211.3867273,6.01371480000671,47,3,AVOID,AVOID,0.6126979365689353,0.6042283151814963,2.9385490852364926,89.30110931396484,0.2,0.625,0.2,0.625,0.413220340421979,1.5336729834212206,-1.404876101815272,-0.998735785484314,0.050267815589904785,1.012617588043213,0.3234976828098297,0.013881802558898926,0.3737654983997345,1.0630357265472412,0.1651599881277354,8.0,-30.0,38,-22,apf_fsm,1,0.0,0.0
2026-08-18T01:59:59.091+00:00,1787018399.0915337,178211.5046768,6.131664299988188,48,2,AVOID,AVOID,0.3956602863079615,0.6121194583765601,0.017455767962961135,88.531494140625,1.0,0.625,1.0,0.625,0.6044769622557077,-1.5955409619233238,-1.612996729886285,0.9997729063034058,0.021308571100234985,-1.0098793506622314,-0.42965492606163025,-0.010106444358825684,-0.40834635496139526,1.0974787473678589,0.0,0,-35.0,35,-35,apf_fsm,1,0.0,0.0
2026-08-18T01:59:59.092+00:00,1787018399.092568,178211.505962,6.132949499995448,48,3,AVOID,AVOID,0.5963729448344678,0.6076216174180379,2.9385490852364926,89.56575393676758,0.2,0.625,0.2,0.625,0.39675372660872776,1.5479067583416666,-1.390642326894826,-0.9990402460098267,0.043801434338092804,1.0098793506622314,0.42965492606163025,0.010839104652404785,0.47345635294914246,1.0974787473678589,0.17918108313266984,8.0,-30.0,38,-22,apf_fsm,1,0.0,0.0
2026-08-18T01:59:59.213+00:00,1787018399.2133636,178211.6270773,6.254064800014021,49,2,AVOID,AVOID,0.403869506066206,0.6112167258527421,0.017455767962961135,93.63365173339844,1.0,0.625,1.0,0.625,0.5962898158143972,-1.5892137469868324,-1.6066695149497936,0.9997327923774719,0.023115059360861778,-1.0078685283660889,-0.464806467294693,-0.008135735988616943,-0.44169139862060547,1.1098846197128296,0.0,0,-35.0,35,-35,apf_fsm,1,0.0,0.0
2026-08-18T01:59:59.214+00:00,1787018399.2143614,178211.6278832,6.254870700009633,49,3,AVOID,AVOID,0.5939935730032772,0.6080547228938256,2.9385490852364926,94.63143348693848,0.2,0.625,0.2,0.625,0.39435780451779284,1.5534831264890987,-1.385065958747394,-0.9990764260292053,0.042969293892383575,1.0078685283660889,0.464806467294693,0.008792102336883545,0.5077757835388184,1.1098846197128296,0.18466438963242146,8.0,-30.0,38,-22,apf_fsm,1,0.0,0.0
2026-08-18T01:59:59.331+00:00,1787018399.331936,178211.7455579,6.372545399994124,50,2,AVOID,AVOID,0.40813876250541703,0.6107258753472359,-0.014508391337955914,86.45200729370117,1.0,0.625,1.0,0.625,0.5920333395031244,-1.5790493705327349,-1.5645409791947789,0.9997092485427856,0.02411033771932125,-1.003633737564087,-0.4996197521686554,-0.0039244890213012695,-0.4755094051361084,1.121115803718567,0.006255306805558703,0.43787147638910917,-35.0,35,-34,apf_fsm,1,0.0,0.0
2026-08-18T01:59:59.332+00:00,1787018399.3329368,178211.7462456,6.373233099991921,50,3,AVOID,AVOID,0.5885740194598956,0.6094230038381218,2.9113477871219984,87.45288848876953,0.2,0.625,0.2,0.625,0.38888611624567737,1.5625762811470507,-1.3487715059749477,-0.9991974830627441,0.04005541652441025,1.003633737564087,0.4996197521686554,0.0044362545013427734,0.5396751761436462,1.121115803718567,0.22020519184457144,8.0,-30.0,38,-22,apf_fsm,1,0.0,0.0
2026-08-18T01:59:59.450+00:00,1787018399.4509947,178211.864427,6.49141449999297,51,2,AVOID,AVOID,0.4097598017590767,0.609898543427021,-0.18464042014946697,87.90779113769531,1.0,0.625,1.0,0.625,0.5904333540799588,-1.5625019203092323,-1.3778615001597654,0.9996729493141174,0.02557690627872944,-0.9954827427864075,-0.5307499170303345,0.004190206527709961,-0.5051730275154114,1.1281317472457886,0.19174008968447806,8.0,-30.0,38,-22,apf_fsm,1,0.0,0.0
2026-08-18T01:59:59.451+00:00,1787018399.451994,178211.865009,6.491996500000823,51,3,AVOID,AVOID,0.5840775358780599,0.6113942615544941,2.8431738739244707,88.90700340270996,0.2,0.625,0.2,0.625,0.38431844827539813,1.5776678610547084,-1.2655060128697624,-0.9993731379508972,0.03540224954485893,0.9954827427864075,0.5307499170303345,-0.003890395164489746,0.5661521553993225,1.1281317472457886,0.30057007760346804,8.0,-30.0,38,-22,apf_fsm,1,0.0,0.0
2026-08-18T01:59:59.572+00:00,1787018399.5729284,178211.9866578,6.613645300007192,52,2,AVOID,AVOID,0.4111008832521412,0.608784635987345,-0.3290305475119586,91.86339378356934,1.0,0.625,1.0,0.625,0.5891223198423831,-1.5476885728498544,-1.2186580253378958,0.9996210932731628,0.027524610981345177,-0.9875013828277588,-0.5519179701805115,0.012119710445404053,-0.5243933796882629,1.1312702894210815,0.34490568404408567,8.0,-30.0,38,-22,apf_fsm,1,0.0,0.0
2026-08-18T01:59:59.573+00:00,1787018399.5739305,178211.9877287,6.614716200012481,52,3,AVOID,AVOID,0.5826310564414546,0.6127521897725803,2.599641620361944,92.8654670715332,0.2,0.625,0.2,0.625,0.38282702909913574,1.5913216950130304,-1.0083199253489137,-0.9994880557060242,0.031993065029382706,0.9875013828277588,0.5519179701805115,-0.01198667287826538,0.5839110612869263,1.1312702894210815,0.5332827107925366,8.0,-30.0,38,-22,apf_fsm,1,0.0,0.0
2026-08-18T01:59:59.692+00:00,1787018399.6925228,178212.1062096,6.733197099994868,53,2,AVOID,AVOID,0.41199613410969094,0.6072637152692368,-0.5362236403844687,86.7161750793457,1.0,0.625,1.0,0.625,0.5882712997401788,-1.48589619686381,-0.9496725564793413,0.9995454549789429,0.03014983981847763,-0.9493032693862915,-0.6205071210861206,0.05024218559265137,-0.5903573036193848,1.1341100931167603,0.5819494059119558,8.0,-30.0,38,-22,apf_fsm,1,0.0,0.0
2026-08-18T01:59:59.693+00:00,1787018399.6935225,178212.1068363,6.733823799993843,53,3,AVOID,AVOID,0.580429273560304,0.6220721187208574,2.241993143321285,87.71586418151855,0.2,0.625,0.2,0.625,0.3804405402561685,1.6512761353941965,-0.5907170079270885,-0.9999703764915466,0.007696028333157301,0.9493032693862915,0.6205071210861206,-0.05066710710525513,0.6282031536102295,1.1341100931167603,0.8305415502771473,24.0,8.708932030493,18.0,32,apf_fsm,1,0.0,0.0
2026-08-18T01:59:59.811+00:00,1787018399.8116999,178212.2247422,6.851729699992575,54,2,AVOID,AVOID,0.4124530143944044,0.605506734525806,-0.6485073669594151,87.96334266662598,1.0,0.625,1.0,0.625,0.5878702643382036,-1.4516978401533582,-0.8031904731939431,0.9994500279426575,0.033159125596284866,-0.9247485399246216,-0.6574152112007141,0.07470148801803589,-0.6242560744285583,1.134616494178772,0.6944144619241573,8.0,-30.0,38,-22,apf_fsm,1,0.0,0.0
2026-08-18T01:59:59.811+00:00,1787018399.8116999,178212.2253864,6.852373900008388,54,3,AVOID,AVOID,0.5797550542993061,0.6266886098822234,2.162906637036559,87.96334266662598,0.2,0.625,0.2,0.625,0.3797588085472189,1.6855203181707716,-0.4773863188657874,-0.9999901056289673,-0.00444653257727623,0.9247485399246216,0.6574152112007141,-0.0752415657043457,0.65296870470047,1.134616494178772,0.888198835249022,24.0,-0.8072890715123364,24,23,apf_fsm,1,0.0,0.0
2026-08-18T01:59:59.929+00:00,1787018399.9294167,178212.3427126,6.969700099987676,55,2,AVOID,AVOID,0.41307174423944054,0.6006471303148111,-1.006767842363944,87.56828308105469,1.0,0.625,1.0,0.625,0.5874332640156127,-1.356815651105236,-0.35004780874129215,0.9991402626037598,0.041456401348114014,-0.8438398838043213,-0.756113588809967,0.15530037879943848,-0.714657187461853,1.1330373287200928,0.9393563182612682,24.0,12.359515168429862,18.0,36,apf_fsm,1,0.0,0.0
2026-08-18T01:59:59.930+00:00,1787018399.9304173,178212.3434432,6.970430699991994,55,3,AVOID,AVOID,0.5781771521977003,0.6412533927016333,2.0027908866901596,88.56892585754395,0.2,0.625,0.2,0.625,0.378526262257556,1.7851245218495162,-0.2176663648406434,-0.9990777373313904,-0.04293861240148544,0.8438398838043213,0.756113588809967,-0.1552378535270691,0.7131749987602234,1.1330373287200928,0.9764040598937589,24.0,6.913534742473606,18.0,30,apf_fsm,1,0.0,0.0
2026-08-18T02:00:00.059+00:00,1787018400.059048,178212.4719876,7.098975100001553,56,2,AVOID,AVOID,0.41329370623320205,0.5960497819093428,-1.1048312090780907,98.02103042602539,1.0,0.625,1.0,0.625,0.5874201139500322,-1.3022776869333266,-0.19744647785523584,0.9987848401069641,0.04928366839885712,-0.7902122735977173,-0.8072774410247803,0.20857256650924683,-0.757993757724762,1.1296602487564087,0.9805706885773573,24.0,3.366581802459613,20,27,apf_fsm,1,0.0,0.0
2026-08-18T02:00:00.059+00:00,1787018400.059048,178212.4728339,7.099821400013752,56,3,AVOID,AVOID,0.5779154259975513,0.6491922222392422,1.8923475121914966,99.17545318603516,0.2,0.625,0.2,0.625,0.37868896580674694,1.8432996304969993,-0.04904788169449725,-0.9979572892189026,-0.06388414651155472,0.7902122735977173,0.8072774410247803,-0.2077450156211853,0.7433933019638062,1.1296602487564087,0.9987973937715962,24.0,5.411168093170143,18,29,apf_fsm,1,0.0,0.0
2026-08-18T02:00:00.194+00:00,1787018400.1944325,178212.6074655,7.234453000011854,57,2,AVOID,AVOID,0.4132627954656869,0.5899469630529479,-1.240326547252996,101.46331787109375,1.0,0.625,1.0,0.625,0.5877833466371362,-1.247327628998602,-0.007001081745605875,0.9982201457023621,0.05963597819209099,-0.7324159145355225,-0.8525052070617676,0.2658042311668396,-0.7928692102432251,1.1239209175109863,0.999975492527299,24.0,6.595578046380989,18.0,30,apf_fsm,1,0.0,0.0
2026-08-18T02:00:00.194+00:00,1787018400.1944325,178212.6082521,7.235239600006025,57,3,AVOID,AVOID,0.5780977229165853,0.6571272777074906,1.7763997081646754,101.46331787109375,0.2,0.625,0.2,0.625,0.3794602087803162,1.9019490972190949,0.12554938905441948,-0.9964094161987305,-0.08466573804616928,0.7324159145355225,0.8525052070617676,-0.263993501663208,0.7678394913673401,1.1239209175109863,0.9921290225622099,24.0,7.366398366756281,18.0,31,apf_fsm,1,0.0,0.0
2026-08-18T02:00:00.322+00:00,1787018400.3223157,178212.7361282,7.363115699990885,58,2,AVOID,AVOID,0.4132627954656869,0.5899469630529479,-1.3046519133662893,90.83175659179688,1.0,0.625,1.0,0.625,0.5877833466371362,-1.2402143261430771,0.06443758722321213,0.9982201457023621,0.05963597819209099,-0.7242196798324585,-0.8580631613731384,0.27400046586990356,-0.798427164554596,1.1228386163711548,0.9979246169431237,24.0,3.144729286140752,20,27,apf_fsm,1,0.0,0.0
2026-08-18T02:00:00.323+00:00,1787018400.323317,178212.7368438,7.3638312999974005,58,3,AVOID,AVOID,0.578242146968866,0.659243029068567,1.7125835772855202,91.83311462402344,0.2,0.625,0.2,0.625,0.37978902930891506,1.9108805771734068,0.19829699988788652,-0.9959269762039185,-0.09016329050064087,0.7242196798324585,0.8580631613731384,-0.27170729637145996,0.7678998708724976,1.1228386163711548,0.9804034903715209,24.0,4.529136378050211,19,28,apf_fsm,1,0.0,0.0
2026-08-18T02:00:00.450+00:00,1787018400.4506767,178212.8642118,7.49119930001325,59,2,AVOID,AVOID,0.41274582626712236,0.5826252602529856,-1.4368589952703825,92.87548065185547,1.0,0.625,1.0,0.625,0.5887810145846348,-1.1913993716817068,0.24545962358867568,0.9974067807197571,0.07197029143571854,-0.6716781854629517,-0.8889189958572388,0.3257285952568054,-0.8169487118721008,1.1141492128372192,0.970025737895488,24.0,8.790367508677981,18.0,32,apf_fsm,1,0.0,0.0
2026-08-18T02:00:00.451+00:00,1787018400.4516764,178212.8648305,7.491818000009516,59,3,AVOID,AVOID,0.5792459930345738,0.6665926449380446,1.6447643080122185,93.87516975402832,0.2,0.625,0.2,0.625,0.3815199488175189,1.9627467217139702,0.31798241370175173,-0.99403977394104,-0.10901827365159988,0.6716781854629517,0.8889189958572388,-0.3223615884780884,0.7799007296562195,1.1141492128372192,0.9498681508303994,24.0,7.3688136205028,18.0,31,apf_fsm,1,0.0,0.0
2026-08-18T02:00:00.575+00:00,1787018400.575176,178212.988501,7.61548850001418,60,2,AVOID,AVOID,0.41236115231137915,0.580742844983223,-1.5194165320698607,94.15721893310547,1.0,0.625,1.0,0.625,0.589303072351561,-1.180412810540738,0.3390037215291226,0.997175931930542,0.075100839138031,-0.6602860689163208,-0.8937816619873047,0.3368898630142212,-0.8186808228492737,1.1112260818481445,0.9430864436082651,24.0,6.664080643206869,18.0,30,apf_fsm,1,0.0,0.0
2026-08-18T02:00:00.576+00:00,1787018400.576181,178212.9892513,7.61623879999388,60,3,AVOID,AVOID,0.5797113885347573,0.6685682732567154,1.6120062917790559,95.16215324401855,0.2,0.625,0.2,0.625,0.38220273810840927,1.9746044036234183,0.3625981118443624,-0.9934815764427185,-0.11399256438016891,0.6602860689163208,0.8937816619873047,-0.3331955075263977,0.7797890901565552,1.1112260818481445,0.9349784181130345,24.0,5.187530553434998,18,29,apf_fsm,1,0.0,0.0
2026-08-18T02:00:00.698+00:00,1787018400.6987853,178213.1119444,7.738931900006719,61,2,AVOID,AVOID,0.411985020281594,0.5790190830044736,-1.5516020504282833,92.8046703338623,1.0,0.625,1.0,0.625,0.5898100211941019,-1.1542230792817862,0.397378971146497,0.9969565272331238,0.0779588595032692,-0.6301620006561279,-0.9069317579269409,0.36679452657699585,-0.8289728760719299,1.1043683290481567,0.9220785057984918,24.0,6.016923448073074,18.0,30,apf_fsm,1,0.0,0.0
2026-08-18T02:00:00.698+00:00,1787018400.6987853,178213.1125874,7.739574900013395,61,3,AVOID,AVOID,0.580593825438277,0.6767478391797899,1.603524237900777,92.8046703338623,0.2,0.625,0.2,0.625,0.3840956896679772,2.0078044535333968,0.40428021563261973,-0.9908828139305115,-0.134726420044899,0.6301620006561279,0.9069317579269409,-0.36072081327438354,0.7722053527832031,1.1043683290481567,0.9193857675967984,24.0,5.501675788915204,18,29,apf_fsm,1,0.0,0.0
2026-08-18T02:00:00.823+00:00,1787018400.8237886,178213.2371101,7.864097599987872,62,2,AVOID,AVOID,0.41153540291494795,0.5773064235337882,-1.578546497783052,91.81094169616699,1.0,0.625,1.0,0.625,0.5903941558472704,-1.1442606294505224,0.43428586833252947,0.996731698513031,0.08078259974718094,-0.619580864906311,-0.9107166528701782,0.37715083360671997,-0.8299340605735779,1.1014922857284546,0.9071707535417612,24.0,5.634600084836431,18,29,apf_fsm,1,0.0,0.0
2026-08-18T02:00:00.824+00:00,1787018400.8247786,178213.2377328,7.864720299985493,62,3,AVOID,AVOID,0.5807215456837724,0.6788947894620855,1.6114912989651984,92.80085563659668,0.2,0.625,0.2,0.625,0.3845172865802048,2.019034960831896,0.40754366186669744,-0.9901285767555237,-0.14016219973564148,0.619580864906311,0.9107166528701782,-0.37054771184921265,0.7705544233322144,1.1014922857284546,0.9180971743572788,24.0,4.189657236859694,19,28,apf_fsm,1,0.0,0.0
2026-08-18T02:00:00.952+00:00,1787018400.952813,178213.3657256,7.992713099985849,63,2,AVOID,AVOID,0.41153540291494795,0.5773064235337882,-1.595158987552434,94.9106216430664,1.0,0.625,1.0,0.625,0.5903941558472704,-1.1250852262475737,0.4700737613048602,0.996731698513031,0.08078259974718094,-0.5956727862358093,-0.9202108383178711,0.4010589122772217,-0.8394282460212708,1.0961815118789673,0.8915348802866052,24.0,5.953313867080179,18,29,apf_fsm,1,0.0,0.0
2026-08-18T02:00:00.953+00:00,1787018400.9538136,178213.3668851,7.9938725999963935,63,3,AVOID,AVOID,0.5810195493498986,0.686964710072128,1.6114912989651984,96.91095352172852,0.2,0.625,0.2,0.625,0.38602528710062856,2.0464955364636817,0.43500423749848327,-0.9870325922966003,-0.1605198085308075,0.5956727862358093,0.9202108383178711,-0.391359806060791,0.7596909999847412,1.0961815118789673,0.9068682565652579,24.0,5.311162522097337,18,29,apf_fsm,1,0.0,0.0
2026-08-18T02:00:01.083+00:00,1787018401.0836308,178213.4967941,8.123781600006623,64,2,AVOID,AVOID,0.4111845539368699,0.575602759486164,-1.6594843014916971,95.03793716430664,1.0,0.625,1.0,0.625,0.5908838438245749,-1.1023638508632474,0.5571204506284497,0.9964994788169861,0.08359890431165695,-0.5690228939056396,-0.9284218549728394,0.42747658491134644,-0.8448229432106018,1.088923454284668,0.8487811731475117,24.0,8.61783863261013,18.0,32,apf_fsm,1,0.0,0.0
2026-08-18T02:00:01.083+00:00,1787018401.0836308,178213.4974616,8.124449099996127,64,3,AVOID,AVOID,0.5812014883200309,0.6954499955014517,1.6114912989651984,95.03793716430664,0.2,0.625,0.2,0.625,0.3876567767543362,2.0773807987895156,0.46588949982431727,-0.9833479523658752,-0.1817329227924347,0.5690228939056396,0.9284218549728394,-0.4143250584602356,0.746688961982727,1.088923454284668,0.8934223400559842,24.0,5.739879179647362,18,29,apf_fsm,1,0.0,0.0
2026-08-18T02:00:01.217+00:00,1787018401.2172892,178213.6310635,8.25805100001162,65,2,AVOID,AVOID,0.410586949104566,0.5737925776973908,-1.7041787202900966,103.88541221618652,1.0,0.625,1.0,0.625,0.5916332856294862,-1.0945626908801407,0.609616029409956,0.9962472915649414,0.08655264228582382,-0.5614336133003235,-0.9294875860214233,0.4348136782646179,-0.8429349660873413,1.0858889818191528,0.8198679216749943,24.0,7.933505551452278,18.0,31,apf_fsm,1,0.0,0.0
2026-08-18T02:00:01.218+00:00,1787018401.2184029,178213.631751,8.258738500007894,65,3,AVOID,AVOID,0.5811019386930724,0.6973412290159194,1.6206097990056583,104.99906539916992,0.2,0.625,0.2,0.625,0.38790712946677325,2.086336926086963,0.4657271270813046,-0.9824566841125488,-0.18649110198020935,0.5614336133003235,0.9294875860214233,-0.42102307081222534,0.7429964542388916,1.0858889818191528,0.8934952689847627,24.0,4.651588224807603,19,28,apf_fsm,1,0.0,0.0
2026-08-18T02:00:01.335+00:00,1787018401.3356316,178213.7532363,8.380223799991654,66,2,AVOID,AVOID,0.410586949104566,0.5737925776973908,-1.7303439086968742,89.12801742553711,1.0,0.625,1.0,0.625,0.5916332856294862,-1.0824058485581953,0.6479380601386788,0.9962472915649414,0.08655264228582382,-0.5452353358268738,-0.9354004859924316,0.4510119557380676,-0.8488478660583496,1.0827075242996216,0.7973299633255976,8.0,30.0,-22,38,apf_fsm,1,0.0,0.0
2026-08-18T02:00:01.335+00:00,1787018401.3356316,178213.7541089,8.381096400000388,66,3,AVOID,AVOID,0.5803916043917979,0.7027853723690841,1.6423582908818035,89.12801742553711,0.2,0.625,0.2,0.625,0.3882632313860832,2.1046435506901364,0.4622852598083329,-0.9797260761260986,-0.2003418505191803,0.5452353358268738,0.9354004859924316,-0.43449074029922485,0.7350586652755737,1.0827075242996216,0.8950356218659311,24.0,4.50238724352932,19,28,apf_fsm,1,0.0,0.0
2026-08-18T02:00:01.460+00:00,1787018401.4608457,178213.8773874,8.504374899988761,67,2,AVOID,AVOID,0.40996584165582717,0.5721236497163809,-1.76559258287388,91.37606620788574,1.0,0.625,1.0,0.625,0.5923986971898507,-1.060524123810035,0.7050684590638452,0.996008574962616,0.08925804495811462,-0.5188084840774536,-0.9418331980705261,0.47720009088516235,-0.8525751829147339,1.075273036956787,0.7615671861880854,8.0,30.0,-22,38,apf_fsm,1,0.0,0.0
2026-08-18T02:00:01.460+00:00,1787018401.4608457,178213.8781675,8.505154999991646,67,3,AVOID,AVOID,0.579097461609029,0.7119724081777652,1.680014050391713,91.37606620788574,0.2,0.625,0.2,0.625,0.38894612118216193,2.1363546079865903,0.45634055759487735,-0.974678635597229,-0.22361043095588684,0.5188084840774536,0.9418331980705261,-0.4558701515197754,0.7182227373123169,1.075273036956787,0.8976710966826484,24.0,4.355340998477829,19,28,apf_fsm,1,0.0,0.0
2026-08-18T02:00:01.593+00:00,1787018401.59368,178214.0067336,8.633721099991817,68,2,AVOID,AVOID,0.4091605129303382,0.5705518099513682,-1.7918616897939175,99.3340015411377,1.0,0.625,1.0,0.625,0.5933429909254115,-1.0465718107397757,0.7452898790541418,0.9957806468009949,0.09176511317491531,-0.5036828517913818,-0.9428731203079224,0.49209779500961304,-0.8511080145835876,1.0689743757247925,0.7348913416722752,8.0,30.0,-22,38,apf_fsm,1,0.0,0.0
2026-08-18T02:00:01.594+00:00,1787018401.5946805,178214.0075793,8.634566799999448,68,3,AVOID,AVOID,0.5782398472159868,0.7185386807976946,1.7083689954524248,99.3340015411377,0.2,0.625,0.2,0.625,0.3896342731682443,2.157355793730485,0.44898679827806,-0.9707560539245605,-0.24006788432598114,0.5036828517913818,0.9428731203079224,-0.4670732021331787,0.70280522108078,1.0689743757247925,0.9008873479159882,24.0,4.232486406691993,19,28,apf_fsm,1,0.0,0.0
2026-08-18T02:00:01.717+00:00,1787018401.7175312,178214.1310905,8.758078000013484,69,2,AVOID,AVOID,0.4091605129303382,0.5705518099513682,-1.8030584723399614,90.19064903259277,1.0,0.625,1.0,0.625,0.5933429909254115,-1.040283128704432,0.7627753436355293,0.9957806468009949,0.09176511317491531,-0.49599626660346985,-0.9437575340270996,0.499784380197525,-0.8519924283027649,1.0661569833755493,0.7229212279127702,8.0,30.0,-22,38,apf_fsm,1,0.0,0.0
2026-08-18T02:00:01.718+00:00,1787018401.718531,178214.1318699,8.758857400011038,69,3,AVOID,AVOID,0.577912740732254,0.7224191741326684,1.7083689954524248,91.19033813476562,0.2,0.625,0.2,0.625,0.3902672611127597,2.168302725039114,0.459933729586689,-0.9683434367179871,-0.2496216893196106,0.49599626660346985,0.9437575340270996,-0.4723471701145172,0.694135844707489,1.0661569833755493,0.8960819161824137,24.0,4.9824798916689055,19,28,apf_fsm,1,0.0,0.0
2026-08-18T02:00:01.844+00:00,1787018401.8445191,178214.2574448,8.884432299993932,70,2,AVOID,AVOID,0.40828848347829577,0.5689540951180052,-1.8357532640779166,91.278076171875,1.0,0.625,1.0,0.625,0.5943598760334151,-1.0389210008375458,0.7968322632403708,0.9955441951751709,0.09429624676704407,-0.49755626916885376,-0.940582811832428,0.49798792600631714,-0.8462865352630615,1.06407630443573,0.6989756052372563,8.0,30.0,-22,38,apf_fsm,1,0.0,0.0
2026-08-18T02:00:01.844+00:00,1787018401.8445191,178214.2580783,8.885065799986478,70,3,AVOID,AVOID,0.577912740732254,0.7224191741326684,1.7083689954524248,92.25845336914062,0.2,0.625,0.2,0.625,0.3902672611127597,2.1688963429159203,0.46052734746349544,-0.9683434367179871,-0.2496216893196106,0.49755626916885376,0.940582811832428,-0.4707871675491333,0.6909611225128174,1.06407630443573,0.8958182580342321,24.0,4.62605010032318,19,28,apf_fsm,1,0.0,0.0
2026-08-18T02:00:01.960+00:00,1787018401.968127,178214.3809707,9.007958200003486,71,2,AVOID,AVOID,0.4073673142842006,0.5673396356186513,-1.88696219236635,82.75008201599121,1.0,0.625,1.0,0.625,0.5954311192735154,-1.0308124871778621,0.8561497051884879,0.9953001737594604,0.09683800488710403,-0.49140068888664246,-0.9375003576278687,0.5038994550704956,-0.8406623601913452,1.0584807395935059,0.6553505421305683,8.0,30.0,-22,38,apf_fsm,1,0.0,0.0
2026-08-18T02:00:01.968+00:00,1787018401.9684806,178214.3819033,9.008890800003428,71,3,AVOID,AVOID,0.5774601789324431,0.7270870235798732,1.6986715868291877,90.47174453735352,0.2,0.625,0.2,0.625,0.3910216708356578,2.1819400762988868,0.483268489469699,-0.9653177857398987,-0.2610776424407959,0.49140068888664246,0.9375003576278687,-0.4739170968532562,0.6764227151870728,1.0584807395935059,0.885480867204504,24.0,5.628624864914116,18,29,apf_fsm,1,0.0,0.0
2026-08-18T02:00:02.095+00:00,1787018402.0957625,178214.5088487,9.135836200002814,72,2,AVOID,AVOID,0.40705347022757044,0.565069641593448,-1.8618570746372036,93.29080581665039,1.0,0.625,1.0,0.625,0.5959674781629485,-1.019485868259987,0.8423712063772166,0.9949310421943665,0.1005597785115242,-0.48189762234687805,-0.9348828792572021,0.513033390045166,-0.8343231081962585,1.051775336265564,0.6656952485371959,8.0,30.0,-22,38,apf_fsm,1,0.0,0.0
2026-08-18T02:00:02.095+00:00,1787018402.0957625,178214.5094491,9.136436600005254,72,3,AVOID,AVOID,0.5768783071221132,0.7329971794550871,1.6889860336154745,93.29080581665039,0.2,0.625,0.2,0.625,0.3920467435771966,2.1994330478980113,0.5104470142825368,-0.9613096714019775,-0.27547016739845276,0.48189762234687805,0.9348828792572021,-0.4794120490550995,0.6594127416610718,1.051775336265564,0.8725261982545786,24.0,6.055718511274691,18.0,30,apf_fsm,1,0.0,0.0
2026-08-18T02:00:02.211+00:00,1787018402.2110012,178214.6288449,9.255832399998326,73,2,AVOID,AVOID,0.40682114171722744,0.5632919032166706,-1.831803445545677,83.5869312286377,1.0,0.625,1.0,0.625,0.5963799519788323,-1.0120175279425445,0.8197859176031326,0.9946324229240417,0.10347110033035278,-0.4770393669605255,-0.9312893152236938,0.5175930261611938,-0.8278182148933411,1.046358585357666,0.6823777171045724,8.0,30.0,-22,38,apf_fsm,1,0.0,0.0
2026-08-18T02:00:02.216+00:00,1787018402.216558,178214.6300942,9.25708169999416,73,3,AVOID,AVOID,0.576524504422063,0.7375450109497356,1.6889860336154745,89.14375305175781,0.2,0.625,0.2,0.625,0.3929848367557663,2.2117093309971274,0.5227232973816529,-0.9581146240234375,-0.28638511896133423,0.4770393669605255,0.9312893152236938,-0.481075257062912,0.6449041962623596,1.046358585357666,0.8664628109490362,24.0,5.656902882285593,18,29,apf_fsm,1,0.0,0.0
2026-08-18T02:00:02.332+00:00,1787018402.3329587,178214.7467567,9.37374420001288,74,2,AVOID,AVOID,0.4072216475538583,0.5611916722604466,-1.6954496766748615,87.36133575439453,1.0,0.625,1.0,0.625,0.5962027153726158,-1.0036239859573497,0.6918256907175118,0.9942563772201538,0.10702455788850784,-0.471486359834671,-0.9277172088623047,0.5227700471878052,-0.8206926584243774,1.0406529903411865,0.770082610280101,8.0,30.0,-22,38,apf_fsm,1,0.0,0.0
2026-08-18T02:00:02.334+00:00,1787018402.3344994,178214.7478545,9.374841999990167,74,3,AVOID,AVOID,0.5762815569154822,0.7424328280405376,1.6889860336154745,88.90199661254883,0.2,0.625,0.2,0.625,0.39418051597756293,2.2251373566080814,0.5361513229926069,-0.9545919895172119,-0.29791638255119324,0.471486359834671,0.9277172088623047,-0.4831056296825409,0.6298007965087891,1.0406529903411865,0.859681067530998,24.0,5.83149412630946,18,29,apf_fsm,1,0.0,0.0
2026-08-18T02:00:02.450+00:00,1787018402.4501402,178214.8630107,9.489998200006085,75,2,AVOID,AVOID,0.4078605351191046,0.5592934457432739,-1.492151760692506,85.68692207336426,1.0,0.625,1.0,0.625,0.5957738640975494,-0.9959803322935495,0.49617142839895656,0.9938997030258179,0.11028773337602615,-0.4663812220096588,-0.9246306419372559,0.5275185108184814,-0.8143429160118103,1.0355931520462036,0.8794116406307306,24.0,-1.8861848971598674,25,22,apf_fsm,1,0.0,0.0
2026-08-18T02:00:02.450+00:00,1787018402.4501402,178214.8635903,9.490577799995663,75,3,AVOID,AVOID,0.5758776653890976,0.7470022353089008,1.6889860336154745,86.68756484985352,0.2,0.625,0.2,0.625,0.3951816857582431,2.237612213559752,0.5486261799442775,-0.9511514902114868,-0.30872440338134766,0.4663812220096588,0.9246306419372559,-0.484770268201828,0.6159062385559082,1.0355931520462036,0.8532417955122009,24.0,5.922881792751247,18,29,apf_fsm,1,0.0,0.0
2026-08-18T02:00:02.568+00:00,1787018402.5682695,178214.9812873,9.608274800004438,76,2,AVOID,AVOID,0.40889008678434324,0.5570833601934241,-1.3945998806264612,87.92448043823242,1.0,0.625,1.0,0.625,0.5949988230781952,-0.8710232619010411,0.5235766187254202,0.9934639930725098,0.11414583772420883,-0.3879144787788391,-0.8334107398986816,0.6055495142936707,-0.7192649245262146,0.9192666411399841,0.8660364820082994,24.0,6.194947848680427,18.0,30,apf_fsm,1,0.0,0.0
2026-08-18T02:00:02.568+00:00,1787018402.5682695,178214.9818691,9.608856600010768,76,3,AVOID,AVOID,0.5753858184299453,0.7524090445946998,1.6889860336154745,87.92448043823242,0.2,0.625,0.2,0.625,0.39641843716312447,2.4000662346912716,0.7110802010757971,-0.9469433426856995,-0.32140037417411804,0.3879144787788391,0.8334107398986816,-0.5590288639068604,0.5120103359222412,0.9192666411399841,0.7576573221454345,8.0,30.0,-22,38,apf_fsm,1,0.0,0.0
2026-08-18T02:00:02.690+00:00,1787018402.690475,178215.1035998,9.73058730000048,77,2,AVOID,AVOID,0.4111131005688091,0.5539641249587659,-1.1999581337302507,92.15307235717773,1.0,0.625,1.0,0.625,0.5931558613590153,-0.7225284450509167,0.477429688679334,0.9928029775619507,0.1197592094540596,-0.29972243309020996,-0.730745255947113,0.6930805444717407,-0.610986053943634,0.7898241877555847,0.888178907750441,24.0,3.159154335180324,20,27,apf_fsm,1,0.0,0.0
2026-08-18T02:00:02.691+00:00,1787018402.691475,178215.1044962,9.731483699986711,77,3,AVOID,AVOID,0.5751281649297564,0.7552172801014694,1.6889860336154745,93.15299987792969,0.2,0.625,0.2,0.625,0.39708648952160414,2.583326111963427,0.8943400783479525,-0.9447014331817627,-0.32793179154396057,0.29972243309020996,0.730745255947113,-0.6449790000915527,0.40281346440315247,0.7898241877555847,0.6260335570138634,8.0,30.0,-22,38,apf_fsm,1,0.0,0.0
2026-08-18T02:00:02.811+00:00,1787018402.811733,178215.2249284,9.85191590001341,78,2,AVOID,AVOID,0.41628975378468025,0.5504118232029247,-0.9651092921312088,88.50312232971191,1.0,0.625,1.0,0.625,0.5884564959745631,-0.48282047293155905,0.4822888191996497,0.9919344186782837,0.12675224244594574,-0.16848014295101166,-0.5584078431129456,0.8234542608261108,-0.4316555857658386,0.5832708477973938,0.8859356713129494,24.0,4.992957760207548,19,28,apf_fsm,1,0.0,0.0
2026-08-18T02:00:02.811+00:00,1787018402.811733,178215.2255767,9.852564200002234,78,3,AVOID,AVOID,0.5746160161923912,0.7624681080920741,1.6889860336154745,88.50312232971191,0.2,0.625,0.2,0.625,0.3990421535756242,2.8707202057703323,1.1817341721548578,-0.9387879967689514,-0.34449517726898193,0.16848014295101166,0.5584078431129456,-0.7703078389167786,0.21391266584396362,0.5832708477973938,0.37932082638205256,8.0,30.0,-22,38,apf_fsm,1,0.0,0.0
2026-08-18T02:00:02.930+00:00,1787018402.9302657,178215.3440287,9.971016199997393,79,2,AVOID,AVOID,0.41628975378468025,0.5504118232029247,-0.8752890943681598,87.7528190612793,1.0,0.625,1.0,0.625,0.5884564959745631,-0.42074071182362727,0.45454838254453256,0.9919344186782837,0.12675224244594574,-0.13999736309051514,-0.507961094379425,0.8519370555877686,-0.3812088370323181,0.5269001126289368,0.8984594054198431,24.0,3.5745685425162246,20,27,apf_fsm,1,0.0,0.0
2026-08-18T02:00:02.931+00:00,1787018402.9316225,178215.3451271,9.972114600008354,79,3,AVOID,AVOID,0.5745279976693135,0.7643228994233467,1.6889860336154745,89.10965919494629,0.2,0.625,0.2,0.625,0.39960241658667844,2.944370253786858,1.2553842201713834,-0.9372515678405762,-0.3486538231372833,0.13999736309051514,0.507961094379425,-0.797254204750061,0.15930727124214172,0.5269001126289368,0.31020827439352006,8.0,30.0,-22,38,apf_fsm,1,0.0,0.0
2026-08-18T02:00:03.057+00:00,1787018403.057395,178215.470321,10.097308500000509,80,2,AVOID,AVOID,0.41824802913401815,0.5493279885296853,-0.7788706960116426,89.92314338684082,1.0,0.625,1.0,0.625,0.5866528862337742,-0.4299826054522754,0.3488880905593672,0.9916459321975708,0.12898941338062286,-0.14072328805923462,-0.5192224979400635,0.8509226441383362,-0.3902330994606018,0.5379545092582703,0.9397534033849041,24.0,-0.20922931388711552,24,23,apf_fsm,1,0.0,0.0
2026-08-18T02:00:03.057+00:00,1787018403.057395,178215.4711634,10.098150900012115,80,3,AVOID,AVOID,0.5745279976693135,0.7643228994233467,1.6889860336154745,90.91949462890625,0.2,0.625,0.2,0.625,0.39960241658667844,2.9306385107902106,1.2416524771747361,-0.9372515678405762,-0.3486538231372833,0.14072328805923462,0.5192224979400635,-0.7965282797813416,0.17056867480278015,0.5379545092582703,0.3232329552213557,8.0,30.0,-22,38,apf_fsm,1,0.0,0.0
2026-08-18T02:00:03.182+00:00,1787018403.1828778,178215.5967768,10.223764299997129,81,2,AVOID,AVOID,0.42155614759997023,0.5477743959738969,-0.6410712517601429,91.45951271057129,1.0,0.625,1.0,0.625,0.5835761169689725,-0.4537891416492225,0.18728211011092039,0.9912055134773254,0.13233168423175812,-0.14515046775341034,-0.544983983039856,0.8460550308227539,-0.41265231370925903,0.5639824271202087,0.9825139051726363,24.0,-3.7833882145864344,27,20,apf_fsm,1,0.0,0.0
2026-08-18T02:00:03.184+00:00,1787018403.1840205,178215.5974938,10.224481300014304,81,3,AVOID,AVOID,0.5745279976693135,0.7643228994233467,1.7009615901651238,92.60225296020508,0.2,0.625,0.2,0.625,0.39960241658667844,2.898629137986858,1.1976675478217342,-0.9372515678405762,-0.3486538231372833,0.14515046775341034,0.544983983039856,-0.7921010851860046,0.19633015990257263,0.5639824271202087,0.36453070342880306,8.0,30.0,-22,38,apf_fsm,1,0.0,0.0
2026-08-18T02:00:03.301+00:00,1787018403.302377,178215.715218,10.342205499997362,82,2,AVOID,AVOID,0.42328936359213987,0.5469040264467784,-0.5724917390026574,89.57386016845703,1.0,0.625,1.0,0.625,0.5819743458531351,-0.46329181697556104,0.10919992202709633,0.9909553527832031,0.13419142365455627,-0.1460687667131424,-0.556259036064148,0.8448866009712219,-0.4220676124095917,0.5751175284385681,0.9940436110197902,24.0,-1.6408773626628785,25,22,apf_fsm,1,0.0,0.0
2026-08-18T02:00:03.302+00:00,1787018403.302377,178215.7158317,10.342819200013764,82,3,AVOID,AVOID,0.5745279976693135,0.7643228994233467,1.7518701784526118,90.57307243347168,0.2,0.625,0.2,0.625,0.39960241658667844,2.8849792483737704,1.1331090699211586,-0.9372515678405762,-0.3486538231372833,0.1460687667131424,0.556259036064148,-0.791182816028595,0.20760521292686462,0.5751175284385681,0.4238458696133613,8.0,30.0,-22,38,apf_fsm,1,0.0,0.0
2026-08-18T02:00:03.425+00:00,1787018403.4253917,178215.8386346,10.46562209998956,83,2,AVOID,AVOID,0.42523514393898537,0.5461277031524868,-0.5077238769410823,91.11523628234863,1.0,0.625,1.0,0.625,0.5801512552540424,-0.48060046523039957,0.027123411710682777,0.990715503692627,0.13595125079154968,-0.14976735413074493,-0.574400007724762,0.8409481644630432,-0.4384487569332123,0.5936039686203003,0.9996321828190448,24.0,-2.6014437439676463,26,21,apf_fsm,1,0.0,0.0
2026-08-18T02:00:03.426+00:00,1787018403.4263768,178215.8393992,10.466386699990835,83,3,AVOID,AVOID,0.5745279976693135,0.7643228994233467,1.8875196172132254,92.10038185119629,0.2,0.625,0.2,0.625,0.39960241658667844,2.8624118850058187,0.9748922677925933,-0.9372515678405762,-0.3486538231372833,0.14976735413074493,0.574400007724762,-0.7874842286109924,0.22574618458747864,0.5936039686203003,0.5612572204441335,8.0,30.0,-22,38,apf_fsm,1,0.0,0.0
2026-08-18T02:00:03.547+00:00,1787018403.5476298,178215.9607582,10.587745700002415,84,2,AVOID,AVOID,0.428795870061211,0.5451047093936029,-0.41583271103616337,88.20056915283203,1.0,0.625,1.0,0.625,0.5767646101488973,-0.5034053728245153,-0.08757266178835188,0.9903591275215149,0.13852320611476898,-0.14597363770008087,-0.6035537123680115,0.8443855047225952,-0.4650304913520813,0.620955228805542,0.9961679643738658,24.0,-4.890089190349732,28,19,apf_fsm,1,0.0,0.0
2026-08-18T02:00:03.547+00:00,1787018403.5476298,178215.9613326,10.588320100010606,84,3,AVOID,AVOID,0.5719642562127158,0.7665528923631818,1.988816840379486,88.20056915283203,0.2,0.625,0.2,0.625,0.3979882275096356,2.8370527591095773,0.8482359187300914,-0.9346112012863159,-0.3556710481643677,0.14597363770008087,0.6035537123680115,-0.7886375784873962,0.2478826642036438,0.620955228805542,0.6613074379609356,8.0,30.0,-22,38,apf_fsm,1,0.0,0.0
2026-08-18T02:00:03.665+00:00,1787018403.6657596,178216.079257,10.706244500004686,85,2,AVOID,AVOID,0.428795870061211,0.5451047093936029,-0.36247234357061175,87.21446990966797,1.0,0.625,1.0,0.625,0.5767646101488973,-0.5027125579598778,-0.14024021438926604,0.9903591275215149,0.13852320611476898,-0.13438193500041962,-0.6091650128364563,0.8559771776199341,-0.4706417918205261,0.6238113045692444,0.9901824473797057,24.0,-3.2457664849246557,27,20,apf_fsm,1,0.0,0.0
2026-08-18T02:00:03.666+00:00,1787018403.6667528,178216.0798235,10.70681100001093,85,3,AVOID,AVOID,0.5672404899891941,0.7694529521843207,2.237017689273476,88.20772171020508,0.2,0.625,0.2,0.625,0.3946292347029918,2.845242108729487,0.6082244194560111,-0.9305962324142456,-0.36604729294776917,0.13438193500041962,0.6091650128364563,-0.7962142825126648,0.24311771988868713,0.6238113045692444,0.8206638975812616,24.0,-2.318158280032698,26,21,apf_fsm,1,0.0,0.0
2026-08-18T02:00:03.784+00:00,1787018403.7841914,178216.1971807,10.824168199993437,86,2,AVOID,AVOID,0.4306366057989254,0.544709313494998,-0.32576380603201,87.62860298156738,1.0,0.625,1.0,0.625,0.574996755639206,-0.6309563221654212,-0.3051925161334112,0.990202784538269,0.13963676989078522,-0.16425827145576477,-0.7430557012557983,0.8259445428848267,-0.6034189462661743,0.7609944343566895,0.9537891236111451,24.0,-8.825255722379193,32,18.0,apf_fsm,1,0.0,0.0
2026-08-18T02:00:03.784+00:00,1787018403.7841914,178216.1977907,10.824778200010769,86,3,AVOID,AVOID,0.5595996107954779,0.7708180163522641,2.589186122893295,87.62860298156738,0.2,0.625,0.2,0.625,0.38803965516061417,2.6926895641695006,0.1035034412762057,-0.926708459854126,-0.37578120827674866,0.16425827145576477,0.7430557012557983,-0.7624502182006836,0.3672744929790497,0.7609944343566895,0.9946482990964468,24.0,-16.630199823531136,40,18.0,apf_fsm,1,0.0,0.0
2026-08-18T02:00:03.897+00:00,1787018403.8975248,178216.3148825,10.941870000009658,87,2,AVOID,AVOID,0.4323871564720266,0.5442984845989469,-0.2939813695623892,83.8162899017334,1.0,0.625,1.0,0.625,0.5733210921690725,-0.6485575080752672,-0.35457613851287806,0.9900434613227844,0.14076146483421326,-0.1673590987920761,-0.764299213886261,0.8226843476295471,-0.6235377788543701,0.7824080586433411,0.937793734755948,24.0,-5.274188168410121,29,18,apf_fsm,1,0.0,0.0
2026-08-18T02:00:03.897+00:00,1787018403.8975248,178216.3155408,10.942528299987316,87,3,AVOID,AVOID,0.5595996107954779,0.7708180163522641,2.661288009193855,83.8162899017334,0.2,0.625,0.2,0.625,0.38803965516061417,2.6686717626942307,0.007383753500375789,-0.926708459854126,-0.37578120827674866,0.1673590987920761,0.764299213886261,-0.7593493461608887,0.38851800560951233,0.7824080586433411,0.999972740215973,24.0,-3.290351537150289,27,20,apf_fsm,1,0.0,0.0
2026-08-18T02:00:04.022+00:00,1787018404.0222282,178216.4354905,11.062478000007104,88,2,AVOID,AVOID,0.4323871564720266,0.5442984845989469,-0.24598674234171064,90.62504768371582,1.0,0.625,1.0,0.625,0.5733210921690725,-0.7376378488594904,-0.4916511065177797,0.9900434613227844,0.14076146483421326,-0.2022048979997635,-0.8567233681678772,0.7878385782241821,-0.7159619331359863,0.8802623152732849,0.8815546028049935,24.0,-9.714134945349354,33,18.0,apf_fsm,1,0.0,0.0
2026-08-18T02:00:04.023+00:00,1787018404.0232456,178216.4363333,11.063320799992653,88,3,AVOID,AVOID,0.5578438280267214,0.7692116183412221,2.8515169748856133,91.64237976074219,0.2,0.625,0.2,0.625,0.38580979267174137,2.554167941803246,-0.29734903308236715,-0.927513599395752,-0.3737894296646118,0.2022048979997635,0.8567233681678772,-0.7253087162971497,0.4829339385032654,0.8802623152732849,0.9561165456277501,24.0,-13.639137861219673,37,18.0,apf_fsm,1,0.0,0.0
2026-08-18T02:00:04.146+00:00,1787018404.146979,178216.5607995,11.187787000002572,89,2,AVOID,AVOID,0.4323871564720266,0.5442984845989469,-0.24598674234171064,89.5392894744873,1.0,0.625,1.0,0.625,0.5733210921690725,-0.8615907225279114,-0.6156039801862008,0.9900434613227844,0.14076146483421326,-0.2501073479652405,-1.0030088424682617,0.739936113357544,-0.8622473478317261,1.0337215662002563,0.8164248264300576,8.0,-30.0,38,-22,apf_fsm,1,0.0,0.0
2026-08-18T02:00:04.148+00:00,1787018404.1481411,178216.5615685,11.188556000008248,89,3,AVOID,AVOID,0.5539954500047832,0.7666365456223547,2.9476375445156013,90.70134162902832,0.2,0.625,0.2,0.625,0.3812790181480255,2.3919105657360618,-0.5557269787795396,-0.9284419417381287,-0.3714774250984192,0.2501073479652405,1.0030088424682617,-0.6783345937728882,0.6315314173698425,1.0337215662002563,0.8495171391209121,24.0,-14.600497887196429,38,18.0,apf_fsm,1,0.0,0.0
2026-08-18T02:00:04.262+00:00,1787018404.2625985,178216.6759281,11.302915600012057,90,2,AVOID,AVOID,0.43444925851028726,0.5439530647749791,-0.24598674234171064,86.81392669677734,1.0,0.625,1.0,0.625,0.5713284929958706,-0.8363374535922762,-0.5903507112505655,0.9898871183395386,0.14185698330402374,-0.19560664892196655,-1.0214786529541016,0.794280469417572,-0.879621684551239,1.040038824081421,0.8307455059318731,24.0,-5.019642699758419,29,18,apf_fsm,1,0.0,0.0
2026-08-18T02:00:04.263+00:00,1787018404.2635918,178216.6765347,11.3035222000035,90,3,AVOID,AVOID,0.5463853774690343,0.7656411674969872,2.967849231470295,87.80717849731445,0.2,0.625,0.2,0.625,0.3738485892968983,2.4183518548048566,-0.5494973766654385,-0.9265392422676086,-0.3761982023715973,0.19560664892196655,1.0214786529541016,-0.7309325933456421,0.6452804803848267,1.040038824081421,0.8527871291596569,24.0,-5.276937692660848,29,18,apf_fsm,1,0.0,0.0
2026-08-18T02:00:04.385+00:00,1787018404.3858442,178216.7989638,11.425951300014276,91,2,AVOID,AVOID,0.4364640382565694,0.5433982754281302,-0.2688466508890644,93.23811531066895,1.0,0.625,1.0,0.625,0.5694134013449249,-0.8171157382753196,-0.5482690873862552,0.9896780848503113,0.14330840110778809,-0.15681442618370056,-1.0307544469833374,0.8328636884689331,-0.8874460458755493,1.0426146984100342,0.8534279704189951,24.0,-4.009834038611693,28,19,apf_fsm,1,0.0,0.0
2026-08-18T02:00:04.386+00:00,1787018404.3868423,178216.7997368,11.426724299992202,91,3,AVOID,AVOID,0.5408843822783936,0.7664305439623484,2.9345390030547973,94.23613548278809,0.2,0.625,0.2,0.625,0.36905929177681973,2.440348667835971,-0.49419033521882616,-0.9236574769020081,-0.38321903347969055,0.15681442618370056,1.0307544469833374,-0.7668430805206299,0.6475354433059692,1.0426146984100342,0.8803530377573247,24.0,-3.006156901556829,27,20,apf_fsm,1,0.0,0.0
2026-08-18T02:00:04.504+00:00,1787018404.5044215,178216.9177121,11.54469959999551,92,2,AVOID,AVOID,0.44012746040502354,0.5416273720293916,-0.3202306155761017,86.76624298095703,1.0,0.625,1.0,0.625,0.5660461603855765,-0.8001353383739731,-0.4799047227978714,0.9890934228897095,0.1472894549369812,-0.12657034397125244,-1.0356169939041138,0.862523078918457,-0.8883275389671326,1.0433229207992554,0.8870389157811075,24.0,-2.4062944673852793,26,21,apf_fsm,1,0.0,0.0
2026-08-18T02:00:04.505+00:00,1787018404.5054154,178216.9184635,11.54545100001269,92,3,AVOID,AVOID,0.5382437134394153,0.7668796368346433,2.9184358029219344,87.76021003723145,0.2,0.625,0.2,0.625,0.3667950940642685,2.4574681346914597,-0.46096766823047464,-0.9221599102020264,-0.38680896162986755,0.12657034397125244,1.0356169939041138,-0.7955895662307739,0.6488080024719238,1.0433229207992554,0.8956224835898849,24.0,-3.446883337712443,27,20,apf_fsm,1,0.0,0.0
2026-08-18T02:00:04.622+00:00,1787018404.6229703,178217.0362064,11.66319389999262,93,2,AVOID,AVOID,0.44238128479391337,0.540091566233997,-0.35992950466544504,87.61239051818848,1.0,0.625,1.0,0.625,0.5640461627142609,-0.7800194824949677,-0.4200899778295226,0.988604724407196,0.15053454041481018,-0.09072867035865784,-1.0388033390045166,0.8978760242462158,-0.8882688283920288,1.0427578687667847,0.9130522472156378,24.0,-2.1073837044030195,26,21,apf_fsm,1,0.0,0.0
2026-08-18T02:00:04.623+00:00,1787018404.6239839,178217.0369048,11.663892300013686,93,3,AVOID,AVOID,0.5324200549731477,0.7691832835763845,2.863057834384946,88.62590789794922,0.2,0.625,0.2,0.625,0.3623422583845537,2.482133435810074,-0.38092439857487204,-0.9174200296401978,-0.3979201316833496,0.09072867035865784,1.0388033390045166,-0.8266913890838623,0.640883207321167,1.0427578687667847,0.9283213604941803,24.0,-1.0077295478026294,25,22,apf_fsm,1,0.0,0.0
2026-08-18T02:00:04.739+00:00,1787018404.7397175,178217.1526936,11.779681099986192,94,2,AVOID,AVOID,0.44420974127185,0.5388690669449868,-0.40597484734967715,86.25459671020508,1.0,0.625,1.0,0.625,0.5624245276710744,-0.758401813422498,-0.35242696607282087,0.9882041215896606,0.15314219892024994,-0.053309857845306396,-1.0388742685317993,0.9348942637443542,-0.8857320547103882,1.0402411222457886,0.9385377457907471,24.0,-1.1560642492436473,25,22,apf_fsm,1,0.0,0.0
2026-08-18T02:00:04.739+00:00,1787018404.7397175,178217.1532398,11.780227300012484,94,3,AVOID,AVOID,0.5247082223626406,0.7736335043483161,2.7870393747594746,86.25459671020508,0.2,0.625,0.2,0.625,0.3571097146323059,2.5126838386141923,-0.2743555361452823,-0.9092673659324646,-0.41621243953704834,0.053309857845306396,1.0388742685317993,-0.8559575080871582,0.622661828994751,1.0402411222457886,0.9625999999380684,24.0,0.9863548235828179,23,24,apf_fsm,1,0.0,0.0
2026-08-18T02:00:04.860+00:00,1787018404.860657,178217.2738396,11.9008271000057,95,2,AVOID,AVOID,0.4481382531450367,0.5344953178609321,-0.561375807474116,88.61708641052246,1.0,0.625,1.0,0.625,0.5592338376125906,-0.7402954574350606,-0.17891964996094467,0.9868175387382507,0.1618369221687317,-0.03224295377731323,-1.033966302871704,0.9545745849609375,-0.8721293807029724,1.0344688892364502,0.9840365332075595,24.0,4.283559564306221,19,28,apf_fsm,1,0.0,0.0
2026-08-18T02:00:04.860+00:00,1787018404.860657,178217.2744207,11.9014082000067,95,3,AVOID,AVOID,0.5204444036541723,0.7767583777855871,2.750586238749445,88.61708641052246,0.2,0.625,0.2,0.625,0.35456342318602335,2.534045338760189,-0.21654089998925574,-0.903771698474884,-0.42801472544670105,0.03224295377731323,1.033966302871704,-0.8715287446975708,0.6059515476226807,1.0344688892364502,0.9766464874341331,24.0,-0.14189673443162798,24,23,apf_fsm,1,0.0,0.0
2026-08-18T02:00:04.978+00:00,1787018404.978795,178217.3920203,12.019007800001418,96,2,AVOID,AVOID,0.45207903617575496,0.5288316354490272,-0.778428666612327,89.25938606262207,1.0,0.625,1.0,0.625,0.5562964469943148,-0.5808982972342469,0.1975303693780801,0.984944224357605,0.17287251353263855,0.024680957198143005,-0.8356441259384155,1.0096251964569092,-0.6627715826034546,0.8360084891319275,0.9805542284570051,24.0,15.15105437064667,18.0,39,apf_fsm,1,0.0,0.0
2026-08-18T02:00:04.979+00:00,1787018404.979795,178217.3927975,12.019785000011325,96,3,AVOID,AVOID,0.5174829010705855,0.778971758965657,2.717924258690352,90.25931358337402,0.2,0.625,0.2,0.625,0.3528493942621604,2.7338853894912547,0.01596113080090289,-0.8997688293457031,-0.4363667964935303,-0.024680957198143005,0.8356441259384155,-0.9244498014450073,0.39927732944488525,0.8360084891319275,0.9998726238559837,24.0,8.29718238566458,18.0,32,apf_fsm,1,0.0,0.0
2026-08-18T02:00:05.100+00:00,1787018405.1003714,178217.5132549,12.140242399997078,97,2,AVOID,AVOID,0.45207903617575496,0.5288316354490272,-0.8312143332298177,90.43526649475098,1.0,0.625,1.0,0.625,0.5562964469943148,-0.3939778891327526,0.43723644409706514,0.984944224357605,0.17287251353263855,0.07798461616039276,-0.6147453784942627,1.0629287958145142,-0.44187286496162415,0.6196720600128174,0.9059253143434779,24.0,12.762077056135128,18.0,36,apf_fsm,1,0.0,0.0
2026-08-18T02:00:05.101+00:00,1787018405.1013634,178217.5148017,12.141789199988125,97,3,AVOID,AVOID,0.5072665470065676,0.7867224229136365,2.645136183175727,92.44346618652344,0.2,0.625,0.2,0.625,0.3472274081670344,2.988077638315306,0.3429414551395791,-0.8849144577980042,-0.4657536447048187,-0.07798461616039276,0.6147453784942627,-0.9628990888595581,0.14899173378944397,0.6196720600128174,0.9417696511933428,24.0,14.873725903249458,18.0,38,apf_fsm,1,0.0,0.0
2026-08-18T02:00:05.218+00:00,1787018405.2180436,178217.631493,12.258480499993311,98,2,AVOID,AVOID,0.45361571817876606,0.5254915997540731,-0.8892946708503279,90.76523780822754,1.0,0.625,1.0,0.625,0.555371681975962,-0.1943639391311114,0.6949307317192165,0.9838173985481262,0.17917442321777344,0.09622171521186829,-0.3917790651321411,1.080039143562317,-0.21260464191436768,0.40342217683792114,0.7680980583478709,8.0,30.0,-22,38,apf_fsm,1,0.0,0.0
2026-08-18T02:00:05.218+00:00,1787018405.2189586,178217.6322578,12.25924529999611,98,3,AVOID,AVOID,0.5026391524402153,0.7903228057665811,2.604338344345815,91.68028831481934,0.2,0.625,0.2,0.625,0.3448508180304442,-3.0518534930956394,0.6269934697381316,-0.8775944709777832,-0.47940385341644287,-0.09622171521186829,0.3917790651321411,-0.9738161563873291,-0.08762478828430176,0.40342217683792114,0.8097951352188667,8.0,30.0,-22,38,apf_fsm,1,0.0,0.0
2026-08-18T02:00:05.350+00:00,1787018405.3502553,178217.7630863,12.390073799993843,99,2,AVOID,AVOID,0.45457073897346884,0.5235074241638846,-0.9338088165975291,97.2745418548584,1.0,0.625,1.0,0.625,0.5547916921996918,0.025349296201719305,0.9591581127992485,0.9831243753433228,0.18293814361095428,0.08345110714435577,-0.1558954119682312,1.066575527191162,0.027042731642723083,0.1768260896205902,0.574209449639271,8.0,30.0,-22,38,apf_fsm,1,0.0,0.0
2026-08-18T02:00:05.351+00:00,1787018405.3512564,178217.7641568,12.391144299996085,99,3,AVOID,AVOID,0.49518295209040286,0.7961857051191843,2.5722889408092815,99.52306747436523,0.2,0.625,0.2,0.625,0.3412294255218289,-2.7920156582803957,0.9188807080899091,-0.8650571703910828,-0.5016733407974243,-0.08345110714435577,0.1558954119682312,-0.9485082626342773,-0.3457779288291931,0.1768260896205902,0.6067102874244217,8.0,30.0,-22,38,apf_fsm,1,0.0,0.0
2026-08-18T02:00:05.459+00:00,1787018405.4596617,178217.8781927,12.505180200008908,100,2,RUN,AVOID,0.45457073897346884,0.5235074241638846,-0.9338088165975291,83.56022834777832,1.0,0.625,1.0,0.625,0.5547916921996918,0.06530192222350904,0.9991107388210382,0.9831243753433228,0.18293814361095428,0.07483132183551788,-0.11375322937965393,1.0579557418823242,0.06918491423130035,0.13615992665290833,0.15,8.0,35.0,-27,43,apf_fsm,1,0.0,0.0
2026-08-18T02:00:05.465+00:00,1787018405.4658642,178217.8792103,12.506197799986694,100,3,RUN,AVOID,0.4931050671451672,0.7976781079747842,2.5722889408092815,89.76268768310547,0.2,0.625,0.2,0.625,0.3401886379053895,-2.743472178600517,0.9674241877697876,-0.861595630645752,-0.5075951814651489,-0.07483132183551788,0.11375322937965393,-0.9364269375801086,-0.393841952085495,0.13615992665290833,0.15,8.0,35.0,-27,43,apf_fsm,1,0.0,0.0
2026-08-18T02:00:05.585+00:00,1787018405.5857036,178218.0019251,12.628912599990144,101,2,RUN,RUN,0.4599985282178163,0.5169318687645825,-0.9044655576599776,90.81077575683594,1.0,0.625,1.0,0.625,0.5507089163211724,0.19751635844796397,1.1019819161079416,0.9805569648742676,0.1962345838546753,0.0,0.0,0.9805569648742676,0.1962345838546753,0.0,0.15,8.0,30.0,-22,38,apf_fsm,1,0.0,0.0
2026-08-18T02:00:05.585+00:00,1787018405.5857036,178218.0025813,12.62956880001002,101,3,RUN,RUN,0.4914822244786509,0.7988851137974387,2.5722889408092815,90.81077575683594,0.2,0.625,0.2,0.625,0.3394081908077217,-2.6037102228274533,1.107186143542851,-0.8587955236434937,-0.5123186111450195,0.0,0.0,-0.8587955236434937,-0.5123186111450195,0.0,0.15,8.0,32.725236269345736,-24,40,apf_fsm,1,0.0,0.0
2026-08-18T02:00:05.717+00:00,1787018405.7173483,178218.1308904,12.757877900003223,102,2,RUN,RUN,0.4634785507581957,0.5132860629467906,-0.8355582957158894,98.50168228149414,1.0,0.625,1.0,0.625,0.5480285295752898,0.20528578024036354,1.040844075956253,0.979002833366394,0.20384696125984192,0.0,0.0,0.979002833366394,0.20384696125984192,0.0,0.15,8.0,30.0,-22,38,apf_fsm,1,0.0,0.0
2026-08-18T02:00:05.718+00:00,1787018405.7187572,178218.1318152,12.75880270000198,102,3,RUN,RUN,0.4806861641051436,0.8037647078904369,2.6259316143864364,99.91049766540527,0.2,0.625,0.2,0.625,0.3327785202010683,-2.5744927083290916,1.0827609844640582,-0.8434624075889587,-0.5371882319450378,0.0,0.0,-0.8434624075889587,-0.5371882319450378,0.0,0.15,8.0,30.0,-22,38,apf_fsm,1,0.0,0.0
2026-08-18T02:00:05.848+00:00,1787018405.848446,178218.2614236,12.888411099993391,103,2,RUN,RUN,0.4687109576458796,0.5091491549095036,-0.6552372979498968,96.39883041381836,1.0,0.625,1.0,0.625,0.5437733579661111,0.2146954478162743,0.8699327457661712,0.9770413041114807,0.21304987370967865,0.0,0.0,0.9770413041114807,0.21304987370967865,0.0,0.15,8.0,30.0,-22,38,apf_fsm,1,0.0,0.0
2026-08-18T02:00:05.850+00:00,1787018405.8503385,178218.2631962,12.890183699986665,103,3,RUN,RUN,0.47499406317820914,0.8064355294486835,2.6988286384269213,97.25666046142578,0.2,0.625,0.2,0.625,0.3294549834644863,-2.5583730850024997,1.0259835837501647,-0.8346939086914062,-0.5507141351699829,0.0,0.0,-0.8346939086914062,-0.5507141351699829,0.0,0.15,8.0,30.0,-22,38,apf_fsm,1,0.0,0.0
2026-08-18T02:00:05.970+00:00,1787018405.970028,178218.3831835,13.01017100000172,104,2,RUN,RUN,0.47025966624377646,0.5082783079828364,-0.5873968486888766,93.0027961730957,1.0,0.625,1.0,0.625,0.5424470246904344,0.2168722448092074,0.8042690934980841,0.9765752553939819,0.21517619490623474,0.0,0.0,0.9765752553939819,0.21517619490623474,0.0,0.15,8.0,30.0,-22,38,apf_fsm,1,0.0,0.0
2026-08-18T02:00:05.971+00:00,1787018405.9711525,178218.3839715,13.010959000006551,104,3,RUN,RUN,0.46946914398351025,0.8074961697749502,2.848905164807447,93.0027961730957,0.2,0.625,0.2,0.625,0.32545118150305313,-2.5463034605440713,0.8879766818280679,-0.8279863595962524,-0.5607482194900513,0.0,0.0,-0.8279863595962524,-0.5607482194900513,0.0,0.15,8.0,30.0,-22,38,apf_fsm,1,0.0,0.0
2026-08-18T02:00:06.094+00:00,1787018406.0948093,178218.5076766,13.134664100012742,105,2,RUN,RUN,0.47476120151581974,0.506462917237284,-0.5082290076216407,93.14227104187012,1.0,0.625,1.0,0.625,0.538448544823923,0.22196372741795167,0.7301927350395924,0.9754670262336731,0.2201455980539322,0.0,0.0,0.9754670262336731,0.2201455980539322,0.0,0.15,8.0,30.0,-22,38,apf_fsm,1,0.0,0.0
2026-08-18T02:00:06.094+00:00,1787018406.0948093,178218.5083743,13.135361799999373,105,3,RUN,RUN,0.45829111040319337,0.8061484019765696,3.1125227819702532,93.14227104187012,0.2,0.625,0.2,0.625,0.31548223603236275,-2.5299717909652943,0.6406907342440391,-0.818718433380127,-0.5741952657699585,0.0,0.0,-0.818718433380127,-0.5741952657699585,0.0,0.15,8.0,-30.0,38,-22,apf_fsm,1,0.0,0.0
2026-08-18T02:00:06.217+00:00,1787018406.2177746,178218.6310819,13.258069400006207,106,2,RUN,RUN,0.48248204925310484,0.5049462569023154,-0.31695326713176636,90.88468551635742,1.0,0.625,1.0,0.625,0.5312605110273403,0.22794797319311835,0.5449012403248847,0.9741321802139282,0.2259790599346161,0.0,0.0,0.9741321802139282,0.2259790599346161,0.0,0.2896756467934466,20.277295275541263,-1.6899978307398869,21,18,apf_fsm,1,0.0,0.0
2026-08-18T02:00:06.218+00:00,1787018406.2187786,178218.6317758,13.258763299993007,106,3,RUN,RUN,0.45485521643733084,0.8044617469661257,-3.048785013704685,91.8886661529541,0.2,0.625,0.2,0.625,0.31170129927456586,-2.528072606945764,0.5207124067589208,-0.817626416683197,-0.5757490992546082,0.0,0.0,-0.817626416683197,-0.5757490992546082,0.0,0.34089435824879427,23.862605077415598,1.48896203193647,22,25,apf_fsm,1,0.0,0.0
2026-08-18T02:00:06.346+00:00,1787018406.3469198,178218.7603831,13.387370599986752,107,2,RUN,RUN,0.48727091572080844,0.5044112644815262,-0.1464809080073624,95.58892250061035,1.0,0.625,1.0,0.625,0.526718859544371,0.23099197229450583,0.3774728803018682,0.9734396934509277,0.22894324362277985,0.0,0.0,0.9734396934509277,0.22894324362277985,0.0,0.6441972833194625,35.0,-2.0852637977868973,37,32,apf_fsm,1,0.0,0.0
2026-08-18T02:00:06.349+00:00,1787018406.349664,178218.7625494,13.389536900009261,107,3,RUN,RUN,0.45485521643733084,0.8044617469661257,-3.0029648115263625,97.32294082641602,0.2,0.625,0.2,0.625,0.31170129927456586,-2.528072606945764,0.47489220458059833,-0.817626416683197,-0.5757490992546082,0.0,0.0,-0.817626416683197,-0.5757490992546082,0.0,0.4379164700342689,30.654152902398824,3.731013112999603,26,34,apf_fsm,1,0.0,0.0
2026-08-18T02:00:06.468+00:00,1787018406.4688454,178218.8826,13.509587500011548,108,2,RUN,RUN,0.4893030309985247,0.5044742387574311,-0.11358795531669896,91.94636344909668,1.0,0.625,1.0,0.625,0.5247264556608467,0.23176179775120806,0.34534975306790705,0.9732633233070374,0.22969259321689606,0.0,0.0,0.9732633233070374,0.22969259321689606,0.0,0.7122164864924002,35.0,2.32918807749043,32,37,apf_fsm,1,0.0,0.0
2026-08-18T02:00:06.470+00:00,1787018406.470836,178218.8837699,13.510757400013972,108,3,RUN,RUN,0.45485521643733084,0.8044617469661257,-2.8530122544952343,92.93365478515625,0.2,0.625,0.2,0.625,0.31170129927456586,-2.528072606945764,0.32493964754947013,-0.817626416683197,-0.5757490992546082,0.0,0.0,-0.817626416683197,-0.5757490992546082,0.0,0.7554339199610802,35.0,-1.998943020594786,36,33,apf_fsm,1,0.0,0.0
2026-08-18T02:00:06.593+00:00,1787018406.593723,178219.0069968,13.633984299987787,109,2,RUN,RUN,0.491699699300316,0.5049785526703353,-0.04232323107115998,92.00119972229004,1.0,0.625,1.0,0.625,0.5222780327665493,0.23187602428646523,0.2741992553576252,0.9732369184494019,0.22980372607707977,0.0,0.0,0.9732369184494019,0.22980372607707977,0.0,0.8628743014791926,35.0,0.2517251337163864,34,35,apf_fsm,1,0.0,0.0
2026-08-18T02:00:06.594+00:00,1787018406.5947185,178219.0079962,13.634983700001612,109,3,RUN,RUN,0.45485521643733084,0.8044617469661257,-2.8057900286840662,92.99659729003906,0.2,0.625,0.2,0.625,0.31170129927456586,-2.528072606945764,0.27771742173830205,-0.817626416683197,-0.5757490992546082,0.0,0.0,-0.817626416683197,-0.5757490992546082,0.0,0.8554247505030204,35.0,1.1243963139921376,33,36,apf_fsm,1,0.0,0.0
2026-08-18T02:00:06.717+00:00,1787018406.7174528,178219.130267,13.757254500000272,110,2,RUN,RUN,0.49415885575521057,0.5056360336064472,-0.005245376150922625,90.04402160644531,1.0,0.625,1.0,0.625,0.5197336045360922,0.23173218705825646,0.2369775632091791,0.9732699990272522,0.22966374456882477,0.0,0.0,0.9732699990272522,0.22966374456882477,0.0,0.9416894748041933,35.0,1.0670164068961778,33,36,apf_fsm,1,0.0,0.0
2026-08-18T02:00:06.717+00:00,1787018406.7174528,178219.1310055,13.757993000006536,110,3,RUN,RUN,0.45485521643733084,0.8044617469661257,-2.783443257209254,91.16792678833008,0.2,0.625,0.2,0.625,0.31170129927456586,-2.528072606945764,0.2553706502634898,-0.817626416683197,-0.5757490992546082,0.0,0.0,-0.817626416683197,-0.5757490992546082,0.0,0.9027429825709581,35.0,1.77156950101647,33,36,apf_fsm,1,0.0,0.0
2026-08-18T02:00:06.841+00:00,1787018406.8418481,178219.2552079,13.882195399986813,111,2,RUN,RUN,0.4978263044875598,0.5064850841833777,0.08451614460915587,96.25601768493652,1.0,0.625,1.0,0.625,0.5159691906845234,0.23176302561308973,0.14724688100393385,0.9732629656791687,0.22969377040863037,0.0,0.0,0.9732629656791687,0.22969377040863037,0.0,1.0,35.0,-1.668105067144245,36,33,apf_fsm,1,0.0,0.0
2026-08-18T02:00:06.842+00:00,1787018406.8427732,178219.2560343,13.883021799993003,111,3,RUN,RUN,0.4541875020363288,0.8028355938923974,-2.7481212289897203,97.18108177185059,0.2,0.625,0.2,0.625,0.3102205419480315,-2.5311192722792613,0.21700195671045908,-0.8193767666816711,-0.5732554197311401,0.0,0.0,-0.8193767666816711,-0.5732554197311401,0.0,0.9839868771412429,35.0,0.8271152927485148,34,35,apf_fsm,1,0.0,0.0
2026-08-18T02:00:06.967+00:00,1787018406.9678059,178219.3808213,14.00780880000093,112,2,RUN,RUN,0.5028312464531166,0.5071363889278768,0.15000833529209537,91.40133857727051,1.0,0.625,1.0,0.625,0.5109487257233571,0.23277237022001443,0.08276403492791906,0.9730306267738342,0.23067601025104523,0.0,0.0,0.9730306267738342,0.23067601025104523,0.0,1.0,35.0,-1.429259263381327,36,33,apf_fsm,1,0.0,0.0
2026-08-18T02:00:06.968+00:00,1787018406.9688048,178219.3816194,14.008606899995357,112,3,RUN,RUN,0.4496420760948909,0.7992616157309037,-2.7481212289897203,91.40133857727051,0.2,0.625,0.2,0.625,0.3044474944454502,-2.532179367721033,0.21594186126868742,-0.819983959197998,-0.5723864436149597,0.0,0.0,-0.819983959197998,-0.5723864436149597,0.0,0.9862315791190858,35.0,2.122315272224866,32,37,apf_fsm,1,0.0,0.0
2026-08-18T02:00:07.091+00:00,1787018407.0916033,178219.5049649,14.131952399999136,113,2,RUN,RUN,0.5028312464531166,0.5071363889278768,0.16936563036602692,90.02947807312012,1.0,0.625,1.0,0.625,0.5109487257233571,0.23277237022001443,0.06340673985398751,0.9730306267738342,0.23067601025104523,0.0,0.0,0.9730306267738342,0.23067601025104523,0.0,1.0,35.0,-0.04343792904772925,35,34,apf_fsm,1,0.0,0.0
2026-08-18T02:00:07.092+00:00,1787018407.0926168,178219.5056312,14.132618700008607,113,3,RUN,RUN,0.44670318650350005,0.7976040977615187,-2.7481212289897203,91.04299545288086,0.2,0.625,0.2,0.625,0.30108908448339444,-2.531106473927447,0.2170147550622734,-0.8193694353103638,-0.5732659101486206,0.0,0.0,-0.8193694353103638,-0.5732659101486206,0.0,0.9839597772363676,35.0,2.207698833398244,32,37,apf_fsm,1,0.0,0.0
2026-08-18T02:00:07.214+00:00,1787018407.2145302,178219.6273936,14.254381100006867,114,2,RUN,RUN,0.5096068488894071,0.5078969686636773,0.16936563036602692,88.68026733398438,1.0,0.625,1.0,0.625,0.5041810811646273,0.23440451477308683,0.0650388844070599,0.9726528525352478,0.23226383328437805,0.0,0.0,0.9726528525352478,0.23226383328437805,0.0,1.0,35.0,0.7075139034281329,34,35,apf_fsm,1,0.0,0.0
2026-08-18T02:00:07.214+00:00,1787018407.2145302,178219.627939,14.254926499997964,114,3,RUN,RUN,0.4401095390657418,0.7941492754888061,-2.7481212289897203,88.68026733398438,0.2,0.625,0.2,0.625,0.2937074533421837,-2.527874893351165,0.2202463356385551,-0.817512571811676,-0.575910747051239,0.0,0.0,-0.817512571811676,-0.575910747051239,0.0,0.9771170581515508,35.0,2.3155686765554107,32,37,apf_fsm,1,0.0,0.0
2026-08-18T02:00:07.335+00:00,1787018407.3359716,178219.7495692,14.376556700008223,115,2,RUN,RUN,0.514419799037029,0.5082190171302822,0.16936563036602692,90.36111831665039,1.0,0.625,1.0,0.625,0.4994255995914273,0.23601562529691256,0.06664999493088564,0.9722774028778076,0.23383058607578278,0.0,0.0,0.9722774028778076,0.23383058607578278,0.0,1.0,35.0,0.722888817642757,34,35,apf_fsm,1,0.0,0.0
2026-08-18T02:00:07.336+00:00,1787018407.3369591,178219.7502128,14.377200299990363,115,3,RUN,RUN,0.4241510104540519,0.7857266940770546,-2.7384655645142497,91.34864807128906,0.2,0.625,0.2,0.625,0.27582013283390244,-2.5195174778479217,0.21894808666632803,-0.8126709461212158,-0.5827228426933289,0.0,0.0,-0.8126709461212158,-0.5827228426933289,0.0,0.9798660389705046,35.0,2.1440421526353326,32,37,apf_fsm,1,0.0,0.0
2026-08-18T02:00:07.455+00:00,1787018407.4555273,178219.8683863,14.495373799989466,116,2,RUN,RUN,0.5281635847022053,0.5094691455114763,0.16936563036602692,86.06863021850586,1.0,0.625,1.0,0.625,0.4857746196951025,0.24012917956783947,0.07076354920181255,0.9713072776794434,0.2378281056880951,0.0,0.0,0.9713072776794434,0.2378281056880951,0.0,1.0,35.0,0.8516098915005674,34,35,apf_fsm,1,0.0,0.0
2026-08-18T02:00:07.455+00:00,1787018407.4555273,178219.8689716,14.495959099993343,116,3,RUN,RUN,0.41788018594194304,0.7828064713283176,-2.7384655645142497,86.06863021850586,0.2,0.625,0.2,0.625,0.2690253850832497,-2.5147559265356882,0.22370963797856147,-0.8098871111869812,-0.5865858197212219,0.0,0.0,-0.8098871111869812,-0.5865858197212219,0.0,0.9697836791875889,35.0,2.403750675713785,32,37,apf_fsm,1,0.0,0.0
2026-08-18T02:00:07.578+00:00,1787018407.5788443,178219.9916509,14.618638399988413,117,2,RUN,RUN,0.5348405897345454,0.5101570858325344,0.16936563036602692,91.10689163208008,1.0,0.625,1.0,0.625,0.47912646753543203,0.24204886862745267,0.07268323826142575,0.9708489179611206,0.23969227075576782,0.0,0.0,0.9708489179611206,0.23969227075576782,0.0,1.0,35.0,0.7940214997007198,34,35,apf_fsm,1,0.0,0.0
2026-08-18T02:00:07.578+00:00,1787018407.5788443,178219.992552,14.619539500010433,117,3,RUN,RUN,0.41003433643610254,0.7791260106176999,-2.7384655645142497,92.31042861938477,0.2,0.625,0.2,0.625,0.26051727319139756,-2.5085317262010642,0.22993383831318548,-0.8062204122543335,-0.5916153192520142,0.0,0.0,-0.8062204122543335,-0.5916153192520142,0.0,0.9566042292521458,35.0,2.517185394843695,32,37,apf_fsm,1,0.0,0.0
2026-08-18T02:00:07.697+00:00,1787018407.6971393,178220.1104193,14.737406800006283,118,2,RUN,RUN,0.5428860187109028,0.5109103661529387,0.16936563036602692,85.85190773010254,1.0,0.625,1.0,0.625,0.4711365369416021,0.24458976107327976,0.07522413070725284,0.9702367186546326,0.24215830862522125,0.0,0.0,0.9702367186546326,0.24215830862522125,0.0,1.0,35.0,0.8411725426764765,34,35,apf_fsm,1,0.0,0.0
2026-08-18T02:00:07.698+00:00,1787018407.6981502,178220.111032,14.738019499985967,118,3,RUN,RUN,0.3938986742742067,0.7716003269982009,-2.7384655645142497,86.86280250549316,0.2,0.625,0.2,0.625,0.243080957216468,-2.4942202133840503,0.2442453511301994,-0.7976711988449097,-0.6030925512313843,0.0,0.0,-0.7976711988449097,-0.6030925512313843,0.0,0.926300277494192,35.0,2.9433564598974815,32,37,apf_fsm,1,0.0,0.0
2026-08-18T02:00:07.818+00:00,1787018407.8186913,178220.2317754,14.858762899995781,119,2,RUN,RUN,0.5555888635648655,0.5114689214369689,0.16936563036602692,89.36548233032227,1.0,0.625,1.0,0.625,0.4586835117891779,0.2501146734979458,0.08074904313191889,0.9688839912414551,0.24751505255699158,0.0,0.0,0.9688839912414551,0.24751505255699158,0.0,1.0,35.0,1.0008623661825005,33,36,apf_fsm,1,0.0,0.0
2026-08-18T02:00:07.820+00:00,1787018407.8200297,178220.2331723,14.86015980000957,119,3,RUN,RUN,0.3863611043765449,0.7681325854649547,-2.72606555882631,90.36588668823242,0.2,0.625,0.2,0.625,0.23498382549939054,-2.4866462020756446,0.23941935675066528,-0.7930805683135986,-0.609116792678833,0.0,0.0,-0.7930805683135986,-0.609116792678833,0.0,0.9365190924253218,35.0,2.2252837642229584,32,37,apf_fsm,1,0.0,0.0
2026-08-18T02:00:07.935+00:00,1787018407.9352057,178220.3483087,14.975296199991135,120,2,RUN,RUN,0.5610435624444274,0.5118957295769523,0.14839023022621034,87.38994598388672,1.0,0.625,1.0,0.625,0.45329386722016124,0.2521808724336334,0.10379064220742307,0.9683705568313599,0.24951644241809845,0.0,0.0,0.9683705568313599,0.24951644241809845,0.0,1.0,35.0,1.844362389716877,33,36,apf_fsm,1,0.0,0.0
2026-08-18T02:00:07.935+00:00,1787018407.9362125,178220.3489971,14.975984599994263,120,3,RUN,RUN,0.3733850705841252,0.7609045473902996,-2.6759381738976327,87.38994598388672,0.2,0.625,0.2,0.625,0.2203007687295354,-2.4767890694119883,0.19914910448564438,-0.7870379686355591,-0.6169045567512512,0.0,0.0,-0.7870379686355591,-0.6169045567512512,0.0,1.0,35.0,0.5820322155807123,34,35,apf_fsm,1,0.0,0.0
2026-08-18T02:00:08.052+00:00,1787018408.0520709,178220.4651732,15.09216070000548,121,2,RUN,RUN,0.5681855230824442,0.5123186366768449,0.14839023022621034,86.57670021057129,1.0,0.625,1.0,0.625,0.44627439105997024,0.25525635563741844,0.1068661254112081,0.9675986170768738,0.2524934709072113,0.0,0.0,0.9675986170768738,0.2524934709072113,0.0,1.0,35.0,1.176303166244557,33,36,apf_fsm,1,0.0,0.0
2026-08-18T02:00:08.052+00:00,1787018408.0520709,178220.4658461,15.092833600006998,121,3,RUN,RUN,0.3733850705841252,0.7609045473902996,-2.6759381738976327,204.2551040649414,0.2,0.625,0.2,0.625,0.2203007687295354,-2.4767890694119883,0.19914910448564438,-0.7870379686355591,-0.6169045567512512,0.0,0.0,-0.7870379686355591,-0.6169045567512512,0.0,1.0,35.0,1.9914910448564438,33,36,apf_fsm,1,0.0,0.0
2026-08-18T02:00:08.175+00:00,1787018408.1757138,178220.5885409,15.215528400003677,122,2,RUN,RUN,0.5787462808016874,0.5129394986733459,0.15662580790455766,88.75322341918945,1.0,0.625,1.0,0.625,0.43590394801606447,0.25999544018572657,0.10336963228116891,0.9663911461830139,0.2570761442184448,0.0,0.0,0.9663911461830139,0.2570761442184448,0.0,1.0,35.0,0.9113190632603174,34,35,apf_fsm,1,0.0,0.0
2026-08-18T02:00:08.175+00:00,1787018408.1757138,178220.5891665,15.216153999994276,122,3,RUN,RUN,0.35987626554179075,0.7517242680441854,-2.619762286572872,89.17403221130371,0.2,0.625,0.2,0.625,0.20400848118380696,-2.4713558438383663,0.14840644273450554,-0.7836745977401733,-0.6211715936660767,0.0,0.0,-0.7836745977401733,-0.6211715936660767,0.0,1.0,35.0,-0.291928733944804,35,34,apf_fsm,1,0.0,0.0
2026-08-18T02:00:08.297+00:00,1787018408.2973683,178220.7106524,15.337639900011709,123,2,RUN,RUN,0.589924750256682,0.514021690327001,0.15662580790455766,88.08231353759766,1.0,0.625,1.0,0.625,0.4248269008312923,0.2642981267101111,0.10767231880555345,0.9652761220932007,0.26123183965682983,0.0,0.0,0.9652761220932007,0.26123183965682983,0.0,1.0,35.0,1.2273172164089934,33,36,apf_fsm,1,0.0,0.0
2026-08-18T02:00:08.298+00:00,1787018408.2983696,178220.7112415,15.338228999986313,123,3,RUN,RUN,0.3483981076596293,0.7436841924670226,-2.5888100025666634,89.08367156982422,0.2,0.625,0.2,0.625,0.19002088279583426,-2.466992626182664,0.12181737638399959,-0.7809568643569946,-0.6245850324630737,0.0,0.0,-0.7809568643569946,-0.6245850324630737,0.0,1.0,35.0,0.28755644157228755,34,35,apf_fsm,1,0.0,0.0
2026-08-18T02:00:08.415+00:00,1787018408.4157872,178220.8289268,15.45591429999331,124,2,RUN,RUN,0.5984033336565464,0.5148978858784631,0.15662580790455766,88.12355995178223,1.0,0.625,1.0,0.625,0.4164160875280963,0.26758598715926085,0.1109601792547032,0.9644119143486023,0.2644040882587433,0.0,0.0,0.9644119143486023,0.2644040882587433,0.0,1.0,35.0,1.2246769082672733,33,36,apf_fsm,1,0.0,0.0
2026-08-18T02:00:08.416+00:00,1787018408.4168012,178220.8302891,15.45727660000557,124,3,RUN,RUN,0.34554690370491137,0.7418764930688619,-2.5888100025666634,89.13755416870117,0.2,0.625,0.2,0.625,0.18666551853559477,-2.4650153681611,0.12379463440556338,-0.7797203660011292,-0.6261279582977295,0.0,0.0,-0.7797203660011292,-0.6261279582977295,0.0,1.0,35.0,1.3071503748103663,33,36,apf_fsm,1,0.0,0.0
2026-08-18T02:00:08.539+00:00,1787018408.5397277,178220.9531207,15.580108199996175,125,2,RUN,RUN,0.6041027955561808,0.5157913028281625,0.15662580790455766,88.02199363708496,1.0,0.625,1.0,0.625,0.4106837420989553,0.2691573325490605,0.11253152464450283,0.9639953374862671,0.26591920852661133,0.0,0.0,0.9639953374862671,0.26591920852661133,0.0,1.0,35.0,1.1803123350880158,33,36,apf_fsm,1,0.0,0.0
2026-08-18T02:00:08.540+00:00,1787018408.54074,178220.9540434,15.581030900008045,125,3,RUN,RUN,0.33370844404056044,0.7339003518383596,-2.5888100025666634,89.0343189239502,0.2,0.625,0.2,0.625,0.1724448742011956,-2.4580958439000025,0.13071415866666092,-0.7753691673278809,-0.6315081715583801,0.0,0.0,-0.7753691673278809,-0.6315081715583801,0.0,1.0,35.0,1.5493249358050232,33,36,apf_fsm,1,0.0,0.0
2026-08-18T02:00:08.659+00:00,1787018408.6595526,178221.0732486,15.700236100004986,126,2,RUN,RUN,0.6086623035957858,0.5167108298403812,0.15662580790455766,88.86218070983887,1.0,0.625,1.0,0.625,0.4060440086995692,0.2699603024158062,0.11333449451124855,0.963781476020813,0.2666931748390198,0.0,0.0,0.963781476020813,0.2666931748390198,0.0,1.0,35.0,1.1614488904485856,33,36,apf_fsm,1,0.0,0.0
2026-08-18T02:00:08.660+00:00,1787018408.6605544,178221.0742662,15.701253700011875,126,3,RUN,RUN,0.32338786736192826,0.7262839100566276,-2.5888100025666634,89.86401557922363,0.2,0.625,0.2,0.625,0.15963394453713106,-2.4542621960705095,0.13454780649615383,-0.7729424834251404,-0.6344760060310364,0.0,0.0,-0.7729424834251404,-0.6344760060310364,0.0,1.0,35.0,1.4796557389937903,33,36,apf_fsm,1,0.0,0.0
2026-08-18T02:00:08.783+00:00,1787018408.7835855,178221.1965657,15.82355319999624,127,2,RUN,RUN,0.6143868927299632,0.5176523116426357,0.16677537836200979,89.05243873596191,1.0,0.625,1.0,0.625,0.4002761480454747,0.271507547226964,0.10473216886495423,0.9633677005767822,0.2681840658187866,0.0,0.0,0.9633677005767822,0.2681840658187866,0.0,1.0,35.0,0.7462402910292414,34,35,apf_fsm,1,0.0,0.0
2026-08-18T02:00:08.784+00:00,1787018408.7845929,178221.1974821,15.824469599989243,127,3,RUN,RUN,0.3119516708646274,0.7169319811096468,-2.5519382409568854,89.05243873596191,0.2,0.625,0.2,0.625,0.14486084964588025,-2.454072461452436,0.09786577950444952,-0.7728221416473389,-0.6346226930618286,0.0,0.0,-0.7728221416473389,-0.6346226930618286,0.0,1.0,35.0,-0.30521314966515556,35,34,apf_fsm,1,0.0,0.0
2026-08-18T02:00:08.906+00:00,1787018408.9063125,178221.319135,15.946122499997728,128,2,RUN,RUN,0.6182825008394054,0.5181954539684654,0.17736231502250194,92.29397773742676,1.0,0.625,1.0,0.625,0.3963779259979303,0.2728232185355478,0.09546090351304587,0.9630140662193298,0.2694513201713562,0.0,0.0,0.9630140662193298,0.2694513201713562,0.0,1.0,35.0,0.6301147478136659,34,35,apf_fsm,1,0.0,0.0
2026-08-18T02:00:08.906+00:00,1787018408.9063125,178221.3197121,15.946699599997373,128,3,RUN,RUN,0.3083316659506025,0.7141308252522252,-2.541978266363365,92.29397773742676,0.2,0.625,0.2,0.625,0.14028561529171701,-2.453127640886077,0.08885062547728806,-0.7722222208976746,-0.635352611541748,0.0,0.0,-0.7722222208976746,-0.635352611541748,0.0,1.0,35.0,0.5729758638222293,34,35,apf_fsm,1,0.0,0.0
2026-08-18T02:00:09.025+00:00,1787018409.0251796,178221.4383031,16.06529060000321,129,2,RUN,RUN,0.6250101302768064,0.5191662308265068,0.20244624844166453,86.54403686523438,1.0,0.625,1.0,0.625,0.38963853645717067,0.27507633516700464,0.0726300867253401,0.9624044299125671,0.27162039279937744,0.0,0.0,0.9624044299125671,0.27162039279937744,0.0,1.0,35.0,-0.0727777203163007,35,34,apf_fsm,1,0.0,0.0
2026-08-18T02:00:09.026+00:00,1787018409.0261693,178221.4389565,16.065944000001764,129,3,RUN,RUN,0.29918641873787544,0.706916790315002,-2.541978266363365,86.54403686523438,0.2,0.625,0.2,0.625,0.12864021998409816,-2.451264986783565,0.0907132795797998,-0.7710373997688293,-0.636789858341217,0.0,0.0,-0.7710373997688293,-0.636789858341217,0.0,1.0,35.0,0.9723256893859089,34,35,apf_fsm,1,0.0,0.0
2026-08-18T02:00:09.144+00:00,1787018409.1442583,178221.5574114,16.1843988999899,130,2,RUN,RUN,0.6347602529157508,0.5204624321122393,0.20244624844166453,88.40441703796387,1.0,0.625,1.0,0.625,0.37990548291654663,0.27876370857522376,0.07631746013355922,0.961396336555481,0.2751672863960266,0.0,0.0,0.961396336555481,0.2751672863960266,0.0,1.0,35.0,0.8922326706232614,34,35,apf_fsm,1,0.0,0.0
2026-08-18T02:00:09.144+00:00,1787018409.1442583,178221.5579247,16.184912199998507,130,3,RUN,RUN,0.29637089326771093,0.7047388490950117,-2.541978266363365,88.40441703796387,0.2,0.625,0.2,0.625,0.12508250526837708,-2.4503565837098282,0.09162168265353676,-0.7704585790634155,-0.6374899744987488,0.0,0.0,-0.7704585790634155,-0.6374899744987488,0.0,1.0,35.0,0.9480109341161613,34,35,apf_fsm,1,0.0,0.0
2026-08-18T02:00:09.264+00:00,1787018409.2644064,178221.6782044,16.305191899999045,131,2,RUN,RUN,0.6438853168426549,0.5217168673802879,0.21158644501091523,89.37692642211914,1.0,0.625,1.0,0.625,0.37078979630512665,0.2822829926409886,0.07069654763007338,0.9604220390319824,0.2785490155220032,0.0,0.0,0.9604220390319824,0.2785490155220032,0.0,1.0,35.0,0.5102335386787293,34,35,apf_fsm,1,0.0,0.0
2026-08-18T02:00:09.265+00:00,1787018409.265587,178221.6789154,16.305902899999637,131,3,RUN,RUN,0.28496220681496026,0.6977820697936306,-2.5667737298892552,90.55757522583008,0.2,0.625,0.2,0.625,0.11187406433268163,-2.4332560019376657,0.13351772795158956,-0.759445071220398,-0.6505714654922485,0.0,0.0,-0.759445071220398,-0.6505714654922485,0.0,1.0,35.0,2.8015388649477435,32,37,apf_fsm,1,0.0,0.0
2026-08-18T02:00:09.386+00:00,1787018409.3863397,178221.7995873,16.426574799988884,132,2,RUN,RUN,0.6481142030020041,0.5224432731858479,0.21968683654253143,87.89658546447754,1.0,0.625,1.0,0.625,0.36652625600868954,0.28359341321759235,0.06390657667506092,0.9600561857223511,0.27980732917785645,0.0,0.0,0.9600561857223511,0.27980732917785645,0.0,1.0,35.0,0.40141678332517294,34,35,apf_fsm,1,0.0,0.0
2026-08-18T02:00:09.387+00:00,1787018409.387333,178221.8002712,16.42725869998685,132,3,RUN,RUN,0.28166164508987135,0.6959115129077428,-2.5871912245013524,88.88983726501465,0.2,0.625,0.2,0.625,0.10815297934707614,-2.4265370767103556,0.16065414779099685,-0.7550567984580994,-0.6556593775749207,0.0,0.0,-0.7550567984580994,-0.6556593775749207,0.0,1.0,35.0,2.5563161722892236,32,37,apf_fsm,1,0.0,0.0
2026-08-18T02:00:09.504+00:00,1787018409.5046735,178221.9176562,16.544643700006418,133,2,RUN,RUN,0.655903499282678,0.5241103175451086,0.21968683654253143,87.6624584197998,1.0,0.625,1.0,0.625,0.35858211030634923,0.28520820121321205,0.06552136467068062,0.9596031308174133,0.2813572585582733,0.0,0.0,0.9596031308174133,0.2813572585582733,0.0,1.0,35.0,0.7117312265534959,34,35,apf_fsm,1,0.0,0.0
2026-08-18T02:00:09.504+00:00,1787018409.5046735,178221.9181036,16.545091100007994,133,3,RUN,RUN,0.2676736135601016,0.6897429073786767,-2.669949443059452,87.6624584197998,0.2,0.625,0.2,0.625,0.09365554990562962,-2.3783233910376747,0.2916260520217775,-0.7225798964500427,-0.6912874579429626,0.0,0.0,-0.7225798964500427,-0.6912874579429626,0.0,0.8259738834620055,35.0,7.5002771682950975,27,42,apf_fsm,1,0.0,0.0
2026-08-18T02:00:09.624+00:00,1787018409.6248114,178222.0378127,16.664800200000172,134,2,RUN,RUN,0.6659539797781154,0.5257315454710378,0.21968683654253143,89.73526954650879,1.0,0.625,1.0,0.625,0.3484838155361714,0.2888584250961961,0.06917158855366465,0.9585697054862976,0.2848581373691559,0.0,0.0,0.9585697054862976,0.2848581373691559,0.0,1.0,35.0,0.8194737214410874,34,35,apf_fsm,1,0.0,0.0
2026-08-18T02:00:09.625+00:00,1787018409.6257842,178222.0395277,16.66651519999141,134,3,RUN,RUN,0.2562967979723648,0.6855164253412994,-2.7444762616295573,91.23110771179199,0.2,0.625,0.2,0.625,0.08265329514320845,-2.320087361083735,0.42438890054582235,-0.6811197996139526,-0.732171893119812,0.0,0.0,-0.6811197996139526,-0.732171893119812,0.0,0.5448548285890464,21.015888580200595,8.890588703799793,18.0,29,apf_fsm,1,0.0,0.0
2026-08-18T02:00:09.749+00:00,1787018409.7498868,178222.1633504,16.790337899990845,135,2,RUN,RUN,0.6786182585205467,0.527516344279764,0.21968683654253143,90.20805358886719,1.0,0.625,1.0,0.625,0.33584116318424645,0.294506001262041,0.07481916471950958,0.9569455981254578,0.29026713967323303,0.0,0.0,0.9569455981254578,0.29026713967323303,0.0,1.0,35.0,0.9458568129996685,34,35,apf_fsm,1,0.0,0.0
2026-08-18T02:00:09.751+00:00,1787018409.75131,178222.164858,16.791845500003546,135,3,RUN,RUN,0.2472757979169444,0.6828250232052113,-2.792906415660051,91.63141250610352,0.2,0.625,0.2,0.625,0.07469092566950146,-2.2561571383716403,0.5367492772884108,-0.6329523921012878,-0.7741907238960266,0.0,0.0,-0.6329523921012878,-0.7741907238960266,0.0,0.3069370431076256,10.69852554025184,14.686623826372928,-18.0,25,apf_fsm,1,0.0,0.0
2026-08-18T02:00:09.880+00:00,1787018409.8808148,178222.2941279,16.921115400007693,136,2,RUN,RUN,0.688719599696099,0.5293294730918041,0.21968683654253143,96.15516662597656,1.0,0.625,1.0,0.625,0.32565063692897744,0.29818178151137187,0.07849494496884044,0.9558722376823425,0.29378271102905273,0.0,0.0,0.9558722376823425,0.29378271102905273,0.0,1.0,35.0,0.9136017584149843,34,35,apf_fsm,1,0.0,0.0
2026-08-18T02:00:09.881+00:00,1787018409.8818154,178222.2950207,16.922008199995616,136,3,RUN,RUN,0.244285325039879,0.6818942494368944,-2.792906415660051,97.15580940246582,0.2,0.625,0.2,0.625,0.07209816664018084,-2.232214345949935,0.5606920697101163,-0.6142364740371704,-0.7891220450401306,0.0,0.0,-0.6142364740371704,-0.7891220450401306,0.0,0.25623931214269924,8.621379492427167,11.15797168226465,-18.0,19,apf_fsm,1,0.0,0.0
2026-08-18T02:00:09.997+00:00,1787018409.997357,178222.4104986,17.03748609998729,137,2,RUN,RUN,0.6942862159986266,0.5306246105341957,0.21968683654253143,86.26127243041992,1.0,0.625,1.0,0.625,0.3199494207921943,0.29942382790484323,0.0797369913623118,0.9555065631866455,0.29496970772743225,0.0,0.0,0.9555065631866455,0.29496970772743225,0.0,1.0,35.0,0.8408415373946158,34,35,apf_fsm,1,0.0,0.0
2026-08-18T02:00:09.997+00:00,1787018409.997357,178222.4110649,17.03805239999201,137,3,RUN,RUN,0.23096724264151547,0.675369420169699,-2.7754685773220267,86.26127243041992,0.2,0.625,0.2,0.625,0.0591273930175361,-2.1220289472653744,0.6534396300566523,-0.5237376689910889,-0.8518795967102051,0.0,0.0,-0.5237376689910889,-0.8518795967102051,0.0,0.15,4.138917511227527,30.0,-25,34,apf_fsm,1,0.0,0.0
2026-08-18T02:00:10.116+00:00,1787018410.1168177,178222.5301076,17.157095100003062,138,2,RUN,RUN,0.7015005095801403,0.5320033820172675,0.21968683654253143,89.32638168334961,1.0,0.625,1.0,0.625,0.3126504705532077,0.3020164026704429,0.08232956612791145,0.9547386765480042,0.29744595289230347,0.0,0.0,0.9547386765480042,0.29744595289230347,0.0,1.0,35.0,0.9140357780751023,34,35,apf_fsm,1,0.0,0.0
2026-08-18T02:00:10.118+00:00,1787018410.1183715,178222.5311831,17.158170600014273,138,3,RUN,RUN,0.22338217475415117,0.6709665386323025,-2.72291361024956,90.32011032104492,0.2,0.625,0.2,0.625,0.051571782692366,-2.0413623177622866,0.6815512924872733,-0.45339083671569824,-0.8913118243217468,0.0,0.0,-0.45339083671569824,-0.8913118243217468,0.0,0.15,3.6100247884656196,30.0,-26,33,apf_fsm,1,0.0,0.0
2026-08-18T02:00:10.240+00:00,1787018410.2404468,178222.6538687,17.280856199999107,139,2,RUN,RUN,0.707946162599867,0.5329768732052899,0.21968683654253143,94.3455696105957,1.0,0.625,1.0,0.625,0.30620858871889706,0.30524233108673865,0.08555549454420722,0.953774094581604,0.3005242943763733,0.0,0.0,0.953774094581604,0.3005242943763733,0.0,1.0,35.0,0.9684624400124239,34,35,apf_fsm,1,0.0,0.0
2026-08-18T02:00:10.241+00:00,1787018410.241448,178222.6545547,17.281542200013064,139,3,RUN,RUN,0.21279991981400376,0.6640371883207884,-2.6369577574500114,95.34668922424316,0.2,0.625,0.2,0.625,0.04108211313014003,-1.8876402864177062,0.7493174710323052,-0.3115691840648651,-0.9502235054969788,0.0,0.0,-0.3115691840648651,-0.9502235054969788,0.0,0.15,2.875747919109802,30.0,-27,32,apf_fsm,1,0.0,0.0
2026-08-18T02:00:10.365+00:00,1787018410.365323,178222.7782109,17.405198399996152,140,2,RUN,RUN,0.7125934271568513,0.5335645921031898,0.21968683654253143,93.18184852600098,1.0,0.625,1.0,0.625,0.3016006829082126,0.30801444699640845,0.08832761045387702,0.9529374241828918,0.3031671345233917,0.0,0.0,0.9529374241828918,0.3031671345233917,0.0,1.0,35.0,0.9803001613772133,34,35,apf_fsm,1,0.0,0.0
2026-08-18T02:00:10.365+00:00,1787018410.365323,178222.7787704,17.405757900007302,140,3,RUN,RUN,0.20878547358501803,0.660518778084604,-2.571908290464861,93.18184852600098,0.2,0.625,0.2,0.625,0.03658918067867052,-1.8132767739027935,0.7586315165620676,-0.24011124670505524,-0.9707453846931458,0.0,0.0,-0.24011124670505524,-0.9707453846931458,0.0,0.15,2.5612426475069365,30.0,-27,32,apf_fsm,1,0.0,0.0
2026-08-18T02:00:10.493+00:00,1787018410.4935303,178222.9074132,17.534400700009428,141,2,RUN,RUN,0.7159563739204773,0.5341783330095302,0.21968683654253143,96.60553932189941,1.0,0.625,1.0,0.625,0.29821025587885386,0.30947204157069796,0.08978520502816653,0.9524945020675659,0.3045558035373688,0.0,0.0,0.9524945020675659,0.3045558035373688,0.0,1.0,35.0,0.9488678603817983,34,35,apf_fsm,1,0.0,0.0
2026-08-18T02:00:10.494+00:00,1787018410.4947116,178222.9082375,17.535224999999627,141,3,RUN,RUN,0.20752966585607,0.6591839633714403,-2.543293089338585,97.78690338134766,0.2,0.625,0.2,0.625,0.03500341725723411,-1.787603147089965,0.7556899422486199,-0.21511231362819672,-0.9765893816947937,0.0,0.0,-0.21511231362819672,-0.9765893816947937,0.0,0.15,2.4502392080063875,30.0,-27,32,apf_fsm,1,0.0,0.0
2026-08-18T02:00:10.625+00:00,1787018410.6255624,178223.0384297,17.665417200012598,142,2,RUN,RUN,0.7201015960861568,0.5349506049824265,0.21968683654253143,97.20635414123535,1.0,0.625,1.0,0.625,0.29402722672662124,0.31126394801890606,0.09157711147637462,0.9519472718238831,0.3062621057033539,0.0,0.0,0.9519472718238831,0.3062621057033539,0.0,1.0,35.0,0.9784878404510293,34,35,apf_fsm,1,0.0,0.0
2026-08-18T02:00:10.625+00:00,1787018410.6259742,178223.0396204,17.66660789999878,142,3,RUN,RUN,0.2061726752964224,0.6578525759055045,-2.472456816320054,97.61810302734375,0.2,0.625,0.2,0.625,0.033427438788246965,-1.7565211460609915,0.7159356702590625,-0.1846589297056198,-0.9828026294708252,0.0,0.0,-0.1846589297056198,-0.9828026294708252,0.0,0.15,2.339920715177288,30.0,-27,32,apf_fsm,1,0.0,0.0
2026-08-18T02:00:10.751+00:00,1787018410.751573,178223.1680305,17.795018000004347,143,2,RUN,RUN,0.7400872652660245,0.5387541488638562,0.24215811831244086,92.15569496154785,1.0,0.625,1.0,0.625,0.2738484553819718,0.32039349878356277,0.07823538047112191,0.9491115808486938,0.31494006514549255,0.0,0.0,0.9491115808486938,0.31494006514549255,0.0,1.0,35.0,0.3153932195273742,34,35,apf_fsm,1,0.0,0.0
2026-08-18T02:00:10.751+00:00,1787018410.751573,178223.1686493,17.795636800001375,143,3,RUN,RUN,0.20303111074694868,0.6516841176098589,-2.2898066698455315,92.15569496154785,0.2,0.625,0.2,0.625,0.026855721270840023,-1.6839038282492187,0.6059028415963128,-0.11286648362874985,-0.993610143661499,0.0,0.0,-0.11286648362874985,-0.993610143661499,0.0,0.16050764018762925,2.011589275135651,4.456553988831039,-18.0,18.0,apf_fsm,1,0.0,0.0
2026-08-18T02:00:10.882+00:00,1787018410.8826358,178223.2960387,17.923026200005552,144,2,RUN,RUN,0.7528930030510854,0.5412127783176209,0.2624451084861362,96.7719554901123,1.0,0.625,1.0,0.625,0.260925595636693,0.32690702892080337,0.06446192043466714,0.9470400810241699,0.3211154043674469,0.0,0.0,0.9470400810241699,0.3211154043674469,0.0,1.0,35.0,0.1625481030707544,34,35,apf_fsm,1,0.0,0.0
2026-08-18T02:00:10.883+00:00,1787018410.883646,178223.2967781,17.923765599989565,144,3,RUN,RUN,0.20196083769915327,0.6475498056002107,-2.111041102151052,97.78213500976562,0.2,0.625,0.2,0.625,0.02263489821248848,-1.6575340077665457,0.4535070943845061,-0.08662895858287811,-0.9962406158447266,0.0,0.0,-0.08662895858287811,-0.9962406158447266,0.0,0.4831984298107702,5.104002061760487,-0.8390424937882516,18.0,18.0,apf_fsm,1,0.0,0.0
2026-08-18T02:00:11.011+00:00,1787018411.0111134,178223.4246154,18.051602899999125,145,2,RUN,RUN,0.7588072654629858,0.5426392378184889,0.2624451084861362,93.75572204589844,1.0,0.625,1.0,0.625,0.25486708367414185,0.3290581256004285,0.0666130171142923,0.9463471174240112,0.3231518268585205,0.0,0.0,0.9463471174240112,0.3231518268585205,0.0,1.0,35.0,0.7414185549298034,34,35,apf_fsm,1,0.0,0.0
2026-08-18T02:00:11.012+00:00,1787018411.012113,178223.4253524,18.052339899993967,145,3,RUN,RUN,0.20153291010952556,0.6458248548105625,-2.0350181058754213,94.75541114807129,0.2,0.625,0.2,0.625,0.020881197074997738,-1.6442734508093204,0.3907446550661009,-0.07341102510690689,-0.9973017573356628,0.0,0.0,-0.07341102510690689,-0.9973017573356628,0.0,0.6160949277306385,6.0035731479966445,1.710761174516827,18.0,18.0,apf_fsm,1,0.0,0.0
2026-08-18T02:00:11.133+00:00,1787018411.1336198,178223.54687,18.173857499990845,146,2,RUN,RUN,0.7648860258154556,0.543555222559105,0.2624451084861362,91.29881858825684,1.0,0.625,1.0,0.625,0.2488208846323948,0.3334690054314657,0.07102389694532946,0.9449125528335571,0.32732290029525757,0.0,0.0,0.9449125528335571,0.32732290029525757,0.0,1.0,35.0,0.8646197635395952,34,35,apf_fsm,1,0.0,0.0
2026-08-18T02:00:11.260+00:00,1787018411.2609997,178223.6743712,18.30135870000231,147,2,RUN,RUN,0.7804710679487658,0.5467116606487719,0.2720001929070918,93.86754035949707,1.0,0.625,1.0,0.625,0.23307083920115035,0.34255987551332767,0.07055968260623585,0.9418978691101074,0.33589932322502136,0.0,0.0,0.9418978691101074,0.33589932322502136,0.0,1.0,35.0,0.6893493241940823,34,35,apf_fsm,1,0.0,0.0
2026-08-18T02:00:11.386+00:00,1787018411.3865163,178223.8000361,18.42702360000112,148,2,RUN,RUN,0.7880256090043543,0.5483464331859192,0.2800726344317072,93.78910064697266,1.0,0.625,1.0,0.625,0.22540832225828672,0.34698643048458877,0.06691379605288156,0.9404017925262451,0.3400653898715973,0.0,0.0,0.9404017925262451,0.3400653898715973,0.0,1.0,35.0,0.5415319311614153,34,35,apf_fsm,1,0.0,0.0
2026-08-18T02:00:11.509+00:00,1787018411.5091808,178223.9222843,18.549271800002316,149,2,RUN,RUN,0.7961081002079254,0.550274964696849,0.2800726344317072,91.50576591491699,1.0,0.625,1.0,0.625,0.21715371906066572,0.3512920417966146,0.0712194073649074,0.9389289021492004,0.34411123394966125,0.0,0.0,0.9389289021492004,0.34411123394966125,0.0,1.0,35.0,0.8628904695699782,34,35,apf_fsm,1,0.0,0.0
2026-08-18T02:00:11.636+00:00,1787018411.6364877,178224.0495121,18.67649959999835,150,2,RUN,RUN,0.8042115137306158,0.5519585448290554,0.2800726344317072,93.78719329833984,1.0,0.625,1.0,0.625,0.2089693411224382,0.35707145635248966,0.07699882192078245,0.936924397945404,0.349531888961792,0.0,0.0,0.936924397945404,0.349531888961792,0.0,1.0,35.0,0.9722677286634512,34,35,apf_fsm,1,0.0,0.0
2026-08-18T02:00:11.757+00:00,1787018411.7574325,178224.1706611,18.7976486000116,151,2,RUN,RUN,0.808462246137673,0.5527131859626133,0.2800726344317072,90.38424491882324,1.0,0.625,1.0,0.625,0.20472443586025843,0.3608752296233168,0.0808025951916096,0.9355881810188293,0.3530932366847992,0.0,0.0,0.9355881810188293,0.3530932366847992,0.0,1.0,35.0,0.9411580163950461,34,35,apf_fsm,1,0.0,0.0
2026-08-18T02:00:11.875+00:00,1787018411.8751874,178224.2934209,18.920408400008455,152,2,RUN,RUN,0.814677431257698,0.5542001285997789,0.2800726344317072,83.49823951721191,1.0,0.625,1.0,0.625,0.1983861796485156,0.3649248163534772,0.08485218192176996,0.9341505765914917,0.3568790555000305,0.0,0.0,0.9341505765914917,0.3568790555000305,0.0,1.0,35.0,0.9902573547733127,34,35,apf_fsm,1,0.0,0.0
2026-08-18T02:00:12.008+00:00,1787018412.008425,178224.4214663,19.04845380000188,153,2,RUN,RUN,0.8261634215449072,0.5572944633297953,0.2800726344317072,97.95808792114258,1.0,0.625,1.0,0.625,0.18655614625300898,0.3714029580240546,0.09133032359234738,0.9318190813064575,0.3629230856895447,0.0,0.0,0.9318190813064575,0.3629230856895447,0.0,1.0,35.0,1.1400381943936835,33,36,apf_fsm,1,0.0,0.0
2026-08-18T02:00:12.129+00:00,1787018412.129742,178224.5427605,19.169747999985702,154,2,RUN,RUN,0.8291669245262017,0.5581297794035501,0.2800726344317072,94.87247467041016,1.0,0.625,1.0,0.625,0.18345453409075052,0.37310187915024134,0.09302924471853413,0.931201159954071,0.3645056486129761,0.0,0.0,0.931201159954071,0.3645056486129761,0.0,1.0,35.0,0.9897546866018775,34,35,apf_fsm,1,0.0,0.0
2026-08-18T02:00:12.251+00:00,1787018412.251389,178224.6648529,19.291840399993816,155,2,RUN,RUN,0.8395567514257496,0.5609586248463153,0.3002563737612036,92.01598167419434,1.0,0.625,1.0,0.625,0.17275223224211514,0.3797758246736821,0.07951945091247847,0.9287477731704712,0.3707122802734375,0.0,0.0,0.9287477731704712,0.3707122802734375,0.0,1.0,35.0,0.3223517259128367,34,35,apf_fsm,1,0.0,0.0
2026-08-18T02:00:12.371+00:00,1787018412.371986,178224.7854126,19.412400100001832,156,2,RUN,RUN,0.8450620715330012,0.5624712361642433,0.3086536500601455,87.95738220214844,1.0,0.625,1.0,0.625,0.16707964563187425,0.3835827728936133,0.07492912283346781,0.9273297786712646,0.374245285987854,0.0,0.0,0.9273297786712646,0.374245285987854,0.0,1.0,35.0,0.5886297455693048,34,35,apf_fsm,1,0.0,0.0
2026-08-18T02:00:12.496+00:00,1787018412.496906,178224.9099938,19.536981300014304,157,2,RUN,RUN,0.8528602178837665,0.5645244678261425,0.3086536500601455,93.61410140991211,1.0,0.625,1.0,0.625,0.15908301440733366,0.3899593097856995,0.08130565972555398,0.9249244928359985,0.38015076518058777,0.0,0.0,0.9249244928359985,0.38015076518058777,0.0,1.0,35.0,1.0362353884785558,33,36,apf_fsm,1,0.0,0.0
2026-08-18T02:00:12.615+00:00,1787018412.6154392,178225.0286162,19.6556036999973,158,2,RUN,RUN,0.8644411529877566,0.566829574149447,0.3086536500601455,86.97700500488281,1.0,0.625,1.0,0.625,0.14751270944201214,0.4053514937738417,0.09669784371369622,0.9189638495445251,0.3943417966365814,0.0,0.0,0.9189638495445251,0.3943417966365814,0.0,1.0,35.0,1.5057048767219405,33,36,apf_fsm,1,0.0,0.0
2026-08-18T02:00:12.732+00:00,1787018412.7321508,178225.1453513,19.772338799986755,159,2,RUN,RUN,0.8707691263911534,0.5687500622356914,0.3086536500601455,86.61842346191406,1.0,0.625,1.0,0.625,0.14094209517455836,0.41053466837009406,0.10188101830994856,0.916907548904419,0.3990996181964874,0.0,0.0,0.916907548904419,0.3990996181964874,0.0,1.0,35.0,1.2002212939683174,33,36,apf_fsm,1,0.0,0.0
2026-08-18T02:00:12.850+00:00,1787018412.8505623,178225.2636223,19.890609800000675,160,2,RUN,RUN,0.8809529109672224,0.571779052921161,0.32100435470812705,87.43047714233398,1.0,0.625,1.0,0.625,0.13040198853984802,0.42040459516151446,0.09940024045338741,0.9129239320755005,0.40812987089157104,0.0,0.0,0.9129239320755005,0.40812987089157104,0.0,1.0,35.0,0.907175179554234,34,35,apf_fsm,1,0.0,0.0
2026-08-18T02:00:12.969+00:00,1787018412.9698193,178225.3831243,20.0101117999875,161,2,RUN,RUN,0.8854962459676868,0.5732353804799678,0.3417049411170145,88.3328914642334,1.0,0.625,1.0,0.625,0.1256609944316301,0.42458056844832626,0.08287562733131176,0.9112115502357483,0.4119386076927185,0.0,0.0,0.9112115502357483,0.4119386076927185,0.0,1.0,35.0,0.2503948140404699,34,35,apf_fsm,1,0.0,0.0
2026-08-18T02:00:13.088+00:00,1787018413.0889926,178225.5020378,20.129025300004287,162,2,RUN,RUN,0.8891238994427157,0.5743173870397066,0.3503133341469886,88.47665786743164,1.0,0.625,1.0,0.625,0.12191077446752568,0.42875114447616497,0.07843781032917635,0.9094856381416321,0.41573530435562134,0.0,0.0,0.9094856381416321,0.41573530435562134,0.0,1.0,35.0,0.629054508217024,34,35,apf_fsm,1,0.0,0.0
2026-08-18T02:00:13.213+00:00,1787018413.2132995,178225.626856,20.253843499987852,163,2,RUN,RUN,0.903985244507749,0.5787036573193238,0.3503133341469886,87.65196800231934,1.0,0.625,1.0,0.625,0.10659354866896657,0.44928981756022646,0.09897648341323784,0.9007558226585388,0.4343259632587433,0.0,0.0,0.9007558226585388,0.4343259632587433,0.0,1.0,35.0,1.7086183920745304,33,36,apf_fsm,1,0.0,0.0
2026-08-18T02:00:13.338+00:00,1787018413.33829,178225.7511051,20.378092600003583,164,2,RUN,RUN,0.9148091849750103,0.5825803188840506,0.3503133341469886,94.75016593933105,1.0,0.625,1.0,0.625,0.09516776928456844,0.46199602873489737,0.11168269458790875,0.8951646089553833,0.44573578238487244,0.0,0.0,0.8951646089553833,0.44573578238487244,0.0,1.0,35.0,1.5615443369925694,33,36,apf_fsm,1,0.0,0.0
2026-08-18T02:00:13.462+00:00,1787018413.4622383,178225.8754192,20.502406699990388,165,2,RUN,RUN,0.9167212030937498,0.5833878941066051,0.3503133341469886,93.5814380645752,1.0,0.625,1.0,0.625,0.09309632308010653,0.46338542051042486,0.11307208636343624,0.8945444226264954,0.4469790756702423,0.0,0.0,0.8945444226264954,0.4469790756702423,0.0,1.0,35.0,1.1793495757778247,33,36,apf_fsm,1,0.0,0.0
2026-08-18T02:00:13.577+00:00,1787018413.5775611,178225.9903304,20.6173179000034,166,2,RUN,RUN,0.923663413686877,0.5857386618162349,0.3503133341469886,84.40279960632324,1.0,0.625,1.0,0.625,0.0858412900993505,0.4750368744372987,0.12472354029031008,0.889275848865509,0.45737123489379883,0.0,0.0,0.889275848865509,0.45737123489379883,0.0,1.0,35.0,1.655036290343685,33,36,apf_fsm,1,0.0,0.0
2026-08-18T02:00:13.696+00:00,1787018413.6964083,178226.1094429,20.73643039999297,167,2,RUN,RUN,0.9294115205742716,0.5878306306145544,0.3503133341469886,85.90579032897949,1.0,0.625,1.0,0.625,0.0797765344455886,0.48467248400171975,0.13435914985473113,0.8848276138305664,0.4659186005592346,0.0,0.0,0.8848276138305664,0.4659186005592346,0.0,1.0,35.0,1.6808378333020484,33,36,apf_fsm,1,0.0,0.0
2026-08-18T02:00:13.819+00:00,1787018413.8191693,178226.2326648,20.85965229998692,168,2,RUN,RUN,0.9361344584109407,0.590052695692489,0.3668337719355849,89.7057056427002,1.0,0.625,1.0,0.625,0.07280193322176029,0.500691909478498,0.13385813754291304,0.8772506713867188,0.48003265261650085,0.0,0.0,0.8772506713867188,0.48003265261650085,0.0,1.0,33.97423550348814,1.3210459445154972,32,35,apf_fsm,1,0.0,0.0
2026-08-18T02:00:13.942+00:00,1787018413.9420571,178226.3548521,20.981839599990053,169,2,RUN,RUN,0.9424572781835435,0.5923746903538679,0.3668337719355849,88.21773529052734,1.0,0.625,1.0,0.625,0.06614813424089976,0.5157826819408876,0.1489489100053027,0.8699069023132324,0.4932158291339874,0.0,0.0,0.8699069023132324,0.4932158291339874,0.0,1.0,30.869129312419886,2.017666136236665,28,32,apf_fsm,1,0.0,0.0
2026-08-18T02:00:14.062+00:00,1787018414.0627415,178226.476036,21.10302350000711,170,2,RUN,RUN,0.9468845397976664,0.5937677453441377,0.3668337719355849,90.04330635070801,1.0,0.625,1.0,0.625,0.06161741509828466,0.5315543595900265,0.16472058765444159,0.8620202541351318,0.5068738460540771,0.0,0.0,0.8620202541351318,0.5068738460540771,0.0,1.0,28.75479371253284,2.199214594264277,26,30,apf_fsm,1,0.0,0.0
2026-08-18T02:00:14.189+00:00,1787018414.1895964,178226.602852,21.229839500010712,171,2,RUN,RUN,0.958605244632976,0.5986642063800844,0.38762297111985033,91.32862091064453,1.0,0.625,1.0,0.625,0.04906220334928452,0.5666204943082953,0.17899752318844497,0.8437198400497437,0.536783754825592,0.0,0.0,0.8437198400497437,0.536783754825592,0.0,1.0,22.895694896332774,2.2896679755745684,20,25,apf_fsm,1,0.0,0.0
2026-08-18T02:00:14.312+00:00,1787018414.3124316,178226.7257111,21.35269860000699,172,2,RUN,RUN,0.9645592706857591,0.6013150376712326,0.4066040855817688,91.07398986816406,1.0,0.625,1.0,0.625,0.04262654964737851,0.5891310175042549,0.1825269319224861,0.831423819065094,0.5556387305259705,0.0,0.0,0.831423819065094,0.5556387305259705,0.0,1.0,19.892389835443307,1.9487986249162998,18.0,21,apf_fsm,1,0.0,0.0
2026-08-18T02:00:14.426+00:00,1787018414.426809,178226.839899,21.46688650001306,173,2,RUN,RUN,0.9748300332473381,0.6046737989851371,0.4066040855817688,87.4638557434082,1.0,0.625,1.0,0.625,0.03235246009234416,0.6793323816088188,0.27272829602705,0.7779923677444458,0.6282737851142883,0.0,0.0,0.7779923677444458,0.6282737851142883,0.0,0.8659889883163988,18,5.884330703930237,18.0,23,apf_fsm,1,0.0,0.0
2026-08-18T02:00:14.550+00:00,1787018414.5502443,178226.9631115,21.590098999993643,174,2,RUN,RUN,0.9773858768578523,0.60559338202238,0.4066040855817688,91.65740013122559,1.0,0.625,1.0,0.625,0.029799587024277787,0.7092144025519935,0.3026103169702247,0.758873701095581,0.6512377858161926,0.0,0.0,0.758873701095581,0.6512377858161926,0.0,0.8027152217572411,11.162938316351429,4.071973902713363,18.0,18.0,apf_fsm,1,0.0,0.0
2026-08-18T02:00:14.671+00:00,1787018414.6719506,178227.0848843,21.711871800012887,175,2,RUN,RUN,0.9820194124614645,0.6075711973294151,0.4161244311984731,89.63251113891602,1.0,0.625,1.0,0.625,0.025041259767853624,0.7698163914516479,0.35369196025317484,0.7180384993553162,0.6960034370422363,0.0,0.0,0.7180384993553162,0.6960034370422363,0.0,0.6945522571876775,8.11648296414,5.324777117435002,18.0,18.0,apf_fsm,1,0.0,0.0
2026-08-18T02:00:14.787+00:00,1787018414.7876623,178227.200616,21.827603499987163,176,2,RUN,RUN,0.9870377886385728,0.6096658036720912,0.4161244311984731,86.1663818359375,1.0,0.625,1.0,0.625,0.02007875744166363,0.8690290285407863,0.45290459734231325,0.6455683708190918,0.7637024521827698,0.0,0.0,0.6455683708190918,0.7637024521827698,0.0,0.4844741888122376,4.539565204490244,8.37417705991819,-18.0,18.0,apf_fsm,1,0.0,0.0
