wall_time_iso,t_wall,t_perf,session_elapsed_s,stage,robot_id,seq,left_cmd,right_cmd,requested_delay_ms,actual_delay_ms,scheduled_perf,sent_perf,ack_perf,rtt_ms,esp_rx_ms,duplicate,ack_requested,success,error
2026-08-18T06:25:27.844+00:00,1787034327.8444312,194139.8452123,0.16547919998993166,send_error,1,5,0,0,0.0,0.0,194139.845205,,,,,,,0,robot_not_discovered
2026-08-18T06:25:27.955+00:00,1787034327.955922,194139.9569324,0.277199300006032,queued,2,6,-35,35,200.0,,194139.9568049,,,,,,,1,
2026-08-18T06:25:27.955+00:00,1787034327.9569097,194139.9572525,0.27751939999870956,sent,3,7,0,0,0.0,0.0,194139.956963,194139.9569657,,,,,0,1,
2026-08-18T06:25:27.956+00:00,1787034327.9569097,194139.9572911,0.2775580000015907,send_error,10,8,0,0,0.0,0.0,194139.957288,,,,,,,0,robot_not_discovered
2026-08-18T06:25:28.110+00:00,1787034328.1101043,194140.1113908,0.43165770001360215,send_error,1,9,0,0,0.0,0.0,194140.1113762,,,,,,,0,robot_not_discovered
2026-08-18T06:25:28.114+00:00,1787034328.1146317,194140.1154773,0.4357441999891307,queued,2,10,-35,35,200.0,,194140.1153977,,,,,,,1,
2026-08-18T06:25:28.114+00:00,1787034328.1146317,194140.1158688,0.43613570000161417,sent,3,11,0,0,0.0,0.0,194140.1155125,194140.1155149,,,,,0,1,
2026-08-18T06:25:28.114+00:00,1787034328.1146317,194140.115908,0.436174900009064,send_error,10,12,0,0,0.0,0.0,194140.1159052,,,,,,,0,robot_not_discovered
2026-08-18T06:25:28.166+00:00,1787034328.1663725,194140.167407,0.4876739000028465,sent,2,6,-35,35,200.0,210.0468999997247,194139.9568049,194140.1668659,,,,,0,1,
2026-08-18T06:25:28.261+00:00,1787034328.261087,194140.2614636,0.5817305000091437,send_error,1,13,0,0,0.0,0.0,194140.2614527,,,,,,,0,robot_not_discovered
2026-08-18T06:25:28.265+00:00,1787034328.2650938,194140.266303,0.5865699000132736,queued,2,14,-35,35,200.0,,194140.2662108,,,,,,,1,
2026-08-18T06:25:28.266+00:00,1787034328.2660913,194140.2667149,0.5869818000064697,sent,3,15,0,0,0.0,0.0,194140.2663282,194140.2663311,,,,,0,1,
2026-08-18T06:25:28.266+00:00,1787034328.2660913,194140.2667504,0.5870173000148498,send_error,10,16,0,0,0.0,0.0,194140.2667478,,,,,,,0,robot_not_discovered
2026-08-18T06:25:28.332+00:00,1787034328.3322754,194140.3329729,0.6532398000126705,sent,2,10,-35,35,200.0,215.20420000888407,194140.1153977,194140.3307259,,,,,0,1,
2026-08-18T06:25:28.434+00:00,1787034328.4341204,194140.4352832,0.7555501000024378,send_error,1,17,0,0,0.0,0.0,194140.4352617,,,,,,,0,robot_not_discovered
2026-08-18T06:25:28.439+00:00,1787034328.4396148,194140.4404435,0.7607104000053369,queued,2,18,-35,35,200.0,,194140.4403026,,,,,,,1,
2026-08-18T06:25:28.439+00:00,1787034328.4396148,194140.4408673,0.761134200001834,sent,3,19,0,0,0.0,0.0,194140.4404782,194140.4404808,,,,,0,1,
2026-08-18T06:25:28.439+00:00,1787034328.4396148,194140.4409173,0.7611842000042088,send_error,10,20,0,0,0.0,0.0,194140.4409142,,,,,,,0,robot_not_discovered
2026-08-18T06:25:28.474+00:00,1787034328.4741516,194140.4746045,0.7948713999940082,sent,2,14,-35,35,200.0,205.4348999809008,194140.2662108,194140.4716698,,,,,0,1,
2026-08-18T06:25:28.602+00:00,1787034328.6021256,194140.6032471,0.9235139999946114,send_error,1,21,0,0,0.0,0.0,194140.6032165,,,,,,,0,robot_not_discovered
2026-08-18T06:25:28.608+00:00,1787034328.6081443,194140.6086137,0.9288805999967735,queued,2,22,-35,35,200.0,,194140.6085964,,,,,,,1,
2026-08-18T06:25:28.608+00:00,1787034328.6081443,194140.608984,0.9292508999933489,sent,3,23,0,0,0.0,0.0,194140.6086608,194140.6086634,,,,,0,1,
2026-08-18T06:25:28.608+00:00,1787034328.6081443,194140.6090362,0.9293031000124756,send_error,10,24,0,0,0.0,0.0,194140.6090156,,,,,,,0,robot_not_discovered
2026-08-18T06:25:28.645+00:00,1787034328.6453042,194140.6459946,0.9662614999979269,sent,2,18,-35,35,200.0,203.66949998424388,194140.4403026,194140.6439887,,,,,0,1,
2026-08-18T06:25:28.770+00:00,1787034328.7707188,194140.7717659,1.0920327999920119,send_error,1,25,0,0,0.0,0.0,194140.7717474,,,,,,,0,robot_not_discovered
2026-08-18T06:25:28.774+00:00,1787034328.7747507,194140.775666,1.0959329000033904,queued,2,26,-35,35,200.0,,194140.7755847,,,,,,,1,
2026-08-18T06:25:28.774+00:00,1787034328.7747507,194140.7760297,1.0962966000079177,sent,3,27,0,0,0.0,0.0,194140.775692,194140.7756947,,,,,0,1,
2026-08-18T06:25:28.775+00:00,1787034328.7757282,194140.7760629,1.0963297999987844,send_error,10,28,0,0,0.0,0.0,194140.7760606,,,,,,,0,robot_not_discovered
2026-08-18T06:25:28.815+00:00,1787034328.8156557,194140.8168961,1.1371630000066943,sent,2,22,-35,35,200.0,206.6540999803692,194140.6085964,194140.8162242,,,,,0,1,
2026-08-18T06:25:28.938+00:00,1787034328.9386213,194140.9391015,1.2593684000021312,send_error,1,29,0,0,0.0,0.0,194140.9390907,,,,,,,0,robot_not_discovered
2026-08-18T06:25:28.941+00:00,1787034328.941868,194140.9423816,1.2626485000073444,queued,2,30,-35,35,200.0,,194140.9422828,,,,,,,1,
2026-08-18T06:25:28.941+00:00,1787034328.941868,194140.9427014,1.2629682999977376,sent,3,31,0,0,0.0,0.0,194140.9424078,194140.94241,,,,,0,1,
2026-08-18T06:25:28.941+00:00,1787034328.941868,194140.9427405,1.263007400004426,send_error,10,32,0,0,0.0,0.0,194140.9427376,,,,,,,0,robot_not_discovered
2026-08-18T06:25:28.982+00:00,1787034328.982534,194140.9831313,1.3033981999906246,sent,2,26,-35,35,200.0,205.86590000311844,194140.7755847,194140.9814634,,,,,0,1,
2026-08-18T06:25:29.131+00:00,1787034329.1315706,194141.1325154,1.4527823000098579,send_error,1,33,0,0,0.0,0.0,194141.1325039,,,,,,,0,robot_not_discovered
2026-08-18T06:25:29.136+00:00,1787034329.136563,194141.1373839,1.4576508000027388,queued,2,34,-35,35,200.0,,194141.1372935,,,,,,,1,
2026-08-18T06:25:29.136+00:00,1787034329.136563,194141.1377006,1.457967499998631,sent,3,35,0,0,0.0,0.0,194141.1374107,194141.1374129,,,,,0,1,
2026-08-18T06:25:29.136+00:00,1787034329.136563,194141.1377452,1.4580120999889914,send_error,10,36,0,0,0.0,0.0,194141.1377419,,,,,,,0,robot_not_discovered
2026-08-18T06:25:29.146+00:00,1787034329.1465752,194141.1473009,1.4675677999912295,sent,2,30,-35,35,200.0,204.20979999471456,194140.9422828,194141.1465646,,,,,0,1,
2026-08-18T06:25:29.291+00:00,1787034329.2918744,194141.2928015,1.6130684000090696,send_error,1,37,0,0,0.0,0.0,194141.2927904,,,,,,,0,robot_not_discovered
2026-08-18T06:25:29.296+00:00,1787034329.296878,194141.2973288,1.6175956999941263,queued,2,38,-32,32,200.0,,194141.2971841,,,,,,,1,
2026-08-18T06:25:29.296+00:00,1787034329.296878,194141.297679,1.6179459000122733,sent,3,39,0,0,0.0,0.0,194141.2973677,194141.2973702,,,,,0,1,
2026-08-18T06:25:29.296+00:00,1787034329.296878,194141.297741,1.6180078999896068,send_error,10,40,0,0,0.0,0.0,194141.2977357,,,,,,,0,robot_not_discovered
2026-08-18T06:25:29.346+00:00,1787034329.3464944,194141.3472496,1.6675164999905974,sent,2,34,-35,35,200.0,209.68729999731295,194141.1372935,194141.3469918,,,,,0,1,
2026-08-18T06:25:29.433+00:00,1787034329.4337783,194141.4349524,1.7552193000155967,send_error,1,41,0,0,0.0,0.0,194141.434941,,,,,,,0,robot_not_discovered
2026-08-18T06:25:29.440+00:00,1787034329.440279,194141.4406781,1.7609450000163633,queued,2,42,-26,26,200.0,,194141.4403116,,,,,,,1,
2026-08-18T06:25:29.440+00:00,1787034329.440279,194141.4413639,1.7616307999996934,sent,3,43,0,0,0.0,0.0,194141.4408135,194141.4408258,,,,,0,1,
2026-08-18T06:25:29.440+00:00,1787034329.440279,194141.4414062,1.7616731000016443,send_error,10,44,0,0,0.0,0.0,194141.4414035,,,,,,,0,robot_not_discovered
2026-08-18T06:25:29.501+00:00,1787034329.5013475,194141.5019175,1.8221843999926932,sent,2,38,-32,32,200.0,203.40860000578687,194141.2971841,194141.5006574,,,,,0,1,
2026-08-18T06:25:29.588+00:00,1787034329.5889127,194141.5896715,1.909938400000101,send_error,1,45,0,0,0.0,0.0,194141.5896456,,,,,,,0,robot_not_discovered
2026-08-18T06:25:29.594+00:00,1787034329.5944366,194141.5948497,1.9151165999937803,queued,2,46,-26,26,200.0,,194141.5946876,,,,,,,1,
2026-08-18T06:25:29.594+00:00,1787034329.5944366,194141.5951878,1.9154547000071034,sent,3,47,0,0,0.0,0.0,194141.5948965,194141.5948995,,,,,0,1,
2026-08-18T06:25:29.594+00:00,1787034329.5944366,194141.5952347,1.9155016000149772,send_error,10,48,0,0,0.0,0.0,194141.5952308,,,,,,,0,robot_not_discovered
2026-08-18T06:25:29.646+00:00,1787034329.6463387,194141.6471022,1.967369099991629,sent,2,42,-26,26,200.0,206.4863000123296,194141.4403116,194141.6468102,,,,,0,1,
2026-08-18T06:25:29.745+00:00,1787034329.7456076,194141.7459453,2.066212200006703,send_error,1,49,0,0,0.0,0.0,194141.7459364,,,,,,,0,robot_not_discovered
2026-08-18T06:25:29.751+00:00,1787034329.7519674,194141.7522834,2.0725503000139724,queued,2,50,-26,26,200.0,,194141.7521921,,,,,,,1,
2026-08-18T06:25:29.751+00:00,1787034329.7519674,194141.7525452,2.0728120999992825,sent,3,51,0,0,0.0,0.0,194141.7523383,194141.752341,,,,,0,1,
2026-08-18T06:25:29.751+00:00,1787034329.7519674,194141.7525811,2.0728480000107083,send_error,10,52,0,0,0.0,0.0,194141.7525782,,,,,,,0,robot_not_discovered
2026-08-18T06:25:29.801+00:00,1787034329.801812,194141.8024804,2.122747299988987,sent,2,46,-26,26,200.0,207.55589997861534,194141.5946876,194141.8022588,,,,,0,1,
2026-08-18T06:25:29.894+00:00,1787034329.8944628,194141.8955081,2.2157749999896623,send_error,1,53,0,0,0.0,0.0,194141.895443,,,,,,,0,robot_not_discovered
2026-08-18T06:25:29.899+00:00,1787034329.899959,194141.9009119,2.221178800013149,queued,2,54,-26,26,200.0,,194141.9008866,,,,,,,1,
2026-08-18T06:25:29.899+00:00,1787034329.899959,194141.901173,2.221439899993129,sent,3,55,0,0,0.0,0.0,194141.9009336,194141.9009364,,,,,0,1,
2026-08-18T06:25:29.899+00:00,1787034329.899959,194141.9012001,2.221466999995755,send_error,10,56,0,0,0.0,0.0,194141.9011976,,,,,,,0,robot_not_discovered
2026-08-18T06:25:29.961+00:00,1787034329.961072,194141.9614648,2.281731700000819,sent,2,50,-26,26,200.0,208.57690001139417,194141.7521921,194141.9608016,,,,,0,1,
2026-08-18T06:25:30.043+00:00,1787034330.0438004,194142.0441648,2.364431699999841,send_error,1,57,0,0,0.0,0.0,194142.0441358,,,,,,,0,robot_not_discovered
2026-08-18T06:25:30.047+00:00,1787034330.0478003,194142.0485654,2.3688323000096716,queued,2,58,-26,26,200.0,,194142.0484268,,,,,,,1,
2026-08-18T06:25:30.048+00:00,1787034330.048802,194142.0492768,2.3695437000133097,sent,3,59,0,0,0.0,0.0,194142.0486186,194142.0486223,,,,,0,1,
2026-08-18T06:25:30.048+00:00,1787034330.048802,194142.0493577,2.369624599989038,send_error,10,60,0,0,0.0,0.0,194142.0493542,,,,,,,0,robot_not_discovered
2026-08-18T06:25:30.114+00:00,1787034330.1144614,194142.1155643,2.4358312000113074,sent,2,54,-26,26,200.0,213.21450002142228,194141.9008866,194142.1142447,,,,,0,1,
2026-08-18T06:25:30.193+00:00,1787034330.1939323,194142.1947619,2.5150288000004366,send_error,1,61,0,0,0.0,0.0,194142.1947513,,,,,,,0,robot_not_discovered
2026-08-18T06:25:30.196+00:00,1787034330.1969388,194142.1980232,2.5182901000080165,queued,2,62,26,-26,200.0,,194142.1979412,,,,,,,1,
2026-08-18T06:25:30.197+00:00,1787034330.1979318,194142.1982785,2.51854540000204,sent,3,63,0,0,0.0,0.0,194142.1980515,194142.1980539,,,,,0,1,
2026-08-18T06:25:30.197+00:00,1787034330.1979318,194142.1983126,2.5185794999997597,send_error,10,64,0,0,0.0,0.0,194142.1983098,,,,,,,0,robot_not_discovered
2026-08-18T06:25:30.252+00:00,1787034330.252389,194142.2530823,2.5733492000144906,sent,2,58,-26,26,200.0,204.42649998585694,194142.0484268,194142.2528721,,,,,0,1,
2026-08-18T06:25:30.348+00:00,1787034330.3485663,194142.3491256,2.66939250001451,send_error,1,65,0,0,0.0,0.0,194142.3491158,,,,,,,0,robot_not_discovered
2026-08-18T06:25:30.351+00:00,1787034330.3519258,194142.3527455,2.6730123999877833,queued,2,66,-26,26,200.0,,194142.352637,,,,,,,1,
2026-08-18T06:25:30.352+00:00,1787034330.3529272,194142.353272,2.6735389000095893,sent,3,67,0,0,0.0,0.0,194142.3527874,194142.35279,,,,,0,1,
2026-08-18T06:25:30.352+00:00,1787034330.3529272,194142.353349,2.6736159000138287,send_error,10,68,0,0,0.0,0.0,194142.3533455,,,,,,,0,robot_not_discovered
2026-08-18T06:25:30.407+00:00,1787034330.4070404,194142.4076812,2.7279481000150554,sent,2,62,26,-26,200.0,209.49410001048818,194142.1979412,194142.4074487,,,,,0,1,
2026-08-18T06:25:30.510+00:00,1787034330.5103958,194142.5115328,2.8317997000121977,send_error,1,69,0,0,0.0,0.0,194142.5115216,,,,,,,0,robot_not_discovered
2026-08-18T06:25:30.514+00:00,1787034330.5149193,194142.5156661,2.8359329999948386,queued,2,70,26,-26,200.0,,194142.5155816,,,,,,,1,
2026-08-18T06:25:30.514+00:00,1787034330.5149193,194142.515938,2.8362048999988474,sent,3,71,0,0,0.0,0.0,194142.5157007,194142.5157192,,,,,0,1,
2026-08-18T06:25:30.514+00:00,1787034330.5149193,194142.5159776,2.836244500009343,send_error,10,72,0,0,0.0,0.0,194142.5159747,,,,,,,0,robot_not_discovered
2026-08-18T06:25:30.564+00:00,1787034330.564911,194142.5656215,2.8858883999928366,sent,2,66,-26,26,200.0,212.71319998777471,194142.352637,194142.5653629,,,,,0,1,
2026-08-18T06:25:30.660+00:00,1787034330.6608562,194142.6612379,2.981504800001858,send_error,1,73,0,0,0.0,0.0,194142.661199,,,,,,,0,robot_not_discovered
2026-08-18T06:25:30.664+00:00,1787034330.6648524,194142.6660696,2.9863365000055637,queued,2,74,26,-26,200.0,,194142.665825,,,,,,,1,
2026-08-18T06:25:30.665+00:00,1787034330.6658547,194142.6665489,2.9868157999881078,sent,3,75,0,0,0.0,0.0,194142.6661214,194142.6661242,,,,,0,1,
2026-08-18T06:25:30.665+00:00,1787034330.6658547,194142.6666067,2.986873599991668,send_error,10,76,0,0,0.0,0.0,194142.6666036,,,,,,,0,robot_not_discovered
2026-08-18T06:25:30.720+00:00,1787034330.720904,194142.7216015,3.0418684000032954,sent,2,70,26,-26,200.0,205.7492000167258,194142.5155816,194142.7213489,,,,,0,1,
2026-08-18T06:25:30.815+00:00,1787034330.8158503,194142.8164765,3.1367434000130743,send_error,1,77,0,0,0.0,0.0,194142.8164656,,,,,,,0,robot_not_discovered
2026-08-18T06:25:30.820+00:00,1787034330.820359,194142.8209846,3.141251499997452,queued,2,78,-26,26,200.0,,194142.8208825,,,,,,,1,
2026-08-18T06:25:30.820+00:00,1787034330.820359,194142.8212043,3.1414712000114378,sent,3,79,0,0,0.0,0.0,194142.821015,194142.8210183,,,,,0,1,
2026-08-18T06:25:30.820+00:00,1787034330.820359,194142.8212422,3.1415091000089888,send_error,10,80,0,0,0.0,0.0,194142.8212394,,,,,,,0,robot_not_discovered
2026-08-18T06:25:30.876+00:00,1787034330.876739,194142.8773566,3.1976234999892768,sent,2,74,26,-26,200.0,211.35030000004917,194142.665825,194142.8771864,,,,,0,1,
2026-08-18T06:25:30.970+00:00,1787034330.970773,194142.9713176,3.291584499995224,send_error,1,81,0,0,0.0,0.0,194142.9713018,,,,,,,0,robot_not_discovered
2026-08-18T06:25:30.977+00:00,1787034330.9777777,194142.9788679,3.2991348000068683,queued,2,82,26,-26,200.0,,194142.9785909,,,,,,,1,
2026-08-18T06:25:30.978+00:00,1787034330.9787796,194142.979258,3.2995249000086915,sent,3,83,0,0,0.0,0.0,194142.978937,194142.9789426,,,,,0,1,
2026-08-18T06:25:30.978+00:00,1787034330.9787796,194142.9793357,3.299602599989157,send_error,10,84,0,0,0.0,0.0,194142.9793223,,,,,,,0,robot_not_discovered
2026-08-18T06:25:31.032+00:00,1787034331.0327501,194143.0334765,3.3537433999881614,sent,2,78,-26,26,200.0,212.26770000066608,194142.8208825,194143.0331672,,,,,0,1,
2026-08-18T06:25:31.120+00:00,1787034331.1205735,194143.12116,3.44142690001172,send_error,1,85,0,0,0.0,0.0,194143.1211352,,,,,,,0,robot_not_discovered
2026-08-18T06:25:31.124+00:00,1787034331.1245728,194143.1257,3.4459669000061695,queued,2,86,32,37,200.0,,194143.1255588,,,,,,,1,
2026-08-18T06:25:31.125+00:00,1787034331.1255715,194143.1261572,3.446424099995056,sent,3,87,0,0,0.0,0.0,194143.1257514,194143.1257579,,,,,0,1,
2026-08-18T06:25:31.125+00:00,1787034331.1255715,194143.126198,3.446464900014689,send_error,10,88,0,0,0.0,0.0,194143.1261949,,,,,,,0,robot_not_discovered
2026-08-18T06:25:31.189+00:00,1787034331.1899173,194143.1905044,3.510771300003398,sent,2,82,26,-26,200.0,211.37679999810643,194142.9785909,194143.1899827,,,,,0,1,
2026-08-18T06:25:31.262+00:00,1787034331.2620628,194143.2629391,3.58320600001025,send_error,1,89,0,0,0.0,0.0,194143.2629261,,,,,,,0,robot_not_discovered
2026-08-18T06:25:31.267+00:00,1787034331.267445,194143.2682166,3.588483500003349,queued,2,90,36,33,200.0,,194143.268114,,,,,,,1,
2026-08-18T06:25:31.267+00:00,1787034331.267445,194143.2684659,3.5887328000098933,sent,3,91,0,0,0.0,0.0,194143.2682553,194143.268258,,,,,0,1,
2026-08-18T06:25:31.267+00:00,1787034331.267445,194143.2685,3.588766900007613,send_error,10,92,0,0,0.0,0.0,194143.2684973,,,,,,,0,robot_not_discovered
2026-08-18T06:25:31.328+00:00,1787034331.3286777,194143.3296954,3.649962299998151,sent,2,86,32,37,200.0,203.74329999322072,194143.1255588,194143.3293435,,,,,0,1,
2026-08-18T06:25:31.407+00:00,1787034331.4071045,194143.407821,3.72808790000272,send_error,1,93,0,0,0.0,0.0,194143.4077887,,,,,,,0,robot_not_discovered
2026-08-18T06:25:31.412+00:00,1787034331.412647,194143.4137274,3.7339943000115454,queued,2,94,36,33,200.0,,194143.4135846,,,,,,,1,
2026-08-18T06:25:31.413+00:00,1787034331.4136267,194143.4140371,3.7343040000123437,sent,3,95,0,0,0.0,0.0,194143.4137703,194143.4137727,,,,,0,1,
2026-08-18T06:25:31.413+00:00,1787034331.4136267,194143.4140788,3.734345700009726,send_error,10,96,0,0,0.0,0.0,194143.4140763,,,,,,,0,robot_not_discovered
2026-08-18T06:25:31.469+00:00,1787034331.4698112,194143.4704513,3.790718200005358,sent,2,90,36,33,200.0,202.07110000774264,194143.268114,194143.470199,,,,,0,1,
2026-08-18T06:25:31.560+00:00,1787034331.5603104,194143.5607163,3.880983200011542,send_error,1,97,0,0,0.0,0.0,194143.5607058,,,,,,,0,robot_not_discovered
2026-08-18T06:25:31.566+00:00,1787034331.566318,194143.5669289,3.8871957999945153,queued,2,98,36,33,200.0,,194143.5668192,,,,,,,1,
2026-08-18T06:25:31.566+00:00,1787034331.566318,194143.5672129,3.887479800003348,sent,3,99,0,0,0.0,0.0,194143.5669558,194143.5669778,,,,,0,1,
2026-08-18T06:25:31.566+00:00,1787034331.566318,194143.5672533,3.8875201999908313,send_error,10,100,0,0,0.0,0.0,194143.567249,,,,,,,0,robot_not_discovered
2026-08-18T06:25:31.626+00:00,1787034331.6260333,194143.627264,3.9475309000117704,sent,2,94,36,33,200.0,213.16119999391958,194143.4135846,194143.6267751,,,,,0,1,
2026-08-18T06:25:31.696+00:00,1787034331.6965375,194143.6977471,4.018014000001131,send_error,1,101,0,0,0.0,0.0,194143.6977375,,,,,,,0,robot_not_discovered
2026-08-18T06:25:31.704+00:00,1787034331.7040627,194143.7046908,4.024957699992228,queued,2,102,35,34,200.0,,194143.7045844,,,,,,,1,
2026-08-18T06:25:31.704+00:00,1787034331.7040627,194143.7049574,4.025224300014088,sent,3,103,0,0,0.0,0.0,194143.7047322,194143.7047351,,,,,0,1,
2026-08-18T06:25:31.704+00:00,1787034331.7040627,194143.7049949,4.025261800008593,send_error,10,104,0,0,0.0,0.0,194143.7049921,,,,,,,0,robot_not_discovered
2026-08-18T06:25:31.779+00:00,1787034331.7798507,194143.7804145,4.100681400013855,sent,2,98,36,33,200.0,213.43329999945126,194143.5668192,194143.7802688,,,,,0,1,
2026-08-18T06:25:31.839+00:00,1787034331.8395617,194143.839806,4.160072900005616,send_error,1,105,0,0,0.0,0.0,194143.8397807,,,,,,,0,robot_not_discovered
2026-08-18T06:25:31.847+00:00,1787034331.8475716,194143.8480983,4.1683651999919675,queued,2,106,36,33,200.0,,194143.8478321,,,,,,,1,
2026-08-18T06:25:31.847+00:00,1787034331.8475716,194143.8487271,4.168994000006933,sent,3,107,0,0,0.0,0.0,194143.8481928,194143.8481999,,,,,0,1,
2026-08-18T06:25:31.847+00:00,1787034331.8475716,194143.848795,4.169061900000088,send_error,10,108,0,0,0.0,0.0,194143.8487919,,,,,,,0,robot_not_discovered
2026-08-18T06:25:31.906+00:00,1787034331.906663,194143.9070683,4.227335200004745,sent,2,102,35,34,200.0,201.7389000102412,194143.7045844,194143.9063585,,,,,0,1,
2026-08-18T06:25:31.977+00:00,1787034331.977497,194143.9784177,4.298684600013075,send_error,1,109,0,0,0.0,0.0,194143.9783993,,,,,,,0,robot_not_discovered
2026-08-18T06:25:31.981+00:00,1787034331.9815235,194143.9820041,4.302270999993198,queued,2,110,38,31,200.0,,194143.9819286,,,,,,,1,
2026-08-18T06:25:31.981+00:00,1787034331.9815235,194143.9822208,4.302487700013444,sent,3,111,0,0,0.0,0.0,194143.9820433,194143.982046,,,,,0,1,
2026-08-18T06:25:31.981+00:00,1787034331.9815235,194143.982257,4.30252389999805,send_error,10,112,0,0,0.0,0.0,194143.982254,,,,,,,0,robot_not_discovered
2026-08-18T06:25:32.061+00:00,1787034332.061103,194144.0622702,4.382537099998444,sent,2,106,36,33,200.0,213.78610000829212,194143.8478321,194144.0616442,,,,,0,1,
2026-08-18T06:25:32.118+00:00,1787034332.1182506,194144.1190773,4.439344200014602,send_error,1,113,0,0,0.0,0.0,194144.1190678,,,,,,,0,robot_not_discovered
2026-08-18T06:25:32.121+00:00,1787034332.121789,194144.122905,4.4431718999985605,queued,2,114,36,33,200.0,,194144.122776,,,,,,,1,
2026-08-18T06:25:32.122+00:00,1787034332.1228004,194144.1232983,4.443565199995646,sent,3,115,0,0,0.0,0.0,194144.1229485,194144.1229503,,,,,0,1,
2026-08-18T06:25:32.122+00:00,1787034332.1228004,194144.1233795,4.443646400002763,send_error,10,116,0,0,0.0,0.0,194144.1233587,,,,,,,0,robot_not_discovered
2026-08-18T06:25:32.190+00:00,1787034332.1904745,194144.1915684,4.511835300014354,sent,2,110,38,31,200.0,209.1771000123117,194143.9819286,194144.1911396,,,,,0,1,
2026-08-18T06:25:32.264+00:00,1787034332.2648675,194144.2657888,4.586055699997814,send_error,1,117,0,0,0.0,0.0,194144.265778,,,,,,,0,robot_not_discovered
2026-08-18T06:25:32.269+00:00,1787034332.2698596,194144.2702394,4.59050630001002,queued,2,118,36,33,200.0,,194144.270068,,,,,,,1,
2026-08-18T06:25:32.269+00:00,1787034332.2698596,194144.2705777,4.590844599995762,sent,3,119,0,0,0.0,0.0,194144.2703152,194144.2703192,,,,,0,1,
2026-08-18T06:25:32.269+00:00,1787034332.2698596,194144.270633,4.59089990000939,send_error,10,120,0,0,0.0,0.0,194144.2706131,,,,,,,0,robot_not_discovered
2026-08-18T06:25:32.329+00:00,1787034332.3299875,194144.3306243,4.650891199999023,sent,2,114,36,33,200.0,206.49640000192448,194144.122776,194144.3293297,,,,,0,1,
2026-08-18T06:25:32.426+00:00,1787034332.4260056,194144.4265105,4.746777399996063,send_error,1,121,0,0,0.0,0.0,194144.4264538,,,,,,,0,robot_not_discovered
2026-08-18T06:25:32.426+00:00,1787034332.4269984,194144.4281359,4.748402800003532,sent,2,122,0,0,0.0,0.0,194144.4267531,194144.4267585,,,,,0,1,
2026-08-18T06:25:32.429+00:00,1787034332.4295132,194144.4298442,4.750111100001959,sent,3,123,0,0,0.0,0.0,194144.428429,194144.4284346,,,,,0,1,
2026-08-18T06:25:32.429+00:00,1787034332.4295132,194144.429968,4.750234900013311,send_error,10,124,0,0,0.0,0.0,194144.4299612,,,,,,,0,robot_not_discovered
2026-08-18T06:25:32.589+00:00,1787034332.589521,194144.5907573,4.91102420000243,send_error,1,125,0,0,0.0,0.0,194144.5907316,,,,,,,0,robot_not_discovered
2026-08-18T06:25:32.590+00:00,1787034332.590526,194144.5913008,4.911567700008163,sent,2,126,0,0,0.0,0.0,194144.5908272,194144.5908294,,,,,0,1,
2026-08-18T06:25:32.591+00:00,1787034332.5915284,194144.5920007,4.912267600011546,sent,3,127,0,0,0.0,0.0,194144.5913767,194144.5913784,,,,,0,1,
2026-08-18T06:25:32.591+00:00,1787034332.5915284,194144.5920869,4.912353799998527,send_error,10,128,0,0,0.0,0.0,194144.5920842,,,,,,,0,robot_not_discovered
2026-08-18T06:25:32.752+00:00,1787034332.7528317,194144.7535402,5.0738071000087075,send_error,1,129,0,0,0.0,0.0,194144.7535141,,,,,,,0,robot_not_discovered
2026-08-18T06:25:32.759+00:00,1787034332.7598324,194144.760484,5.080750900000567,queued,2,130,41,28,200.0,,194144.7603059,,,,,,,1,
2026-08-18T06:25:32.760+00:00,1787034332.7603602,194144.761036,5.081302900012815,sent,3,131,0,0,0.0,0.0,194144.7606023,194144.7606128,,,,,0,1,
2026-08-18T06:25:32.760+00:00,1787034332.7603602,194144.7610906,5.081357499992009,send_error,10,132,0,0,0.0,0.0,194144.7610712,,,,,,,0,robot_not_discovered
2026-08-18T06:25:32.923+00:00,1787034332.9234934,194144.9242817,5.244548599992413,send_error,1,133,0,0,0.0,0.0,194144.9242668,,,,,,,0,robot_not_discovered
2026-08-18T06:25:32.934+00:00,1787034332.9347508,194144.9354103,5.2556772000098135,queued,2,134,36,33,200.0,,194144.9352455,,,,,,,1,
2026-08-18T06:25:32.935+00:00,1787034332.9357526,194144.9361453,5.256412199989427,sent,3,135,0,0,0.0,0.0,194144.9354587,194144.935466,,,,,0,1,
2026-08-18T06:25:32.935+00:00,1787034332.9357526,194144.9362284,5.256495300011011,send_error,10,136,0,0,0.0,0.0,194144.9362255,,,,,,,0,robot_not_discovered
2026-08-18T06:25:32.970+00:00,1787034332.9708524,194144.9718487,5.292115599993849,sent,2,130,41,28,200.0,209.40039999550208,194144.7603059,194144.9697307,,,,,0,1,
2026-08-18T06:25:33.117+00:00,1787034333.1172202,194145.1174684,5.437735300016357,send_error,1,137,0,0,0.0,0.0,194145.1174371,,,,,,,0,robot_not_discovered
2026-08-18T06:25:33.128+00:00,1787034333.1287463,194145.1293458,5.449612700002035,queued,2,138,36,33,200.0,,194145.1291355,,,,,,,1,
2026-08-18T06:25:33.128+00:00,1787034333.1287463,194145.1297146,5.449981500016293,sent,3,139,0,0,0.0,0.0,194145.1294199,194145.1294248,,,,,0,1,
2026-08-18T06:25:33.128+00:00,1787034333.1287463,194145.1297666,5.450033500004793,send_error,10,140,0,0,0.0,0.0,194145.1297622,,,,,,,0,robot_not_discovered
2026-08-18T06:25:33.142+00:00,1787034333.1428745,194145.1436537,5.463920600013807,sent,2,134,36,33,200.0,208.08229999965988,194144.9352455,194145.1433413,,,,,0,1,
2026-08-18T06:25:33.271+00:00,1787034333.271582,194145.2722857,5.592552599991905,send_error,1,141,0,0,0.0,0.0,194145.2722756,,,,,,,0,robot_not_discovered
2026-08-18T06:25:33.275+00:00,1787034333.2755828,194145.275849,5.596115899999859,queued,2,142,36,33,200.0,,194145.2757713,,,,,,,1,
2026-08-18T06:25:33.275+00:00,1787034333.2755828,194145.2761875,5.596454400016228,sent,3,143,0,0,0.0,0.0,194145.2758778,194145.2758832,,,,,0,1,
2026-08-18T06:25:33.275+00:00,1787034333.2755828,194145.2763096,5.596576500014635,send_error,10,144,0,0,0.0,0.0,194145.2762965,,,,,,,0,robot_not_discovered
2026-08-18T06:25:33.328+00:00,1787034333.3287766,194145.3297662,5.650033100013388,sent,2,138,36,33,200.0,200.3594000125304,194145.1291355,194145.3295096,,,,,0,1,
2026-08-18T06:25:33.413+00:00,1787034333.413604,194145.414494,5.734760899998946,send_error,1,145,0,0,0.0,0.0,194145.4144845,,,,,,,0,robot_not_discovered
2026-08-18T06:25:33.420+00:00,1787034333.4206424,194145.4214838,5.741750699991826,queued,2,146,33,36,200.0,,194145.421464,,,,,,,1,
2026-08-18T06:25:33.420+00:00,1787034333.4206424,194145.4218562,5.742123100004392,sent,3,147,0,0,0.0,0.0,194145.4215072,194145.4215099,,,,,0,1,
2026-08-18T06:25:33.421+00:00,1787034333.4216602,194145.4219228,5.742189699987648,send_error,10,148,0,0,0.0,0.0,194145.4219194,,,,,,,0,robot_not_discovered
2026-08-18T06:25:33.484+00:00,1787034333.4845798,194145.4856413,5.80590820001089,sent,2,142,36,33,200.0,209.36730000539683,194145.2757713,194145.4851851,,,,,0,1,
2026-08-18T06:25:33.556+00:00,1787034333.556608,194145.5569965,5.877263400005177,send_error,1,149,0,0,0.0,0.0,194145.5569864,,,,,,,0,robot_not_discovered
2026-08-18T06:25:33.559+00:00,1787034333.559613,194145.5604448,5.880711700010579,queued,2,150,35,34,200.0,,194145.5603375,,,,,,,1,
2026-08-18T06:25:33.560+00:00,1787034333.560949,194145.5615726,5.881839500012575,sent,3,151,0,0,0.0,0.0,194145.560481,194145.5604832,,,,,0,1,
2026-08-18T06:25:33.560+00:00,1787034333.560949,194145.561659,5.881925900001079,send_error,10,152,0,0,0.0,0.0,194145.5616532,,,,,,,0,robot_not_discovered
2026-08-18T06:25:33.624+00:00,1787034333.6242254,194145.6249493,5.94521619999432,sent,2,146,33,36,200.0,202.4256000004243,194145.421464,194145.6239181,,,,,0,1,
2026-08-18T06:25:33.698+00:00,1787034333.69809,194145.6997459,6.020012799999677,send_error,1,153,0,0,0.0,0.0,194145.6997266,,,,,,,0,robot_not_discovered
2026-08-18T06:25:33.706+00:00,1787034333.7066035,194145.7077876,6.028054499998689,queued,2,154,34,35,200.0,,194145.7075406,,,,,,,1,
2026-08-18T06:25:33.707+00:00,1787034333.7076004,194145.7082255,6.028492400015239,sent,3,155,0,0,0.0,0.0,194145.7078713,194145.7078789,,,,,0,1,
2026-08-18T06:25:33.707+00:00,1787034333.7076004,194145.7082889,6.028555800003232,send_error,10,156,0,0,0.0,0.0,194145.7082859,,,,,,,0,robot_not_discovered
2026-08-18T06:25:33.762+00:00,1787034333.762563,194145.7631787,6.083445600001141,sent,2,150,35,34,200.0,201.807799981907,194145.5603375,194145.7622143,,,,,0,1,
2026-08-18T06:25:33.838+00:00,1787034333.8387017,194145.838946,6.159212900005514,send_error,1,157,0,0,0.0,0.0,194145.8389075,,,,,,,0,robot_not_discovered
2026-08-18T06:25:33.845+00:00,1787034333.845237,194145.846224,6.166490900010103,queued,2,158,32,37,200.0,,194145.846065,,,,,,,1,
2026-08-18T06:25:33.846+00:00,1787034333.846234,194145.8466058,6.166872700006934,sent,3,159,0,0,0.0,0.0,194145.8462828,194145.8462866,,,,,0,1,
2026-08-18T06:25:33.846+00:00,1787034333.846234,194145.8466719,6.166938800015487,send_error,10,160,0,0,0.0,0.0,194145.846669,,,,,,,0,robot_not_discovered
2026-08-18T06:25:33.917+00:00,1787034333.9173894,194145.9179147,6.238181599997915,sent,2,154,34,35,200.0,210.21200000541285,194145.7075406,194145.9177634,,,,,0,1,
2026-08-18T06:25:33.976+00:00,1787034333.976785,194145.9774393,6.297706200013636,send_error,1,161,0,0,0.0,0.0,194145.9774302,,,,,,,0,robot_not_discovered
2026-08-18T06:25:33.984+00:00,1787034333.9848094,194145.9854008,6.305667700013146,queued,2,162,33,36,200.0,,194145.98526,,,,,,,1,
2026-08-18T06:25:33.984+00:00,1787034333.9848094,194145.9858755,6.306142399989767,sent,3,163,0,0,0.0,0.0,194145.9854548,194145.985459,,,,,0,1,
2026-08-18T06:25:33.984+00:00,1787034333.9848094,194145.985924,6.306190900009824,send_error,10,164,0,0,0.0,0.0,194145.9859202,,,,,,,0,robot_not_discovered
2026-08-18T06:25:34.058+00:00,1787034334.058075,194146.058608,6.378874899994116,sent,2,158,32,37,200.0,212.05580001696944,194145.846065,194146.0582083,,,,,0,1,
2026-08-18T06:25:34.122+00:00,1787034334.122252,194146.1225554,6.442822300014086,send_error,1,165,0,0,0.0,0.0,194146.122545,,,,,,,0,robot_not_discovered
2026-08-18T06:25:34.126+00:00,1787034334.12625,194146.1270649,6.447331800009124,queued,2,166,32,37,200.0,,194146.1269674,,,,,,,1,
2026-08-18T06:25:34.126+00:00,1787034334.12625,194146.1273473,6.4476142000057735,sent,3,167,0,0,0.0,0.0,194146.1271057,194146.1271093,,,,,0,1,
2026-08-18T06:25:34.126+00:00,1787034334.12625,194146.1273821,6.447649000008823,send_error,10,168,0,0,0.0,0.0,194146.1273792,,,,,,,0,robot_not_discovered
2026-08-18T06:25:34.197+00:00,1787034334.1974506,194146.1984093,6.5186762000084855,sent,2,162,33,36,200.0,212.64260000316426,194145.98526,194146.1979185,,,,,0,1,
2026-08-18T06:25:34.270+00:00,1787034334.2708428,194146.2719926,6.5922595000010915,send_error,1,169,0,0,0.0,0.0,194146.2719822,,,,,,,0,robot_not_discovered
2026-08-18T06:25:34.274+00:00,1787034334.2748396,194146.2756732,6.595940100000007,queued,2,170,32,37,200.0,,194146.2755748,,,,,,,1,
2026-08-18T06:25:34.274+00:00,1787034334.2748396,194146.2759687,6.596235600009095,sent,3,171,0,0,0.0,0.0,194146.2757119,194146.2757161,,,,,0,1,
2026-08-18T06:25:34.274+00:00,1787034334.2748396,194146.2760022,6.596269100002246,send_error,10,172,0,0,0.0,0.0,194146.2759989,,,,,,,0,robot_not_discovered
2026-08-18T06:25:34.338+00:00,1787034334.3386793,194146.3398249,6.660091800004011,sent,2,166,32,37,200.0,212.211500009289,194146.1269674,194146.339218,,,,,0,1,
2026-08-18T06:25:34.410+00:00,1787034334.4109075,194146.4116336,6.7319004999881145,send_error,1,173,0,0,0.0,0.0,194146.4116242,,,,,,,0,robot_not_discovered
2026-08-18T06:25:34.415+00:00,1787034334.415905,194146.4166716,6.7369384999910835,queued,2,174,32,37,200.0,,194146.4164612,,,,,,,1,
2026-08-18T06:25:34.416+00:00,1787034334.4169068,194146.417489,6.7377559000160545,sent,3,175,0,0,0.0,0.0,194146.4167287,194146.4167355,,,,,0,1,
2026-08-18T06:25:34.416+00:00,1787034334.4169068,194146.4175895,6.737856399995508,send_error,10,176,0,0,0.0,0.0,194146.417586,,,,,,,0,robot_not_discovered
2026-08-18T06:25:34.477+00:00,1787034334.477884,194146.4788925,6.799159399990458,sent,2,170,32,37,200.0,202.75649998802692,194146.2755748,194146.4783707,,,,,0,1,
2026-08-18T06:25:34.550+00:00,1787034334.5504968,194146.5513385,6.871605399996042,send_error,1,177,0,0,0.0,0.0,194146.5513262,,,,,,,0,robot_not_discovered
2026-08-18T06:25:34.555+00:00,1787034334.5555067,194146.5566494,6.876916300010635,queued,2,178,32,37,200.0,,194146.556556,,,,,,,1,
2026-08-18T06:25:34.556+00:00,1787034334.5565035,194146.5569575,6.87722439999925,sent,3,179,0,0,0.0,0.0,194146.5566784,194146.5566816,,,,,0,1,
2026-08-18T06:25:34.556+00:00,1787034334.5565035,194146.5570098,6.877276699990034,send_error,10,180,0,0,0.0,0.0,194146.557007,,,,,,,0,robot_not_discovered
2026-08-18T06:25:34.619+00:00,1787034334.6196315,194146.6199434,6.940210300002946,sent,2,174,32,37,200.0,202.51060000737198,194146.4164612,194146.6190317,,,,,0,1,
2026-08-18T06:25:34.693+00:00,1787034334.693585,194146.6946477,7.014914600003976,send_error,1,181,0,0,0.0,0.0,194146.6946082,,,,,,,0,robot_not_discovered
2026-08-18T06:25:34.698+00:00,1787034334.698585,194146.6989711,7.019238000008045,queued,2,182,32,37,200.0,,194146.6988624,,,,,,,1,
2026-08-18T06:25:34.698+00:00,1787034334.698585,194146.6992102,7.019477099995129,sent,3,183,0,0,0.0,0.0,194146.6990018,194146.699004,,,,,0,1,
2026-08-18T06:25:34.698+00:00,1787034334.698585,194146.6992435,7.019510400015861,send_error,10,184,0,0,0.0,0.0,194146.6992409,,,,,,,0,robot_not_discovered
2026-08-18T06:25:34.759+00:00,1787034334.7596018,194146.7604423,7.080709200003184,sent,2,178,32,37,200.0,203.4898000129033,194146.556556,194146.7600715,,,,,0,1,
2026-08-18T06:25:34.845+00:00,1787034334.845646,194146.8468066,7.167073499993421,send_error,1,185,0,0,0.0,0.0,194146.8467867,,,,,,,0,robot_not_discovered
2026-08-18T06:25:34.856+00:00,1787034334.8561692,194146.8571154,7.17738229999668,queued,2,186,32,37,200.0,,194146.8567787,,,,,,,1,
2026-08-18T06:25:34.857+00:00,1787034334.8571677,194146.8580464,7.178313300013542,sent,3,187,0,0,0.0,0.0,194146.8572534,194146.8572698,,,,,0,1,
2026-08-18T06:25:34.857+00:00,1787034334.8571677,194146.8580929,7.178359799989266,send_error,10,188,0,0,0.0,0.0,194146.8580889,,,,,,,0,robot_not_discovered
2026-08-18T06:25:34.912+00:00,1787034334.9127226,194146.9130374,7.2333042999962345,sent,2,182,32,37,200.0,212.7541000081692,194146.6988624,194146.9117376,,,,,0,1,
2026-08-18T06:25:34.989+00:00,1787034334.9897094,194146.9902422,7.310509100003401,send_error,1,189,0,0,0.0,0.0,194146.9902319,,,,,,,0,robot_not_discovered
2026-08-18T06:25:34.993+00:00,1787034334.9937248,194146.9944733,7.314740200003143,queued,2,190,32,37,200.0,,194146.9943777,,,,,,,1,
2026-08-18T06:25:34.993+00:00,1787034334.9937248,194146.9947423,7.315009200014174,sent,3,191,0,0,0.0,0.0,194146.9945111,194146.9945147,,,,,0,1,
2026-08-18T06:25:34.993+00:00,1787034334.9937248,194146.9947789,7.315045800001826,send_error,10,192,0,0,0.0,0.0,194146.994776,,,,,,,0,robot_not_discovered
2026-08-18T06:25:35.064+00:00,1787034335.0646336,194147.0651903,7.3854571999982,sent,2,186,32,37,200.0,207.51530001871288,194146.8567787,194147.0643714,,,,,0,1,
2026-08-18T06:25:35.148+00:00,1787034335.1486669,194147.1493366,7.469603500008816,send_error,1,193,0,0,0.0,0.0,194147.149327,,,,,,,0,robot_not_discovered
2026-08-18T06:25:35.154+00:00,1787034335.1541836,194147.1547942,7.475061100005405,queued,2,194,32,37,200.0,,194147.1546916,,,,,,,1,
2026-08-18T06:25:35.154+00:00,1787034335.1541836,194147.1550316,7.475298500008648,sent,3,195,0,0,0.0,0.0,194147.1548222,194147.1548249,,,,,0,1,
2026-08-18T06:25:35.154+00:00,1787034335.1541836,194147.1550654,7.475332300004084,send_error,10,196,0,0,0.0,0.0,194147.155063,,,,,,,0,robot_not_discovered
2026-08-18T06:25:35.203+00:00,1787034335.203406,194147.2039931,7.524260000005597,sent,2,190,32,37,200.0,209.390700008953,194146.9943777,194147.2037805,,,,,0,1,
2026-08-18T06:25:35.291+00:00,1787034335.2919447,194147.2926987,7.612965600012103,send_error,1,197,0,0,0.0,0.0,194147.2926893,,,,,,,0,robot_not_discovered
2026-08-18T06:25:35.294+00:00,1787034335.2949452,194147.2960483,7.616315199993551,queued,2,198,34,35,200.0,,194147.2959646,,,,,,,1,
2026-08-18T06:25:35.295+00:00,1787034335.2959378,194147.2962913,7.616558200010331,sent,3,199,0,0,0.0,0.0,194147.2960741,194147.2960767,,,,,0,1,
2026-08-18T06:25:35.295+00:00,1787034335.2959378,194147.2963276,7.616594499995699,send_error,10,200,0,0,0.0,0.0,194147.2963247,,,,,,,0,robot_not_discovered
2026-08-18T06:25:35.360+00:00,1787034335.3600116,194147.3606182,7.680885100009618,sent,2,194,32,37,200.0,205.35679999738932,194147.1546916,194147.3600943,,,,,0,1,
2026-08-18T06:25:35.431+00:00,1787034335.4317026,194147.4323107,7.752577600011136,send_error,1,201,0,0,0.0,0.0,194147.4323025,,,,,,,0,robot_not_discovered
2026-08-18T06:25:35.435+00:00,1787034335.4357092,194147.4361478,7.756414700008463,queued,2,202,34,35,200.0,,194147.4359161,,,,,,,1,
2026-08-18T06:25:35.435+00:00,1787034335.4357092,194147.4368083,7.757075200002873,sent,3,203,0,0,0.0,0.0,194147.4361936,194147.4361975,,,,,0,1,
2026-08-18T06:25:35.435+00:00,1787034335.4357092,194147.4368633,7.757130200014217,send_error,10,204,0,0,0.0,0.0,194147.4368597,,,,,,,0,robot_not_discovered
2026-08-18T06:25:35.499+00:00,1787034335.5006,194147.5007407,7.821007599995937,sent,2,198,34,35,200.0,204.10080000874586,194147.2959646,194147.5001102,,,,,0,1,
2026-08-18T06:25:35.574+00:00,1787034335.5745695,194147.5754209,7.895687799988082,send_error,1,205,0,0,0.0,0.0,194147.575361,,,,,,,0,robot_not_discovered
2026-08-18T06:25:35.582+00:00,1787034335.5820806,194147.5823064,7.902573300001677,queued,2,206,34,35,200.0,,194147.582108,,,,,,,1,
2026-08-18T06:25:35.583+00:00,1787034335.5830846,194147.5834544,7.903721300011966,sent,3,207,0,0,0.0,0.0,194147.5823774,194147.5823854,,,,,0,1,
2026-08-18T06:25:35.583+00:00,1787034335.5830846,194147.5835464,7.903813300014008,send_error,10,208,0,0,0.0,0.0,194147.5835413,,,,,,,0,robot_not_discovered
2026-08-18T06:25:35.648+00:00,1787034335.6482189,194147.6492426,7.9695094999915455,sent,2,202,34,35,200.0,212.42380002513528,194147.4359161,194147.6484429,,,,,0,1,
2026-08-18T06:25:35.721+00:00,1787034335.7210488,194147.722138,8.042404900013935,send_error,1,209,0,0,0.0,0.0,194147.7221291,,,,,,,0,robot_not_discovered
2026-08-18T06:25:35.725+00:00,1787034335.7251115,194147.7259029,8.046169800014468,queued,2,210,33,36,200.0,,194147.7258107,,,,,,,1,
2026-08-18T06:25:35.725+00:00,1787034335.7251115,194147.7261132,8.046380100015085,sent,3,211,0,0,0.0,0.0,194147.7259418,194147.7259441,,,,,0,1,
2026-08-18T06:25:35.725+00:00,1787034335.7251115,194147.7261483,8.046415199991316,send_error,10,212,0,0,0.0,0.0,194147.7261453,,,,,,,0,robot_not_discovered
2026-08-18T06:25:35.786+00:00,1787034335.7869446,194147.7873713,8.107638199988287,sent,2,206,34,35,200.0,204.52010000008158,194147.582108,194147.7866485,,,,,0,1,
2026-08-18T06:25:35.861+00:00,1787034335.8617287,194147.8620435,8.182310400006827,send_error,1,213,0,0,0.0,0.0,194147.8620243,,,,,,,0,robot_not_discovered
2026-08-18T06:25:35.865+00:00,1787034335.8657203,194147.8662956,8.186562499991851,queued,2,214,34,35,200.0,,194147.8661291,,,,,,,1,
2026-08-18T06:25:35.865+00:00,1787034335.8657203,194147.8667364,8.187003300001379,sent,3,215,0,0,0.0,0.0,194147.8663484,194147.8663526,,,,,0,1,
2026-08-18T06:25:35.865+00:00,1787034335.8657203,194147.8667834,8.187050300010014,send_error,10,216,0,0,0.0,0.0,194147.8667804,,,,,,,0,robot_not_discovered
2026-08-18T06:25:35.939+00:00,1787034335.9396734,194147.9402701,8.260536999994656,sent,2,210,33,36,200.0,214.19249998871237,194147.7258107,194147.9400207,,,,,0,1,
2026-08-18T06:25:36.001+00:00,1787034336.0013359,194148.0017107,8.321977599989623,send_error,1,217,0,0,0.0,0.0,194148.0016983,,,,,,,0,robot_not_discovered
2026-08-18T06:25:36.010+00:00,1787034336.0108669,194148.0114763,8.331743199989432,queued,2,218,37,32,200.0,,194148.0113018,,,,,,,1,
2026-08-18T06:25:36.010+00:00,1787034336.0108669,194148.011909,8.332175899995491,sent,3,219,0,0,0.0,0.0,194148.0115239,194148.0115295,,,,,0,1,
2026-08-18T06:25:36.010+00:00,1787034336.0108669,194148.0119963,8.332263199990848,send_error,10,220,0,0,0.0,0.0,194148.0119888,,,,,,,0,robot_not_discovered
2026-08-18T06:25:36.079+00:00,1787034336.0799077,194148.0804604,8.400727300002472,sent,2,214,34,35,200.0,214.14789999835193,194147.8661291,194148.0802938,,,,,0,1,
2026-08-18T06:25:36.140+00:00,1787034336.140289,194148.1409166,8.46118350001052,send_error,1,221,0,0,0.0,0.0,194148.1409065,,,,,,,0,robot_not_discovered
2026-08-18T06:25:36.144+00:00,1787034336.1448143,194148.1457754,8.466042299987748,queued,2,222,38,31,200.0,,194148.1456676,,,,,,,1,
2026-08-18T06:25:36.144+00:00,1787034336.1448143,194148.1459666,8.466233499988448,sent,3,223,0,0,0.0,0.0,194148.1458055,194148.1458083,,,,,0,1,
2026-08-18T06:25:36.145+00:00,1787034336.1458173,194148.1460068,8.466273700003512,send_error,10,224,0,0,0.0,0.0,194148.1460042,,,,,,,0,robot_not_discovered
2026-08-18T06:25:36.220+00:00,1787034336.2209554,194148.2212301,8.541496999998344,sent,2,218,37,32,200.0,209.3454000132624,194148.0113018,194148.220696,,,,,0,1,
2026-08-18T06:25:36.279+00:00,1787034336.2795908,194148.280555,8.60082190000685,send_error,1,225,0,0,0.0,0.0,194148.2805218,,,,,,,0,robot_not_discovered
2026-08-18T06:25:36.293+00:00,1787034336.293149,194148.2942171,8.614483999990625,queued,2,226,36,33,200.0,,194148.2941049,,,,,,,1,
2026-08-18T06:25:36.294+00:00,1787034336.2941494,194148.2945463,8.614813199994387,sent,3,227,0,0,0.0,0.0,194148.2942621,194148.2942653,,,,,0,1,
2026-08-18T06:25:36.294+00:00,1787034336.2941494,194148.2945826,8.614849500008859,send_error,10,228,0,0,0.0,0.0,194148.2945796,,,,,,,0,robot_not_discovered
2026-08-18T06:25:36.358+00:00,1787034336.3584445,194148.359926,8.68019290000666,sent,2,222,38,31,200.0,213.36269998573698,194148.1456676,194148.3590576,,,,,0,1,
2026-08-18T06:25:36.433+00:00,1787034336.4333644,194148.4341786,8.754445500002475,send_error,1,229,0,0,0.0,0.0,194148.4341673,,,,,,,0,robot_not_discovered
2026-08-18T06:25:36.441+00:00,1787034336.4418697,194148.4428358,8.763102700002491,queued,2,230,36,33,200.0,,194148.4424255,,,,,,,1,
2026-08-18T06:25:36.442+00:00,1787034336.4428747,194148.4435547,8.76382160000503,sent,3,231,0,0,0.0,0.0,194148.4430099,194148.4430234,,,,,0,1,
2026-08-18T06:25:36.442+00:00,1787034336.4428747,194148.4436292,8.763896099990234,send_error,10,232,0,0,0.0,0.0,194148.4436248,,,,,,,0,robot_not_discovered
2026-08-18T06:25:36.499+00:00,1787034336.499662,194148.5000207,8.820287600014126,sent,2,226,36,33,200.0,204.84309998573735,194148.2941049,194148.4989933,,,,,0,1,
2026-08-18T06:25:36.592+00:00,1787034336.5928423,194148.59371,8.913976899988484,send_error,1,233,0,0,0.0,0.0,194148.5937015,,,,,,,0,robot_not_discovered
2026-08-18T06:25:36.597+00:00,1787034336.5978415,194148.5982213,8.918488199997228,queued,2,234,36,33,200.0,,194148.5981923,,,,,,,1,
2026-08-18T06:25:36.597+00:00,1787034336.5978415,194148.598508,8.918774899997516,sent,3,235,0,0,0.0,0.0,194148.5982632,194148.598266,,,,,0,1,
2026-08-18T06:25:36.597+00:00,1787034336.5978415,194148.5985441,8.918811000010464,send_error,10,236,0,0,0.0,0.0,194148.5985412,,,,,,,0,robot_not_discovered
2026-08-18T06:25:36.653+00:00,1787034336.653863,194148.6549357,8.975202600006014,sent,2,230,36,33,200.0,211.89120001508854,194148.4424255,194148.654352,,,,,0,1,
2026-08-18T06:25:36.753+00:00,1787034336.7530112,194148.7540299,9.074296800012235,send_error,1,237,0,0,0.0,0.0,194148.75402,,,,,,,0,robot_not_discovered
2026-08-18T06:25:36.759+00:00,1787034336.7596262,194148.7599538,9.080220700008795,queued,2,238,34,35,200.0,,194148.7596958,,,,,,,1,
2026-08-18T06:25:36.759+00:00,1787034336.7596262,194148.7602563,9.080523200012976,sent,3,239,0,0,0.0,0.0,194148.7600086,194148.7600115,,,,,0,1,
2026-08-18T06:25:36.759+00:00,1787034336.7596262,194148.7602943,9.080561200011289,send_error,10,240,0,0,0.0,0.0,194148.7602913,,,,,,,0,robot_not_discovered
2026-08-18T06:25:36.802+00:00,1787034336.8021836,194148.8029596,9.123226499999873,sent,2,234,36,33,200.0,204.35610000276938,194148.5981923,194148.8025662,,,,,0,1,
2026-08-18T06:25:36.899+00:00,1787034336.8999748,194148.9007911,9.221057999995537,send_error,1,241,0,0,0.0,0.0,194148.9007467,,,,,,,0,robot_not_discovered
2026-08-18T06:25:36.913+00:00,1787034336.9134934,194148.9139004,9.234167299990077,queued,2,242,34,35,200.0,,194148.913787,,,,,,,1,
2026-08-18T06:25:36.913+00:00,1787034336.9134934,194148.9144412,9.234708100004354,sent,3,243,0,0,0.0,0.0,194148.9139463,194148.9139498,,,,,0,1,
2026-08-18T06:25:36.913+00:00,1787034336.9134934,194148.9145109,9.234777800011216,send_error,10,244,0,0,0.0,0.0,194148.9145054,,,,,,,0,robot_not_discovered
2026-08-18T06:25:36.975+00:00,1787034336.975346,194148.9756807,9.29594760001055,sent,2,238,34,35,200.0,214.61270001600496,194148.7596958,194148.9743858,,,,,0,1,
2026-08-18T06:25:37.091+00:00,1787034337.091094,194149.0916845,9.411951399990357,send_error,1,245,0,0,0.0,0.0,194149.0916409,,,,,,,0,robot_not_discovered
2026-08-18T06:25:37.100+00:00,1787034337.100626,194149.1013814,9.42164829999092,queued,2,246,32,37,200.0,,194149.1012603,,,,,,,1,
2026-08-18T06:25:37.100+00:00,1787034337.100626,194149.1017498,9.422016700002132,sent,3,247,0,0,0.0,0.0,194149.1014113,194149.1014145,,,,,0,1,
2026-08-18T06:25:37.101+00:00,1787034337.101619,194149.1018256,9.422092499997234,send_error,10,248,0,0,0.0,0.0,194149.1018201,,,,,,,0,robot_not_discovered
2026-08-18T06:25:37.128+00:00,1787034337.1283834,194149.1299824,9.450249299989082,sent,2,242,34,35,200.0,215.00669998931699,194148.913787,194149.1288131,,,,,0,1,
2026-08-18T06:25:37.238+00:00,1787034337.238274,194149.2390807,9.559347600006731,send_error,1,249,0,0,0.0,0.0,194149.2390712,,,,,,,0,robot_not_discovered
2026-08-18T06:25:37.243+00:00,1787034337.2438116,194149.2445189,9.564785800001118,queued,2,250,33,36,200.0,,194149.244403,,,,,,,1,
2026-08-18T06:25:37.243+00:00,1787034337.2438116,194149.2447193,9.564986200013664,sent,3,251,0,0,0.0,0.0,194149.2445809,194149.2445838,,,,,0,1,
2026-08-18T06:25:37.243+00:00,1787034337.2438116,194149.2447501,9.56501700001536,send_error,10,252,0,0,0.0,0.0,194149.2447475,,,,,,,0,robot_not_discovered
2026-08-18T06:25:37.315+00:00,1787034337.3162901,194149.3164309,9.6366978000151,sent,2,246,32,37,200.0,214.75859999191016,194149.1012603,194149.3161117,,,,,0,1,
2026-08-18T06:25:37.391+00:00,1787034337.3918185,194149.3921408,9.712407699989853,send_error,1,253,0,0,0.0,0.0,194149.39213,,,,,,,0,robot_not_discovered
2026-08-18T06:25:37.395+00:00,1787034337.3958309,194149.3967319,9.716998799995054,queued,2,254,32,37,200.0,,194149.3966294,,,,,,,1,
2026-08-18T06:25:37.396+00:00,1787034337.3968203,194149.3969976,9.71726450001006,sent,3,255,0,0,0.0,0.0,194149.3967604,194149.3967633,,,,,0,1,
2026-08-18T06:25:37.396+00:00,1787034337.3968203,194149.3970362,9.717303100012941,send_error,10,256,0,0,0.0,0.0,194149.3970332,,,,,,,0,robot_not_discovered
2026-08-18T06:25:37.455+00:00,1787034337.4559052,194149.45643,9.776696899993112,sent,2,250,33,36,200.0,210.55630000773817,194149.244403,194149.4551009,,,,,0,1,
2026-08-18T06:25:37.536+00:00,1787034337.5362396,194149.5370238,9.857290699990699,send_error,1,257,0,0,0.0,0.0,194149.5370135,,,,,,,0,robot_not_discovered
2026-08-18T06:25:37.541+00:00,1787034337.5417528,194149.5424067,9.862673600000562,queued,2,258,32,37,200.0,,194149.5419879,,,,,,,1,
2026-08-18T06:25:37.541+00:00,1787034337.5417528,194149.5426255,9.862892400007695,sent,3,259,0,0,0.0,0.0,194149.5424553,194149.5424583,,,,,0,1,
2026-08-18T06:25:37.541+00:00,1787034337.5417528,194149.5426596,9.862926500005415,send_error,10,260,0,0,0.0,0.0,194149.5426569,,,,,,,0,robot_not_discovered
2026-08-18T06:25:37.610+00:00,1787034337.6101482,194149.611129,9.931395899999188,sent,2,254,32,37,200.0,213.9395000122022,194149.3966294,194149.6106247,,,,,0,1,
2026-08-18T06:25:37.682+00:00,1787034337.682327,194149.6825257,10.002792599989334,send_error,1,261,0,0,0.0,0.0,194149.6825155,,,,,,,0,robot_not_discovered
2026-08-18T06:25:37.686+00:00,1787034337.6863222,194149.6872956,10.007562499988126,queued,2,262,31,38,200.0,,194149.6872122,,,,,,,1,
2026-08-18T06:25:37.688+00:00,1787034337.688321,194149.6886158,10.008882699999958,sent,3,263,0,0,0.0,0.0,194149.6874729,194149.6874997,,,,,0,1,
2026-08-18T06:25:37.688+00:00,1787034337.688321,194149.6886771,10.008944000001065,send_error,10,264,0,0,0.0,0.0,194149.6886726,,,,,,,0,robot_not_discovered
2026-08-18T06:25:37.750+00:00,1787034337.7507813,194149.7509833,10.071250200009672,sent,2,258,32,37,200.0,208.21919999434613,194149.5419879,194149.7502549,,,,,0,1,
2026-08-18T06:25:37.820+00:00,1787034337.8203018,194149.8210903,10.1413572000165,send_error,1,265,0,0,0.0,0.0,194149.8210676,,,,,,,0,robot_not_discovered
2026-08-18T06:25:37.825+00:00,1787034337.825816,194149.8260393,10.146306200011168,queued,2,266,31,38,200.0,,194149.8258671,,,,,,,1,
2026-08-18T06:25:37.825+00:00,1787034337.825816,194149.8263723,10.14663920001476,sent,3,267,0,0,0.0,0.0,194149.826121,194149.8261243,,,,,0,1,
2026-08-18T06:25:37.825+00:00,1787034337.825816,194149.8264054,10.146672300004866,send_error,10,268,0,0,0.0,0.0,194149.8264027,,,,,,,0,robot_not_discovered
2026-08-18T06:25:37.891+00:00,1787034337.8918157,194149.8927166,10.212983500008704,sent,2,262,31,38,200.0,205.11710000573657,194149.6872122,194149.8923681,,,,,0,1,
2026-08-18T06:25:37.965+00:00,1787034337.9655209,194149.966202,10.28646890001255,send_error,1,269,0,0,0.0,0.0,194149.9661843,,,,,,,0,robot_not_discovered
2026-08-18T06:25:37.972+00:00,1787034337.9729695,194149.973477,10.293743899994297,queued,2,270,30,39,200.0,,194149.9733108,,,,,,,1,
2026-08-18T06:25:37.972+00:00,1787034337.9729695,194149.9737723,10.294039200001862,sent,3,271,0,0,0.0,0.0,194149.9735245,194149.973528,,,,,0,1,
2026-08-18T06:25:37.972+00:00,1787034337.9729695,194149.9738299,10.2940968000039,send_error,10,272,0,0,0.0,0.0,194149.9738118,,,,,,,0,robot_not_discovered
2026-08-18T06:25:38.029+00:00,1787034338.0293362,194150.029778,10.350044899998466,sent,2,266,31,38,200.0,203.04639998357743,194149.8258671,194150.0289887,,,,,0,1,
2026-08-18T06:25:38.105+00:00,1787034338.105568,194150.1058318,10.426098700001603,send_error,1,273,0,0,0.0,0.0,194150.1058019,,,,,,,0,robot_not_discovered
2026-08-18T06:25:38.111+00:00,1787034338.1110826,194150.1117726,10.432039500010433,queued,2,274,31,38,200.0,,194150.1116428,,,,,,,1,
2026-08-18T06:25:38.111+00:00,1787034338.1110826,194150.1120374,10.432304299989482,sent,3,275,0,0,0.0,0.0,194150.1118062,194150.1118258,,,,,0,1,
2026-08-18T06:25:38.111+00:00,1787034338.1110826,194150.1120756,10.432342499989318,send_error,10,276,0,0,0.0,0.0,194150.1120727,,,,,,,0,robot_not_discovered
2026-08-18T06:25:38.175+00:00,1787034338.1754384,194150.1757838,10.496050699992338,sent,2,270,30,39,200.0,202.006799983792,194149.9733108,194150.175372,,,,,0,1,
2026-08-18T06:25:38.244+00:00,1787034338.2443218,194150.2453334,10.565600300004007,send_error,1,277,0,0,0.0,0.0,194150.2453227,,,,,,,0,robot_not_discovered
2026-08-18T06:25:38.249+00:00,1787034338.2498295,194150.250584,10.570850899996003,queued,2,278,31,38,200.0,,194150.2503551,,,,,,,1,
2026-08-18T06:25:38.250+00:00,1787034338.2508352,194150.2515577,10.571824599988759,sent,3,279,0,0,0.0,0.0,194150.250663,194150.2506715,,,,,0,1,
2026-08-18T06:25:38.250+00:00,1787034338.2508352,194150.2515985,10.571865400008392,send_error,10,280,0,0,0.0,0.0,194150.2515957,,,,,,,0,robot_not_discovered
2026-08-18T06:25:38.314+00:00,1787034338.3146954,194150.315011,10.635277900000801,sent,2,274,31,38,200.0,202.49289998901077,194150.1116428,194150.3141773,,,,,0,1,
2026-08-18T06:25:38.388+00:00,1787034338.3885627,194150.388825,10.709091900003841,send_error,1,281,0,0,0.0,0.0,194150.3888136,,,,,,,0,robot_not_discovered
2026-08-18T06:25:38.393+00:00,1787034338.3937788,194150.3944131,10.714680000004591,queued,2,282,32,37,200.0,,194150.3942197,,,,,,,1,
2026-08-18T06:25:38.394+00:00,1787034338.3947754,194150.3949866,10.715253500005929,sent,3,283,0,0,0.0,0.0,194150.3944495,194150.394457,,,,,0,1,
2026-08-18T06:25:38.394+00:00,1787034338.3947754,194150.395037,10.71530390001135,send_error,10,284,0,0,0.0,0.0,194150.395034,,,,,,,0,robot_not_discovered
2026-08-18T06:25:38.455+00:00,1787034338.4556355,194150.4561359,10.776402799994685,sent,2,278,31,38,200.0,204.0192999993451,194150.2503551,194150.4544983,,,,,0,1,
2026-08-18T06:25:38.523+00:00,1787034338.5233536,194150.5235736,10.84384049999062,send_error,1,285,0,0,0.0,0.0,194150.5235533,,,,,,,0,robot_not_discovered
2026-08-18T06:25:38.527+00:00,1787034338.5271666,194150.5281882,10.848455100000137,queued,2,286,34,35,200.0,,194150.5280922,,,,,,,1,
2026-08-18T06:25:38.528+00:00,1787034338.5281653,194150.5284755,10.848742400004994,sent,3,287,0,0,0.0,0.0,194150.5282424,194150.5282453,,,,,0,1,
2026-08-18T06:25:38.528+00:00,1787034338.5281653,194150.5285127,10.848779599997215,send_error,10,288,0,0,0.0,0.0,194150.5285097,,,,,,,0,robot_not_discovered
2026-08-18T06:25:38.606+00:00,1787034338.6064155,194150.6069838,10.927250700013246,sent,2,282,32,37,200.0,212.57269999478012,194150.3942197,194150.6068051,,,,,0,1,
2026-08-18T06:25:38.666+00:00,1787034338.6660013,194150.667101,10.987367900001118,send_error,1,289,0,0,0.0,0.0,194150.6670911,,,,,,,0,robot_not_discovered
2026-08-18T06:25:38.670+00:00,1787034338.6705837,194150.6707467,10.991013599996222,queued,2,290,33,36,200.0,,194150.670628,,,,,,,1,
2026-08-18T06:25:38.670+00:00,1787034338.6705837,194150.6714352,10.991702100000111,sent,3,291,0,0,0.0,0.0,194150.6708077,194150.6708127,,,,,0,1,
2026-08-18T06:25:38.670+00:00,1787034338.6705837,194150.6714837,10.991750599991065,send_error,10,292,0,0,0.0,0.0,194150.6714787,,,,,,,0,robot_not_discovered
2026-08-18T06:25:38.730+00:00,1787034338.7309809,194150.7319301,11.052197000011802,sent,2,286,34,35,200.0,203.36790001601912,194150.5280922,194150.7314987,,,,,0,1,
2026-08-18T06:25:38.804+00:00,1787034338.8053386,194150.8054527,11.12571960000787,send_error,1,293,0,0,0.0,0.0,194150.8054401,,,,,,,0,robot_not_discovered
2026-08-18T06:25:38.808+00:00,1787034338.8083546,194150.809373,11.129639899998438,queued,2,294,33,36,200.0,,194150.8092671,,,,,,,1,
2026-08-18T06:25:38.808+00:00,1787034338.8083546,194150.8095571,11.129824000003282,sent,3,295,0,0,0.0,0.0,194150.8094067,194150.8094095,,,,,0,1,
2026-08-18T06:25:38.808+00:00,1787034338.8083546,194150.8096147,11.12988160000532,send_error,10,296,0,0,0.0,0.0,194150.8096116,,,,,,,0,robot_not_discovered
2026-08-18T06:25:38.870+00:00,1787034338.8707078,194150.8709625,11.191229399992153,sent,2,290,33,36,200.0,200.08670000243,194150.670628,194150.8707256,,,,,0,1,
2026-08-18T06:25:38.940+00:00,1787034338.9408798,194150.9410943,11.261361200013198,send_error,1,297,0,0,0.0,0.0,194150.9410833,,,,,,,0,robot_not_discovered
2026-08-18T06:25:38.944+00:00,1787034338.9448795,194150.9453365,11.26560340001015,queued,2,298,35,34,200.0,,194150.9452111,,,,,,,1,
2026-08-18T06:25:38.944+00:00,1787034338.9448795,194150.945598,11.265864899993176,sent,3,299,0,0,0.0,0.0,194150.9453717,194150.9453861,,,,,0,1,
2026-08-18T06:25:38.944+00:00,1787034338.9448795,194150.9456567,11.265923600003589,send_error,10,300,0,0,0.0,0.0,194150.9456338,,,,,,,0,robot_not_discovered
2026-08-18T06:25:39.022+00:00,1787034339.0229402,194151.0235121,11.34377899998799,sent,2,294,33,36,200.0,213.89489999273792,194150.8092671,194151.0231761,,,,,0,1,
2026-08-18T06:25:39.098+00:00,1787034339.0981934,194151.09834,11.41860689999885,send_error,1,301,0,0,0.0,0.0,194151.0983259,,,,,,,0,robot_not_discovered
2026-08-18T06:25:39.102+00:00,1787034339.1028059,194151.1035622,11.423829100007424,queued,2,302,34,35,200.0,,194151.1034268,,,,,,,1,
2026-08-18T06:25:39.102+00:00,1787034339.1028059,194151.1038453,11.424112200009404,sent,3,303,0,0,0.0,0.0,194151.1036077,194151.1036107,,,,,0,1,
2026-08-18T06:25:39.102+00:00,1787034339.1028059,194151.1038825,11.424149400001625,send_error,10,304,0,0,0.0,0.0,194151.1038793,,,,,,,0,robot_not_discovered
2026-08-18T06:25:39.147+00:00,1787034339.147364,194151.1479002,11.468167100014398,sent,2,298,35,34,200.0,202.48279999941587,194150.9452111,194151.1477097,,,,,0,1,
2026-08-18T06:25:39.238+00:00,1787034339.2387593,194151.2390246,11.559291500016116,send_error,1,305,0,0,0.0,0.0,194151.2390115,,,,,,,0,robot_not_discovered
2026-08-18T06:25:39.244+00:00,1787034339.2442765,194151.2449506,11.565217499999562,queued,2,306,34,35,200.0,,194151.2448492,,,,,,,1,
2026-08-18T06:25:39.244+00:00,1787034339.2442765,194151.2451728,11.56543970000348,sent,3,307,0,0,0.0,0.0,194151.2449953,194151.2449986,,,,,0,1,
2026-08-18T06:25:39.244+00:00,1787034339.2442765,194151.2452086,11.565475500014145,send_error,10,308,0,0,0.0,0.0,194151.2452055,,,,,,,0,robot_not_discovered
2026-08-18T06:25:39.304+00:00,1787034339.3047082,194151.3057239,11.625990800006548,sent,2,302,34,35,200.0,201.8437999940943,194151.1034268,194151.3053117,,,,,0,1,
2026-08-18T06:25:39.382+00:00,1787034339.3831215,194151.3832158,11.703482699987944,send_error,1,309,0,0,0.0,0.0,194151.3831813,,,,,,,0,robot_not_discovered
2026-08-18T06:25:39.388+00:00,1787034339.388126,194151.3894182,11.709685100009665,queued,2,310,33,36,200.0,,194151.3893274,,,,,,,1,
2026-08-18T06:25:39.388+00:00,1787034339.388126,194151.3896508,11.709917700005462,sent,3,311,0,0,0.0,0.0,194151.3894462,194151.3894488,,,,,0,1,
2026-08-18T06:25:39.388+00:00,1787034339.388126,194151.3896866,11.709953500016127,send_error,10,312,0,0,0.0,0.0,194151.3896836,,,,,,,0,robot_not_discovered
2026-08-18T06:25:39.458+00:00,1787034339.4586046,194151.4595785,11.779845400014892,sent,2,306,34,35,200.0,213.79739997792058,194151.2448492,194151.4587179,,,,,0,1,
2026-08-18T06:25:39.535+00:00,1787034339.5355048,194151.536139,11.856405900005484,send_error,1,313,0,0,0.0,0.0,194151.5361289,,,,,,,0,robot_not_discovered
2026-08-18T06:25:39.541+00:00,1787034339.541016,194151.5412679,11.861534800002119,queued,2,314,33,36,200.0,,194151.5409812,,,,,,,1,
2026-08-18T06:25:39.541+00:00,1787034339.541016,194151.5418192,11.862086100009037,sent,3,315,0,0,0.0,0.0,194151.5413756,194151.5413874,,,,,0,1,
2026-08-18T06:25:39.541+00:00,1787034339.541016,194151.5418601,11.862127000000328,send_error,10,316,0,0,0.0,0.0,194151.5418573,,,,,,,0,robot_not_discovered
2026-08-18T06:25:39.597+00:00,1787034339.5971375,194151.5976063,11.917873200000031,sent,2,310,33,36,200.0,208.02860002731904,194151.3893274,194151.597371,,,,,0,1,
2026-08-18T06:25:39.683+00:00,1787034339.683303,194151.6839377,12.004204600001685,send_error,1,317,0,0,0.0,0.0,194151.6839283,,,,,,,0,robot_not_discovered
2026-08-18T06:25:39.687+00:00,1787034339.6873045,194151.6884006,12.008667499991134,queued,2,318,33,36,200.0,,194151.6882791,,,,,,,1,
2026-08-18T06:25:39.688+00:00,1787034339.6883054,194151.689015,12.009281900012866,sent,3,319,0,0,0.0,0.0,194151.6884595,194151.6884648,,,,,0,1,
2026-08-18T06:25:39.688+00:00,1787034339.6883054,194151.6890715,12.009338400006527,send_error,10,320,0,0,0.0,0.0,194151.6890677,,,,,,,0,robot_not_discovered
2026-08-18T06:25:39.740+00:00,1787034339.7408168,194151.7418958,12.062162699992768,sent,2,314,33,36,200.0,200.30830000177957,194151.5409812,194151.7413547,,,,,0,1,
2026-08-18T06:25:39.819+00:00,1787034339.8196673,194151.8202367,12.140503600006923,send_error,1,321,0,0,0.0,0.0,194151.8202272,,,,,,,0,robot_not_discovered
2026-08-18T06:25:39.823+00:00,1787034339.8236933,194151.8238433,12.144110199995339,queued,2,322,33,36,200.0,,194151.8236122,,,,,,,1,
2026-08-18T06:25:39.823+00:00,1787034339.8236933,194151.8245078,12.144774699991103,sent,3,323,0,0,0.0,0.0,194151.8239445,194151.8239495,,,,,0,1,
2026-08-18T06:25:39.823+00:00,1787034339.8236933,194151.824578,12.144844900001772,send_error,10,324,0,0,0.0,0.0,194151.8245662,,,,,,,0,robot_not_discovered
2026-08-18T06:25:39.896+00:00,1787034339.8967907,194151.8971521,12.217418999993242,sent,2,318,33,36,200.0,207.2799000015948,194151.6882791,194151.8956318,,,,,0,1,
2026-08-18T06:25:39.971+00:00,1787034339.971855,194151.9721899,12.292456800001673,send_error,1,325,0,0,0.0,0.0,194151.9721521,,,,,,,0,robot_not_discovered
2026-08-18T06:25:39.977+00:00,1787034339.9778469,194151.9781212,12.298388099996373,queued,2,326,33,36,200.0,,194151.9778503,,,,,,,1,
2026-08-18T06:25:39.977+00:00,1787034339.9778469,194151.978654,12.298920900007943,sent,3,327,0,0,0.0,0.0,194151.9781957,194151.9782042,,,,,0,1,
2026-08-18T06:25:39.977+00:00,1787034339.9778469,194151.9786971,12.298964000015985,send_error,10,328,0,0,0.0,0.0,194151.9786938,,,,,,,0,robot_not_discovered
2026-08-18T06:25:40.036+00:00,1787034340.0361104,194152.0365529,12.35681980001391,sent,2,322,33,36,200.0,211.84579998953268,194151.8236122,194152.0355202,,,,,0,1,
2026-08-18T06:25:40.130+00:00,1787034340.130364,194152.1313846,12.451651500014123,send_error,1,329,0,0,0.0,0.0,194152.1313554,,,,,,,0,robot_not_discovered
2026-08-18T06:25:40.137+00:00,1787034340.1373713,194152.1376521,12.457919000007678,queued,2,330,34,35,200.0,,194152.1375084,,,,,,,1,
2026-08-18T06:25:40.137+00:00,1787034340.1373713,194152.1379971,12.458264000015333,sent,3,331,0,0,0.0,0.0,194152.1376954,194152.1377007,,,,,0,1,
2026-08-18T06:25:40.137+00:00,1787034340.1373713,194152.1380404,12.458307299995795,send_error,10,332,0,0,0.0,0.0,194152.1380374,,,,,,,0,robot_not_discovered
2026-08-18T06:25:40.188+00:00,1787034340.188844,194152.1892117,12.509478599997237,sent,2,326,33,36,200.0,211.19800000451505,194151.9778503,194152.1890597,,,,,0,1,
2026-08-18T06:25:40.278+00:00,1787034340.2781801,194152.2795965,12.599863400013419,send_error,1,333,0,0,0.0,0.0,194152.2795691,,,,,,,0,robot_not_discovered
2026-08-18T06:25:40.291+00:00,1787034340.2915401,194152.2921966,12.612463500001468,queued,2,334,33,36,200.0,,194152.2920698,,,,,,,1,
2026-08-18T06:25:40.292+00:00,1787034340.2922132,194152.2925404,12.612807299999986,sent,3,335,0,0,0.0,0.0,194152.2922546,194152.2922603,,,,,0,1,
2026-08-18T06:25:40.292+00:00,1787034340.2922132,194152.2925712,12.612838100001682,send_error,10,336,0,0,0.0,0.0,194152.2925685,,,,,,,0,robot_not_discovered
2026-08-18T06:25:40.344+00:00,1787034340.3444796,194152.3453396,12.66560649999883,sent,2,330,34,35,200.0,206.52470001368783,194152.1375084,194152.3440864,,,,,0,1,
2026-08-18T06:25:40.431+00:00,1787034340.4317727,194152.4326167,12.752883600012865,send_error,1,337,0,0,0.0,0.0,194152.4326061,,,,,,,0,robot_not_discovered
2026-08-18T06:25:40.437+00:00,1787034340.4377646,194152.4379198,12.758186699997168,queued,2,338,33,36,200.0,,194152.437812,,,,,,,1,
2026-08-18T06:25:40.437+00:00,1787034340.4377646,194152.4381783,12.758445200015558,sent,3,339,0,0,0.0,0.0,194152.4379484,194152.4379511,,,,,0,1,
2026-08-18T06:25:40.437+00:00,1787034340.4377646,194152.4382136,12.758480499993311,send_error,10,340,0,0,0.0,0.0,194152.4382107,,,,,,,0,robot_not_discovered
2026-08-18T06:25:40.498+00:00,1787034340.4984436,194152.4991251,12.819392000004882,sent,2,334,33,36,200.0,205.61720000114292,194152.2920698,194152.4977837,,,,,0,1,
2026-08-18T06:25:40.597+00:00,1787034340.5977614,194152.5978923,12.918159199994989,send_error,1,341,0,0,0.0,0.0,194152.597815,,,,,,,0,robot_not_discovered
2026-08-18T06:25:40.606+00:00,1787034340.6068246,194152.6073712,12.92763809999451,queued,2,342,33,36,200.0,,194152.6071278,,,,,,,1,
2026-08-18T06:25:40.606+00:00,1787034340.6068246,194152.6075495,12.927816400013398,sent,3,343,0,0,0.0,0.0,194152.607409,194152.6074124,,,,,0,1,
2026-08-18T06:25:40.606+00:00,1787034340.6068246,194152.6075791,12.927846000005957,send_error,10,344,0,0,0.0,0.0,194152.6075767,,,,,,,0,robot_not_discovered
2026-08-18T06:25:40.651+00:00,1787034340.6516929,194152.6521619,12.972428800014313,sent,2,338,33,36,200.0,214.09520000452176,194152.437812,194152.6519209,,,,,0,1,
2026-08-18T06:25:40.764+00:00,1787034340.7654743,194152.7655134,13.085780299996259,send_error,1,345,0,0,0.0,0.0,194152.7654404,,,,,,,0,robot_not_discovered
2026-08-18T06:25:40.773+00:00,1787034340.7739935,194152.774107,13.094373900006758,queued,2,346,33,36,200.0,,194152.774008,,,,,,,1,
2026-08-18T06:25:40.773+00:00,1787034340.7739935,194152.7743204,13.094587300001876,sent,3,347,0,0,0.0,0.0,194152.7741359,194152.7741387,,,,,0,1,
2026-08-18T06:25:40.773+00:00,1787034340.7739935,194152.7743641,13.094631000014488,send_error,10,348,0,0,0.0,0.0,194152.7743613,,,,,,,0,robot_not_discovered
2026-08-18T06:25:40.815+00:00,1787034340.8151605,194152.815657,13.135923900001217,sent,2,342,33,36,200.0,208.29159999266267,194152.6071278,194152.8154368,,,,,0,1,
2026-08-18T06:25:40.927+00:00,1787034340.9271286,194152.9272733,13.247540200012736,send_error,1,349,0,0,0.0,0.0,194152.9272374,,,,,,,0,robot_not_discovered
2026-08-18T06:25:40.941+00:00,1787034340.9411595,194152.9412582,13.261525100009749,queued,2,350,32,37,200.0,,194152.9410592,,,,,,,1,
2026-08-18T06:25:40.941+00:00,1787034340.9411595,194152.9418554,13.262122299987823,sent,3,351,0,0,0.0,0.0,194152.9414234,194152.9414336,,,,,0,1,
2026-08-18T06:25:40.941+00:00,1787034340.9411595,194152.9419213,13.262188199994853,send_error,10,352,0,0,0.0,0.0,194152.9419096,,,,,,,0,robot_not_discovered
2026-08-18T06:25:40.987+00:00,1787034340.9878356,194152.9882629,13.308529800007818,sent,2,346,33,36,200.0,214.01629998581484,194152.774008,194152.9880342,,,,,0,1,
2026-08-18T06:25:41.115+00:00,1787034341.115857,194153.1161579,13.436424799991073,send_error,1,353,0,0,0.0,0.0,194153.1161374,,,,,,,0,robot_not_discovered
2026-08-18T06:25:41.131+00:00,1787034341.1314254,194153.1321744,13.452441300003557,queued,2,354,32,37,200.0,,194153.1319425,,,,,,,1,
2026-08-18T06:25:41.132+00:00,1787034341.132436,194153.1329016,13.453168500011088,sent,3,355,0,0,0.0,0.0,194153.1322822,194153.1322963,,,,,0,1,
2026-08-18T06:25:41.132+00:00,1787034341.132436,194153.1329488,13.453215699992143,send_error,10,356,0,0,0.0,0.0,194153.1329458,,,,,,,0,robot_not_discovered
2026-08-18T06:25:41.142+00:00,1787034341.1429434,194153.1438952,13.464162099990062,sent,2,350,32,37,200.0,202.33919998281635,194152.9410592,194153.1434565,,,,,0,1,
2026-08-18T06:25:41.271+00:00,1787034341.2719073,194153.2725406,13.592807500011986,send_error,1,357,0,0,0.0,0.0,194153.27253,,,,,,,0,robot_not_discovered
2026-08-18T06:25:41.276+00:00,1787034341.2769,194153.277503,13.597769899992272,queued,2,358,30,39,200.0,,194153.2774021,,,,,,,1,
2026-08-18T06:25:41.276+00:00,1787034341.2769,194153.2777093,13.597976199991535,sent,3,359,0,0,0.0,0.0,194153.2775378,194153.2775408,,,,,0,1,
2026-08-18T06:25:41.276+00:00,1787034341.2769,194153.277747,13.598013899987563,send_error,10,360,0,0,0.0,0.0,194153.2777439,,,,,,,0,robot_not_discovered
2026-08-18T06:25:41.332+00:00,1787034341.3324676,194153.3330887,13.65335559999221,sent,2,354,32,37,200.0,200.90949998120777,194153.1319425,194153.3328642,,,,,0,1,
2026-08-18T06:25:41.418+00:00,1787034341.4189029,194153.4190619,13.739328800002113,send_error,1,361,0,0,0.0,0.0,194153.4190522,,,,,,,0,robot_not_discovered
2026-08-18T06:25:41.424+00:00,1787034341.4243023,194153.4248124,13.745079299987992,queued,2,362,31,38,200.0,,194153.4247938,,,,,,,1,
2026-08-18T06:25:41.424+00:00,1787034341.4243023,194153.4251005,13.74536739999894,sent,3,363,0,0,0.0,0.0,194153.4248364,194153.424839,,,,,0,1,
2026-08-18T06:25:41.424+00:00,1787034341.4243023,194153.4251361,13.745403000008082,send_error,10,364,0,0,0.0,0.0,194153.4251333,,,,,,,0,robot_not_discovered
2026-08-18T06:25:41.490+00:00,1787034341.4900162,194153.4910283,13.811295199993765,sent,2,358,30,39,200.0,212.99749999889173,194153.2774021,194153.4904289,,,,,0,1,
2026-08-18T06:25:41.563+00:00,1787034341.563598,194153.56421,13.884476900013397,send_error,1,365,0,0,0.0,0.0,194153.5641787,,,,,,,0,robot_not_discovered
2026-08-18T06:25:41.568+00:00,1787034341.5685952,194153.5698119,13.890078800002811,queued,2,366,31,38,200.0,,194153.5689238,,,,,,,1,
2026-08-18T06:25:41.568+00:00,1787034341.570099,194153.5701739,13.890440799994394,sent,3,367,0,0,0.0,0.0,194153.5698751,194153.5698992,,,,,0,1,
2026-08-18T06:25:41.570+00:00,1787034341.570099,194153.5702064,13.890473300009035,send_error,10,368,0,0,0.0,0.0,194153.5702036,,,,,,,0,robot_not_discovered
2026-08-18T06:25:41.638+00:00,1787034341.638143,194153.6389001,13.959166999993613,sent,2,362,31,38,200.0,213.38709999690764,194153.4247938,194153.6382442,,,,,0,1,
2026-08-18T06:25:41.711+00:00,1787034341.7117355,194153.7123619,14.03262879999238,send_error,1,369,0,0,0.0,0.0,194153.712337,,,,,,,0,robot_not_discovered
2026-08-18T06:25:41.719+00:00,1787034341.7197356,194153.7202419,14.040508800011594,queued,2,370,32,37,200.0,,194153.7199903,,,,,,,1,
2026-08-18T06:25:41.720+00:00,1787034341.720246,194153.7207739,14.041040799987968,sent,3,371,0,0,0.0,0.0,194153.7203363,194153.7203418,,,,,0,1,
2026-08-18T06:25:41.720+00:00,1787034341.720246,194153.7208369,14.04110380000202,send_error,10,372,0,0,0.0,0.0,194153.7208331,,,,,,,0,robot_not_discovered
2026-08-18T06:25:41.778+00:00,1787034341.7783456,194153.7793086,14.099575500003994,sent,2,366,31,38,200.0,209.88320000469685,194153.5689238,194153.7788643,,,,,0,1,
2026-08-18T06:25:41.856+00:00,1787034341.856978,194153.8571558,14.177422700013267,send_error,1,373,0,0,0.0,0.0,194153.8571416,,,,,,,0,robot_not_discovered
2026-08-18T06:25:41.861+00:00,1787034341.8614855,194153.8616214,14.18188829999417,queued,2,374,32,37,200.0,,194153.8615059,,,,,,,1,
2026-08-18T06:25:41.861+00:00,1787034341.8614855,194153.8619113,14.182178199989721,sent,3,375,0,0,0.0,0.0,194153.8616491,194153.8616517,,,,,0,1,
2026-08-18T06:25:41.861+00:00,1787034341.8614855,194153.8619479,14.182214800006477,send_error,10,376,0,0,0.0,0.0,194153.8619448,,,,,,,0,robot_not_discovered
2026-08-18T06:25:41.922+00:00,1787034341.9220958,194153.9228576,14.243124500004342,sent,2,370,32,37,200.0,201.71680001658387,194153.7199903,194153.9218192,,,,,0,1,
2026-08-18T06:25:41.997+00:00,1787034341.9979086,194153.9984304,14.31869730001199,send_error,1,377,0,0,0.0,0.0,194153.9984117,,,,,,,0,robot_not_discovered
2026-08-18T06:25:42.001+00:00,1787034342.0012774,194154.0022943,14.322561200009659,queued,2,378,32,37,200.0,,194154.0021734,,,,,,,1,
2026-08-18T06:25:42.002+00:00,1787034342.0023022,194154.0028299,14.323096800013445,sent,3,379,0,0,0.0,0.0,194154.0023747,194154.0023797,,,,,0,1,
2026-08-18T06:25:42.002+00:00,1787034342.0023022,194154.0028807,14.323147599992808,send_error,10,380,0,0,0.0,0.0,194154.0028769,,,,,,,0,robot_not_discovered
2026-08-18T06:25:42.062+00:00,1787034342.0626194,194154.062756,14.383022900001379,sent,2,374,32,37,200.0,200.7092000276316,194153.8615059,194154.0622458,,,,,0,1,
2026-08-18T06:25:42.142+00:00,1787034342.142288,194154.1425926,14.46285949999583,send_error,1,381,0,0,0.0,0.0,194154.1425728,,,,,,,0,robot_not_discovered
2026-08-18T06:25:42.146+00:00,1787034342.1462965,194154.1464135,14.46668040001532,queued,2,382,32,37,200.0,,194154.1463126,,,,,,,1,
2026-08-18T06:25:42.146+00:00,1787034342.1462965,194154.1466641,14.46693100000266,sent,3,383,0,0,0.0,0.0,194154.1464572,194154.1464601,,,,,0,1,
2026-08-18T06:25:42.146+00:00,1787034342.1462965,194154.1467013,14.46696819999488,send_error,10,384,0,0,0.0,0.0,194154.1466983,,,,,,,0,robot_not_discovered
2026-08-18T06:25:42.217+00:00,1787034342.2172682,194154.218184,14.538450899999589,sent,2,378,32,37,200.0,215.44950001407415,194154.0021734,194154.2177045,,,,,0,1,
2026-08-18T06:25:42.287+00:00,1787034342.2878418,194154.2881434,14.608410299988464,send_error,1,385,0,0,0.0,0.0,194154.2881276,,,,,,,0,robot_not_discovered
2026-08-18T06:25:42.292+00:00,1787034342.29279,194154.2936768,14.613943700009258,queued,2,386,32,37,200.0,,194154.2935806,,,,,,,1,
2026-08-18T06:25:42.293+00:00,1787034342.293797,194154.2939265,14.614193399989745,sent,3,387,0,0,0.0,0.0,194154.2937076,194154.2937116,,,,,0,1,
2026-08-18T06:25:42.293+00:00,1787034342.293797,194154.2939634,14.614230300008785,send_error,10,388,0,0,0.0,0.0,194154.2939605,,,,,,,0,robot_not_discovered
2026-08-18T06:25:42.358+00:00,1787034342.35839,194154.3593451,14.679612000007182,sent,2,382,32,37,200.0,212.41639999789186,194154.1463126,194154.358799,,,,,0,1,
2026-08-18T06:25:42.430+00:00,1787034342.4300904,194154.4306207,14.750887600006536,send_error,1,389,0,0,0.0,0.0,194154.4306059,,,,,,,0,robot_not_discovered
2026-08-18T06:25:42.433+00:00,1787034342.433099,194154.4340531,14.754320000007283,queued,2,390,33,36,200.0,,194154.4338603,,,,,,,1,
2026-08-18T06:25:42.434+00:00,1787034342.4341002,194154.4346003,14.754867200012086,sent,3,391,0,0,0.0,0.0,194154.4341228,194154.4341295,,,,,0,1,
2026-08-18T06:25:42.434+00:00,1787034342.4341002,194154.4346465,14.75491340001463,send_error,10,392,0,0,0.0,0.0,194154.4346436,,,,,,,0,robot_not_discovered
2026-08-18T06:25:42.501+00:00,1787034342.5011551,194154.5018062,14.822073099989211,sent,2,386,32,37,200.0,206.9855000008829,194154.2935806,194154.500644,,,,,0,1,
2026-08-18T06:25:42.571+00:00,1787034342.571738,194154.5723689,14.892635800002608,send_error,1,393,0,0,0.0,0.0,194154.5723566,,,,,,,0,robot_not_discovered
2026-08-18T06:25:42.578+00:00,1787034342.5787387,194154.5796347,14.899901600001613,queued,2,394,33,36,200.0,,194154.5795077,,,,,,,1,
2026-08-18T06:25:42.579+00:00,1787034342.57974,194154.580468,14.900734900002135,sent,3,395,0,0,0.0,0.0,194154.5797014,194154.5797065,,,,,0,1,
2026-08-18T06:25:42.579+00:00,1787034342.57974,194154.5806088,14.900875699997414,send_error,10,396,0,0,0.0,0.0,194154.5806037,,,,,,,0,robot_not_discovered
2026-08-18T06:25:42.644+00:00,1787034342.6445143,194154.6446144,14.964881299994886,sent,2,390,33,36,200.0,210.1729999994859,194154.4338603,194154.6440657,,,,,0,1,
2026-08-18T06:25:42.732+00:00,1787034342.7324452,194154.7331025,15.053369400004158,send_error,1,397,0,0,0.0,0.0,194154.7330703,,,,,,,0,robot_not_discovered
2026-08-18T06:25:42.738+00:00,1787034342.7384367,194154.7392163,15.059483199991519,queued,2,398,34,35,200.0,,194154.7390664,,,,,,,1,
2026-08-18T06:25:42.738+00:00,1787034342.7384367,194154.7395571,15.059823999996297,sent,3,399,0,0,0.0,0.0,194154.7392644,194154.7392671,,,,,0,1,
2026-08-18T06:25:42.738+00:00,1787034342.7384367,194154.7395957,15.059862599999178,send_error,10,400,0,0,0.0,0.0,194154.7395924,,,,,,,0,robot_not_discovered
2026-08-18T06:25:42.786+00:00,1787034342.7861238,194154.7866161,15.10688300000038,sent,2,394,33,36,200.0,206.08920001541264,194154.5795077,194154.7856867,,,,,0,1,
2026-08-18T06:25:42.876+00:00,1787034342.8764725,194154.876529,15.196795900003053,send_error,1,401,0,0,0.0,0.0,194154.87652,,,,,,,0,robot_not_discovered
2026-08-18T06:25:42.882+00:00,1787034342.882006,194154.8820911,15.202358000009554,queued,2,402,33,36,200.0,,194154.8819741,,,,,,,1,
2026-08-18T06:25:42.882+00:00,1787034342.882006,194154.8823663,15.202633200009586,sent,3,403,0,0,0.0,0.0,194154.8821297,194154.8821324,,,,,0,1,
2026-08-18T06:25:42.882+00:00,1787034342.882006,194154.882405,15.202671900013229,send_error,10,404,0,0,0.0,0.0,194154.8824021,,,,,,,0,robot_not_discovered
2026-08-18T06:25:42.941+00:00,1787034342.9413605,194154.9415191,15.261785999988206,sent,2,398,34,35,200.0,201.59339997917414,194154.7390664,194154.9406873,,,,,0,1,
2026-08-18T06:25:43.024+00:00,1787034343.0240905,194155.0250036,15.345270499994513,send_error,1,405,0,0,0.0,0.0,194155.0249696,,,,,,,0,robot_not_discovered
2026-08-18T06:25:43.028+00:00,1787034343.0286045,194155.0288329,15.349099799990654,queued,2,406,33,36,200.0,,194155.0287348,,,,,,,1,
2026-08-18T06:25:43.028+00:00,1787034343.0286045,194155.0291115,15.349378400016576,sent,3,407,0,0,0.0,0.0,194155.0288735,194155.0288762,,,,,0,1,
2026-08-18T06:25:43.028+00:00,1787034343.0286045,194155.0291476,15.349414500000421,send_error,10,408,0,0,0.0,0.0,194155.0291445,,,,,,,0,robot_not_discovered
2026-08-18T06:25:43.098+00:00,1787034343.0985496,194155.0986589,15.418925800011493,sent,2,402,33,36,200.0,215.5620999983512,194154.8819741,194155.0976802,,,,,0,1,
2026-08-18T06:25:43.176+00:00,1787034343.1769636,194155.1777405,15.498007399990456,send_error,1,409,0,0,0.0,0.0,194155.1777051,,,,,,,0,robot_not_discovered
2026-08-18T06:25:43.182+00:00,1787034343.18249,194155.1831384,15.503405299998121,queued,2,410,33,36,200.0,,194155.1830336,,,,,,,1,
2026-08-18T06:25:43.182+00:00,1787034343.18249,194155.1834192,15.503686100011691,sent,3,411,0,0,0.0,0.0,194155.1831935,194155.1831963,,,,,0,1,
2026-08-18T06:25:43.182+00:00,1787034343.18249,194155.1834576,15.50372450001305,send_error,10,412,0,0,0.0,0.0,194155.1834547,,,,,,,0,robot_not_discovered
2026-08-18T06:25:43.237+00:00,1787034343.237115,194155.2375774,15.557844299997669,sent,2,406,33,36,200.0,208.54910000343807,194155.0287348,194155.2372978,,,,,0,1,
2026-08-18T06:25:43.330+00:00,1787034343.3300333,194155.3301671,15.650434000010137,send_error,1,413,0,0,0.0,0.0,194155.3301115,,,,,,,0,robot_not_discovered
2026-08-18T06:25:43.336+00:00,1787034343.3365421,194155.3373769,15.657643799990183,queued,2,414,33,36,200.0,,194155.3370905,,,,,,,1,
2026-08-18T06:25:43.337+00:00,1787034343.3375452,194155.3381008,15.65836770000169,sent,3,415,0,0,0.0,0.0,194155.3374532,194155.3374593,,,,,0,1,
2026-08-18T06:25:43.337+00:00,1787034343.3375452,194155.3382127,15.658479600009741,send_error,10,416,0,0,0.0,0.0,194155.3382082,,,,,,,0,robot_not_discovered
2026-08-18T06:25:43.393+00:00,1787034343.3933656,194155.3938626,15.714129500003764,sent,2,410,33,36,200.0,209.76929998141713,194155.1830336,194155.3928415,,,,,0,1,
2026-08-18T06:25:43.474+00:00,1787034343.4744868,194155.474742,15.795008899993263,send_error,1,417,0,0,0.0,0.0,194155.4747315,,,,,,,0,robot_not_discovered
2026-08-18T06:25:43.478+00:00,1787034343.4784877,194155.4793383,15.799605200008955,queued,2,418,34,35,200.0,,194155.4793209,,,,,,,1,
2026-08-18T06:25:43.478+00:00,1787034343.4784877,194155.4796715,15.79993840001407,sent,3,419,0,0,0.0,0.0,194155.4793641,194155.4793671,,,,,0,1,
2026-08-18T06:25:43.478+00:00,1787034343.4784877,194155.4797069,15.799973799992586,send_error,10,420,0,0,0.0,0.0,194155.4797041,,,,,,,0,robot_not_discovered
2026-08-18T06:25:43.546+00:00,1787034343.5474935,194155.5474516,15.867718499997864,sent,2,414,33,36,200.0,209.04410001821816,194155.3370905,194155.5461977,,,,,0,1,
2026-08-18T06:25:43.624+00:00,1787034343.6243436,194155.6244709,15.944737799989525,send_error,1,421,0,0,0.0,0.0,194155.6244569,,,,,,,0,robot_not_discovered
2026-08-18T06:25:43.628+00:00,1787034343.6288588,194155.629358,15.94962490000762,queued,2,422,34,35,200.0,,194155.6291395,,,,,,,1,
2026-08-18T06:25:43.629+00:00,1787034343.6298637,194155.6300144,15.950281299999915,sent,3,423,0,0,0.0,0.0,194155.629453,194155.6294732,,,,,0,1,
2026-08-18T06:25:43.629+00:00,1787034343.6298637,194155.6300716,15.950338499998907,send_error,10,424,0,0,0.0,0.0,194155.6300685,,,,,,,0,robot_not_discovered
2026-08-18T06:25:43.685+00:00,1787034343.685747,194155.6860652,16.006332099990686,sent,2,418,34,35,200.0,206.52920001884922,194155.4793209,194155.6858684,,,,,0,1,
2026-08-18T06:25:43.781+00:00,1787034343.7818053,194155.782597,16.1028639000142,send_error,1,425,0,0,0.0,0.0,194155.7825666,,,,,,,0,robot_not_discovered
2026-08-18T06:25:43.788+00:00,1787034343.788813,194155.7892506,16.109517500008224,queued,2,426,34,35,200.0,,194155.7890882,,,,,,,1,
2026-08-18T06:25:43.788+00:00,1787034343.788813,194155.7895929,16.10985979999532,sent,3,427,0,0,0.0,0.0,194155.7892903,194155.7892937,,,,,0,1,
2026-08-18T06:25:43.788+00:00,1787034343.788813,194155.7896419,16.10990879999008,send_error,10,428,0,0,0.0,0.0,194155.7896375,,,,,,,0,robot_not_discovered
2026-08-18T06:25:43.839+00:00,1787034343.839929,194155.8402687,16.16053560000728,sent,2,422,34,35,200.0,210.9311000094749,194155.6291395,194155.8400855,,,,,0,1,
2026-08-18T06:25:43.930+00:00,1787034343.9303763,194155.930483,16.250749900005758,send_error,1,429,0,0,0.0,0.0,194155.9304702,,,,,,,0,robot_not_discovered
2026-08-18T06:25:43.934+00:00,1787034343.93439,194155.9348802,16.2551470999897,queued,2,430,34,35,200.0,,194155.9344302,,,,,,,1,
2026-08-18T06:25:43.936+00:00,1787034343.936388,194155.9367665,16.25703340000473,sent,3,431,0,0,0.0,0.0,194155.9350297,194155.9350447,,,,,0,1,
2026-08-18T06:25:43.936+00:00,1787034343.936388,194155.9369507,16.257217600010335,send_error,10,432,0,0,0.0,0.0,194155.9369402,,,,,,,0,robot_not_discovered
2026-08-18T06:25:43.993+00:00,1787034343.993568,194155.9945244,16.314791300013894,sent,2,426,34,35,200.0,204.8586000164505,194155.7890882,194155.9939863,,,,,0,1,
2026-08-18T06:25:44.083+00:00,1787034344.083249,194156.0840073,16.404274200001964,send_error,1,433,0,0,0.0,0.0,194156.0839973,,,,,,,0,robot_not_discovered
2026-08-18T06:25:44.088+00:00,1787034344.0882418,194156.0896435,16.409910399990622,queued,2,434,36,33,200.0,,194156.0894348,,,,,,,1,
2026-08-18T06:25:44.089+00:00,1787034344.0897565,194156.0903165,16.410583399992902,sent,3,435,0,0,0.0,0.0,194156.0896989,194156.0897023,,,,,0,1,
2026-08-18T06:25:44.089+00:00,1787034344.0897565,194156.090384,16.410650900012115,send_error,10,436,0,0,0.0,0.0,194156.0903807,,,,,,,0,robot_not_discovered
2026-08-18T06:25:44.147+00:00,1787034344.1471112,194156.1480821,16.46834900000249,sent,2,430,34,35,200.0,212.93070001411252,194155.9344302,194156.1474294,,,,,0,1,
2026-08-18T06:25:44.222+00:00,1787034344.222338,194156.2224817,16.54274860001169,send_error,1,437,0,0,0.0,0.0,194156.2224643,,,,,,,0,robot_not_discovered
2026-08-18T06:25:44.226+00:00,1787034344.2263372,194156.2269767,16.547243600012735,queued,2,438,35,34,200.0,,194156.2268532,,,,,,,1,
2026-08-18T06:25:44.227+00:00,1787034344.227338,194156.2275434,16.547810299991397,sent,3,439,0,0,0.0,0.0,194156.2270313,194156.2270545,,,,,0,1,
2026-08-18T06:25:44.227+00:00,1787034344.227338,194156.2275794,16.547846300003584,send_error,10,440,0,0,0.0,0.0,194156.2275767,,,,,,,0,robot_not_discovered
2026-08-18T06:25:44.298+00:00,1787034344.2984836,194156.2995146,16.619781499990495,sent,2,434,36,33,200.0,208.84179999120533,194156.0894348,194156.2983321,,,,,0,1,
2026-08-18T06:25:44.372+00:00,1787034344.3722076,194156.3725623,16.69282920000842,send_error,1,441,0,0,0.0,0.0,194156.3725304,,,,,,,0,robot_not_discovered
2026-08-18T06:25:44.378+00:00,1787034344.3782177,194156.3795072,16.699774100008653,queued,2,442,35,34,200.0,,194156.3793462,,,,,,,1,
2026-08-18T06:25:44.379+00:00,1787034344.379727,194156.3799041,16.700171000004048,sent,3,443,0,0,0.0,0.0,194156.3795689,194156.3795747,,,,,0,1,
2026-08-18T06:25:44.379+00:00,1787034344.379727,194156.379948,16.700214899989078,send_error,10,444,0,0,0.0,0.0,194156.3799441,,,,,,,0,robot_not_discovered
2026-08-18T06:25:44.437+00:00,1787034344.4374595,194156.4383343,16.758601200010162,sent,2,438,35,34,200.0,211.07170000323094,194156.2268532,194156.4379508,,,,,0,1,
2026-08-18T06:25:44.528+00:00,1787034344.5285044,194156.5299411,16.850207999988925,send_error,1,445,0,0,0.0,0.0,194156.5299305,,,,,,,0,robot_not_discovered
2026-08-18T06:25:44.534+00:00,1787034344.5340784,194156.5346433,16.854910199996084,queued,2,446,35,34,200.0,,194156.5344971,,,,,,,1,
2026-08-18T06:25:44.535+00:00,1787034344.5350964,194156.5351566,16.85542350000469,sent,3,447,0,0,0.0,0.0,194156.5346923,194156.5347137,,,,,0,1,
2026-08-18T06:25:44.535+00:00,1787034344.5350964,194156.5352194,16.855486299988115,send_error,10,448,0,0,0.0,0.0,194156.5352158,,,,,,,0,robot_not_discovered
2026-08-18T06:25:44.582+00:00,1787034344.5825007,194156.5828492,16.90311610000208,sent,2,442,35,34,200.0,203.28519999748096,194156.3793462,194156.5826449,,,,,0,1,
2026-08-18T06:25:44.687+00:00,1787034344.6879027,194156.688061,17.008327899995493,send_error,1,449,0,0,0.0,0.0,194156.6880488,,,,,,,0,robot_not_discovered
2026-08-18T06:25:44.696+00:00,1787034344.6964278,194156.6969087,17.01717559999088,queued,2,450,33,36,200.0,,194156.6967036,,,,,,,1,
2026-08-18T06:25:44.696+00:00,1787034344.6964278,194156.6973304,17.01759730000049,sent,3,451,0,0,0.0,0.0,194156.6969606,194156.6969663,,,,,0,1,
2026-08-18T06:25:44.696+00:00,1787034344.6964278,194156.6974216,17.01768849999644,send_error,10,452,0,0,0.0,0.0,194156.6974176,,,,,,,0,robot_not_discovered
2026-08-18T06:25:44.738+00:00,1787034344.7386453,194156.7395734,17.059840300003998,sent,2,446,35,34,200.0,204.51510002021678,194156.5344971,194156.7390694,,,,,0,1,
2026-08-18T06:25:44.853+00:00,1787034344.853171,194156.853184,17.173450900008902,send_error,1,453,0,0,0.0,0.0,194156.8531723,,,,,,,0,robot_not_discovered
2026-08-18T06:25:44.856+00:00,1787034344.856171,194156.8565388,17.17680570000084,queued,2,454,33,36,200.0,,194156.8564294,,,,,,,1,
2026-08-18T06:25:44.857+00:00,1787034344.857179,194156.8573631,17.17762999999104,sent,3,455,0,0,0.0,0.0,194156.8565849,194156.8565893,,,,,0,1,
2026-08-18T06:25:44.857+00:00,1787034344.857179,194156.8574981,17.177765000000363,send_error,10,456,0,0,0.0,0.0,194156.8574933,,,,,,,0,robot_not_discovered
2026-08-18T06:25:44.908+00:00,1787034344.9084272,194156.9088429,17.229109800013248,sent,2,450,33,36,200.0,211.90570000908338,194156.6967036,194156.908624,,,,,0,1,
2026-08-18T06:25:45.036+00:00,1787034345.0367663,194157.0370465,17.357313399988925,send_error,1,457,0,0,0.0,0.0,194157.0370328,,,,,,,0,robot_not_discovered
2026-08-18T06:25:45.042+00:00,1787034345.0422804,194157.0424438,17.36271069999202,queued,2,458,33,36,200.0,,194157.0423341,,,,,,,1,
2026-08-18T06:25:45.042+00:00,1787034345.0422804,194157.0426708,17.362937700003386,sent,3,459,0,0,0.0,0.0,194157.0424872,194157.042491,,,,,0,1,
2026-08-18T06:25:45.042+00:00,1787034345.0422804,194157.0427104,17.36297730001388,send_error,10,460,0,0,0.0,0.0,194157.0427075,,,,,,,0,robot_not_discovered
2026-08-18T06:25:45.065+00:00,1787034345.0654626,194157.0660224,17.386289299989585,sent,2,454,33,36,200.0,209.17869999539107,194156.8564294,194157.0656265,,,,,0,1,
2026-08-18T06:25:45.192+00:00,1787034345.1928277,194157.1930105,17.513277399993967,send_error,1,461,0,0,0.0,0.0,194157.1929882,,,,,,,0,robot_not_discovered
2026-08-18T06:25:45.196+00:00,1787034345.1968408,194157.1974782,17.51774509999086,queued,2,462,31,38,200.0,,194157.1973083,,,,,,,1,
2026-08-18T06:25:45.197+00:00,1787034345.1978328,194157.1980579,17.518324800010305,sent,3,463,0,0,0.0,0.0,194157.1975868,194157.1975938,,,,,0,1,
2026-08-18T06:25:45.197+00:00,1787034345.1978328,194157.1980901,17.518356999993557,send_error,10,464,0,0,0.0,0.0,194157.1980876,,,,,,,0,robot_not_discovered
2026-08-18T06:25:45.246+00:00,1787034345.2466571,194157.247144,17.567410899995593,sent,2,458,33,36,200.0,204.45849999669008,194157.0423341,194157.2468133,,,,,0,1,
2026-08-18T06:25:45.354+00:00,1787034345.3541224,194157.3550429,17.67530979998992,send_error,1,465,0,0,0.0,0.0,194157.3550341,,,,,,,0,robot_not_discovered
2026-08-18T06:25:45.359+00:00,1787034345.359116,194157.3600021,17.680269000004046,queued,2,466,30,39,200.0,,194157.3599171,,,,,,,1,
2026-08-18T06:25:45.360+00:00,1787034345.3601215,194157.3602776,17.680544500006363,sent,3,467,0,0,0.0,0.0,194157.3600287,194157.3600315,,,,,0,1,
2026-08-18T06:25:45.360+00:00,1787034345.3601215,194157.3603245,17.680591400014237,send_error,10,468,0,0,0.0,0.0,194157.3603216,,,,,,,0,robot_not_discovered
2026-08-18T06:25:45.401+00:00,1787034345.4012883,194157.4014397,17.72170660001575,sent,2,462,31,38,200.0,203.2935000024736,194157.1973083,194157.4012503,,,,,0,1,
2026-08-18T06:25:45.504+00:00,1787034345.5044029,194157.5046575,17.82492439998896,send_error,1,469,0,0,0.0,0.0,194157.5046474,,,,,,,0,robot_not_discovered
2026-08-18T06:25:45.507+00:00,1787034345.507398,194157.5080806,17.828347500006203,queued,2,470,32,37,200.0,,194157.5079793,,,,,,,1,
2026-08-18T06:25:45.507+00:00,1787034345.507398,194157.5082587,17.828525599994464,sent,3,471,0,0,0.0,0.0,194157.5081067,194157.5081088,,,,,0,1,
2026-08-18T06:25:45.507+00:00,1787034345.507398,194157.5082989,17.828565800009528,send_error,10,472,0,0,0.0,0.0,194157.508296,,,,,,,0,robot_not_discovered
2026-08-18T06:25:45.570+00:00,1787034345.5708852,194157.5717051,17.891972000012174,sent,2,466,30,39,200.0,211.2055000034161,194157.3599171,194157.5711695,,,,,0,1,
2026-08-18T06:25:45.644+00:00,1787034345.644904,194157.6454717,17.965738600003533,send_error,1,473,0,0,0.0,0.0,194157.645439,,,,,,,0,robot_not_discovered
2026-08-18T06:25:45.653+00:00,1787034345.6534257,194157.6540365,17.974303399998462,queued,2,474,32,37,200.0,,194157.6536121,,,,,,,1,
2026-08-18T06:25:45.654+00:00,1787034345.6544373,194157.6553655,17.97563239998999,sent,3,475,0,0,0.0,0.0,194157.6542513,194157.6542877,,,,,0,1,
2026-08-18T06:25:45.654+00:00,1787034345.6544373,194157.6554031,17.97567000001436,send_error,10,476,0,0,0.0,0.0,194157.6553984,,,,,,,0,robot_not_discovered
2026-08-18T06:25:45.723+00:00,1787034345.7232087,194157.723686,18.04395290001412,sent,2,470,32,37,200.0,215.33380000619218,194157.5079793,194157.7233257,,,,,0,1,
2026-08-18T06:25:45.778+00:00,1787034345.778631,194157.7789246,18.09919149999041,send_error,1,477,0,0,0.0,0.0,194157.7789142,,,,,,,0,robot_not_discovered
2026-08-18T06:25:45.784+00:00,1787034345.784168,194157.7844476,18.104714499990223,queued,2,478,32,37,200.0,,194157.7843391,,,,,,,1,
2026-08-18T06:25:45.784+00:00,1787034345.784168,194157.7847083,18.10497519999626,sent,3,479,0,0,0.0,0.0,194157.7844919,194157.7844949,,,,,0,1,
2026-08-18T06:25:45.784+00:00,1787034345.784168,194157.7847476,18.105014500004472,send_error,10,480,0,0,0.0,0.0,194157.7847445,,,,,,,0,robot_not_discovered
2026-08-18T06:25:45.862+00:00,1787034345.8625603,194157.8632849,18.183551800000714,sent,2,474,32,37,200.0,209.16359999682754,194157.6536121,194157.8627894,,,,,0,1,
2026-08-18T06:25:45.920+00:00,1787034345.9209585,194157.9215748,18.241841700015357,send_error,1,481,0,0,0.0,0.0,194157.921566,,,,,,,0,robot_not_discovered
2026-08-18T06:25:45.924+00:00,1787034345.9249575,194157.9256349,18.24590179999359,queued,2,482,32,37,200.0,,194157.9255199,,,,,,,1,
2026-08-18T06:25:45.924+00:00,1787034345.9249575,194157.9258871,18.246153999993112,sent,3,483,0,0,0.0,0.0,194157.925672,194157.9256743,,,,,0,1,
2026-08-18T06:25:45.924+00:00,1787034345.9249575,194157.9259246,18.246191499987617,send_error,10,484,0,0,0.0,0.0,194157.9259218,,,,,,,0,robot_not_discovered
2026-08-18T06:25:45.988+00:00,1787034345.98864,194157.9894907,18.309757600014564,sent,2,478,32,37,200.0,203.96069998969324,194157.7843391,194157.9883646,,,,,0,1,
2026-08-18T06:25:46.075+00:00,1787034346.0752387,194158.0756012,18.395868099993095,send_error,1,485,0,0,0.0,0.0,194158.075586,,,,,,,0,robot_not_discovered
2026-08-18T06:25:46.079+00:00,1787034346.079739,194158.0798318,18.40009869998903,queued,2,486,32,37,200.0,,194158.0796693,,,,,,,1,
2026-08-18T06:25:46.079+00:00,1787034346.079739,194158.0803789,18.40064579999307,sent,3,487,0,0,0.0,0.0,194158.0799088,194158.0799153,,,,,0,1,
2026-08-18T06:25:46.079+00:00,1787034346.079739,194158.0804319,18.400698799989186,send_error,10,488,0,0,0.0,0.0,194158.0804279,,,,,,,0,robot_not_discovered
2026-08-18T06:25:46.127+00:00,1787034346.1279092,194158.128231,18.448497900011716,sent,2,482,32,37,200.0,202.49900000635535,194157.9255199,194158.1280355,,,,,0,1,
2026-08-18T06:25:46.221+00:00,1787034346.2216878,194158.2224435,18.542710400011856,send_error,1,489,0,0,0.0,0.0,194158.2224061,,,,,,,0,robot_not_discovered
2026-08-18T06:25:46.227+00:00,1787034346.2276928,194158.2283995,18.548666399990907,queued,2,490,35,34,200.0,,194158.2282588,,,,,,,1,
2026-08-18T06:25:46.227+00:00,1787034346.2276928,194158.2286571,18.548924000002444,sent,3,491,0,0,0.0,0.0,194158.2284273,194158.2284308,,,,,0,1,
2026-08-18T06:25:46.227+00:00,1787034346.2276928,194158.2286929,18.548959800013108,send_error,10,492,0,0,0.0,0.0,194158.22869,,,,,,,0,robot_not_discovered
2026-08-18T06:25:46.284+00:00,1787034346.284051,194158.2842785,18.604545400012285,sent,2,486,32,37,200.0,204.4486000086181,194158.0796693,194158.2841303,,,,,0,1,
2026-08-18T06:25:46.382+00:00,1787034346.3824158,194158.3832404,18.703507300000638,send_error,1,493,0,0,0.0,0.0,194158.3832297,,,,,,,0,robot_not_discovered
2026-08-18T06:25:46.388+00:00,1787034346.3884182,194158.3896079,18.709874799998943,queued,2,494,34,35,200.0,,194158.3893258,,,,,,,1,
2026-08-18T06:25:46.389+00:00,1787034346.3899226,194158.3899924,18.710259300016332,sent,3,495,0,0,0.0,0.0,194158.3896603,194158.3896662,,,,,0,1,
2026-08-18T06:25:46.389+00:00,1787034346.3899226,194158.3900278,18.710294699994847,send_error,10,496,0,0,0.0,0.0,194158.3900247,,,,,,,0,robot_not_discovered
2026-08-18T06:25:46.437+00:00,1787034346.4378874,194158.4381305,18.75839740000083,sent,2,490,35,34,200.0,209.69020001939498,194158.2282588,194158.4379592,,,,,0,1,
2026-08-18T06:25:46.528+00:00,1787034346.528642,194158.5300994,18.850366300001042,send_error,1,497,0,0,0.0,0.0,194158.5300894,,,,,,,0,robot_not_discovered
2026-08-18T06:25:46.537+00:00,1787034346.5376978,194158.5378981,18.858165000012377,queued,2,498,36,33,200.0,,194158.5375142,,,,,,,1,
2026-08-18T06:25:46.537+00:00,1787034346.5376978,194158.5383952,18.858662100014044,sent,3,499,0,0,0.0,0.0,194158.5380292,194158.5380354,,,,,0,1,
2026-08-18T06:25:46.537+00:00,1787034346.5376978,194158.5384949,18.85876180001651,send_error,10,500,0,0,0.0,0.0,194158.5384905,,,,,,,0,robot_not_discovered
2026-08-18T06:25:46.590+00:00,1787034346.5907998,194158.5910699,18.911336799996207,sent,2,494,34,35,200.0,201.5401000098791,194158.3893258,194158.5908755,,,,,0,1,
2026-08-18T06:25:46.681+00:00,1787034346.6819427,194158.6821135,19.002380399993854,send_error,1,501,0,0,0.0,0.0,194158.6821044,,,,,,,0,robot_not_discovered
2026-08-18T06:25:46.686+00:00,1787034346.6869369,194158.6870794,19.00734630000079,queued,2,502,39,30,200.0,,194158.6869123,,,,,,,1,
2026-08-18T06:25:46.686+00:00,1787034346.6869369,194158.6874531,19.00771999999415,sent,3,503,0,0,0.0,0.0,194158.6871554,194158.687167,,,,,0,1,
2026-08-18T06:25:46.686+00:00,1787034346.6869369,194158.6875236,19.007790500007104,send_error,10,504,0,0,0.0,0.0,194158.6875063,,,,,,,0,robot_not_discovered
2026-08-18T06:25:46.737+00:00,1787034346.7372608,194158.7378292,19.058096099994145,sent,2,498,36,33,200.0,200.16480001504533,194158.5375142,194158.7376879,,,,,0,1,
2026-08-18T06:25:46.826+00:00,1787034346.8263946,194158.8268808,19.14714770001592,send_error,1,505,0,0,0.0,0.0,194158.8268696,,,,,,,0,robot_not_discovered
2026-08-18T06:25:46.830+00:00,1787034346.831876,194158.8318394,19.152106299996376,queued,2,506,39,30,200.0,,194158.8315859,,,,,,,1,
2026-08-18T06:25:46.831+00:00,1787034346.831876,194158.8324373,19.152704200008884,sent,3,507,0,0,0.0,0.0,194158.8319134,194158.8319371,,,,,0,1,
2026-08-18T06:25:46.831+00:00,1787034346.831876,194158.832478,19.152744899998652,send_error,10,508,0,0,0.0,0.0,194158.832475,,,,,,,0,robot_not_discovered
2026-08-18T06:25:46.893+00:00,1787034346.8941016,194158.8940229,19.214289800002007,sent,2,502,39,30,200.0,205.60990000376478,194158.6869123,194158.8925788,,,,,0,1,
2026-08-18T06:25:46.964+00:00,1787034346.9648547,194158.9650104,19.285277299990412,send_error,1,509,0,0,0.0,0.0,194158.9650012,,,,,,,0,robot_not_discovered
2026-08-18T06:25:46.968+00:00,1787034346.9683192,194158.9690645,19.28933140001027,queued,2,510,35,19,200.0,,194158.9688331,,,,,,,1,
2026-08-18T06:25:46.968+00:00,1787034346.9683192,194158.969659,19.289925899996888,sent,3,511,0,0,0.0,0.0,194158.9691382,194158.9691425,,,,,0,1,
2026-08-18T06:25:46.968+00:00,1787034346.9683192,194158.9697104,19.289977300009923,send_error,10,512,0,0,0.0,0.0,194158.969706,,,,,,,0,robot_not_discovered
2026-08-18T06:25:47.032+00:00,1787034347.0339534,194159.0339048,19.35417169998982,sent,2,506,39,30,200.0,201.45079999929294,194158.8315859,194159.0330929,,,,,0,1,
2026-08-18T06:25:47.106+00:00,1787034347.1065118,194159.1069144,19.42718130000867,send_error,1,513,0,0,0.0,0.0,194159.1068784,,,,,,,0,robot_not_discovered
2026-08-18T06:25:47.113+00:00,1787034347.1130214,194159.1131226,19.433389500016347,queued,2,514,26,18,200.0,,194159.1125743,,,,,,,1,
2026-08-18T06:25:47.113+00:00,1787034347.1130214,194159.1135423,19.433809200010728,sent,3,515,0,0,0.0,0.0,194159.1131942,194159.1132015,,,,,0,1,
2026-08-18T06:25:47.113+00:00,1787034347.1130214,194159.1135911,19.433858000003966,send_error,10,516,0,0,0.0,0.0,194159.1135864,,,,,,,0,robot_not_discovered
2026-08-18T06:25:47.174+00:00,1787034347.1746664,194159.1747376,19.495004500000505,sent,2,510,35,19,200.0,205.2397000079509,194158.9688331,194159.1741577,,,,,0,1,
2026-08-18T06:25:47.248+00:00,1787034347.2483091,194159.2495256,19.569792499998584,send_error,1,517,0,0,0.0,0.0,194159.2495087,,,,,,,0,robot_not_discovered
2026-08-18T06:25:47.253+00:00,1787034347.2549734,194159.2549299,19.575196799996775,queued,2,518,23,18,200.0,,194159.2547841,,,,,,,1,
2026-08-18T06:25:47.254+00:00,1787034347.2549734,194159.2552907,19.575557600008324,sent,3,519,0,0,0.0,0.0,194159.2549738,194159.2549761,,,,,0,1,
2026-08-18T06:25:47.254+00:00,1787034347.2549734,194159.2553292,19.575596100010443,send_error,10,520,0,0,0.0,0.0,194159.2553261,,,,,,,0,robot_not_discovered
2026-08-18T06:25:47.314+00:00,1787034347.3149588,194159.315797,19.636063899990404,sent,2,514,26,18,200.0,202.13990000775084,194159.1125743,194159.3147597,,,,,0,1,
2026-08-18T06:25:47.389+00:00,1787034347.389745,194159.3903675,19.71063439999125,send_error,1,521,0,0,0.0,0.0,194159.3903376,,,,,,,0,robot_not_discovered
2026-08-18T06:25:47.397+00:00,1787034347.3977575,194159.3978604,19.71812730000238,queued,2,522,19,18,200.0,,194159.3977586,,,,,,,1,
2026-08-18T06:25:47.397+00:00,1787034347.3977575,194159.3981083,19.718375199998263,sent,3,523,0,0,0.0,0.0,194159.397896,194159.397899,,,,,0,1,
2026-08-18T06:25:47.397+00:00,1787034347.3977575,194159.3981316,19.718398500001058,send_error,10,524,0,0,0.0,0.0,194159.3981292,,,,,,,0,robot_not_discovered
2026-08-18T06:25:47.458+00:00,1787034347.4582393,194159.4592883,19.779555199987954,sent,2,518,23,18,200.0,203.82700001937337,194159.2547841,194159.4586799,,,,,0,1,
2026-08-18T06:25:47.532+00:00,1787034347.5326984,194159.5328808,19.853147699992405,send_error,1,525,0,0,0.0,0.0,194159.5328693,,,,,,,0,robot_not_discovered
2026-08-18T06:25:47.538+00:00,1787034347.5382097,194159.5384724,19.858739299990702,queued,2,526,18,18,200.0,,194159.5382394,,,,,,,1,
2026-08-18T06:25:47.538+00:00,1787034347.5382097,194159.5389417,19.859208600013517,sent,3,527,0,0,0.0,0.0,194159.5385645,194159.5385722,,,,,0,1,
2026-08-18T06:25:47.538+00:00,1787034347.5382097,194159.5390089,19.859275800001342,send_error,10,528,0,0,0.0,0.0,194159.539002,,,,,,,0,robot_not_discovered
2026-08-18T06:25:47.611+00:00,1787034347.6117885,194159.6122228,19.932489700004226,sent,2,522,19,18,200.0,214.09789999597706,194159.3977586,194159.611885,,,,,0,1,
2026-08-18T06:25:47.670+00:00,1787034347.6700876,194159.6703619,19.990628800005652,send_error,1,529,0,0,0.0,0.0,194159.6703517,,,,,,,0,robot_not_discovered
2026-08-18T06:25:47.675+00:00,1787034347.6753457,194159.6754095,19.99567639999441,queued,2,530,18,18,200.0,,194159.6752055,,,,,,,1,
2026-08-18T06:25:47.675+00:00,1787034347.6753457,194159.6755578,19.99582469998859,sent,3,531,0,0,0.0,0.0,194159.6754458,194159.6754483,,,,,0,1,
2026-08-18T06:25:47.675+00:00,1787034347.6753457,194159.6755908,19.995857700007036,send_error,10,532,0,0,0.0,0.0,194159.6755878,,,,,,,0,robot_not_discovered
2026-08-18T06:25:47.751+00:00,1787034347.751428,194159.7521061,20.0723730000027,sent,2,526,18,18,200.0,213.39160000206903,194159.5382394,194159.7516825,,,,,0,1,
2026-08-18T06:25:47.811+00:00,1787034347.8110237,194159.8112048,20.131471700005932,send_error,1,533,0,0,0.0,0.0,194159.8111942,,,,,,,0,robot_not_discovered
2026-08-18T06:25:47.818+00:00,1787034347.818028,194159.8181316,20.138398500013864,queued,2,534,18,-18,200.0,,194159.8177782,,,,,,,1,
2026-08-18T06:25:47.818+00:00,1787034347.818028,194159.8187121,20.138979000010295,sent,3,535,0,0,0.0,0.0,194159.8182541,194159.8182852,,,,,0,1,
2026-08-18T06:25:47.818+00:00,1787034347.818028,194159.8187536,20.139020500006154,send_error,10,536,0,0,0.0,0.0,194159.8187507,,,,,,,0,robot_not_discovered
2026-08-18T06:25:47.876+00:00,1787034347.8763487,194159.8768649,20.197131799999624,sent,2,530,18,18,200.0,201.24009999562986,194159.6752055,194159.8764756,,,,,0,1,
2026-08-18T06:25:47.952+00:00,1787034347.9523895,194159.9525801,20.272847000014735,send_error,1,537,0,0,0.0,0.0,194159.9525645,,,,,,,0,robot_not_discovered
2026-08-18T06:25:47.957+00:00,1787034347.9571118,194159.9574128,20.277679699996952,queued,2,538,18,-18,200.0,,194159.9573068,,,,,,,1,
2026-08-18T06:25:47.957+00:00,1787034347.9571118,194159.9577317,20.277998600009596,sent,3,539,0,0,0.0,0.0,194159.9574515,194159.9574548,,,,,0,1,
2026-08-18T06:25:47.957+00:00,1787034347.9571118,194159.9577676,20.278034499991918,send_error,10,540,0,0,0.0,0.0,194159.9577634,,,,,,,0,robot_not_discovered
2026-08-18T06:25:48.030+00:00,1787034348.030514,194160.0307899,20.351056799991056,sent,2,534,18,-18,200.0,212.44229999138042,194159.8177782,194160.0302561,,,,,0,1,
2026-08-18T06:25:48.102+00:00,1787034348.1027896,194160.1030891,20.423356000013882,send_error,1,541,0,0,0.0,0.0,194160.1030783,,,,,,,0,robot_not_discovered
2026-08-18T06:25:48.106+00:00,1787034348.1067953,194160.1071063,20.4273732000147,queued,2,542,18,-18,200.0,,194160.1068643,,,,,,,1,
2026-08-18T06:25:48.106+00:00,1787034348.1067953,194160.1075671,20.427834000001894,sent,3,543,0,0,0.0,0.0,194160.1071732,194160.1071798,,,,,0,1,
2026-08-18T06:25:48.106+00:00,1787034348.1067953,194160.1076673,20.427934200008167,send_error,10,544,0,0,0.0,0.0,194160.107662,,,,,,,0,robot_not_discovered
2026-08-18T06:25:48.167+00:00,1787034348.1674538,194160.1681535,20.48842040001182,sent,2,538,18,-18,200.0,210.32980000018142,194159.9573068,194160.1676774,,,,,0,1,
2026-08-18T06:25:48.238+00:00,1787034348.2388334,194160.2393092,20.559576100000413,send_error,1,545,0,0,0.0,0.0,194160.2392679,,,,,,,0,robot_not_discovered
2026-08-18T06:25:48.239+00:00,1787034348.2398357,194160.2400489,20.560315800015815,sent,2,546,0,0,0.0,0.0,194160.2396443,194160.2396485,,,,,0,1,
2026-08-18T06:25:48.239+00:00,1787034348.2398357,194160.2406757,20.56094260001555,sent,3,547,0,0,0.0,0.0,194160.2401969,194160.2402012,,,,,0,1,
2026-08-18T06:25:48.239+00:00,1787034348.2398357,194160.2407471,20.561014000006253,send_error,10,548,0,0,0.0,0.0,194160.2407443,,,,,,,0,robot_not_discovered
2026-08-18T06:25:48.408+00:00,1787034348.408048,194160.4081247,20.72839160001604,send_error,1,549,0,0,0.0,0.0,194160.408109,,,,,,,0,robot_not_discovered
2026-08-18T06:25:48.408+00:00,1787034348.408048,194160.4085643,20.72883120001643,sent,2,550,0,0,0.0,0.0,194160.4082109,194160.4082132,,,,,0,1,
2026-08-18T06:25:48.408+00:00,1787034348.408048,194160.4088249,20.729091799992602,sent,3,551,0,0,0.0,0.0,194160.4086158,194160.4086181,,,,,0,1,
2026-08-18T06:25:48.408+00:00,1787034348.408048,194160.4088594,20.729126299993368,send_error,10,552,0,0,0.0,0.0,194160.4088548,,,,,,,0,robot_not_discovered
2026-08-18T06:25:48.578+00:00,1787034348.5784414,194160.5792611,20.899528000009013,send_error,1,553,0,0,0.0,0.0,194160.5792402,,,,,,,0,robot_not_discovered
2026-08-18T06:25:48.579+00:00,1787034348.5799477,194160.5799082,20.9001750999887,sent,2,554,0,0,0.0,0.0,194160.5793673,194160.5793697,,,,,0,1,
2026-08-18T06:25:48.579+00:00,1787034348.5799477,194160.580388,20.900654900004156,sent,3,555,0,0,0.0,0.0,194160.5799739,194160.5799768,,,,,0,1,
2026-08-18T06:25:48.579+00:00,1787034348.5799477,194160.5804249,20.900691799994092,send_error,10,556,0,0,0.0,0.0,194160.5804219,,,,,,,0,robot_not_discovered
2026-08-18T06:25:48.743+00:00,1787034348.7433007,194160.7432903,21.06355719998828,send_error,1,557,0,0,0.0,0.0,194160.7432769,,,,,,,0,robot_not_discovered
2026-08-18T06:25:48.743+00:00,1787034348.7433007,194160.7435612,21.06382810001378,sent,2,558,0,0,0.0,0.0,194160.7433514,194160.7433701,,,,,0,1,
2026-08-18T06:25:48.743+00:00,1787034348.7433007,194160.7437344,21.064001299993834,sent,3,559,0,0,0.0,0.0,194160.7435942,194160.7435965,,,,,0,1,
2026-08-18T06:25:48.743+00:00,1787034348.7433007,194160.7437824,21.064049300010083,send_error,10,560,0,0,0.0,0.0,194160.7437795,,,,,,,0,robot_not_discovered
2026-08-18T06:25:48.903+00:00,1787034348.9038162,194160.9046577,21.224924600013765,send_error,1,561,0,0,0.0,0.0,194160.9046454,,,,,,,0,robot_not_discovered
2026-08-18T06:25:48.904+00:00,1787034348.9048119,194160.9052078,21.225474700011546,sent,2,562,0,0,0.0,0.0,194160.9047143,194160.9047163,,,,,0,1,
2026-08-18T06:25:48.905+00:00,1787034348.9058137,194160.9058005,21.226067400013562,sent,3,563,0,0,0.0,0.0,194160.9053471,194160.9053542,,,,,0,1,
2026-08-18T06:25:48.905+00:00,1787034348.9058137,194160.9058529,21.226119800005108,send_error,10,564,0,0,0.0,0.0,194160.9058495,,,,,,,0,robot_not_discovered
2026-08-18T06:25:49.094+00:00,1787034349.0948641,194161.095555,21.415821900009178,send_error,1,565,0,0,0.0,0.0,194161.0955049,,,,,,,0,robot_not_discovered
2026-08-18T06:25:49.096+00:00,1787034349.0968661,194161.0971166,21.417383499996504,sent,2,566,0,0,0.0,0.0,194161.095676,194161.0956782,,,,,0,1,
2026-08-18T06:25:49.096+00:00,1787034349.0968661,194161.0974005,21.417667400004575,sent,3,567,0,0,0.0,0.0,194161.0971755,194161.0971783,,,,,0,1,
2026-08-18T06:25:49.096+00:00,1787034349.0968661,194161.0974536,21.41772050000145,send_error,10,568,0,0,0.0,0.0,194161.0974494,,,,,,,0,robot_not_discovered
2026-08-18T06:25:49.249+00:00,1787034349.2499669,194161.2504739,21.57074080000166,send_error,1,569,0,0,0.0,0.0,194161.2504448,,,,,,,0,robot_not_discovered
2026-08-18T06:25:49.249+00:00,1787034349.2499669,194161.250755,21.57102189998841,sent,2,570,0,0,0.0,0.0,194161.2505193,194161.2505298,,,,,0,1,
2026-08-18T06:25:49.250+00:00,1787034349.250971,194161.2509496,21.571216500014998,sent,3,571,0,0,0.0,0.0,194161.2507899,194161.2507919,,,,,0,1,
2026-08-18T06:25:49.250+00:00,1787034349.250971,194161.2509876,21.57125450001331,send_error,10,572,0,0,0.0,0.0,194161.2509845,,,,,,,0,robot_not_discovered
2026-08-18T06:25:49.403+00:00,1787034349.4032676,194161.4031845,21.723451400001068,send_error,1,573,0,0,0.0,0.0,194161.4031732,,,,,,,0,robot_not_discovered
2026-08-18T06:25:49.403+00:00,1787034349.4032676,194161.4034547,21.723721599992132,sent,2,574,0,0,0.0,0.0,194161.4032338,194161.4032354,,,,,0,1,
2026-08-18T06:25:49.403+00:00,1787034349.4032676,194161.4037236,21.7239905000024,send_error,1,576,0,0,0.0,0.0,194161.4037193,,,,,,,0,robot_not_discovered
2026-08-18T06:25:49.403+00:00,1787034349.4032676,194161.4038326,21.72409949998837,sent,2,577,0,0,0.0,0.0,194161.4037321,194161.4037338,,,,,0,1,
2026-08-18T06:25:49.403+00:00,1787034349.4032676,194161.4038664,21.72413330001291,sent,3,575,0,0,0.0,0.0,194161.4034928,194161.4034949,,,,,0,1,
2026-08-18T06:25:49.403+00:00,1787034349.4032676,194161.4039005,21.72416740001063,send_error,10,579,0,0,0.0,0.0,194161.4038981,,,,,,,0,robot_not_discovered
2026-08-18T06:25:49.403+00:00,1787034349.4032676,194161.4039285,21.724195399991004,sent,3,578,0,0,0.0,0.0,194161.4038473,194161.4038487,,,,,0,1,
2026-08-18T06:25:49.403+00:00,1787034349.4032676,194161.4039424,21.724209300009534,send_error,10,580,0,0,0.0,0.0,194161.4039402,,,,,,,0,robot_not_discovered
