wall_time_iso,t_wall,t_perf,session_elapsed_s,stage,robot_id,seq,left_cmd,right_cmd,requested_delay_ms,actual_delay_ms,scheduled_perf,sent_perf,ack_perf,rtt_ms,esp_rx_ms,duplicate,ack_requested,success,error
2026-08-18T05:53:19.560+00:00,1787032399.5606532,192211.608169,0.14540360000682995,send_error,1,5,0,0,0.0,0.0,192211.608161,,,,,,,0,robot_not_discovered
2026-08-18T05:53:19.668+00:00,1787032399.6680715,192211.7160293,0.2532638999982737,sent,2,6,-35,35,0.0,0.0,192211.7155149,192211.7157079,,,,,0,1,
2026-08-18T05:53:19.669+00:00,1787032399.6690784,192211.7169051,0.2541397000022698,sent,3,7,-35,35,0.0,0.0,192211.7166174,192211.7166953,,,,,0,1,
2026-08-18T05:53:19.669+00:00,1787032399.6690784,192211.7169395,0.2541741000022739,send_error,10,8,0,0,0.0,0.0,192211.7169368,,,,,,,0,robot_not_discovered
2026-08-18T05:53:19.790+00:00,1787032399.7903354,192211.8385896,0.37582419998943806,send_error,1,9,0,0,0.0,0.0,192211.8385799,,,,,,,0,robot_not_discovered
2026-08-18T05:53:19.794+00:00,1787032399.794614,192211.8431051,0.3803397000010591,sent,2,10,-35,35,0.0,0.0,192211.8427372,192211.8428714,,,,,0,1,
2026-08-18T05:53:19.796+00:00,1787032399.796701,192211.8442374,0.3814719999791123,sent,3,11,-35,35,0.0,0.0,192211.8438362,192211.8438719,,,,,0,1,
2026-08-18T05:53:19.796+00:00,1787032399.796701,192211.8443017,0.38153630000306293,send_error,10,12,0,0,0.0,0.0,192211.844299,,,,,,,0,robot_not_discovered
2026-08-18T05:53:19.940+00:00,1787032399.9406312,192211.9888628,0.5260973999975249,send_error,1,13,0,0,0.0,0.0,192211.9888515,,,,,,,0,robot_not_discovered
2026-08-18T05:53:19.944+00:00,1787032399.9448001,192211.9945771,0.5318116999987978,sent,2,14,-35,35,0.0,0.0,192211.9943111,192211.9943304,,,,,0,1,
2026-08-18T05:53:19.944+00:00,1787032399.9448001,192211.9950697,0.5323042999953032,sent,3,15,-35,35,0.0,0.0,192211.9948996,192211.9949186,,,,,0,1,
2026-08-18T05:53:19.944+00:00,1787032399.9448001,192211.9950983,0.532332899980247,send_error,10,16,0,0,0.0,0.0,192211.9950961,,,,,,,0,robot_not_discovered
2026-08-18T05:53:20.090+00:00,1787032400.0907037,192212.1389176,0.6761522000015248,send_error,1,17,0,0,0.0,0.0,192212.1389077,,,,,,,0,robot_not_discovered
2026-08-18T05:53:20.095+00:00,1787032400.0958774,192212.1441065,0.6813410999893676,sent,2,18,-35,35,0.0,0.0,192212.1436954,192212.14384,,,,,0,1,
2026-08-18T05:53:20.096+00:00,1787032400.096878,192212.1450852,0.6823197999910917,sent,3,19,-35,35,0.0,0.0,192212.1446105,192212.1448023,,,,,0,1,
2026-08-18T05:53:20.096+00:00,1787032400.096878,192212.1451278,0.682362399995327,send_error,10,20,0,0,0.0,0.0,192212.1451251,,,,,,,0,robot_not_discovered
2026-08-18T05:53:20.226+00:00,1787032400.2267725,192212.2746489,0.8118834999913815,send_error,1,21,0,0,0.0,0.0,192212.2746119,,,,,,,0,robot_not_discovered
2026-08-18T05:53:20.231+00:00,1787032400.2317648,192212.2793282,0.8165627999987919,sent,2,22,-35,35,0.0,0.0,192212.2788951,192212.2790704,,,,,0,1,
2026-08-18T05:53:20.231+00:00,1787032400.2317648,192212.2799401,0.8171747000014875,sent,3,23,-35,35,0.0,0.0,192212.2796846,192212.2797697,,,,,0,1,
2026-08-18T05:53:20.231+00:00,1787032400.2317648,192212.2799742,0.8172087999992073,send_error,10,24,0,0,0.0,0.0,192212.2799718,,,,,,,0,robot_not_discovered
2026-08-18T05:53:20.368+00:00,1787032400.3685718,192212.4163336,0.9535681999986991,send_error,1,25,0,0,0.0,0.0,192212.4163226,,,,,,,0,robot_not_discovered
2026-08-18T05:53:20.372+00:00,1787032400.372625,192212.4209698,0.958204399998067,sent,2,26,-35,35,0.0,0.0,192212.4207329,192212.4208081,,,,,0,1,
2026-08-18T05:53:20.373+00:00,1787032400.3735797,192212.4214973,0.9587318999983836,sent,3,27,-35,35,0.0,0.0,192212.421337,192212.4214066,,,,,0,1,
2026-08-18T05:53:20.373+00:00,1787032400.3735797,192212.4215251,0.9587597000063397,send_error,10,28,0,0,0.0,0.0,192212.4215227,,,,,,,0,robot_not_discovered
2026-08-18T05:53:20.509+00:00,1787032400.5090485,192212.5571445,1.0943790999881458,send_error,1,29,0,0,0.0,0.0,192212.5571348,,,,,,,0,robot_not_discovered
2026-08-18T05:53:20.514+00:00,1787032400.5140526,192212.5616152,1.0988497999787796,sent,2,30,-32,32,0.0,0.0,192212.5613296,192212.5614341,,,,,0,1,
2026-08-18T05:53:20.514+00:00,1787032400.5140526,192212.5621112,1.0993458000011742,sent,3,31,-26,26,0.0,0.0,192212.5619558,192212.5619719,,,,,0,1,
2026-08-18T05:53:20.514+00:00,1787032400.5140526,192212.5621424,1.0993770000059158,send_error,10,32,0,0,0.0,0.0,192212.5621399,,,,,,,0,robot_not_discovered
2026-08-18T05:53:20.655+00:00,1787032400.6559994,192212.7042382,1.2414728000003379,send_error,1,33,0,0,0.0,0.0,192212.7042079,,,,,,,0,robot_not_discovered
2026-08-18T05:53:20.659+00:00,1787032400.6599982,192212.7081505,1.245385099988198,sent,2,34,-28,28,0.0,0.0,192212.7079004,192212.7080191,,,,,0,1,
2026-08-18T05:53:20.661+00:00,1787032400.6610057,192212.7087334,1.2459680000029039,sent,3,35,-26,26,0.0,0.0,192212.7085868,192212.7086532,,,,,0,1,
2026-08-18T05:53:20.661+00:00,1787032400.6610057,192212.7087667,1.246001299994532,send_error,10,36,0,0,0.0,0.0,192212.7087641,,,,,,,0,robot_not_discovered
2026-08-18T05:53:20.802+00:00,1787032400.803651,192212.8510881,1.3883226999896578,send_error,1,37,0,0,0.0,0.0,192212.8510455,,,,,,,0,robot_not_discovered
2026-08-18T05:53:20.810+00:00,1787032400.8103344,192212.8580549,1.3952894999820273,sent,2,38,-26,26,0.0,0.0,192212.8575964,192212.8577707,,,,,0,1,
2026-08-18T05:53:20.810+00:00,1787032400.8103344,192212.8586233,1.3958579000027385,sent,3,39,26,-26,0.0,0.0,192212.8584396,192212.8585156,,,,,0,1,
2026-08-18T05:53:20.810+00:00,1787032400.8103344,192212.8586551,1.3958896999829449,send_error,10,40,0,0,0.0,0.0,192212.8586527,,,,,,,0,robot_not_discovered
2026-08-18T05:53:20.962+00:00,1787032400.9624302,192213.0101444,1.547378999995999,send_error,1,41,0,0,0.0,0.0,192213.0101302,,,,,,,0,robot_not_discovered
2026-08-18T05:53:20.974+00:00,1787032400.9742892,192213.02266,1.5598945999809075,sent,2,42,-26,26,0.0,0.0,192213.0223724,192213.0224824,,,,,0,1,
2026-08-18T05:53:20.975+00:00,1787032400.9752889,192213.0233788,1.5606133999826852,sent,3,43,26,-26,0.0,0.0,192213.0231901,192213.0232832,,,,,0,1,
2026-08-18T05:53:20.975+00:00,1787032400.9752889,192213.0234174,1.5606519999855664,send_error,10,44,0,0,0.0,0.0,192213.0234138,,,,,,,0,robot_not_discovered
2026-08-18T05:53:21.117+00:00,1787032401.1174383,192213.1649097,1.702144299983047,send_error,1,45,0,0,0.0,0.0,192213.1648536,,,,,,,0,robot_not_discovered
2026-08-18T05:53:21.122+00:00,1787032401.1224518,192213.169967,1.7072015999874566,sent,2,46,-26,26,0.0,0.0,192213.1693566,192213.1695404,,,,,0,1,
2026-08-18T05:53:21.122+00:00,1787032401.1224518,192213.1707544,1.7079889999877196,sent,3,47,26,-26,0.0,0.0,192213.1705269,192213.1706252,,,,,0,1,
2026-08-18T05:53:21.122+00:00,1787032401.1224518,192213.1707901,1.7080246999976225,send_error,10,48,0,0,0.0,0.0,192213.1707875,,,,,,,0,robot_not_discovered
2026-08-18T05:53:21.250+00:00,1787032401.250527,192213.3129187,1.8501532999798656,send_error,1,49,0,0,0.0,0.0,192213.3129089,,,,,,,0,robot_not_discovered
2026-08-18T05:53:21.271+00:00,1787032401.2717676,192213.3192448,1.8564793999830727,sent,2,50,-26,26,0.0,0.0,192213.3189562,192213.3190763,,,,,0,1,
2026-08-18T05:53:21.271+00:00,1787032401.2717676,192213.3197153,1.8569498999859206,sent,3,51,-26,26,0.0,0.0,192213.3195669,192213.3196372,,,,,0,1,
2026-08-18T05:53:21.271+00:00,1787032401.2717676,192213.3197455,1.8569800999830477,send_error,10,52,0,0,0.0,0.0,192213.3197431,,,,,,,0,robot_not_discovered
2026-08-18T05:53:21.415+00:00,1787032401.4151134,192213.4631095,2.0003441000008024,send_error,1,53,0,0,0.0,0.0,192213.4630993,,,,,,,0,robot_not_discovered
2026-08-18T05:53:21.418+00:00,1787032401.4185271,192213.466627,2.003861599980155,sent,2,54,-26,26,0.0,0.0,192213.4663747,192213.4664566,,,,,0,1,
2026-08-18T05:53:21.419+00:00,1787032401.4195328,192213.4670695,2.004304100002628,sent,3,55,-26,26,0.0,0.0,192213.4669165,192213.466986,,,,,0,1,
2026-08-18T05:53:21.419+00:00,1787032401.4195328,192213.4670955,2.004330099996878,send_error,10,56,0,0,0.0,0.0,192213.4670919,,,,,,,0,robot_not_discovered
2026-08-18T05:53:21.547+00:00,1787032401.5470538,192213.594659,2.1318935999879614,send_error,1,57,0,0,0.0,0.0,192213.5946458,,,,,,,0,robot_not_discovered
2026-08-18T05:53:21.550+00:00,1787032401.5504448,192213.5982142,2.135448799992446,sent,2,58,-26,26,0.0,0.0,192213.5980291,192213.5981077,,,,,0,1,
2026-08-18T05:53:21.550+00:00,1787032401.5504448,192213.5987113,2.1359458999941126,sent,3,59,-26,26,0.0,0.0,192213.5985794,192213.5986318,,,,,0,1,
2026-08-18T05:53:21.550+00:00,1787032401.5504448,192213.5987369,2.1359714999853168,send_error,10,60,0,0,0.0,0.0,192213.5987345,,,,,,,0,robot_not_discovered
2026-08-18T05:53:21.689+00:00,1787032401.6891823,192213.737026,2.274260599981062,send_error,1,61,0,0,0.0,0.0,192213.7370157,,,,,,,0,robot_not_discovered
2026-08-18T05:53:21.693+00:00,1787032401.6931725,192213.741058,2.278292600007262,sent,2,62,-26,26,0.0,0.0,192213.7407955,192213.7408139,,,,,0,1,
2026-08-18T05:53:21.694+00:00,1787032401.694174,192213.7416269,2.2788615000026766,sent,3,63,-26,26,0.0,0.0,192213.7414617,192213.7415391,,,,,0,1,
2026-08-18T05:53:21.694+00:00,1787032401.694174,192213.7417019,2.278936499991687,send_error,10,64,0,0,0.0,0.0,192213.7416993,,,,,,,0,robot_not_discovered
2026-08-18T05:53:21.824+00:00,1787032401.8240232,192213.8723593,2.4095938999962527,send_error,1,65,0,0,0.0,0.0,192213.8723503,,,,,,,0,robot_not_discovered
2026-08-18T05:53:21.828+00:00,1787032401.8280349,192213.8757383,2.4129728999978397,sent,2,66,-26,26,0.0,0.0,192213.8754672,192213.8756274,,,,,0,1,
2026-08-18T05:53:21.828+00:00,1787032401.8280349,192213.876253,2.4134875999880023,sent,3,67,-26,26,0.0,0.0,192213.8760875,192213.8761748,,,,,0,1,
2026-08-18T05:53:21.828+00:00,1787032401.8280349,192213.87628,2.413514599989867,send_error,10,68,0,0,0.0,0.0,192213.8762777,,,,,,,0,robot_not_discovered
2026-08-18T05:53:21.968+00:00,1787032401.9689057,192214.0163486,2.553583200002322,send_error,1,69,0,0,0.0,0.0,192214.0163142,,,,,,,0,robot_not_discovered
2026-08-18T05:53:21.973+00:00,1787032401.973904,192214.0218719,2.559106500004418,sent,2,70,-26,26,0.0,0.0,192214.0215896,192214.0216953,,,,,0,1,
2026-08-18T05:53:21.974+00:00,1787032401.9749026,192214.0224039,2.5596384999807924,sent,3,71,-26,26,0.0,0.0,192214.0222197,192214.0222924,,,,,0,1,
2026-08-18T05:53:21.974+00:00,1787032401.9749026,192214.022443,2.559677599987481,send_error,10,72,0,0,0.0,0.0,192214.0224403,,,,,,,0,robot_not_discovered
2026-08-18T05:53:22.109+00:00,1787032402.1098151,192214.1581188,2.6953533999912906,send_error,1,73,0,0,0.0,0.0,192214.1581088,,,,,,,0,robot_not_discovered
2026-08-18T05:53:22.113+00:00,1787032402.113915,192214.161858,2.699092599999858,sent,2,74,-26,26,0.0,0.0,192214.1616431,192214.1617215,,,,,0,1,
2026-08-18T05:53:22.115+00:00,1787032402.1150167,192214.1627277,2.6999622999865096,sent,3,75,-26,26,0.0,0.0,192214.162414,192214.1625611,,,,,0,1,
2026-08-18T05:53:22.115+00:00,1787032402.1150167,192214.1628022,2.7000368000008166,send_error,10,76,0,0,0.0,0.0,192214.1627982,,,,,,,0,robot_not_discovered
2026-08-18T05:53:22.250+00:00,1787032402.2505183,192214.2984822,2.8357168000075035,send_error,1,77,0,0,0.0,0.0,192214.2984725,,,,,,,0,robot_not_discovered
2026-08-18T05:53:22.255+00:00,1787032402.2555132,192214.3031701,2.840404699993087,sent,2,78,-26,26,0.0,0.0,192214.3028621,192214.3029573,,,,,0,1,
2026-08-18T05:53:22.255+00:00,1787032402.2555132,192214.3038134,2.841048000002047,sent,3,79,-26,26,0.0,0.0,192214.3036091,192214.3036719,,,,,0,1,
2026-08-18T05:53:22.255+00:00,1787032402.2555132,192214.3038522,2.841086800006451,send_error,10,80,0,0,0.0,0.0,192214.303849,,,,,,,0,robot_not_discovered
2026-08-18T05:53:22.404+00:00,1787032402.4049478,192214.4527763,2.9900108999863733,send_error,1,81,0,0,0.0,0.0,192214.4527665,,,,,,,0,robot_not_discovered
2026-08-18T05:53:22.409+00:00,1787032402.409955,192214.4583102,2.9955447999818716,sent,2,82,-26,26,0.0,0.0,192214.4580195,192214.4581312,,,,,0,1,
2026-08-18T05:53:22.410+00:00,1787032402.410952,192214.4588106,2.9960451999795623,sent,3,83,26,-26,0.0,0.0,192214.4586497,192214.4587192,,,,,0,1,
2026-08-18T05:53:22.410+00:00,1787032402.410952,192214.4588438,2.996078399999533,send_error,10,84,0,0,0.0,0.0,192214.4588412,,,,,,,0,robot_not_discovered
2026-08-18T05:53:22.547+00:00,1787032402.5479531,192214.5954728,3.13270739998552,send_error,1,85,0,0,0.0,0.0,192214.5954631,,,,,,,0,robot_not_discovered
2026-08-18T05:53:22.550+00:00,1787032402.5509048,192214.5988273,3.136061900004279,sent,2,86,26,-26,0.0,0.0,192214.5986089,192214.5986798,,,,,0,1,
2026-08-18T05:53:22.551+00:00,1787032402.551911,192214.5993869,3.1366214999870863,sent,3,87,26,-26,0.0,0.0,192214.5992201,192214.5992978,,,,,0,1,
2026-08-18T05:53:22.551+00:00,1787032402.551911,192214.599413,3.1366475999820977,send_error,10,88,0,0,0.0,0.0,192214.5994107,,,,,,,0,robot_not_discovered
2026-08-18T05:53:22.689+00:00,1787032402.6890464,192214.7366093,3.2738438999804202,send_error,1,89,0,0,0.0,0.0,192214.7366003,,,,,,,0,robot_not_discovered
2026-08-18T05:53:22.693+00:00,1787032402.6930459,192214.7404704,3.277704999985872,sent,2,90,-26,26,0.0,0.0,192214.7401812,192214.7402927,,,,,0,1,
2026-08-18T05:53:22.694+00:00,1787032402.6940463,192214.7414681,3.278702699986752,sent,3,91,32,37,0.0,0.0,192214.7411256,192214.7412996,,,,,0,1,
2026-08-18T05:53:22.694+00:00,1787032402.6940463,192214.7415054,3.2787399999797344,send_error,10,92,0,0,0.0,0.0,192214.7415021,,,,,,,0,robot_not_discovered
2026-08-18T05:53:22.832+00:00,1787032402.8321893,192214.8798378,3.417072399985045,send_error,1,93,0,0,0.0,0.0,192214.879828,,,,,,,0,robot_not_discovered
2026-08-18T05:53:22.835+00:00,1787032402.8351884,192214.8833231,3.4205576999811456,sent,2,94,-26,26,0.0,0.0,192214.8831408,192214.8832134,,,,,0,1,
2026-08-18T05:53:22.836+00:00,1787032402.8361907,192214.8838385,3.421073100005742,sent,3,95,39,30,0.0,0.0,192214.8837059,192214.883763,,,,,0,1,
2026-08-18T05:53:22.836+00:00,1787032402.8361907,192214.8838644,3.4210989999992307,send_error,10,96,0,0,0.0,0.0,192214.8838621,,,,,,,0,robot_not_discovered
2026-08-18T05:53:22.975+00:00,1787032402.9754124,192215.023098,3.560332599998219,send_error,1,97,0,0,0.0,0.0,192215.0230811,,,,,,,0,robot_not_discovered
2026-08-18T05:53:22.981+00:00,1787032402.981412,192215.0292062,3.5664408000011463,sent,2,98,33,36,0.0,0.0,192215.0289152,192215.0290329,,,,,0,1,
2026-08-18T05:53:22.982+00:00,1787032402.982413,192215.0299371,3.567171699978644,sent,3,99,38,31,0.0,0.0,192215.0297452,192215.0298362,,,,,0,1,
2026-08-18T05:53:22.982+00:00,1787032402.982413,192215.0299703,3.5672048999986146,send_error,10,100,0,0,0.0,0.0,192215.0299676,,,,,,,0,robot_not_discovered
2026-08-18T05:53:23.104+00:00,1787032403.104478,192215.1522899,3.6895244999905117,send_error,1,101,0,0,0.0,0.0,192215.15228,,,,,,,0,robot_not_discovered
2026-08-18T05:53:23.109+00:00,1787032403.109468,192215.1576505,3.6948851000051945,sent,2,102,40,29,0.0,0.0,192215.1573867,192215.157487,,,,,0,1,
2026-08-18T05:53:23.110+00:00,1787032403.1104686,192215.1581289,3.6953634999808855,sent,3,103,36,33,0.0,0.0,192215.1579643,192215.1580386,,,,,0,1,
2026-08-18T05:53:23.110+00:00,1787032403.1104686,192215.1581578,3.6953923999972176,send_error,10,104,0,0,0.0,0.0,192215.1581553,,,,,,,0,robot_not_discovered
2026-08-18T05:53:23.246+00:00,1787032403.2466245,192215.2949806,3.832215200003702,send_error,1,105,0,0,0.0,0.0,192215.2949704,,,,,,,0,robot_not_discovered
2026-08-18T05:53:23.250+00:00,1787032403.250624,192215.2985503,3.8357849000021815,sent,2,106,37,32,0.0,0.0,192215.2983659,192215.298385,,,,,0,1,
2026-08-18T05:53:23.250+00:00,1787032403.250624,192215.2990269,3.8362614999932703,sent,3,107,32,37,0.0,0.0,192215.2988721,192215.2989351,,,,,0,1,
2026-08-18T05:53:23.250+00:00,1787032403.250624,192215.2990514,3.8362860000052024,send_error,10,108,0,0,0.0,0.0,192215.2990491,,,,,,,0,robot_not_discovered
2026-08-18T05:53:23.384+00:00,1787032403.384443,192215.4319031,3.9691376999835484,send_error,1,109,0,0,0.0,0.0,192215.4318932,,,,,,,0,robot_not_discovered
2026-08-18T05:53:23.388+00:00,1787032403.3884835,192215.435868,3.973102599993581,sent,2,110,41,28,0.0,0.0,192215.4355959,192215.4356944,,,,,0,1,
2026-08-18T05:53:23.388+00:00,1787032403.3884835,192215.4363997,3.9736342999967746,sent,3,111,34,35,0.0,0.0,192215.4362371,192215.4363088,,,,,0,1,
2026-08-18T05:53:23.388+00:00,1787032403.3884835,192215.4364271,3.973661700001685,send_error,10,112,0,0,0.0,0.0,192215.4364248,,,,,,,0,robot_not_discovered
2026-08-18T05:53:23.528+00:00,1787032403.528907,192215.5772511,4.11448570000357,send_error,1,113,0,0,0.0,0.0,192215.5772401,,,,,,,0,robot_not_discovered
2026-08-18T05:53:23.534+00:00,1787032403.5349076,192215.5832739,4.120508499996504,sent,2,114,37,32,0.0,0.0,192215.5829809,192215.5831002,,,,,0,1,
2026-08-18T05:53:23.535+00:00,1787032403.5359128,192215.5839659,4.12120049999794,sent,3,115,34,35,0.0,0.0,192215.5837536,192215.5838737,,,,,0,1,
2026-08-18T05:53:23.535+00:00,1787032403.5359128,192215.5839983,4.121232899982715,send_error,10,116,0,0,0.0,0.0,192215.5839952,,,,,,,0,robot_not_discovered
2026-08-18T05:53:23.657+00:00,1787032403.657974,192215.7060472,4.243281799979741,send_error,1,117,0,0,0.0,0.0,192215.706038,,,,,,,0,robot_not_discovered
2026-08-18T05:53:23.661+00:00,1787032403.6619587,192215.7096414,4.246875999990152,sent,2,118,41,28,0.0,0.0,192215.7094664,192215.70955,,,,,0,1,
2026-08-18T05:53:23.661+00:00,1787032403.6619587,192215.7100942,4.247328800003743,sent,3,119,30,39,0.0,0.0,192215.7099389,192215.710001,,,,,0,1,
2026-08-18T05:53:23.661+00:00,1787032403.6619587,192215.7101306,4.247365199989872,send_error,10,120,0,0,0.0,0.0,192215.7101273,,,,,,,0,robot_not_discovered
2026-08-18T05:53:23.798+00:00,1787032403.798594,192215.8462414,4.38347599998815,send_error,1,121,0,0,0.0,0.0,192215.8462313,,,,,,,0,robot_not_discovered
2026-08-18T05:53:23.802+00:00,1787032403.8025618,192215.8504541,4.387688699993305,sent,2,122,40,29,0.0,0.0,192215.8500687,192215.850205,,,,,0,1,
2026-08-18T05:53:23.803+00:00,1787032403.803564,192215.8510919,4.388326499989489,sent,3,123,32,37,0.0,0.0,192215.8509804,192215.8510024,,,,,0,1,
2026-08-18T05:53:23.803+00:00,1787032403.803564,192215.8511195,4.388354099995922,send_error,10,124,0,0,0.0,0.0,192215.8511171,,,,,,,0,robot_not_discovered
2026-08-18T05:53:23.934+00:00,1787032403.9348044,192215.9829715,4.520206099987263,send_error,1,125,0,0,0.0,0.0,192215.9829608,,,,,,,0,robot_not_discovered
2026-08-18T05:53:23.938+00:00,1787032403.9388707,192215.9870847,4.524319299991475,sent,2,126,39,30,0.0,0.0,192215.9868228,192215.9869258,,,,,0,1,
2026-08-18T05:53:23.939+00:00,1787032403.9398053,192215.9876243,4.524858899996616,sent,3,127,32,37,0.0,0.0,192215.9874516,192215.9875362,,,,,0,1,
2026-08-18T05:53:23.939+00:00,1787032403.9398053,192215.9876501,4.524884699989343,send_error,10,128,0,0,0.0,0.0,192215.9876478,,,,,,,0,robot_not_discovered
2026-08-18T05:53:24.075+00:00,1787032404.0755024,192216.1229488,4.660183400003007,send_error,1,129,0,0,0.0,0.0,192216.1229371,,,,,,,0,robot_not_discovered
2026-08-18T05:53:24.079+00:00,1787032404.0795052,192216.1276638,4.664898399991216,sent,2,130,39,30,0.0,0.0,192216.1269498,192216.1271543,,,,,0,1,
2026-08-18T05:53:24.080+00:00,1787032404.0805135,192216.1284913,4.665725900005782,sent,3,131,32,37,0.0,0.0,192216.1282503,192216.128358,,,,,0,1,
2026-08-18T05:53:24.080+00:00,1787032404.0805135,192216.1285231,4.665757699985988,send_error,10,132,0,0,0.0,0.0,192216.1285205,,,,,,,0,robot_not_discovered
2026-08-18T05:53:24.207+00:00,1787032404.2076437,192216.2551213,4.792355899990071,send_error,1,133,0,0,0.0,0.0,192216.255111,,,,,,,0,robot_not_discovered
2026-08-18T05:53:24.211+00:00,1787032404.2116492,192216.2594098,4.796644399990328,sent,2,134,35,34,0.0,0.0,192216.2588752,192216.2590163,,,,,0,1,
2026-08-18T05:53:24.212+00:00,1787032404.212647,192216.2603698,4.79760439999518,sent,3,135,34,35,0.0,0.0,192216.260079,192216.2602023,,,,,0,1,
2026-08-18T05:53:24.212+00:00,1787032404.212647,192216.2604005,4.797635099996114,send_error,10,136,0,0,0.0,0.0,192216.2603981,,,,,,,0,robot_not_discovered
2026-08-18T05:53:24.348+00:00,1787032404.3485484,192216.396803,4.9340376000036485,send_error,1,137,0,0,0.0,0.0,192216.3967928,,,,,,,0,robot_not_discovered
2026-08-18T05:53:24.352+00:00,1787032404.3525586,192216.4007146,4.937949199986178,sent,2,138,36,33,0.0,0.0,192216.4004476,192216.4005535,,,,,0,1,
2026-08-18T05:53:24.353+00:00,1787032404.3535504,192216.4012471,4.938481699995464,sent,3,139,36,33,0.0,0.0,192216.4010992,192216.4011708,,,,,0,1,
2026-08-18T05:53:24.353+00:00,1787032404.3535504,192216.4012752,4.938509800005704,send_error,10,140,0,0,0.0,0.0,192216.4012715,,,,,,,0,robot_not_discovered
2026-08-18T05:53:24.487+00:00,1787032404.4872308,192216.5354886,5.072723199991742,send_error,1,141,0,0,0.0,0.0,192216.5354787,,,,,,,0,robot_not_discovered
2026-08-18T05:53:24.491+00:00,1787032404.4912305,192216.5395256,5.076760199997807,sent,2,142,35,34,0.0,0.0,192216.5392365,192216.5393455,,,,,0,1,
2026-08-18T05:53:24.492+00:00,1787032404.4922512,192216.5399781,5.077212699980009,sent,3,143,35,34,0.0,0.0,192216.5398222,192216.5398921,,,,,0,1,
2026-08-18T05:53:24.492+00:00,1787032404.4922512,192216.5400086,5.077243199979421,send_error,10,144,0,0,0.0,0.0,192216.5400063,,,,,,,0,robot_not_discovered
2026-08-18T05:53:24.624+00:00,1787032404.6241803,192216.6716376,5.208872199989855,send_error,1,145,0,0,0.0,0.0,192216.6716271,,,,,,,0,robot_not_discovered
2026-08-18T05:53:24.627+00:00,1787032404.6271796,192216.6752207,5.212455300003057,sent,2,146,33,36,0.0,0.0,192216.6750261,192216.6751225,,,,,0,1,
2026-08-18T05:53:24.628+00:00,1787032404.628181,192216.6759348,5.213169399998151,sent,3,147,34,35,0.0,0.0,192216.6756672,192216.6757798,,,,,0,1,
2026-08-18T05:53:24.628+00:00,1787032404.628181,192216.676009,5.21324359998107,send_error,10,148,0,0,0.0,0.0,192216.6760044,,,,,,,0,robot_not_discovered
2026-08-18T05:53:24.779+00:00,1787032404.7793806,192216.8271309,5.364365499990527,send_error,1,149,0,0,0.0,0.0,192216.8271202,,,,,,,0,robot_not_discovered
2026-08-18T05:53:24.785+00:00,1787032404.7853794,192216.8328638,5.37009839998791,sent,2,150,35,34,0.0,0.0,192216.8316704,192216.8319309,,,,,0,1,
2026-08-18T05:53:24.785+00:00,1787032404.7853794,192216.8335914,5.3708259999984875,sent,3,151,34,35,0.0,0.0,192216.8333489,192216.8333742,,,,,0,1,
2026-08-18T05:53:24.785+00:00,1787032404.7853794,192216.833625,5.3708595999924,send_error,10,152,0,0,0.0,0.0,192216.8336223,,,,,,,0,robot_not_discovered
2026-08-18T05:53:24.943+00:00,1787032404.9434786,192216.9914369,5.528671499982011,send_error,1,153,0,0,0.0,0.0,192216.9914078,,,,,,,0,robot_not_discovered
2026-08-18T05:53:24.949+00:00,1787032404.9494107,192216.9973001,5.534534699982032,sent,2,154,34,35,0.0,0.0,192216.9967339,192216.9969323,,,,,0,1,
2026-08-18T05:53:24.950+00:00,1787032404.9504106,192216.9984863,5.535720899992157,sent,3,155,34,35,0.0,0.0,192216.9980346,192216.9981312,,,,,0,1,
2026-08-18T05:53:24.950+00:00,1787032404.9504106,192216.9985451,5.5357797000033315,send_error,10,156,0,0,0.0,0.0,192216.9985402,,,,,,,0,robot_not_discovered
2026-08-18T05:53:25.113+00:00,1787032405.1139321,192217.1616053,5.698839899996528,send_error,1,157,0,0,0.0,0.0,192217.1615855,,,,,,,0,robot_not_discovered
2026-08-18T05:53:25.119+00:00,1787032405.119929,192217.1673565,5.704591099987738,sent,2,158,34,35,0.0,0.0,192217.1670539,192217.1671758,,,,,0,1,
2026-08-18T05:53:25.119+00:00,1787032405.119929,192217.1680679,5.705302499991376,sent,3,159,34,35,0.0,0.0,192217.1678768,192217.167968,,,,,0,1,
2026-08-18T05:53:25.119+00:00,1787032405.119929,192217.1681026,5.705337199993664,send_error,10,160,0,0,0.0,0.0,192217.1681,,,,,,,0,robot_not_discovered
2026-08-18T05:53:25.261+00:00,1787032405.2619328,192217.3099352,5.847169799992116,send_error,1,161,0,0,0.0,0.0,192217.3098945,,,,,,,0,robot_not_discovered
2026-08-18T05:53:25.271+00:00,1787032405.2713277,192217.3192177,5.856452299980447,sent,2,162,33,36,0.0,0.0,192217.3189317,192217.3190594,,,,,0,1,
2026-08-18T05:53:25.272+00:00,1787032405.2723277,192217.3198819,5.8571165000030305,sent,3,163,34,35,0.0,0.0,192217.3196961,192217.3197915,,,,,0,1,
2026-08-18T05:53:25.272+00:00,1787032405.2723277,192217.3199132,5.85714779997943,send_error,10,164,0,0,0.0,0.0,192217.3199095,,,,,,,0,robot_not_discovered
2026-08-18T05:53:25.398+00:00,1787032405.398967,192217.447221,5.984455600002548,send_error,1,165,0,0,0.0,0.0,192217.4471849,,,,,,,0,robot_not_discovered
2026-08-18T05:53:25.403+00:00,1787032405.4039621,192217.4518357,5.989070299983723,sent,2,166,34,35,0.0,0.0,192217.4516257,192217.4517107,,,,,0,1,
2026-08-18T05:53:25.404+00:00,1787032405.40496,192217.4524668,5.989701399987098,sent,3,167,34,35,0.0,0.0,192217.4522123,192217.4522743,,,,,0,1,
2026-08-18T05:53:25.404+00:00,1787032405.40496,192217.4525068,5.989741400000639,send_error,10,168,0,0,0.0,0.0,192217.4525043,,,,,,,0,robot_not_discovered
2026-08-18T05:53:25.533+00:00,1787032405.5337398,192217.5818686,6.119103200006066,send_error,1,169,0,0,0.0,0.0,192217.5818579,,,,,,,0,robot_not_discovered
2026-08-18T05:53:25.539+00:00,1787032405.5390098,192217.5863967,6.123631299997214,sent,2,170,30,39,0.0,0.0,192217.5859614,192217.5861521,,,,,0,1,
2026-08-18T05:53:25.539+00:00,1787032405.5390098,192217.5869819,6.12421650000033,sent,3,171,34,35,0.0,0.0,192217.5868016,192217.5868788,,,,,0,1,
2026-08-18T05:53:25.539+00:00,1787032405.5390098,192217.587014,6.1242485999828205,send_error,10,172,0,0,0.0,0.0,192217.5870115,,,,,,,0,robot_not_discovered
2026-08-18T05:53:25.678+00:00,1787032405.6781328,192217.7255973,6.262831900006859,send_error,1,173,0,0,0.0,0.0,192217.7255866,,,,,,,0,robot_not_discovered
2026-08-18T05:53:25.682+00:00,1787032405.6821332,192217.7300754,6.267309999995632,sent,2,174,32,37,0.0,0.0,192217.7298222,192217.7299267,,,,,0,1,
2026-08-18T05:53:25.683+00:00,1787032405.6831338,192217.7305364,6.26777099998435,sent,3,175,34,35,0.0,0.0,192217.7303657,192217.7304424,,,,,0,1,
2026-08-18T05:53:25.683+00:00,1787032405.6831338,192217.7305643,6.267798899993068,send_error,10,176,0,0,0.0,0.0,192217.7305621,,,,,,,0,robot_not_discovered
2026-08-18T05:53:25.816+00:00,1787032405.8169823,192217.8647969,6.402031499979785,send_error,1,177,0,0,0.0,0.0,192217.8647864,,,,,,,0,robot_not_discovered
2026-08-18T05:53:25.820+00:00,1787032405.8209882,192217.8684333,6.405667899991386,sent,2,178,31,38,0.0,0.0,192217.8681442,192217.8682419,,,,,0,1,
2026-08-18T05:53:25.820+00:00,1787032405.8209882,192217.8689599,6.406194499984849,sent,3,179,34,35,0.0,0.0,192217.8687476,192217.8688472,,,,,0,1,
2026-08-18T05:53:25.820+00:00,1787032405.8209882,192217.8689939,6.4062284999818075,send_error,10,180,0,0,0.0,0.0,192217.8689914,,,,,,,0,robot_not_discovered
2026-08-18T05:53:25.959+00:00,1787032405.9603744,192218.0076676,6.544902199995704,send_error,1,181,0,0,0.0,0.0,192218.0076567,,,,,,,0,robot_not_discovered
2026-08-18T05:53:25.966+00:00,1787032405.9663749,192218.0140512,6.551285800000187,sent,2,182,33,36,0.0,0.0,192218.0137559,192218.0138889,,,,,0,1,
2026-08-18T05:53:25.968+00:00,1787032405.968376,192218.0161334,6.5533679999934975,sent,3,183,35,34,0.0,0.0,192218.0156004,192218.0158061,,,,,0,1,
2026-08-18T05:53:25.968+00:00,1787032405.968376,192218.0161998,6.553434400004335,send_error,10,184,0,0,0.0,0.0,192218.0161954,,,,,,,0,robot_not_discovered
2026-08-18T05:53:26.102+00:00,1787032406.1021786,192218.1494961,6.68673069999204,send_error,1,185,0,0,0.0,0.0,192218.1494863,,,,,,,0,robot_not_discovered
2026-08-18T05:53:26.105+00:00,1787032406.1051738,192218.1530139,6.690248500002781,sent,2,186,33,36,0.0,0.0,192218.1527721,192218.1528744,,,,,0,1,
2026-08-18T05:53:26.106+00:00,1787032406.1061811,192218.153615,6.690849599981448,sent,3,187,34,35,0.0,0.0,192218.1534299,192218.1535067,,,,,0,1,
2026-08-18T05:53:26.106+00:00,1787032406.1061811,192218.1536477,6.690882299997611,send_error,10,188,0,0,0.0,0.0,192218.153645,,,,,,,0,robot_not_discovered
2026-08-18T05:53:26.240+00:00,1787032406.2408168,192218.2882292,6.825463799992576,send_error,1,189,0,0,0.0,0.0,192218.2882195,,,,,,,0,robot_not_discovered
2026-08-18T05:53:26.244+00:00,1787032406.2448187,192218.2924856,6.829720199981239,sent,2,190,33,36,0.0,0.0,192218.2922347,192218.2923208,,,,,0,1,
2026-08-18T05:53:26.244+00:00,1787032406.2448187,192218.2930007,6.830235300003551,sent,3,191,36,33,0.0,0.0,192218.2928401,192218.2929076,,,,,0,1,
2026-08-18T05:53:26.244+00:00,1787032406.2448187,192218.293026,6.830260599992471,send_error,10,192,0,0,0.0,0.0,192218.2930237,,,,,,,0,robot_not_discovered
2026-08-18T05:53:26.376+00:00,1787032406.3765533,192218.4241974,6.961431999981869,send_error,1,193,0,0,0.0,0.0,192218.4241876,,,,,,,0,robot_not_discovered
2026-08-18T05:53:26.380+00:00,1787032406.380546,192218.4282834,6.965517999982694,sent,2,194,34,35,0.0,0.0,192218.42805,192218.4281391,,,,,0,1,
2026-08-18T05:53:26.380+00:00,1787032406.380546,192218.4287696,6.966004199988674,sent,3,195,35,34,0.0,0.0,192218.4286146,192218.4286888,,,,,0,1,
2026-08-18T05:53:26.380+00:00,1787032406.380546,192218.4287976,6.966032199998153,send_error,10,196,0,0,0.0,0.0,192218.4287948,,,,,,,0,robot_not_discovered
2026-08-18T05:53:26.520+00:00,1787032406.5208073,192218.5684903,7.105724900000496,send_error,1,197,0,0,0.0,0.0,192218.5684795,,,,,,,0,robot_not_discovered
2026-08-18T05:53:26.524+00:00,1787032406.5248077,192218.572556,7.109790599992266,sent,2,198,33,36,0.0,0.0,192218.5721777,192218.5723298,,,,,0,1,
2026-08-18T05:53:26.525+00:00,1787032406.525808,192218.5732288,7.110463399993023,sent,3,199,35,34,0.0,0.0,192218.5730618,192218.5731298,,,,,0,1,
2026-08-18T05:53:26.525+00:00,1787032406.525808,192218.5732611,7.11049570000614,send_error,10,200,0,0,0.0,0.0,192218.5732586,,,,,,,0,robot_not_discovered
2026-08-18T05:53:26.658+00:00,1787032406.658664,192218.7060845,7.243319100001827,send_error,1,201,0,0,0.0,0.0,192218.7060706,,,,,,,0,robot_not_discovered
2026-08-18T05:53:26.661+00:00,1787032406.6617334,192218.7098958,7.2471304000064265,sent,2,202,25,22,0.0,0.0,192218.7096492,192218.709764,,,,,0,1,
2026-08-18T05:53:26.663+00:00,1787032406.6636643,192218.711472,7.248706599988509,sent,3,203,31,18,0.0,0.0,192218.7112152,192218.7113075,,,,,0,1,
2026-08-18T05:53:26.663+00:00,1787032406.6636643,192218.7115257,7.248760299989954,send_error,10,204,0,0,0.0,0.0,192218.7115229,,,,,,,0,robot_not_discovered
2026-08-18T05:53:26.796+00:00,1787032406.7968574,192218.8448579,7.382092499989085,send_error,1,205,0,0,0.0,0.0,192218.8448463,,,,,,,0,robot_not_discovered
2026-08-18T05:53:26.801+00:00,1787032406.801861,192218.8494089,7.386643499979982,sent,2,206,43,-27,0.0,0.0,192218.8490023,192218.8490452,,,,,0,1,
2026-08-18T05:53:26.802+00:00,1787032406.8028564,192218.8502543,7.387488899985328,sent,3,207,41,-25,0.0,0.0,192218.8500681,192218.8500868,,,,,0,1,
2026-08-18T05:53:26.802+00:00,1787032406.8028564,192218.8502899,7.38752449999447,send_error,10,208,0,0,0.0,0.0,192218.8502871,,,,,,,0,robot_not_discovered
2026-08-18T05:53:26.937+00:00,1787032406.9371781,192218.98473,7.521964599989587,send_error,1,209,0,0,0.0,0.0,192218.984721,,,,,,,0,robot_not_discovered
2026-08-18T05:53:26.941+00:00,1787032406.941189,192218.9893461,7.526580699981423,sent,2,210,43,-27,0.0,0.0,192218.9889886,192218.9891468,,,,,0,1,
2026-08-18T05:53:26.942+00:00,1787032406.9421775,192218.9898185,7.527053099998739,sent,3,211,35,-35,0.0,0.0,192218.989652,192218.989722,,,,,0,1,
2026-08-18T05:53:26.942+00:00,1787032406.9421775,192218.9898467,7.527081299980637,send_error,10,212,0,0,0.0,0.0,192218.9898443,,,,,,,0,robot_not_discovered
2026-08-18T05:53:27.070+00:00,1787032407.070994,192219.1186775,7.6559120999882,send_error,1,213,0,0,0.0,0.0,192219.1186669,,,,,,,0,robot_not_discovered
2026-08-18T05:53:27.075+00:00,1787032407.0757432,192219.1231102,7.660344799980521,sent,2,214,38,-22,0.0,0.0,192219.1228471,192219.1229407,,,,,0,1,
2026-08-18T05:53:27.075+00:00,1787032407.0757432,192219.1236273,7.660861899988959,sent,3,215,35,-35,0.0,0.0,192219.1234454,192219.1235277,,,,,0,1,
2026-08-18T05:53:27.075+00:00,1787032407.0757432,192219.123662,7.660896599991247,send_error,10,216,0,0,0.0,0.0,192219.1236594,,,,,,,0,robot_not_discovered
2026-08-18T05:53:27.216+00:00,1787032407.216514,192219.2641652,7.801399799995124,send_error,1,217,0,0,0.0,0.0,192219.264151,,,,,,,0,robot_not_discovered
2026-08-18T05:53:27.220+00:00,1787032407.2209506,192219.2688341,7.806068699981552,sent,2,218,38,-22,0.0,0.0,192219.2685767,192219.2686588,,,,,0,1,
2026-08-18T05:53:27.221+00:00,1787032407.2219603,192219.2694327,7.80666729999939,sent,3,219,35,-35,0.0,0.0,192219.2692079,192219.2692953,,,,,0,1,
2026-08-18T05:53:27.221+00:00,1787032407.2219603,192219.269466,7.806700599991018,send_error,10,220,0,0,0.0,0.0,192219.2694635,,,,,,,0,robot_not_discovered
2026-08-18T05:53:27.374+00:00,1787032407.3740346,192219.4220896,7.959324199997354,send_error,1,221,0,0,0.0,0.0,192219.422044,,,,,,,0,robot_not_discovered
2026-08-18T05:53:27.393+00:00,1787032407.393029,192219.4409755,7.978210100001888,sent,2,222,38,-22,0.0,0.0,192219.4402364,192219.4405022,,,,,0,1,
2026-08-18T05:53:27.395+00:00,1787032407.395033,192219.4431212,7.980355799983954,sent,3,223,34,-29,0.0,0.0,192219.4425323,192219.442711,,,,,0,1,
2026-08-18T05:53:27.395+00:00,1787032407.395033,192219.4431945,7.980429099989124,send_error,10,224,0,0,0.0,0.0,192219.4431896,,,,,,,0,robot_not_discovered
2026-08-18T05:53:27.587+00:00,1787032407.5877554,192219.6358118,8.173046399984742,send_error,1,225,0,0,0.0,0.0,192219.6357154,,,,,,,0,robot_not_discovered
2026-08-18T05:53:27.603+00:00,1787032407.6044436,192219.6516356,8.188870199985104,sent,2,226,-22,38,0.0,0.0,192219.6484278,192219.6487382,,,,,0,1,
2026-08-18T05:53:27.606+00:00,1787032407.606436,192219.6541961,8.191430699982448,sent,3,227,38,-22,0.0,0.0,192219.6536591,192219.6538169,,,,,0,1,
2026-08-18T05:53:27.606+00:00,1787032407.606436,192219.6542597,8.191494300001068,send_error,10,228,0,0,0.0,0.0,192219.6542556,,,,,,,0,robot_not_discovered
2026-08-18T05:53:27.806+00:00,1787032407.8061163,192219.8543305,8.391565099998843,send_error,1,229,0,0,0.0,0.0,192219.8542844,,,,,,,0,robot_not_discovered
2026-08-18T05:53:27.820+00:00,1787032407.8201325,192219.8675975,8.404832100000931,sent,2,230,-22,38,0.0,0.0,192219.8664726,192219.8666155,,,,,0,1,
2026-08-18T05:53:27.821+00:00,1787032407.8211176,192219.8683875,8.405622099991888,sent,3,231,-22,38,0.0,0.0,192219.8681855,192219.868272,,,,,0,1,
2026-08-18T05:53:27.821+00:00,1787032407.8211176,192219.868427,8.405661600001622,send_error,10,232,0,0,0.0,0.0,192219.8684243,,,,,,,0,robot_not_discovered
2026-08-18T05:53:28.024+00:00,1787032408.0240662,192220.0721423,8.609376899985364,send_error,1,233,0,0,0.0,0.0,192220.0721087,,,,,,,0,robot_not_discovered
2026-08-18T05:53:28.036+00:00,1787032408.0369778,192220.0850844,8.622318999987328,sent,2,234,18,32,0.0,0.0,192220.0844388,192220.0846122,,,,,0,1,
2026-08-18T05:53:28.038+00:00,1787032408.038983,192220.0863933,8.623627900000429,sent,3,235,-22,38,0.0,0.0,192220.0858166,192220.0859709,,,,,0,1,
2026-08-18T05:53:28.038+00:00,1787032408.038983,192220.0864399,8.623674500006018,send_error,10,236,0,0,0.0,0.0,192220.0864369,,,,,,,0,robot_not_discovered
2026-08-18T05:53:28.282+00:00,1787032408.2828975,192220.3302185,8.867453099985141,send_error,1,237,0,0,0.0,0.0,192220.3301516,,,,,,,0,robot_not_discovered
2026-08-18T05:53:28.517+00:00,1787032408.51704,192220.5651284,9.102362999983598,sent,2,238,22,25,0.0,0.0,192220.5642658,192220.5644932,,,,,0,1,
2026-08-18T05:53:28.519+00:00,1787032408.5190332,192220.5668629,9.104097500006901,sent,3,239,23,24,0.0,0.0,192220.5662631,192220.5664303,,,,,0,1,
2026-08-18T05:53:28.519+00:00,1787032408.5190332,192220.5669149,9.104149499995401,send_error,10,240,0,0,0.0,0.0,192220.5669097,,,,,,,0,robot_not_discovered
2026-08-18T05:53:28.716+00:00,1787032408.7169738,192220.7649776,9.302212199982023,send_error,1,241,0,0,0.0,0.0,192220.7649357,,,,,,,0,robot_not_discovered
2026-08-18T05:53:28.729+00:00,1787032408.729966,192220.7781337,9.315368299983675,sent,2,242,32,18,0.0,0.0,192220.7772518,192220.7776298,,,,,0,1,
2026-08-18T05:53:28.731+00:00,1787032408.731967,192220.7794365,9.31667109997943,sent,3,243,-18,55,0.0,0.0,192220.7788856,192220.7790325,,,,,0,1,
2026-08-18T05:53:28.731+00:00,1787032408.731967,192220.7794923,9.316726899996866,send_error,10,244,0,0,0.0,0.0,192220.779488,,,,,,,0,robot_not_discovered
2026-08-18T05:53:28.940+00:00,1787032408.9415655,192220.9887768,9.526011399982963,send_error,1,245,0,0,0.0,0.0,192220.9887494,,,,,,,0,robot_not_discovered
2026-08-18T05:53:28.955+00:00,1787032408.955564,192221.0037201,9.540954700001748,sent,2,246,32,18,0.0,0.0,192221.0027182,192221.0030258,,,,,0,1,
2026-08-18T05:53:28.957+00:00,1787032408.9575684,192221.0052802,9.542514800006757,sent,3,247,18,30,0.0,0.0,192221.0046524,192221.0047975,,,,,0,1,
2026-08-18T05:53:28.957+00:00,1787032408.9575684,192221.0053607,9.542595299979439,send_error,10,248,0,0,0.0,0.0,192221.0053553,,,,,,,0,robot_not_discovered
2026-08-18T05:53:29.131+00:00,1787032409.1316988,192221.1797785,9.717013099987525,send_error,1,249,0,0,0.0,0.0,192221.1797673,,,,,,,0,robot_not_discovered
2026-08-18T05:53:29.137+00:00,1787032409.137697,192221.1853421,9.722576700005447,sent,2,250,38,-22,0.0,0.0,192221.1851248,192221.1852327,,,,,0,1,
2026-08-18T05:53:29.137+00:00,1787032409.137697,192221.1858625,9.723097099980805,sent,3,251,18,30,0.0,0.0,192221.1857346,192221.1858013,,,,,0,1,
2026-08-18T05:53:29.137+00:00,1787032409.137697,192221.1858898,9.723124399984954,send_error,10,252,0,0,0.0,0.0,192221.1858875,,,,,,,0,robot_not_discovered
2026-08-18T05:53:29.261+00:00,1787032409.2619386,192221.309655,9.846889599983115,send_error,1,253,0,0,0.0,0.0,192221.3096442,,,,,,,0,robot_not_discovered
2026-08-18T05:53:29.265+00:00,1787032409.2658713,192221.3133703,9.850604899984319,sent,2,254,38,-22,0.0,0.0,192221.3131197,192221.3132763,,,,,0,1,
2026-08-18T05:53:29.266+00:00,1787032409.2668734,192221.3141111,9.851345699978992,sent,3,255,18,30,0.0,0.0,192221.3139261,192221.3140163,,,,,0,1,
2026-08-18T05:53:29.266+00:00,1787032409.2668734,192221.3141824,9.851416999998037,send_error,10,256,0,0,0.0,0.0,192221.3141798,,,,,,,0,robot_not_discovered
2026-08-18T05:53:29.407+00:00,1787032409.4072,192221.4547714,9.99200599998585,send_error,1,257,0,0,0.0,0.0,192221.4547599,,,,,,,0,robot_not_discovered
2026-08-18T05:53:29.411+00:00,1787032409.4111888,192221.4592045,9.996439099981217,sent,2,258,38,-22,0.0,0.0,192221.4589431,192221.459042,,,,,0,1,
2026-08-18T05:53:29.412+00:00,1787032409.4121892,192221.4598969,9.997131499985699,sent,3,259,18,29,0.0,0.0,192221.4596799,192221.4597717,,,,,0,1,
2026-08-18T05:53:29.412+00:00,1787032409.4121892,192221.459926,9.997160600003554,send_error,10,260,0,0,0.0,0.0,192221.4599235,,,,,,,0,robot_not_discovered
2026-08-18T05:53:29.541+00:00,1787032409.5413225,192221.5890928,10.126327399979346,send_error,1,261,0,0,0.0,0.0,192221.5890822,,,,,,,0,robot_not_discovered
2026-08-18T05:53:29.546+00:00,1787032409.5464635,192221.593862,10.13109660000191,sent,2,262,38,-22,0.0,0.0,192221.5936134,192221.5937161,,,,,0,1,
2026-08-18T05:53:29.546+00:00,1787032409.5464635,192221.5943311,10.131565699994098,sent,3,263,18,30,0.0,0.0,192221.5941634,192221.5942308,,,,,0,1,
2026-08-18T05:53:29.546+00:00,1787032409.5464635,192221.5943632,10.131597800005693,send_error,10,264,0,0,0.0,0.0,192221.5943606,,,,,,,0,robot_not_discovered
2026-08-18T05:53:29.691+00:00,1787032409.691848,192221.739779,10.277013599989004,send_error,1,265,0,0,0.0,0.0,192221.7397656,,,,,,,0,robot_not_discovered
2026-08-18T05:53:29.696+00:00,1787032409.6968348,192221.7440897,10.28132429998368,sent,2,266,38,-22,0.0,0.0,192221.7438357,192221.7439279,,,,,0,1,
2026-08-18T05:53:29.696+00:00,1787032409.6968348,192221.744716,10.28195059997961,sent,3,267,18,30,0.0,0.0,192221.7445712,192221.7445894,,,,,0,1,
2026-08-18T05:53:29.696+00:00,1787032409.6968348,192221.744763,10.281997599988244,send_error,10,268,0,0,0.0,0.0,192221.7447602,,,,,,,0,robot_not_discovered
2026-08-18T05:53:29.830+00:00,1787032409.8301423,192221.8782436,10.415478199982317,send_error,1,269,0,0,0.0,0.0,192221.8782329,,,,,,,0,robot_not_discovered
2026-08-18T05:53:29.834+00:00,1787032409.8341446,192221.8821625,10.419397099991329,sent,2,270,27,20,0.0,0.0,192221.8819635,192221.8820522,,,,,0,1,
2026-08-18T05:53:29.835+00:00,1787032409.8351395,192221.8826259,10.419860499998322,sent,3,271,18,30,0.0,0.0,192221.8824718,192221.8825364,,,,,0,1,
2026-08-18T05:53:29.835+00:00,1787032409.8351395,192221.8826528,10.419887399999425,send_error,10,272,0,0,0.0,0.0,192221.8826504,,,,,,,0,robot_not_discovered
2026-08-18T05:53:29.974+00:00,1787032409.9747288,192222.0227987,10.5600332999893,send_error,1,273,0,0,0.0,0.0,192222.0227692,,,,,,,0,robot_not_discovered
2026-08-18T05:53:29.985+00:00,1787032409.985731,192222.0332845,10.570519100001547,sent,2,274,27,20,0.0,0.0,192222.032692,192222.0329697,,,,,0,1,
2026-08-18T05:53:29.986+00:00,1787032409.9867256,192222.0344192,10.571653799997875,sent,3,275,18,30,0.0,0.0,192222.0340754,192222.0342309,,,,,0,1,
2026-08-18T05:53:29.986+00:00,1787032409.9867256,192222.0345123,10.571746899979189,send_error,10,276,0,0,0.0,0.0,192222.0345079,,,,,,,0,robot_not_discovered
2026-08-18T05:53:30.123+00:00,1787032410.1230125,192222.1708248,10.708059399999911,send_error,1,277,0,0,0.0,0.0,192222.1708143,,,,,,,0,robot_not_discovered
2026-08-18T05:53:30.126+00:00,1787032410.1268637,192222.174984,10.712218600005144,sent,2,278,20,27,0.0,0.0,192222.1745349,192222.1747381,,,,,0,1,
2026-08-18T05:53:30.128+00:00,1787032410.1288729,192222.1760975,10.713332099985564,sent,3,279,-22,38,0.0,0.0,192222.1757704,192222.1760104,,,,,0,1,
2026-08-18T05:53:30.128+00:00,1787032410.1288729,192222.1761759,10.713410500000464,send_error,10,280,0,0,0.0,0.0,192222.1761702,,,,,,,0,robot_not_discovered
2026-08-18T05:53:30.259+00:00,1787032410.2593417,192222.3071435,10.844378099980531,send_error,1,281,0,0,0.0,0.0,192222.3071319,,,,,,,0,robot_not_discovered
2026-08-18T05:53:30.263+00:00,1787032410.263342,192222.3111641,10.848398700007237,sent,2,282,18,32,0.0,0.0,192222.3109772,192222.311068,,,,,0,1,
2026-08-18T05:53:30.264+00:00,1787032410.2643442,192222.3116459,10.848880499979714,sent,3,283,-22,38,0.0,0.0,192222.3115146,192222.3115824,,,,,0,1,
2026-08-18T05:53:30.264+00:00,1787032410.2643442,192222.3116745,10.848909099993762,send_error,10,284,0,0,0.0,0.0,192222.3116722,,,,,,,0,robot_not_discovered
2026-08-18T05:53:30.401+00:00,1787032410.4011219,192222.4486582,10.985892800003057,send_error,1,285,0,0,0.0,0.0,192222.4486273,,,,,,,0,robot_not_discovered
2026-08-18T05:53:30.404+00:00,1787032410.404484,192222.4523106,10.989545199990971,sent,2,286,20,27,0.0,0.0,192222.4520555,192222.4521241,,,,,0,1,
2026-08-18T05:53:30.405+00:00,1787032410.4054976,192222.4529835,10.99021809999249,sent,3,287,-22,38,0.0,0.0,192222.4527891,192222.4528752,,,,,0,1,
2026-08-18T05:53:30.405+00:00,1787032410.4054976,192222.4530107,10.990245299995877,send_error,10,288,0,0,0.0,0.0,192222.4530083,,,,,,,0,robot_not_discovered
2026-08-18T05:53:30.542+00:00,1787032410.542552,192222.590008,11.127242599992314,send_error,1,289,0,0,0.0,0.0,192222.5899979,,,,,,,0,robot_not_discovered
2026-08-18T05:53:30.546+00:00,1787032410.5469868,192222.5948242,11.132058799994411,sent,2,290,18,32,0.0,0.0,192222.594564,192222.5946535,,,,,0,1,
2026-08-18T05:53:30.547+00:00,1787032410.5479934,192222.5953296,11.13256420000107,sent,3,291,-22,38,0.0,0.0,192222.595187,192222.5952466,,,,,0,1,
2026-08-18T05:53:30.547+00:00,1787032410.5479934,192222.5953596,11.132594199996674,send_error,10,292,0,0,0.0,0.0,192222.5953573,,,,,,,0,robot_not_discovered
2026-08-18T05:53:30.681+00:00,1787032410.6810594,192222.7287138,11.265948399988702,send_error,1,293,0,0,0.0,0.0,192222.7287033,,,,,,,0,robot_not_discovered
2026-08-18T05:53:30.685+00:00,1787032410.6850693,192222.7326798,11.26991440000711,sent,2,294,19,28,0.0,0.0,192222.7323906,192222.732512,,,,,0,1,
2026-08-18T05:53:30.685+00:00,1787032410.6850693,192222.7332328,11.27046739999787,sent,3,295,29,18,0.0,0.0,192222.7330554,192222.7331274,,,,,0,1,
2026-08-18T05:53:30.685+00:00,1787032410.6850693,192222.733268,11.270502600003965,send_error,10,296,0,0,0.0,0.0,192222.733264,,,,,,,0,robot_not_discovered
2026-08-18T05:53:30.828+00:00,1787032410.8283718,192222.8756475,11.412882100004936,send_error,1,297,0,0,0.0,0.0,192222.8756371,,,,,,,0,robot_not_discovered
2026-08-18T05:53:30.832+00:00,1787032410.8323693,192222.8796544,11.416888999985531,sent,2,298,19,28,0.0,0.0,192222.8794333,192222.8794645,,,,,0,1,
2026-08-18T05:53:30.832+00:00,1787032410.8323693,192222.8801789,11.417413499992108,sent,3,299,29,18,0.0,0.0,192222.8800002,192222.8800766,,,,,0,1,
2026-08-18T05:53:30.832+00:00,1787032410.8323693,192222.8802082,11.417442799982382,send_error,10,300,0,0,0.0,0.0,192222.8802055,,,,,,,0,robot_not_discovered
2026-08-18T05:53:30.973+00:00,1787032410.9734113,192223.0211294,11.5583639999968,send_error,1,301,0,0,0.0,0.0,192223.0211187,,,,,,,0,robot_not_discovered
2026-08-18T05:53:30.978+00:00,1787032410.9781704,192223.0256696,11.562904199992772,sent,2,302,18,29,0.0,0.0,192223.0252574,192223.0253585,,,,,0,1,
2026-08-18T05:53:30.978+00:00,1787032410.9791706,192223.0263491,11.563583699986339,sent,3,303,23,24,0.0,0.0,192223.0261642,192223.0262427,,,,,0,1,
2026-08-18T05:53:30.979+00:00,1787032410.9791706,192223.0264378,11.563672399992356,send_error,10,304,0,0,0.0,0.0,192223.0264347,,,,,,,0,robot_not_discovered
2026-08-18T05:53:31.106+00:00,1787032411.1060226,192223.1540652,11.691299800004344,send_error,1,305,0,0,0.0,0.0,192223.1540403,,,,,,,0,robot_not_discovered
2026-08-18T05:53:31.110+00:00,1787032411.11097,192223.158272,11.695506599993678,sent,2,306,19,28,0.0,0.0,192223.1579903,192223.1580816,,,,,0,1,
2026-08-18T05:53:31.110+00:00,1787032411.11097,192223.1588194,11.696054000000004,sent,3,307,28,19,0.0,0.0,192223.1586544,192223.1587339,,,,,0,1,
2026-08-18T05:53:31.110+00:00,1787032411.11097,192223.1588501,11.696084700000938,send_error,10,308,0,0,0.0,0.0,192223.1588475,,,,,,,0,robot_not_discovered
2026-08-18T05:53:31.250+00:00,1787032411.2509413,192223.2982631,11.835497699998086,send_error,1,309,0,0,0.0,0.0,192223.2982509,,,,,,,0,robot_not_discovered
2026-08-18T05:53:31.254+00:00,1787032411.254149,192223.3021782,11.839412800007267,sent,2,310,20,27,0.0,0.0,192223.3019895,192223.3020097,,,,,0,1,
2026-08-18T05:53:31.255+00:00,1787032411.2551405,192223.3027029,11.839937499986263,sent,3,311,26,21,0.0,0.0,192223.3025171,192223.3025952,,,,,0,1,
2026-08-18T05:53:31.255+00:00,1787032411.2551405,192223.3027335,11.839968099986436,send_error,10,312,0,0,0.0,0.0,192223.302731,,,,,,,0,robot_not_discovered
2026-08-18T05:53:31.390+00:00,1787032411.3908205,192223.4385711,11.97580569999991,send_error,1,313,0,0,0.0,0.0,192223.4385333,,,,,,,0,robot_not_discovered
2026-08-18T05:53:31.395+00:00,1787032411.3958642,192223.4431282,11.980362799979048,sent,2,314,20,27,0.0,0.0,192223.4428546,192223.4430343,,,,,0,1,
2026-08-18T05:53:31.395+00:00,1787032411.3958642,192223.4435911,11.980825699982233,sent,3,315,24,23,0.0,0.0,192223.4434538,192223.4435359,,,,,0,1,
2026-08-18T05:53:31.395+00:00,1787032411.3958642,192223.4436217,11.980856299982406,send_error,10,316,0,0,0.0,0.0,192223.4436193,,,,,,,0,robot_not_discovered
2026-08-18T05:53:31.530+00:00,1787032411.5300405,192223.577769,12.115003599988995,send_error,1,317,0,0,0.0,0.0,192223.5777566,,,,,,,0,robot_not_discovered
2026-08-18T05:53:31.535+00:00,1787032411.5350466,192223.5828654,12.120100000000093,sent,2,318,20,27,0.0,0.0,192223.5826201,192223.5827279,,,,,0,1,
2026-08-18T05:53:31.536+00:00,1787032411.5360394,192223.5833138,12.12054839998018,sent,3,319,25,22,0.0,0.0,192223.5831747,192223.5832384,,,,,0,1,
2026-08-18T05:53:31.536+00:00,1787032411.5360394,192223.5833402,12.12057480000658,send_error,10,320,0,0,0.0,0.0,192223.5833379,,,,,,,0,robot_not_discovered
2026-08-18T05:53:31.670+00:00,1787032411.6708045,192223.7182128,12.255447400006233,send_error,1,321,0,0,0.0,0.0,192223.7182023,,,,,,,0,robot_not_discovered
2026-08-18T05:53:31.674+00:00,1787032411.6747963,192223.722669,12.259903600002872,sent,2,322,19,28,0.0,0.0,192223.7224226,192223.7225072,,,,,0,1,
2026-08-18T05:53:31.675+00:00,1787032411.6757915,192223.7235422,12.26077679998707,sent,3,323,23,24,0.0,0.0,192223.7232716,192223.7233494,,,,,0,1,
2026-08-18T05:53:31.675+00:00,1787032411.6757915,192223.7235751,12.260809700004756,send_error,10,324,0,0,0.0,0.0,192223.7235726,,,,,,,0,robot_not_discovered
2026-08-18T05:53:31.810+00:00,1787032411.810128,192223.8575278,12.394762399984756,send_error,1,325,0,0,0.0,0.0,192223.8575178,,,,,,,0,robot_not_discovered
2026-08-18T05:53:31.814+00:00,1787032411.8141289,192223.8616597,12.398894299985841,sent,2,326,19,28,0.0,0.0,192223.8614471,192223.8615382,,,,,0,1,
2026-08-18T05:53:31.815+00:00,1787032411.81513,192223.862486,12.39972059999127,sent,3,327,23,24,0.0,0.0,192223.8622185,192223.8623403,,,,,0,1,
2026-08-18T05:53:31.815+00:00,1787032411.81513,192223.8625196,12.399754199985182,send_error,10,328,0,0,0.0,0.0,192223.862517,,,,,,,0,robot_not_discovered
2026-08-18T05:53:31.943+00:00,1787032411.9434977,192223.9906756,12.527910200005863,send_error,1,329,0,0,0.0,0.0,192223.9906464,,,,,,,0,robot_not_discovered
2026-08-18T05:53:31.948+00:00,1787032411.9485002,192223.9964544,12.533689000003505,sent,2,330,19,28,0.0,0.0,192223.996007,192223.9960324,,,,,0,1,
2026-08-18T05:53:31.949+00:00,1787032411.949497,192223.9971061,12.534340699989116,sent,3,331,23,24,0.0,0.0,192223.9968767,192223.996961,,,,,0,1,
2026-08-18T05:53:31.949+00:00,1787032411.949497,192223.997147,12.534381599980406,send_error,10,332,0,0,0.0,0.0,192223.9971443,,,,,,,0,robot_not_discovered
2026-08-18T05:53:32.080+00:00,1787032412.080661,192224.1281329,12.665367499983404,send_error,1,333,0,0,0.0,0.0,192224.128122,,,,,,,0,robot_not_discovered
2026-08-18T05:53:32.089+00:00,1787032412.0893998,192224.1374636,12.674698199989507,sent,2,334,19,28,0.0,0.0,192224.1371614,192224.1372612,,,,,0,1,
2026-08-18T05:53:32.090+00:00,1787032412.0904005,192224.1383928,12.675627399992663,sent,3,335,22,25,0.0,0.0,192224.137973,192224.1380824,,,,,0,1,
2026-08-18T05:53:32.090+00:00,1787032412.0904005,192224.1384544,12.675688999996055,send_error,10,336,0,0,0.0,0.0,192224.1384515,,,,,,,0,robot_not_discovered
2026-08-18T05:53:32.241+00:00,1787032412.2412515,192224.288509,12.825743599998532,send_error,1,337,0,0,0.0,0.0,192224.2884977,,,,,,,0,robot_not_discovered
2026-08-18T05:53:32.245+00:00,1787032412.2453005,192224.2926025,12.829837099998258,sent,2,338,19,28,0.0,0.0,192224.2920955,192224.2922342,,,,,0,1,
2026-08-18T05:53:32.246+00:00,1787032412.246311,192224.2935907,12.830825299985008,sent,3,339,23,24,0.0,0.0,192224.2932992,192224.2934624,,,,,0,1,
2026-08-18T05:53:32.246+00:00,1787032412.246311,192224.2936243,12.83085889997892,send_error,10,340,0,0,0.0,0.0,192224.2936218,,,,,,,0,robot_not_discovered
2026-08-18T05:53:32.388+00:00,1787032412.3887746,192224.4361392,12.97337379999226,send_error,1,341,0,0,0.0,0.0,192224.4361209,,,,,,,0,robot_not_discovered
2026-08-18T05:53:32.393+00:00,1787032412.393408,192224.4406208,12.97785539997858,sent,2,342,19,28,0.0,0.0,192224.4404691,192224.4404879,,,,,0,1,
2026-08-18T05:53:32.393+00:00,1787032412.3939142,192224.4411859,12.978420500003267,sent,3,343,22,25,0.0,0.0,192224.4409887,192224.4410749,,,,,0,1,
2026-08-18T05:53:32.393+00:00,1787032412.3939142,192224.441218,12.978452599985758,send_error,10,344,0,0,0.0,0.0,192224.4412155,,,,,,,0,robot_not_discovered
2026-08-18T05:53:32.551+00:00,1787032412.5512767,192224.599352,13.136586599983275,send_error,1,345,0,0,0.0,0.0,192224.5993286,,,,,,,0,robot_not_discovered
2026-08-18T05:53:32.556+00:00,1787032412.5562768,192224.6041447,13.141379299981054,sent,2,346,18,32,0.0,0.0,192224.6038861,192224.6039701,,,,,0,1,
2026-08-18T05:53:32.557+00:00,1787032412.5572793,192224.6046737,13.141908299992792,sent,3,347,18,30,0.0,0.0,192224.604464,192224.6045558,,,,,0,1,
2026-08-18T05:53:32.557+00:00,1787032412.5572793,192224.6047009,13.14193549999618,send_error,10,348,0,0,0.0,0.0,192224.6046985,,,,,,,0,robot_not_discovered
2026-08-18T05:53:32.699+00:00,1787032412.699634,192224.7474443,13.2846789000032,send_error,1,349,0,0,0.0,0.0,192224.7474343,,,,,,,0,robot_not_discovered
2026-08-18T05:53:32.704+00:00,1787032412.7046235,192224.7526109,13.289845499995863,sent,2,350,-22,38,0.0,0.0,192224.7523658,192224.7523986,,,,,0,1,
2026-08-18T05:53:32.705+00:00,1787032412.7056239,192224.7535076,13.29074219998438,sent,3,351,18,36,0.0,0.0,192224.7532166,192224.7534127,,,,,0,1,
2026-08-18T05:53:32.705+00:00,1787032412.7056239,192224.7535403,13.290774900000542,send_error,10,352,0,0,0.0,0.0,192224.7535379,,,,,,,0,robot_not_discovered
2026-08-18T05:53:32.847+00:00,1787032412.84741,192224.8948742,13.432108799985144,send_error,1,353,0,0,0.0,0.0,192224.8948642,,,,,,,0,robot_not_discovered
2026-08-18T05:53:32.851+00:00,1787032412.851414,192224.8993518,13.436586399999214,sent,2,354,-22,38,0.0,0.0,192224.899034,192224.8991649,,,,,0,1,
2026-08-18T05:53:32.852+00:00,1787032412.8524072,192224.8998414,13.43707600000198,sent,3,355,-22,38,0.0,0.0,192224.899665,192224.899733,,,,,0,1,
2026-08-18T05:53:32.852+00:00,1787032412.8524072,192224.8998701,13.437104699987685,send_error,10,356,0,0,0.0,0.0,192224.8998677,,,,,,,0,robot_not_discovered
2026-08-18T05:53:32.995+00:00,1787032412.9956708,192225.0434989,13.58073349998449,send_error,1,357,0,0,0.0,0.0,192225.0434845,,,,,,,0,robot_not_discovered
2026-08-18T05:53:33.001+00:00,1787032413.0016704,192225.0493695,13.586604099982651,sent,2,358,-22,38,0.0,0.0,192225.0487262,192225.0488491,,,,,0,1,
2026-08-18T05:53:33.002+00:00,1787032413.0026724,192225.050316,13.587550600001123,sent,3,359,-22,38,0.0,0.0,192225.0500536,192225.0501662,,,,,0,1,
2026-08-18T05:53:33.002+00:00,1787032413.0026724,192225.0503597,13.58759429998463,send_error,10,360,0,0,0.0,0.0,192225.0503557,,,,,,,0,robot_not_discovered
2026-08-18T05:53:33.140+00:00,1787032413.1407714,192225.1886087,13.725843299995176,send_error,1,361,0,0,0.0,0.0,192225.1885779,,,,,,,0,robot_not_discovered
2026-08-18T05:53:33.144+00:00,1787032413.1447778,192225.192718,13.729952599998796,sent,2,362,-27,43,0.0,0.0,192225.1925416,192225.1926079,,,,,0,1,
2026-08-18T05:53:33.145+00:00,1787032413.1457782,192225.1933664,13.730600999988383,sent,3,363,-27,43,0.0,0.0,192225.1932373,192225.1933032,,,,,0,1,
2026-08-18T05:53:33.145+00:00,1787032413.1457782,192225.1933924,13.730626999982633,send_error,10,364,0,0,0.0,0.0,192225.1933898,,,,,,,0,robot_not_discovered
2026-08-18T05:53:33.285+00:00,1787032413.285484,192225.3327917,13.870026299991878,send_error,1,365,0,0,0.0,0.0,192225.3327814,,,,,,,0,robot_not_discovered
2026-08-18T05:53:33.288+00:00,1787032413.288548,192225.3365732,13.873807800002396,sent,2,366,-22,38,0.0,0.0,192225.3362932,192225.3364047,,,,,0,1,
2026-08-18T05:53:33.289+00:00,1787032413.2894824,192225.3371932,13.874427799979458,sent,3,367,-22,38,0.0,0.0,192225.3370375,192225.3371008,,,,,0,1,
2026-08-18T05:53:33.289+00:00,1787032413.2894824,192225.3372206,13.874455199984368,send_error,10,368,0,0,0.0,0.0,192225.3372182,,,,,,,0,robot_not_discovered
2026-08-18T05:53:33.423+00:00,1787032413.4239857,192225.4711637,14.00839829997858,send_error,1,369,0,0,0.0,0.0,192225.4711512,,,,,,,0,robot_not_discovered
2026-08-18T05:53:33.428+00:00,1787032413.4281697,192225.4760346,14.013269199989736,sent,2,370,-22,38,0.0,0.0,192225.4759012,192225.4759202,,,,,0,1,
2026-08-18T05:53:33.429+00:00,1787032413.4291754,192225.476496,14.0137305999815,sent,3,371,-22,38,0.0,0.0,192225.4763528,192225.4763673,,,,,0,1,
2026-08-18T05:53:33.429+00:00,1787032413.4291754,192225.4765296,14.013764200004516,send_error,10,372,0,0,0.0,0.0,192225.4765269,,,,,,,0,robot_not_discovered
2026-08-18T05:53:33.559+00:00,1787032413.5592082,192225.6072225,14.144457099988358,send_error,1,373,0,0,0.0,0.0,192225.6072118,,,,,,,0,robot_not_discovered
2026-08-18T05:53:33.563+00:00,1787032413.5632083,192225.6104714,14.14770599998883,sent,2,374,-22,38,0.0,0.0,192225.6102899,192225.6103754,,,,,0,1,
2026-08-18T05:53:33.563+00:00,1787032413.5632083,192225.610893,14.148127599997679,sent,3,375,-22,38,0.0,0.0,192225.6107641,192225.6108308,,,,,0,1,
2026-08-18T05:53:33.563+00:00,1787032413.5632083,192225.6109217,14.148156299983384,send_error,10,376,0,0,0.0,0.0,192225.6109194,,,,,,,0,robot_not_discovered
2026-08-18T05:53:33.703+00:00,1787032413.7038772,192225.7514155,14.288650100002997,send_error,1,377,0,0,0.0,0.0,192225.7514037,,,,,,,0,robot_not_discovered
2026-08-18T05:53:33.707+00:00,1787032413.7078583,192225.7555092,14.292743800004246,sent,2,378,-22,38,0.0,0.0,192225.755267,192225.7553611,,,,,0,1,
2026-08-18T05:53:33.708+00:00,1787032413.7088604,192225.7560622,14.293296799995005,sent,3,379,38,-22,0.0,0.0,192225.755879,192225.7559757,,,,,0,1,
2026-08-18T05:53:33.708+00:00,1787032413.7088604,192225.7560915,14.29332609998528,send_error,10,380,0,0,0.0,0.0,192225.7560888,,,,,,,0,robot_not_discovered
2026-08-18T05:53:33.838+00:00,1787032413.8387067,192225.8860231,14.423257699992973,send_error,1,381,0,0,0.0,0.0,192225.8860116,,,,,,,0,robot_not_discovered
2026-08-18T05:53:33.842+00:00,1787032413.8427207,192225.8907795,14.428014100005385,sent,2,382,-22,38,0.0,0.0,192225.8905246,192225.8906127,,,,,0,1,
2026-08-18T05:53:33.843+00:00,1787032413.843703,192225.8913064,14.428541000001132,sent,3,383,-22,38,0.0,0.0,192225.8911574,192225.8912113,,,,,0,1,
2026-08-18T05:53:33.843+00:00,1787032413.843703,192225.8913342,14.428568799979985,send_error,10,384,0,0,0.0,0.0,192225.8913316,,,,,,,0,robot_not_discovered
2026-08-18T05:53:33.979+00:00,1787032413.9795172,192226.0267109,14.563945500005502,send_error,1,385,0,0,0.0,0.0,192226.0266944,,,,,,,0,robot_not_discovered
2026-08-18T05:53:33.985+00:00,1787032413.9855115,192226.0328186,14.570053200004622,sent,2,386,-22,38,0.0,0.0,192226.0325277,192226.032646,,,,,0,1,
2026-08-18T05:53:33.985+00:00,1787032413.9855115,192226.03351,14.57074460000149,sent,3,387,-22,38,0.0,0.0,192226.0333096,192226.0334069,,,,,0,1,
2026-08-18T05:53:33.985+00:00,1787032413.9855115,192226.033557,14.570791599981021,send_error,10,388,0,0,0.0,0.0,192226.0335529,,,,,,,0,robot_not_discovered
2026-08-18T05:53:34.111+00:00,1787032414.1113782,192226.1586629,14.695897500001593,send_error,1,389,0,0,0.0,0.0,192226.1586425,,,,,,,0,robot_not_discovered
2026-08-18T05:53:34.115+00:00,1787032414.1153734,192226.1631886,14.70042320000357,sent,2,390,-22,38,0.0,0.0,192226.1629141,192226.1629422,,,,,0,1,
2026-08-18T05:53:34.116+00:00,1787032414.1163754,192226.1636746,14.700909199978923,sent,3,391,27,26,0.0,0.0,192226.1635203,192226.1635853,,,,,0,1,
2026-08-18T05:53:34.116+00:00,1787032414.1163754,192226.163703,14.700937599991448,send_error,10,392,0,0,0.0,0.0,192226.1637004,,,,,,,0,robot_not_discovered
2026-08-18T05:53:34.251+00:00,1787032414.251967,192226.2991078,14.836342399998102,send_error,1,393,0,0,0.0,0.0,192226.2990945,,,,,,,0,robot_not_discovered
2026-08-18T05:53:34.254+00:00,1787032414.254976,192226.302996,14.84023060000618,sent,2,394,-22,38,0.0,0.0,192226.3027471,192226.3028261,,,,,0,1,
2026-08-18T05:53:34.255+00:00,1787032414.2559714,192226.3035161,14.840750699979253,sent,3,395,41,28,0.0,0.0,192226.3033479,192226.3034133,,,,,0,1,
2026-08-18T05:53:34.255+00:00,1787032414.2559714,192226.3035464,14.840781000006245,send_error,10,396,0,0,0.0,0.0,192226.3035441,,,,,,,0,robot_not_discovered
2026-08-18T05:53:34.392+00:00,1787032414.3923006,192226.440123,14.977357600000687,send_error,1,397,0,0,0.0,0.0,192226.4401039,,,,,,,0,robot_not_discovered
2026-08-18T05:53:34.396+00:00,1787032414.3960192,192226.4437368,14.98097139998572,sent,2,398,-22,38,0.0,0.0,192226.4435563,192226.4436346,,,,,0,1,
2026-08-18T05:53:34.397+00:00,1787032414.397034,192226.444275,14.9815095999802,sent,3,399,37,32,0.0,0.0,192226.4440991,192226.4441162,,,,,0,1,
2026-08-18T05:53:34.397+00:00,1787032414.397034,192226.4443182,14.981552799989004,send_error,10,400,0,0,0.0,0.0,192226.4443154,,,,,,,0,robot_not_discovered
2026-08-18T05:53:34.533+00:00,1787032414.5338972,192226.5813512,15.118585799995344,send_error,1,401,0,0,0.0,0.0,192226.5813426,,,,,,,0,robot_not_discovered
2026-08-18T05:53:34.537+00:00,1787032414.537896,192226.5854285,15.12266309998813,sent,2,402,27,29,0.0,0.0,192226.585155,192226.5851736,,,,,0,1,
2026-08-18T05:53:34.537+00:00,1787032414.537896,192226.5859596,15.123194199986756,sent,3,403,38,31,0.0,0.0,192226.5857768,192226.5858495,,,,,0,1,
2026-08-18T05:53:34.538+00:00,1787032414.5389016,192226.5860079,15.12324250000529,send_error,10,404,0,0,0.0,0.0,192226.5860054,,,,,,,0,robot_not_discovered
2026-08-18T05:53:34.674+00:00,1787032414.6740751,192226.721343,15.258577600005083,send_error,1,405,0,0,0.0,0.0,192226.7213338,,,,,,,0,robot_not_discovered
2026-08-18T05:53:34.677+00:00,1787032414.6778994,192226.7256088,15.262843400007114,sent,2,406,35,34,0.0,0.0,192226.7253497,192226.7254445,,,,,0,1,
2026-08-18T05:53:34.678+00:00,1787032414.678905,192226.7262435,15.263478099979693,sent,3,407,36,33,0.0,0.0,192226.7260231,192226.726131,,,,,0,1,
2026-08-18T05:53:34.678+00:00,1787032414.678905,192226.7262751,15.26350969998748,send_error,10,408,0,0,0.0,0.0,192226.7262728,,,,,,,0,robot_not_discovered
2026-08-18T05:53:34.812+00:00,1787032414.8128827,192226.8606136,15.397848199994769,send_error,1,409,0,0,0.0,0.0,192226.8606029,,,,,,,0,robot_not_discovered
2026-08-18T05:53:34.816+00:00,1787032414.8168826,192226.8648005,15.402035100007197,sent,2,410,36,33,0.0,0.0,192226.8646088,192226.8646279,,,,,0,1,
2026-08-18T05:53:34.817+00:00,1787032414.8178833,192226.8653238,15.402558400004636,sent,3,411,36,33,0.0,0.0,192226.8651564,192226.8652411,,,,,0,1,
2026-08-18T05:53:34.817+00:00,1787032414.8178833,192226.8653578,15.402592400001595,send_error,10,412,0,0,0.0,0.0,192226.8653541,,,,,,,0,robot_not_discovered
2026-08-18T05:53:34.954+00:00,1787032414.9540186,192227.0017827,15.53901730000507,send_error,1,413,0,0,0.0,0.0,192227.0017702,,,,,,,0,robot_not_discovered
2026-08-18T05:53:34.960+00:00,1787032414.9600184,192227.0080262,15.545260799990501,sent,2,414,37,32,0.0,0.0,192227.0075603,192227.0077384,,,,,0,1,
2026-08-18T05:53:34.962+00:00,1787032414.9620264,192227.0096001,15.546834699984174,sent,3,415,36,33,0.0,0.0,192227.0093118,192227.0094878,,,,,0,1,
2026-08-18T05:53:34.962+00:00,1787032414.9620264,192227.0096376,15.54687219997868,send_error,10,416,0,0,0.0,0.0,192227.0096349,,,,,,,0,robot_not_discovered
2026-08-18T05:53:35.094+00:00,1787032415.094178,192227.1420498,15.6792843999865,send_error,1,417,0,0,0.0,0.0,192227.1420292,,,,,,,0,robot_not_discovered
2026-08-18T05:53:35.100+00:00,1787032415.100583,192227.1484567,15.685691299993778,sent,2,418,36,33,0.0,0.0,192227.1481368,192227.1482841,,,,,0,1,
2026-08-18T05:53:35.101+00:00,1787032415.1015787,192227.1491239,15.686358499980997,sent,3,419,36,33,0.0,0.0,192227.1489279,192227.1490245,,,,,0,1,
2026-08-18T05:53:35.101+00:00,1787032415.1015787,192227.1491561,15.686390699993353,send_error,10,420,0,0,0.0,0.0,192227.1491534,,,,,,,0,robot_not_discovered
2026-08-18T05:53:35.236+00:00,1787032415.2364397,192227.2839188,15.821153400000185,send_error,1,421,0,0,0.0,0.0,192227.2839093,,,,,,,0,robot_not_discovered
2026-08-18T05:53:35.240+00:00,1787032415.2404382,192227.2881239,15.825358500005677,sent,2,422,33,36,0.0,0.0,192227.2878307,192227.2879514,,,,,0,1,
2026-08-18T05:53:35.241+00:00,1787032415.2414393,192227.2886505,15.825885099999141,sent,3,423,33,36,0.0,0.0,192227.2884804,192227.2885573,,,,,0,1,
2026-08-18T05:53:35.241+00:00,1787032415.2414393,192227.2886776,15.825912200001767,send_error,10,424,0,0,0.0,0.0,192227.2886753,,,,,,,0,robot_not_discovered
2026-08-18T05:53:35.372+00:00,1787032415.3729553,192227.4203093,15.957543900003657,send_error,1,425,0,0,0.0,0.0,192227.4202988,,,,,,,0,robot_not_discovered
2026-08-18T05:53:35.376+00:00,1787032415.3769698,192227.424972,15.962206600001082,sent,2,426,30,39,0.0,0.0,192227.4246051,192227.4247505,,,,,0,1,
2026-08-18T05:53:35.377+00:00,1787032415.3779573,192227.4255474,15.962781999987783,sent,3,427,30,39,0.0,0.0,192227.4253969,192227.4254598,,,,,0,1,
2026-08-18T05:53:35.377+00:00,1787032415.3779573,192227.4255769,15.96281149997958,send_error,10,428,0,0,0.0,0.0,192227.4255745,,,,,,,0,robot_not_discovered
2026-08-18T05:53:35.504+00:00,1787032415.5042815,192227.5519409,16.089175500004785,send_error,1,429,0,0,0.0,0.0,192227.5519314,,,,,,,0,robot_not_discovered
2026-08-18T05:53:35.509+00:00,1787032415.509301,192227.5567485,16.093983099999605,sent,2,430,32,37,0.0,0.0,192227.5564065,192227.5565407,,,,,0,1,
2026-08-18T05:53:35.509+00:00,1787032415.509301,192227.5572747,16.094509299990023,sent,3,431,30,39,0.0,0.0,192227.557095,192227.5571836,,,,,0,1,
2026-08-18T05:53:35.509+00:00,1787032415.509301,192227.5573015,16.094536099990364,send_error,10,432,0,0,0.0,0.0,192227.5572993,,,,,,,0,robot_not_discovered
2026-08-18T05:53:35.626+00:00,1787032415.6263824,192227.682904,16.22013859997969,send_error,1,433,0,0,0.0,0.0,192227.682893,,,,,,,0,robot_not_discovered
2026-08-18T05:53:35.626+00:00,1787032415.6263824,192227.687024,16.22425860000658,sent,2,434,32,37,0.0,0.0,192227.6867776,192227.6868651,,,,,0,1,
2026-08-18T05:53:35.626+00:00,1787032415.6263824,192227.6877899,16.22502449998865,sent,3,435,32,37,0.0,0.0,192227.6874494,192227.6875934,,,,,0,1,
2026-08-18T05:53:35.626+00:00,1787032415.6263824,192227.6878656,16.22510019998299,send_error,10,436,0,0,0.0,0.0,192227.6878628,,,,,,,0,robot_not_discovered
2026-08-18T05:53:35.773+00:00,1787032415.7730758,192227.8203398,16.357574399997247,send_error,1,437,0,0,0.0,0.0,192227.8203259,,,,,,,0,robot_not_discovered
2026-08-18T05:53:35.776+00:00,1787032415.7760758,192227.8237728,16.361007400002563,sent,2,438,31,38,0.0,0.0,192227.8235289,192227.8236136,,,,,0,1,
2026-08-18T05:53:35.777+00:00,1787032415.7770696,192227.8242909,16.36152549998951,sent,3,439,32,37,0.0,0.0,192227.8241293,192227.8242013,,,,,0,1,
2026-08-18T05:53:35.777+00:00,1787032415.7770696,192227.8243189,16.36155349999899,send_error,10,440,0,0,0.0,0.0,192227.8243166,,,,,,,0,robot_not_discovered
2026-08-18T05:53:35.909+00:00,1787032415.909857,192227.9570135,16.49424810000346,send_error,1,441,0,0,0.0,0.0,192227.9570031,,,,,,,0,robot_not_discovered
2026-08-18T05:53:35.913+00:00,1787032415.9138608,192227.9615325,16.498767099983525,sent,2,442,31,38,0.0,0.0,192227.9612323,192227.9613443,,,,,0,1,
2026-08-18T05:53:35.914+00:00,1787032415.9148543,192227.9622682,16.499502799997572,sent,3,443,32,37,0.0,0.0,192227.962044,192227.9621552,,,,,0,1,
2026-08-18T05:53:35.914+00:00,1787032415.9148543,192227.9623086,16.499543199985055,send_error,10,444,0,0,0.0,0.0,192227.962306,,,,,,,0,robot_not_discovered
2026-08-18T05:53:36.077+00:00,1787032416.0772736,192228.1251569,16.662391499994555,send_error,1,445,0,0,0.0,0.0,192228.1251461,,,,,,,0,robot_not_discovered
2026-08-18T05:53:36.087+00:00,1787032416.0871978,192228.1351154,16.672349999978906,sent,2,446,31,38,0.0,0.0,192228.1346388,192228.1347767,,,,,0,1,
2026-08-18T05:53:36.088+00:00,1787032416.0881965,192228.1357708,16.67300539999269,sent,3,447,32,37,0.0,0.0,192228.1355987,192228.1356704,,,,,0,1,
2026-08-18T05:53:36.088+00:00,1787032416.0881965,192228.1358008,16.673035399988294,send_error,10,448,0,0,0.0,0.0,192228.1357981,,,,,,,0,robot_not_discovered
2026-08-18T05:53:36.222+00:00,1787032416.2227497,192228.2705796,16.807814200001303,send_error,1,449,0,0,0.0,0.0,192228.2705663,,,,,,,0,robot_not_discovered
2026-08-18T05:53:36.235+00:00,1787032416.235687,192228.2829233,16.820157899986953,sent,2,450,32,37,0.0,0.0,192228.2826688,192228.2827622,,,,,0,1,
2026-08-18T05:53:36.235+00:00,1787032416.235687,192228.2834742,16.820708799990825,sent,3,451,32,37,0.0,0.0,192228.2833146,192228.2833782,,,,,0,1,
2026-08-18T05:53:36.235+00:00,1787032416.235687,192228.2835126,16.820747199992184,send_error,10,452,0,0,0.0,0.0,192228.2835098,,,,,,,0,robot_not_discovered
2026-08-18T05:53:36.366+00:00,1787032416.366962,192228.414358,16.951592600002186,send_error,1,453,0,0,0.0,0.0,192228.4143476,,,,,,,0,robot_not_discovered
2026-08-18T05:53:36.371+00:00,1787032416.3719642,192228.4191433,16.956377900001826,sent,2,454,32,37,0.0,0.0,192228.4182501,192228.4184982,,,,,0,1,
2026-08-18T05:53:36.371+00:00,1787032416.3719642,192228.4199693,16.95720390000497,sent,3,455,31,38,0.0,0.0,192228.4197948,192228.4198711,,,,,0,1,
2026-08-18T05:53:36.372+00:00,1787032416.37296,192228.4200093,16.957243899989408,send_error,10,456,0,0,0.0,0.0,192228.4200068,,,,,,,0,robot_not_discovered
2026-08-18T05:53:36.511+00:00,1787032416.5110266,192228.5586674,17.095902000000933,send_error,1,457,0,0,0.0,0.0,192228.5586568,,,,,,,0,robot_not_discovered
2026-08-18T05:53:36.515+00:00,1787032416.5150247,192228.562221,17.099455599993235,sent,2,458,32,37,0.0,0.0,192228.5619151,192228.5620216,,,,,0,1,
2026-08-18T05:53:36.516+00:00,1787032416.5160253,192228.5633992,17.10063380000065,sent,3,459,29,40,0.0,0.0,192228.562869,192228.5630028,,,,,0,1,
2026-08-18T05:53:36.516+00:00,1787032416.5160253,192228.5634368,17.100671399995917,send_error,10,460,0,0,0.0,0.0,192228.5634329,,,,,,,0,robot_not_discovered
2026-08-18T05:53:36.656+00:00,1787032416.656701,192228.7041097,17.241344299982302,send_error,1,461,0,0,0.0,0.0,192228.7040889,,,,,,,0,robot_not_discovered
2026-08-18T05:53:36.661+00:00,1787032416.6617057,192228.708797,17.24603159999242,sent,2,462,32,37,0.0,0.0,192228.7084541,192228.7086186,,,,,0,1,
2026-08-18T05:53:36.661+00:00,1787032416.6617057,192228.7096178,17.246852399985073,sent,3,463,29,40,0.0,0.0,192228.7093262,192228.7094807,,,,,0,1,
2026-08-18T05:53:36.661+00:00,1787032416.6617057,192228.7096853,17.246919900004286,send_error,10,464,0,0,0.0,0.0,192228.7096825,,,,,,,0,robot_not_discovered
2026-08-18T05:53:36.797+00:00,1787032416.7979798,192228.8455567,17.382791299984092,send_error,1,465,0,0,0.0,0.0,192228.8455398,,,,,,,0,robot_not_discovered
2026-08-18T05:53:36.802+00:00,1787032416.8029819,192228.8508574,17.388091999979224,sent,2,466,32,37,0.0,0.0,192228.8506114,192228.8506928,,,,,0,1,
2026-08-18T05:53:36.803+00:00,1787032416.8039813,192228.8513312,17.3885658000072,sent,3,467,29,40,0.0,0.0,192228.8511702,192228.8512556,,,,,0,1,
2026-08-18T05:53:36.803+00:00,1787032416.8039813,192228.8513637,17.388598299992736,send_error,10,468,0,0,0.0,0.0,192228.8513613,,,,,,,0,robot_not_discovered
2026-08-18T05:53:36.941+00:00,1787032416.941402,192228.9886625,17.52589709998574,send_error,1,469,0,0,0.0,0.0,192228.9886509,,,,,,,0,robot_not_discovered
2026-08-18T05:53:36.945+00:00,1787032416.9453957,192228.9926107,17.529845299985027,sent,2,470,32,37,0.0,0.0,192228.9923243,192228.9924258,,,,,0,1,
2026-08-18T05:53:36.946+00:00,1787032416.946395,192228.9935937,17.53082829999039,sent,3,471,20,38,0.0,0.0,192228.9932261,192228.9933544,,,,,0,1,
2026-08-18T05:53:36.946+00:00,1787032416.946395,192228.9936557,17.530890299996827,send_error,10,472,0,0,0.0,0.0,192228.9936523,,,,,,,0,robot_not_discovered
2026-08-18T05:53:37.084+00:00,1787032417.0840628,192229.1315475,17.668782099994132,send_error,1,473,0,0,0.0,0.0,192229.1315331,,,,,,,0,robot_not_discovered
2026-08-18T05:53:37.088+00:00,1787032417.0881565,192229.1354155,17.672650099993916,sent,2,474,33,36,0.0,0.0,192229.1351558,192229.1351741,,,,,0,1,
2026-08-18T05:53:37.088+00:00,1787032417.0881565,192229.1358728,17.673107399983564,sent,3,475,18,32,0.0,0.0,192229.1357219,192229.13578,,,,,0,1,
2026-08-18T05:53:37.088+00:00,1787032417.0881565,192229.1358997,17.673134299984667,send_error,10,476,0,0,0.0,0.0,192229.135896,,,,,,,0,robot_not_discovered
2026-08-18T05:53:37.218+00:00,1787032417.218506,192229.2661562,17.803390799992485,send_error,1,477,0,0,0.0,0.0,192229.2661335,,,,,,,0,robot_not_discovered
2026-08-18T05:53:37.221+00:00,1787032417.2217317,192229.2697021,17.806936699984362,sent,2,478,32,37,0.0,0.0,192229.2694281,192229.2695279,,,,,0,1,
2026-08-18T05:53:37.222+00:00,1787032417.2227392,192229.2701786,17.807413200003793,sent,3,479,-18,26,0.0,0.0,192229.2699962,192229.2700652,,,,,0,1,
2026-08-18T05:53:37.222+00:00,1787032417.2227392,192229.2702062,17.807440799981123,send_error,10,480,0,0,0.0,0.0,192229.2702037,,,,,,,0,robot_not_discovered
2026-08-18T05:53:37.360+00:00,1787032417.360795,192229.4085641,17.94579870000598,send_error,1,481,0,0,0.0,0.0,192229.4085537,,,,,,,0,robot_not_discovered
2026-08-18T05:53:37.365+00:00,1787032417.3657887,192229.4130444,17.9502789999824,sent,2,482,33,36,0.0,0.0,192229.4128023,192229.4129045,,,,,0,1,
2026-08-18T05:53:37.365+00:00,1787032417.3657887,192229.4134912,17.95072579997941,sent,3,483,-22,38,0.0,0.0,192229.413352,192229.4134125,,,,,0,1,
2026-08-18T05:53:37.365+00:00,1787032417.3657887,192229.4135215,17.9507561000064,send_error,10,484,0,0,0.0,0.0,192229.413519,,,,,,,0,robot_not_discovered
2026-08-18T05:53:37.504+00:00,1787032417.50496,192229.5527105,18.089945099985925,send_error,1,485,0,0,0.0,0.0,192229.5527,,,,,,,0,robot_not_discovered
2026-08-18T05:53:37.508+00:00,1787032417.5089574,192229.5567838,18.094018400006462,sent,2,486,34,35,0.0,0.0,192229.5565811,192229.5565984,,,,,0,1,
2026-08-18T05:53:37.509+00:00,1787032417.509953,192229.5573103,18.094544899999164,sent,3,487,-22,38,0.0,0.0,192229.5571178,192229.5571979,,,,,0,1,
2026-08-18T05:53:37.509+00:00,1787032417.509953,192229.557351,18.094585599988932,send_error,10,488,0,0,0.0,0.0,192229.5573485,,,,,,,0,robot_not_discovered
2026-08-18T05:53:37.644+00:00,1787032417.6445513,192229.6920068,18.22924139999668,send_error,1,489,0,0,0.0,0.0,192229.6919979,,,,,,,0,robot_not_discovered
2026-08-18T05:53:37.648+00:00,1787032417.6485512,192229.6959034,18.23313799998141,sent,2,490,34,35,0.0,0.0,192229.6956359,192229.6957222,,,,,0,1,
2026-08-18T05:53:37.649+00:00,1787032417.6495516,192229.6965673,18.23380190000171,sent,3,491,-22,38,0.0,0.0,192229.6962866,192229.696385,,,,,0,1,
2026-08-18T05:53:37.649+00:00,1787032417.6495516,192229.6966025,18.2338370999787,send_error,10,492,0,0,0.0,0.0,192229.6965992,,,,,,,0,robot_not_discovered
2026-08-18T05:53:37.786+00:00,1787032417.7862654,192229.8339049,18.371139499999117,send_error,1,493,0,0,0.0,0.0,192229.8338935,,,,,,,0,robot_not_discovered
2026-08-18T05:53:37.790+00:00,1787032417.7902517,192229.8377334,18.374967999989167,sent,2,494,33,36,0.0,0.0,192229.837493,192229.83759,,,,,0,1,
2026-08-18T05:53:37.791+00:00,1787032417.7912521,192229.8382964,18.375530999997864,sent,3,495,-22,38,0.0,0.0,192229.838177,192229.8381939,,,,,0,1,
2026-08-18T05:53:37.791+00:00,1787032417.7912521,192229.8383241,18.375558700005058,send_error,10,496,0,0,0.0,0.0,192229.8383214,,,,,,,0,robot_not_discovered
2026-08-18T05:53:37.928+00:00,1787032417.929814,192229.9768055,18.514040099980775,send_error,1,497,0,0,0.0,0.0,192229.9767974,,,,,,,0,robot_not_discovered
2026-08-18T05:53:37.934+00:00,1787032417.9348135,192229.9822501,18.51948469999479,sent,2,498,33,36,0.0,0.0,192229.9820186,192229.9821075,,,,,0,1,
2026-08-18T05:53:37.934+00:00,1787032417.9348135,192229.9827119,18.5199464999896,sent,3,499,-22,38,0.0,0.0,192229.9825838,192229.9826362,,,,,0,1,
2026-08-18T05:53:37.934+00:00,1787032417.9348135,192229.9827415,18.51997609998216,send_error,10,500,0,0,0.0,0.0,192229.9827392,,,,,,,0,robot_not_discovered
2026-08-18T05:53:38.064+00:00,1787032418.0646799,192230.112456,18.649690599995665,send_error,1,501,0,0,0.0,0.0,192230.1124439,,,,,,,0,robot_not_discovered
2026-08-18T05:53:38.068+00:00,1787032418.068688,192230.1160276,18.65326219997951,sent,2,502,33,36,0.0,0.0,192230.1157778,192230.1158849,,,,,0,1,
2026-08-18T05:53:38.068+00:00,1787032418.068688,192230.1165332,18.65376779998769,sent,3,503,-22,38,0.0,0.0,192230.1163836,192230.1164526,,,,,0,1,
2026-08-18T05:53:38.068+00:00,1787032418.068688,192230.1165587,18.653793300007237,send_error,10,504,0,0,0.0,0.0,192230.1165564,,,,,,,0,robot_not_discovered
2026-08-18T05:53:38.193+00:00,1787032418.1935644,192230.2410925,18.778327099978924,send_error,1,505,0,0,0.0,0.0,192230.2410819,,,,,,,0,robot_not_discovered
2026-08-18T05:53:38.199+00:00,1787032418.1990135,192230.2467116,18.783946199982893,sent,2,506,33,36,0.0,0.0,192230.2464415,192230.2465698,,,,,0,1,
2026-08-18T05:53:38.200+00:00,1787032418.2000027,192230.2472671,18.78450169999269,sent,3,507,-22,38,0.0,0.0,192230.2470617,192230.2471574,,,,,0,1,
2026-08-18T05:53:38.200+00:00,1787032418.2000027,192230.2472955,18.784530100005213,send_error,10,508,0,0,0.0,0.0,192230.2472932,,,,,,,0,robot_not_discovered
2026-08-18T05:53:38.332+00:00,1787032418.3321767,192230.3797363,18.916970899997978,send_error,1,509,0,0,0.0,0.0,192230.3797225,,,,,,,0,robot_not_discovered
2026-08-18T05:53:38.336+00:00,1787032418.336176,192230.3836744,18.920908999978565,sent,2,510,33,36,0.0,0.0,192230.3834397,192230.3835216,,,,,0,1,
2026-08-18T05:53:38.336+00:00,1787032418.336176,192230.3841402,18.921374800003832,sent,3,511,-22,38,0.0,0.0,192230.3839713,192230.3840401,,,,,0,1,
2026-08-18T05:53:38.337+00:00,1787032418.3371809,192230.3841714,18.92140599997947,send_error,10,512,0,0,0.0,0.0,192230.3841684,,,,,,,0,robot_not_discovered
2026-08-18T05:53:38.470+00:00,1787032418.47037,192230.5179731,19.05520770000294,send_error,1,513,0,0,0.0,0.0,192230.5179637,,,,,,,0,robot_not_discovered
2026-08-18T05:53:38.474+00:00,1787032418.4743698,192230.5218448,19.059079400001792,sent,2,514,33,36,0.0,0.0,192230.5215964,192230.5216741,,,,,0,1,
2026-08-18T05:53:38.474+00:00,1787032418.4743698,192230.5223509,19.059585499984678,sent,3,515,-22,38,0.0,0.0,192230.522196,192230.5222739,,,,,0,1,
2026-08-18T05:53:38.475+00:00,1787032418.47537,192230.5223797,19.05961430000025,send_error,10,516,0,0,0.0,0.0,192230.5223767,,,,,,,0,robot_not_discovered
2026-08-18T05:53:38.611+00:00,1787032418.611662,192230.6589979,19.19623249999131,send_error,1,517,0,0,0.0,0.0,192230.6589855,,,,,,,0,robot_not_discovered
2026-08-18T05:53:38.614+00:00,1787032418.6146598,192230.6626242,19.199858799984213,sent,2,518,31,38,0.0,0.0,192230.6623843,192230.6624601,,,,,0,1,
2026-08-18T05:53:38.615+00:00,1787032418.6156642,192230.6630762,19.200310799991712,sent,3,519,38,31,0.0,0.0,192230.6629632,192230.662983,,,,,0,1,
2026-08-18T05:53:38.615+00:00,1787032418.6156642,192230.6631068,19.200341399991885,send_error,10,520,0,0,0.0,0.0,192230.6631044,,,,,,,0,robot_not_discovered
2026-08-18T05:53:38.755+00:00,1787032418.7554884,192230.8025012,19.339735799992923,send_error,1,521,0,0,0.0,0.0,192230.8024914,,,,,,,0,robot_not_discovered
2026-08-18T05:53:38.759+00:00,1787032418.7594802,192230.8071206,19.344355199980782,sent,2,522,32,37,0.0,0.0,192230.8068398,192230.8069561,,,,,0,1,
2026-08-18T05:53:38.760+00:00,1787032418.7604809,192230.8079005,19.345135099982144,sent,3,523,53,18,0.0,0.0,192230.8076938,192230.8077383,,,,,0,1,
2026-08-18T05:53:38.760+00:00,1787032418.7604809,192230.8079509,19.345185499987565,send_error,10,524,0,0,0.0,0.0,192230.8079478,,,,,,,0,robot_not_discovered
2026-08-18T05:53:38.892+00:00,1787032418.8925905,192230.9401125,19.477347099978942,send_error,1,525,0,0,0.0,0.0,192230.9401028,,,,,,,0,robot_not_discovered
2026-08-18T05:53:38.896+00:00,1787032418.896527,192230.9440781,19.481312699994305,sent,2,526,32,37,0.0,0.0,192230.943609,192230.9436301,,,,,0,1,
2026-08-18T05:53:38.897+00:00,1787032418.897535,192230.9451874,19.482422000000952,sent,3,527,41,28,0.0,0.0,192230.9450141,192230.945096,,,,,0,1,
2026-08-18T05:53:38.897+00:00,1787032418.897535,192230.9452246,19.482459199993173,send_error,10,528,0,0,0.0,0.0,192230.9452222,,,,,,,0,robot_not_discovered
2026-08-18T05:53:39.043+00:00,1787032419.043958,192231.090929,19.62816359999124,send_error,1,529,0,0,0.0,0.0,192231.0909194,,,,,,,0,robot_not_discovered
2026-08-18T05:53:39.048+00:00,1787032419.0489626,192231.0960999,19.63333449998754,sent,2,530,32,37,0.0,0.0,192231.0958243,192231.0959378,,,,,0,1,
2026-08-18T05:53:39.049+00:00,1787032419.0499532,192231.0969549,19.634189499978675,sent,3,531,44,25,0.0,0.0,192231.0966688,192231.096689,,,,,0,1,
2026-08-18T05:53:39.049+00:00,1787032419.0499532,192231.0970102,19.634244799992302,send_error,10,532,0,0,0.0,0.0,192231.0970062,,,,,,,0,robot_not_discovered
2026-08-18T05:53:39.173+00:00,1787032419.173339,192231.2212743,19.758508900005836,send_error,1,533,0,0,0.0,0.0,192231.2212647,,,,,,,0,robot_not_discovered
2026-08-18T05:53:39.177+00:00,1787032419.1773443,192231.2250847,19.762319300003583,sent,2,534,32,37,0.0,0.0,192231.2248372,192231.2249216,,,,,0,1,
2026-08-18T05:53:39.178+00:00,1787032419.1783395,192231.2256,19.762834599998314,sent,3,535,42,-26,0.0,0.0,192231.2254366,192231.2255187,,,,,0,1,
2026-08-18T05:53:39.178+00:00,1787032419.1783395,192231.2256273,19.762861900002463,send_error,10,536,0,0,0.0,0.0,192231.225625,,,,,,,0,robot_not_discovered
2026-08-18T05:53:39.318+00:00,1787032419.318836,192231.3667317,19.90396629998577,send_error,1,537,0,0,0.0,0.0,192231.3667014,,,,,,,0,robot_not_discovered
2026-08-18T05:53:39.324+00:00,1787032419.3248475,192231.372416,19.909650599991437,sent,2,538,31,38,0.0,0.0,192231.3722027,192231.3723126,,,,,0,1,
2026-08-18T05:53:39.325+00:00,1787032419.3258362,192231.37298,19.910214599978644,sent,3,539,38,-22,0.0,0.0,192231.3728303,192231.3729048,,,,,0,1,
2026-08-18T05:53:39.325+00:00,1787032419.3258362,192231.3730122,19.910246799991,send_error,10,540,0,0,0.0,0.0,192231.3730098,,,,,,,0,robot_not_discovered
2026-08-18T05:53:39.452+00:00,1787032419.4527612,192231.5002146,20.037449199997354,send_error,1,541,0,0,0.0,0.0,192231.5001934,,,,,,,0,robot_not_discovered
2026-08-18T05:53:39.455+00:00,1787032419.4557562,192231.5036358,20.04087040000013,sent,2,542,31,38,0.0,0.0,192231.5034542,192231.5035299,,,,,0,1,
2026-08-18T05:53:39.456+00:00,1787032419.4567585,192231.5043674,20.04160199998296,sent,3,543,37,-22,0.0,0.0,192231.5040927,192231.5041989,,,,,0,1,
2026-08-18T05:53:39.456+00:00,1787032419.4567585,192231.5043977,20.041632299980847,send_error,10,544,0,0,0.0,0.0,192231.504395,,,,,,,0,robot_not_discovered
2026-08-18T05:53:39.590+00:00,1787032419.59176,192231.6386912,20.17592579999473,send_error,1,545,0,0,0.0,0.0,192231.6386771,,,,,,,0,robot_not_discovered
2026-08-18T05:53:39.595+00:00,1787032419.595814,192231.6435972,20.180831799982116,sent,2,546,30,39,0.0,0.0,192231.6433089,192231.6434548,,,,,0,1,
2026-08-18T05:53:39.596+00:00,1787032419.5968285,192231.6440406,20.181275199982338,sent,3,547,37,-22,0.0,0.0,192231.6439157,192231.6439702,,,,,0,1,
2026-08-18T05:53:39.596+00:00,1787032419.5968285,192231.6440691,20.181303699995624,send_error,10,548,0,0,0.0,0.0,192231.6440667,,,,,,,0,robot_not_discovered
2026-08-18T05:53:39.723+00:00,1787032419.7231867,192231.7703914,20.307625999994343,send_error,1,549,0,0,0.0,0.0,192231.7703721,,,,,,,0,robot_not_discovered
2026-08-18T05:53:39.727+00:00,1787032419.727196,192231.7748024,20.312036999996053,sent,2,550,29,40,0.0,0.0,192231.7746052,192231.7747005,,,,,0,1,
2026-08-18T05:53:39.728+00:00,1787032419.7281861,192231.7753245,20.312559099984355,sent,3,551,36,-23,0.0,0.0,192231.7751761,192231.7752573,,,,,0,1,
2026-08-18T05:53:39.728+00:00,1787032419.7281861,192231.7753539,20.312588500004495,send_error,10,552,0,0,0.0,0.0,192231.7753515,,,,,,,0,robot_not_discovered
2026-08-18T05:53:39.870+00:00,1787032419.8703995,192231.9175609,20.454795500001637,send_error,1,553,0,0,0.0,0.0,192231.9175521,,,,,,,0,robot_not_discovered
2026-08-18T05:53:39.874+00:00,1787032419.8743858,192231.9218702,20.459104799985653,sent,2,554,30,39,0.0,0.0,192231.9216112,192231.9217066,,,,,0,1,
2026-08-18T05:53:39.875+00:00,1787032419.8753865,192231.922362,20.45959660000517,sent,3,555,-23,36,0.0,0.0,192231.922193,192231.9222646,,,,,0,1,
2026-08-18T05:53:39.875+00:00,1787032419.8753865,192231.9223886,20.45962320000399,send_error,10,556,0,0,0.0,0.0,192231.9223862,,,,,,,0,robot_not_discovered
2026-08-18T05:53:40.031+00:00,1787032420.0317733,192232.0788923,20.61612689998583,send_error,1,557,0,0,0.0,0.0,192232.0788721,,,,,,,0,robot_not_discovered
2026-08-18T05:53:40.035+00:00,1787032420.0357406,192232.0835884,20.620823000004748,sent,2,558,29,40,0.0,0.0,192232.0831326,192232.0833359,,,,,0,1,
2026-08-18T05:53:40.036+00:00,1787032420.0367467,192232.0845107,20.621745299984468,sent,3,559,18,18,0.0,0.0,192232.0840991,192232.0841637,,,,,0,1,
2026-08-18T05:53:40.036+00:00,1787032420.0367467,192232.0845641,20.62179869998363,send_error,10,560,0,0,0.0,0.0,192232.0845612,,,,,,,0,robot_not_discovered
2026-08-18T05:53:40.184+00:00,1787032420.184589,192232.2316529,20.768887499987613,send_error,1,561,0,0,0.0,0.0,192232.2316213,,,,,,,0,robot_not_discovered
2026-08-18T05:53:40.192+00:00,1787032420.192591,192232.239693,20.776927600003546,sent,2,562,30,39,0.0,0.0,192232.2394162,192232.2395684,,,,,0,1,
2026-08-18T05:53:40.192+00:00,1787032420.192591,192232.2403049,20.77753950000624,sent,3,563,18,18,0.0,0.0,192232.2401392,192232.2402273,,,,,0,1,
2026-08-18T05:53:40.192+00:00,1787032420.192591,192232.2403352,20.77756980000413,send_error,10,564,0,0,0.0,0.0,192232.2403326,,,,,,,0,robot_not_discovered
2026-08-18T05:53:40.331+00:00,1787032420.3315759,192232.3792528,20.916487399983453,send_error,1,565,0,0,0.0,0.0,192232.3792425,,,,,,,0,robot_not_discovered
2026-08-18T05:53:40.338+00:00,1787032420.3385692,192232.3860012,20.92323580000084,sent,2,566,28,38,0.0,0.0,192232.3854891,192232.385745,,,,,0,1,
2026-08-18T05:53:40.339+00:00,1787032420.3395698,192232.3867345,20.92396909999661,sent,3,567,18,18,0.0,0.0,192232.3863902,192232.3864897,,,,,0,1,
2026-08-18T05:53:40.339+00:00,1787032420.3395698,192232.386803,20.924037599994335,send_error,10,568,0,0,0.0,0.0,192232.3868002,,,,,,,0,robot_not_discovered
2026-08-18T05:53:40.475+00:00,1787032420.4750395,192232.5224384,21.059672999981558,send_error,1,569,0,0,0.0,0.0,192232.5224274,,,,,,,0,robot_not_discovered
2026-08-18T05:53:40.479+00:00,1787032420.479054,192232.5261367,21.063371299998835,sent,2,570,26,36,0.0,0.0,192232.525834,192232.5259146,,,,,0,1,
2026-08-18T05:53:40.479+00:00,1787032420.479054,192232.5266621,21.06389669998316,sent,3,571,21,18,0.0,0.0,192232.5264897,192232.5265607,,,,,0,1,
2026-08-18T05:53:40.479+00:00,1787032420.479054,192232.5266914,21.06392600000254,send_error,10,572,0,0,0.0,0.0,192232.526689,,,,,,,0,robot_not_discovered
2026-08-18T05:53:40.623+00:00,1787032420.6232636,192232.6710743,21.208308899978874,send_error,1,573,0,0,0.0,0.0,192232.6710645,,,,,,,0,robot_not_discovered
2026-08-18T05:53:40.628+00:00,1787032420.6282573,192232.6761191,21.213353700004518,sent,2,574,24,35,0.0,0.0,192232.6756188,192232.6758357,,,,,0,1,
2026-08-18T05:53:40.630+00:00,1787032420.6302562,192232.6774564,21.21469100000104,sent,3,575,22,18,0.0,0.0,192232.677043,192232.6771659,,,,,0,1,
2026-08-18T05:53:40.630+00:00,1787032420.6302562,192232.6775371,21.21477170000435,send_error,10,576,0,0,0.0,0.0,192232.6775336,,,,,,,0,robot_not_discovered
2026-08-18T05:53:40.767+00:00,1787032420.767638,192232.8155149,21.352749499987112,send_error,1,577,0,0,0.0,0.0,192232.8155047,,,,,,,0,robot_not_discovered
2026-08-18T05:53:40.772+00:00,1787032420.7729244,192232.8203218,21.357556400005706,sent,2,578,18,31,0.0,0.0,192232.8195773,192232.8197744,,,,,0,1,
2026-08-18T05:53:40.773+00:00,1787032420.7739215,192232.8214112,21.358645800006343,sent,3,579,20,18,0.0,0.0,192232.8210093,192232.8211675,,,,,0,1,
2026-08-18T05:53:40.773+00:00,1787032420.7739215,192232.8214599,21.35869449999882,send_error,10,580,0,0,0.0,0.0,192232.8214564,,,,,,,0,robot_not_discovered
2026-08-18T05:53:40.905+00:00,1787032420.9055884,192232.9532811,21.490515699988464,send_error,1,581,0,0,0.0,0.0,192232.9532707,,,,,,,0,robot_not_discovered
2026-08-18T05:53:40.909+00:00,1787032420.9096494,192232.9573105,21.494545099994866,sent,2,582,18,27,0.0,0.0,192232.9569444,192232.9570423,,,,,0,1,
2026-08-18T05:53:40.910+00:00,1787032420.9106565,192232.9583237,21.495558299997356,sent,3,583,19,18,0.0,0.0,192232.9580133,192232.9581098,,,,,0,1,
2026-08-18T05:53:40.910+00:00,1787032420.9106565,192232.9583532,21.495587799989153,send_error,10,584,0,0,0.0,0.0,192232.9583506,,,,,,,0,robot_not_discovered
2026-08-18T05:53:41.051+00:00,1787032421.0514114,192233.0988328,21.63606739998795,send_error,1,585,0,0,0.0,0.0,192233.0988234,,,,,,,0,robot_not_discovered
2026-08-18T05:53:41.056+00:00,1787032421.0560946,192233.1030183,21.64025289998972,sent,2,586,18,24,0.0,0.0,192233.1026948,192233.1027474,,,,,0,1,
2026-08-18T05:53:41.057+00:00,1787032421.0570796,192233.1049334,21.642167999991216,sent,3,587,18,18,0.0,0.0,192233.1044619,192233.1046048,,,,,0,1,
2026-08-18T05:53:41.058+00:00,1787032421.058079,192233.1050138,21.64224839999224,send_error,10,588,0,0,0.0,0.0,192233.1050098,,,,,,,0,robot_not_discovered
2026-08-18T05:53:41.184+00:00,1787032421.184644,192233.2318105,21.7690450999944,send_error,1,589,0,0,0.0,0.0,192233.2317998,,,,,,,0,robot_not_discovered
2026-08-18T05:53:41.187+00:00,1787032421.187645,192233.2355264,21.772761000000173,sent,2,590,-1,23,0.0,0.0,192233.2349008,192233.235095,,,,,0,1,
2026-08-18T05:53:41.188+00:00,1787032421.188643,192233.2364855,21.773720099998172,sent,3,591,18,18,0.0,0.0,192233.2363138,192233.2363926,,,,,0,1,
2026-08-18T05:53:41.188+00:00,1787032421.188643,192233.2365189,21.773753499990562,send_error,10,592,0,0,0.0,0.0,192233.2365164,,,,,,,0,robot_not_discovered
2026-08-18T05:53:41.322+00:00,1787032421.322112,192233.3693895,21.906624099996407,send_error,1,593,0,0,0.0,0.0,192233.3693695,,,,,,,0,robot_not_discovered
2026-08-18T05:53:41.325+00:00,1787032421.3251193,192233.3728496,21.91008420000435,sent,2,594,-22,37,0.0,0.0,192233.3727142,192233.3727355,,,,,0,1,
2026-08-18T05:53:41.326+00:00,1787032421.3261132,192233.3733329,21.910567499988247,sent,3,595,18,18,0.0,0.0,192233.373199,192233.3732665,,,,,0,1,
2026-08-18T05:53:41.326+00:00,1787032421.3261132,192233.3733636,21.91059819998918,send_error,10,596,0,0,0.0,0.0,192233.3733598,,,,,,,0,robot_not_discovered
2026-08-18T05:53:41.464+00:00,1787032421.4643228,192233.5113557,22.04859029999352,send_error,1,597,0,0,0.0,0.0,192233.511347,,,,,,,0,robot_not_discovered
2026-08-18T05:53:41.469+00:00,1787032421.469314,192233.5164803,22.053714899986517,sent,2,598,-23,36,0.0,0.0,192233.5161539,192233.5163277,,,,,0,1,
2026-08-18T05:53:41.469+00:00,1787032421.469314,192233.5169873,22.05422190000536,sent,3,599,18,18,0.0,0.0,192233.5168249,192233.5168969,,,,,0,1,
2026-08-18T05:53:41.469+00:00,1787032421.469314,192233.5170242,22.054258799995296,send_error,10,600,0,0,0.0,0.0,192233.5170216,,,,,,,0,robot_not_discovered
2026-08-18T05:53:41.598+00:00,1787032421.5986745,192233.6461007,22.18333529998199,send_error,1,601,0,0,0.0,0.0,192233.6460912,,,,,,,0,robot_not_discovered
2026-08-18T05:53:41.602+00:00,1787032421.6022797,192233.6500349,22.18726949999109,sent,2,602,-23,36,0.0,0.0,192233.6497909,192233.6498867,,,,,0,1,
2026-08-18T05:53:41.603+00:00,1787032421.6032927,192233.6505257,22.187760300002992,sent,3,603,18,18,0.0,0.0,192233.650379,192233.6504555,,,,,0,1,
2026-08-18T05:53:41.603+00:00,1787032421.6032927,192233.6505541,22.187788699986413,send_error,10,604,0,0,0.0,0.0,192233.6505516,,,,,,,0,robot_not_discovered
2026-08-18T05:53:41.727+00:00,1787032421.7276337,192233.7749566,22.312191200006055,send_error,1,605,0,0,0.0,0.0,192233.7749471,,,,,,,0,robot_not_discovered
2026-08-18T05:53:41.731+00:00,1787032421.7316966,192233.7791116,22.316346199979307,sent,2,606,-23,36,0.0,0.0,192233.7789035,192233.7789961,,,,,0,1,
2026-08-18T05:53:41.732+00:00,1787032421.7326329,192233.7796143,22.31684889999451,sent,3,607,18,-1,0.0,0.0,192233.7794761,192233.779546,,,,,0,1,
2026-08-18T05:53:41.732+00:00,1787032421.7326329,192233.7796414,22.316875999997137,send_error,10,608,0,0,0.0,0.0,192233.779639,,,,,,,0,robot_not_discovered
2026-08-18T05:53:41.868+00:00,1787032421.8682194,192233.9151331,22.452367699996103,send_error,1,609,0,0,0.0,0.0,192233.9151237,,,,,,,0,robot_not_discovered
2026-08-18T05:53:41.872+00:00,1787032421.8722222,192233.9195792,22.456813800003147,sent,2,610,-23,36,0.0,0.0,192233.9192727,192233.9193842,,,,,0,1,
2026-08-18T05:53:41.872+00:00,1787032421.8722222,192233.920068,22.45730259999982,sent,3,611,18,0,0.0,0.0,192233.9199203,192233.9199961,,,,,0,1,
2026-08-18T05:53:41.872+00:00,1787032421.8722222,192233.9200943,22.457328899996355,send_error,10,612,0,0,0.0,0.0,192233.9200919,,,,,,,0,robot_not_discovered
2026-08-18T05:53:42.022+00:00,1787032422.022187,192234.0698769,22.607111499994062,send_error,1,613,0,0,0.0,0.0,192234.0698663,,,,,,,0,robot_not_discovered
2026-08-18T05:53:42.027+00:00,1787032422.0271878,192234.0741127,22.61134730000049,sent,2,614,-23,36,0.0,0.0,192234.0738988,192234.0740017,,,,,0,1,
2026-08-18T05:53:42.027+00:00,1787032422.0271878,192234.074735,22.611969599995064,sent,3,615,18,-18,0.0,0.0,192234.0745866,192234.0746704,,,,,0,1,
2026-08-18T05:53:42.027+00:00,1787032422.0271878,192234.0747679,22.612002499983646,send_error,10,616,0,0,0.0,0.0,192234.0747655,,,,,,,0,robot_not_discovered
2026-08-18T05:53:42.149+00:00,1787032422.1491718,192234.1962714,22.733505999989575,send_error,1,617,0,0,0.0,0.0,192234.1962619,,,,,,,0,robot_not_discovered
2026-08-18T05:53:42.153+00:00,1787032422.1531644,192234.2007141,22.737948699999833,sent,2,618,-38,38,0.0,0.0,192234.2002652,192234.2003058,,,,,0,1,
2026-08-18T05:53:42.154+00:00,1787032422.1541684,192234.2018588,22.739093399984995,sent,3,619,18,-18,0.0,0.0,192234.2016757,192234.2017769,,,,,0,1,
2026-08-18T05:53:42.154+00:00,1787032422.1541684,192234.2018899,22.739124499988975,send_error,10,620,0,0,0.0,0.0,192234.2018874,,,,,,,0,robot_not_discovered
2026-08-18T05:53:42.284+00:00,1787032422.2845047,192234.3314917,22.86872629998834,send_error,1,621,0,0,0.0,0.0,192234.3314823,,,,,,,0,robot_not_discovered
2026-08-18T05:53:42.288+00:00,1787032422.2885115,192234.3362778,22.87351239999407,sent,2,622,-38,38,0.0,0.0,192234.3360663,192234.3360845,,,,,0,1,
2026-08-18T05:53:42.289+00:00,1787032422.289507,192234.3369711,22.874205700005405,sent,3,623,31,-28,0.0,0.0,192234.336738,192234.3368302,,,,,0,1,
2026-08-18T05:53:42.289+00:00,1787032422.289507,192234.3370024,22.874236999981804,send_error,10,624,0,0,0.0,0.0,192234.3369997,,,,,,,0,robot_not_discovered
2026-08-18T05:53:42.425+00:00,1787032422.4254892,192234.4726013,23.009835899982136,send_error,1,625,0,0,0.0,0.0,192234.4725898,,,,,,,0,robot_not_discovered
2026-08-18T05:53:42.429+00:00,1787032422.4294758,192234.4764691,23.013703699980397,sent,2,626,-38,38,0.0,0.0,192234.4762145,192234.476318,,,,,0,1,
2026-08-18T05:53:42.430+00:00,1787032422.430474,192234.4774055,23.01464009998017,sent,3,627,31,-28,0.0,0.0,192234.4772139,192234.4773276,,,,,0,1,
2026-08-18T05:53:42.430+00:00,1787032422.430474,192234.4774344,23.014668999996502,send_error,10,628,0,0,0.0,0.0,192234.477432,,,,,,,0,robot_not_discovered
2026-08-18T05:53:42.564+00:00,1787032422.564466,192234.6114636,23.148698200006038,send_error,1,629,0,0,0.0,0.0,192234.6114546,,,,,,,0,robot_not_discovered
2026-08-18T05:53:42.568+00:00,1787032422.5684683,192234.6154161,23.15265069997986,sent,2,630,18,18,0.0,0.0,192234.615211,192234.6152861,,,,,0,1,
2026-08-18T05:53:42.568+00:00,1787032422.5684683,192234.6159214,23.153155999985756,sent,3,631,31,-28,0.0,0.0,192234.6157688,192234.615845,,,,,0,1,
2026-08-18T05:53:42.568+00:00,1787032422.5684683,192234.6159489,23.153183499991428,send_error,10,632,0,0,0.0,0.0,192234.6159453,,,,,,,0,robot_not_discovered
2026-08-18T05:53:42.708+00:00,1787032422.708374,192234.7552537,23.292488299979595,send_error,1,633,0,0,0.0,0.0,192234.7552433,,,,,,,0,robot_not_discovered
2026-08-18T05:53:42.712+00:00,1787032422.7123725,192234.7592667,23.29650130000664,sent,2,634,25,24,0.0,0.0,192234.7590076,192234.7591039,,,,,0,1,
2026-08-18T05:53:42.712+00:00,1787032422.7123725,192234.759837,23.29707159998361,sent,3,635,38,-38,0.0,0.0,192234.7597174,192234.7597765,,,,,0,1,
2026-08-18T05:53:42.712+00:00,1787032422.7123725,192234.7598673,23.2971018999815,send_error,10,636,0,0,0.0,0.0,192234.7598642,,,,,,,0,robot_not_discovered
2026-08-18T05:53:42.848+00:00,1787032422.848641,192234.8955682,23.43280280000181,send_error,1,637,0,0,0.0,0.0,192234.8955558,,,,,,,0,robot_not_discovered
2026-08-18T05:53:42.851+00:00,1787032422.8516347,192234.8991305,23.43636510000215,sent,2,638,41,28,0.0,0.0,192234.8988456,192234.8989463,,,,,0,1,
2026-08-18T05:53:42.852+00:00,1787032422.852635,192234.8998511,23.43708569998853,sent,3,639,-38,38,0.0,0.0,192234.8996426,192234.8997413,,,,,0,1,
2026-08-18T05:53:42.852+00:00,1787032422.852635,192234.8998815,23.43711609998718,send_error,10,640,0,0,0.0,0.0,192234.899879,,,,,,,0,robot_not_discovered
2026-08-18T05:53:42.991+00:00,1787032422.9919572,192235.0397232,23.57695779998903,send_error,1,641,0,0,0.0,0.0,192235.0397026,,,,,,,0,robot_not_discovered
2026-08-18T05:53:42.997+00:00,1787032422.9979577,192235.0453365,23.582571100007044,sent,2,642,53,18,0.0,0.0,192235.0448421,192235.045158,,,,,0,1,
2026-08-18T05:53:42.998+00:00,1787032422.998954,192235.0459451,23.583179699984612,sent,3,643,38,-38,0.0,0.0,192235.0457993,192235.0458707,,,,,0,1,
2026-08-18T05:53:42.998+00:00,1787032422.998954,192235.0459755,23.583210099983262,send_error,10,644,0,0,0.0,0.0,192235.0459731,,,,,,,0,robot_not_discovered
2026-08-18T05:53:43.127+00:00,1787032423.1278336,192235.17506,23.71229460000177,send_error,1,645,0,0,0.0,0.0,192235.1750305,,,,,,,0,robot_not_discovered
2026-08-18T05:53:43.131+00:00,1787032423.1318355,192235.1791885,23.716423100006068,sent,2,646,33,18,0.0,0.0,192235.1788138,192235.1789616,,,,,0,1,
2026-08-18T05:53:43.132+00:00,1787032423.1328328,192235.1799096,23.717144199996255,sent,3,647,18,18,0.0,0.0,192235.1797442,192235.1797725,,,,,0,1,
2026-08-18T05:53:43.132+00:00,1787032423.1328328,192235.1799527,23.717187300004298,send_error,10,648,0,0,0.0,0.0,192235.1799495,,,,,,,0,robot_not_discovered
2026-08-18T05:53:43.258+00:00,1787032423.258922,192235.306698,23.843932599993423,send_error,1,649,0,0,0.0,0.0,192235.3066876,,,,,,,0,robot_not_discovered
2026-08-18T05:53:43.263+00:00,1787032423.2639291,192235.3115577,23.848792300006608,sent,2,650,27,-18,0.0,0.0,192235.3110807,192235.3112486,,,,,0,1,
2026-08-18T05:53:43.264+00:00,1787032423.2649217,192235.3123386,23.84957319998648,sent,3,651,18,18,0.0,0.0,192235.3121392,192235.3122484,,,,,0,1,
2026-08-18T05:53:43.264+00:00,1787032423.2649217,192235.3123696,23.8496041999897,send_error,10,652,0,0,0.0,0.0,192235.3123671,,,,,,,0,robot_not_discovered
2026-08-18T05:53:43.402+00:00,1787032423.4022503,192235.449908,23.9871426000027,send_error,1,653,0,0,0.0,0.0,192235.449894,,,,,,,0,robot_not_discovered
2026-08-18T05:53:43.406+00:00,1787032423.4062495,192235.4539255,23.9911601000058,sent,2,654,21,-18,0.0,0.0,192235.4536553,192235.4537562,,,,,0,1,
2026-08-18T05:53:43.406+00:00,1787032423.4062495,192235.4540941,23.99132869997993,sent,3,655,0,0,0.0,0.0,192235.4540109,192235.4540128,,,,,0,1,
2026-08-18T05:53:43.407+00:00,1787032423.4072425,192235.4541497,23.991384299995843,send_error,10,656,0,0,0.0,0.0,192235.454147,,,,,,,0,robot_not_discovered
2026-08-18T05:53:43.540+00:00,1787032423.5403097,192235.5879072,24.125141800002893,send_error,1,657,0,0,0.0,0.0,192235.5878975,,,,,,,0,robot_not_discovered
2026-08-18T05:53:43.544+00:00,1787032423.54432,192235.5917728,24.129007399984403,sent,2,658,36,-23,0.0,0.0,192235.5915819,192235.5915992,,,,,0,1,
2026-08-18T05:53:43.544+00:00,1787032423.54432,192235.5918911,24.12912569998298,sent,3,659,0,0,0.0,0.0,192235.5918016,192235.5918034,,,,,0,1,
2026-08-18T05:53:43.544+00:00,1787032423.54432,192235.5919242,24.129158800002187,send_error,10,660,0,0,0.0,0.0,192235.5919214,,,,,,,0,robot_not_discovered
2026-08-18T05:53:43.680+00:00,1787032423.6800928,192235.7278669,24.265101500001037,send_error,1,661,0,0,0.0,0.0,192235.7278533,,,,,,,0,robot_not_discovered
2026-08-18T05:53:43.683+00:00,1787032423.683729,192235.7312583,24.26849289998063,sent,2,662,36,-23,0.0,0.0,192235.7310234,192235.7310969,,,,,0,1,
2026-08-18T05:53:43.683+00:00,1787032423.683729,192235.7313653,24.268599899980472,sent,3,663,0,0,0.0,0.0,192235.7312848,192235.7312865,,,,,0,1,
2026-08-18T05:53:43.683+00:00,1787032423.683729,192235.7313936,24.268628199992236,send_error,10,664,0,0,0.0,0.0,192235.731391,,,,,,,0,robot_not_discovered
2026-08-18T05:53:43.818+00:00,1787032423.8184342,192235.8660587,24.40329329998349,send_error,1,665,0,0,0.0,0.0,192235.8660487,,,,,,,0,robot_not_discovered
2026-08-18T05:53:43.823+00:00,1787032423.8235846,192235.8705338,24.407768400007626,sent,2,666,18,18,0.0,0.0,192235.8703473,192235.8704384,,,,,0,1,
2026-08-18T05:53:43.823+00:00,1787032423.8235846,192235.8706499,24.40788449998945,sent,3,667,0,0,0.0,0.0,192235.8705711,192235.8705731,,,,,0,1,
2026-08-18T05:53:43.823+00:00,1787032423.8235846,192235.8706761,24.407910699985223,send_error,10,668,0,0,0.0,0.0,192235.870673,,,,,,,0,robot_not_discovered
2026-08-18T05:53:43.956+00:00,1787032423.956674,192236.0043721,24.541606699989643,send_error,1,669,0,0,0.0,0.0,192236.0043369,,,,,,,0,robot_not_discovered
2026-08-18T05:53:43.964+00:00,1787032423.9646668,192236.01167,24.54890460000024,sent,2,670,18,18,0.0,0.0,192236.0107849,192236.0111058,,,,,0,1,
2026-08-18T05:53:43.965+00:00,1787032423.9656687,192236.0131086,24.550343199982308,sent,3,671,0,0,0.0,0.0,192236.0117871,192236.0117936,,,,,0,1,
2026-08-18T05:53:43.965+00:00,1787032423.9656687,192236.0132494,24.55048400000669,send_error,10,672,0,0,0.0,0.0,192236.0132443,,,,,,,0,robot_not_discovered
2026-08-18T05:53:44.112+00:00,1787032424.1128812,192236.1600473,24.69728190000751,send_error,1,673,0,0,0.0,0.0,192236.1600364,,,,,,,0,robot_not_discovered
2026-08-18T05:53:44.263+00:00,1787032424.2631195,192236.3105588,24.84779339999659,sent,2,674,23,24,0.0,0.0,192236.3103487,192236.3104564,,,,,0,1,
2026-08-18T05:53:44.263+00:00,1787032424.2631195,192236.3106918,24.847926399990683,sent,3,675,0,0,0.0,0.0,192236.310591,192236.3105933,,,,,0,1,
2026-08-18T05:53:44.263+00:00,1787032424.2631195,192236.3107649,24.84799949999433,send_error,10,676,0,0,0.0,0.0,192236.3107466,,,,,,,0,robot_not_discovered
2026-08-18T05:53:44.403+00:00,1787032424.4031284,192236.4506713,24.987905899994075,send_error,1,677,0,0,0.0,0.0,192236.4506542,,,,,,,0,robot_not_discovered
2026-08-18T05:53:44.408+00:00,1787032424.4081106,192236.4551065,24.992341100005433,sent,2,678,28,35,0.0,0.0,192236.4548353,192236.4549264,,,,,0,1,
2026-08-18T05:53:44.408+00:00,1787032424.4081106,192236.4552255,24.992460099980235,sent,3,679,0,0,0.0,0.0,192236.4551392,192236.4551412,,,,,0,1,
2026-08-18T05:53:44.408+00:00,1787032424.4081106,192236.4552645,24.992499099986162,send_error,10,680,0,0,0.0,0.0,192236.4552621,,,,,,,0,robot_not_discovered
2026-08-18T05:53:44.547+00:00,1787032424.5475636,192236.5946089,25.131843499984825,send_error,1,681,0,0,0.0,0.0,192236.5945993,,,,,,,0,robot_not_discovered
2026-08-18T05:53:44.551+00:00,1787032424.551566,192236.5988547,25.136089299980085,sent,2,682,29,31,0.0,0.0,192236.5985582,192236.5986921,,,,,0,1,
2026-08-18T05:53:44.551+00:00,1787032424.551566,192236.5990098,25.13624439999694,sent,3,683,0,0,0.0,0.0,192236.5988982,192236.5989,,,,,0,1,
2026-08-18T05:53:44.551+00:00,1787032424.551566,192236.5990451,25.136279700003797,send_error,10,684,0,0,0.0,0.0,192236.5990424,,,,,,,0,robot_not_discovered
2026-08-18T05:53:44.697+00:00,1787032424.6979816,192236.7450315,25.282266099995468,send_error,1,685,0,0,0.0,0.0,192236.7450219,,,,,,,0,robot_not_discovered
2026-08-18T05:53:44.700+00:00,1787032424.7009752,192236.7486365,25.285871100000804,sent,2,686,30,31,0.0,0.0,192236.7480794,192236.7482268,,,,,0,1,
2026-08-18T05:53:44.701+00:00,1787032424.701975,192236.7489353,25.286169900005916,sent,3,687,0,0,0.0,0.0,192236.7486877,192236.7486904,,,,,0,1,
2026-08-18T05:53:44.701+00:00,1787032424.701975,192236.748988,25.286222599999746,send_error,10,688,0,0,0.0,0.0,192236.7489823,,,,,,,0,robot_not_discovered
2026-08-18T05:53:44.842+00:00,1787032424.8427837,192236.890252,25.427486600005068,send_error,1,689,0,0,0.0,0.0,192236.8902394,,,,,,,0,robot_not_discovered
2026-08-18T05:53:44.845+00:00,1787032424.8459804,192236.8937467,25.430981299985433,sent,2,690,29,30,0.0,0.0,192236.8935575,192236.8935762,,,,,0,1,
2026-08-18T05:53:44.845+00:00,1787032424.8459804,192236.8938532,25.43108779998147,sent,3,691,0,0,0.0,0.0,192236.8937707,192236.8937722,,,,,0,1,
2026-08-18T05:53:44.845+00:00,1787032424.8459804,192236.8938799,25.43111449998105,send_error,10,692,0,0,0.0,0.0,192236.8938774,,,,,,,0,robot_not_discovered
2026-08-18T05:53:44.991+00:00,1787032424.991491,192237.0386617,25.575896299997112,send_error,1,693,0,0,0.0,0.0,192237.0386508,,,,,,,0,robot_not_discovered
2026-08-18T05:53:44.997+00:00,1787032424.9974928,192237.0452498,25.582484399987152,sent,2,694,24,29,0.0,0.0,192237.0449692,192237.0450916,,,,,0,1,
2026-08-18T05:53:44.998+00:00,1787032424.9984891,192237.0454441,25.582678699982353,sent,3,695,0,0,0.0,0.0,192237.0452976,192237.0453004,,,,,0,1,
2026-08-18T05:53:44.998+00:00,1787032424.9984891,192237.0454809,25.58271550000063,send_error,10,696,0,0,0.0,0.0,192237.0454778,,,,,,,0,robot_not_discovered
2026-08-18T05:53:45.142+00:00,1787032425.1425004,192237.1902569,25.727491500001634,send_error,1,697,0,0,0.0,0.0,192237.190247,,,,,,,0,robot_not_discovered
2026-08-18T05:53:45.147+00:00,1787032425.1474912,192237.1947916,25.73202619998483,sent,2,698,20,24,0.0,0.0,192237.1944075,192237.1945109,,,,,0,1,
2026-08-18T05:53:45.147+00:00,1787032425.1474912,192237.1949219,25.732156499987468,sent,3,699,0,0,0.0,0.0,192237.1948331,192237.1948351,,,,,0,1,
2026-08-18T05:53:45.147+00:00,1787032425.1474912,192237.1949497,25.732184299995424,send_error,10,700,0,0,0.0,0.0,192237.1949476,,,,,,,0,robot_not_discovered
2026-08-18T05:53:45.275+00:00,1787032425.2751873,192237.3229607,25.860195299988845,send_error,1,701,0,0,0.0,0.0,192237.3229496,,,,,,,0,robot_not_discovered
2026-08-18T05:53:45.280+00:00,1787032425.2801907,192237.327424,25.86465859998134,sent,2,702,21,22,0.0,0.0,192237.3271634,192237.3272535,,,,,0,1,
2026-08-18T05:53:45.280+00:00,1787032425.2801907,192237.3275712,25.864805799996248,sent,3,703,0,0,0.0,0.0,192237.3274582,192237.3274601,,,,,0,1,
2026-08-18T05:53:45.280+00:00,1787032425.2801907,192237.3276095,25.864844099996844,send_error,10,704,0,0,0.0,0.0,192237.3276054,,,,,,,0,robot_not_discovered
2026-08-18T05:53:45.415+00:00,1787032425.415014,192237.4626617,25.99989629999618,send_error,1,705,0,0,0.0,0.0,192237.4626526,,,,,,,0,robot_not_discovered
2026-08-18T05:53:45.419+00:00,1787032425.4190152,192237.4663886,26.0036231999984,sent,2,706,19,19,0.0,0.0,192237.4661135,192237.4662136,,,,,0,1,
2026-08-18T05:53:45.419+00:00,1787032425.4190152,192237.4665008,26.003735399979632,sent,3,707,0,0,0.0,0.0,192237.4664197,192237.4664215,,,,,0,1,
2026-08-18T05:53:45.419+00:00,1787032425.4190152,192237.4665301,26.00376469999901,send_error,10,708,0,0,0.0,0.0,192237.4665274,,,,,,,0,robot_not_discovered
2026-08-18T05:53:45.553+00:00,1787032425.5532131,192237.6001415,26.13737609999953,send_error,1,709,0,0,0.0,0.0,192237.6001324,,,,,,,0,robot_not_discovered
2026-08-18T05:53:45.557+00:00,1787032425.5572178,192237.6042403,26.141474899981404,sent,2,710,18,18,0.0,0.0,192237.603898,192237.6041342,,,,,0,1,
2026-08-18T05:53:45.557+00:00,1787032425.5572178,192237.6043228,26.14155739999842,sent,3,711,0,0,0.0,0.0,192237.604278,192237.6042801,,,,,0,1,
2026-08-18T05:53:45.557+00:00,1787032425.5572178,192237.6043405,26.141575099987676,send_error,10,712,0,0,0.0,0.0,192237.6043384,,,,,,,0,robot_not_discovered
2026-08-18T05:53:45.691+00:00,1787032425.6913326,192237.7388375,26.2760720999795,send_error,1,713,0,0,0.0,0.0,192237.738824,,,,,,,0,robot_not_discovered
2026-08-18T05:53:45.695+00:00,1787032425.6959355,192237.7435655,26.280800099979388,sent,2,714,18,18,0.0,0.0,192237.7432692,192237.7433065,,,,,0,1,
2026-08-18T05:53:45.695+00:00,1787032425.6959355,192237.743714,26.280948600004194,sent,3,715,0,0,0.0,0.0,192237.743601,192237.7436219,,,,,0,1,
2026-08-18T05:53:45.696+00:00,1787032425.6969364,192237.7437404,26.28097500000149,send_error,10,716,0,0,0.0,0.0,192237.7437384,,,,,,,0,robot_not_discovered
2026-08-18T05:53:45.827+00:00,1787032425.8279583,192237.8754175,26.412652099999832,send_error,1,717,0,0,0.0,0.0,192237.875407,,,,,,,0,robot_not_discovered
2026-08-18T05:53:45.831+00:00,1787032425.8319018,192237.879392,26.416626599995652,sent,2,718,18,18,0.0,0.0,192237.8792437,192237.8792679,,,,,0,1,
2026-08-18T05:53:45.831+00:00,1787032425.8319018,192237.8795044,26.41673900000751,sent,3,719,0,0,0.0,0.0,192237.8794225,192237.8794241,,,,,0,1,
2026-08-18T05:53:45.831+00:00,1787032425.8319018,192237.8795341,26.41676870000083,send_error,10,720,0,0,0.0,0.0,192237.8795314,,,,,,,0,robot_not_discovered
2026-08-18T05:53:45.977+00:00,1787032425.9774199,192238.0245401,26.561774700006936,send_error,1,721,0,0,0.0,0.0,192238.0245276,,,,,,,0,robot_not_discovered
2026-08-18T05:53:45.977+00:00,1787032425.9774199,192238.0250815,26.56231609999668,sent,2,722,0,0,0.0,0.0,192238.0248802,192238.0248836,,,,,0,1,
2026-08-18T05:53:45.978+00:00,1787032425.978418,192238.025383,26.562617599993246,sent,3,723,0,0,0.0,0.0,192238.0251754,192238.0251774,,,,,0,1,
2026-08-18T05:53:45.978+00:00,1787032425.978418,192238.0254236,26.562658199982252,send_error,10,724,0,0,0.0,0.0,192238.0254208,,,,,,,0,robot_not_discovered
2026-08-18T05:53:46.113+00:00,1787032426.1135573,192238.1612395,26.698474100005114,send_error,1,725,0,0,0.0,0.0,192238.1612297,,,,,,,0,robot_not_discovered
2026-08-18T05:53:46.114+00:00,1787032426.1145518,192238.1615679,26.698802500002785,sent,2,726,0,0,0.0,0.0,192238.161284,192238.1612854,,,,,0,1,
2026-08-18T05:53:46.114+00:00,1787032426.1145518,192238.1617999,26.699034499994013,sent,3,727,0,0,0.0,0.0,192238.1615987,192238.1616004,,,,,0,1,
2026-08-18T05:53:46.114+00:00,1787032426.1145518,192238.1618235,26.699058099999093,send_error,10,728,0,0,0.0,0.0,192238.161821,,,,,,,0,robot_not_discovered
2026-08-18T05:53:46.254+00:00,1787032426.2547467,192238.3022853,26.839519899978768,send_error,1,729,0,0,0.0,0.0,192238.3022597,,,,,,,0,robot_not_discovered
2026-08-18T05:53:46.255+00:00,1787032426.255748,192238.3026683,26.839902899984736,sent,2,730,0,0,0.0,0.0,192238.3023314,192238.3023335,,,,,0,1,
2026-08-18T05:53:46.255+00:00,1787032426.255748,192238.3027725,26.840007099992363,sent,3,731,0,0,0.0,0.0,192238.3027079,192238.30271,,,,,0,1,
2026-08-18T05:53:46.255+00:00,1787032426.255748,192238.3027918,26.840026399993803,send_error,10,732,0,0,0.0,0.0,192238.3027896,,,,,,,0,robot_not_discovered
2026-08-18T05:53:46.395+00:00,1787032426.3957996,192238.4435321,26.98076669999864,send_error,1,733,0,0,0.0,0.0,192238.4435214,,,,,,,0,robot_not_discovered
2026-08-18T05:53:46.396+00:00,1787032426.3968012,192238.4438079,26.98104250000324,sent,2,734,0,0,0.0,0.0,192238.4435722,192238.443574,,,,,0,1,
2026-08-18T05:53:46.396+00:00,1787032426.3968012,192238.4439256,26.981160199997248,sent,3,735,0,0,0.0,0.0,192238.4438412,192238.4438432,,,,,0,1,
2026-08-18T05:53:46.396+00:00,1787032426.3968012,192238.4439555,26.98119009999209,send_error,10,736,0,0,0.0,0.0,192238.4439528,,,,,,,0,robot_not_discovered
2026-08-18T05:53:46.535+00:00,1787032426.5350378,192238.5826314,27.119865999993635,send_error,1,737,0,0,0.0,0.0,192238.5826204,,,,,,,0,robot_not_discovered
2026-08-18T05:53:46.536+00:00,1787032426.536036,192238.5829487,27.120183299994096,sent,2,738,0,0,0.0,0.0,192238.5827258,192238.5827278,,,,,0,1,
2026-08-18T05:53:46.536+00:00,1787032426.536036,192238.5830729,27.12030749997939,sent,3,739,0,0,0.0,0.0,192238.582976,192238.5829778,,,,,0,1,
2026-08-18T05:53:46.536+00:00,1787032426.536036,192238.5831076,27.12034219998168,send_error,10,740,0,0,0.0,0.0,192238.583105,,,,,,,0,robot_not_discovered
2026-08-18T05:53:46.678+00:00,1787032426.678112,192238.7249485,27.262183099985123,send_error,1,741,0,0,0.0,0.0,192238.7249379,,,,,,,0,robot_not_discovered
2026-08-18T05:53:46.678+00:00,1787032426.678112,192238.7252259,27.262460500001907,sent,2,742,0,0,0.0,0.0,192238.7249891,192238.7249907,,,,,0,1,
2026-08-18T05:53:46.678+00:00,1787032426.678112,192238.7253381,27.26257269998314,sent,3,743,0,0,0.0,0.0,192238.7252599,192238.7252617,,,,,0,1,
2026-08-18T05:53:46.678+00:00,1787032426.678112,192238.7253651,27.262599699985003,send_error,10,744,0,0,0.0,0.0,192238.7253625,,,,,,,0,robot_not_discovered
2026-08-18T05:53:46.810+00:00,1787032426.810533,192238.8581127,27.395347299985588,send_error,1,745,0,0,0.0,0.0,192238.8581029,,,,,,,0,robot_not_discovered
2026-08-18T05:53:46.810+00:00,1787032426.810533,192238.858327,27.39556159998756,sent,2,746,0,0,0.0,0.0,192238.8581557,192238.8581574,,,,,0,1,
2026-08-18T05:53:46.811+00:00,1787032426.8115916,192238.8584682,27.395702799985884,sent,3,747,0,0,0.0,0.0,192238.8583517,192238.8583533,,,,,0,1,
2026-08-18T05:53:46.811+00:00,1787032426.8115916,192238.8585046,27.395739200001117,send_error,10,748,0,0,0.0,0.0,192238.8585019,,,,,,,0,robot_not_discovered
2026-08-18T05:53:46.959+00:00,1787032426.9597328,192239.0068109,27.544045499991626,send_error,1,749,0,0,0.0,0.0,192239.0068001,,,,,,,0,robot_not_discovered
2026-08-18T05:53:46.959+00:00,1787032426.9597328,192239.0070933,27.544327899988275,sent,2,750,0,0,0.0,0.0,192239.0068792,192239.0068808,,,,,0,1,
2026-08-18T05:53:46.959+00:00,1787032426.9597328,192239.0072555,27.544490100000985,sent,3,751,0,0,0.0,0.0,192239.0071474,192239.0071499,,,,,0,1,
2026-08-18T05:53:46.959+00:00,1787032426.9597328,192239.0072967,27.54453129999456,send_error,10,752,0,0,0.0,0.0,192239.0072942,,,,,,,0,robot_not_discovered
2026-08-18T05:53:47.103+00:00,1787032427.1049669,192239.1517164,27.688950999989174,send_error,1,753,0,0,0.0,0.0,192239.1517052,,,,,,,0,robot_not_discovered
2026-08-18T05:53:47.104+00:00,1787032427.1049669,192239.1520178,27.68925239998498,send_error,1,755,0,0,0.0,0.0,192239.1520131,,,,,,,0,robot_not_discovered
2026-08-18T05:53:47.104+00:00,1787032427.1049669,192239.1521725,27.68940709999879,sent,2,754,0,0,0.0,0.0,192239.1517651,192239.1517668,,,,,0,1,
2026-08-18T05:53:47.104+00:00,1787032427.1049669,192239.1522259,27.68946049999795,sent,2,756,0,0,0.0,0.0,192239.1520254,192239.1520267,,,,,0,1,
2026-08-18T05:53:47.104+00:00,1787032427.1049669,192239.1523801,27.689614699978847,sent,3,757,0,0,0.0,0.0,192239.1521973,192239.1521989,,,,,0,1,
2026-08-18T05:53:47.104+00:00,1787032427.1049669,192239.1524154,27.689649999985704,send_error,10,759,0,0,0.0,0.0,192239.1524125,,,,,,,0,robot_not_discovered
2026-08-18T05:53:47.104+00:00,1787032427.1049669,192239.1524337,27.68966829997953,sent,3,758,0,0,0.0,0.0,192239.1522618,192239.1522633,,,,,0,1,
2026-08-18T05:53:47.104+00:00,1787032427.1049669,192239.1524476,27.68968219999806,send_error,10,760,0,0,0.0,0.0,192239.1524455,,,,,,,0,robot_not_discovered
