wall_time_iso,t_wall,t_perf,session_elapsed_s,cycle_id,robot_id,state,previous_state,x,y,yaw,pose_age_ms,waypoint_x,waypoint_y,final_goal_x,final_goal_y,distance_error,desired_heading,angle_error,u_att_x,u_att_y,u_rep_x,u_rep_y,u_res_x,u_res_y,repulsion_norm,align_factor,linear_cmd,angular_cmd,left_cmd,right_cmd,controller_mode,avoid_enabled,requested_delay_ms,jitter_ms
2026-08-18T05:59:33.133+00:00,1787032773.1330009,192585.1716226,0.30128449999028817,1,2,ORIENT,ORIENT,0.18686464483386567,0.6317054285240603,-2.1006043152382103,434.2150688171387,1.0,0.625,1.0,0.625,0.8131630024741944,-0.008246199836788658,2.0923581154014217,0.9999659657478333,-0.008246106095612049,0.0,0.0,0.9999659657478333,-0.008246106095612049,0.0,0.0,0,35.0,-35,35,apf_fsm,1,0.0,0.0
2026-08-18T05:59:33.134+00:00,1787032773.1345062,192585.1724562,0.3021180999930948,1,3,ORIENT,ORIENT,1.0015445753045302,0.6284804982725535,2.0174709621027422,435.72044372558594,0.2,0.625,0.2,0.625,0.8015521318469218,-3.1372504418742615,1.128463903202583,-0.9999906420707703,-0.004342198371887207,0.0,0.0,-0.9999906420707703,-0.004342198371887207,0.0,0.0,0,35.0,-35,35,apf_fsm,1,0.0,0.0
2026-08-18T05:59:33.272+00:00,1787032773.2726157,192585.3103735,0.44003539998084307,2,2,ORIENT,ORIENT,0.18686464483386567,0.6317054285240603,-2.1006043152382103,113.68155479431152,1.0,0.625,1.0,0.625,0.8131630024741944,-0.008246199836788658,2.0923581154014217,0.9999659657478333,-0.008246106095612049,0.0,0.0,0.9999659657478333,-0.008246106095612049,0.0,0.0,0,35.0,-35,35,apf_fsm,1,0.0,0.0
2026-08-18T05:59:33.272+00:00,1787032773.2726157,192585.3111343,0.44079619998228736,2,3,ORIENT,ORIENT,1.0015445753045302,0.6284804982725535,2.0174709621027422,113.68155479431152,0.2,0.625,0.2,0.625,0.8015521318469218,-3.1372504418742615,1.128463903202583,-0.9999906420707703,-0.004342198371887207,0.0,0.0,-0.9999906420707703,-0.004342198371887207,0.0,0.0,0,34.0,-34,34,apf_fsm,1,0.0,0.0
2026-08-18T05:59:33.426+00:00,1787032773.4260187,192585.4644859,0.5941478000022471,3,2,ORIENT,ORIENT,0.18686464483386567,0.6317054285240603,-2.1006043152382103,113.1446361541748,1.0,0.625,1.0,0.625,0.8131630024741944,-0.008246199836788658,2.0923581154014217,0.9999659657478333,-0.008246106095612049,0.0,0.0,0.9999659657478333,-0.008246106095612049,0.0,0.0,0,35.0,-35,35,apf_fsm,1,0.0,0.0
2026-08-18T05:59:33.428+00:00,1787032773.4280138,192585.4658766,0.5955384999979287,3,3,ORIENT,ORIENT,1.0015445753045302,0.6284804982725535,2.0174709621027422,115.13972282409668,0.2,0.625,0.2,0.625,0.8015521318469218,-3.1372504418742615,1.128463903202583,-0.9999906420707703,-0.004342198371887207,0.0,0.0,-0.9999906420707703,-0.004342198371887207,0.0,0.0,0,34.0,-34,34,apf_fsm,1,0.0,0.0
2026-08-18T05:59:33.566+00:00,1787032773.5664995,192585.604206,0.733867899980396,4,2,ORIENT,ORIENT,0.18686464483386567,0.6317054285240603,-2.1006043152382103,113.21377754211426,1.0,0.625,1.0,0.625,0.8131630024741944,-0.008246199836788658,2.0923581154014217,0.9999659657478333,-0.008246106095612049,0.0,0.0,0.9999659657478333,-0.008246106095612049,0.0,0.0,0,35.0,-35,35,apf_fsm,1,0.0,0.0
2026-08-18T05:59:33.568+00:00,1787032773.5685039,192585.6064617,0.7361235999851488,4,3,ORIENT,ORIENT,1.0015445753045302,0.6284804982725535,2.0174709621027422,116.20616912841797,0.2,0.625,0.2,0.625,0.8015521318469218,-3.1372504418742615,1.128463903202583,-0.9999906420707703,-0.004342198371887207,0.0,0.0,-0.9999906420707703,-0.004342198371887207,0.0,0.0,0,26.0,-26,26,apf_fsm,1,0.0,0.0
2026-08-18T05:59:33.703+00:00,1787032773.7031884,192585.7411232,0.8707850999780931,5,2,ORIENT,ORIENT,0.18686464483386567,0.6317054285240603,-2.085765160478168,112.28632926940918,1.0,0.625,1.0,0.625,0.8131630024741944,-0.008246199836788658,2.0775189606413793,0.9999659657478333,-0.008246106095612049,0.0,0.0,0.9999659657478333,-0.008246106095612049,0.0,0.0,0,35.0,-35,35,apf_fsm,1,0.0,0.0
2026-08-18T05:59:33.704+00:00,1787032773.7041903,192585.7419551,0.8716169999970589,5,3,ORIENT,ORIENT,1.0015445753045302,0.6284804982725535,2.092809038204957,112.28632926940918,0.2,0.625,0.2,0.625,0.8015521318469218,-3.1372504418742615,1.0531258271003683,-0.9999906420707703,-0.004342198371887207,0.0,0.0,-0.9999906420707703,-0.004342198371887207,0.0,0.0,0,26.0,-26,26,apf_fsm,1,0.0,0.0
2026-08-18T05:59:33.841+00:00,1787032773.8419576,192585.8801179,1.0097797999915201,6,2,ORIENT,ORIENT,0.18686464483386567,0.6317054285240603,-1.958394771126417,111.25707626342773,1.0,0.625,1.0,0.625,0.8131630024741944,-0.008246199836788658,1.9501485712896283,0.9999659657478333,-0.008246106095612049,0.0,0.0,0.9999659657478333,-0.008246106095612049,0.0,0.0,0,33.095748588286995,-33,33,apf_fsm,1,0.0,0.0
2026-08-18T05:59:33.842+00:00,1787032773.8429422,192585.8807134,1.0103752999857534,6,3,ORIENT,ORIENT,1.0015445753045302,0.6284804982725535,2.3270721774985264,112.24174499511719,0.2,0.625,0.2,0.625,0.8015521318469218,-3.1372504418742615,0.8188626878067984,-0.9999906420707703,-0.004342198371887207,0.0,0.0,-0.9999906420707703,-0.004342198371887207,0.0,0.0,0,-26.0,26,-26,apf_fsm,1,0.0,0.0
2026-08-18T05:59:33.995+00:00,1787032773.9955223,192586.0334916,1.1631535000051372,7,2,ORIENT,ORIENT,0.18686464483386567,0.6317054285240603,-1.692509094309185,122.89929389953613,1.0,0.625,1.0,0.625,0.8131630024741944,-0.008246199836788658,1.6842628944723963,0.9999659657478333,-0.008246106095612049,0.0,0.0,0.9999659657478333,-0.008246106095612049,0.0,0.0,0,26.0,-26,26,apf_fsm,1,0.0,0.0
2026-08-18T05:59:33.997+00:00,1787032773.9975212,192586.0353421,1.1650039999803994,7,3,ORIENT,ORIENT,1.0014414282008155,0.6237338717779372,2.470108226271634,124.89819526672363,0.2,0.625,0.2,0.625,0.8014424283236056,3.140012841130102,0.669904614858468,-0.9999987483024597,0.0015798117965459824,0.0,0.0,-0.9999987483024597,0.0015798117965459824,0.0,0.0,0,26.0,-26,26,apf_fsm,1,0.0,0.0
2026-08-18T05:59:34.135+00:00,1787032774.1355069,192586.173514,1.3031758999859449,8,2,ORIENT,ORIENT,0.18686464483386567,0.6317054285240603,-1.54529913673758,109.15398597717285,1.0,0.625,1.0,0.625,0.8131630024741944,-0.008246199836788658,1.5370529369007913,0.9999659657478333,-0.008246106095612049,0.0,0.0,0.9999659657478333,-0.008246106095612049,0.0,0.0,0,26.0,-26,26,apf_fsm,1,0.0,0.0
2026-08-18T05:59:34.136+00:00,1787032774.136803,192586.1744816,1.3041434999904595,8,3,ORIENT,ORIENT,1.0014235234060829,0.6216268355386343,2.615981613596492,109.15398597717285,0.2,0.625,0.2,0.625,0.8014306221421189,3.1373837124092594,0.5214020988127674,-0.9999911785125732,0.004208928905427456,0.0,0.0,-0.9999911785125732,0.004208928905427456,0.0,0.0,0,26.0,-26,26,apf_fsm,1,0.0,0.0
2026-08-18T05:59:34.286+00:00,1787032774.2865694,192586.3250876,1.4547495000006165,9,2,ORIENT,ORIENT,0.18873638668555445,0.6316540432650211,-1.3093171424955334,118.09945106506348,1.0,0.625,1.0,0.625,0.8112909013293462,-0.008201888858284581,1.3011152536372488,0.9999663233757019,-0.008201796561479568,0.0,0.0,0.9999663233757019,-0.008201796561479568,0.0,0.0,0,26.0,-26,26,apf_fsm,1,0.0,0.0
2026-08-18T05:59:34.287+00:00,1787032774.2875688,192586.3258381,1.4554999999818392,9,3,ORIENT,ORIENT,1.001340415900715,0.619737266085711,2.670868145405745,119.09890174865723,0.2,0.625,0.2,0.625,0.801357696989418,3.135025334410597,0.46415718900485237,-0.9999784231185913,0.006567271891981363,0.0,0.0,-0.9999784231185913,0.006567271891981363,0.0,0.0,0,26.0,-26,26,apf_fsm,1,0.0,0.0
2026-08-18T05:59:34.432+00:00,1787032774.4322665,192586.4708185,1.6004803999967407,10,2,ORIENT,ORIENT,0.19278867695865481,0.6315706495768678,-0.9681003243145998,107.09524154663086,1.0,0.625,1.0,0.625,0.8072380649362497,-0.008139758018438276,0.9599605662961616,0.9999668598175049,-0.00813966803252697,0.0,0.0,0.9999668598175049,-0.00813966803252697,0.0,0.0,0,-26.0,26,-26,apf_fsm,1,0.0,0.0
2026-08-18T05:59:34.433+00:00,1787032774.4332707,192586.4717814,1.6014432999945711,10,3,ORIENT,ORIENT,1.001340415900715,0.619737266085711,2.677894316154035,108.09946060180664,0.2,0.625,0.2,0.625,0.801357696989418,3.135025334410597,0.457131018256562,-0.9999784231185913,0.006567271891981363,0.0,0.0,-0.9999784231185913,0.006567271891981363,0.0,0.0,0,26.0,-26,26,apf_fsm,1,0.0,0.0
2026-08-18T05:59:34.578+00:00,1787032774.578087,192586.6164396,1.7461015000008047,11,2,ORIENT,ORIENT,0.19278867695865481,0.6315706495768678,-0.9246622127248922,112.43891716003418,1.0,0.625,1.0,0.625,0.8072380649362497,-0.008139758018438276,0.916522454706454,0.9999668598175049,-0.00813966803252697,0.0,0.0,0.9999668598175049,-0.00813966803252697,0.0,0.0,0,26.0,-26,26,apf_fsm,1,0.0,0.0
2026-08-18T05:59:34.579+00:00,1787032774.579089,192586.6178226,1.7474844999960624,11,3,ORIENT,ORIENT,1.001340415900715,0.619737266085711,2.677894316154035,113.44075202941895,0.2,0.625,0.2,0.625,0.801357696989418,3.135025334410597,0.457131018256562,-0.9999784231185913,0.006567271891981363,0.0,0.0,-0.9999784231185913,0.006567271891981363,0.0,0.0,0,26.0,-26,26,apf_fsm,1,0.0,0.0
2026-08-18T05:59:34.725+00:00,1787032774.725547,192586.7634953,1.8931571999855805,12,2,ORIENT,ORIENT,0.19278867695865481,0.6315706495768678,-0.7785524448319957,112.82730102539062,1.0,0.625,1.0,0.625,0.8072380649362497,-0.008139758018438276,0.7704126868135575,0.9999668598175049,-0.00813966803252697,0.0,0.0,0.9999668598175049,-0.00813966803252697,0.0,0.0,0,26.0,-26,26,apf_fsm,1,0.0,0.0
2026-08-18T05:59:34.726+00:00,1787032774.7265687,192586.7646999,1.8943617999902926,12,3,ORIENT,ORIENT,1.001340415900715,0.619737266085711,2.677894316154035,113.84892463684082,0.2,0.625,0.2,0.625,0.801357696989418,3.135025334410597,0.457131018256562,-0.9999784231185913,0.006567271891981363,0.0,0.0,-0.9999784231185913,0.006567271891981363,0.0,0.0,0,26.0,-26,26,apf_fsm,1,0.0,0.0
2026-08-18T05:59:34.874+00:00,1787032774.874045,192586.911822,2.0414838999859057,13,2,ORIENT,ORIENT,0.19278867695865481,0.6315706495768678,-0.608597271722013,108.23488235473633,1.0,0.625,1.0,0.625,0.8072380649362497,-0.008139758018438276,0.6004575137035747,0.9999668598175049,-0.00813966803252697,0.0,0.0,0.9999668598175049,-0.00813966803252697,0.0,0.0,0,26.0,-26,26,apf_fsm,1,0.0,0.0
2026-08-18T05:59:34.875+00:00,1787032774.875058,192586.9129687,2.042630599986296,13,3,ORIENT,ORIENT,1.001340415900715,0.619737266085711,2.740764036990684,109.24792289733887,0.2,0.625,0.2,0.625,0.801357696989418,3.135025334410597,0.39426129741991334,-0.9999784231185913,0.006567271891981363,0.0,0.0,-0.9999784231185913,0.006567271891981363,0.0,0.0,0,26.0,-26,26,apf_fsm,1,0.0,0.0
2026-08-18T05:59:35.024+00:00,1787032775.024483,192587.0627683,2.192430199997034,14,2,ORIENT,ORIENT,0.19278867695865481,0.6315706495768678,-0.54402319790564,121.7041015625,1.0,0.625,1.0,0.625,0.8072380649362497,-0.008139758018438276,0.5358834398872018,0.9999668598175049,-0.00813966803252697,0.0,0.0,0.9999668598175049,-0.00813966803252697,0.0,0.0,0,26.0,-26,26,apf_fsm,1,0.0,0.0
2026-08-18T05:59:35.025+00:00,1787032775.0254757,192587.0640718,2.19373369999812,14,3,ORIENT,ORIENT,1.0007972187862235,0.6149576537541186,2.9561106771030063,122.6968765258789,0.2,0.625,0.2,0.625,0.8008601840108378,3.1290528749182207,0.17294219781521436,-0.9999213814735413,0.012539450079202652,0.0,0.0,-0.9999213814735413,0.012539450079202652,0.0,0.0,0,-26.0,26,-26,apf_fsm,1,0.0,0.0
2026-08-18T05:59:35.174+00:00,1787032775.1748443,192587.2125698,2.3422316999931354,15,2,ORIENT,ORIENT,0.19278867695865481,0.6315706495768678,-0.523251453339368,118.2551383972168,1.0,0.625,1.0,0.625,0.8072380649362497,-0.008139758018438276,0.5151116953209297,0.9999668598175049,-0.00813966803252697,0.0,0.0,0.9999668598175049,-0.00813966803252697,0.0,0.0,0,26.0,-26,26,apf_fsm,1,0.0,0.0
2026-08-18T05:59:35.174+00:00,1787032775.1748443,192587.2133605,2.3430223999894224,15,3,RUN,ORIENT,1.0003036440438167,0.6105223269307132,-3.075006344225563,118.2551383972168,0.2,0.625,0.2,0.625,0.8004345855142151,3.1235044007415502,-0.0846745622124736,-0.9998363852500916,0.018087266013026237,0.0,0.0,-0.9998363852500916,0.018087266013026237,0.0,1.0,35.0,-3.810355299561312,38,31,apf_fsm,1,0.0,0.0
2026-08-18T05:59:35.330+00:00,1787032775.330435,192587.3684551,2.4981169999809936,16,2,ORIENT,ORIENT,0.19278867695865481,0.6315706495768678,-0.523251453339368,115.69666862487793,1.0,0.625,1.0,0.625,0.8072380649362497,-0.008139758018438276,0.5151116953209297,0.9999668598175049,-0.00813966803252697,0.0,0.0,0.9999668598175049,-0.00813966803252697,0.0,0.0,0,26.0,-26,26,apf_fsm,1,0.0,0.0
2026-08-18T05:59:35.331+00:00,1787032775.3319433,192587.369904,2.4995658999832813,16,3,RUN,RUN,1.0000699222975928,0.608775663196186,-2.9365352561600395,117.20490455627441,0.2,0.625,0.2,0.625,0.8002344092014538,3.1213167841822536,-0.2253332668372927,-0.9997944831848145,0.020274480804800987,0.0,0.0,-0.9997944831848145,0.020274480804800987,0.0,0.9663457218425541,35.0,-7.176387330241596,42,27,apf_fsm,1,0.0,0.0
2026-08-18T05:59:35.488+00:00,1787032775.488961,192587.5276987,2.6573605999874417,17,2,ORIENT,ORIENT,0.19278867695865481,0.6315706495768678,-0.523251453339368,119.93885040283203,1.0,0.625,1.0,0.625,0.8072380649362497,-0.008139758018438276,0.5151116953209297,0.9999668598175049,-0.00813966803252697,0.0,0.0,0.9999668598175049,-0.00813966803252697,0.0,0.0,0,26.0,-26,26,apf_fsm,1,0.0,0.0
2026-08-18T05:59:35.490+00:00,1787032775.4904659,192587.5290201,2.658681999979308,17,3,RUN,RUN,1.0003816404010837,0.6065482219557626,-2.898232534397763,121.4437484741211,0.2,0.625,0.2,0.625,0.800594303254853,3.118543012095667,-0.2664097606861562,-0.9997343420982361,0.02304759994149208,0.0,0.0,-0.9997343420982361,0.02304759994149208,0.0,0.8793681881675662,35.0,-4.101774891571783,39,30,apf_fsm,1,0.0,0.0
2026-08-18T05:59:35.630+00:00,1787032775.6304317,192587.6688495,2.7985114000039175,18,2,ORIENT,ORIENT,0.19278867695865481,0.6315706495768678,-0.523251453339368,116.42956733703613,1.0,0.625,1.0,0.625,0.8072380649362497,-0.008139758018438276,0.5151116953209297,0.9999668598175049,-0.00813966803252697,0.0,0.0,0.9999668598175049,-0.00813966803252697,0.0,0.0,0,34.0,-34,34,apf_fsm,1,0.0,0.0
2026-08-18T05:59:35.631+00:00,1787032775.6318274,192587.6696405,2.799302400002489,18,3,RUN,RUN,1.0003816404010837,0.6065482219557626,-2.8664075549531733,117.82526969909668,0.2,0.625,0.2,0.625,0.800594303254853,3.118543012095667,-0.2982347401307459,-0.9997343420982361,0.02304759994149208,0.0,0.0,-0.9997343420982361,0.02304759994149208,0.0,0.8119802988425335,35.0,-4.0962216818681,39,30,apf_fsm,1,0.0,0.0
2026-08-18T05:59:35.778+00:00,1787032775.778947,192587.816822,2.9464838999847416,19,2,ORIENT,ORIENT,0.19278867695865481,0.6315706495768678,-0.523251453339368,111.40322685241699,1.0,0.625,1.0,0.625,0.8072380649362497,-0.008139758018438276,0.5151116953209297,0.9999668598175049,-0.00813966803252697,0.0,0.0,0.9999668598175049,-0.00813966803252697,0.0,0.0,0,34.0,-34,34,apf_fsm,1,0.0,0.0
2026-08-18T05:59:35.778+00:00,1787032775.778947,192587.8175014,2.9471632999775466,19,3,RUN,RUN,1.0003816404010837,0.6065482219557626,-2.849782348955733,111.40322685241699,0.2,0.625,0.2,0.625,0.800594303254853,3.118543012095667,-0.3148599461281858,-0.9997343420982361,0.02304759994149208,0.0,0.0,-0.9997343420982361,0.02304759994149208,0.0,0.7767772111638137,35.0,-3.730481671192254,38,31,apf_fsm,1,0.0,0.0
2026-08-18T05:59:35.918+00:00,1787032775.9188714,192587.9564945,3.0861563999787904,20,2,ORIENT,ORIENT,0.19278867695865481,0.6315706495768678,-0.523251453339368,111.29450798034668,1.0,0.625,1.0,0.625,0.8072380649362497,-0.008139758018438276,0.5151116953209297,0.9999668598175049,-0.00813966803252697,0.0,0.0,0.9999668598175049,-0.00813966803252697,0.0,0.0,0,34.0,-34,34,apf_fsm,1,0.0,0.0
2026-08-18T05:59:35.918+00:00,1787032775.9188714,192587.9572884,3.086950299999444,20,3,RUN,RUN,0.9997368541649929,0.6048866498350133,-2.849782348955733,112.28752136230469,0.2,0.625,0.2,0.625,0.7999897391620586,3.1164479929142974,-0.3169549653095558,-0.9996838569641113,0.025142010301351547,0.0,0.0,-0.9996838569641113,0.025142010301351547,0.0,0.7723411070973905,35.0,-3.2428753244435082,38,31,apf_fsm,1,0.0,0.0
2026-08-18T05:59:36.137+00:00,1787032776.137569,192588.1754245,3.305086399981519,21,2,ORIENT,ORIENT,0.19278867695865481,0.6315706495768678,-0.523251453339368,173.51555824279785,1.0,0.625,1.0,0.625,0.8072380649362497,-0.008139758018438276,0.5151116953209297,0.9999668598175049,-0.00813966803252697,0.0,0.0,0.9999668598175049,-0.00813966803252697,0.0,0.0,0,34.0,-34,34,apf_fsm,1,0.0,0.0
2026-08-18T05:59:36.138+00:00,1787032776.1385665,192588.1762851,3.3059469999861903,21,3,RUN,RUN,0.9966319487885409,0.6034320433684418,-2.8722619578689317,174.5131015777588,0.2,0.625,0.2,0.625,0.7969238599664897,3.114525335115712,-0.29639801419494205,-0.9996337294578552,0.027064014226198196,0.0,0.0,-0.9996337294578552,0.027064014226198196,0.0,0.8158694791732818,35.0,-2.244486852937939,37,32,apf_fsm,1,0.0,0.0
2026-08-18T05:59:36.290+00:00,1787032776.2908714,192588.3294036,3.4590654999774415,22,2,ORIENT,ORIENT,0.19278867695865481,0.6315706495768678,-0.4892536341847847,131.1206817626953,1.0,0.625,1.0,0.625,0.8072380649362497,-0.008139758018438276,0.4811138761663464,0.9999668598175049,-0.00813966803252697,0.0,0.0,0.9999668598175049,-0.00813966803252697,0.0,0.0,0,26.0,-26,26,apf_fsm,1,0.0,0.0
2026-08-18T05:59:36.292+00:00,1787032776.2928767,192588.331005,3.4606668999767862,22,3,RUN,RUN,0.9823905423898303,0.6016766729210745,-2.9541347022719826,133.12602043151855,0.2,0.625,0.2,0.625,0.7827381033315571,3.1117911403689744,-0.2172594645386292,-0.9995560050010681,0.029797103255987167,0.0,0.0,-0.9995560050010681,0.029797103255987167,0.0,0.9834416164897704,35.0,0.5972545925846573,34,35,apf_fsm,1,0.0,0.0
2026-08-18T05:59:36.467+00:00,1787032776.467525,192588.5051668,3.634828699985519,23,2,ORIENT,ORIENT,0.19333863156001127,0.6334728688844786,-0.3185788175556651,138.47756385803223,1.0,0.625,1.0,0.625,0.8067058651333885,-0.010503240006581479,0.3080755775490836,0.9999448657035828,-0.01050304714590311,0.0,0.0,0.9999448657035828,-0.01050304714590311,0.0,0.0,0,-26.0,26,-26,apf_fsm,1,0.0,0.0
2026-08-18T05:59:36.467+00:00,1787032776.467525,192588.5058199,3.6354817999817897,23,3,RUN,RUN,0.9626392320411263,0.601209765396588,-3.0403433982832926,139.47486877441406,0.2,0.625,0.2,0.625,0.7630102053778602,3.1104081546863496,-0.13243375420994408,-0.9995138049125671,0.03117944486439228,0.0,0.0,-0.9995138049125671,0.03117944486439228,0.0,1.0,35.0,1.644562319404539,33,36,apf_fsm,1,0.0,0.0
2026-08-18T05:59:36.645+00:00,1787032776.645696,192588.6835542,3.8132160999812186,24,2,ORIENT,ORIENT,0.19367838131662277,0.6360282909703076,-0.16607428912755987,144.90628242492676,1.0,0.625,1.0,0.625,0.8063970336986039,-0.013676432676680658,0.15239785645087922,0.9999064803123474,-0.013676006346940994,0.0,0.0,0.9999064803123474,-0.013676006346940994,0.0,0.0,0,-26.0,26,-26,apf_fsm,1,0.0,0.0
2026-08-18T05:59:36.646+00:00,1787032776.6467025,192588.6846738,3.814335699978983,24,3,RUN,RUN,0.9343983186299125,0.6030093811209151,3.056615695868532,145.91288566589355,0.2,0.625,0.2,0.625,0.7347274853475455,3.1116578753188553,0.0550421794503233,-0.9995520114898682,0.02993030846118927,0.0,0.0,-0.9995520114898682,0.02993030846118927,0.0,1.0,35.0,7.112079472612591,27,42,apf_fsm,1,0.0,0.0
2026-08-18T05:59:36.820+00:00,1787032776.8205895,192588.8584762,3.988138099986827,25,2,ORIENT,ORIENT,0.19461493274194575,0.6425720621605701,0.24894483921756155,136.87419891357422,1.0,0.625,1.0,0.625,0.8055767399390548,-0.021814750489134376,-0.27075958970669595,0.9997620582580566,-0.02181302011013031,0.0,0.0,0.9997620582580566,-0.02181302011013031,0.0,0.0,0,-35.0,35,-35,apf_fsm,1,0.0,0.0
2026-08-18T05:59:36.820+00:00,1787032776.8205895,192588.8590792,3.9887410999799613,25,3,RUN,RUN,0.9173408133980145,0.6054835448230598,2.989521747485605,136.87419891357422,0.2,0.625,0.2,0.625,0.7176062531703571,3.1143926945067197,0.1248709470211149,-0.9996301531791687,0.027196606621146202,0.0,0.0,-0.9996301531791687,0.027196606621146202,0.0,1.0,35.0,3.692716335188855,31,38,apf_fsm,1,0.0,0.0
2026-08-18T05:59:36.975+00:00,1787032776.9752657,192589.0131446,4.14280649999273,26,2,ORIENT,ORIENT,0.19461493274194575,0.6425720621605701,0.34718967499918263,121.32620811462402,1.0,0.625,1.0,0.625,0.8055767399390548,-0.021814750489134376,-0.369004425488317,0.9997620582580566,-0.02181302011013031,0.0,0.0,0.9997620582580566,-0.02181302011013031,0.0,0.0,0,-26.0,26,-26,apf_fsm,1,0.0,0.0
2026-08-18T05:59:36.977+00:00,1787032776.977268,192589.0152293,4.144891200005077,26,3,RUN,RUN,0.9091784038154045,0.6065879058762248,2.989521747485605,123.32844734191895,0.2,0.625,0.2,0.625,0.7094173761955564,3.1156359129724898,0.12611416548688492,-0.9996630549430847,0.02595382370054722,0.0,0.0,-0.9996630549430847,0.02595382370054722,0.0,1.0,35.0,1.3046543011708,33,36,apf_fsm,1,0.0,0.0
2026-08-18T05:59:37.124+00:00,1787032777.1248527,192589.1630727,4.2927345999924,27,2,ORIENT,ORIENT,0.19461493274194575,0.6425720621605701,0.38838584337326043,118.02387237548828,1.0,0.625,1.0,0.625,0.8055767399390548,-0.021814750489134376,-0.4102005938623948,0.9997620582580566,-0.02181302011013031,0.0,0.0,0.9997620582580566,-0.02181302011013031,0.0,0.0,0,-26.0,26,-26,apf_fsm,1,0.0,0.0
2026-08-18T05:59:37.125+00:00,1787032777.1258512,192589.1642244,4.293886300001759,27,3,RUN,RUN,0.8973186310248122,0.6074440526562146,3.021561102586016,119.02236938476562,0.2,0.625,0.2,0.625,0.6975395934722673,3.1164216093494677,0.09486050676345181,-0.9996832609176636,0.025168387219309807,0.0,0.0,-0.9996832609176636,0.025168387219309807,0.0,1.0,35.0,-0.14527298768564068,35,34,apf_fsm,1,0.0,0.0
2026-08-18T05:59:37.267+00:00,1787032777.2678957,192589.3056542,4.435316099988995,28,2,ORIENT,ORIENT,0.19461493274194575,0.6425720621605701,0.38838584337326043,110.38327217102051,1.0,0.625,1.0,0.625,0.8055767399390548,-0.021814750489134376,-0.4102005938623948,0.9997620582580566,-0.02181302011013031,0.0,0.0,0.9997620582580566,-0.02181302011013031,0.0,0.0,0,-26.0,26,-26,apf_fsm,1,0.0,0.0
2026-08-18T05:59:37.268+00:00,1787032777.268912,192589.3067004,4.4363622999808285,28,3,RUN,RUN,0.8973186310248122,0.6074440526562146,3.021561102586016,262.0832920074463,0.2,0.625,0.2,0.625,0.6975395934722673,3.1164216093494677,0.09486050676345181,-0.9996832609176636,0.025168387219309807,0.0,0.0,-0.9996832609176636,0.025168387219309807,0.0,1.0,35.0,0.9486050676345181,34,35,apf_fsm,1,0.0,0.0
2026-08-18T05:59:37.412+00:00,1787032777.41284,192589.4508223,4.5804841999779455,29,2,ORIENT,ORIENT,0.19461493274194575,0.6425720621605701,0.34215330134432975,116.00995063781738,1.0,0.625,1.0,0.625,0.8055767399390548,-0.021814750489134376,-0.36396805183346415,0.9997620582580566,-0.02181302011013031,0.0,0.0,0.9997620582580566,-0.02181302011013031,0.0,0.0,0,-26.0,26,-26,apf_fsm,1,0.0,0.0
2026-08-18T05:59:37.413+00:00,1787032777.4135218,192589.4523325,4.58199439998134,29,3,RUN,RUN,0.8883896493862556,0.6077350209465178,3.04308833252869,116.69182777404785,0.2,0.625,0.2,0.625,0.6886061202776584,3.11651766946848,0.07342933693979026,-0.9996856451034546,0.025072356685996056,0.0,0.0,-0.9996856451034546,0.025072356685996056,0.0,1.0,35.0,-0.01579757443025187,35,34,apf_fsm,1,0.0,0.0
2026-08-18T05:59:37.559+00:00,1787032777.559871,192589.5977923,4.727454199979547,30,2,ORIENT,ORIENT,0.19461493274194575,0.6425720621605701,0.20157012837402383,110.10241508483887,1.0,0.625,1.0,0.625,0.8055767399390548,-0.021814750489134376,-0.2233848788631582,0.9997620582580566,-0.02181302011013031,0.0,0.0,0.9997620582580566,-0.02181302011013031,0.0,0.0,0,26.0,-26,26,apf_fsm,1,0.0,0.0
2026-08-18T05:59:37.560+00:00,1787032777.560874,192589.5986624,4.728324299998349,30,3,RUN,RUN,0.8830453029953254,0.6077898258861658,3.0677968877932065,111.10544204711914,0.2,0.625,0.2,0.625,0.6832620844427154,3.1164017426164654,0.048604854823258936,-0.9996827244758606,0.025188246741890907,0.0,0.0,-0.9996827244758606,0.025188246741890907,0.0,1.0,35.0,-0.3828083258460069,35,34,apf_fsm,1,0.0,0.0
2026-08-18T05:59:37.699+00:00,1787032777.699121,192589.7375675,4.867229399998905,31,2,ORIENT,ORIENT,0.19461493274194575,0.6425720621605701,0.1557155267951951,109.33899879455566,1.0,0.625,1.0,0.625,0.8055767399390548,-0.021814750489134376,-0.17753027728432946,0.9997620582580566,-0.02181302011013031,0.0,0.0,0.9997620582580566,-0.02181302011013031,0.0,0.0,0,-26.0,26,-26,apf_fsm,1,0.0,0.0
2026-08-18T05:59:37.702+00:00,1787032777.702058,192589.7398528,4.869514699996216,31,3,RUN,RUN,0.8680716831356214,0.6069977845093025,3.089978857728228,112.27607727050781,0.2,0.625,0.2,0.625,0.668314187766679,3.1146526400937224,0.024673782365494557,-0.9996371269226074,0.02693675458431244,0.0,0.0,-0.9996371269226074,0.02693675458431244,0.0,1.0,35.0,-0.5908497123668077,35,34,apf_fsm,1,0.0,0.0
2026-08-18T05:59:37.845+00:00,1787032777.8458507,192589.8841145,5.013776399980998,32,2,RUN,ORIENT,0.19461493274194575,0.6425720621605701,0.010420235483203234,113.19780349731445,1.0,0.625,1.0,0.625,0.8055767399390548,-0.021814750489134376,-0.03223498597233761,0.9997620582580566,-0.02181302011013031,0.0,0.0,0.9997620582580566,-0.02181302011013031,0.0,1.0,35.0,-1.4505743687551924,36,33,apf_fsm,1,0.0,0.0
2026-08-18T05:59:37.846+00:00,1787032777.8468578,192589.8846758,5.0143377000058535,32,3,RUN,RUN,0.8431387307293633,0.6053950017901037,3.119261599654382,114.20488357543945,0.2,0.625,0.2,0.625,0.6434374739778422,3.111118779490204,-0.008142820164177778,-0.9995357394218445,0.03046915866434574,0.0,0.0,-0.9995357394218445,0.03046915866434574,0.0,1.0,35.0,-1.2300092901803095,36,33,apf_fsm,1,0.0,0.0
2026-08-18T05:59:37.994+00:00,1787032777.9949393,192590.0329404,5.16260229999898,33,2,RUN,RUN,0.19461493274194575,0.6425720621605701,-0.11845687131512336,114.01033401489258,1.0,0.625,1.0,0.625,0.8055767399390548,-0.021814750489134376,0.09664212082598898,0.9997620582580566,-0.02181302011013031,0.0,0.0,0.9997620582580566,-0.02181302011013031,0.0,1.0,35.0,5.477119946201321,29,40,apf_fsm,1,0.0,0.0
2026-08-18T05:59:37.995+00:00,1787032777.9959319,192590.0336028,5.163264699978754,33,3,RUN,RUN,0.8220267378659853,0.6043834437714781,3.128820951341516,115.00287055969238,0.2,0.625,0.2,0.625,0.6223683033469194,3.1084606191864017,-0.020360332155114236,-0.999451220035553,0.033125974237918854,0.0,0.0,-0.999451220035553,0.033125974237918854,0.0,1.0,35.0,-0.6312162412339184,35,34,apf_fsm,1,0.0,0.0
2026-08-18T05:59:38.138+00:00,1787032778.1386113,192590.1762168,5.305878699989989,34,2,RUN,RUN,0.19461493274194575,0.6425720621605701,-0.18490181310463844,111.76562309265137,1.0,0.625,1.0,0.625,0.8055767399390548,-0.021814750489134376,0.16308706261550407,0.9997620582580566,-0.02181302011013031,0.0,0.0,0.9997620582580566,-0.02181302011013031,0.0,1.0,35.0,3.9564435887880682,31,38,apf_fsm,1,0.0,0.0
2026-08-18T05:59:38.138+00:00,1787032778.1386113,192590.1768981,5.306559999997262,34,3,RUN,RUN,0.8066181721919076,0.6038389102575215,3.13655393027009,112.7634048461914,0.2,0.625,0.2,0.625,0.6069871485892762,3.106723085541794,-0.02983084472829578,-0.9993921518325806,0.03486250340938568,0.0,0.0,-0.9993921518325806,0.03486250340938568,0.0,1.0,35.0,-0.6297763873443118,35,34,apf_fsm,1,0.0,0.0
2026-08-18T05:59:38.268+00:00,1787032778.2687123,192590.3068087,5.436470599990571,35,2,RUN,RUN,0.19461493274194575,0.6425720621605701,-0.2247863538458656,105.75079917907715,1.0,0.625,1.0,0.625,0.8055767399390548,-0.021814750489134376,0.20297160335673123,0.9997620582580566,-0.02181302011013031,0.0,0.0,0.9997620582580566,-0.02181302011013031,0.0,1.0,35.0,3.4256749595102627,31,38,apf_fsm,1,0.0,0.0
2026-08-18T05:59:38.270+00:00,1787032778.2707043,192590.3084632,5.438125099986792,35,3,RUN,RUN,0.7933322234063805,0.6027082078002652,3.13655393027009,107.7427864074707,0.2,0.625,0.2,0.625,0.5937508326999088,3.1040398092271158,-0.03251412104297424,-0.9992949962615967,0.037544019520282745,0.0,0.0,-0.9992949962615967,0.037544019520282745,0.0,1.0,35.0,-0.4190558814434886,35,34,apf_fsm,1,0.0,0.0
2026-08-18T05:59:38.417+00:00,1787032778.4174082,192590.4550276,5.584689499984961,36,2,RUN,RUN,0.19819487994891505,0.6401664034374407,-0.25681741517672557,112.46538162231445,1.0,0.625,1.0,0.625,0.8019485459388039,-0.01891306788343947,0.2379043472932861,0.9998211860656738,-0.01891194097697735,0.0,0.0,0.9998211860656738,-0.01891194097697735,0.0,0.9397270533233956,35.0,3.6016895107122817,31,38,apf_fsm,1,0.0,0.0
2026-08-18T05:59:38.417+00:00,1787032778.4174082,192590.4558003,5.585462199989706,36,3,RUN,RUN,0.7841457902734544,0.6023059974896234,3.13655393027009,113.45481872558594,0.2,0.625,0.2,0.625,0.5845864538664401,3.10276228620076,-0.03379164406933022,-0.9992461800575256,0.03882060945034027,0.0,0.0,-0.9992461800575256,0.03882060945034027,0.0,1.0,35.0,-0.3826297466157613,35,34,apf_fsm,1,0.0,0.0
2026-08-18T05:59:38.568+00:00,1787032778.5688899,192590.6069155,5.73657739997725,37,2,RUN,RUN,0.20774309423995002,0.6356334863179353,-0.2943313581624096,110.31579971313477,1.0,0.625,1.0,0.625,0.7923282626258906,-0.013420959609132052,0.28091039855327754,0.9999099373817444,-0.013420556671917439,0.0,0.0,0.9999099373817444,-0.013420556671917439,0.0,0.8486637730576274,35.0,4.314315779632476,30,39,apf_fsm,1,0.0,0.0
2026-08-18T05:59:38.569+00:00,1787032778.5698824,192590.6075466,5.737208499980625,37,3,RUN,RUN,0.7559059312049022,0.6024552643809848,3.13655393027009,111.30833625793457,0.2,0.625,0.2,0.625,0.5563628936700584,3.1010599163910606,-0.035494013879029396,-0.9991785883903503,0.040521636605262756,0.0,0.0,-0.9991785883903503,0.040521636605262756,0.0,1.0,35.0,-0.4145230821297652,35,34,apf_fsm,1,0.0,0.0
2026-08-18T05:59:38.703+00:00,1787032778.7033072,192590.7414628,5.871124700002838,38,2,RUN,RUN,0.2122763745083029,0.6335797911675634,-0.2943313581624096,104.42614555358887,1.0,0.625,1.0,0.625,0.7877703491337196,-0.010891449781114797,0.2834399083812948,0.9999406933784485,-0.010891234502196312,0.0,0.0,0.9999406933784485,-0.010891234502196312,0.0,0.843307655589153,35.0,2.922931927793552,32,37,apf_fsm,1,0.0,0.0
2026-08-18T05:59:38.704+00:00,1787032778.704311,192590.7421344,5.8717962999944575,38,3,RUN,RUN,0.7496108198285478,0.6027878073902138,3.13655393027009,105.42988777160645,0.2,0.625,0.2,0.625,0.5500594829408386,3.1012002330942186,-0.035353697175871446,-0.9991843700408936,0.04038143903017044,0.0,0.0,-0.9991843700408936,0.04038143903017044,0.0,1.0,35.0,-0.3486258871481862,35,34,apf_fsm,1,0.0,0.0
2026-08-18T05:59:38.852+00:00,1787032778.8522117,192590.8902309,6.019892799988156,39,2,RUN,RUN,0.22481012589996707,0.6281412280248269,-0.2943313581624096,116.49155616760254,1.0,0.625,1.0,0.625,0.775196238523336,-0.00405218263546679,0.29027917552694277,0.999991774559021,-0.004052171483635902,0.0,0.0,0.999991774559021,-0.004052171483635902,0.0,0.828825830761027,35.0,3.1421661053671066,31,38,apf_fsm,1,0.0,0.0
2026-08-18T05:59:38.853+00:00,1787032778.8532093,192590.8912578,6.020919699978549,39,3,RUN,RUN,0.7320769637852748,0.6036776102990385,3.13655393027009,117.48909950256348,0.2,0.625,0.2,0.625,0.5325040278660024,3.1015402015268365,-0.03501372874325348,-0.9991980195045471,0.04004174470901489,0.0,0.0,-0.9991980195045471,0.04004174470901489,0.0,1.0,35.0,-0.338238392290906,35,34,apf_fsm,1,0.0,0.0
2026-08-18T05:59:39.008+00:00,1787032779.0087776,192591.0465688,6.176230699988082,40,2,RUN,RUN,0.23467326509354813,0.6241430905677501,-0.2943313581624096,117.30241775512695,1.0,0.625,1.0,0.625,0.7653272146319805,0.0011196643711941792,0.2954510225336038,0.9999994039535522,0.0011196641717106104,0.0,0.0,0.9999994039535522,0.0011196641717106104,0.0,0.8178746892434753,35.0,3.1355248705691734,31,38,apf_fsm,1,0.0,0.0
2026-08-18T05:59:39.008+00:00,1787032779.0087776,192591.0472624,6.176924300001701,40,3,RUN,RUN,0.7252428887919783,0.60371715812173,-3.1249126339672757,117.30241775512695,0.2,0.625,0.2,0.625,0.5256739023243953,3.1010948056843337,-0.05717786752797682,-0.9991800785064697,0.04048677906394005,0.0,0.0,-0.9991800785064697,0.04048677906394005,0.0,1.0,35.0,-1.3475235327450852,36,33,apf_fsm,1,0.0,0.0
2026-08-18T05:59:39.144+00:00,1787032779.1446667,192591.1831831,6.312844999978552,41,2,RUN,RUN,0.24426082915338934,0.6206654062455699,-0.2711222548823532,108.87527465820312,1.0,0.625,1.0,0.625,0.7557516014239987,0.005735505293673239,0.2768577601760264,0.9999836087226868,0.005735474172979593,0.0,0.0,0.9999836087226868,0.005735474172979593,0.0,0.8572450432173165,35.0,2.117813419245057,32,37,apf_fsm,1,0.0,0.0
2026-08-18T05:59:39.145+00:00,1787032779.1456664,192591.1838658,6.313527699996484,41,3,RUN,RUN,0.7193204828215709,0.6033219071570869,-3.11427943306094,109.87496376037598,0.2,0.625,0.2,0.625,0.5197727422512031,3.0998736866340213,-0.06903218748462514,-0.9991298317909241,0.041706863790750504,0.0,0.0,-0.9991298317909241,0.041706863790750504,0.0,1.0,35.0,-1.1052230733289425,36,33,apf_fsm,1,0.0,0.0
2026-08-18T05:59:39.289+00:00,1787032779.289397,192591.3282,6.457861899980344,42,2,RUN,RUN,0.2535447657770433,0.617651264127594,-0.23385053506283984,101.46379470825195,1.0,0.625,1.0,0.625,0.7464914069282858,0.009844526420734506,0.24369506148357434,0.9999515414237976,0.009844367392361164,0.0,0.0,0.9999515414237976,0.009844367392361164,0.0,0.9274654898038509,35.0,1.2762561605999205,33,36,apf_fsm,1,0.0,0.0
2026-08-18T05:59:39.290+00:00,1787032779.290902,192591.3287617,6.458423599979142,42,3,RUN,RUN,0.7154446227381036,0.6028462244564994,-3.105879480888621,102.96869277954102,0.2,0.625,0.2,0.625,0.5159204869749385,3.0986391568483427,-0.07866666944262235,-0.9990776181221008,0.04294028878211975,0.0,0.0,-0.9990776181221008,0.04294028878211975,0.0,1.0,35.0,-1.1238735629561258,36,33,apf_fsm,1,0.0,0.0
2026-08-18T05:59:39.436+00:00,1787032779.4363127,192591.4743458,6.604007699992508,43,2,RUN,RUN,0.26584052118963414,0.614244058961479,-0.21616573219085908,109.49254035949707,1.0,0.625,1.0,0.625,0.7342382655478615,0.014649640138455934,0.230815372329315,0.9998926520347595,0.01464911550283432,0.0,0.0,0.9998926520347595,0.01464911550283432,0.0,0.9547376226509187,35.0,1.8573646028940738,33,36,apf_fsm,1,0.0,0.0
2026-08-18T05:59:39.437+00:00,1787032779.4378161,192591.4757867,6.605448599992087,43,3,RUN,RUN,0.7076173917075561,0.6024201133512953,-3.105879480888621,110.99600791931152,0.2,0.625,0.2,0.625,0.5081193438996894,3.0971398629197306,-0.08016596337123438,-0.9990121722221375,0.04443815350532532,0.0,0.0,-0.9990121722221375,0.04443815350532532,0.0,1.0,35.0,-0.854134921213765,35,34,apf_fsm,1,0.0,0.0
2026-08-18T05:59:39.586+00:00,1787032779.5863981,192591.6246909,6.754352799995104,44,2,RUN,RUN,0.27268907391956776,0.6126538799335975,-0.21616573219085908,109.62724685668945,1.0,0.625,1.0,0.625,0.727415706371996,0.016973392519255084,0.23313912471011417,0.9998559355735779,0.016972577199339867,0.0,0.0,0.9998559355735779,0.016972577199339867,0.0,0.9498171868489501,35.0,2.4127225804291124,32,37,apf_fsm,1,0.0,0.0
2026-08-18T05:59:39.588+00:00,1787032779.5883894,192591.6264754,6.7561372999916784,44,3,RUN,RUN,0.665329161675089,0.6016778184031996,-3.105879480888621,111.6185188293457,0.2,0.625,0.2,0.625,0.4659132460659122,3.0915148073908885,-0.08579101890007657,-0.998746395111084,0.05005691945552826,0.0,0.0,-0.998746395111084,0.05005691945552826,0.0,1.0,35.0,-1.054787132510242,36,33,apf_fsm,1,0.0,0.0
2026-08-18T05:59:39.728+00:00,1787032779.7285514,192591.7669714,6.896633299998939,45,2,RUN,RUN,0.28229348669450255,0.6101799597323312,-0.19158722838178213,111.83023452758789,1.0,0.625,1.0,0.625,0.7178595077274309,0.02064623067434147,0.2122334590561236,0.9997868537902832,0.020644763484597206,0.0,0.0,0.9997868537902832,0.020644763484597206,0.0,0.9940839454751447,35.0,1.3906362926715659,33,36,apf_fsm,1,0.0,0.0
2026-08-18T05:59:39.730+00:00,1787032779.7305477,192591.7682904,6.897952300001634,45,3,RUN,RUN,0.6515041326576461,0.6019995003698191,-3.122837269821968,113.82651329040527,0.2,0.625,0.2,0.625,0.4520895981884246,3.0906947069639914,-0.06965333039362687,-0.9987049698829651,0.05087597295641899,0.0,0.0,-0.9987049698829651,0.05087597295641899,0.0,1.0,35.0,-0.1317142062105292,35,34,apf_fsm,1,0.0,0.0
2026-08-18T05:59:39.869+00:00,1787032779.8698187,192591.908116,7.037777899997309,46,2,RUN,RUN,0.287432553324197,0.6088880153545841,-0.1739765096390036,112.74170875549316,1.0,0.625,1.0,0.625,0.7127495788222449,0.022607319066532055,0.19658382870553565,0.9997445344924927,0.022605394944548607,0.0,0.0,0.9997445344924927,0.022605394944548607,0.0,1.0,35.0,1.4181012247847784,33,36,apf_fsm,1,0.0,0.0
2026-08-18T05:59:39.870+00:00,1787032779.870815,192591.9089632,7.038625099987257,46,3,RUN,RUN,0.6388149099196305,0.602345654579393,-3.141540864630028,113.7380599975586,0.2,0.625,0.2,0.625,0.4393992996514783,3.090012248337445,-0.051632194212112736,-0.9986700415611267,0.05155753716826439,0.0,0.0,-0.9986700415611267,0.05155753716826439,0.0,1.0,35.0,0.1144178242318672,34,35,apf_fsm,1,0.0,0.0
2026-08-18T05:59:40.048+00:00,1787032780.0489619,192592.0864868,7.216148699983023,47,2,RUN,RUN,0.3034059976056911,0.6057464899671829,-0.1739765096390036,141.10159873962402,1.0,0.625,1.0,0.625,0.6968600302932478,0.02763246403439275,0.20160897367339636,0.9996182918548584,0.027628948912024498,0.0,0.0,0.9996182918548584,0.027628948912024498,0.0,1.0,35.0,2.1919698106090886,32,37,apf_fsm,1,0.0,0.0
2026-08-18T05:59:40.049+00:00,1787032780.0499759,192592.0879419,7.217603800003417,47,3,RUN,RUN,0.6321437257572018,0.6025118953477859,3.11815153285799,143.1140899658203,0.2,0.625,0.2,0.625,0.43272845360822365,3.0896010660789557,-0.028550466779034167,-0.9986487627029419,0.05196816846728325,0.0,0.0,-0.9986487627029419,0.05196816846728325,0.0,1.0,35.0,0.5223557923674083,34,35,apf_fsm,1,0.0,0.0
2026-08-18T05:59:40.197+00:00,1787032780.197434,192592.2355021,7.365163999987999,48,2,RUN,RUN,0.3079586735375187,0.6045271986584004,-0.151968076827454,120.6660270690918,1.0,0.625,1.0,0.625,0.6923440857887956,0.0295745821906485,0.18154265901810251,0.9995627403259277,0.02957027219235897,0.0,0.0,0.9995627403259277,0.02957027219235897,0.0,1.0,35.0,1.1131055772457406,33,36,apf_fsm,1,0.0,0.0
2026-08-18T05:59:40.201+00:00,1787032780.201966,192592.239803,7.369464899995364,48,3,RUN,RUN,0.6130615012690441,0.6043163697780445,3.0833349436471678,125.1981258392334,0.2,0.625,0.2,0.625,0.4135790328217753,3.0915604723207557,0.008225528673587945,-0.9987486600875854,0.05001131072640419,0.0,0.0,-0.9987486600875854,0.05001131072640419,0.0,1.0,35.0,1.3694151275776534,33,36,apf_fsm,1,0.0,0.0
2026-08-18T05:59:40.373+00:00,1787032780.3738189,192592.4113725,7.541034399997443,49,2,AVOID,RUN,0.32105975743284376,0.6022148917442254,-0.10636856004293652,141.4964199066162,1.0,0.625,1.0,0.625,0.6793224669738049,-0.096432151034516,0.009936409008420521,0.9994373321533203,0.03354093059897423,-0.16033817827701569,-0.11470881849527359,0.8390991687774658,-0.08116789162158966,0.1971457451581955,0.9999506342941762,24.0,0.44713840537892346,23,24,apf_fsm,1,0.0,0.0
2026-08-18T05:59:40.373+00:00,1787032780.3738189,192592.4121676,7.54182949999813,49,3,AVOID,RUN,0.5961314151673415,0.606048901637638,3.0833349436471678,142.500638961792,0.2,0.625,0.2,0.625,0.39658447046199446,2.9501777125518087,-0.13315723109535904,-0.9988576173782349,0.04778577759861946,0.16033817827701569,0.11470881849527359,-0.8385194540023804,0.16249459981918335,0.1971457451581955,0.9911476674546433,24.0,-5.992075399291157,29,18,apf_fsm,1,0.0,0.0
2026-08-18T05:59:40.544+00:00,1787032780.5442388,192592.5819612,7.711623099981807,50,2,AVOID,AVOID,0.32781519065064935,0.6010510379950742,-0.07947245550127235,139.6937370300293,1.0,0.625,1.0,0.625,0.6726113072950352,-1.5451776460667237,-1.4657051905654512,0.9993659257888794,0.03560594841837883,-0.9927869439125061,-0.2923538386821747,0.006578981876373291,-0.25674790143966675,1.0349379777908325,0.10489780269588307,7.342846188711815,-35.0,42,-27,apf_fsm,1,0.0,0.0
2026-08-18T05:59:40.546+00:00,1787032780.5462446,192592.5838508,7.713512699992862,50,3,AVOID,AVOID,0.5801781038650886,0.6075649306314169,3.0833349436471678,140.69890975952148,0.2,0.625,0.2,0.625,0.3805776823492694,1.5890196200599782,-1.4943153235871895,-0.9989501237869263,0.04581212252378464,0.9927869439125061,0.2923538386821747,-0.006163179874420166,0.3381659686565399,1.0349379777908325,0.07640646439689026,5.348452507782318,-35.0,40,-29,apf_fsm,1,0.0,0.0
2026-08-18T05:59:40.710+00:00,1787032780.710988,192592.7493515,7.879013400000986,51,2,AVOID,AVOID,0.34348771726469374,0.5995079259615104,-0.039367220973166334,143.6901092529297,1.0,0.625,1.0,0.625,0.6570070191566499,-1.5275966798586795,-1.4882294588855132,0.9992470145225525,0.03880031034350395,-0.982354998588562,-0.42957910895347595,0.01689201593399048,-0.3907788097858429,1.072175145149231,0.0824730862000905,5.773116034006335,-35.0,40,-29,apf_fsm,1,0.0,0.0
2026-08-18T05:59:40.713+00:00,1787032780.7133353,192592.751107,7.880768899980467,51,3,AVOID,AVOID,0.5653195399473068,0.6091024729224652,3.0833349436471678,146.03734016418457,0.2,0.625,0.2,0.625,0.36566528087103484,1.6060829445512483,-1.4772519990959194,-0.9990544319152832,0.04347562417387962,0.982354998588562,0.42957910895347595,-0.01669943332672119,0.4730547368526459,1.072175145149231,0.09340796012753391,6.538557208927374,-31.4660004945567,38,-24,apf_fsm,1,0.0,0.0
2026-08-18T05:59:40.880+00:00,1787032780.880662,192592.9184719,8.04813379998086,52,2,AVOID,AVOID,0.3543535339064645,0.5989413331027599,0.0018267318405062096,134.67907905578613,1.0,0.625,1.0,0.625,0.6461721235859159,-1.5182427363177537,-1.52006946815826,0.9991865158081055,0.04032775014638901,-0.9752263426780701,-0.4958268105983734,0.0239601731300354,-0.4554990530014038,1.0940340757369995,0.050705106256783,3.54935743797481,-35.0,38,-31,apf_fsm,1,0.0,0.0
2026-08-18T05:59:40.881+00:00,1787032780.881678,192592.9198386,8.04950049999752,52,3,AVOID,AVOID,0.5577591528360581,0.6096751735376533,3.0833349436471678,135.695219039917,0.2,0.625,0.2,0.625,0.35808722644639956,1.6150608379234528,-1.468274105723715,-0.9990838170051575,0.04279635101556778,0.9752263426780701,0.4958268105983734,-0.023857474327087402,0.5386231541633606,1.0940340757369995,0.10234271690762017,7.1639901835334125,-31.509748448659767,38,-24,apf_fsm,1,0.0,0.0
2026-08-18T05:59:41.049+00:00,1787032781.0498042,192593.0875308,8.217192699987208,53,2,AVOID,AVOID,0.35928203703518563,0.5988377304147505,0.0018267318405062096,126.67560577392578,1.0,0.625,1.0,0.625,0.6412518790737634,-1.5120751590583963,-1.5139018908989026,0.9991673231124878,0.04079873859882355,-0.9704256057739258,-0.5296969413757324,0.02874171733856201,-0.48889821767807007,1.105578899383545,0.056863746534937976,3.9804622574456583,-34.762124972944754,38,-30,apf_fsm,1,0.0,0.0
2026-08-18T05:59:41.050+00:00,1787032781.0508034,192593.0883404,8.21800229998189,53,3,AVOID,AVOID,0.5527913606385896,0.6102799645179297,3.0606620138459277,126.67560577392578,0.2,0.625,0.2,0.625,0.35309831999858166,1.620991800701443,-1.4396702131444847,-0.9991306662559509,0.04168820381164551,0.9704256057739258,0.5296969413757324,-0.028705060482025146,0.5713851451873779,1.105578899383545,0.130750671570843,8.0,-30.0,38,-22,apf_fsm,1,0.0,0.0
2026-08-18T05:59:41.207+00:00,1787032781.2070138,192593.2450911,8.374752999981865,54,2,AVOID,AVOID,0.36238162359157905,0.598151802485359,-0.011474166202244264,116.14274978637695,1.0,0.625,1.0,0.625,0.6381833746216646,-1.5001124617805102,-1.488638295578266,0.9991146922111511,0.04206972196698189,-0.9628746509552002,-0.5539215803146362,0.03624004125595093,-0.5118518471717834,1.1108360290527344,0.08206563541325687,5.744594478927981,-31.558105035382003,37,-25,apf_fsm,1,0.0,0.0
2026-08-18T05:59:41.208+00:00,1787032781.2080007,192593.2459976,8.375659499986796,54,3,AVOID,AVOID,0.5512291267903079,0.6116828988838939,2.8865090637565034,117.12956428527832,0.2,0.625,0.2,0.625,0.35148149978059834,1.6322375396421787,-1.2542715241143247,-0.9992820024490356,0.037888482213020325,0.9628746509552002,0.5539215803146362,-0.03640735149383545,0.5918100476264954,1.1108360290527344,0.3112658873678808,8.0,-30.0,38,-22,apf_fsm,1,0.0,0.0
2026-08-18T05:59:41.342+00:00,1787032781.3420932,192593.3805583,8.510220199998002,55,2,AVOID,AVOID,0.36788565085428265,0.5965271547519094,-0.1448224318480004,111.26089096069336,1.0,0.625,1.0,0.625,0.6327552870679435,-1.4501099956161572,-1.3052875637681567,0.998987078666687,0.04499819502234459,-0.9283362627029419,-0.6275618076324463,0.07065081596374512,-0.5825636386871338,1.1205543279647827,0.26240023761390213,8.0,-30.0,38,-22,apf_fsm,1,0.0,0.0
2026-08-18T05:59:41.344+00:00,1787032781.3440983,192593.3824933,8.512155200005509,55,3,AVOID,AVOID,0.5473718213869865,0.6193203300592521,2.5157561654466303,113.2659912109375,0.2,0.625,0.2,0.625,0.3474182507358361,1.6814298350205577,-0.8343263304260726,-0.9998663663864136,0.0163482204079628,0.9283362627029419,0.6275618076324463,-0.07153010368347168,0.6439100503921509,1.1205543279647827,0.6716769192267673,8.0,30.0,-22,38,apf_fsm,1,0.0,0.0
2026-08-18T05:59:41.487+00:00,1787032781.487076,192593.5246876,8.654349499993259,56,2,AVOID,AVOID,0.37600731978231705,0.5925093773017804,-0.39383751267894407,114.40920829772949,1.0,0.625,1.0,0.625,0.6248379834233556,-1.3953496605734876,-1.0015121478945437,0.998647153377533,0.05199847370386124,-0.8828086256980896,-0.7054592967033386,0.11583852767944336,-0.6534608006477356,1.1300548315048218,0.5390292600499174,8.0,30.0,-22,38,apf_fsm,1,0.0,0.0
2026-08-18T05:59:41.487+00:00,1787032781.487076,192593.5253923,8.655054200004088,56,3,AVOID,AVOID,0.5455513660199021,0.6250646081112775,2.3314112597557535,114.40920829772949,0.2,0.625,0.2,0.625,0.3455513720598261,1.7354564978947296,-0.5959547618610239,-0.9999999403953552,-0.0001869710540631786,0.8828086256980896,0.7054592967033386,-0.11719131469726562,0.7052723169326782,1.1300548315048218,0.8276129690816071,24.0,2.383457281166466,21,26,apf_fsm,1,0.0,0.0
2026-08-18T05:59:41.625+00:00,1787032781.6256747,192593.6639364,8.793598299991572,57,2,AVOID,AVOID,0.37989409023679566,0.5892234059886357,-0.5914095527159796,112.01000213623047,1.0,0.625,1.0,0.625,0.6211371056395724,-1.3520526264243182,-0.7606430737083386,0.9983398914337158,0.0575985461473465,-0.8425719738006592,-0.7583068013191223,0.15576791763305664,-0.700708270072937,1.1335593461990356,0.7243928336272671,8.0,30.0,-22,38,apf_fsm,1,0.0,0.0
2026-08-18T05:59:41.626+00:00,1787032781.6266763,192593.6644934,8.794155299983686,57,3,AVOID,AVOID,0.5445004810697429,0.6299380809930171,2.11260653302264,113.01159858703613,0.2,0.625,0.2,0.625,0.3445358705580275,1.779192269584937,-0.33341426343770286,-0.999897301197052,-0.014332559891045094,0.8425719738006592,0.7583068013191223,-0.15732532739639282,0.7439742684364319,1.1335593461990356,0.944930463319222,24.0,5.854774810439208,18,29,apf_fsm,1,0.0,0.0
2026-08-18T05:59:41.776+00:00,1787032781.776292,192593.8138265,8.94348839999293,58,2,AVOID,AVOID,0.3812935412457068,0.5877176796189194,-0.7390309561818093,109.7269058227539,1.0,0.625,1.0,0.625,0.6198287291803078,-1.3296300887511299,-0.5905991325693206,0.9981893301010132,0.06014939025044441,-0.8205732107162476,-0.7823036909103394,0.17761611938476562,-0.7221543192863464,1.1337281465530396,0.8306071959738178,24.0,0.045546614172423894,23,24,apf_fsm,1,0.0,0.0
2026-08-18T05:59:41.776+00:00,1787032781.776292,192593.8146841,8.944346000003861,58,3,AVOID,AVOID,0.5445327419351018,0.6330567096059181,2.071606918357006,110.72683334350586,0.2,0.625,0.2,0.625,0.3446269299329255,1.8026144731232525,-0.26899244523375354,-0.9997267127037048,-0.02337806299328804,0.8205732107162476,0.7823036909103394,-0.17915350198745728,0.7589256167411804,1.1337281465530396,0.9640391536567897,24.0,-0.43516081519930916,24,23,apf_fsm,1,0.0,0.0
2026-08-18T05:59:41.920+00:00,1787032781.9207842,192593.9582644,9.087926299980609,59,2,AVOID,AVOID,0.38458678492970616,0.5841679964444784,-0.8089889475132456,110.49461364746094,1.0,0.625,1.0,0.625,0.6167663072813834,-1.2875416841092677,-0.47855273659602215,0.997806191444397,0.06620336323976517,-0.7765042781829834,-0.8264783620834351,0.22130191326141357,-0.7602750062942505,1.1340305805206299,0.8876623097105396,24.0,-0.8639035068947751,24,23,apf_fsm,1,0.0,0.0
2026-08-18T05:59:41.922+00:00,1787032781.9227896,192593.9606731,9.090334999986226,59,3,AVOID,AVOID,0.5448599691459508,0.6382528838458016,1.9341559159082915,113.0213737487793,0.2,0.625,0.2,0.625,0.34511452772895035,1.8462703472873483,-0.08788556862094321,-0.9992624521255493,-0.03840141370892525,0.7765042781829834,0.8264783620834351,-0.22275817394256592,0.7880769371986389,1.1340305805206299,0.9961405485332177,24.0,5.459884995238929,18,29,apf_fsm,1,0.0,0.0
2026-08-18T05:59:42.075+00:00,1787032782.0757442,192594.1140542,9.243716099997982,60,2,AVOID,AVOID,0.38458678492970616,0.5841679964444784,-0.8650837441889201,119.22121047973633,1.0,0.625,1.0,0.625,0.6167663072813834,-1.2703875006194392,-0.4053037564305191,0.997806191444397,0.06620336323976517,-0.7577800154685974,-0.8410205841064453,0.24002617597579956,-0.7748172283172607,1.1320539712905884,0.918982669033552,24.0,-1.489323258512583,25,22,apf_fsm,1,0.0,0.0
2026-08-18T05:59:42.076+00:00,1787032782.076744,192594.1148444,9.244506299990462,60,3,AVOID,AVOID,0.545139414255876,0.6426981255391302,1.8638414127852139,120.22113800048828,0.2,0.625,0.2,0.625,0.3455928803093142,1.8668523456029107,0.003010932817696821,-0.9986878633499146,-0.0512109100818634,0.7577800154685974,0.8410205841064453,-0.24090784788131714,0.7898097038269043,1.1320539712905884,0.9999954671452082,24.0,3.2114868785293695,20,27,apf_fsm,1,0.0,0.0
2026-08-18T05:59:42.227+00:00,1787032782.228904,192594.2663238,9.39598569998634,61,2,AVOID,AVOID,0.38458678492970616,0.5841679964444784,-0.8650837441889201,119.66490745544434,1.0,0.625,1.0,0.625,0.6167663072813834,-1.260289213838074,-0.3952054696491538,0.997806191444397,0.06620336323976517,-0.7463603615760803,-0.849800169467926,0.25144582986831665,-0.7835968136787415,1.1310235261917114,0.9229174784766963,24.0,-3.5986146591437542,27,20,apf_fsm,1,0.0,0.0
2026-08-18T05:59:42.228+00:00,1787032782.2299037,192594.2673564,9.397018299991032,61,3,AVOID,AVOID,0.5451234756056416,0.6453284686606148,1.8338680007239954,120.65792083740234,0.2,0.625,0.2,0.625,0.34572165111864694,1.8791102964896393,0.04524229576564398,-0.9982697367668152,-0.0588001050055027,0.7463603615760803,0.849800169467926,-0.25190937519073486,0.7910000681877136,1.1310235261917114,0.9989767418940861,24.0,1.9305206608345904,22,25,apf_fsm,1,0.0,0.0
2026-08-18T05:59:42.377+00:00,1787032782.3774714,192594.4152248,9.544886699994095,62,2,AVOID,AVOID,0.38458678492970616,0.5841679964444784,-0.8650837441889201,114.92061614990234,1.0,0.625,1.0,0.625,0.6167663072813834,-1.2207222945642702,-0.3556385503753501,0.997806191444397,0.06620336323976517,-0.6995578408241272,-0.8830705881118774,0.2982483506202698,-0.8168672323226929,1.1265854835510254,0.9374243437151745,24.0,-2.17154332917037,26,21,apf_fsm,1,0.0,0.0
2026-08-18T05:59:42.378+00:00,1787032782.3784726,192594.4166156,9.546277499990538,62,3,AVOID,AVOID,0.5448337665886975,0.6561592060057326,1.775496698008865,115.9217357635498,0.2,0.625,0.2,0.625,0.34623867880214654,1.9284395903268499,0.15294289231798497,-0.9959423542022705,-0.0899934321641922,0.6995578408241272,0.8830705881118774,-0.2963845133781433,0.7930771708488464,1.1265854835510254,0.9883270165589452,24.0,5.298949802511784,18,29,apf_fsm,1,0.0,0.0
2026-08-18T05:59:42.533+00:00,1787032782.5338326,192594.5718414,9.7015032999916,63,2,AVOID,AVOID,0.3887496898674053,0.5795131946529166,-0.8650837441889201,114.10903930664062,1.0,0.625,1.0,0.625,0.612940446616045,-1.1618241443885997,-0.2967404001996796,0.9972425699234009,0.07421080768108368,-0.6239931583404541,-0.9354037046432495,0.3732494115829468,-0.8611928820610046,1.12443208694458,0.9562946898101902,24.0,-0.9059687458483299,24,23,apf_fsm,1,0.0,0.0
2026-08-18T05:59:42.535+00:00,1787032782.535784,192594.5733253,9.70298719999846,63,3,AVOID,AVOID,0.5439161757268163,0.6658193226826074,1.775496698008865,117.1114444732666,0.2,0.625,0.2,0.625,0.3463301214604719,1.9948124792556166,0.21931578124675166,-0.9930298924446106,-0.11786245554685593,0.6239931583404541,0.9354037046432495,-0.3690367341041565,0.817541241645813,1.12443208694458,0.9760465376838073,24.0,4.516208924974351,19,28,apf_fsm,1,0.0,0.0
2026-08-18T05:59:42.675+00:00,1787032782.6753392,192594.7132265,9.842888399987714,64,2,AVOID,AVOID,0.3902256001208396,0.5777369757548343,-0.8733510966878371,105.67164421081543,1.0,0.625,1.0,0.625,0.6116033127843482,-1.1377122335349716,-0.2643611368471346,0.9970096349716187,0.07727725058794022,-0.5908927321434021,-0.9556354284286499,0.40611690282821655,-0.8783581852912903,1.1235626935958862,0.9652596281013858,24.0,-1.5103371511322694,25,22,apf_fsm,1,0.0,0.0
2026-08-18T05:59:42.676+00:00,1787032782.6763442,192594.7140916,9.843753499997547,64,3,AVOID,AVOID,0.5428320559004735,0.6699658529793475,1.80265360519341,106.67657852172852,0.2,0.625,0.2,0.625,0.3457683422280091,2.022572535297683,0.219918930104273,-0.9915079474449158,-0.13004618883132935,0.5908927321434021,0.9556354284286499,-0.40061521530151367,0.8255892395973206,1.1235626935958862,0.9759151379764147,24.0,2.2202995110559764,21,26,apf_fsm,1,0.0,0.0
2026-08-18T05:59:42.820+00:00,1787032782.8208861,192594.859243,9.988904900004854,65,2,AVOID,AVOID,0.39292132652507294,0.5741465672551522,-0.8907148279157278,111.44471168518066,1.0,0.625,1.0,0.625,0.6092048813084248,-1.0882192412828948,-0.19750441336716706,0.996509850025177,0.08347509056329727,-0.5196130275726318,-0.9937732219696045,0.47689682245254517,-0.9102981090545654,1.1214200258255005,0.9805593219503624,24.0,0.36494118812719245,23,24,apf_fsm,1,0.0,0.0
2026-08-18T05:59:42.821+00:00,1787032782.8219106,192594.8602823,9.989944200002356,65,3,AVOID,AVOID,0.5396280899912196,0.6787426165618464,1.838659558536935,112.46919631958008,0.2,0.625,0.2,0.625,0.34385390552674777,2.080474865591294,0.24181530705435894,-0.9877104163169861,-0.15629491209983826,0.5196130275726318,0.9937732219696045,-0.46809738874435425,0.8374782800674438,1.1214200258255005,0.9709048713905718,24.0,3.184526263796598,20,27,apf_fsm,1,0.0,0.0
2026-08-18T05:59:42.986+00:00,1787032782.9860172,192595.0238227,10.15348459998495,66,2,AVOID,AVOID,0.39944979096024413,0.5652148634573242,-0.9633392687410335,121.97160720825195,1.0,0.625,1.0,0.625,0.6035186957577378,-1.018329313277412,-0.05499004453637857,0.99508136510849,0.09906094521284103,-0.4157545566558838,-1.0387566089630127,0.5793268084526062,-0.9396956562995911,1.1188687086105347,0.9984884284626019,24.0,4.438102463713811,19,28,apf_fsm,1,0.0,0.0
2026-08-18T05:59:42.987+00:00,1787032782.9870157,192595.0248378,10.154499700001907,66,3,AVOID,AVOID,0.5359758369557097,0.686156733152898,1.8977669342678178,122.9701042175293,0.2,0.625,0.2,0.625,0.34149657249820886,2.154732727422147,0.2569657931543292,-0.9838337302207947,-0.17908447980880737,0.4157545566558838,1.0387566089630127,-0.5680791735649109,0.8596721291542053,1.1188687086105347,0.9671655640197281,24.0,3.0999249450422517,20,27,apf_fsm,1,0.0,0.0
2026-08-18T05:59:43.143+00:00,1787032783.143167,192595.1808744,10.310536299977684,67,2,AVOID,AVOID,0.40043712707154944,0.5636336314036122,-0.9951062847349825,124.00937080383301,1.0,0.625,1.0,0.625,0.6026951715327783,-0.9967162582467427,-0.0016099735117601766,0.9948028922080994,0.10181991010904312,-0.3815082013607025,-1.0501062870025635,0.6132947206497192,-0.9482863545417786,1.1172608137130737,0.9999987039929257,24.0,1.852202750744042,22,25,apf_fsm,1,0.0,0.0
2026-08-18T05:59:43.144+00:00,1787032783.1441689,192595.1817719,10.311433800001396,67,3,AVOID,AVOID,0.5336431605033011,0.6902539501921052,1.947456642242013,125.01120567321777,0.2,0.625,0.2,0.625,0.3399644636815814,2.18088362508992,0.23342698284790697,-0.9814059734344482,-0.1919434368610382,0.3815082013607025,1.0501062870025635,-0.5998977422714233,0.8581628799438477,1.1172608137130737,0.972879404005342,24.0,1.5104114677542912,22,25,apf_fsm,1,0.0,0.0
2026-08-18T05:59:43.296+00:00,1787032783.2964697,192595.334762,10.464423900004476,68,2,AVOID,AVOID,0.40250507535040997,0.5601427090893347,-1.0219648577175484,114.44211006164551,1.0,0.625,1.0,0.625,0.6010047031149506,-0.9628468334588112,0.059118024258737245,0.9941601753234863,0.10791478306055069,-0.3283062279224396,-1.0647788047790527,0.6658539772033691,-0.9568639993667603,1.1142436265945435,0.9982530384867155,24.0,2.7166601645547823,21,26,apf_fsm,1,0.0,0.0
2026-08-18T05:59:43.297+00:00,1787032783.297474,192595.3358456,10.465507499990053,68,3,AVOID,AVOID,0.5303578304410712,0.695775044032069,1.987476102836842,115.44632911682129,0.2,0.625,0.2,0.625,0.3378541149541809,2.2202826412723873,0.23280653843554533,-0.9778120517730713,-0.2094840407371521,0.3283062279224396,1.0647788047790527,-0.6495058536529541,0.8552947640419006,1.1142436265945435,0.9730227335470052,24.0,2.306349829922796,21,26,apf_fsm,1,0.0,0.0
2026-08-18T05:59:43.452+00:00,1787032783.452082,192595.4899458,10.619607700005872,69,2,AVOID,AVOID,0.4033375361852384,0.5582523454148696,-1.045736653032659,114.94994163513184,1.0,0.625,1.0,0.625,0.6003843311730559,-0.9238029070717466,0.12193374596091244,0.993800938129425,0.11117488890886307,-0.26378563046455383,-1.077479600906372,0.7300152778625488,-0.9663047194480896,1.1092994213104248,0.9925752867602783,24.0,3.4178877191852566,20,27,apf_fsm,1,0.0,0.0
2026-08-18T05:59:43.453+00:00,1787032783.4530807,192595.4908258,10.620487699983642,69,3,AVOID,AVOID,0.5243628300829528,0.7055675757964238,2.039189570665322,115.94867706298828,0.2,0.625,0.2,0.625,0.3342190596138033,2.272346500952673,0.23315693028735085,-0.9705097079277039,-0.24106217920780182,0.26378563046455383,1.077479600906372,-0.7067240476608276,0.8364174365997314,1.1092994213104248,0.9729418351746661,24.0,2.343833017686702,21,26,apf_fsm,1,0.0,0.0
2026-08-18T05:59:43.593+00:00,1787032783.5930126,192595.6313554,10.761017299984815,70,2,AVOID,AVOID,0.40451411064628484,0.5561599148948754,-1.05854894109369,109.32207107543945,1.0,0.625,1.0,0.625,0.5994517509663858,-0.8888890498200482,0.16965989127364167,0.9933841824531555,0.11483841389417648,-0.20643001794815063,-1.0842077732086182,0.7869541645050049,-0.9693693518638611,1.103684663772583,0.985642250298476,24.0,3.36701399868194,20,27,apf_fsm,1,0.0,0.0
2026-08-18T05:59:43.595+00:00,1787032783.5950177,192595.6328626,10.76252449999447,70,3,AVOID,AVOID,0.5188941554283771,0.7146697734363034,2.0502870126904718,111.3271713256836,0.2,0.625,0.2,0.625,0.3312614535899037,2.3197209037267745,0.2694338910363028,-0.9626660346984863,-0.270691841840744,0.20643001794815063,1.0842077732086182,-0.7562360167503357,0.8135159015655518,1.103684663772583,0.9639217409806993,24.0,3.964032536576345,20,27,apf_fsm,1,0.0,0.0
2026-08-18T05:59:43.743+00:00,1787032783.7430794,192595.7805701,10.910231999994721,71,2,AVOID,AVOID,0.4076704881857594,0.5495448336290114,-1.0664801547075775,120.15008926391602,1.0,0.625,1.0,0.625,0.5971161802347766,-0.8631939905092371,0.20328616419834045,0.9919837117195129,0.12636597454547882,-0.17197981476783752,-1.08502197265625,0.820003867149353,-0.9586560130119324,1.0985671281814575,0.9794084271705611,24.0,3.209781194347862,20,27,apf_fsm,1,0.0,0.0
2026-08-18T05:59:43.743+00:00,1787032783.7430794,192595.7813918,10.911053699994227,71,3,AVOID,AVOID,0.5178602935663543,0.7162569517881531,2.0502870126904718,121.16479873657227,0.2,0.625,0.2,0.625,0.3307007672742146,2.343756823206913,0.29346981051644105,-0.9611719250679016,-0.27595022320747375,0.17197981476783752,1.08502197265625,-0.7891920804977417,0.8090717792510986,1.0985671281814575,0.9572459090422565,24.0,3.7759552869692503,20,27,apf_fsm,1,0.0,0.0
2026-08-18T05:59:43.882+00:00,1787032783.8826966,192595.9205192,11.050181099999463,72,2,AVOID,AVOID,0.40984909459966745,0.545345757362218,-1.1010170217686925,105.29613494873047,1.0,0.625,1.0,0.625,0.5955022162133663,-0.8311678270656141,0.26984919470307844,0.991013765335083,0.1337597668170929,-0.12712261080741882,-1.0805846452713013,0.8638911247253418,-0.9468249082565308,1.0880364179611206,0.9638111099200929,24.0,5.028198014696614,18,29,apf_fsm,1,0.0,0.0
2026-08-18T05:59:43.883+00:00,1787032783.88368,192595.9211918,11.050853699998697,72,3,AVOID,AVOID,0.5139661539410938,0.7262893271412955,2.0502870126904718,106.27961158752441,0.2,0.625,0.2,0.625,0.3299003995349187,2.388110006508853,0.33782299381838143,-0.9516997933387756,-0.30702999234199524,0.12712261080741882,1.0805846452713013,-0.8245772123336792,0.7735546827316284,1.0880364179611206,0.9434784343918943,24.0,4.930591353751728,19,28,apf_fsm,1,0.0,0.0
2026-08-18T05:59:44.078+00:00,1787032784.0783272,192596.1160757,11.245737599994754,73,2,AVOID,AVOID,0.41215205901453517,0.5398517052608289,-1.1515696838050584,155.8234691619873,1.0,0.625,1.0,0.625,0.5939826881465817,-0.8111818179683863,0.34038786583667213,0.9896718263626099,0.1433514803647995,-0.10497227311134338,-1.0748907327651978,0.8846995830535889,-0.9315392374992371,1.080004334449768,0.9426252463676156,24.0,5.8727321480425,18,29,apf_fsm,1,0.0,0.0
2026-08-18T05:59:44.080+00:00,1787032784.0808375,192596.118545,11.248206899996148,73,3,AVOID,AVOID,0.5125625178858593,0.7305398320473113,2.0232962401862182,158.33377838134766,0.2,0.625,0.2,0.625,0.3298999601935756,2.410913356815703,0.38761711662948484,-0.947446346282959,-0.31991463899612427,0.10497227311134338,1.0748907327651978,-0.842474102973938,0.7549760937690735,1.080004334449768,0.9258123777748694,24.0,5.618965464683468,18,29,apf_fsm,1,0.0,0.0
2026-08-18T05:59:44.252+00:00,1787032784.252082,192596.2896507,11.419312599988189,74,2,AVOID,AVOID,0.4130379124898619,0.5376434028603917,-1.1515696838050584,147.1846103668213,1.0,0.625,1.0,0.625,0.593427053004892,-0.8036081524301604,0.34796153137489805,0.9891057014465332,0.14720696210861206,-0.09745711088180542,-1.0719354152679443,0.8916485905647278,-0.9247284531593323,1.0763565301895142,0.9400697470728422,24.0,3.7446936075868873,20,27,apf_fsm,1,0.0,0.0
2026-08-18T05:59:44.253+00:00,1787032784.253084,192596.2907714,11.420433299994329,74,3,AVOID,AVOID,0.5119416805926531,0.732541893217844,1.9979946983516559,148.18644523620605,0.2,0.625,0.2,0.625,0.3299588927243013,2.4200544963712725,0.42205979801961657,-0.9453955888748169,-0.32592514157295227,0.09745711088180542,1.0719354152679443,-0.8479384779930115,0.7460103034973145,1.0763565301895142,0.9122470997210081,24.0,5.426091828850776,18,29,apf_fsm,1,0.0,0.0
2026-08-18T05:59:44.421+00:00,1787032784.4219902,192596.4595735,11.589235399995232,75,2,AVOID,AVOID,0.41453758397570895,0.5338715355537159,-1.1515696838050584,146.32010459899902,1.0,0.625,1.0,0.625,0.592512141318081,-0.7906840971865708,0.3608855866184876,0.9881019592285156,0.15380015969276428,-0.08514997363090515,-1.0663487911224365,0.9029519557952881,-0.9125486612319946,1.069743037223816,0.9355844873767766,24.0,4.061197799710509,19,28,apf_fsm,1,0.0,0.0
2026-08-18T05:59:44.421+00:00,1787032784.4219902,192596.4603442,11.590006099984748,75,3,AVOID,AVOID,0.5105344181230036,0.7363231332641086,1.9872377759362654,146.32010459899902,0.2,0.625,0.2,0.625,0.329885532933366,2.4363345976181376,0.44909682168187226,-0.941339910030365,-0.33745986223220825,0.08514997363090515,1.0663487911224365,-0.8561899662017822,0.7288889288902283,1.069743037223816,0.9008395864774927,24.0,5.437264044997672,18,29,apf_fsm,1,0.0,0.0
2026-08-18T05:59:44.585+00:00,1787032784.5855763,192596.6234582,11.753120099980151,76,2,AVOID,AVOID,0.41603235989355375,0.5301891232745483,-1.1597316158507112,138.84258270263672,1.0,0.625,1.0,0.625,0.5916141538510896,-0.7757546909161853,0.38397692493452584,0.9870752096176147,0.1602579653263092,-0.07201871275901794,-1.0578337907791138,0.9150564670562744,-0.897575855255127,1.0602824687957764,0.9271821727627256,24.0,4.647966090406598,19,28,apf_fsm,1,0.0,0.0
2026-08-18T05:59:44.586+00:00,1787032784.586579,192596.6247809,11.754442799981916,76,3,AVOID,AVOID,0.5077769027851626,0.7431338859589031,1.9789806007494928,139.8453712463379,0.2,0.625,0.2,0.625,0.32966989079953685,2.4596493907337127,0.4806687899842199,-0.9335911870002747,-0.35833993554115295,0.07201871275901794,1.0578337907791138,-0.8615725040435791,0.6994938850402832,1.0602824687957764,0.886685891147227,24.0,5.9117067904243665,18,29,apf_fsm,1,0.0,0.0
2026-08-18T05:59:44.773+00:00,1787032784.773567,192596.8116129,11.941274799988605,77,2,AVOID,AVOID,0.4183968712045133,0.524755687156813,-1.1597316158507112,147.82023429870605,1.0,0.625,1.0,0.625,0.5901788895598539,-0.7597255388249182,0.40000607702579294,0.9854692816734314,0.16985413432121277,-0.06278935074806213,-1.0463347434997559,0.9226799011230469,-0.8764805793762207,1.0482170581817627,0.9210586274805671,24.0,4.5610810934522785,19,28,apf_fsm,1,0.0,0.0
2026-08-18T05:59:44.776+00:00,1787032784.7765608,192596.8139552,11.943617099983385,77,3,AVOID,AVOID,0.5045508891778138,0.7506080312750714,1.9789806007494928,149.8119831085205,0.2,0.625,0.2,0.625,0.32943682492975235,2.484272700938352,0.5052921001888593,-0.9244592189788818,-0.3812811076641083,0.06278935074806213,1.0463347434997559,-0.8616698980331421,0.6650536060333252,1.0482170581817627,0.8750331168474751,24.0,5.91473685905097,18,29,apf_fsm,1,0.0,0.0
2026-08-18T05:59:44.935+00:00,1787032784.935454,192596.9732788,12.102940699987812,78,2,AVOID,AVOID,0.4183968712045133,0.524755687156813,-1.1597316158507112,127.1812915802002,1.0,0.625,1.0,0.625,0.5901788895598539,-0.7584641088894711,0.40126750696124003,0.9854692816734314,0.16985413432121277,-0.07125386595726013,-1.0361028909683228,0.9142154455184937,-0.8662487268447876,1.0385501384735107,0.9205666637991631,24.0,4.056825117353048,19,28,apf_fsm,1,0.0,0.0
2026-08-18T05:59:44.936+00:00,1787032784.9363666,192596.9741493,12.103811199980555,78,3,AVOID,AVOID,0.5020823104452724,0.7598496541172927,1.9465451507972993,128.09395790100098,0.2,0.625,0.2,0.625,0.33081437619835596,2.500335323975595,0.5537901731782957,-0.9131474494934082,-0.4076293706893921,0.07125386595726013,1.0361028909683228,-0.8418935537338257,0.6284735202789307,1.0385501384735107,0.8505373282609551,24.0,7.235334286413233,18.0,31,apf_fsm,1,0.0,0.0
2026-08-18T05:59:45.081+00:00,1787032785.081791,192597.1199224,12.249584299977869,79,2,AVOID,AVOID,0.42121864433106926,0.5185304459782218,-1.1945740996223295,115.30518531799316,1.0,0.625,1.0,0.625,0.588492670815501,-0.6614817043907616,0.5330923952315679,0.9834979772567749,0.1809190809726715,-0.04287062585353851,-0.913180410861969,0.9406273365020752,-0.7322613000869751,0.9141861796379089,0.8612396386435026,24.0,9.944795041777155,18.0,33,apf_fsm,1,0.0,0.0
2026-08-18T05:59:45.082+00:00,1787032785.0827868,192597.1210284,12.250690299988491,79,3,AVOID,AVOID,0.5015090182185439,0.7624257172385789,1.9361393269407616,116.30105972290039,0.2,0.625,0.2,0.625,0.3313510462117904,2.6198685577715164,0.6837292308307548,-0.9099383354187012,-0.4147436022758484,0.04287062585353851,0.913180410861969,-0.8670676946640015,0.4984368085861206,0.9141861796379089,0.7752224029459291,8.0,30.0,-22,38,apf_fsm,1,0.0,0.0
2026-08-18T05:59:45.228+00:00,1787032785.2280262,192597.2661711,12.39583299998776,80,2,AVOID,AVOID,0.42121864433106926,0.5185304459782218,-1.20394801836391,113.31534385681152,1.0,0.625,1.0,0.625,0.588492670815501,-0.6038813216041771,0.6000666967597329,0.9834979772567749,0.1809190809726715,-0.025151118636131287,-0.8420345783233643,0.9583468437194824,-0.6611155271530151,0.842410147190094,0.8252979532505879,24.0,8.344767521083103,18.0,32,apf_fsm,1,0.0,0.0
2026-08-18T05:59:45.230+00:00,1787032785.2300286,192597.2676132,12.397275099996477,80,3,AVOID,AVOID,0.5010056393762096,0.7643059288094091,1.9361393269407616,115.31782150268555,0.2,0.625,0.2,0.625,0.331678363384971,2.6954615472246557,0.7593222202838941,-0.9075226783752441,-0.42000308632850647,0.025151118636131287,0.8420345783233643,-0.8823715448379517,0.4220314919948578,0.842410147190094,0.7253027811971272,8.0,30.0,-22,38,apf_fsm,1,0.0,0.0
2026-08-18T05:59:45.408+00:00,1787032785.408877,192597.447017,12.576678899989929,81,2,AVOID,AVOID,0.42199059690973595,0.5163590123956855,-1.20394801836391,142.97890663146973,1.0,0.625,1.0,0.625,0.588130711873138,-0.4316665820667437,0.7722814362971663,0.9827907681465149,0.18472252786159515,0.019469454884529114,-0.6464033722877502,1.0022602081298828,-0.4616808295249939,0.6466965079307556,0.7163206144432166,8.0,30.0,-22,38,apf_fsm,1,0.0,0.0
2026-08-18T05:59:45.411+00:00,1787032785.4113736,192597.4492057,12.578867599979276,81,3,AVOID,AVOID,0.4995019724664241,0.7677408086063289,1.9361393269407616,145.4756259918213,0.2,0.625,0.2,0.625,0.3317775910950998,2.9113370743444076,0.975197747403646,-0.9027191400527954,-0.43023040890693665,-0.019469454884529114,0.6464033722877502,-0.9221885800361633,0.2161729633808136,0.6466965079307556,0.5610043666790625,8.0,30.0,-22,38,apf_fsm,1,0.0,0.0
2026-08-18T05:59:45.573+00:00,1787032785.5739176,192597.6113633,12.741025199997239,82,2,AVOID,AVOID,0.4226876027745625,0.5138878399407703,-1.20394801836391,134.54961776733398,1.0,0.625,1.0,0.625,0.5879077445511406,-0.03548359953122693,1.168464418832683,0.9819779396057129,0.18899591267108917,0.06755189597606659,-0.22625264525413513,1.049529790878296,-0.03725673258304596,0.23612183332443237,0.3915651110396471,8.0,33.8629239228954,-25,41,apf_fsm,1,0.0,0.0
2026-08-18T05:59:45.573+00:00,1787032785.5739176,192597.6121741,12.741836000001058,82,3,AVOID,AVOID,0.4947047963554805,0.7782319740601591,1.974903939409828,135.5586051940918,0.2,0.625,0.2,0.625,0.33216103755452486,-2.900196373851618,1.4080849939181403,-0.8872346878051758,-0.46131834387779236,-0.06755189597606659,0.22625264525413513,-0.9547865986824036,-0.23506569862365723,0.23612183332443237,0.16199431952526702,8.0,35.0,-27,43,apf_fsm,1,0.0,0.0
2026-08-18T05:59:45.729+00:00,1787032785.7296677,192597.7680048,12.897666699980618,83,2,RUN,AVOID,0.4232054292258284,0.5118730066533078,-1.20394801836391,120.30148506164551,1.0,0.625,1.0,0.625,0.5877837131957838,0.19367211923380126,1.3976201375977113,0.9813041090965271,0.19246365129947662,0.0,0.0,0.9813041090965271,0.19246365129947662,0.0,0.15,8.0,35.0,-27,43,apf_fsm,1,0.0,0.0
2026-08-18T05:59:45.731+00:00,1787032785.7311714,192597.7689423,12.898604199988768,83,3,RUN,AVOID,0.4868822465728938,0.7889797339831796,2.1335850594534884,121.80519104003906,0.2,0.625,0.2,0.625,0.3304402768366849,-2.6223229719665797,1.527277275759518,-0.8681818246841431,-0.49624621868133545,0.0,0.0,-0.8681818246841431,-0.49624621868133545,0.0,0.15,8.0,35.0,-27,43,apf_fsm,1,0.0,0.0
2026-08-18T05:59:45.876+00:00,1787032785.876454,192597.9141457,13.043807599984575,84,2,RUN,RUN,0.4246310304429431,0.5088473372856647,-1.1851134196300053,110.43930053710938,1.0,0.625,1.0,0.625,0.5869760575907502,0.1991978843985776,1.3843113040285828,0.9802255630493164,0.19788312911987305,0.0,0.0,0.9802255630493164,0.19788312911987305,0.0,0.15,8.0,30.0,-22,38,apf_fsm,1,0.0,0.0
2026-08-18T05:59:45.877+00:00,1787032785.8773842,192597.9151619,13.044823799980804,84,3,RUN,RUN,0.47561094050878083,0.800496398967492,2.393850857652908,111.36937141418457,0.2,0.625,0.2,0.625,0.32674206429336866,-2.574585586819487,1.3147488627071908,-0.843512237071991,-0.5371098518371582,0.0,0.0,-0.843512237071991,-0.5371098518371582,0.0,0.15,8.0,30.0,-22,38,apf_fsm,1,0.0,0.0
2026-08-18T05:59:46.056+00:00,1787032786.0563333,192598.0939375,13.223599399992963,85,2,RUN,RUN,0.42668869362435524,0.5043819773740918,-1.1500317840383756,136.72542572021484,1.0,0.625,1.0,0.625,0.5858622375612995,0.2073641139484471,1.3573958979868226,0.9785769581794739,0.20588119328022003,0.0,0.0,0.9785769581794739,0.20588119328022003,0.0,0.15,8.0,30.0,-22,38,apf_fsm,1,0.0,0.0
2026-08-18T05:59:46.058+00:00,1787032786.0583336,192598.0962065,13.225868399982573,85,3,RUN,RUN,0.46725259033702593,0.8043033472939434,2.637589041116819,137.7260684967041,0.2,0.625,0.2,0.625,0.321828583865173,-2.5506557967473182,1.094940469315449,-0.83041912317276,-0.5571392774581909,0.0,0.0,-0.83041912317276,-0.5571392774581909,0.0,0.15,8.0,30.0,-22,38,apf_fsm,1,0.0,0.0
2026-08-18T05:59:46.194+00:00,1787032786.1943953,192598.2324353,13.362097199977143,86,2,RUN,RUN,0.43742654234831474,0.49160525236637387,-0.811232510109505,107.66315460205078,1.0,0.625,1.0,0.625,0.578172166357402,0.23281558260021626,1.0440480927097213,0.973020613193512,0.23071804642677307,0.0,0.0,0.973020613193512,0.23071804642677307,0.0,0.15,8.0,-30.0,38,-22,apf_fsm,1,0.0,0.0
2026-08-18T05:59:46.195+00:00,1787032786.1954072,192598.233176,13.362837900000159,86,3,RUN,RUN,0.4648738889437733,0.8044059014637458,2.7514131265898567,108.67500305175781,0.2,0.625,0.2,0.625,0.31991351100604926,-2.5462469716374763,0.9855252089522537,-0.8279547095298767,-0.5607950091362,0.0,0.0,-0.8279547095298767,-0.5607950091362,0.0,0.15,8.0,30.0,-22,38,apf_fsm,1,0.0,0.0
2026-08-18T05:59:46.341+00:00,1787032786.3411596,192598.3789417,13.508603599999333,87,2,RUN,RUN,0.4424428840748835,0.48642766562972906,-0.665797016343787,107.2854995727539,1.0,0.625,1.0,0.625,0.5745191288125748,0.24359916067597662,0.9093961770197636,0.9704762101173401,0.24119709432125092,0.0,0.0,0.9704762101173401,0.24119709432125092,0.0,0.15,8.0,30.0,-22,38,apf_fsm,1,0.0,0.0
2026-08-18T05:59:46.342+00:00,1787032786.3421693,192598.3801665,13.509828399983235,87,3,RUN,RUN,0.46037918972478464,0.8040063628028203,3.017136521689332,108.29520225524902,0.2,0.625,0.2,0.625,0.3159756325504078,-2.5393166257903617,0.7267321596998926,-0.8240483403205872,-0.5665194988250732,0.0,0.0,-0.8240483403205872,-0.5665194988250732,0.0,0.15,8.0,-30.0,38,-22,apf_fsm,1,0.0,0.0
2026-08-18T05:59:46.489+00:00,1787032786.4891996,192598.5276512,13.657313100004103,88,2,RUN,RUN,0.4501085976305571,0.48198270920074354,-0.4817807363958564,116.38259887695312,1.0,0.625,1.0,0.625,0.5681852689637348,0.2544455952686187,0.736226331664475,0.9678030014038086,0.25170889496803284,0.0,0.0,0.9678030014038086,0.25170889496803284,0.0,0.15,8.0,30.0,-22,38,apf_fsm,1,0.0,0.0
2026-08-18T05:59:46.490+00:00,1787032786.4907043,192598.5284552,13.658117099985247,88,3,RUN,RUN,0.45808502097130743,0.8027676533043842,-3.1237147661138267,117.88725852966309,0.2,0.625,0.2,0.625,0.3133834976687635,-2.538426532463672,0.5852882336501546,-0.8235438466072083,-0.5672528147697449,0.0,0.0,-0.8235438466072083,-0.5672528147697449,0.0,0.20415809787836658,14.291066851485661,1.7031992414937538,18.0,18.0,apf_fsm,1,0.0,0.0
2026-08-18T05:59:46.639+00:00,1787032786.6397033,192598.6772996,13.806961499998579,89,2,RUN,RUN,0.45182637752509147,0.48111594863426305,-0.42630139626455626,111.89055442810059,1.0,0.625,1.0,0.625,0.5667423935216789,0.2566886820939766,0.6829900783585329,0.9672358632087708,0.2538791000843048,0.0,0.0,0.9672358632087708,0.2538791000843048,0.0,0.15,8.0,30.0,-22,38,apf_fsm,1,0.0,0.0
2026-08-18T05:59:46.640+00:00,1787032786.6407013,192598.6781267,13.807788599980995,89,3,RUN,RUN,0.4550509864493625,0.7997379067016355,-2.8332151473366394,112.88857460021973,0.2,0.625,0.2,0.625,0.30916717440126523,-2.5409302490779457,0.29228489825869364,-0.8249614238739014,-0.5651890635490417,0.0,0.0,-0.8249614238739014,-0.5651890635490417,0.0,0.8245788077048375,35.0,-7.332267756114197,42,27,apf_fsm,1,0.0,0.0
2026-08-18T05:59:46.791+00:00,1787032786.791136,192598.8287649,13.958426800003508,90,2,RUN,RUN,0.45375001120998126,0.4803265750129142,-0.4053367925982525,123.2757568359375,1.0,0.625,1.0,0.625,0.5650835780223926,0.2589040520620287,0.6642408446602812,0.9666711688041687,0.25602129101753235,0.0,0.0,0.9666711688041687,0.25602129101753235,0.0,0.15,8.0,30.0,-22,38,apf_fsm,1,0.0,0.0
2026-08-18T05:59:46.791+00:00,1787032786.7916405,192598.82994,13.95960189998732,90,3,RUN,RUN,0.4550509864493625,0.7997379067016355,-2.697761574869226,123.7802505493164,0.2,0.625,0.2,0.625,0.30916717440126523,-2.5409302490779457,0.15683132579128012,-0.8249614238739014,-0.5651890635490417,0.0,0.0,-0.8249614238739014,-0.5651890635490417,0.0,1.0,35.0,-3.1725617784466715,38,31,apf_fsm,1,0.0,0.0
2026-08-18T05:59:46.935+00:00,1787032786.9357276,192598.9739917,14.103653600002872,91,2,RUN,RUN,0.4571737211910687,0.4792336627520468,-0.3339210019587226,110.86392402648926,1.0,0.625,1.0,0.625,0.562057109233782,0.26234325564077493,0.5962642575994975,0.9657849073410034,0.25934433937072754,0.0,0.0,0.9657849073410034,0.25934433937072754,0.0,0.18091688609958032,12.664182026970622,7.013728697012462,18.0,19,apf_fsm,1,0.0,0.0
2026-08-18T05:59:46.936+00:00,1787032786.9367197,192598.9747118,14.104373699985445,91,3,RUN,RUN,0.4550509864493625,0.7997379067016355,-2.6460873565083793,111.85598373413086,0.2,0.625,0.2,0.625,0.30916717440126523,-2.5409302490779457,0.1051571074304336,-0.8249614238739014,-0.5651890635490417,0.0,0.0,-0.8249614238739014,-0.5651890635490417,0.0,1.0,35.0,-0.7570265683252919,35,34,apf_fsm,1,0.0,0.0
2026-08-18T05:59:47.086+00:00,1787032787.086959,192599.124825,14.254486899997573,92,2,RUN,RUN,0.4571737211910687,0.4792336627520468,-0.26414800018090673,110.9623908996582,1.0,0.625,1.0,0.625,0.562057109233782,0.26234325564077493,0.5264912558216817,0.9657849073410034,0.25934433937072754,0.0,0.0,0.9657849073410034,0.25934433937072754,0.0,0.32865791857581916,23.00605430030734,4.273880332775271,18,27,apf_fsm,1,0.0,0.0
2026-08-18T05:59:47.087+00:00,1787032787.0879707,192599.1259027,14.255564599996433,92,3,RUN,RUN,0.45047899646139217,0.7936179071993553,-2.595806376275525,111.97423934936523,0.2,0.625,0.2,0.625,0.3019465619883699,-2.5490930766944904,0.04671329958103465,-0.8295474052429199,-0.5584362745285034,0.0,0.0,-0.8295474052429199,-0.5584362745285034,0.0,1.0,35.0,-1.578400278918617,36,33,apf_fsm,1,0.0,0.0
2026-08-18T05:59:47.235+00:00,1787032787.2355647,192599.2734732,14.403135100001236,93,2,RUN,RUN,0.46329283508166896,0.4792052523508875,-0.034555573195099186,112.31684684753418,1.0,0.625,1.0,0.625,0.5561570725224494,0.26524602243722895,0.2998015956323281,0.9650279879570007,0.2621466815471649,0.0,0.0,0.9650279879570007,0.2621466815471649,0.0,0.808662556397082,35.0,-4.936122150304094,39,30,apf_fsm,1,0.0,0.0
2026-08-18T05:59:47.236+00:00,1787032787.2365038,192599.2740462,14.403708099998767,93,3,RUN,RUN,0.4492712078199183,0.792254580632818,-2.595806376275525,113.25597763061523,0.2,0.625,0.2,0.625,0.30018366009938097,-2.5506137408263823,0.04519263544914276,-0.8303956985473633,-0.5571742057800293,0.0,0.0,-0.8303956985473633,-0.5571742057800293,0.0,1.0,35.0,0.3987031098752114,34,35,apf_fsm,1,0.0,0.0
2026-08-18T05:59:47.395+00:00,1787032787.3953278,192599.4328933,14.562555199983763,94,2,RUN,RUN,0.46708512425812154,0.4804177715898619,0.13283191005544906,117.72370338439941,1.0,0.625,1.0,0.625,0.5521795772744797,0.26492734073407165,0.1320954306786226,0.9651115536689758,0.2618391513824463,0.0,0.0,0.9651115536689758,0.2618391513824463,0.0,1.0,35.0,-4.548761466593468,39,30,apf_fsm,1,0.0,0.0
2026-08-18T05:59:47.395+00:00,1787032787.3963242,192599.4336407,14.563302599999588,94,3,RUN,RUN,0.44518540497794773,0.7904212384418967,-2.6236164680245655,117.72370338439941,0.2,0.625,0.2,0.625,0.29577029759908463,-2.5480641194396814,0.07555234858488413,-0.8289723992347717,-0.5592895746231079,0.0,0.0,-0.8289723992347717,-0.5592895746231079,0.0,1.0,35.0,1.8181134455997894,33,36,apf_fsm,1,0.0,0.0
2026-08-18T05:59:47.541+00:00,1787032787.5418396,192599.5798323,14.709494199982146,95,2,RUN,RUN,0.4704411793912026,0.4817007892252885,0.2591279005371212,114.94207382202148,1.0,0.625,1.0,0.625,0.5486047833306191,0.26427201437941317,0.005144113842291964,0.9652829170227051,0.26120662689208984,0.0,0.0,0.9652829170227051,0.26120662689208984,0.0,1.0,35.0,-4.391854950848652,39,30,apf_fsm,1,0.0,0.0
2026-08-18T05:59:47.542+00:00,1787032787.5428398,192599.5805742,14.710236099985195,95,3,RUN,RUN,0.4373063125805876,0.786523463258357,-2.6413144453226476,115.94223976135254,0.2,0.625,0.2,0.625,0.28706116974186763,-2.543968984822037,0.09734546050061077,-0.8266751170158386,-0.562679648399353,0.0,0.0,-0.8266751170158386,-0.562679648399353,0.0,1.0,35.0,1.73621352205654,33,36,apf_fsm,1,0.0,0.0
2026-08-18T05:59:47.699+00:00,1787032787.6990483,192599.7373173,14.866979199985508,96,2,RUN,RUN,0.4735182268240155,0.48283363992618467,0.3484440514236975,118.31188201904297,1.0,0.625,1.0,0.625,0.5453387309032494,0.26374066460903867,-0.08470338681465883,0.9654216170310974,0.2606936991214752,0.0,0.0,0.9654216170310974,0.2606936991214752,0.0,1.0,35.0,-3.9916963911398664,38,31,apf_fsm,1,0.0,0.0
2026-08-18T05:59:47.700+00:00,1787032787.7000637,192599.7381595,14.867821399995591,96,3,RUN,RUN,0.43241359803168283,0.7838979352886718,-2.65281709632557,119.32730674743652,0.2,0.625,0.2,0.625,0.2815397563205516,-2.5418997849092,0.11091731141636973,-0.8255089521408081,-0.5643889307975769,0.0,0.0,-0.8255089521408081,-0.5643889307975769,0.0,1.0,35.0,1.5841878962152611,33,36,apf_fsm,1,0.0,0.0
2026-08-18T05:59:47.849+00:00,1787032787.8498766,192599.8871612,15.016823099984322,97,2,RUN,RUN,0.48183684136266386,0.4859205603583777,0.3617092725170735,114.04561996459961,1.0,0.625,1.0,0.625,0.5365036341909053,0.2622279637434047,-0.09948130877366884,0.9658148288726807,0.2592329978942871,0.0,0.0,0.9658148288726807,0.2592329978942871,0.0,1.0,35.0,-1.5120403563020388,36,33,apf_fsm,1,0.0,0.0
2026-08-18T05:59:47.850+00:00,1787032787.8508823,192599.888776,15.01843789999839,97,3,RUN,RUN,0.4185727878460984,0.7755435334520383,-2.6372199905308116,115.5545711517334,0.2,0.625,0.2,0.625,0.26540048803843697,-2.5384522082174548,0.09876778231335681,-0.8235583901405334,-0.5672316551208496,0.0,0.0,-0.8235583901405334,-0.5672316551208496,0.0,1.0,35.0,0.5624443045281158,34,35,apf_fsm,1,0.0,0.0
2026-08-18T05:59:48.063+00:00,1787032788.063185,192600.1008909,15.230552799999714,98,2,RUN,RUN,0.48479181949614725,0.4869472937857649,0.3617092725170735,173.93016815185547,1.0,0.625,1.0,0.625,0.5333835570686112,0.2618049705548791,-0.09990430196219441,0.9659243822097778,0.2588244378566742,0.0,0.0,0.9659243822097778,0.2588244378566742,0.0,1.0,35.0,-1.0138477812203388,36,33,apf_fsm,1,0.0,0.0
2026-08-18T05:59:48.064+00:00,1787032788.06469,192600.1028449,15.232506799977273,98,3,RUN,RUN,0.4065828295468932,0.7666591394208409,-2.579236990821805,175.43530464172363,0.2,0.625,0.2,0.625,0.25048707999626235,-2.540511160269871,0.03872583055193379,-0.8247244358062744,-0.5655347108840942,0.0,0.0,-0.8247244358062744,-0.5655347108840942,0.0,1.0,35.0,-1.7142100061304677,36,33,apf_fsm,1,0.0,0.0
2026-08-18T05:59:48.234+00:00,1787032788.2343802,192600.2719847,15.401646599988453,99,2,RUN,RUN,0.4869103417682228,0.4877728446716064,0.3617092725170735,155.1368236541748,1.0,0.625,1.0,0.625,0.5311236104184458,0.2613360017177646,-0.10037327079930891,0.9660457372665405,0.2583714425563812,0.0,0.0,0.9660457372665405,0.2583714425563812,0.0,1.0,35.0,-1.0201466172920968,36,33,apf_fsm,1,0.0,0.0
2026-08-18T05:59:48.236+00:00,1787032788.2363777,192600.2738817,15.403543599997647,99,3,RUN,RUN,0.4001192427759944,0.7615724342230127,-2.5439369282955377,157.1342945098877,0.2,0.625,0.2,0.625,0.24228029453266833,-2.542738953975106,0.0011979743204317828,-0.8259823322296143,-0.563696026802063,0.0,0.0,-0.8259823322296143,-0.563696026802063,0.0,1.0,35.0,-1.3014952248982525,36,33,apf_fsm,1,0.0,0.0
2026-08-18T05:59:48.406+00:00,1787032788.4066815,192600.4447716,15.574433500005398,100,2,RUN,RUN,0.49836658985567006,0.4906849589067695,0.3365082408302795,142.1968936920166,1.0,0.625,1.0,0.625,0.5193039653583493,0.21135909906621417,-0.12514914176406536,0.9659726023674011,0.25864437222480774,0.09692880511283875,-0.030584324151277542,1.0629013776779175,0.2280600517988205,0.1016395315527916,1.0,35.0,-2.1186469014071294,37,32,apf_fsm,1,0.0,0.0
2026-08-18T05:59:48.408+00:00,1787032788.408683,192600.4463388,15.576000699977158,100,3,RUN,RUN,0.37877023728234466,0.7414883875418098,-2.4444745424734626,144.19841766357422,0.2,0.625,0.2,0.625,0.2133737148059167,-2.6377348079745646,-0.19326026550110198,-0.8378269076347351,-0.5459359884262085,-0.09692880511283875,0.030584324151277542,-0.9347556829452515,-0.5153516530990601,0.1016395315527916,1.0,35.0,-8.738641048764702,43,26,apf_fsm,1,0.0,0.0
2026-08-18T05:59:48.605+00:00,1787032788.6052904,192600.6427777,15.772439599997597,101,2,RUN,RUN,0.5217383240232645,0.49541367781856493,0.2957135171908842,153.17749977111816,1.0,0.625,1.0,0.625,0.49550665545942635,0.2645996410009407,-0.03111387618994349,0.9651972651481628,0.2615228593349457,0.0,0.0,0.9651972651481628,0.2615228593349457,0.0,1.0,35.0,2.9800955331948304,32,37,apf_fsm,1,0.0,0.0
2026-08-18T05:59:48.608+00:00,1787032788.6082938,192600.6456611,15.775322999979835,101,3,RUN,RUN,0.3700238778159552,0.7326141972906943,-2.412571879623371,156.18348121643066,0.2,0.625,0.2,0.625,0.20121862360650253,-2.5773070296050435,-0.1647351499816727,-0.8449708819389343,-0.534812331199646,0.0,0.0,-0.8449708819389343,-0.534812331199646,0.0,1.0,35.0,-0.6489724566367028,35,34,apf_fsm,1,0.0,0.0
2026-08-18T05:59:48.751+00:00,1787032788.7512083,192600.788827,15.918488900002558,102,2,RUN,RUN,0.526558673605327,0.4964493994177043,0.28600707931795805,126.37090682983398,1.0,0.625,1.0,0.625,0.49058327167608984,0.2651315912721946,-0.020875488045763446,0.9650580286979675,0.2620362639427185,0.0,0.0,0.9650580286979675,0.2620362639427185,0.0,1.0,35.0,0.14958870458866708,34,35,apf_fsm,1,0.0,0.0
2026-08-18T05:59:48.752+00:00,1787032788.7527194,192600.7906684,15.92033029999584,102,3,RUN,RUN,0.36358275179948985,0.7273076774953324,-2.412571879623371,127.88200378417969,0.2,0.625,0.2,0.625,0.19294086545048575,-2.582692464973468,-0.1701205853500971,-0.847838819026947,-0.530254065990448,0.0,0.0,-0.847838819026947,-0.530254065990448,0.0,1.0,35.0,-1.889696091395825,36,33,apf_fsm,1,0.0,0.0
2026-08-18T05:59:48.918+00:00,1787032788.918408,192600.9566164,16.08627830000478,103,2,RUN,RUN,0.5365167517844416,0.4985884493438978,0.2667873242151584,137.35699653625488,1.0,0.625,1.0,0.625,0.4804129489467631,0.2662661743244061,-0.0005211498907523038,0.9647600650787354,0.2631310224533081,0.0,0.0,0.9647600650787354,0.2631310224533081,0.0,1.0,35.0,0.707190336517867,34,35,apf_fsm,1,0.0,0.0
2026-08-18T05:59:48.921+00:00,1787032788.921921,192600.9593286,16.088990499993088,103,3,RUN,RUN,0.34122896434337713,0.713287361432076,-2.523785851748,139.86539840698242,0.2,0.625,0.2,0.625,0.16655413101493735,-2.582895275333105,-0.05910942358510507,-0.8479463458061218,-0.530082106590271,0.0,0.0,-0.8479463458061218,-0.530082106590271,0.0,1.0,35.0,3.2942964259236707,31,38,apf_fsm,1,0.0,0.0
2026-08-18T05:59:49.091+00:00,1787032789.0911908,192601.128569,16.258230899984483,104,2,RUN,RUN,0.5486829495130157,0.5005848453055485,0.2410406365040198,124.94063377380371,1.0,0.625,1.0,0.625,0.46815190993727185,0.2689902136909089,0.02794957718688912,0.9640397429466248,0.26575809717178345,0.0,0.0,0.9640397429466248,0.26575809717178345,0.0,1.0,35.0,1.2759712195863409,33,36,apf_fsm,1,0.0,0.0
2026-08-18T05:59:49.091+00:00,1787032789.0911908,192601.1294672,16.25912909998442,104,3,RUN,RUN,0.32519468724663964,0.7053590164100283,-2.7004979292728355,125.94079971313477,0.2,0.625,0.2,0.625,0.14876586044241166,-2.5709522479481666,0.12954568132466893,-0.8415552973747253,-0.5401711463928223,0.0,0.0,-0.8415552973747253,-0.5401711463928223,0.0,1.0,35.0,7.898385485088779,27,42,apf_fsm,1,0.0,0.0
2026-08-18T05:59:49.241+00:00,1787032789.2418735,192601.2794216,16.409083499980625,105,2,RUN,RUN,0.5554448775614554,0.5012978336046972,0.22864936607557904,118.6072826385498,1.0,0.625,1.0,0.625,0.46144499440046,0.2713950096652874,0.042745643589708365,0.9633978605270386,0.2680756449699402,0.0,0.0,0.9633978605270386,0.2680756449699402,0.0,1.0,35.0,0.9453187599957573,34,35,apf_fsm,1,0.0,0.0
2026-08-18T05:59:49.242+00:00,1787032789.2425497,192601.2802097,16.409871599986218,105,3,RUN,RUN,0.31116516584110976,0.7006054644983681,-2.7811099525913887,119.28343772888184,0.2,0.625,0.2,0.625,0.1344391325414421,-2.5443350871739816,0.2367748654174071,-0.8268809914588928,-0.5623769164085388,0.0,0.0,-0.8268809914588928,-0.5623769164085388,0.0,0.942118677794949,35.0,6.120770097419907,28,41,apf_fsm,1,0.0,0.0
2026-08-18T05:59:49.393+00:00,1787032789.3935862,192601.4309976,16.560659499984467,106,2,RUN,RUN,0.5667606061026965,0.502665526180879,0.2084611043583875,117.71059036254883,1.0,0.625,1.0,0.625,0.4501800705374507,0.27520645703923674,0.06674535268084925,0.9623690843582153,0.27174562215805054,0.0,0.0,0.9623690843582153,0.27174562215805054,0.0,1.0,35.0,1.5074433449984233,33,36,apf_fsm,1,0.0,0.0
2026-08-18T05:59:49.393+00:00,1787032789.3935862,192601.4316908,16.56135269999504,106,3,RUN,RUN,0.3036090464425698,0.6984236787758225,-2.8115912486602146,117.71059036254883,0.2,0.625,0.2,0.625,0.12698768093682847,-2.525077652017952,0.2865135966422625,-0.8158984184265137,-0.5781952738761902,0.0,0.0,-0.8158984184265137,-0.5781952738761902,0.0,0.8367992660170441,35.0,4.605991559292564,30,39,apf_fsm,1,0.0,0.0
2026-08-18T05:59:49.534+00:00,1787032789.5348868,192601.5726481,16.702309999993304,107,2,RUN,RUN,0.5857537677255943,0.5045159503031679,0.19196050530470554,115.51761627197266,1.0,0.625,1.0,0.625,0.43141203875748485,0.2830424850462823,0.09108197974157678,0.9602102041244507,0.27927836775779724,0.0,0.0,0.9602102041244507,0.27927836775779724,0.0,1.0,35.0,1.7626017445412314,33,36,apf_fsm,1,0.0,0.0
2026-08-18T05:59:49.535+00:00,1787032789.5358856,192601.573284,16.702945900004124,107,3,RUN,RUN,0.2856033875050854,0.692443793337617,-2.8490148593247526,116.5163516998291,0.2,0.625,0.2,0.625,0.10897983855793233,-2.474295876726561,0.3747189825981918,-0.7854974865913391,-0.618864893913269,0.0,0.0,-0.7854974865913391,-0.618864893913269,0.0,0.6500285315058413,33.05866873005966,6.834378334439444,26,39,apf_fsm,1,0.0,0.0
2026-08-18T05:59:49.694+00:00,1787032789.694127,192601.7321982,16.861860100005288,108,2,RUN,RUN,0.5923962575711348,0.5054709247581282,0.17470497691250897,118.13831329345703,1.0,0.625,1.0,0.625,0.4247681846256776,0.28525107135670563,0.11054609444419666,0.9595910310745239,0.28139838576316833,0.0,0.0,0.9595910310745239,0.28139838576316833,0.0,1.0,35.0,1.7867049590336626,33,36,apf_fsm,1,0.0,0.0
2026-08-18T05:59:49.695+00:00,1787032789.695126,192601.7327875,16.862449399981415,108,3,RUN,RUN,0.2783982027734436,0.6903326027636576,-2.8759465396189414,119.13728713989258,0.2,0.625,0.2,0.625,0.10205208073322103,-2.4468485621194693,0.4290979774994721,-0.7682175636291504,-0.6401888728141785,0.0,0.0,-0.7682175636291504,-0.6401888728141785,0.0,0.5348835807795036,25.473458438672655,6.194244596539531,19,31,apf_fsm,1,0.0,0.0
2026-08-18T05:59:49.849+00:00,1787032789.8491747,192601.8871077,17.0167695999844,109,2,RUN,RUN,0.601481009256459,0.5063050082371687,0.17470497691250897,119.33732032775879,1.0,0.625,1.0,0.625,0.41581953664159305,0.28947419767796645,0.11476922076545748,0.9583941102027893,0.2854483425617218,0.0,0.0,0.9583941102027893,0.2854483425617218,0.0,1.0,35.0,1.2955016288987034,33,36,apf_fsm,1,0.0,0.0
2026-08-18T05:59:49.851+00:00,1787032789.8511577,192601.8885891,17.018251000001328,109,3,RUN,RUN,0.25693148019544465,0.6862082932906588,-2.9372739871704145,121.32024765014648,0.2,0.625,0.2,0.625,0.08359215635931168,-2.3200090059111567,0.6172649812592579,-0.6810625195503235,-0.7322253584861755,0.0,0.0,-0.6810625195503235,-0.7322253584861755,0.0,0.15,5.851450945151817,30.0,-24,35,apf_fsm,1,0.0,0.0
2026-08-18T05:59:49.998+00:00,1787032789.998386,192602.0365443,17.16620619999594,110,2,RUN,RUN,0.6114819411586552,0.5068485236688871,0.17470497691250897,120.4369068145752,1.0,0.625,1.0,0.625,0.40608626350206456,0.29522138841965223,0.12051641150714326,0.956737756729126,0.290951669216156,0.0,0.0,0.956737756729126,0.290951669216156,0.0,1.0,35.0,1.4063157910304351,33,36,apf_fsm,1,0.0,0.0
2026-08-18T05:59:49.999+00:00,1787032789.9993856,192602.0373817,17.16704359999858,110,3,RUN,RUN,0.24873156539294672,0.6848260274734911,-2.980063299515342,121.43659591674805,0.2,0.625,0.2,0.625,0.07716164221234506,-2.2543491948824497,0.7257141046328925,-0.6315516829490662,-0.775333821773529,0.0,0.0,-0.6315516829490662,-0.775333821773529,0.0,0.15,5.401314954864155,30.0,-24,35,apf_fsm,1,0.0,0.0
2026-08-18T05:59:50.135+00:00,1787032790.1358266,192602.1735686,17.303230499994243,111,2,RUN,RUN,0.6202079905382251,0.5073924247150536,0.17470497691250897,107.91826248168945,1.0,0.625,1.0,0.625,0.397584597558076,0.3002983139683553,0.12559333705584635,0.9552482962608337,0.2958051860332489,0.0,0.0,0.9552482962608337,0.2958051860332489,0.0,1.0,35.0,1.433625764763072,33,36,apf_fsm,1,0.0,0.0
2026-08-18T05:59:50.136+00:00,1787032790.136828,192602.1748033,17.30446519999532,111,3,RUN,RUN,0.24027067991809772,0.6831475447664365,-2.980063299515342,108.91962051391602,0.2,0.625,0.2,0.625,0.07073093116473592,-2.1765116988036355,0.8035516007117067,-0.5693503022193909,-0.8220949769020081,0.0,0.0,-0.5693503022193909,-0.8220949769020081,0.0,0.15,4.951165181531514,30.0,-25,34,apf_fsm,1,0.0,0.0
2026-08-18T05:59:50.274+00:00,1787032790.2745585,192602.3125667,17.442228600004455,112,2,RUN,RUN,0.6260533649256149,0.5075769475725697,0.16698650494020392,109.39788818359375,1.0,0.625,1.0,0.625,0.39194930683039914,0.3042601091961656,0.13727360425596166,0.9540688395500183,0.29958733916282654,0.0,0.0,0.9540688395500183,0.29958733916282654,0.0,1.0,35.0,1.7815453945636524,33,36,apf_fsm,1,0.0,0.0
2026-08-18T05:59:50.276+00:00,1787032790.2765434,192602.3144254,17.44408729998395,112,3,RUN,RUN,0.23486381424154754,0.6817238621410444,-2.9455863000805755,111.38272285461426,0.2,0.625,0.2,0.625,0.06658139439562184,-2.1218989866617926,0.823687313418783,-0.5236269235610962,-0.8519476056098938,0.0,0.0,-0.5236269235610962,-0.8519476056098938,0.0,0.15,4.660697607693529,30.0,-25,34,apf_fsm,1,0.0,0.0
2026-08-18T05:59:50.429+00:00,1787032790.429363,192602.4667938,17.596455699997023,113,2,RUN,RUN,0.6299794706740076,0.5078044990112157,0.16698650494020392,117.56038665771484,1.0,0.625,1.0,0.625,0.38813654501309164,0.30673118355680135,0.13974467861659742,0.9533256888389587,0.3019440174102783,0.0,0.0,0.9533256888389587,0.3019440174102783,0.0,1.0,35.0,1.483934388788226,33,36,apf_fsm,1,0.0,0.0
2026-08-18T05:59:50.429+00:00,1787032790.429363,192602.4676125,17.59727440000279,113,3,RUN,RUN,0.23221917956219468,0.6804245611907846,-2.916313996618611,117.56038665771484,0.2,0.625,0.2,0.625,0.06410895034901114,-2.097364218059563,0.8189497785590478,-0.5025691390037537,-0.8645370602607727,0.0,0.0,-0.5025691390037537,-0.8645370602607727,0.0,0.15,4.487626524430779,30.0,-25,34,apf_fsm,1,0.0,0.0
2026-08-18T05:59:50.578+00:00,1787032790.578104,192602.6157592,17.745421100000385,114,2,RUN,RUN,0.6488252107142185,0.5090019995604904,0.15060695560457493,112.83349990844727,1.0,0.625,1.0,0.625,0.36983681365688503,0.3190307953983035,0.16842383979372855,0.949539840221405,0.3136464059352875,0.0,0.0,0.949539840221405,0.3136464059352875,0.0,1.0,35.0,2.6880090391368747,32,37,apf_fsm,1,0.0,0.0
2026-08-18T05:59:50.580+00:00,1787032790.5801017,192602.6174173,17.747079199994914,114,3,RUN,RUN,0.23000345485420737,0.6793598050504155,-2.871623800041649,113.8303279876709,0.2,0.625,0.2,0.625,0.06209022232451448,-2.075129214079948,0.796494585961701,-0.48322349786758423,-0.875497043132782,0.0,0.0,-0.48322349786758423,-0.875497043132782,0.0,0.15,4.346315562716014,30.0,-25,34,apf_fsm,1,0.0,0.0
2026-08-18T05:59:50.722+00:00,1787032790.7224746,192602.760004,17.889665900002,115,2,RUN,RUN,0.6571062672734507,0.5094241484619721,0.15060695560457493,112.7934455871582,1.0,0.625,1.0,0.625,0.3618478815771712,0.32510102972307403,0.1744940741184991,0.9476184248924255,0.3194045126438141,0.0,0.0,0.9476184248924255,0.3194045126438141,0.0,1.0,35.0,1.9573989425519602,33,36,apf_fsm,1,0.0,0.0
2026-08-18T05:59:50.722+00:00,1787032790.7224746,192602.7606493,17.890311199997086,115,3,RUN,RUN,0.2198136099009404,0.6694344509994433,-2.3788572973158093,112.7934455871582,0.2,0.625,0.2,0.625,0.04865181983162164,-1.9902408901888005,0.38861640712700884,-0.4072532057762146,-0.9133152365684509,0.0,0.0,-0.4072532057762146,-0.9133152365684509,0.0,0.6206013921205202,14.090247321127192,-10.389572187944136,24,18.0,apf_fsm,1,0.0,0.0
2026-08-18T05:59:50.859+00:00,1787032790.8598955,192602.8980846,18.02774649998173,116,2,RUN,RUN,0.6617550623994755,0.5095622789341516,0.14193161965860304,110.9318733215332,1.0,0.625,1.0,0.625,0.3574010426079635,0.32888935975289985,0.1869577400942968,0.9464016556739807,0.32299211621284485,0.0,0.0,0.9464016556739807,0.32299211621284485,0.0,1.0,35.0,2.3058057100958878,32,37,apf_fsm,1,0.0,0.0
2026-08-18T05:59:50.860+00:00,1787032790.8608882,192602.8986783,18.028340199991362,116,3,RUN,RUN,0.21822194865669783,0.6677065947764699,-2.3352682975347943,111.92464828491211,0.2,0.625,0.2,0.625,0.046431591080307984,-1.9740870977313927,0.3611811998034016,-0.39244723320007324,-0.9197745323181152,0.0,0.0,-0.39244723320007324,-0.9197745323181152,0.0,0.6786941465228132,14.705996237308087,2.6515797417077613,18.0,18.0,apf_fsm,1,0.0,0.0
2026-08-18T05:59:51.018+00:00,1787032791.0183434,192603.0559161,18.18557800000417,117,2,RUN,RUN,0.6699851209559333,0.5097869872921981,0.123619427290641,117.35177040100098,1.0,0.625,1.0,0.625,0.3495480777914221,0.33588582983985826,0.21226640254921725,0.9441187381744385,0.3296056389808655,0.0,0.0,0.9441187381744385,0.3296056389808655,0.0,0.9940141891860497,35.0,3.0084672114143878,31,38,apf_fsm,1,0.0,0.0
2026-08-18T05:59:51.019+00:00,1787032791.019341,192603.0566962,18.18635809997795,117,3,RUN,RUN,0.21822194865669783,0.6677065947764699,-2.221129857277351,118.34931373596191,0.2,0.625,0.2,0.625,0.046431591080307984,-1.9740870977313927,0.2470427595459581,-0.39244723320007324,-0.9197745323181152,0.0,0.0,-0.39244723320007324,-0.9197745323181152,0.0,0.9203768974321159,19.942796412620936,-1.52441781355094,21,18,apf_fsm,1,0.0,0.0
2026-08-18T05:59:51.158+00:00,1787032791.158021,192603.1960842,18.325746099988464,118,2,RUN,RUN,0.6815745442961146,0.5100239280385707,0.11369714284732918,112.02621459960938,1.0,0.625,1.0,0.625,0.3385472905871598,0.3465085819436563,0.23281143909632712,0.9405641555786133,0.33961597084999084,0.0,0.0,0.9405641555786133,0.33961597084999084,0.0,0.9505110456435405,35.0,3.047190670112117,31,38,apf_fsm,1,0.0,0.0
2026-08-18T05:59:51.159+00:00,1787032791.1590154,192603.1969449,18.326606799993897,118,3,RUN,RUN,0.21709386471287967,0.6634986339558154,-2.0767170743487404,113.02065849304199,0.2,0.625,0.2,0.625,0.042122975052649086,-1.9886597098956982,0.08805736445304224,-0.40580859780311584,-0.9139580726623535,0.0,0.0,-0.40580859780311584,-0.9139580726623535,0.0,1.0,19.65738835790291,-4.683915183721632,24,18.0,apf_fsm,1,0.0,0.0
2026-08-18T05:59:51.311+00:00,1787032791.3112879,192603.3485439,18.47820579999825,119,2,RUN,RUN,0.6912960011633482,0.5102602058136261,0.10594598135851452,110.99410057067871,1.0,0.625,1.0,0.625,0.3293377890064712,0.35585877406720096,0.24991279270868644,0.9373476505279541,0.3483954668045044,0.0,0.0,0.9373476505279541,0.3483954668045044,0.0,0.9142997379019473,35.0,3.0976753035194404,31,38,apf_fsm,1,0.0,0.0
2026-08-18T05:59:51.311+00:00,1787032791.3112879,192603.3494898,18.47915169998305,119,3,RUN,RUN,0.21712290013715413,0.6607185639642926,-1.9658229702259444,112.49876022338867,0.2,0.625,0.2,0.625,0.039610724820157185,-2.017815338401316,-0.05199236817537156,-0.4322793781757355,-0.9017397165298462,0.0,0.0,-0.4322793781757355,-0.9017397165298462,0.0,1.0,18.485004916073354,-5.421664323748198,23,18.0,apf_fsm,1,0.0,0.0
2026-08-18T05:59:51.449+00:00,1787032791.449753,192603.4881644,18.6178263000038,120,2,RUN,RUN,0.7014572123970506,0.5103891584671876,0.10594598135851452,110.5349063873291,1.0,0.625,1.0,0.625,0.3197865554187655,0.3665512654565914,0.2606052840980769,0.9335688948631287,0.3583979308605194,0.0,0.0,0.9335688948631287,0.3583979308605194,0.0,0.891658892913763,35.0,2.980290039609434,32,37,apf_fsm,1,0.0,0.0
2026-08-18T05:59:51.451+00:00,1787032791.4512577,192603.4888656,18.618527499987977,120,3,RUN,RUN,0.21611941829854114,0.6519075468978944,-1.8869477049929095,112.03956604003906,0.2,0.625,0.2,0.625,0.03136641079794963,-2.110529412143473,-0.22358170715056325,-0.5139070153236389,-0.8578458428382874,0.0,0.0,-0.5139070153236389,-0.8578458428382874,0.0,0.9700545666674508,18,-8.241443935637342,26,18.0,apf_fsm,1,0.0,0.0
2026-08-18T05:59:51.595+00:00,1787032791.5954738,192603.6332232,18.762885100004496,121,2,RUN,RUN,0.717976976740222,0.5103929567450832,0.10594598135851452,110.32748222351074,1.0,0.625,1.0,0.625,0.3044203672756139,0.38598977535487183,0.2800437939963573,0.9264262914657593,0.3764762878417969,0.0,0.0,0.9264262914657593,0.3764762878417969,0.0,0.8504987672348268,35.0,3.4807857864033886,31,38,apf_fsm,1,0.0,0.0
2026-08-18T05:59:51.596+00:00,1787032791.5964797,192603.6339912,18.763653100002557,121,3,RUN,RUN,0.21505190447989378,0.6472475896231995,-1.8778918623448941,111.33337020874023,0.2,0.625,0.2,0.625,0.026861032603273844,-2.16561922451517,-0.28772736217027584,-0.5603621006011963,-0.8282477855682373,0.0,0.0,-0.5603621006011963,-0.8282477855682373,0.0,0.8342291748969317,10.457186630570735,-5.122371547392699,18.0,18.0,apf_fsm,1,0.0,0.0
2026-08-18T05:59:51.739+00:00,1787032791.739879,192603.7772307,18.90689260000363,122,2,RUN,RUN,0.7223689129210144,0.5104400280790491,0.10594598135851452,116.1344051361084,1.0,0.625,1.0,0.625,0.3003381555500206,0.39134992575977706,0.28540394440126254,0.924394965171814,0.38143661618232727,0.0,0.0,0.924394965171814,0.38143661618232727,0.0,0.8391489021742639,35.0,3.0416447081843083,31,38,apf_fsm,1,0.0,0.0
2026-08-18T05:59:51.889+00:00,1787032791.8896632,192603.9281921,19.057853999984218,123,2,RUN,RUN,0.7258679505269129,0.5104776130844125,0.10594598135851452,113.61217498779297,1.0,0.625,1.0,0.625,0.2970921702993174,0.3957254134953336,0.28977943213681906,0.9227171540260315,0.38547763228416443,0.0,0.0,0.9227171540260315,0.38547763228416443,0.0,0.829884013762314,35.0,3.0509363921126686,31,38,apf_fsm,1,0.0,0.0
2026-08-18T05:59:52.065+00:00,1787032792.0652182,192604.1025854,19.232247299980372,124,2,RUN,RUN,0.738817280690826,0.510677287326678,0.10594598135851452,149.57141876220703,1.0,0.625,1.0,0.625,0.2851071649375401,0.41258804820813905,0.30664206684962453,0.9160861372947693,0.4009815454483032,0.0,0.0,0.9160861372947693,0.4009815454483032,0.0,0.7941781820041676,35.0,3.6566128834444367,31,38,apf_fsm,1,0.0,0.0
2026-08-18T05:59:52.241+00:00,1787032792.2415273,192604.278838,19.408499899989692,125,2,RUN,RUN,0.7425798857830815,0.5106548054040114,0.10594598135851452,140.71035385131836,1.0,0.625,1.0,0.625,0.2816734611756064,0.41801751076442517,0.31207152940591065,0.9138955473899841,0.4059494733810425,0.0,0.0,0.9138955473899841,0.4059494733810425,0.0,0.7826815517400554,35.0,3.3107464835291207,31,38,apf_fsm,1,0.0,0.0
2026-08-18T05:59:52.411+00:00,1787032792.411336,192604.4486832,19.578345099987928,126,2,RUN,RUN,0.7505541524117341,0.5106681385821978,0.0978600109467995,139.04166221618652,1.0,0.625,1.0,0.625,0.27439935388824793,0.42977062124959065,0.3319106103027911,0.9090613722801208,0.4166623055934906,0.0,0.0,0.9090613722801208,0.4166623055934906,0.0,0.7406732359101256,35.0,4.013473934418728,30,39,apf_fsm,1,0.0,0.0
2026-08-18T05:59:52.579+00:00,1787032792.579471,192604.617884,19.74754589999793,127,2,RUN,RUN,0.7683042047333855,0.5106168862588474,0.0978600109467995,136.38734817504883,1.0,0.625,1.0,0.625,0.25839202436095127,0.4585772147120755,0.36071720376527605,0.8966832160949707,0.4426727592945099,0.0,0.0,0.8966832160949707,0.4426727592945099,0.0,0.6796766361963383,35.0,4.6154028088397325,30,39,apf_fsm,1,0.0,0.0
2026-08-18T05:59:52.752+00:00,1787032792.7521234,192604.7896759,19.91933780000545,128,2,RUN,RUN,0.774889741417957,0.5105556286021228,0.07941109678196112,139.34826850891113,1.0,0.625,1.0,0.625,0.2525314686599069,0.47033906302161865,0.39092796623965753,0.8914147019386292,0.45318856835365295,0.0,0.0,0.8914147019386292,0.45318856835365295,0.0,0.6157067749873764,35.0,4.966656348999927,30,39,apf_fsm,1,0.0,0.0
2026-08-18T05:59:52.898+00:00,1787032792.89837,192604.9358059,20.065467799984617,129,2,RUN,RUN,0.7934207163838154,0.5105715109707649,0.07941109678196112,121.15097045898438,1.0,0.625,1.0,0.625,0.23615435528672726,0.5058481684167049,0.42643707163474376,0.8747638463973999,0.4845495820045471,0.0,0.0,0.8747638463973999,0.4845495820045471,0.0,0.5405179231434585,35.0,5.507189405175456,29,40,apf_fsm,1,0.0,0.0
2026-08-18T05:59:53.071+00:00,1787032793.0711703,192605.1084139,20.238075799978105,130,2,RUN,RUN,0.8023101173842688,0.5106060855168352,0.07941109678196112,135.53094863891602,1.0,0.625,1.0,0.625,0.2284015266135566,0.5245755348570169,0.4451644380750558,0.865536630153656,0.5008456707000732,0.0,0.0,0.865536630153656,0.5008456707000732,0.0,0.5008636101147153,35.0,5.107102206161479,29,40,apf_fsm,1,0.0,0.0
2026-08-18T05:59:53.218+00:00,1787032793.2188606,192605.2561735,20.385835399996722,131,2,RUN,RUN,0.8075235191137702,0.5107316783793949,0.07941109678196112,109.93576049804688,1.0,0.625,1.0,0.625,0.22384022207891333,0.5357552154463104,0.4563441186643493,0.8598833680152893,0.5104905962944031,0.0,0.0,0.8598833680152893,0.5104905962944031,0.0,0.47719116502948833,33.40338155206418,5.293764864446472,28,38,apf_fsm,1,0.0,0.0
2026-08-18T05:59:53.358+00:00,1787032793.358086,192605.3958925,20.5255543999956,132,2,RUN,RUN,0.8115921827629535,0.5108791811191767,0.07941109678196112,108.97541046142578,1.0,0.625,1.0,0.625,0.22027498019080144,0.544608697548681,0.4651976007667199,0.8553301095962524,0.5180834531784058,0.0,0.0,0.8553301095962524,0.5180834531784058,0.0,0.45844433526029793,32.09110346822086,5.580426542378068,26,37,apf_fsm,1,0.0,0.0
2026-08-18T05:59:53.499+00:00,1787032793.4995136,192605.5375324,20.66719429998193,133,2,RUN,RUN,0.8191636159369944,0.5110683958124924,0.07941109678196112,110.26573181152344,1.0,0.625,1.0,0.625,0.21373396602721284,0.562205259635381,0.4827941628534199,0.8460816740989685,0.5330533385276794,0.0,0.0,0.8460816740989685,0.5330533385276794,0.0,0.4211844469871825,29.482911289102773,6.73099466072698,22,36,apf_fsm,1,0.0,0.0
2026-08-18T05:59:53.631+00:00,1787032793.631041,192605.668655,20.79831689997809,134,2,RUN,RUN,0.8281313973798291,0.5112762377146521,0.07941109678196112,103.0890941619873,1.0,0.625,1.0,0.625,0.20608714340041817,0.5845494117893825,0.5051383150074213,0.8339608311653137,0.5518236756324768,0.0,0.0,0.8339608311653137,0.5518236756324768,0.0,0.3738717612072232,26.171023284505626,8.040708654666087,18,34,apf_fsm,1,0.0,0.0
2026-08-18T05:59:53.787+00:00,1787032793.787866,192605.8250831,20.954744999995455,135,2,RUN,RUN,0.8367561519641267,0.5113866247552757,0.07941109678196112,118.78132820129395,1.0,0.625,1.0,0.625,0.19888829265710395,0.6080184337294356,0.5286073369474745,0.8207815885543823,0.5712421536445618,0.0,0.0,0.8207815885543823,0.5712421536445618,0.0,0.32417721683786527,22.692405178650567,9.328996352174787,18.0,32,apf_fsm,1,0.0,0.0
2026-08-18T05:59:53.937+00:00,1787032793.9370685,192605.974976,21.10463789998903,136,2,RUN,RUN,0.8412983920923213,0.5115094606241679,0.08780495795645997,113.29841613769531,1.0,0.625,1.0,0.625,0.19510587607834853,0.6208010194522187,0.5329960614957587,0.8134127855300903,0.5816869139671326,0.0,0.0,0.8134127855300903,0.5816869139671326,0.0,0.31488430010078605,22.041901007055024,8.528848433891042,18.0,30,apf_fsm,1,0.0,0.0
2026-08-18T05:59:54.095+00:00,1787032794.0950563,192606.1323778,21.26203969999915,137,2,RUN,RUN,0.8487437130038811,0.5118634566340682,0.09610570944272906,122.98226356506348,1.0,0.625,1.0,0.625,0.1888871139083968,0.6422064717253161,0.5461007622825871,0.8007761240005493,0.5989637970924377,0.0,0.0,0.8007761240005493,0.5989637970924377,0.0,0.2871357157600478,20.099500103203347,9.69993247603265,18.0,29,apf_fsm,1,0.0,0.0
2026-08-18T05:59:54.236+00:00,1787032794.2363973,192606.2743079,21.403969799983315,138,2,RUN,RUN,0.8559319482193064,0.5124747274112244,0.11482608854107822,112.94054985046387,1.0,0.625,1.0,0.625,0.18280465124023207,0.6630827365173223,0.5482566479762441,0.7880983948707581,0.6155492663383484,0.0,0.0,0.7880983948707581,0.6155492663383484,0.0,0.2825707297315564,19.779951081208946,9.183452794300537,18.0,28,apf_fsm,1,0.0,0.0
2026-08-18T05:59:54.377+00:00,1787032794.3775446,192606.4149319,21.544593800004805,139,2,RUN,RUN,0.863471622788241,0.513076076992527,0.14467536452871646,112.58697509765625,1.0,0.625,1.0,0.625,0.17654167305613455,0.6866891332663588,0.5420137687376424,0.7733492851257324,0.6339802145957947,0.0,0.0,0.7733492851257324,0.6339802145957947,0.0,0.2957897313630548,20.705281195413836,8.388319928720277,18.0,29,apf_fsm,1,0.0,0.0
2026-08-18T05:59:54.520+00:00,1787032794.5200899,192606.5576137,21.68727559997933,140,2,RUN,RUN,0.8656091097699272,0.5132667579245663,0.16336321623119984,113.97218704223633,1.0,0.625,1.0,0.625,0.1747719335634842,0.6935990851645064,0.5302358689333065,0.7689500451087952,0.6393088102340698,0.0,0.0,0.7689500451087952,0.6393088102340698,0.0,0.3207288773530088,22.451021414710617,7.520110662286171,18.0,29,apf_fsm,1,0.0,0.0
2026-08-18T05:59:54.671+00:00,1787032794.6719909,192606.7098001,21.83946200000355,141,2,RUN,RUN,0.8675694280837403,0.5134993996302171,0.16336321623119984,109.66157913208008,1.0,0.625,1.0,0.625,0.17311915047414506,0.6998050494316354,0.5364418332004355,0.7649677991867065,0.6440685987472534,0.0,0.0,0.7649677991867065,0.6440685987472534,0.0,0.307588041428306,21.531162899981418,8.803542477574187,18.0,30,apf_fsm,1,0.0,0.0
2026-08-18T05:59:54.821+00:00,1787032794.821083,192606.8583519,21.988013800000772,142,2,RUN,RUN,0.8744680744638335,0.5144185521077502,0.17105208031303099,105.99184036254883,1.0,0.625,1.0,0.625,0.1672917240833031,0.7221635307261739,0.5511114504131429,0.750377357006073,0.661009669303894,0.0,0.0,0.750377357006073,0.661009669303894,0.0,0.27652582054324026,19.35680743802682,10.063545951988473,18.0,29,apf_fsm,1,0.0,0.0
2026-08-18T05:59:54.986+00:00,1787032794.9861002,192607.023433,22.153094899986172,143,2,RUN,RUN,0.8781603716058923,0.514880070361533,0.17105208031303099,122.31659889221191,1.0,0.625,1.0,0.625,0.16422939429589076,0.7349163696991234,0.5638642893860925,0.7418868541717529,0.6705251336097717,0.0,0.0,0.7418868541717529,0.6705251336097717,0.0,0.2495222869577635,17.466560087043444,10.65745709184032,18.0,28,apf_fsm,1,0.0,0.0
2026-08-18T05:59:55.134+00:00,1787032795.1340487,192607.1714933,22.301155199995264,144,2,RUN,RUN,0.8781603716058923,0.514880070361533,0.17105208031303099,114.33696746826172,1.0,0.625,1.0,0.625,0.16422939429589076,0.7349163696991234,0.5638642893860925,0.7418868541717529,0.6705251336097717,0.0,0.0,0.7418868541717529,0.6705251336097717,0.0,0.2495222869577635,17.466560087043444,9.875706024009354,18.0,27,apf_fsm,1,0.0,0.0
2026-08-18T05:59:55.269+00:00,1787032795.269598,192607.3073643,22.437026200001128,145,2,RUN,RUN,0.8803648684988109,0.5150775900042306,0.17105208031303099,99.48110580444336,1.0,0.625,1.0,0.625,0.16246692250604378,0.7431127370217947,0.5720606567087637,0.7363660931587219,0.6765832901000977,0.0,0.0,0.7363660931587219,0.6765832901000977,0.0,0.23216686666694591,16.251680666686212,10.834485535575183,18.0,27,apf_fsm,1,0.0,0.0
2026-08-18T05:59:55.419+00:00,1787032795.4195132,192607.4574148,22.58707670000149,146,2,RUN,RUN,0.8862683814815946,0.5157530272341633,0.17105208031303099,112.518310546875,1.0,0.625,1.0,0.625,0.15770156026278107,0.7652884201274823,0.5942363398144513,0.7211825847625732,0.6927450299263,0.0,0.0,0.7211825847625732,0.6927450299263,0.0,0.18521090613176575,12.964763429223602,13.063255510485194,0,26,apf_fsm,1,0.0,0.0
2026-08-18T05:59:55.572+00:00,1787032795.572639,192607.6099444,22.739606299990555,147,2,RUN,RUN,0.8903749557159577,0.5164350716429569,0.17908779587362564,114.84861373901367,1.0,0.625,1.0,0.625,0.15428543030191846,0.7805395398056295,0.6014517439320038,0.7105339765548706,0.7036628723144531,0.0,0.0,0.7105339765548706,0.7036628723144531,0.0,0.1699326290489608,11.895284033427256,12.472709253721137,0,24,apf_fsm,1,0.0,0.0
2026-08-18T05:59:55.727+00:00,1787032795.7279758,192607.7656295,22.895291399996495,148,2,RUN,RUN,0.8939399464447102,0.517360966714737,0.17908779587362564,114.56418037414551,1.0,0.625,1.0,0.625,0.15111219820628943,0.7927868256650182,0.6136990297913926,0.7018629908561707,0.7123120427131653,0.0,0.0,0.7018629908561707,0.7123120427131653,0.0,0.15,8.0,30.0,-22,38,apf_fsm,1,0.0,0.0
2026-08-18T05:59:55.873+00:00,1787032795.873601,192607.9108539,23.040515799977584,149,2,RUN,RUN,0.8939399464447102,0.517360966714737,0.17908779587362564,109.45582389831543,1.0,0.625,1.0,0.625,0.15111219820628943,0.7927868256650182,0.6136990297913926,0.7018629908561707,0.7123120427131653,0.0,0.0,0.7018629908561707,0.7123120427131653,0.0,0.15,8.0,30.0,-22,38,apf_fsm,1,0.0,0.0
2026-08-18T05:59:56.089+00:00,1787032796.0897782,192608.1269195,23.25658139999723,150,2,RUN,RUN,0.895700584870982,0.517749429735135,0.17908779587362564,169.78192329406738,1.0,0.625,1.0,0.625,0.1496029839889364,0.7993474097653909,0.6202596138917652,0.6971747279167175,0.7169013023376465,0.0,0.0,0.6971747279167175,0.7169013023376465,0.0,0.15,8.0,30.0,-22,38,apf_fsm,1,0.0,0.0
2026-08-18T05:59:56.261+00:00,1787032796.2614796,192608.2986322,23.42829409998376,151,2,RUN,RUN,0.8974404102728886,0.5182267615640644,0.2088659431038981,142.1651840209961,1.0,0.625,1.0,0.625,0.14805064637174187,0.8055243903814999,0.5966584472776018,0.692733108997345,0.7211939692497253,0.0,0.0,0.692733108997345,0.7211939692497253,0.0,0.18008220809303493,12.441934077171362,10.074197754039643,18.0,22,apf_fsm,1,0.0,0.0
2026-08-18T05:59:56.422+00:00,1787032796.422431,192608.4603676,23.590029499988304,152,2,RUN,RUN,0.8974404102728886,0.5182267615640644,0.23530707049643798,130.7828426361084,1.0,0.625,1.0,0.625,0.14805064637174187,0.8055243903814999,0.570217319885062,0.692733108997345,0.7211939692497253,0.0,0.0,0.692733108997345,0.7211939692497253,0.0,0.2360700452402627,16.31015063385271,8.558903099892722,18.0,24,apf_fsm,1,0.0,0.0
2026-08-18T05:59:56.583+00:00,1787032796.5831337,192608.6206666,23.75032849999843,153,2,RUN,RUN,0.8991587246288074,0.5193517549720787,0.4065292957968908,131.09087944030762,1.0,0.625,1.0,0.625,0.14604969871919757,0.8086734173393423,0.4021441215424515,0.6904586553573608,0.7233718633651733,0.0,0.0,0.6904586553573608,0.7233718633651733,0.0,0.5919570964207953,35.0,-1.8611207265668517,36,33,apf_fsm,1,0.0,0.0
2026-08-18T05:59:56.743+00:00,1787032796.7442958,192608.7813656,23.911027499998454,154,2,RUN,RUN,0.9004996290113797,0.5207752162098347,0.5229931449702936,133.90064239501953,1.0,0.625,1.0,0.625,0.14409416845583925,0.8085841254514302,0.2855909804811366,0.6905232667922974,0.7233102321624756,0.0,0.0,0.6905232667922974,0.7233102321624756,0.0,0.8387528621179838,35.0,-1.223450132334654,36,33,apf_fsm,1,0.0,0.0
2026-08-18T05:59:56.894+00:00,1787032796.8945847,192608.9322442,24.061906099988846,155,2,RUN,RUN,0.9016641038575172,0.5221498313213501,0.7407741736353259,122.68972396850586,1.0,0.625,1.0,0.625,0.14229583854551725,0.8078327070536099,0.06705853341828394,0.6910665035247803,0.7227910757064819,0.0,0.0,0.6910665035247803,0.7227910757064819,0.0,1.0,35.0,-6.978050313017005,41,28,apf_fsm,1,0.0,0.0
2026-08-18T05:59:57.041+00:00,1787032797.0413034,192609.0791336,24.2087954999879,156,2,RUN,RUN,0.9052386748115134,0.5273899523437107,0.8379194656738956,118.927001953125,1.0,0.625,1.0,0.625,0.13604201613818126,0.8002055663082938,-0.03771389936560188,0.6965592503547668,0.717499315738678,0.0,0.0,0.6965592503547668,0.717499315738678,0.0,1.0,35.0,-4.0441741410920224,39,30,apf_fsm,1,0.0,0.0
2026-08-18T05:59:57.183+00:00,1787032797.183774,192609.2212227,24.350884599989513,157,2,RUN,RUN,0.9061955344800097,0.5289675196289861,0.8579586119940203,112.60294914245605,1.0,0.625,1.0,0.625,0.13424423651576337,0.7971340960630745,-0.060824515930945844,0.6987597346305847,0.7153564691543579,0.0,0.0,0.6987597346305847,0.7153564691543579,0.0,1.0,35.0,-1.4171167390964974,36,33,apf_fsm,1,0.0,0.0
2026-08-18T05:59:57.330+00:00,1787032797.3301718,192609.3672991,24.4969609999971,158,2,RUN,RUN,0.9061955344800097,0.5289675196289861,0.8728771722401105,110.1231575012207,1.0,0.625,1.0,0.625,0.13424423651576337,0.7971340960630745,-0.07574307617703602,0.6987597346305847,0.7153564691543579,0.0,0.0,0.6987597346305847,0.7153564691543579,0.0,1.0,35.0,-1.2795803703835162,36,33,apf_fsm,1,0.0,0.0
2026-08-18T05:59:57.470+00:00,1787032797.4700737,192609.5079187,24.637580599985085,159,2,RUN,RUN,0.9127221655555586,0.5367258174745853,0.8728771722401105,106.82845115661621,1.0,0.625,1.0,0.625,0.1241360209038519,0.7910736042601931,-0.08180356797991739,0.703082263469696,0.7111085057258606,0.0,0.0,0.703082263469696,0.7111085057258606,0.0,1.0,35.0,-1.030152892900022,36,33,apf_fsm,1,0.0,0.0
2026-08-18T05:59:57.611+00:00,1787032797.611087,192609.6488304,24.778492299985373,160,2,RUN,RUN,0.9185910766495465,0.5427206293256849,0.8728771722401105,105.49807548522949,1.0,0.625,1.0,0.625,0.11574673921817995,0.7907157722540498,-0.08216139998606076,0.7033366560935974,0.7108568549156189,0.0,0.0,0.7033366560935974,0.7108568549156189,0.0,1.0,35.0,-0.8341381200756254,35,34,apf_fsm,1,0.0,0.0
2026-08-18T05:59:57.757+00:00,1787032797.7572627,192609.7943264,24.92398829999729,161,2,RUN,RUN,0.9266728220991233,0.5510171634509751,0.831521769696091,108.91270637512207,1.0,0.625,1.0,0.625,0.10416494190823784,0.7898490114347565,-0.04167275826133454,0.7039526104927063,0.7102470397949219,0.0,0.0,0.7039526104927063,0.7102470397949219,0.0,1.0,35.0,1.0003748777520722,33,36,apf_fsm,1,0.0,0.0
2026-08-18T05:59:57.911+00:00,1787032797.9126716,192609.9496423,25.079304199985927,162,2,RUN,RUN,0.9388423458437305,0.5614895509169864,0.7448809202196771,123.64363670349121,1.0,0.625,1.0,0.625,0.08816935864927188,0.8042683432228792,0.0593874230032021,0.6936384439468384,0.7203233242034912,0.0,0.0,0.6936384439468384,0.7203233242034912,0.0,1.0,35.0,4.1309805742908035,30,39,apf_fsm,1,0.0,0.0
2026-08-18T05:59:58.071+00:00,1787032798.071447,192610.109191,25.23885289998725,163,2,RUN,RUN,0.9480302325193248,0.5685039615199223,0.6764589001658075,124.8478889465332,1.0,0.625,1.0,0.625,0.07676365739031628,0.827103939546187,0.15064503938037954,0.6770099997520447,0.7359737753868103,0.0,0.0,0.6770099997520447,0.7359737753868103,0.0,1.0,35.0,4.700466967005006,30,39,apf_fsm,1,0.0,0.0
2026-08-18T05:59:58.211+00:00,1787032798.211064,192610.2486682,25.378330099978484,164,2,RUN,RUN,0.9530710023990082,0.5722103913058447,0.6507941969645068,111.46736145019531,1.0,0.625,1.0,0.625,0.0706333745612931,0.8441021409003131,0.1933079439358063,0.6644026041030884,0.7473748922348022,0.0,0.0,0.6644026041030884,0.7473748922348022,0.0,1.0,32.96224146193678,3.4262810987979995,29,36,apf_fsm,1,0.0,0.0
2026-08-18T05:59:58.365+00:00,1787032798.3650208,192610.4026297,25.53229159998591,165,2,RUN,RUN,0.9633216540061114,0.5798182588795714,0.6409768683578518,111.71269416809082,1.0,0.625,1.0,0.625,0.05819528155719187,0.8889040686441186,0.2479272002862668,0.6302632689476013,0.7763814926147461,0.0,0.0,0.6302632689476013,0.7763814926147461,0.0,0.918504135979866,24.94454984223699,4.390945975128785,20,29,apf_fsm,1,0.0,0.0
2026-08-18T05:59:58.503+00:00,1787032798.5035918,192610.5409446,25.670606500003487,166,2,RUN,RUN,0.9717188868699342,0.5855742320718966,0.6324321010431608,111.34672164916992,1.0,0.625,1.0,0.625,0.04852022811772676,0.9485368003499693,0.3161046993068085,0.5828726291656494,0.8125634789466858,0.0,0.0,0.5828726291656494,0.8125634789466858,0.0,0.7741415051585968,17.52871046532455,5.547259458787045,18.0,23,apf_fsm,1,0.0,0.0
2026-08-18T05:59:58.657+00:00,1787032798.6571445,192610.6949543,25.824616199999582,167,2,RUN,RUN,0.9742594888693352,0.58745554328127,0.6324321010431608,112.84995079040527,1.0,0.625,1.0,0.625,0.045520985749129654,0.9697996796178471,0.33736757857468624,0.5654647350311279,0.8247724175453186,0.0,0.0,0.5654647350311279,0.8247724175453186,0.0,0.7291183635936502,15.488753764668468,4.117876560122584,18.0,19,apf_fsm,1,0.0,0.0
2026-08-18T05:59:58.797+00:00,1787032798.7971966,192610.8348743,25.96453619998647,168,2,RUN,RUN,0.9793834227322264,0.59157431317203,0.6324321010431608,110.8551025390625,1.0,0.625,1.0,0.625,0.0392723795836158,1.0181237336211484,0.38569163257798755,0.5249637961387634,0.8511245250701904,0.0,0.0,0.5249637961387634,0.8511245250701904,0.0,0.6267944639480537,11.487331384235912,5.548258215895421,18.0,18.0,apf_fsm,1,0.0,0.0
2026-08-18T05:59:58.941+00:00,1787032798.9411478,192610.9782777,26.107939599984093,169,2,RUN,RUN,0.9856131047103788,0.5960342723403549,0.6324321010431608,114.87007141113281,1.0,0.625,1.0,0.625,0.03234186350424563,1.1098027795605179,0.47737067851735704,0.44483816623687744,0.8956109881401062,0.0,0.0,0.44483816623687744,0.8956109881401062,0.0,0.4326684186526154,6.530208038041656,9.594891062904242,-18.0,18.0,apf_fsm,1,0.0,0.0
2026-08-18T05:59:59.096+00:00,1787032799.0962667,192611.1339067,26.263568599999417,170,2,RUN,RUN,0.9902692757897682,0.5992999449162413,0.6324321010431608,116.10293388366699,1.0,0.625,1.0,0.625,0.027480535383500516,1.2088499611829435,0.5764178601397827,0.3540951609611511,0.9352093935012817,0.0,0.0,0.3540951609611511,0.9352093935012817,0.0,0.22294069440539316,2.859047165813805,16.90329197301072,-18.0,19,apf_fsm,1,0.0,0.0
2026-08-18T05:59:59.241+00:00,1787032799.2413714,192611.2788564,26.40851829998428,171,2,RUN,RUN,0.9917635321698028,0.6004434981953268,0.6324321010431608,111.61565780639648,1.0,0.625,1.0,0.625,0.025900988073832034,1.2471789922420942,0.6147468911989333,0.3179982006549835,0.9480913281440735,0.0,0.0,0.3179982006549835,0.9480913281440735,0.0,0.15,1.8130691651682425,30.0,-28,31,apf_fsm,1,0.0,0.0
2026-08-18T05:59:59.388+00:00,1787032799.3888445,192611.4262627,26.55592459999025,172,2,RUN,RUN,0.994873521785756,0.6026336137658258,0.6324321010431608,113.50727081298828,1.0,0.625,1.0,0.625,0.022946372525028326,1.3454835349408245,0.7130514338976637,0.22341127693653107,0.9747243523597717,0.0,0.0,0.22341127693653107,0.9747243523597717,0.0,0.15,1.6062460767519828,30.0,-28,31,apf_fsm,1,0.0,0.0
2026-08-18T05:59:59.539+00:00,1787032799.5399618,192611.5774682,26.707130099995993,173,2,RUN,RUN,0.994873521785756,0.6026336137658258,0.6324321010431608,109.47322845458984,1.0,0.625,1.0,0.625,0.022946372525028326,1.3454835349408245,0.7130514338976637,0.22341127693653107,0.9747243523597717,0.0,0.0,0.22341127693653107,0.9747243523597717,0.0,0.15,1.6062460767519828,30.0,-28,31,apf_fsm,1,0.0,0.0
2026-08-18T05:59:59.690+00:00,1787032799.690191,192611.7276402,26.857302099990193,174,2,RUN,RUN,0.994873521785756,0.6026336137658258,0.6324321010431608,114.84980583190918,1.0,0.625,1.0,0.625,0.022946372525028326,1.3454835349408245,0.7130514338976637,0.22341127693653107,0.9747243523597717,0.0,0.0,0.22341127693653107,0.9747243523597717,0.0,0.15,1.6062460767519828,30.0,-28,31,apf_fsm,1,0.0,0.0
2026-08-18T05:59:59.837+00:00,1787032799.8377383,192611.8755552,27.005217099998845,175,2,RUN,RUN,0.994873521785756,0.6026336137658258,0.6324321010431608,107.21969604492188,1.0,0.625,1.0,0.625,0.022946372525028326,1.3454835349408245,0.7130514338976637,0.22341127693653107,0.9747243523597717,0.0,0.0,0.22341127693653107,0.9747243523597717,0.0,0.15,0.0,38.0,-38,38,apf_fsm,1,0.0,0.0
2026-08-18T06:00:00.037+00:00,1787032800.0373785,192612.0745217,27.20418359999894,176,2,RUN,RUN,0.994873521785756,0.6026336137658258,0.6452504696717217,163.8331413269043,1.0,0.625,1.0,0.625,0.022946372525028326,1.3454835349408245,0.7002330652691028,0.22341127693653107,0.9747243523597717,0.0,0.0,0.22341127693653107,0.9747243523597717,0.0,0.15,0.0,38.0,-38,38,apf_fsm,1,0.0,0.0
2026-08-18T06:00:00.204+00:00,1787032800.2045393,192612.241968,27.37162989997887,177,2,RUN,RUN,0.994873521785756,0.6026336137658258,0.7723700127492122,156.46767616271973,1.0,0.625,1.0,0.625,0.022946372525028326,1.3454835349408245,0.5731135221916123,0.22341127693653107,0.9747243523597717,0.0,0.0,0.22341127693653107,0.9747243523597717,0.0,0.22993747378529844,2.4622411011059837,2.320572164379728,0,18.0,apf_fsm,1,0.0,0.0
2026-08-18T06:00:00.370+00:00,1787032800.3700895,192612.4079089,27.537570799991954,178,2,RUN,RUN,0.994873521785756,0.6026336137658258,1.0250828662806906,142.10247993469238,1.0,0.625,1.0,0.625,0.022946372525028326,1.3454835349408245,0.32040066866013395,0.22341127693653107,0.9747243523597717,0.0,0.0,0.22341127693653107,0.9747243523597717,0.0,0.7650449931614824,8.192336792029192,-5.640943187000403,18.0,18.0,apf_fsm,1,0.0,0.0
2026-08-18T06:00:00.537+00:00,1787032800.537911,192612.5750062,27.704668099991977,179,2,RUN,RUN,0.9933100903780336,0.6039855273182252,1.3836472682035192,141.8137550354004,1.0,0.625,1.0,0.625,0.02205363808633709,1.262592876619362,-0.12105439158415732,0.30334722995758057,0.9528800845146179,0.0,0.0,0.30334722995758057,0.9528800845146179,0.0,1.0,10.291697773623977,-16.66147102439177,26,-18.0,apf_fsm,1,0.0,0.0
2026-08-18T06:00:00.697+00:00,1787032800.6971478,192612.7349127,27.864574599982006,180,2,RUN,RUN,0.9933100903780336,0.6039855273182252,1.5202637386443636,133.64338874816895,1.0,0.625,1.0,0.625,0.02205363808633709,1.262592876619362,-0.25767086202500167,0.30334722995758057,0.9528800845146179,0.0,0.0,0.30334722995758057,0.9528800845146179,0.0,0.8978723929173565,9.240631307185991,-7.358285085679569,18.0,1,apf_fsm,1,0.0,0.0
2026-08-18T06:00:00.862+00:00,1787032800.8624878,192612.8996812,28.029343100002734,181,2,RUN,RUN,0.9918830296945226,0.6050197998775133,1.584285194764845,132.5521469116211,1.0,0.625,1.0,0.625,0.02156602893150752,1.184913041329647,-0.39937215343519816,0.3763776421546936,0.9264664053916931,0.0,0.0,0.3763776421546936,0.9264664053916931,0.0,0.5978266078324,6.016614762917986,-8.953266733708858,18.0,-18.0,apf_fsm,1,0.0,0.0
2026-08-18T06:00:01.020+00:00,1787032801.0200722,192613.0571535,28.186815399996703,182,2,RUN,RUN,0.9918830296945226,0.6050197998775133,1.643445413006569,119.7359561920166,1.0,0.625,1.0,0.625,0.02156602893150752,1.184913041329647,-0.45853237167692207,0.3763776421546936,0.9264664053916931,0.0,0.0,0.3763776421546936,0.9264664053916931,0.0,0.4725576427334829,4.755889504331134,-7.203894693804427,18.0,-18.0,apf_fsm,1,0.0,0.0
2026-08-18T06:00:01.169+00:00,1787032801.1692188,192613.2062781,28.335939999989932,183,2,RUN,RUN,0.9918830296945226,0.6050197998775133,1.6829080344763698,115.54932594299316,1.0,0.625,1.0,0.625,0.02156602893150752,1.184913041329647,-0.4979949931467229,0.3763776421546936,0.9264664053916931,0.0,0.0,0.3763776421546936,0.9264664053916931,0.0,0.38899740751910683,3.9149270275912906,-8.479451336734188,18.0,-18.0,apf_fsm,1,0.0,0.0
2026-08-18T06:00:01.304+00:00,1787032801.3049428,192613.342338,28.471999899978982,184,2,RUN,RUN,0.9918830296945226,0.6050197998775133,1.705641166911067,110.05020141601562,1.0,0.625,1.0,0.625,0.02156602893150752,1.184913041329647,-0.52072812558142,0.3763776421546936,0.9264664053916931,0.0,0.0,0.3763776421546936,0.9264664053916931,0.0,0.3408610743853203,3.4304759028486593,-8.868845582808758,18.0,-18.0,apf_fsm,1,0.0,0.0
2026-08-18T06:00:01.454+00:00,1787032801.454248,192613.4919002,28.621562099986477,185,2,RUN,RUN,0.9918830296945226,0.6050197998775133,1.7135014769051544,110.5949878692627,1.0,0.625,1.0,0.625,0.02156602893150752,1.184913041329647,-0.5285884355755075,0.3763776421546936,0.9264664053916931,0.0,0.0,0.3763776421546936,0.9264664053916931,0.0,0.32421723959937004,3.26296990567031,-8.493576468965898,18.0,-18.0,apf_fsm,1,0.0,0.0
2026-08-18T06:00:01.592+00:00,1787032801.5923448,192613.6300478,28.759709699981613,186,2,RUN,RUN,0.9918830296945226,0.6050197998775133,1.7135014769051544,109.74311828613281,1.0,0.625,1.0,0.625,0.02156602893150752,1.184913041329647,-0.5285884355755075,0.3763776421546936,0.9264664053916931,0.0,0.0,0.3763776421546936,0.9264664053916931,0.0,0.32421723959937004,3.26296990567031,-8.073386385394473,18.0,-18.0,apf_fsm,1,0.0,0.0
2026-08-18T06:00:01.737+00:00,1787032801.7373793,192613.7748208,28.904482699988876,187,2,RUN,RUN,0.9918830296945226,0.6050197998775133,1.7135014769051544,114.46762084960938,1.0,0.625,1.0,0.625,0.02156602893150752,1.184913041329647,-0.5285884355755075,0.3763776421546936,0.9264664053916931,0.0,0.0,0.3763776421546936,0.9264664053916931,0.0,0.32421723959937004,3.26296990567031,-8.073386385394473,18.0,-18.0,apf_fsm,1,0.0,0.0
2026-08-18T06:00:01.891+00:00,1787032801.8912206,192613.9282425,29.05790439998964,188,2,RUN,RUN,0.9918830296945226,0.6050197998775133,1.7135014769051544,113.73186111450195,1.0,0.625,1.0,0.625,0.02156602893150752,1.184913041329647,-0.5285884355755075,0.3763776421546936,0.9264664053916931,0.0,0.0,0.3763776421546936,0.9264664053916931,0.0,0.32421723959937004,3.26296990567031,-8.073386385394473,18.0,-18.0,apf_fsm,1,0.0,0.0
2026-08-18T06:00:02.051+00:00,1787032802.051845,192614.0888739,29.21853579999879,189,2,RUN,RUN,0.9918830296945226,0.6050197998775133,1.7135014769051544,122.4675178527832,1.0,0.625,1.0,0.625,0.02156602893150752,1.184913041329647,-0.5285884355755075,0.3763776421546936,0.9264664053916931,0.0,0.0,0.3763776421546936,0.9264664053916931,0.0,0.32421723959937004,0.0,-38.0,38,-38,apf_fsm,1,0.0,0.0
2026-08-18T06:00:02.191+00:00,1787032802.1914573,192614.2287162,29.35837810000521,190,2,RUN,RUN,0.9918830296945226,0.6050197998775133,1.7135014769051544,106.09269142150879,1.0,0.625,1.0,0.625,0.02156602893150752,1.184913041329647,-0.5285884355755075,0.3763776421546936,0.9264664053916931,0.0,0.0,0.3763776421546936,0.9264664053916931,0.0,0.32421723959937004,0.0,-38.0,38,-38,apf_fsm,1,0.0,0.0
2026-08-18T06:00:02.335+00:00,1787032802.3358257,192614.3735493,29.503211200004444,191,2,RUN,RUN,0.9918830296945226,0.6050197998775133,1.7135014769051544,109.5876693725586,1.0,0.625,1.0,0.625,0.02156602893150752,1.184913041329647,-0.5285884355755075,0.3763776421546936,0.9264664053916931,0.0,0.0,0.3763776421546936,0.9264664053916931,0.0,0.32421723959937004,0.0,-38.0,38,-38,apf_fsm,1,0.0,0.0
2026-08-18T06:00:02.484+00:00,1787032802.4845982,192614.5222852,29.651947099977406,192,2,RUN,RUN,0.9918830296945226,0.6050197998775133,1.7135014769051544,112.11442947387695,1.0,0.625,1.0,0.625,0.02156602893150752,1.184913041329647,-0.5285884355755075,0.3763776421546936,0.9264664053916931,0.0,0.0,0.3763776421546936,0.9264664053916931,0.0,0.32421723959937004,3.26296990567031,-8.073386385394473,18.0,-18.0,apf_fsm,1,0.0,0.0
2026-08-18T06:00:02.623+00:00,1787032802.62305,192614.660188,29.789849900000263,193,2,RUN,RUN,0.9918830296945226,0.6050197998775133,1.7011874098086706,111.6635799407959,1.0,0.625,1.0,0.625,0.02156602893150752,1.184913041329647,-0.5162743684790236,0.3763776421546936,0.9264664053916931,0.0,0.0,0.3763776421546936,0.9264664053916931,0.0,0.3502916944810668,3.5253870482345575,-6.85689876054745,18.0,-18.0,apf_fsm,1,0.0,0.0
2026-08-18T06:00:02.766+00:00,1787032802.7668152,192614.804824,29.934485899982974,194,2,RUN,RUN,0.9906798445939502,0.6063177613127377,1.5230206094089813,113.35468292236328,1.0,0.625,1.0,0.625,0.020878010900484707,1.1080468387591746,-0.4149737706498067,0.4464101195335388,0.8948284983634949,0.0,0.0,0.4464101195335388,0.8948284983634949,0.0,0.5647909210072105,5.502798469132224,-0.6042167824754734,18.0,18.0,apf_fsm,1,0.0,0.0
2026-08-18T06:00:02.907+00:00,1787032802.9074833,192614.944672,30.074333900003694,195,2,RUN,RUN,0.9906798445939502,0.6063177613127377,1.3694604366238092,113.77501487731934,1.0,0.625,1.0,0.625,0.020878010900484707,1.1080468387591746,-0.2614135978646346,0.4464101195335388,0.8948284983634949,0.0,0.0,0.4464101195335388,0.8948284983634949,0.0,0.8899473267292339,8.670820661211414,2.7604700688346777,18.0,18.0,apf_fsm,1,0.0,0.0
2026-08-18T06:00:03.074+00:00,1787032803.07431,192615.1117721,30.241433999995934,196,2,RUN,RUN,0.9906798445939502,0.6063177613127377,1.32586094323009,138.1826400756836,1.0,0.625,1.0,0.625,0.020878010900484707,1.1080468387591746,-0.21781410447091543,0.4464101195335388,0.8948284983634949,0.0,0.0,0.4464101195335388,0.8948284983634949,0.0,0.9822671926559005,9.57029973921392,-0.6521587759289837,18.0,18.0,apf_fsm,1,0.0,0.0
2026-08-18T06:00:03.228+00:00,1787032803.2281537,192615.265836,30.39549789999728,197,2,RUN,RUN,0.9906798445939502,0.6063177613127377,1.2825184847039617,121.22893333435059,1.0,0.625,1.0,0.625,0.020878010900484707,1.1080468387591746,-0.17447164594478703,0.4464101195335388,0.8948284983634949,0.0,0.0,0.4464101195335388,0.8948284983634949,0.0,1.0,9.74307175355953,-0.22773041103337666,18.0,18.0,apf_fsm,1,0.0,0.0
