wall_time_iso,t_wall,t_perf,session_elapsed_s,frame_seq,frame_received_perf,frame_wait_ms,processing_ms,robot_id,detected,accepted,workspace_markers_seen,homography_valid,homography_age_ms,calibration_enabled,homography_mode,parallax_enabled,alignment_enabled,pose_filter_enabled,pixel_x,pixel_y,floor_x,floor_y,corrected_x,corrected_y,aligned_x,aligned_y,raw_yaw,x,y,yaw,pose_age_ms,cam_x,cam_y,cam_z
2026-08-18T06:00:51.347+00:00,1787032851.347699,192663.3834212,0.27640910001355223,907,192663.2649775,23.40480001294054,93.91600001254119,1,0,0,4,1,0.0,1,estabilizada,1,1,1,,,,,,,,,,,,,nan,0.5410931149327184,-0.24946328074863303,1.5827522773078655
2026-08-18T06:00:51.347+00:00,1787032851.347699,192663.3835875,0.27657539999927394,907,192663.2649775,23.40480001294054,93.91600001254119,2,1,1,4,1,0.0,1,estabilizada,1,1,1,457.0,526.5,0.18870125710964203,0.43843507766723633,0.20873930580417432,0.3993191318903434,0.19587805580417433,0.38787463189034344,2.8222542433959386,0.2024119919373355,0.38505773273808996,2.7938462140755527,0.0,0.5410931149327184,-0.24946328074863303,1.5827522773078655
2026-08-18T06:00:51.347+00:00,1787032851.347699,192663.3836186,0.27660650000325404,907,192663.2649775,23.40480001294054,93.91600001254119,3,1,1,4,1,0.0,1,estabilizada,1,1,1,473.0,384.25,0.19717592000961304,0.6822842359542847,0.21673207417653506,0.6293023020752211,0.20387082417653507,0.6178578020752211,-1.9791074865439295,0.20401231202671932,0.6182742828493927,-1.9806743330603427,0.0,0.5410931149327184,-0.24946328074863303,1.5827522773078655
2026-08-18T06:00:51.347+00:00,1787032851.347699,192663.3836457,0.27663360000588,907,192663.2649775,23.40480001294054,93.91600001254119,10,0,0,4,1,0.0,1,estabilizada,1,1,1,,,,,,,,,,,,,nan,0.5410931149327184,-0.24946328074863303,1.5827522773078655
2026-08-18T06:00:51.501+00:00,1787032851.5011458,192663.5368007,0.4297886000131257,912,192663.4163298,29.762899997876957,90.6816000060644,1,0,0,4,1,0.0,1,estabilizada,1,1,1,,,,,,,,,,,,,nan,0.5410953712747979,-0.24945508463159352,1.5827574042618764
2026-08-18T06:00:51.501+00:00,1787032851.5011458,192663.5368456,0.4298335000057705,912,192663.4163298,29.762899997876957,90.6816000060644,2,1,1,4,1,0.0,1,estabilizada,1,1,1,457.0,526.5,0.18870039284229279,0.43843501806259155,0.208738554075041,0.39931966843555966,0.195877304075041,0.3878751684355597,2.8222547541490837,0.2024119919373355,0.38505773273808996,2.7938462140755527,0.0,0.5410953712747979,-0.24945508463159352,1.5827574042618764
2026-08-18T06:00:51.501+00:00,1787032851.5011458,192663.5368575,0.42984540000907145,912,192663.4163298,29.762899997876957,90.6816000060644,3,1,1,4,1,0.0,1,estabilizada,1,1,1,473.0,384.25,0.19717487692832947,0.6822836399078369,0.21673115536230536,0.6293023775976754,0.20386990536230537,0.6178578775976754,-1.9791076150838165,0.20401231202671932,0.6182742828493927,-1.9806743330603427,0.0,0.5410953712747979,-0.24945508463159352,1.5827574042618764
2026-08-18T06:00:51.501+00:00,1787032851.5011458,192663.5368711,0.42985899999621324,912,192663.4163298,29.762899997876957,90.6816000060644,10,0,0,4,1,0.0,1,estabilizada,1,1,1,,,,,,,,,,,,,nan,0.5410953712747979,-0.24945508463159352,1.5827574042618764
2026-08-18T06:00:51.648+00:00,1787032851.6488965,192663.6854537,0.5784415999951307,917,192663.5804824,18.90700001968071,86.04189998004586,1,0,0,4,1,0.0,1,estabilizada,1,1,1,,,,,,,,,,,,,nan,0.5410959611147573,-0.24944736541082418,1.5827618414519422
2026-08-18T06:00:51.648+00:00,1787032851.6488965,192663.6854982,0.5784861000138335,917,192663.5804824,18.90700001968071,86.04189998004586,2,1,1,4,1,0.0,1,estabilizada,1,1,1,456.75,527.0,0.18838456273078918,0.43763670325279236,0.2084406602580311,0.39856729649795236,0.1955794102580311,0.3871227964979524,2.8222555223319152,0.2024119919373355,0.38505773273808996,2.7938462140755527,0.0,0.5410959611147573,-0.24944736541082418,1.5827618414519422
2026-08-18T06:00:51.648+00:00,1787032851.6488965,192663.6855106,0.5784984999918379,917,192663.5804824,18.90700001968071,86.04189998004586,3,1,1,4,1,0.0,1,estabilizada,1,1,1,473.0,384.25,0.1971738636493683,0.6822829842567444,0.21673017841589715,0.6293023466940164,0.20386892841589715,0.6178578466940164,-1.9791077436243707,0.20401231202671932,0.6182742828493927,-1.9806743330603427,0.0,0.5410959611147573,-0.24944736541082418,1.5827618414519422
2026-08-18T06:00:51.648+00:00,1787032851.6488965,192663.6855205,0.5785084000090137,917,192663.5804824,18.90700001968071,86.04189998004586,10,0,0,4,1,0.0,1,estabilizada,1,1,1,,,,,,,,,,,,,nan,0.5410959611147573,-0.24944736541082418,1.5827618414519422
2026-08-18T06:00:51.797+00:00,1787032851.7971785,192663.8331477,0.7261356000090018,921,192663.7464068,7.133600011002272,79.56189999822527,1,0,0,4,1,0.0,1,estabilizada,1,1,1,,,,,,,,,,,,,nan,0.5410959468544052,-0.2494392736227665,1.5827666223965489
2026-08-18T06:00:51.797+00:00,1787032851.7971785,192663.8332043,0.7261922000034247,921,192663.7464068,7.133600011002272,79.56189999822527,2,1,1,4,1,0.0,1,estabilizada,1,1,1,456.75,527.0,0.1883835643529892,0.43763646483421326,0.20843965725761593,0.3985676497694264,0.19557840725761594,0.3871231497694264,2.822255779761911,0.2024119919373355,0.38505773273808996,2.7938462140755527,0.0,0.5410959468544052,-0.2494392736227665,1.5827666223965489
2026-08-18T06:00:51.797+00:00,1787032851.7971785,192663.8332236,0.7262115000048652,921,192663.7464068,7.133600011002272,79.56189999822527,3,1,1,4,1,0.0,1,estabilizada,1,1,1,472.5,384.5,0.19641363620758057,0.6818416118621826,0.21601311949163104,0.6288866919721382,0.20315186949163105,0.6174421919721382,-2.0193153853259544,0.20401231202671932,0.6182742828493927,-1.9806743330603427,0.0,0.5410959468544052,-0.2494392736227665,1.5827666223965489
2026-08-18T06:00:51.797+00:00,1787032851.7971785,192663.8332336,0.7262214999936987,921,192663.7464068,7.133600011002272,79.56189999822527,10,0,0,4,1,0.0,1,estabilizada,1,1,1,,,,,,,,,,,,,nan,0.5410959468544052,-0.2494392736227665,1.5827666223965489
2026-08-18T06:00:51.939+00:00,1787032851.9396503,192663.97547,0.8684579000109807,925,192663.8710606,21.083999978145584,83.3007000037469,1,0,0,4,1,0.0,1,estabilizada,1,1,1,,,,,,,,,,,,,nan,0.5410947456279536,-0.24943103698926275,1.5827720746886718
2026-08-18T06:00:51.939+00:00,1787032851.9396503,192663.9755128,0.8685007000167388,925,192663.8710606,21.083999978145584,83.3007000037469,2,1,1,4,1,0.0,1,estabilizada,1,1,1,456.5,526.5,0.18795673549175262,0.4384543299674988,0.20803696145764833,0.39933961217827696,0.19517571145764834,0.387895112178277,2.8222563790647555,0.2024119919373355,0.38505773273808996,2.7938462140755527,0.0,0.5410947456279536,-0.24943103698926275,1.5827720746886718
2026-08-18T06:00:51.939+00:00,1787032851.9396503,192663.9755243,0.868512200016994,925,192663.8710606,21.083999978145584,83.3007000037469,3,1,1,4,1,0.0,1,estabilizada,1,1,1,472.5,384.5,0.19641226530075073,0.6818403601646423,0.2160116907174205,0.6288861622202936,0.2031504407174205,0.6174416622202936,-2.019315087639394,0.20401231202671932,0.6182742828493927,-1.9806743330603427,0.0,0.5410947456279536,-0.24943103698926275,1.5827720746886718
2026-08-18T06:00:51.939+00:00,1787032851.9396503,192663.9755348,0.8685227000096347,925,192663.8710606,21.083999978145584,83.3007000037469,10,0,0,4,1,0.0,1,estabilizada,1,1,1,,,,,,,,,,,,,nan,0.5410947456279536,-0.24943103698926275,1.5827720746886718
2026-08-18T06:00:52.087+00:00,1787032852.087083,192664.1231396,1.0161275000136811,929,192664.0161059,17.621800012420863,89.38759999000467,1,0,0,4,1,0.0,1,estabilizada,1,1,1,,,,,,,,,,,,,nan,0.5410892485723184,-0.24942415822094205,1.5827762626605868
2026-08-18T06:00:52.087+00:00,1787032852.087083,192664.1231817,1.0161696000141092,929,192664.0161059,17.621800012420863,89.38759999000467,2,1,1,4,1,0.0,1,estabilizada,1,1,1,457.5,527.75,0.18957486748695374,0.436393141746521,0.20956271734546972,0.39739612210881375,0.19670146734546973,0.3859516221088138,3.0290879601473994,0.2024119919373355,0.38505773273808996,2.8286656230343947,0.0,0.5410892485723184,-0.24942415822094205,1.5827762626605868
2026-08-18T06:00:52.087+00:00,1787032852.087083,192664.1231938,1.016181700018933,929,192664.0161059,17.621800012420863,89.38759999000467,3,1,1,4,1,0.0,1,estabilizada,1,1,1,472.5,384.25,0.19638273119926453,0.682295560836792,0.21598347155370057,0.6293160104774509,0.20312222155370058,0.6178715104774509,-2.002738520267345,0.20401231202671932,0.6182742828493927,-1.9806743330603427,0.0,0.5410892485723184,-0.24942415822094205,1.5827762626605868
2026-08-18T06:00:52.087+00:00,1787032852.087083,192664.1232058,1.0161936999938916,929,192664.0161059,17.621800012420863,89.38759999000467,10,0,0,4,1,0.0,1,estabilizada,1,1,1,,,,,,,,,,,,,nan,0.5410892485723184,-0.24942415822094205,1.5827762626605868
2026-08-18T06:00:52.240+00:00,1787032852.2400355,192664.2757661,1.1687540000129957,934,192664.1482051,40.32499997993,87.20930002164096,1,0,0,4,1,0.0,1,estabilizada,1,1,1,,,,,,,,,,,,,nan,0.5410859181613322,-0.24942060293573462,1.5827791623751253
2026-08-18T06:00:52.240+00:00,1787032852.2400355,192664.2758096,1.1687974999949802,934,192664.1482051,40.32499997993,87.20930002164096,2,1,1,4,1,0.0,1,estabilizada,1,1,1,458.5,529.75,0.1912735551595688,0.4331240952014923,0.2111645882351591,0.3943132337164511,0.1983033382351591,0.38286873371645114,-3.0455319507224905,0.2024119919373355,0.38505773273808996,3.0379701564394215,0.0,0.5410859181613322,-0.24942060293573462,1.5827791623751253
2026-08-18T06:00:52.240+00:00,1787032852.2400355,192664.2758223,1.1688102000043727,934,192664.1482051,40.32499997993,87.20930002164096,3,1,1,4,1,0.0,1,estabilizada,1,1,1,473.0,384.25,0.19716937839984894,0.682278573513031,0.2167251631323735,0.6293002883083162,0.2038639131323735,0.6178557883083162,-1.979107775272739,0.20401231202671932,0.6182742828493927,-1.9806743330603427,0.0,0.5410859181613322,-0.24942060293573462,1.5827791623751253
2026-08-18T06:00:52.240+00:00,1787032852.2400355,192664.275833,1.1688208999985363,934,192664.1482051,40.32499997993,87.20930002164096,10,0,0,4,1,0.0,1,estabilizada,1,1,1,,,,,,,,,,,,,nan,0.5410859181613322,-0.24942060293573462,1.5827791623751253
2026-08-18T06:00:52.402+00:00,1787032852.402571,192664.4384936,1.3314815000048839,939,192664.3209364,21.639599988702685,95.66950000589713,1,0,0,4,1,0.0,1,estabilizada,1,1,1,,,,,,,,,,,,,nan,0.5410823929320739,-0.2494195645940286,1.5827813804014048
2026-08-18T06:00:52.402+00:00,1787032852.402571,192664.4386859,1.3316738000139594,939,192664.3209364,21.639599988702685,95.66950000589713,2,1,1,4,1,0.0,1,estabilizada,1,1,1,459.0,531.5,0.19220328330993652,0.4302830398082733,0.21204122192533098,0.39163383963844745,0.199179971925331,0.3801893396384475,-2.9152932765911475,0.2024119919373355,0.38505773273808996,-3.1208123588890206,0.0,0.5410823929320739,-0.2494195645940286,1.5827813804014048
2026-08-18T06:00:52.402+00:00,1787032852.402571,192664.43872,1.3317079000116792,939,192664.3209364,21.639599988702685,95.66950000589713,3,1,1,4,1,0.0,1,estabilizada,1,1,1,472.5,384.0,0.19635258615016937,0.6827502250671387,0.21595458740855106,0.6297452541290621,0.20309333740855107,0.6183007541290622,-2.002739160634251,0.20401231202671932,0.6182742828493927,-1.9806743330603427,0.0,0.5410823929320739,-0.2494195645940286,1.5827813804014048
2026-08-18T06:00:52.402+00:00,1787032852.402571,192664.438752,1.3317398999934085,939,192664.3209364,21.639599988702685,95.66950000589713,10,0,0,4,1,0.0,1,estabilizada,1,1,1,,,,,,,,,,,,,nan,0.5410823929320739,-0.2494195645940286,1.5827813804014048
2026-08-18T06:00:52.572+00:00,1787032852.572982,192664.6092281,1.5022159999934956,944,192664.4889232,23.943300009705126,96.327699982794,1,0,0,4,1,0.0,1,estabilizada,1,1,1,,,,,,,,,,,,,nan,0.5410787609222589,-0.24942078621975736,1.5827829856414672
2026-08-18T06:00:52.572+00:00,1787032852.572982,192664.6093868,1.5023747000086587,944,192664.4889232,23.943300009705126,96.327699982794,2,1,1,4,1,0.0,1,estabilizada,1,1,1,458.75,530.75,0.19175118207931519,0.4315008521080017,0.21161460137373173,0.3927823745874326,0.19875335137373173,0.3813378745874326,-2.915294606920326,0.2024119919373355,0.38505773273808996,-3.048034703990629,0.0,0.5410787609222589,-0.24942078621975736,1.5827829856414672
2026-08-18T06:00:52.572+00:00,1787032852.572982,192664.6094356,1.5024235000018962,944,192664.4889232,23.943300009705126,96.327699982794,3,1,1,4,1,0.0,1,estabilizada,1,1,1,472.5,384.25,0.19638068974018097,0.6822927594184875,0.21598086657289706,0.6293137851256486,0.20311961657289707,0.6178692851256486,-2.0082885194311215,0.20401231202671932,0.6182742828493927,-1.9806743330603427,0.0,0.5410787609222589,-0.24942078621975736,1.5827829856414672
2026-08-18T06:00:52.572+00:00,1787032852.572982,192664.6094584,1.5024463000008836,944,192664.4889232,23.943300009705126,96.327699982794,10,0,0,4,1,0.0,1,estabilizada,1,1,1,,,,,,,,,,,,,nan,0.5410787609222589,-0.24942078621975736,1.5827829856414672
2026-08-18T06:00:52.736+00:00,1787032852.7363403,192664.7719664,1.6649543000094127,949,192664.6549996,25.201700016623363,91.66059998096898,1,0,0,4,1,0.0,1,estabilizada,1,1,1,,,,,,,,,,,,,nan,0.5410742739734694,-0.24942287638296498,1.582784647842947
2026-08-18T06:00:52.736+00:00,1787032852.7363403,192664.772054,1.6650419000070542,949,192664.6549996,25.201700016623363,91.66059998096898,2,1,1,4,1,0.0,1,estabilizada,1,1,1,461.0,530.5,0.19505146145820618,0.4318116009235382,0.2147269448973555,0.39307537547357485,0.2018656948973555,0.3816308754735749,-2.7353217101967426,0.2024119919373355,0.38505773273808996,-2.931712468292911,0.0,0.5410742739734694,-0.24942287638296498,1.582784647842947
2026-08-18T06:00:52.736+00:00,1787032852.7363403,192664.7720674,1.665055299992673,949,192664.6549996,25.201700016623363,91.66059998096898,3,1,1,4,1,0.0,1,estabilizada,1,1,1,472.5,384.25,0.19638028740882874,0.6822916865348816,0.21598021139918067,0.6293127100348981,0.20311896139918068,0.6178682100348981,-2.002740093430502,0.20401231202671932,0.6182742828493927,-1.9806743330603427,0.0,0.5410742739734694,-0.24942287638296498,1.582784647842947
2026-08-18T06:00:52.736+00:00,1787032852.7363403,192664.7720831,1.6650709999958053,949,192664.6549996,25.201700016623363,91.66059998096898,10,0,0,4,1,0.0,1,estabilizada,1,1,1,,,,,,,,,,,,,nan,0.5410742739734694,-0.24942287638296498,1.582784647842947
2026-08-18T06:00:52.929+00:00,1787032852.9298072,192664.9658908,1.858878700004425,954,192664.8212842,29.381000000284985,115.12939998647198,1,0,0,4,1,0.0,1,estabilizada,1,1,1,,,,,,,,,,,,,nan,0.541065755813896,-0.2494264154771214,1.5827853682493083
2026-08-18T06:00:52.929+00:00,1787032852.9298072,192664.9660499,1.85903779999353,954,192664.8212842,29.381000000284985,115.12939998647198,2,1,1,4,1,0.0,1,estabilizada,1,1,1,463.5,531.5,0.19885589182376862,0.4300977289676666,0.2183145552515065,0.39145877372658056,0.2054533052515065,0.3800142737265806,-2.4957033713258614,0.2024119919373355,0.38505773273808996,-2.649221875020859,0.0,0.541065755813896,-0.2494264154771214,1.5827853682493083
2026-08-18T06:00:52.929+00:00,1787032852.9298072,192664.9660847,1.8590725999965798,954,192664.8212842,29.381000000284985,115.12939998647198,3,1,1,4,1,0.0,1,estabilizada,1,1,1,472.5,384.25,0.1963801234960556,0.6822904348373413,0.21597956352810382,0.6293113523853398,0.20311831352810383,0.6178668523853398,-2.0193180380623645,0.20401231202671932,0.6182742828493927,-1.9806743330603427,0.0,0.541065755813896,-0.2494264154771214,1.5827853682493083
2026-08-18T06:00:52.929+00:00,1787032852.9298072,192664.966098,1.859085900010541,954,192664.8212842,29.381000000284985,115.12939998647198,10,0,0,4,1,0.0,1,estabilizada,1,1,1,,,,,,,,,,,,,nan,0.541065755813896,-0.2494264154771214,1.5827853682493083
2026-08-18T06:00:53.121+00:00,1787032853.1211848,192665.1578363,2.0508242000069004,960,192665.0175317,18.878900009440258,121.39889999525622,1,0,0,4,1,0.0,1,estabilizada,1,1,1,,,,,,,,,,,,,nan,0.5410562246694816,-0.24943163176422048,1.5827837213329778
2026-08-18T06:00:53.121+00:00,1787032853.1211848,192665.1578829,2.05087080001249,960,192665.0175317,18.878900009440258,121.39889999525622,2,1,1,4,1,0.0,1,estabilizada,1,1,1,464.75,534.0,0.2009676694869995,0.4260235130786896,0.22030573163275258,0.38761588845094486,0.2074444816327526,0.3761713884509449,-2.051304279776821,0.20354828668488353,0.383132504405967,-2.3143454295994017,0.0,0.5410562246694816,-0.24943163176422048,1.5827837213329778
2026-08-18T06:00:53.121+00:00,1787032853.1211848,192665.1578982,2.050886100012576,960,192665.0175317,18.878900009440258,121.39889999525622,3,1,1,4,1,0.0,1,estabilizada,1,1,1,472.25,384.0,0.19595783948898315,0.6827539801597595,0.21558076980323226,0.6297481879328197,0.20271951980323227,0.6183036879328198,-2.002741824536455,0.20401231202671932,0.6182742828493927,-1.9806743330603427,0.0,0.5410562246694816,-0.24943163176422048,1.5827837213329778
2026-08-18T06:00:53.121+00:00,1787032853.1211848,192665.1579108,2.0508986999921035,960,192665.0175317,18.878900009440258,121.39889999525622,10,0,0,4,1,0.0,1,estabilizada,1,1,1,,,,,,,,,,,,,nan,0.5410562246694816,-0.24943163176422048,1.5827837213329778
2026-08-18T06:00:53.290+00:00,1787032853.290392,192665.3263216,2.21930950001115,966,192665.2139634,24.27340002031997,88.0522999796085,1,0,0,4,1,0.0,1,estabilizada,1,1,1,,,,,,,,,,,,,nan,0.5410460848126273,-0.24943801506179736,1.5827825138181304
2026-08-18T06:00:53.290+00:00,1787032853.290392,192665.3263694,2.219357299996773,966,192665.2139634,24.27340002031997,88.0522999796085,2,1,1,4,1,0.0,1,estabilizada,1,1,1,467.5,534.25,0.20505759119987488,0.42550837993621826,0.22416253086224364,0.3871296544831006,0.21130128086224365,0.37568515448310064,-1.6912439015968286,0.2059759887486602,0.3803040274679521,-1.9522595967112748,0.0,0.5410460848126273,-0.24943801506179736,1.5827825138181304
2026-08-18T06:00:53.290+00:00,1787032853.290392,192665.3263842,2.219372099993052,966,192665.2139634,24.27340002031997,88.0522999796085,3,1,1,4,1,0.0,1,estabilizada,1,1,1,472.25,384.5,0.19601549208164215,0.6818399429321289,0.21563458255976503,0.6288857211816832,0.20277333255976504,0.6174412211816832,-2.0193208462664436,0.20401231202671932,0.6182742828493927,-1.9806743330603427,0.0,0.5410460848126273,-0.24943801506179736,1.5827825138181304
2026-08-18T06:00:53.290+00:00,1787032853.290392,192665.3263975,2.2193854000070132,966,192665.2139634,24.27340002031997,88.0522999796085,10,0,0,4,1,0.0,1,estabilizada,1,1,1,,,,,,,,,,,,,nan,0.5410460848126273,-0.24943801506179736,1.5827825138181304
2026-08-18T06:00:53.447+00:00,1787032853.4472363,192665.4837324,2.3767203000024892,971,192665.3805674,16.810400004033,86.3295000162907,1,0,0,4,1,0.0,1,estabilizada,1,1,1,,,,,,,,,,,,,nan,0.5410382537514018,-0.24944288911486132,1.5827832219460858
2026-08-18T06:00:53.447+00:00,1787032853.4472363,192665.4837735,2.376761399995303,971,192665.3805674,16.810400004033,86.3295000162907,2,1,1,4,1,0.0,1,estabilizada,1,1,1,468.75,534.25,0.20690466463565826,0.4254561960697174,0.2259041224283953,0.38708017791106575,0.2130428724283953,0.3756356779110658,-1.5138194168748216,0.2059759887486602,0.3803040274679521,-1.7471654830469514,0.0,0.5410382537514018,-0.24944288911486132,1.5827832219460858
2026-08-18T06:00:53.447+00:00,1787032853.4472363,192665.4838004,2.376788299996406,971,192665.3805674,16.810400004033,86.3295000162907,3,1,1,4,1,0.0,1,estabilizada,1,1,1,472.25,384.25,0.19598694145679474,0.6822951436042786,0.21560720131040373,0.6293147848400389,0.20274595131040374,0.6178702848400389,-2.00274431446675,0.20401231202671932,0.6182742828493927,-1.9806743330603427,0.0,0.5410382537514018,-0.24944288911486132,1.5827832219460858
2026-08-18T06:00:53.447+00:00,1787032853.4472363,192665.4838109,2.3767988000181504,971,192665.3805674,16.810400004033,86.3295000162907,10,0,0,4,1,0.0,1,estabilizada,1,1,1,,,,,,,,,,,,,nan,0.5410382537514018,-0.24944288911486132,1.5827832219460858
2026-08-18T06:00:53.594+00:00,1787032853.5946205,192665.6304261,2.5234139999956824,975,192665.5145855,35.1410000002943,80.67470000241883,1,0,0,4,1,0.0,1,estabilizada,1,1,1,,,,,,,,,,,,,nan,0.5410300037515394,-0.24944771346816752,1.582783400932659
2026-08-18T06:00:53.594+00:00,1787032853.5946205,192665.6304711,2.5234590000181925,975,192665.5145855,35.1410000002943,80.67470000241883,2,1,1,4,1,0.0,1,estabilizada,1,1,1,469.75,533.0,0.20825475454330444,0.4274245798587799,0.22717697246086233,0.38893636576484336,0.21431572246086233,0.3774918657648434,-1.4493221046080067,0.2074445403405349,0.3792980369559191,-1.574127052033424,0.0,0.5410300037515394,-0.24944771346816752,1.582783400932659
2026-08-18T06:00:53.594+00:00,1787032853.5946205,192665.6304834,2.5234712999954354,975,192665.5145855,35.1410000002943,80.67470000241883,3,1,1,4,1,0.0,1,estabilizada,1,1,1,472.5,384.5,0.1964094191789627,0.6818298101425171,0.21600518483663622,0.6288756427715594,0.20314393483663623,0.6174311427715594,-2.019322159807198,0.20401231202671932,0.6182742828493927,-1.9806743330603427,0.0,0.5410300037515394,-0.24944771346816752,1.582783400932659
2026-08-18T06:00:53.594+00:00,1787032853.5946205,192665.6304944,2.5234822999918833,975,192665.5145855,35.1410000002943,80.67470000241883,10,0,0,4,1,0.0,1,estabilizada,1,1,1,,,,,,,,,,,,,nan,0.5410300037515394,-0.24944771346816752,1.582783400932659
2026-08-18T06:00:53.734+00:00,1787032853.7346396,192665.7709587,2.663946600019699,980,192665.6821411,6.314199999906123,82.47090000077151,1,0,0,4,1,0.0,1,estabilizada,1,1,1,,,,,,,,,,,,,nan,0.5410245609990548,-0.24945490419566724,1.5827811434613421
2026-08-18T06:00:53.734+00:00,1787032853.7346396,192665.7710129,2.664000799995847,980,192665.6821411,6.314199999906123,82.47090000077151,2,1,1,4,1,0.0,1,estabilizada,1,1,1,469.5,531.75,0.20775671303272247,0.4294464588165283,0.22670696805748014,0.3908428129975762,0.21384571805748015,0.37939831299757626,-1.369486456473457,0.2074445403405349,0.3792980369559191,-1.507124670423545,0.0,0.5410245609990548,-0.24945490419566724,1.5827811434613421
2026-08-18T06:00:53.734+00:00,1787032853.7346396,192665.7710439,2.6640317999990657,980,192665.6821411,6.314199999906123,82.47090000077151,3,1,1,4,1,0.0,1,estabilizada,1,1,1,472.5,384.25,0.19638103246688843,0.6822857856750488,0.2159781307113512,0.6293052062470046,0.2031168807113512,0.6178607062470046,-2.019322936275506,0.20401231202671932,0.6182742828493927,-1.9806743330603427,0.0,0.5410245609990548,-0.24945490419566724,1.5827811434613421
2026-08-18T06:00:53.734+00:00,1787032853.7346396,192665.771058,2.6640459000191186,980,192665.6821411,6.314199999906123,82.47090000077151,10,0,0,4,1,0.0,1,estabilizada,1,1,1,,,,,,,,,,,,,nan,0.5410245609990548,-0.24945490419566724,1.5827811434613421
2026-08-18T06:00:53.874+00:00,1787032853.8745418,192665.910624,2.803611900017131,984,192665.8157262,12.759200006257743,82.11210000445135,1,0,0,4,1,0.0,1,estabilizada,1,1,1,,,,,,,,,,,,,nan,0.5410174127980705,-0.24946486125724815,1.5827776978527834
2026-08-18T06:00:53.874+00:00,1787032853.8745418,192665.9106678,2.8036557000014,984,192665.8157262,12.759200006257743,82.11210000445135,2,1,1,4,1,0.0,1,estabilizada,1,1,1,469.25,531.0,0.20730972290039062,0.4306640625,0.22628502949684776,0.3919905310109015,0.21342377949684777,0.3805460310109015,-1.2251954191381107,0.2074445403405349,0.3792980369559191,-1.3658905257734066,0.0,0.5410174127980705,-0.24946486125724815,1.5827776978527834
2026-08-18T06:00:53.874+00:00,1787032853.8745418,192665.9106808,2.803668700013077,984,192665.8157262,12.759200006257743,82.11210000445135,3,1,1,4,1,0.0,1,estabilizada,1,1,1,472.5,384.5,0.1964099109172821,0.6818287372589111,0.21600500327380562,0.6288734650307513,0.20314375327380563,0.6174289650307513,-2.0193237127432284,0.20401231202671932,0.6182742828493927,-1.9806743330603427,0.0,0.5410174127980705,-0.24946486125724815,1.5827776978527834
2026-08-18T06:00:53.874+00:00,1787032853.8745418,192665.9107064,2.803694300004281,984,192665.8157262,12.759200006257743,82.11210000445135,10,0,0,4,1,0.0,1,estabilizada,1,1,1,,,,,,,,,,,,,nan,0.5410174127980705,-0.24946486125724815,1.5827776978527834
2026-08-18T06:00:54.018+00:00,1787032854.0181394,192666.0544112,2.9473990999977104,988,192665.9479679,19.792000006418675,86.61930001107976,1,0,0,4,1,0.0,1,estabilizada,1,1,1,,,,,,,,,,,,,nan,0.5410100298075401,-0.24947387398430637,1.5827732446457747
2026-08-18T06:00:54.018+00:00,1787032854.0181394,192666.0545502,2.947538100008387,988,192665.9479679,19.792000006418675,86.61930001107976,2,1,1,4,1,0.0,1,estabilizada,1,1,1,470.25,529.75,0.20866230130195618,0.4326382577419281,0.22756033086284677,0.39385184783575083,0.21469908086284678,0.38240734783575087,-1.156419263393476,0.2074445403405349,0.3792980369559191,-1.272575301291458,0.0,0.5410100298075401,-0.24947387398430637,1.5827732446457747
2026-08-18T06:00:54.018+00:00,1787032854.0181394,192666.0545746,2.9475625000195578,988,192665.9479679,19.792000006418675,86.61930001107976,3,1,1,4,1,0.0,1,estabilizada,1,1,1,472.5,384.5,0.19641056656837463,0.6818283200263977,0.21600525696160644,0.6288724100471879,0.20314400696160645,0.6174279100471879,-2.0193247674531767,0.20401231202671932,0.6182742828493927,-1.9806743330603427,0.0,0.5410100298075401,-0.24947387398430637,1.5827732446457747
2026-08-18T06:00:54.018+00:00,1787032854.0181394,192666.0545918,2.947579700005008,988,192665.9479679,19.792000006418675,86.61930001107976,10,0,0,4,1,0.0,1,estabilizada,1,1,1,,,,,,,,,,,,,nan,0.5410100298075401,-0.24947387398430637,1.5827732446457747
2026-08-18T06:00:54.169+00:00,1787032854.1691601,192666.2056788,3.0986667000106536,993,192666.1140682,9.79800001368858,81.7879999813158,1,0,0,4,1,0.0,1,estabilizada,1,1,1,,,,,,,,,,,,,nan,0.5410071919363636,-0.24948335233147265,1.5827685462767873
2026-08-18T06:00:54.169+00:00,1787032854.1691601,192666.2057209,3.0987088000110816,993,192666.1140682,9.79800001368858,81.7879999813158,2,1,1,4,1,0.0,1,estabilizada,1,1,1,470.5,530.0,0.20905831456184387,0.4322243928909302,0.2279337205926144,0.39346086223173105,0.21507247059261442,0.3820163622317311,-1.051042736881271,0.2074445403405349,0.3792980369559191,-1.218815318662508,0.0,0.5410071919363636,-0.24948335233147265,1.5827685462767873
2026-08-18T06:00:54.170+00:00,1787032854.1701553,192666.2057335,3.0987214000197127,993,192666.1140682,9.79800001368858,81.7879999813158,3,1,1,4,1,0.0,1,estabilizada,1,1,1,472.5,384.5,0.19641125202178955,0.6818282604217529,0.2160058002362245,0.6288716576733858,0.20314455023622452,0.6174271576733859,-2.0193255633380414,0.20401231202671932,0.6182742828493927,-1.9806743330603427,0.0,0.5410071919363636,-0.24948335233147265,1.5827685462767873
2026-08-18T06:00:54.170+00:00,1787032854.1701553,192666.2057434,3.0987313000077847,993,192666.1140682,9.79800001368858,81.7879999813158,10,0,0,4,1,0.0,1,estabilizada,1,1,1,,,,,,,,,,,,,nan,0.5410071919363636,-0.24948335233147265,1.5827685462767873
2026-08-18T06:00:54.316+00:00,1787032854.3167205,192666.3525074,3.245495300012408,997,192666.2476649,22.036699985619634,82.78150000842288,1,0,0,4,1,0.0,1,estabilizada,1,1,1,,,,,,,,,,,,,nan,0.5410077246606719,-0.2494940968065212,1.582762697519009
2026-08-18T06:00:54.316+00:00,1787032854.3167205,192666.35255,3.245537900016643,997,192666.2476649,22.036699985619634,82.78150000842288,2,1,1,4,1,0.0,1,estabilizada,1,1,1,473.25,530.0,0.21313130855560303,0.43211251497268677,0.23177521360574832,0.39335459178161913,0.21891396360574833,0.38191009178161917,-0.875289647797448,0.2091032520476936,0.37988914329929785,-1.1413071345489672,0.0,0.5410077246606719,-0.2494940968065212,1.582762697519009
2026-08-18T06:00:54.316+00:00,1787032854.3167205,192666.3525611,3.2455490000138525,997,192666.2476649,22.036699985619634,82.78150000842288,3,1,1,4,1,0.0,1,estabilizada,1,1,1,473.0,384.25,0.1971709281206131,0.6822691559791565,0.21672238187746012,0.629286676115207,0.20386113187746013,0.6178421761152071,-1.979119057093535,0.20401231202671932,0.6182742828493927,-1.9806743330603427,0.0,0.5410077246606719,-0.2494940968065212,1.582762697519009
2026-08-18T06:00:54.316+00:00,1787032854.3167205,192666.352572,3.245559900009539,997,192666.2476649,22.036699985619634,82.78150000842288,10,0,0,4,1,0.0,1,estabilizada,1,1,1,,,,,,,,,,,,,nan,0.5410077246606719,-0.2494940968065212,1.582762697519009
2026-08-18T06:00:54.468+00:00,1787032854.4681284,192666.5038733,3.396861200017156,1002,192666.4141156,11.802199995145202,77.93020000099204,1,0,0,4,1,0.0,1,estabilizada,1,1,1,,,,,,,,,,,,,nan,0.5410118940754033,-0.24950689566620807,1.5827554107734723
2026-08-18T06:00:54.468+00:00,1787032854.4681284,192666.5039165,3.3969043999968562,1002,192666.4141156,11.802199995145202,77.93020000099204,2,1,1,4,1,0.0,1,estabilizada,1,1,1,475.75,530.0,0.21683484315872192,0.43201112747192383,0.23526847755599334,0.393258063249286,0.22240722755599335,0.38181356324928606,-0.5213449357391884,0.21486576344028807,0.3809325657871969,-0.7981723986355329,0.0,0.5410118940754033,-0.24950689566620807,1.5827554107734723
2026-08-18T06:00:54.468+00:00,1787032854.4681284,192666.5039286,3.39691650000168,1002,192666.4141156,11.802199995145202,77.93020000099204,3,1,1,4,1,0.0,1,estabilizada,1,1,1,472.5,384.25,0.19638395309448242,0.6822860240936279,0.21598048359891803,0.6293016133580467,0.20311923359891804,0.6178571133580467,-2.0193266374591197,0.20401231202671932,0.6182742828493927,-1.9723509041055194,0.0,0.5410118940754033,-0.24950689566620807,1.5827554107734723
2026-08-18T06:00:54.468+00:00,1787032854.4681284,192666.5039393,3.3969271999958437,1002,192666.4141156,11.802199995145202,77.93020000099204,10,0,0,4,1,0.0,1,estabilizada,1,1,1,,,,,,,,,,,,,nan,0.5410118940754033,-0.24950689566620807,1.5827554107734723
2026-08-18T06:00:54.611+00:00,1787032854.6114523,192666.6475841,3.5405719999980647,1006,192666.5460313,20.693200000096112,80.8359999791719,1,0,0,4,1,0.0,1,estabilizada,1,1,1,,,,,,,,,,,,,nan,0.5410161078199823,-0.249520832871653,1.5827459845150238
2026-08-18T06:00:54.611+00:00,1787032854.6114523,192666.6476282,3.5406161000137217,1006,192666.5460313,20.693200000096112,80.8359999791719,2,1,1,4,1,0.0,1,estabilizada,1,1,1,480.0,530.0,0.22313258051872253,0.4318385720252991,0.24120845481378816,0.39309429654415423,0.22834720481378817,0.38164979654415426,-0.3567121191211435,0.21666472686950355,0.38112071248138996,-0.594801878954379,0.0,0.5410161078199823,-0.249520832871653,1.5827459845150238
2026-08-18T06:00:54.611+00:00,1787032854.6114523,192666.6476467,3.5406346000090707,1006,192666.5460313,20.693200000096112,80.8359999791719,3,1,1,4,1,0.0,1,estabilizada,1,1,1,472.5,384.5,0.19641323387622833,0.6818305253982544,0.21600845569853555,0.6288709077057313,0.20314720569853556,0.6174264077057313,-2.0193269156971914,0.20401231202671932,0.6182742828493927,-1.9723509041055194,0.0,0.5410161078199823,-0.249520832871653,1.5827459845150238
2026-08-18T06:00:54.611+00:00,1787032854.6114523,192666.6476624,3.540650300012203,1006,192666.5460313,20.693200000096112,80.8359999791719,10,0,0,4,1,0.0,1,estabilizada,1,1,1,,,,,,,,,,,,,nan,0.5410161078199823,-0.249520832871653,1.5827459845150238
2026-08-18T06:00:54.755+00:00,1787032854.756188,192666.7917194,3.6847073000099044,1010,192666.6847079,24.97999998740852,81.97299999301322,1,0,0,4,1,0.0,1,estabilizada,1,1,1,,,,,,,,,,,,,nan,0.5410217151108314,-0.24953475691872531,1.5827367178134817
2026-08-18T06:00:54.756+00:00,1787032854.756188,192666.7918006,3.684788500017021,1010,192666.6847079,24.97999998740852,81.97299999301322,2,1,1,4,1,0.0,1,estabilizada,1,1,1,482.75,530.75,0.2272798866033554,0.4305174648761749,0.24512035510823815,0.3918472936008828,0.23225910510823816,0.3804027936008828,-0.17966075318857233,0.22130697547050168,0.38133555537220654,-0.44819511510285925,0.0,0.5410217151108314,-0.24953475691872531,1.5827367178134817
2026-08-18T06:00:54.756+00:00,1787032854.756188,192666.791818,3.684805900003994,1010,192666.6847079,24.97999998740852,81.97299999301322,3,1,1,4,1,0.0,1,estabilizada,1,1,1,472.5,384.5,0.19641399383544922,0.6818318367004395,0.2160096060214296,0.628871042601011,0.2031483560214296,0.617426542601011,-1.9756421349511764,0.20401231202671932,0.6182742828493927,-1.9723509041055194,0.0,0.5410217151108314,-0.24953475691872531,1.5827367178134817
2026-08-18T06:00:54.756+00:00,1787032854.756188,192666.7918517,3.684839599998668,1010,192666.6847079,24.97999998740852,81.97299999301322,10,0,0,4,1,0.0,1,estabilizada,1,1,1,,,,,,,,,,,,,nan,0.5410217151108314,-0.24953475691872531,1.5827367178134817
2026-08-18T06:00:54.891+00:00,1787032854.8913379,192666.9282427,3.821230600005947,1014,192666.8140337,35.57589999400079,78.60810001147911,1,0,0,4,1,0.0,1,estabilizada,1,1,1,,,,,,,,,,,,,nan,0.5410302262573312,-0.24954901206637822,1.5827279570096457
2026-08-18T06:00:54.891+00:00,1787032854.8913379,192666.9282862,3.8212741000170354,1014,192666.8140337,35.57589999400079,78.60810001147911,2,1,1,4,1,0.0,1,estabilizada,1,1,1,486.0,529.25,0.23195815086364746,0.4328066110610962,0.2495331779946442,0.39400524547613325,0.2366719279946442,0.3825607454761333,-0.02663649873967808,0.22822302708862152,0.3817084554485891,-0.21000885374793704,0.0,0.5410302262573312,-0.24954901206637822,1.5827279570096457
2026-08-18T06:00:54.891+00:00,1787032854.8913379,192666.9282981,3.8212860000203364,1014,192666.8140337,35.57589999400079,78.60810001147911,3,1,1,4,1,0.0,1,estabilizada,1,1,1,472.5,384.5,0.1964147388935089,0.6818335056304932,0.2160109011558749,0.6288715128752166,0.2031496511558749,0.6174270128752166,-2.0193277115736104,0.20401231202671932,0.6182742828493927,-1.9723509041055194,0.0,0.5410302262573312,-0.24954901206637822,1.5827279570096457
2026-08-18T06:00:54.891+00:00,1787032854.8913379,192666.9283084,3.821296300011454,1014,192666.8140337,35.57589999400079,78.60810001147911,10,0,0,4,1,0.0,1,estabilizada,1,1,1,,,,,,,,,,,,,nan,0.5410302262573312,-0.24954901206637822,1.5827279570096457
2026-08-18T06:00:55.051+00:00,1787032855.0515263,192667.0879252,3.980913100007456,1019,192666.982711,5.641499999910593,99.54610001295805,1,0,0,4,1,0.0,1,estabilizada,1,1,1,,,,,,,,,,,,,nan,0.5410402497700479,-0.24956413681381345,1.5827188818310505
2026-08-18T06:00:55.051+00:00,1787032855.0515263,192667.08797,3.980957899999339,1019,192666.982711,5.641499999910593,99.54610001295805,2,1,1,4,1,0.0,1,estabilizada,1,1,1,488.5,529.5,0.23568972945213318,0.43230223655700684,0.25305323420593945,0.3935284692709446,0.24019198420593946,0.3820839692709446,0.003784943489191645,0.23025837085074974,0.38189166499367067,-0.1445478004721586,0.0,0.5410402497700479,-0.24956413681381345,1.5827188818310505
2026-08-18T06:00:55.051+00:00,1787032855.0515263,192667.0879921,3.9809799999929965,1019,192666.982711,5.641499999910593,99.54610001295805,3,1,1,4,1,0.0,1,estabilizada,1,1,1,472.5,384.5,0.19641543924808502,0.6818353533744812,0.21601224402689323,0.6288720918128525,0.20315099402689324,0.6174275918128526,-2.019327730990182,0.20401231202671932,0.6182742828493927,-1.9723509041055194,0.0,0.5410402497700479,-0.24956413681381345,1.5827188818310505
2026-08-18T06:00:55.051+00:00,1787032855.0515263,192667.0880031,3.980991000018548,1019,192666.982711,5.641499999910593,99.54610001295805,10,0,0,4,1,0.0,1,estabilizada,1,1,1,,,,,,,,,,,,,nan,0.5410402497700479,-0.24956413681381345,1.5827188818310505
2026-08-18T06:00:55.209+00:00,1787032855.2094393,192667.245143,4.138130900013493,1024,192667.1480398,10.597699991194531,86.48140000877902,1,0,0,4,1,0.0,1,estabilizada,1,1,1,,,,,,,,,,,,,nan,0.5410521306742149,-0.2495768078997888,1.5827114103321356
2026-08-18T06:00:55.209+00:00,1787032855.2094393,192667.2451862,4.1381740999931935,1024,192667.1480398,10.597699991194531,86.48140000877902,2,1,1,4,1,0.0,1,estabilizada,1,1,1,490.25,529.75,0.23830896615982056,0.43182870745658875,0.2555242870505556,0.39308096356485517,0.24266303705055559,0.3816364635648552,0.0055732728152052555,0.23467309924425522,0.3818698807104,-0.07005413591066981,0.0,0.5410521306742149,-0.2495768078997888,1.5827114103321356
2026-08-18T06:00:55.209+00:00,1787032855.2094393,192667.2451975,4.138185399991926,1024,192667.1480398,10.597699991194531,86.48140000877902,3,1,1,4,1,0.0,1,estabilizada,1,1,1,472.5,384.5,0.196416437625885,0.6818374395370483,0.21601395374402604,0.628873088789287,0.20315270374402605,0.6174285887892871,-2.0193280092254984,0.20401231202671932,0.6182742828493927,-1.9723509041055194,0.0,0.5410521306742149,-0.2495768078997888,1.5827114103321356
2026-08-18T06:00:55.209+00:00,1787032855.2094393,192667.2452074,4.138195300009102,1024,192667.1480398,10.597699991194531,86.48140000877902,10,0,0,4,1,0.0,1,estabilizada,1,1,1,,,,,,,,,,,,,nan,0.5410521306742149,-0.2495768078997888,1.5827114103321356
2026-08-18T06:00:55.367+00:00,1787032855.3674054,192667.4032498,4.296237700007623,1028,192667.2814979,33.63970000646077,88.08789998875,1,0,0,4,1,0.0,1,estabilizada,1,1,1,,,,,,,,,,,,,nan,0.5410655825996193,-0.24958815654457217,1.582704159080549
2026-08-18T06:00:55.367+00:00,1787032855.3674054,192667.4032941,4.296281999995699,1028,192667.2814979,33.63970000646077,88.08789998875,2,1,1,4,1,0.0,1,estabilizada,1,1,1,491.75,529.75,0.24053508043289185,0.4317692518234253,0.2576246578121024,0.3930240659961863,0.24476340781210243,0.3815795659961863,0.03602123148693974,0.23824350082394324,0.38163534168091173,-0.027556620539746925,0.0,0.5410655825996193,-0.24958815654457217,1.582704159080549
2026-08-18T06:00:55.367+00:00,1787032855.3674054,192667.403307,4.296294900006615,1028,192667.2814979,33.63970000646077,88.08789998875,3,1,1,4,1,0.0,1,estabilizada,1,1,1,472.5,384.25,0.19638898968696594,0.6822963356971741,0.21598892135085945,0.6293050019595536,0.20312767135085946,0.6178605019595537,-2.0027517520066973,0.20401231202671932,0.6182742828493927,-1.9723509041055194,0.0,0.5410655825996193,-0.24958815654457217,1.582704159080549
2026-08-18T06:00:55.367+00:00,1787032855.3674054,192667.4033176,4.296305500000017,1028,192667.2814979,33.63970000646077,88.08789998875,10,0,0,4,1,0.0,1,estabilizada,1,1,1,,,,,,,,,,,,,nan,0.5410655825996193,-0.24958815654457217,1.582704159080549
2026-08-18T06:00:55.509+00:00,1787032855.5095096,192667.5458915,4.438879399996949,1033,192667.4463705,20.812500006286427,78.68460001191124,1,0,0,4,1,0.0,1,estabilizada,1,1,1,,,,,,,,,,,,,nan,0.541082788732161,-0.2495984425483865,1.5826971390600104
2026-08-18T06:00:55.509+00:00,1787032855.5095096,192667.5459341,4.438922000001185,1033,192667.4463705,20.812500006286427,78.68460001191124,2,1,1,4,1,0.0,1,estabilizada,1,1,1,494.0,530.0,0.2438964992761612,0.4312761127948761,0.2607959839538964,0.39255821252920176,0.24793473395389642,0.3811137125292018,0.0674027908451746,0.2404223126727274,0.38162064084581754,-0.009498937074899332,0.0,0.541082788732161,-0.2495984425483865,1.5826971390600104
2026-08-18T06:00:55.509+00:00,1787032855.5095096,192667.545946,4.438933900004486,1033,192667.4463705,20.812500006286427,78.68460001191124,3,1,1,4,1,0.0,1,estabilizada,1,1,1,472.75,384.5,0.19681242108345032,0.6818348169326782,0.2163893397014912,0.6288689074832663,0.20352808970149122,0.6174244074832663,-1.9915549972327984,0.20401231202671932,0.6182742828493927,-1.9723509041055194,0.0,0.541082788732161,-0.2495984425483865,1.5826971390600104
2026-08-18T06:00:55.509+00:00,1787032855.5095096,192667.5459561,4.4389439999940805,1033,192667.4463705,20.812500006286427,78.68460001191124,10,0,0,4,1,0.0,1,estabilizada,1,1,1,,,,,,,,,,,,,nan,0.541082788732161,-0.2495984425483865,1.5826971390600104
2026-08-18T06:00:55.657+00:00,1787032855.657081,192667.693091,4.586078899999848,1037,192667.580537,23.991299996851012,88.53239999734797,1,0,0,4,1,0.0,1,estabilizada,1,1,1,,,,,,,,,,,,,nan,0.5410940129116585,-0.24960743423053516,1.5826909900405086
2026-08-18T06:00:55.657+00:00,1787032855.657081,192667.6931741,4.586161999992328,1037,192667.580537,23.991299996851012,88.53239999734797,2,1,1,4,1,0.0,1,estabilizada,1,1,1,495.0,530.0,0.24538138508796692,0.4312369227409363,0.2621971353965291,0.3925205892854308,0.24933588539652912,0.38107608928543085,0.005558216530415189,0.24220246873974532,0.3815081042127587,-0.009498937074899332,0.0,0.5410940129116585,-0.24960743423053516,1.5826909900405086
2026-08-18T06:00:55.657+00:00,1787032855.657081,192667.6931972,4.5861850999936,1037,192667.580537,23.991299996851012,88.53239999734797,3,1,1,4,1,0.0,1,estabilizada,1,1,1,472.5,384.5,0.19641993939876556,0.6818450689315796,0.216019890880998,0.6288778594054518,0.203158640880998,0.6174333594054519,-2.019328306875785,0.20401231202671932,0.6182742828493927,-1.9723509041055194,0.0,0.5410940129116585,-0.24960743423053516,1.5826909900405086
2026-08-18T06:00:55.657+00:00,1787032855.657081,192667.6932243,4.5862121999962255,1037,192667.580537,23.991299996851012,88.53239999734797,10,0,0,4,1,0.0,1,estabilizada,1,1,1,,,,,,,,,,,,,nan,0.5410940129116585,-0.24960743423053516,1.5826909900405086
2026-08-18T06:00:55.801+00:00,1787032855.8017955,192667.8379436,4.730931500002043,1042,192667.7495544,7.870499975979328,80.492500012042,1,0,0,4,1,0.0,1,estabilizada,1,1,1,,,,,,,,,,,,,nan,0.5411049187807176,-0.24962015445110364,1.5826815974442938
2026-08-18T06:00:55.801+00:00,1787032855.8017955,192667.8379873,4.7309752000146545,1042,192667.7495544,7.870499975979328,80.492500012042,2,1,1,4,1,0.0,1,estabilizada,1,1,1,496.25,530.0,0.24723751842975616,0.4311875104904175,0.2639484387274931,0.3924730337797009,0.2510871887274931,0.3810285337797009,0.034251815045765674,0.24417367623325745,0.38132823114182246,-0.009498937074899332,0.0,0.5411049187807176,-0.24962015445110364,1.5826815974442938
2026-08-18T06:00:55.801+00:00,1787032855.8017955,192667.8380171,4.731005000008736,1042,192667.7495544,7.870499975979328,80.492500012042,3,1,1,4,1,0.0,1,estabilizada,1,1,1,472.75,384.5,0.19681505858898163,0.6818393468856812,0.21639327790188223,0.6288714250650944,0.20353202790188224,0.6174269250650944,-1.9915548433429189,0.20401231202671932,0.6182742828493927,-1.9723509041055194,0.0,0.5411049187807176,-0.24962015445110364,1.5826815974442938
2026-08-18T06:00:55.801+00:00,1787032855.8017955,192667.8380274,4.731015299999854,1042,192667.7495544,7.870499975979328,80.492500012042,10,0,0,4,1,0.0,1,estabilizada,1,1,1,,,,,,,,,,,,,nan,0.5411049187807176,-0.24962015445110364,1.5826815974442938
2026-08-18T06:00:55.950+00:00,1787032855.9504745,192667.9868134,4.879801300005056,1046,192667.8845826,24.993800005177036,77.21339998533949,1,0,0,4,1,0.0,1,estabilizada,1,1,1,,,,,,,,,,,,,nan,0.5411179959300031,-0.24963241149034876,1.5826722413285816
2026-08-18T06:00:55.950+00:00,1787032855.9504745,192667.9868542,4.879842099995585,1046,192667.8845826,24.993800005177036,77.21339998533949,2,1,1,4,1,0.0,1,estabilizada,1,1,1,498.75,530.25,0.2509705126285553,0.4306837320327759,0.2674699954748643,0.3919969772403352,0.2546087454748643,0.38055247724033525,0.03424217112001274,0.24417367623325745,0.38132823114182246,0.008787782470986306,0.0,0.5411179959300031,-0.24963241149034876,1.5826722413285816
2026-08-18T06:00:55.950+00:00,1787032855.9504745,192667.986866,4.879853899998125,1046,192667.8845826,24.993800005177036,77.21339998533949,3,1,1,4,1,0.0,1,estabilizada,1,1,1,472.75,384.25,0.1967879980802536,0.6822983622550964,0.21636861559362014,0.6293033280042386,0.20350736559362015,0.6178588280042386,-1.9756427272421309,0.20401231202671932,0.6182742828493927,-1.9723509041055194,0.0,0.5411179959300031,-0.24963241149034876,1.5826722413285816
2026-08-18T06:00:55.950+00:00,1787032855.9504745,192667.9868785,4.879866400005994,1046,192667.8845826,24.993800005177036,77.21339998533949,10,0,0,4,1,0.0,1,estabilizada,1,1,1,,,,,,,,,,,,,nan,0.5411179959300031,-0.24963241149034876,1.5826722413285816
2026-08-18T06:00:56.115+00:00,1787032856.1154273,192668.1510085,5.043996399996104,1051,192668.0463077,17.22050001262687,87.4511000001803,1,0,0,4,1,0.0,1,estabilizada,1,1,1,,,,,,,,,,,,,nan,0.5411305725724994,-0.24964491263155397,1.5826614366778442
2026-08-18T06:00:56.115+00:00,1787032856.1154273,192668.1510695,5.0440573999949265,1051,192668.0463077,17.22050001262687,87.4511000001803,2,1,1,4,1,0.0,1,estabilizada,1,1,1,501.5,530.0,0.25503304600715637,0.4309769868850708,0.2713023356948675,0.39227258078980487,0.2584410856948675,0.3808280807898049,0.0359755869149388,0.24839660007621417,0.3810199907091609,0.008787782470986306,0.0,0.5411305725724994,-0.24964491263155397,1.5826614366778442
2026-08-18T06:00:56.115+00:00,1787032856.1154273,192668.1511022,5.04409010001109,1051,192668.0463077,17.22050001262687,87.4511000001803,3,1,1,4,1,0.0,1,estabilizada,1,1,1,472.5,384.5,0.19642429053783417,0.6818525195121765,0.21602643959141904,0.6288817659763395,0.20316518959141905,0.6174372659763395,-2.019327588671358,0.20401231202671932,0.6182742828493927,-1.9723509041055194,0.0,0.5411305725724994,-0.24964491263155397,1.5826614366778442
2026-08-18T06:00:56.115+00:00,1787032856.1154273,192668.151114,5.044101900013629,1051,192668.0463077,17.22050001262687,87.4511000001803,10,0,0,4,1,0.0,1,estabilizada,1,1,1,,,,,,,,,,,,,nan,0.5411305725724994,-0.24964491263155397,1.5826614366778442
2026-08-18T06:00:56.254+00:00,1787032856.2541032,192668.2897094,5.182697300013388,1055,192668.1809806,27.367399976355955,81.33380001527257,1,0,0,4,1,0.0,1,estabilizada,1,1,1,,,,,,,,,,,,,nan,0.5411409557563346,-0.24965648976194715,1.5826498115271863
2026-08-18T06:00:56.254+00:00,1787032856.2541032,192668.2897527,5.182740599993849,1055,192668.1809806,27.367399976355955,81.33380001527257,2,1,1,4,1,0.0,1,estabilizada,1,1,1,503.25,530.25,0.2576534152030945,0.4305039346218109,0.2737744032220245,0.3918254867752407,0.2609131532220245,0.38038098677524074,0.06471778049549698,0.2505873664998996,0.38091476733112417,0.008787782470986306,0.0,0.5411409557563346,-0.24965648976194715,1.5826498115271863
2026-08-18T06:00:56.254+00:00,1787032856.2541032,192668.2897652,5.182753100001719,1055,192668.1809806,27.367399976355955,81.33380001527257,3,1,1,4,1,0.0,1,estabilizada,1,1,1,472.5,384.5,0.19642601907253265,0.6818551421165466,0.21602880427212467,0.6288831919994411,0.20316755427212468,0.6174386919994411,-2.019327588671358,0.20401231202671932,0.6182742828493927,-1.9723509041055194,0.0,0.5411409557563346,-0.24965648976194715,1.5826498115271863
2026-08-18T06:00:56.254+00:00,1787032856.2541032,192668.2897759,5.182763799995882,1055,192668.1809806,27.367399976355955,81.33380001527257,10,0,0,4,1,0.0,1,estabilizada,1,1,1,,,,,,,,,,,,,nan,0.5411409557563346,-0.24965648976194715,1.5826498115271863
2026-08-18T06:00:56.406+00:00,1787032856.4062097,192668.442131,5.3351188999949954,1060,192668.3474955,1.9755999965127558,92.45610001380555,1,0,0,4,1,0.0,1,estabilizada,1,1,1,,,,,,,,,,,,,nan,0.5411481553226947,-0.2496639354726159,1.5826419589348613
2026-08-18T06:00:56.406+00:00,1787032856.4062097,192668.4423857,5.335373600013554,1060,192668.3474955,1.9755999965127558,92.45610001380555,2,1,1,4,1,0.0,1,estabilizada,1,1,1,507.25,530.0,0.26357489824295044,0.4307459890842438,0.27935963906581474,0.3920531610163397,0.26649838906581474,0.3806086610163397,0.035948627989678246,0.25741273611251037,0.3806281181351332,0.008787782470986306,0.0,0.5411481553226947,-0.2496639354726159,1.5826419589348613
2026-08-18T06:00:56.406+00:00,1787032856.4062097,192668.4424014,5.335389300016686,1060,192668.3474955,1.9755999965127558,92.45610001380555,3,1,1,4,1,0.0,1,estabilizada,1,1,1,472.5,384.5,0.19642755389213562,0.6818574070930481,0.2160307584916336,0.628884641928062,0.20316950849163362,0.6174401419280621,-2.0193278474885483,0.20401231202671932,0.6182742828493927,-1.9723509041055194,0.0,0.5411481553226947,-0.2496639354726159,1.5826419589348613
2026-08-18T06:00:56.406+00:00,1787032856.4062097,192668.4424312,5.335419100010768,1060,192668.3474955,1.9755999965127558,92.45610001380555,10,0,0,4,1,0.0,1,estabilizada,1,1,1,,,,,,,,,,,,,nan,0.5411481553226947,-0.2496639354726159,1.5826419589348613
2026-08-18T06:00:56.562+00:00,1787032856.5629456,192668.5984444,5.491432300012093,1064,192668.4844459,20.188900001812726,93.76230000634678,1,0,0,4,1,0.0,1,estabilizada,1,1,1,,,,,,,,,,,,,nan,0.5411539019703595,-0.24967163476703985,1.5826342503407418
2026-08-18T06:00:56.562+00:00,1787032856.5629456,192668.598631,5.49161890000687,1064,192668.4844459,20.188900001812726,93.76230000634678,2,1,1,4,1,0.0,1,estabilizada,1,1,1,510.75,530.0,0.26877591013908386,0.4306047260761261,0.2842652875865497,0.3919193049418979,0.2714040375865497,0.38047480494189795,0.037779112653614326,0.2594300843907506,0.3805732459068035,0.008787782470986306,0.0,0.5411539019703595,-0.24967163476703985,1.5826342503407418
2026-08-18T06:00:56.562+00:00,1787032856.5629456,192668.5986531,5.491641000000527,1064,192668.4844459,20.188900001812726,93.76230000634678,3,1,1,4,1,0.0,1,estabilizada,1,1,1,472.5,384.25,0.19640052318572998,0.6823161244392395,0.21600568722406444,0.6293165774431435,0.20314443722406444,0.6178720774431435,-2.002751230011324,0.20401231202671932,0.6182742828493927,-1.9723509041055194,0.0,0.5411539019703595,-0.24967163476703985,1.5826342503407418
2026-08-18T06:00:56.562+00:00,1787032856.5629456,192668.5986682,5.491656099999091,1064,192668.4844459,20.188900001812726,93.76230000634678,10,0,0,4,1,0.0,1,estabilizada,1,1,1,,,,,,,,,,,,,nan,0.5411539019703595,-0.24967163476703985,1.5826342503407418
2026-08-18T06:00:56.725+00:00,1787032856.7259963,192668.7622144,5.655202299996745,1069,192668.6486231,13.071800000034273,100.48430002643727,1,0,0,4,1,0.0,1,estabilizada,1,1,1,,,,,,,,,,,,,nan,0.541157623930008,-0.24967973655748243,1.582627061804746
2026-08-18T06:00:56.725+00:00,1787032856.7259963,192668.7623064,5.655294299998786,1069,192668.6486231,13.071800000034273,100.48430002643727,2,1,1,4,1,0.0,1,estabilizada,1,1,1,513.75,530.5,0.27327314019203186,0.4296761155128479,0.28850705354931044,0.3910428656702687,0.27564580354931045,0.3795983656702687,0.037764872572189266,0.26699507299852215,0.38031304750512773,0.008787782470986306,0.0,0.541157623930008,-0.24967973655748243,1.582627061804746
2026-08-18T06:00:56.725+00:00,1787032856.7259963,192668.7623214,5.655309299996588,1069,192668.6486231,13.071800000034273,100.48430002643727,3,1,1,4,1,0.0,1,estabilizada,1,1,1,472.5,384.5,0.196430504322052,0.6818617582321167,0.21603426411707044,0.6288873484330965,0.20317301411707045,0.6174428484330965,-2.019327886320939,0.20401231202671932,0.6182742828493927,-1.9723509041055194,0.0,0.541157623930008,-0.24967973655748243,1.582627061804746
2026-08-18T06:00:56.725+00:00,1787032856.7259963,192668.7623352,5.655323100014357,1069,192668.6486231,13.071800000034273,100.48430002643727,10,0,0,4,1,0.0,1,estabilizada,1,1,1,,,,,,,,,,,,,nan,0.541157623930008,-0.24967973655748243,1.582627061804746
2026-08-18T06:00:56.889+00:00,1787032856.8897338,192668.9252417,5.818229600001359,1074,192668.81486,16.994899982819334,93.36160001112148,1,0,0,4,1,0.0,1,estabilizada,1,1,1,,,,,,,,,,,,,nan,0.5411569231992838,-0.24968565856351643,1.5826212857904092
2026-08-18T06:00:56.889+00:00,1787032856.8897338,192668.9252875,5.818275400000857,1074,192668.81486,16.994899982819334,93.36160001112148,2,1,1,4,1,0.0,1,estabilizada,1,1,1,517.0,530.25,0.2780860364437103,0.4299483299255371,0.2930462673091615,0.3912991221123955,0.2801850173091615,0.3798546221123955,0.0359036655981509,0.27149911862409504,0.3800264031004307,0.008787782470986306,0.0,0.5411569231992838,-0.24968565856351643,1.5826212857904092
2026-08-18T06:00:56.889+00:00,1787032856.8897338,192668.9253061,5.818293999996968,1074,192668.81486,16.994899982819334,93.36160001112148,3,1,1,4,1,0.0,1,estabilizada,1,1,1,472.5,384.5,0.1964322030544281,0.6818637847900391,0.21603589794441697,0.628888729636558,0.20317464794441698,0.617444229636558,-2.01932868218523,0.20401231202671932,0.6182742828493927,-1.9723509041055194,0.0,0.5411569231992838,-0.24968565856351643,1.5826212857904092
2026-08-18T06:00:56.889+00:00,1787032856.8897338,192668.9253244,5.8183123000198975,1074,192668.81486,16.994899982819334,93.36160001112148,10,0,0,4,1,0.0,1,estabilizada,1,1,1,,,,,,,,,,,,,nan,0.5411569231992838,-0.24968565856351643,1.5826212857904092
2026-08-18T06:00:57.075+00:00,1787032857.0758944,192669.1121865,6.005174399993848,1079,192668.9805143,7.62290001148358,124.01179998414591,1,0,0,4,1,0.0,1,estabilizada,1,1,1,,,,,,,,,,,,,nan,0.5411582542052762,-0.2496930690487708,1.5826150934138974
2026-08-18T06:00:57.075+00:00,1787032857.0758944,192669.1122407,6.0052285999991,1079,192668.9805143,7.62290001148358,124.01179998414591,2,1,1,4,1,0.0,1,estabilizada,1,1,1,519.5,530.5,0.2818223237991333,0.42944350838661194,0.29657021406865236,0.39082243607184214,0.28370896406865237,0.37937793607184217,0.03773699564702829,0.2755657541718006,0.37981207677782935,0.02489395373424541,0.0,0.5411582542052762,-0.2496930690487708,1.5826150934138974
2026-08-18T06:00:57.075+00:00,1787032857.0758944,192669.1122554,6.005243299994618,1079,192668.9805143,7.62290001148358,124.01179998414591,3,1,1,4,1,0.0,1,estabilizada,1,1,1,472.5,384.25,0.19640548527240753,0.6823221445083618,0.21601085194247227,0.6293203947024761,0.20314960194247228,0.6178758947024762,-2.0193292192314183,0.20401231202671932,0.6182742828493927,-1.9723509041055194,0.0,0.5411582542052762,-0.2496930690487708,1.5826150934138974
2026-08-18T06:00:57.075+00:00,1787032857.0758944,192669.1122688,6.00525670000934,1079,192668.9805143,7.62290001148358,124.01179998414591,10,0,0,4,1,0.0,1,estabilizada,1,1,1,,,,,,,,,,,,,nan,0.5411582542052762,-0.2496930690487708,1.5826150934138974
2026-08-18T06:00:57.222+00:00,1787032857.2220218,192669.2584184,6.151406299992232,1084,192669.1491164,26.505400019232184,82.76719998684712,1,0,0,4,1,0.0,1,estabilizada,1,1,1,,,,,,,,,,,,,nan,0.5411595596274399,-0.24970011811588017,1.5826097444076566
2026-08-18T06:00:57.222+00:00,1787032857.2220218,192669.2584681,6.151455999992322,1084,192669.1491164,26.505400019232184,82.76719998684712,2,1,1,4,1,0.0,1,estabilizada,1,1,1,521.75,530.25,0.2851518392562866,0.42975619435310364,0.29971051040994334,0.39111680878234417,0.28684926040994335,0.3796723087823442,0.06458510122044729,0.27733864077008746,0.3797196574420912,0.02489395373424541,0.0,0.5411595596274399,-0.24970011811588017,1.5826097444076566
2026-08-18T06:00:57.222+00:00,1787032857.2220218,192669.2584825,6.151470400014659,1084,192669.1491164,26.505400019232184,82.76719998684712,3,1,1,4,1,0.0,1,estabilizada,1,1,1,472.5,384.5,0.19643601775169373,0.6818674802780151,0.216039788598201,0.628891006354666,0.203178538598201,0.617446506354666,-2.0193300345042524,0.20401231202671932,0.6182742828493927,-1.9723509041055194,0.0,0.5411595596274399,-0.24970011811588017,1.5826097444076566
2026-08-18T06:00:57.223+00:00,1787032857.2230144,192669.2585084,6.151496300008148,1084,192669.1491164,26.505400019232184,82.76719998684712,10,0,0,4,1,0.0,1,estabilizada,1,1,1,,,,,,,,,,,,,nan,0.5411595596274399,-0.24970011811588017,1.5826097444076566
2026-08-18T06:00:57.387+00:00,1787032857.387674,192669.423578,6.316565899993293,1089,192669.314036,18.579900002805516,90.89849999872968,1,0,0,4,1,0.0,1,estabilizada,1,1,1,,,,,,,,,,,,,nan,0.5411610574420007,-0.24970625308453903,1.58260435914087
2026-08-18T06:00:57.387+00:00,1787032857.387674,192669.4236768,6.316664700018009,1089,192669.314036,18.579900002805516,90.89849999872968,2,1,1,4,1,0.0,1,estabilizada,1,1,1,525.0,530.75,0.2900221645832062,0.42881646752357483,0.3043040033932304,0.3902300422417179,0.2914427533932304,0.37878554224171795,0.09494003705050018,0.282192460625304,0.3794424563044468,0.05112943943682622,0.0,0.5411610574420007,-0.24970625308453903,1.58260435914087
2026-08-18T06:00:57.387+00:00,1787032857.387674,192669.4237175,6.316705400007777,1089,192669.314036,18.579900002805516,90.89849999872968,3,1,1,4,1,0.0,1,estabilizada,1,1,1,472.5,384.25,0.19640979170799255,0.682325541973114,0.21601520587031947,0.6293224897126455,0.20315395587031948,0.6178779897126455,-2.0027540750751602,0.20401231202671932,0.6182742828493927,-1.9723509041055194,0.0,0.5411610574420007,-0.24970625308453903,1.58260435914087
2026-08-18T06:00:57.387+00:00,1787032857.387674,192669.4237355,6.316723399999319,1089,192669.314036,18.579900002805516,90.89849999872968,10,0,0,4,1,0.0,1,estabilizada,1,1,1,,,,,,,,,,,,,nan,0.5411610574420007,-0.24970625308453903,1.58260435914087
2026-08-18T06:00:57.531+00:00,1787032857.531229,192669.5673988,6.460386699996889,1094,192669.4802612,5.764000001363456,81.30489999894053,1,0,0,4,1,0.0,1,estabilizada,1,1,1,,,,,,,,,,,,,nan,0.5411657431981787,-0.24971269586679348,1.582599925355967
2026-08-18T06:00:57.531+00:00,1787032857.531229,192669.5674813,6.460469200013904,1094,192669.4802612,5.764000001363456,81.30489999894053,2,1,1,4,1,0.0,1,estabilizada,1,1,1,526.75,530.25,0.29259341955184937,0.429553359746933,0.30672934156836135,0.3909245540546259,0.29386809156836136,0.3794800540546259,0.06454836887486382,0.2862232766416147,0.37931457413437114,0.05914752248312455,0.0,0.5411657431981787,-0.24971269586679348,1.582599925355967
2026-08-18T06:00:57.531+00:00,1787032857.531229,192669.5676551,6.460642999998527,1094,192669.4802612,5.764000001363456,81.30489999894053,3,1,1,4,1,0.0,1,estabilizada,1,1,1,472.5,384.0,0.19638372957706451,0.682783842086792,0.21599094725017337,0.6297542121271255,0.20312969725017338,0.6183097121271255,-2.0027548733329494,0.20401231202671932,0.6182742828493927,-1.9723509041055194,0.0,0.5411657431981787,-0.24971269586679348,1.582599925355967
2026-08-18T06:00:57.531+00:00,1787032857.531229,192669.5677211,6.460709000006318,1094,192669.4802612,5.764000001363456,81.30489999894053,10,0,0,4,1,0.0,1,estabilizada,1,1,1,,,,,,,,,,,,,nan,0.5411657431981787,-0.24971269586679348,1.582599925355967
2026-08-18T06:00:57.681+00:00,1787032857.6813982,192669.7175564,6.610544299997855,1098,192669.6131125,16.35109999915585,88.06670000194572,1,0,0,4,1,0.0,1,estabilizada,1,1,1,,,,,,,,,,,,,nan,0.5411704433922678,-0.2497177371393371,1.5825960652056363
2026-08-18T06:00:57.681+00:00,1787032857.6813982,192669.7176014,6.610589300020365,1098,192669.6131125,16.35109999915585,88.06670000194572,2,1,1,4,1,0.0,1,estabilizada,1,1,1,528.25,530.5,0.29484426975250244,0.42908918857574463,0.30885249087410516,0.39048639873093405,0.29599124087410517,0.3790418987309341,0.0949057553560549,0.287966320975953,0.3793505056067716,0.06704870020028497,0.0,0.5411704433922678,-0.2497177371393371,1.5825960652056363
2026-08-18T06:00:57.681+00:00,1787032857.6813982,192669.7176209,6.610608799994225,1098,192669.6131125,16.35109999915585,88.06670000194572,3,1,1,4,1,0.0,1,estabilizada,1,1,1,472.75,384.0,0.19678016006946564,0.6827775835990906,0.2163651484189879,0.6297478935148089,0.20350389841898792,0.6183033935148089,-1.9791256535669741,0.20401231202671932,0.6182742828493927,-1.9723509041055194,0.0,0.5411704433922678,-0.2497177371393371,1.5825960652056363
2026-08-18T06:00:57.681+00:00,1787032857.6813982,192669.717631,6.610618900012923,1098,192669.6131125,16.35109999915585,88.06670000194572,10,0,0,4,1,0.0,1,estabilizada,1,1,1,,,,,,,,,,,,,nan,0.5411704433922678,-0.2497177371393371,1.5825960652056363
2026-08-18T06:00:57.844+00:00,1787032857.8444426,192669.8800721,6.773060000006808,1102,192669.7501855,34.73010001471266,95.0961000053212,1,0,0,4,1,0.0,1,estabilizada,1,1,1,,,,,,,,,,,,,nan,0.5411737798822287,-0.24971960067649474,1.5825950928628338
2026-08-18T06:00:57.844+00:00,1787032857.8444426,192669.8801903,6.773178200004622,1102,192669.7501855,34.73010001471266,95.0961000053212,2,1,1,4,1,0.0,1,estabilizada,1,1,1,530.25,530.25,0.2978060841560364,0.4294126331806183,0.3116460693260496,0.390791319793014,0.2987848193260496,0.37934681979301405,0.06713750349142411,0.2897088736591953,0.3792834938800026,0.07480465993764915,0.0,0.5411737798822287,-0.24971960067649474,1.5825950928628338
2026-08-18T06:00:57.844+00:00,1787032857.8444426,192669.8802075,6.773195400019176,1102,192669.7501855,34.73010001471266,95.0961000053212,3,1,1,4,1,0.0,1,estabilizada,1,1,1,472.5,384.5,0.19644591212272644,0.681874692440033,0.21605011046649336,0.6288962099724682,0.20318886046649337,0.6174517099724682,-2.019334253161371,0.20401231202671932,0.6182742828493927,-1.9723509041055194,0.0,0.5411737798822287,-0.24971960067649474,1.5825950928628338
2026-08-18T06:00:57.844+00:00,1787032857.8444426,192669.880219,6.7732069000194315,1102,192669.7501855,34.73010001471266,95.0961000053212,10,0,0,4,1,0.0,1,estabilizada,1,1,1,,,,,,,,,,,,,nan,0.5411737798822287,-0.24971960067649474,1.5825950928628338
2026-08-18T06:00:58.002+00:00,1787032858.002035,192670.0384858,6.931473700009519,1108,192669.9462722,6.44500000635162,85.74359997874126,1,0,0,4,1,0.0,1,estabilizada,1,1,1,,,,,,,,,,,,,nan,0.5411732697557722,-0.24972270240311834,1.5825937434807724
2026-08-18T06:00:58.003+00:00,1787032858.0030334,192670.0385362,6.93152410001494,1108,192669.9462722,6.44500000635162,85.74359997874126,2,1,1,4,1,0.0,1,estabilizada,1,1,1,533.5,530.5,0.3026619553565979,0.4288767874240875,0.3162257763841682,0.3902857375504024,0.3033645263841682,0.37884123755040244,0.1251921014589525,0.29434568457363464,0.37914185129858247,0.08312164776264734,0.0,0.5411732697557722,-0.24972270240311834,1.5825937434807724
2026-08-18T06:00:58.003+00:00,1787032858.0030334,192670.0385518,6.931539700017311,1108,192669.9462722,6.44500000635162,85.74359997874126,3,1,1,4,1,0.0,1,estabilizada,1,1,1,472.5,384.5,0.19644874334335327,0.6818767189979553,0.2160527683844738,0.6288978997201226,0.2031915183844738,0.6174533997201226,-2.019335586033851,0.20401231202671932,0.6182742828493927,-1.9723509041055194,0.0,0.5411732697557722,-0.24972270240311834,1.5825937434807724
2026-08-18T06:00:58.003+00:00,1787032858.0030334,192670.0385654,6.9315533000044525,1108,192669.9462722,6.44500000635162,85.74359997874126,10,0,0,4,1,0.0,1,estabilizada,1,1,1,,,,,,,,,,,,,nan,0.5411732697557722,-0.24972270240311834,1.5825937434807724
2026-08-18T06:00:58.150+00:00,1787032858.1505404,192670.1861114,7.079099299997324,1112,192670.079657,24.051500018686056,82.34759999322705,1,0,0,4,1,0.0,1,estabilizada,1,1,1,,,,,,,,,,,,,nan,0.5411711330575606,-0.24972909329855644,1.5825901269493317
2026-08-18T06:00:58.150+00:00,1787032858.1505404,192670.186474,7.0794618999934755,1112,192670.079657,24.051500018686056,82.34759999322705,2,1,1,4,1,0.0,1,estabilizada,1,1,1,535.25,529.75,0.305222749710083,0.43001794815063477,0.31864085092256006,0.3913615502061113,0.30577960092256007,0.37991705020611133,0.13417009192403362,0.2963454670217769,0.37907733899752727,0.10033837768458963,0.0,0.5411711330575606,-0.24972909329855644,1.5825901269493317
2026-08-18T06:00:58.150+00:00,1787032858.1505404,192670.1865142,7.07950210000854,1112,192670.079657,24.051500018686056,82.34759999322705,3,1,1,4,1,0.0,1,estabilizada,1,1,1,472.5,384.25,0.19642315804958344,0.6823346614837646,0.2160285613832486,0.6293293150570743,0.20316731138324862,0.6178848150570744,-2.002760382153486,0.20401231202671932,0.6182742828493927,-1.9723509041055194,0.0,0.5411711330575606,-0.24972909329855644,1.5825901269493317
2026-08-18T06:00:58.150+00:00,1787032858.1505404,192670.1865279,7.079515799996443,1112,192670.079657,24.051500018686056,82.34759999322705,10,0,0,4,1,0.0,1,estabilizada,1,1,1,,,,,,,,,,,,,nan,0.5411711330575606,-0.24972909329855644,1.5825901269493317
2026-08-18T06:00:58.289+00:00,1787032858.2896183,192670.3254341,7.218422000005376,1116,192670.2168726,27.764700003899634,80.77299999422394,1,0,0,4,1,0.0,1,estabilizada,1,1,1,,,,,,,,,,,,,nan,0.5411690367855354,-0.24973341609127445,1.582586941532781
2026-08-18T06:00:58.289+00:00,1787032858.2896183,192670.3254885,7.21847640001215,1116,192670.2168726,27.764700003899634,80.77299999422394,2,1,1,4,1,0.0,1,estabilizada,1,1,1,537.5,529.25,0.30854532122612,0.43073490262031555,0.32177437920133,0.3920374086142495,0.30891312920133,0.38059290861424955,0.19127826104767556,0.2984568768167373,0.3792652708722906,0.11767077342888022,0.0,0.5411690367855354,-0.24973341609127445,1.582586941532781
2026-08-18T06:00:58.289+00:00,1787032858.2896183,192670.3255006,7.218488500016974,1116,192670.2168726,27.764700003899634,80.77299999422394,3,1,1,4,1,0.0,1,estabilizada,1,1,1,472.5,384.5,0.19645415246486664,0.6818792819976807,0.21605771342867203,0.6288994799864246,0.20319646342867204,0.6174549799864246,-2.019338232350872,0.20401231202671932,0.6182742828493927,-1.9723509041055194,0.0,0.5411690367855354,-0.24973341609127445,1.582586941532781
2026-08-18T06:00:58.289+00:00,1787032858.2896183,192670.3255289,7.218516799999634,1116,192670.2168726,27.764700003899634,80.77299999422394,10,0,0,4,1,0.0,1,estabilizada,1,1,1,,,,,,,,,,,,,nan,0.5411690367855354,-0.24973341609127445,1.582586941532781
2026-08-18T06:00:58.448+00:00,1787032858.448405,192670.4841378,7.377125700004399,1121,192670.3821309,12.850900006014854,89.11130001069978,1,0,0,4,1,0.0,1,estabilizada,1,1,1,,,,,,,,,,,,,nan,0.5411672322491673,-0.2497369011071524,1.5825830857099112
2026-08-18T06:00:58.448+00:00,1787032858.448405,192670.4842054,7.37719329999527,1121,192670.3821309,12.850900006014854,89.11130001069978,2,1,1,4,1,0.0,1,estabilizada,1,1,1,542.25,529.0,0.31561070680618286,0.4309457242488861,0.3284378926096773,0.3922359485440845,0.3155766426096773,0.38079144854408453,0.12517939019562416,0.3026961616218662,0.37972358351788016,0.12549372581984317,0.0,0.5411672322491673,-0.2497369011071524,1.5825830857099112
2026-08-18T06:00:58.448+00:00,1787032858.448405,192670.4842296,7.377217500004917,1121,192670.3821309,12.850900006014854,89.11130001069978,3,1,1,4,1,0.0,1,estabilizada,1,1,1,472.5,384.25,0.19642823934555054,0.6823369860649109,0.21603321910394835,0.6293308275870727,0.20317196910394836,0.6178863275870727,-2.019339286989915,0.20401231202671932,0.6182742828493927,-1.9723509041055194,0.0,0.5411672322491673,-0.2497369011071524,1.5825830857099112
2026-08-18T06:00:58.448+00:00,1787032858.448405,192670.4842497,7.3772376000124495,1121,192670.3821309,12.850900006014854,89.11130001069978,10,0,0,4,1,0.0,1,estabilizada,1,1,1,,,,,,,,,,,,,nan,0.5411672322491673,-0.2497369011071524,1.5825830857099112
2026-08-18T06:00:58.598+00:00,1787032858.5987446,192670.6351308,7.528118699992774,1126,192670.5455142,9.939699986716732,79.65250001871027,1,0,0,4,1,0.0,1,estabilizada,1,1,1,,,,,,,,,,,,,nan,0.5411665638267318,-0.24973547119051714,1.5825827568874546
2026-08-18T06:00:58.598+00:00,1787032858.5987446,192670.6351742,7.528162100003101,1126,192670.5455142,9.939699986716732,79.65250001871027,2,1,1,4,1,0.0,1,estabilizada,1,1,1,546.0,529.0,0.3212030827999115,0.4307929575443268,0.33371220006803404,0.39209194281407994,0.32085095006803405,0.38064744281408,0.12943640135919035,0.3079921527773114,0.38016265126227106,0.12549372581984317,0.0,0.5411665638267318,-0.24973547119051714,1.5825827568874546
2026-08-18T06:00:58.598+00:00,1787032858.5987446,192670.6351865,7.528174400009448,1126,192670.5455142,9.939699986716732,79.65250001871027,3,1,1,4,1,0.0,1,estabilizada,1,1,1,472.5,384.25,0.19643041491508484,0.6823380589485168,0.21603523701176253,0.6293319097614138,0.20317398701176254,0.6178874097614139,-2.00276353564408,0.20401231202671932,0.6182742828493927,-1.9723509041055194,0.0,0.5411665638267318,-0.24973547119051714,1.5825827568874546
2026-08-18T06:00:58.599+00:00,1787032858.5997443,192670.6352013,7.528189200005727,1126,192670.5455142,9.939699986716732,79.65250001871027,10,0,0,4,1,0.0,1,estabilizada,1,1,1,,,,,,,,,,,,,nan,0.5411665638267318,-0.24973547119051714,1.5825827568874546
2026-08-18T06:00:58.738+00:00,1787032858.7383473,192670.7737986,7.666786500019953,1130,192670.6809903,12.99799999105744,79.78540001204237,1,0,0,4,1,0.0,1,estabilizada,1,1,1,,,,,,,,,,,,,nan,0.541166489664331,-0.24973715760178916,1.5825810187613094
2026-08-18T06:00:58.738+00:00,1787032858.7383473,192670.7738421,7.666830000001937,1130,192670.6809903,12.99799999105744,79.78540001204237,2,1,1,4,1,0.0,1,estabilizada,1,1,1,548.5,528.75,0.32491952180862427,0.43109583854675293,0.3372172979580228,0.39237746082898595,0.3243560479580228,0.380932960828986,0.17953918882767497,0.31096395459190374,0.3803122157070072,0.12549372581984317,0.0,0.541166489664331,-0.24973715760178916,1.5825810187613094
2026-08-18T06:00:58.738+00:00,1787032858.7383473,192670.7738552,7.6668431000143755,1130,192670.6809903,12.99799999105744,79.78540001204237,3,1,1,4,1,0.0,1,estabilizada,1,1,1,472.5,384.5,0.19646108150482178,0.6818826198577881,0.21606417693347668,0.6289022169732721,0.2032029269334767,0.6174577169732721,-2.019341118050217,0.20401231202671932,0.6182742828493927,-1.9723509041055194,0.0,0.541166489664331,-0.24973715760178916,1.5825810187613094
2026-08-18T06:00:58.738+00:00,1787032858.7383473,192670.7738657,7.666853600007016,1130,192670.6809903,12.99799999105744,79.78540001204237,10,0,0,4,1,0.0,1,estabilizada,1,1,1,,,,,,,,,,,,,nan,0.541166489664331,-0.24973715760178916,1.5825810187613094
2026-08-18T06:00:58.880+00:00,1787032858.8803675,192670.9159585,7.808946400007699,1134,192670.8133184,20.944499992765486,81.62360001006164,1,0,0,4,1,0.0,1,estabilizada,1,1,1,,,,,,,,,,,,,nan,0.5411675786112409,-0.24973769607652757,1.5825792487460077
2026-08-18T06:00:58.880+00:00,1787032858.8803675,192670.9161338,7.809121700003743,1134,192670.8133184,20.944499992765486,81.62360001006164,2,1,1,4,1,0.0,1,estabilizada,1,1,1,551.25,528.25,0.3289973735809326,0.43179386854171753,0.34106332128488387,0.39303572049684427,0.3282020712848839,0.3815912204968443,0.1658547137711332,0.31873196952477223,0.38073346994238627,0.13401636884867046,0.0,0.5411675786112409,-0.24973769607652757,1.5825792487460077
2026-08-18T06:00:58.880+00:00,1787032858.8803675,192670.9161671,7.809154999995371,1134,192670.8133184,20.944499992765486,81.62360001006164,3,1,1,4,1,0.0,1,estabilizada,1,1,1,472.25,384.5,0.19606967270374298,0.6818920373916626,0.21569511108623474,0.6289110090617545,0.20283386108623475,0.6174665090617545,-1.9791348978393377,0.20401231202671932,0.6182742828493927,-1.9723509041055194,0.0,0.5411675786112409,-0.24973769607652757,1.5825792487460077
2026-08-18T06:00:58.880+00:00,1787032858.8803675,192670.9161814,7.809169300016947,1134,192670.8133184,20.944499992765486,81.62360001006164,10,0,0,4,1,0.0,1,estabilizada,1,1,1,,,,,,,,,,,,,nan,0.5411675786112409,-0.24973769607652757,1.5825792487460077
2026-08-18T06:00:59.044+00:00,1787032859.0443115,192671.08051,7.973497900005896,1139,192670.9811148,9.280099999159575,90.08940000785515,1,0,0,4,1,0.0,1,estabilizada,1,1,1,,,,,,,,,,,,,nan,0.5411675048895412,-0.24973693638998798,1.5825796588680914
2026-08-18T06:00:59.044+00:00,1787032859.0443115,192671.080552,7.973539900005562,1139,192670.9811148,9.280099999159575,90.08940000785515,2,1,1,4,1,0.0,1,estabilizada,1,1,1,556.0,527.75,0.3360635042190552,0.43241003155708313,0.347727599581905,0.3936168960765306,0.33486634958190503,0.38217239607653064,0.15520809016222234,0.32085522709874326,0.3808400319789348,0.14202918097713133,0.0,0.5411675048895412,-0.24973693638998798,1.5825796588680914
2026-08-18T06:00:59.044+00:00,1787032859.0443115,192671.0805801,7.973568000015803,1139,192670.9811148,9.280099999159575,90.08940000785515,3,1,1,4,1,0.0,1,estabilizada,1,1,1,472.5,384.75,0.19649381935596466,0.6814283728599548,0.21609512758976873,0.6284737696822326,0.20323387758976874,0.6170292696822326,-1.975848106883203,0.20401231202671932,0.6182742828493927,-1.9723509041055194,0.0,0.5411675048895412,-0.24973693638998798,1.5825796588680914
2026-08-18T06:00:59.044+00:00,1787032859.0443115,192671.0805914,7.973579300014535,1139,192670.9811148,9.280099999159575,90.08940000785515,10,0,0,4,1,0.0,1,estabilizada,1,1,1,,,,,,,,,,,,,nan,0.5411675048895412,-0.24973693638998798,1.5825796588680914
2026-08-18T06:00:59.187+00:00,1787032859.1879897,192671.2240832,8.117071100015892,1143,192671.114936,29.69429999939166,79.42880000337027,1,0,0,4,1,0.0,1,estabilizada,1,1,1,,,,,,,,,,,,,nan,0.541168605828187,-0.24973828464182699,1.5825790632974317
2026-08-18T06:00:59.187+00:00,1787032859.1879897,192671.2241274,8.117115300003206,1143,192671.114936,29.69429999939166,79.42880000337027,2,1,1,4,1,0.0,1,estabilizada,1,1,1,559.25,526.75,0.3408704996109009,0.4338986575603485,0.35226129200644507,0.39502077384185763,0.3394000420064451,0.38357627384185766,0.18503628409932799,0.32959305957264445,0.38173664554594355,0.14202918097713133,0.0,0.541168605828187,-0.24973828464182699,1.5825790632974317
2026-08-18T06:00:59.187+00:00,1787032859.1879897,192671.2241397,8.117127600009553,1143,192671.114936,29.69429999939166,79.42880000337027,3,1,1,4,1,0.0,1,estabilizada,1,1,1,472.25,384.75,0.19610172510147095,0.6814370155334473,0.2157254014065882,0.6284818242514657,0.2028641514065882,0.6170373242514657,-1.9758474772212558,0.20401231202671932,0.6182742828493927,-1.9723509041055194,0.0,0.541168605828187,-0.24973828464182699,1.5825790632974317
2026-08-18T06:00:59.187+00:00,1787032859.1879897,192671.2241502,8.117138100002194,1143,192671.114936,29.69429999939166,79.42880000337027,10,0,0,4,1,0.0,1,estabilizada,1,1,1,,,,,,,,,,,,,nan,0.541168605828187,-0.24973828464182699,1.5825790632974317
2026-08-18T06:00:59.327+00:00,1787032859.3279374,192671.3643487,8.257336600014241,1148,192671.2799332,4.18699998408556,80.2038999972865,1,0,0,4,1,0.0,1,estabilizada,1,1,1,,,,,,,,,,,,,nan,0.5411690383121582,-0.2497400604681536,1.5825785991497225
2026-08-18T06:00:59.327+00:00,1787032859.328953,192671.3643892,8.257377100002486,1148,192671.2799332,4.18699998408556,80.2038999972865,2,1,1,4,1,0.0,1,estabilizada,1,1,1,563.5,525.5,0.3471667468547821,0.4357540011405945,0.3581995045582824,0.3967704931000245,0.34533825455828243,0.3853259931000245,0.2040541051073095,0.3373980911518434,0.3832080721588601,0.15905067888140392,0.0,0.5411690383121582,-0.2497400604681536,1.5825785991497225
2026-08-18T06:00:59.328+00:00,1787032859.328953,192671.3644011,8.257389000005787,1148,192671.2799332,4.18699998408556,80.2038999972865,3,1,1,4,1,0.0,1,estabilizada,1,1,1,472.5,384.5,0.1964685320854187,0.681885838508606,0.21607137871627446,0.6289050064962454,0.20321012871627447,0.6174605064962454,-2.0193399598092903,0.20401231202671932,0.6182742828493927,-1.9723509041055194,0.0,0.5411690383121582,-0.2497400604681536,1.5825785991497225
2026-08-18T06:00:59.328+00:00,1787032859.328953,192671.3644108,8.257398699992336,1148,192671.2799332,4.18699998408556,80.2038999972865,10,0,0,4,1,0.0,1,estabilizada,1,1,1,,,,,,,,,,,,,nan,0.5411690383121582,-0.2497400604681536,1.5825785991497225
2026-08-18T06:00:59.468+00:00,1787032859.4688766,192671.5050979,8.398085799999535,1152,192671.4123516,10.83059998927638,81.86770000611432,1,0,0,4,1,0.0,1,estabilizada,1,1,1,,,,,,,,,,,,,nan,0.5411676299693211,-0.24974057768525293,1.582580574188806
2026-08-18T06:00:59.468+00:00,1787032859.4688766,192671.5051702,8.39815809999709,1152,192671.4123516,10.83059998927638,81.86770000611432,2,1,1,4,1,0.0,1,estabilizada,1,1,1,566.5,524.5,0.35161179304122925,0.437255859375,0.36239167092028945,0.3981869611818605,0.34953042092028946,0.3867424611818605,0.22145074047752944,0.3393129142668775,0.38367658740997246,0.16693706198375047,0.0,0.5411676299693211,-0.24974057768525293,1.582580574188806
2026-08-18T06:00:59.468+00:00,1787032859.4688766,192671.5051989,8.3981868000119,1152,192671.4123516,10.83059998927638,81.86770000611432,3,1,1,4,1,0.0,1,estabilizada,1,1,1,472.25,384.25,0.19604751467704773,0.6823501586914062,0.2156741996515083,0.6293429578941271,0.2028129496515083,0.6178984578941271,-2.0193397398035717,0.20401231202671932,0.6182742828493927,-1.9723509041055194,0.0,0.5411676299693211,-0.24974057768525293,1.582580574188806
2026-08-18T06:00:59.468+00:00,1787032859.4688766,192671.505228,8.39821590000065,1152,192671.4123516,10.83059998927638,81.86770000611432,10,0,0,4,1,0.0,1,estabilizada,1,1,1,,,,,,,,,,,,,nan,0.5411676299693211,-0.24974057768525293,1.582580574188806
2026-08-18T06:00:59.610+00:00,1787032859.6106913,192671.646997,8.539984900009586,1156,192671.5483459,16.81600001757033,81.81029997649603,1,0,0,4,1,0.0,1,estabilizada,1,1,1,,,,,,,,,,,,,nan,0.5411637683469832,-0.2497416103671709,1.582582868724154
2026-08-18T06:00:59.610+00:00,1787032859.6106913,192671.6470399,8.540027800016105,1156,192671.5483459,16.81600001757033,81.81029997649603,2,1,1,4,1,0.0,1,estabilizada,1,1,1,570.0,524.25,0.35684165358543396,0.43751898407936096,0.36732387897557306,0.39843512014871385,0.35446262897557307,0.3869906201487139,0.2592516873625064,0.34346260230802017,0.3848276651143179,0.18883796521816087,0.0,0.5411637683469832,-0.2497416103671709,1.582582868724154
2026-08-18T06:00:59.610+00:00,1787032859.6106913,192671.6470521,8.540039999992587,1156,192671.5483459,16.81600001757033,81.81029997649603,3,1,1,4,1,0.0,1,estabilizada,1,1,1,472.5,384.5,0.19647124409675598,0.6818854212760925,0.21607358391453124,0.6289046677844987,0.20321233391453125,0.6174601677844987,-2.019338762785035,0.20401231202671932,0.6182742828493927,-1.9807370401190267,0.0,0.5411637683469832,-0.2497416103671709,1.582582868724154
2026-08-18T06:00:59.610+00:00,1787032859.6106913,192671.6470621,8.540050000010524,1156,192671.5483459,16.81600001757033,81.81029997649603,10,0,0,4,1,0.0,1,estabilizada,1,1,1,,,,,,,,,,,,,nan,0.5411637683469832,-0.2497416103671709,1.582582868724154
2026-08-18T06:00:59.750+00:00,1787032859.7505603,192671.7861579,8.679145800007973,1160,192671.6796677,25.410600006580353,81.0572000045795,1,0,0,4,1,0.0,1,estabilizada,1,1,1,,,,,,,,,,,,,nan,0.5411616413436765,-0.24973756202637293,1.5825892365869663
2026-08-18T06:00:59.750+00:00,1787032859.7505603,192671.7862007,8.679188600013731,1160,192671.6796677,25.410600006580353,81.0572000045795,2,1,1,4,1,0.0,1,estabilizada,1,1,1,572.5,523.25,0.36054667830467224,0.43904316425323486,0.37081804013231046,0.39987300946382537,0.35795679013231047,0.3884285094638254,0.33959118723071574,0.3476536464983631,0.38569494668193194,0.21744073596515034,0.0,0.5411616413436765,-0.24973756202637293,1.5825892365869663
2026-08-18T06:00:59.750+00:00,1787032859.7505603,192671.7862204,8.679208300018217,1160,192671.6796677,25.410600006580353,81.0572000045795,3,1,1,4,1,0.0,1,estabilizada,1,1,1,472.5,384.25,0.1964438110589981,0.682341456413269,0.2160475111274563,0.6293352121394991,0.2031862611274563,0.6178907121394991,-2.0193385427835153,0.20401231202671932,0.6182742828493927,-1.9807370401190267,0.0,0.5411616413436765,-0.24973756202637293,1.5825892365869663
2026-08-18T06:00:59.750+00:00,1787032859.7505603,192671.7862398,8.67922770002042,1160,192671.6796677,25.410600006580353,81.0572000045795,10,0,0,4,1,0.0,1,estabilizada,1,1,1,,,,,,,,,,,,,nan,0.5411616413436765,-0.24973756202637293,1.5825892365869663
2026-08-18T06:00:59.891+00:00,1787032859.8916113,192671.9273325,8.820320400001947,1164,192671.8132393,34.005099994828925,80.06320000276901,1,0,0,4,1,0.0,1,estabilizada,1,1,1,,,,,,,,,,,,,nan,0.5411574443394386,-0.24972997688042659,1.5825985914041703
2026-08-18T06:00:59.891+00:00,1787032859.8916113,192671.9273771,8.820364999992307,1164,192671.8132393,34.005099994828925,80.06320000276901,2,1,1,4,1,0.0,1,estabilizada,1,1,1,575.75,522.25,0.36537930369377136,0.44053804874420166,0.3753755419970506,0.40128354501619284,0.3625142919970506,0.3898390450161929,0.3099620120815423,0.35183722510634846,0.386782611448396,0.24549830727345867,0.0,0.5411574443394386,-0.24972997688042659,1.5825985914041703
2026-08-18T06:00:59.891+00:00,1787032859.8916113,192671.9273893,8.820377199997893,1164,192671.8132393,34.005099994828925,80.06320000276901,3,1,1,4,1,0.0,1,estabilizada,1,1,1,472.5,384.25,0.19644440710544586,0.6823403835296631,0.21604771872190132,0.6293349449474896,0.20318646872190133,0.6178904449474897,-2.0193373069711105,0.20401231202671932,0.6182742828493927,-1.9807370401190267,0.0,0.5411574443394386,-0.24972997688042659,1.5825985914041703
2026-08-18T06:00:59.891+00:00,1787032859.8916113,192671.9273997,8.820387600018876,1164,192671.8132393,34.005099994828925,80.06320000276901,10,0,0,4,1,0.0,1,estabilizada,1,1,1,,,,,,,,,,,,,nan,0.5411574443394386,-0.24972997688042659,1.5825985914041703
2026-08-18T06:01:00.059+00:00,1787032860.0599444,192672.0960426,8.989030500000808,1169,192671.9827422,20.323900011135265,92.95220000785775,1,0,0,4,1,0.0,1,estabilizada,1,1,1,,,,,,,,,,,,,nan,0.5411520735280079,-0.24971901445922062,1.582610261249786
2026-08-18T06:01:00.059+00:00,1787032860.0599444,192672.0960856,8.98907350000809,1169,192671.9827422,20.323900011135265,92.95220000785775,2,1,1,4,1,0.0,1,estabilizada,1,1,1,579.25,521.25,0.370591938495636,0.44202426075935364,0.3802913651509334,0.4026861518806032,0.36743011515093343,0.3912416518806032,0.37713732940703076,0.3542095514577624,0.38748496601884796,0.26140408671770665,0.0,0.5411520735280079,-0.24971901445922062,1.582610261249786
2026-08-18T06:01:00.059+00:00,1787032860.0599444,192672.0960978,8.989085700013675,1169,192671.9827422,20.323900011135265,92.95220000785775,3,1,1,4,1,0.0,1,estabilizada,1,1,1,472.5,384.25,0.1964445263147354,0.6823389530181885,0.21604738117345162,0.629334610049552,0.20318613117345163,0.6178901100495521,-2.0193368087676293,0.20401231202671932,0.6182742828493927,-1.9807370401190267,0.0,0.5411520735280079,-0.24971901445922062,1.582610261249786
2026-08-18T06:01:00.059+00:00,1787032860.0599444,192672.09611,8.98909790001926,1169,192671.9827422,20.323900011135265,92.95220000785775,10,0,0,4,1,0.0,1,estabilizada,1,1,1,,,,,,,,,,,,,nan,0.5411520735280079,-0.24971901445922062,1.582610261249786
2026-08-18T06:01:00.205+00:00,1787032860.206181,192672.2415843,9.134572200011462,1174,192672.1461364,16.838100011227652,78.51510000182316,1,0,0,4,1,0.0,1,estabilizada,1,1,1,,,,,,,,,,,,,nan,0.5411492711147509,-0.2497086627297383,1.5826214212096843
2026-08-18T06:01:00.206+00:00,1787032860.206181,192672.241727,9.134714899992105,1174,192672.1461364,16.838100011227652,78.51510000182316,2,1,1,4,1,0.0,1,estabilizada,1,1,1,584.0,520.0,0.3776788115501404,0.4438699781894684,0.38697499645175093,0.4044277737265614,0.37411374645175094,0.39298327372656144,0.4328062968364841,0.35871118161138327,0.38876477053314845,0.29881721144662937,0.0,0.5411492711147509,-0.2497086627297383,1.5826214212096843
2026-08-18T06:01:00.206+00:00,1787032860.206181,192672.2417584,9.134746299998369,1174,192672.1461364,16.838100011227652,78.51510000182316,3,1,1,4,1,0.0,1,estabilizada,1,1,1,472.5,384.25,0.19644473493099213,0.6823381185531616,0.2160472803286308,0.6293347854810338,0.2031860303286308,0.6178902854810339,-1.991562380754087,0.20401231202671932,0.6182742828493927,-1.9807370401190267,0.0,0.5411492711147509,-0.2497086627297383,1.5826214212096843
2026-08-18T06:01:00.206+00:00,1787032860.206181,192672.2417699,9.134757799998624,1174,192672.1461364,16.838100011227652,78.51510000182316,10,0,0,4,1,0.0,1,estabilizada,1,1,1,,,,,,,,,,,,,nan,0.5411492711147509,-0.2497086627297383,1.5826214212096843
2026-08-18T06:01:00.351+00:00,1787032860.35182,192672.3878215,9.280809399991995,1178,192672.2814457,20.83599998150021,85.51590002025478,1,0,0,4,1,0.0,1,estabilizada,1,1,1,,,,,,,,,,,,,nan,0.5411475768114394,-0.2496967916689403,1.5826329987978744
2026-08-18T06:01:00.351+00:00,1787032860.35182,192672.3878641,9.28085199999623,1178,192672.2814457,20.83599998150021,85.51590002025478,2,1,1,4,1,0.0,1,estabilizada,1,1,1,586.5,519.0,0.3814029395580292,0.4454013407230377,0.39048717915351805,0.405873015480991,0.37762592915351806,0.394428515480991,0.44473145678372544,0.3650837457030734,0.39057221387472496,0.34321806609515854,0.0,0.5411475768114394,-0.2496967916689403,1.5826329987978744
2026-08-18T06:01:00.351+00:00,1787032860.35182,192672.3878764,9.280864300002577,1178,192672.2814457,20.83599998150021,85.51590002025478,3,1,1,4,1,0.0,1,estabilizada,1,1,1,472.25,384.25,0.19605125486850739,0.682345449924469,0.21567593664783036,0.6293427627524444,0.20281468664783037,0.6178982627524444,-2.0193353141633703,0.20401231202671932,0.6182742828493927,-1.9807370401190267,0.0,0.5411475768114394,-0.2496967916689403,1.5826329987978744
2026-08-18T06:01:00.351+00:00,1787032860.35182,192672.3878869,9.280874799995217,1178,192672.2814457,20.83599998150021,85.51590002025478,10,0,0,4,1,0.0,1,estabilizada,1,1,1,,,,,,,,,,,,,nan,0.5411475768114394,-0.2496967916689403,1.5826329987978744
2026-08-18T06:01:00.511+00:00,1787032860.511543,192672.5473381,9.440326000010828,1183,192672.4457233,11.650599975837395,89.93170000030659,1,0,0,4,1,0.0,1,estabilizada,1,1,1,,,,,,,,,,,,,nan,0.5411483667100755,-0.24968308963339023,1.5826463059419125
2026-08-18T06:01:00.511+00:00,1787032860.511543,192672.5473924,9.440380300016841,1183,192672.4457233,11.650599975837395,89.93170000030659,2,1,1,4,1,0.0,1,estabilizada,1,1,1,590.75,517.5,0.3877473473548889,0.4476814866065979,0.396470769442397,0.4080246083603585,0.383609519442397,0.3965801083603585,0.3484031034188051,0.3702555598139842,0.3921623736058448,0.375226552747447,0.0,0.5411483667100755,-0.24968308963339023,1.5826463059419125
2026-08-18T06:01:00.511+00:00,1787032860.511543,192672.5474048,9.440392699994845,1183,192672.4457233,11.650599975837395,89.93170000030659,3,1,1,4,1,0.0,1,estabilizada,1,1,1,472.25,384.25,0.19605115056037903,0.6823447942733765,0.21567571818288905,0.6293433692318626,0.20281446818288906,0.6178988692318627,-2.0193343177656886,0.20401231202671932,0.6182742828493927,-1.9807370401190267,0.0,0.5411483667100755,-0.24968308963339023,1.5826463059419125
2026-08-18T06:01:00.511+00:00,1787032860.511543,192672.5474148,9.440402700012783,1183,192672.4457233,11.650599975837395,89.93170000030659,10,0,0,4,1,0.0,1,estabilizada,1,1,1,,,,,,,,,,,,,nan,0.5411483667100755,-0.24968308963339023,1.5826463059419125
2026-08-18T06:01:00.690+00:00,1787032860.690771,192672.7268063,9.619794199999887,1188,192672.6176782,9.077399998204783,99.96379999211058,1,0,0,4,1,0.0,1,estabilizada,1,1,1,,,,,,,,,,,,,nan,0.5411458825866026,-0.24966774294640717,1.5826609273847858
2026-08-18T06:01:00.690+00:00,1787032860.690771,192672.726939,9.619926899991697,1188,192672.6176782,9.077399998204783,99.96379999211058,2,1,1,4,1,0.0,1,estabilizada,1,1,1,595.5,515.5,0.394841730594635,0.45076414942741394,0.40316149982090577,0.4109332107703193,0.3903002498209058,0.39948871077031933,0.4049917549987667,0.3756882245971377,0.39409709071782406,0.375226552747447,0.0,0.5411458825866026,-0.24966774294640717,1.5826609273847858
2026-08-18T06:01:00.690+00:00,1787032860.690771,192672.7269842,9.61997210001573,1188,192672.6176782,9.077399998204783,99.96379999211058,3,1,1,4,1,0.0,1,estabilizada,1,1,1,472.0,384.25,0.19565701484680176,0.6823515295982361,0.21530367292659802,0.6293510839073038,0.20244242292659803,0.6179065839073038,-2.0027559621201956,0.20401231202671932,0.6182742828493927,-1.9807370401190267,0.0,0.5411458825866026,-0.24966774294640717,1.5826609273847858
2026-08-18T06:01:00.690+00:00,1787032860.690771,192672.7270378,9.620025700016413,1188,192672.6176782,9.077399998204783,99.96379999211058,10,0,0,4,1,0.0,1,estabilizada,1,1,1,,,,,,,,,,,,,nan,0.5411458825866026,-0.24966774294640717,1.5826609273847858
2026-08-18T06:01:00.870+00:00,1787032860.8706121,192672.9065005,9.799488399992697,1194,192672.8144627,1.954100007424131,90.05850000539795,1,0,0,4,1,0.0,1,estabilizada,1,1,1,,,,,,,,,,,,,nan,0.5411447593883965,-0.24965163380473152,1.5826754797676899
2026-08-18T06:01:00.870+00:00,1787032860.8706121,192672.9065436,9.79953150000074,1194,192672.8144627,1.954100007424131,90.05850000539795,2,1,1,4,1,0.0,1,estabilizada,1,1,1,603.75,511.25,0.4071815013885498,0.4574113190174103,0.41479942014328774,0.4172036664901003,0.40193817014328775,0.40575916649010035,0.48520635655923194,0.3872898762045731,0.39878325873934617,0.395877941801712,0.0,0.5411447593883965,-0.24965163380473152,1.5826754797676899
2026-08-18T06:01:00.870+00:00,1787032860.8706121,192672.9065567,9.799544600013178,1194,192672.8144627,1.954100007424131,90.05850000539795,3,1,1,4,1,0.0,1,estabilizada,1,1,1,472.75,384.0,0.19680927693843842,0.6827828288078308,0.2163901662721413,0.6297592603581266,0.2035289162721413,0.6183147603581266,-1.9479292154920813,0.20401231202671932,0.6182742828493927,-1.9807370401190267,0.0,0.5411447593883965,-0.24965163380473152,1.5826754797676899
2026-08-18T06:01:00.870+00:00,1787032860.8706121,192672.9065672,9.799555100005819,1194,192672.8144627,1.954100007424131,90.05850000539795,10,0,0,4,1,0.0,1,estabilizada,1,1,1,,,,,,,,,,,,,nan,0.5411447593883965,-0.24965163380473152,1.5826754797676899
2026-08-18T06:01:01.051+00:00,1787032861.0518315,192673.0876067,9.980594599997858,1198,192672.9488527,20.79569999477826,117.85959999542683,1,0,0,4,1,0.0,1,estabilizada,1,1,1,,,,,,,,,,,,,nan,0.5411429273790365,-0.24963536663251837,1.582689516203329
2026-08-18T06:01:01.051+00:00,1787032861.0518315,192673.087823,9.980810900015058,1198,192672.9488527,20.79569999477826,117.85959999542683,2,1,1,4,1,0.0,1,estabilizada,1,1,1,608.5,510.0,0.41433149576187134,0.45927825570106506,0.4215426567183951,0.4189657210208102,0.4086814067183951,0.40752122102081023,0.5414913525511424,0.39721152458908837,0.40311872678246374,0.43795218540496084,0.0,0.5411429273790365,-0.24963536663251837,1.582689516203329
2026-08-18T06:01:01.051+00:00,1787032861.0518315,192673.0878481,9.980836000002455,1198,192672.9488527,20.79569999477826,117.85959999542683,3,1,1,4,1,0.0,1,estabilizada,1,1,1,472.75,384.5,0.19686567783355713,0.6818684935569763,0.21644308208238422,0.6288983142774894,0.20358183208238423,0.6174538142774895,-2.019329995766381,0.20401231202671932,0.6182742828493927,-1.9807370401190267,0.0,0.5411429273790365,-0.24963536663251837,1.582689516203329
2026-08-18T06:01:01.051+00:00,1787032861.0518315,192673.0878657,9.980853600020055,1198,192672.9488527,20.79569999477826,117.85959999542683,10,0,0,4,1,0.0,1,estabilizada,1,1,1,,,,,,,,,,,,,nan,0.5411429273790365,-0.24963536663251837,1.582689516203329
2026-08-18T06:01:01.196+00:00,1787032861.196804,192673.2329968,10.125984700018307,1204,192673.1456639,7.443899987265468,79.86450000316836,1,0,0,4,1,0.0,1,estabilizada,1,1,1,,,,,,,,,,,,,nan,0.5411428866563188,-0.24962188933099677,1.5827014818460226
2026-08-18T06:01:01.196+00:00,1787032861.196804,192673.2330389,10.126026800018735,1204,192673.1456639,7.443899987265468,79.86450000316836,2,1,1,4,1,0.0,1,estabilizada,1,1,1,615.5,507.25,0.424874871969223,0.4635339677333832,0.4314864291338967,0.42298050400569925,0.4186251791338967,0.4115360040056993,0.3772664375325758,0.40174414923902296,0.40507411234295854,0.43795218540496084,0.0,0.5411428866563188,-0.24962188933099677,1.5827014818460226
2026-08-18T06:01:01.196+00:00,1787032861.196804,192673.2330703,10.126058199995896,1204,192673.1456639,7.443899987265468,79.86450000316836,3,1,1,4,1,0.0,1,estabilizada,1,1,1,472.75,384.5,0.19686514139175415,0.6818675994873047,0.21644242581918183,0.6288986379015322,0.20358117581918184,0.6174541379015323,-1.9915555500871058,0.20401231202671932,0.6182742828493927,-1.9807370401190267,0.0,0.5411428866563188,-0.24962188933099677,1.5827014818460226
2026-08-18T06:01:01.196+00:00,1787032861.196804,192673.2330807,10.126068600016879,1204,192673.1456639,7.443899987265468,79.86450000316836,10,0,0,4,1,0.0,1,estabilizada,1,1,1,,,,,,,,,,,,,nan,0.5411428866563188,-0.24962188933099677,1.5827014818460226
2026-08-18T06:01:01.336+00:00,1787032861.3360007,192673.3722061,10.265194000006886,1208,192673.2788654,13.412000000244007,79.88430000841618,1,0,0,4,1,0.0,1,estabilizada,1,1,1,,,,,,,,,,,,,nan,0.5411422397664748,-0.24961256467660364,1.5827116098841758
2026-08-18T06:01:01.336+00:00,1787032861.3360007,192673.3723338,10.26532170001883,1208,192673.2788654,13.412000000244007,79.88430000841618,2,1,1,4,1,0.0,1,estabilizada,1,1,1,620.25,505.5,0.43204838037490845,0.46623679995536804,0.43825194095026776,0.4255304309526208,0.42539069095026777,0.4140859309526208,0.3188576349533707,0.4131134991291861,0.4092424952531043,0.4104900054432341,0.0,0.5411422397664748,-0.24961256467660364,1.5827116098841758
2026-08-18T06:01:01.336+00:00,1787032861.3360007,192673.3723533,10.26534119999269,1208,192673.2788654,13.412000000244007,79.88430000841618,3,1,1,4,1,0.0,1,estabilizada,1,1,1,472.25,384.25,0.19604867696762085,0.6823394894599915,0.21567222711910405,0.6293445633164778,0.20281097711910406,0.6179000633164778,-2.0193269483854537,0.20401231202671932,0.6182742828493927,-1.9807370401190267,0.0,0.5411422397664748,-0.24961256467660364,1.5827116098841758
2026-08-18T06:01:01.337+00:00,1787032861.3370056,192673.3726319,10.265619800018612,1208,192673.2788654,13.412000000244007,79.88430000841618,10,0,0,4,1,0.0,1,estabilizada,1,1,1,,,,,,,,,,,,,nan,0.5411422397664748,-0.24961256467660364,1.5827116098841758
2026-08-18T06:01:01.485+00:00,1787032861.485313,192673.5210996,10.41408750001574,1212,192673.4150214,20.411200006492436,85.64239999395795,1,0,0,4,1,0.0,1,estabilizada,1,1,1,,,,,,,,,,,,,nan,0.541139586359463,-0.24960423227776576,1.5827208608953642
2026-08-18T06:01:01.485+00:00,1787032861.485313,192673.5211439,10.414131800003815,1212,192673.4150214,20.411200006492436,85.64239999395795,2,1,1,4,1,0.0,1,estabilizada,1,1,1,624.5,504.5,0.43848249316215515,0.4677222967147827,0.4443199965501695,0.4269321680165311,0.4314587465501695,0.41548766801653114,0.3386907146799024,0.4180270129858121,0.41116588985548813,0.3800510178270229,0.0,0.541139586359463,-0.24960423227776576,1.5827208608953642
2026-08-18T06:01:01.485+00:00,1787032861.485313,192673.5211738,10.414161699998658,1212,192673.4150214,20.411200006492436,85.64239999395795,3,1,1,4,1,0.0,1,estabilizada,1,1,1,472.75,384.0,0.1968073695898056,0.6827793717384338,0.2163875117835073,0.6297602156542798,0.2035262617835073,0.6183157156542798,-1.9791185242782903,0.20401231202671932,0.6182742828493927,-1.9807370401190267,0.0,0.541139586359463,-0.24960423227776576,1.5827208608953642
2026-08-18T06:01:01.485+00:00,1787032861.485313,192673.5211851,10.41417299999739,1212,192673.4150214,20.411200006492436,85.64239999395795,10,0,0,4,1,0.0,1,estabilizada,1,1,1,,,,,,,,,,,,,nan,0.541139586359463,-0.24960423227776576,1.5827208608953642
2026-08-18T06:01:01.631+00:00,1787032861.6319132,192673.6679024,10.560890299995663,1217,192673.5786721,3.4143000084441155,85.78899997519329,1,0,0,4,1,0.0,1,estabilizada,1,1,1,,,,,,,,,,,,,nan,0.5411409611739598,-0.24959542047734723,1.5827315928806807
2026-08-18T06:01:01.631+00:00,1787032861.6319132,192673.6679448,10.560932699998375,1217,192673.5786721,3.4143000084441155,85.78899997519329,2,1,1,4,1,0.0,1,estabilizada,1,1,1,630.75,503.25,0.4479586184024811,0.4695444107055664,0.45325731268972236,0.42865144749083534,0.44039606268972237,0.41720694749083537,0.24473047950671653,0.42770190602703373,0.4139634540834322,0.34006732897964176,0.0,0.5411409611739598,-0.24959542047734723,1.5827315928806807
2026-08-18T06:01:01.631+00:00,1787032861.6319132,192673.6679573,10.560945200006245,1217,192673.5786721,3.4143000084441155,85.78899997519329,3,1,1,4,1,0.0,1,estabilizada,1,1,1,472.25,384.25,0.1960475742816925,0.6823381185531616,0.21567086667062857,0.6293449143421497,0.20280961667062858,0.6179004143421497,-2.0193243992025867,0.20401231202671932,0.6182742828493927,-1.9807370401190267,0.0,0.5411409611739598,-0.24959542047734723,1.5827315928806807
2026-08-18T06:01:01.631+00:00,1787032861.6319132,192673.6679669,10.560954799992032,1217,192673.5786721,3.4143000084441155,85.78899997519329,10,0,0,4,1,0.0,1,estabilizada,1,1,1,,,,,,,,,,,,,nan,0.5411409611739598,-0.24959542047734723,1.5827315928806807
2026-08-18T06:01:01.781+00:00,1787032861.7819943,192673.8174975,10.71048539999174,1221,192673.7118115,26.572000002488494,79.08900000620633,1,0,0,4,1,0.0,1,estabilizada,1,1,1,,,,,,,,,,,,,nan,0.5411419380682629,-0.2495895905997157,1.582739423946177
2026-08-18T06:01:01.781+00:00,1787032861.7819943,192673.8175409,10.710528800002066,1221,192673.7118115,26.572000002488494,79.08900000620633,2,1,1,4,1,0.0,1,estabilizada,1,1,1,634.75,501.75,0.4540305435657501,0.47187405824661255,0.4589839966652369,0.4308491571076252,0.44612274666523694,0.41940465710762526,0.3195373092353907,0.43602787913460256,0.4160776049595787,0.3091666571370705,0.0,0.5411419380682629,-0.2495895905997157,1.582739423946177
2026-08-18T06:01:01.781+00:00,1787032861.7819943,192673.8175591,10.710546999995131,1221,192673.7118115,26.572000002488494,79.08900000620633,3,1,1,4,1,0.0,1,estabilizada,1,1,1,472.5,384.5,0.19646935164928436,0.681873083114624,0.21606861878598455,0.6289069161221592,0.20320736878598455,0.6174624161221592,-1.9915489848569046,0.20401231202671932,0.6182742828493927,-1.9807370401190267,0.0,0.5411419380682629,-0.2495895905997157,1.582739423946177
2026-08-18T06:01:01.781+00:00,1787032861.7819943,192673.8175812,10.710569100017892,1221,192673.7118115,26.572000002488494,79.08900000620633,10,0,0,4,1,0.0,1,estabilizada,1,1,1,,,,,,,,,,,,,nan,0.5411419380682629,-0.2495895905997157,1.582739423946177
2026-08-18T06:01:01.920+00:00,1787032861.920584,192673.9564971,10.849485000013374,1225,192673.8538481,23.703299986664206,78.91229999950156,1,0,0,4,1,0.0,1,estabilizada,1,1,1,,,,,,,,,,,,,nan,0.5411413352220293,-0.2495845873444425,1.5827454667435081
2026-08-18T06:01:01.920+00:00,1787032861.920584,192673.9565622,10.849550100014312,1225,192673.8538481,23.703299986664206,78.91229999950156,2,1,1,4,1,0.0,1,estabilizada,1,1,1,639.5,501.25,0.4612511694431305,0.4725160300731659,0.4657939813299303,0.43145506548149376,0.4529327313299303,0.4200105654814938,0.2813969983268174,0.4402037602473675,0.4174557438437816,0.3091666571370705,0.0,0.5411413352220293,-0.2495845873444425,1.5827454667435081
2026-08-18T06:01:01.920+00:00,1787032861.920584,192673.9565903,10.849578199995449,1225,192673.8538481,23.703299986664206,78.91229999950156,3,1,1,4,1,0.0,1,estabilizada,1,1,1,472.5,384.25,0.19644051790237427,0.6823293566703796,0.216041315510469,0.6293377312172352,0.20318006551046902,0.6178932312172353,-1.9756360354180296,0.20401231202671932,0.6182742828493927,-1.9807370401190267,0.0,0.5411413352220293,-0.2495845873444425,1.5827454667435081
2026-08-18T06:01:01.920+00:00,1787032861.920584,192673.9566021,10.849589999997988,1225,192673.8538481,23.703299986664206,78.91229999950156,10,0,0,4,1,0.0,1,estabilizada,1,1,1,,,,,,,,,,,,,nan,0.5411413352220293,-0.2495845873444425,1.5827454667435081
2026-08-18T06:01:02.068+00:00,1787032862.0683982,192674.1039151,10.996902999992017,1229,192673.9793546,37.891500018304214,86.64249998400919,1,0,0,4,1,0.0,1,estabilizada,1,1,1,,,,,,,,,,,,,nan,0.5411431914696179,-0.2495819311708773,1.5827488145730078
2026-08-18T06:01:02.068+00:00,1787032862.0683982,192674.1039583,10.99694620000082,1229,192673.9793546,37.891500018304214,86.64249998400919,2,1,1,4,1,0.0,1,estabilizada,1,1,1,645.25,500.0,0.4700034558773041,0.47436609864234924,0.47404868159117425,0.43320017131182215,0.46118743159117426,0.4217556713118222,0.22238161758351516,0.4453643844236735,0.4185048198255562,0.3001935421401137,0.0,0.5411431914696179,-0.2495819311708773,1.5827488145730078
2026-08-18T06:01:02.068+00:00,1787032862.0683982,192674.1039877,10.996975599991856,1229,192673.9793546,37.891500018304214,86.64249998400919,3,1,1,4,1,0.0,1,estabilizada,1,1,1,471.75,384.75,0.1953163594007492,0.681440532207489,0.21498114423560305,0.6284997111924637,0.20211989423560306,0.6170552111924638,-1.9329521396058431,0.20401231202671932,0.6182742828493927,-1.9807370401190267,0.0,0.5411431914696179,-0.2495819311708773,1.5827488145730078
2026-08-18T06:01:02.068+00:00,1787032862.0683982,192674.1039984,10.996986300015124,1229,192673.9793546,37.891500018304214,86.64249998400919,10,0,0,4,1,0.0,1,estabilizada,1,1,1,,,,,,,,,,,,,nan,0.5411431914696179,-0.2495819311708773,1.5827488145730078
2026-08-18T06:01:02.219+00:00,1787032862.2194633,192674.2548957,11.147883600002388,1234,192674.1461371,23.520899994764477,85.19199999864213,1,0,0,4,1,0.0,1,estabilizada,1,1,1,,,,,,,,,,,,,nan,0.5411433938941771,-0.24957980227388768,1.5827507835469454
2026-08-18T06:01:02.219+00:00,1787032862.2194633,192674.25494,11.147927900019567,1234,192674.1461371,23.520899994764477,85.19199999864213,2,1,1,4,1,0.0,1,estabilizada,1,1,1,651.75,498.75,0.47991207242012024,0.47618964314460754,0.4833938706854892,0.4349201958212051,0.47053262068548923,0.42347569582120514,0.31915221665814064,0.4521709494446663,0.41982705704492873,0.3001935421401137,0.0,0.5411433938941771,-0.24957980227388768,1.5827507835469454
2026-08-18T06:01:02.219+00:00,1787032862.2194633,192674.254962,11.147949900012463,1234,192674.1461371,23.520899994764477,85.19199999864213,3,1,1,4,1,0.0,1,estabilizada,1,1,1,472.25,384.25,0.19604668021202087,0.6823375821113586,0.21566992384219713,0.6293459390387116,0.20280867384219714,0.6179014390387116,-1.9603250620062633,0.20401231202671932,0.6182742828493927,-1.9807370401190267,0.0,0.5411433938941771,-0.24957980227388768,1.5827507835469454
2026-08-18T06:01:02.219+00:00,1787032862.2194633,192674.2549734,11.147961300011957,1234,192674.1461371,23.520899994764477,85.19199999864213,10,0,0,4,1,0.0,1,estabilizada,1,1,1,,,,,,,,,,,,,nan,0.5411433938941771,-0.24957980227388768,1.5827507835469454
2026-08-18T06:01:02.363+00:00,1787032862.363233,192674.3993038,11.292291699995985,1239,192674.3153904,4.012299992609769,79.8742999904789,1,0,0,4,1,0.0,1,estabilizada,1,1,1,,,,,,,,,,,,,nan,0.541146583077937,-0.24957621406057784,1.5827532415636276
2026-08-18T06:01:02.363+00:00,1787032862.363233,192674.3993481,11.292336000013165,1239,192674.3153904,4.012299992609769,79.8742999904789,2,1,1,4,1,0.0,1,estabilizada,1,1,1,657.75,497.25,0.4890773594379425,0.4784529507160187,0.49203816849177195,0.4370550732015409,0.47917691849177196,0.42561057320154094,0.309793126087242,0.465210444876174,0.4221875744840899,0.3001935421401137,0.0,0.541146583077937,-0.24957621406057784,1.5827532415636276
2026-08-18T06:01:02.363+00:00,1787032862.363233,192674.3993614,11.292349299998023,1239,192674.3153904,4.012299992609769,79.8742999904789,3,1,1,4,1,0.0,1,estabilizada,1,1,1,471.75,384.25,0.19525901973247528,0.6823539137840271,0.21492720292339257,0.6293616283768879,0.20206595292339258,0.617917128376888,-1.9472140663957949,0.20401231202671932,0.6182742828493927,-1.9807370401190267,0.0,0.541146583077937,-0.24957621406057784,1.5827532415636276
2026-08-18T06:01:02.363+00:00,1787032862.363233,192674.3993717,11.292359600018244,1239,192674.3153904,4.012299992609769,79.8742999904789,10,0,0,4,1,0.0,1,estabilizada,1,1,1,,,,,,,,,,,,,nan,0.541146583077937,-0.24957621406057784,1.5827532415636276
2026-08-18T06:01:02.508+00:00,1787032862.5086966,192674.5445478,11.437535700009903,1243,192674.449704,9.560300008160993,85.24689998012036,1,0,0,4,1,0.0,1,estabilizada,1,1,1,,,,,,,,,,,,,nan,0.5411485741376457,-0.24957086091418576,1.582757136440028
2026-08-18T06:01:02.508+00:00,1787032862.5086966,192674.5446029,11.437590799992904,1243,192674.449704,9.560300008160993,85.24689998012036,2,1,1,4,1,0.0,1,estabilizada,1,1,1,663.0,496.25,0.49710509181022644,0.4799148738384247,0.49960952746760307,0.43843427355163356,0.4867482774676031,0.4269897735516336,0.2596600685369039,0.4710712060768145,0.42354963301009396,0.3001935421401137,0.0,0.5411485741376457,-0.24957086091418576,1.582757136440028
2026-08-18T06:01:02.508+00:00,1787032862.5086966,192674.5446301,11.437617999996291,1243,192674.449704,9.560300008160993,85.24689998012036,3,1,1,4,1,0.0,1,estabilizada,1,1,1,471.5,384.5,0.1948937177658081,0.6819056868553162,0.21458273786623727,0.628939323684897,0.20172148786623728,0.617494823684897,-1.947213536625988,0.20401231202671932,0.6182742828493927,-1.9807370401190267,0.0,0.5411485741376457,-0.24957086091418576,1.582757136440028
2026-08-18T06:01:02.508+00:00,1787032862.5086966,192674.544641,11.437628899991978,1243,192674.449704,9.560300008160993,85.24689998012036,10,0,0,4,1,0.0,1,estabilizada,1,1,1,,,,,,,,,,,,,nan,0.5411485741376457,-0.24957086091418576,1.582757136440028
2026-08-18T06:01:02.655+00:00,1787032862.6555965,192674.6916128,11.584600700007286,1248,192674.6116113,1.6555000038351864,78.29819998005405,1,0,0,4,1,0.0,1,estabilizada,1,1,1,,,,,,,,,,,,,nan,0.541150318152685,-0.24956452909590168,1.5827624120259687
2026-08-18T06:01:02.655+00:00,1787032862.6555965,192674.691785,11.58477290000883,1248,192674.6116113,1.6555000038351864,78.29819998005405,2,1,1,4,1,0.0,1,estabilizada,1,1,1,670.25,494.5,0.5082159638404846,0.4825536012649536,0.5100886971487668,0.44092345435734814,0.4972274471487668,0.4294789543573482,0.2809747165126195,0.47772588296066454,0.4250273681554427,0.3001935421401137,0.0,0.541150318152685,-0.24956452909590168,1.5827624120259687
2026-08-18T06:01:02.655+00:00,1787032862.6555965,192674.6918388,11.584826700011035,1248,192674.6116113,1.6555000038351864,78.29819998005405,3,1,1,4,1,0.0,1,estabilizada,1,1,1,472.0,384.5,0.1956809014081955,0.6818897128105164,0.2153251937358136,0.6289247945545462,0.2024639437358136,0.6174802945545462,-1.9472127419708605,0.20401231202671932,0.6182742828493927,-1.9807370401190267,0.0,0.541150318152685,-0.24956452909590168,1.5827624120259687
2026-08-18T06:01:02.655+00:00,1787032862.6555965,192674.6918555,11.584843399992678,1248,192674.6116113,1.6555000038351864,78.29819998005405,10,0,0,4,1,0.0,1,estabilizada,1,1,1,,,,,,,,,,,,,nan,0.541150318152685,-0.24956452909590168,1.5827624120259687
2026-08-18T06:01:02.798+00:00,1787032862.7988849,192674.8350326,11.728020500013372,1252,192674.7445982,8.785400015767664,81.6243999870494,1,0,0,4,1,0.0,1,estabilizada,1,1,1,,,,,,,,,,,,,nan,0.5411485073191483,-0.2495566543356801,1.58276815165229
2026-08-18T06:01:02.798+00:00,1787032862.7988849,192674.8350746,11.728062500013039,1252,192674.7445982,8.785400015767664,81.6243999870494,2,1,1,4,1,0.0,1,estabilizada,1,1,1,676.5,492.75,0.5178192257881165,0.4852372109889984,0.519145784788941,0.44345506632669585,0.5062845347889411,0.4320105663266959,0.309504853143717,0.48636739983156774,0.4269575365093573,0.29235575444448164,0.0,0.5411485073191483,-0.2495566543356801,1.58276815165229
2026-08-18T06:01:02.798+00:00,1787032862.7988849,192674.8350875,11.72807539999485,1252,192674.7445982,8.785400015767664,81.6243999870494,3,1,1,4,1,0.0,1,estabilizada,1,1,1,472.25,384.25,0.19604578614234924,0.6823379397392273,0.21566915604241227,0.6293481740687548,0.20280790604241228,0.6179036740687548,-1.9333041983708956,0.20401231202671932,0.6182742828493927,-1.9721378684612136,0.0,0.5411485073191483,-0.2495566543356801,1.58276815165229
2026-08-18T06:01:02.798+00:00,1787032862.7988849,192674.835114,11.728101899992907,1252,192674.7445982,8.785400015767664,81.6243999870494,10,0,0,4,1,0.0,1,estabilizada,1,1,1,,,,,,,,,,,,,nan,0.5411485073191483,-0.2495566543356801,1.58276815165229
2026-08-18T06:01:02.939+00:00,1787032862.939611,192674.9754947,11.868482599995332,1256,192674.8780253,17.304200009675696,80.1418999908492,1,0,0,4,1,0.0,1,estabilizada,1,1,1,,,,,,,,,,,,,nan,0.5411471777279065,-0.24954819965867714,1.5827742097773017
2026-08-18T06:01:02.939+00:00,1787032862.939611,192674.9755377,11.868525600002613,1256,192674.8780253,17.304200009675696,80.1418999908492,2,1,1,4,1,0.0,1,estabilizada,1,1,1,682.5,490.75,0.5270661115646362,0.48835572600364685,0.5278667917544357,0.44639689643758174,0.5150055417544357,0.43495239643758177,0.37540538968366416,0.4918344824333927,0.4282365317369063,0.29235575444448164,0.0,0.5411471777279065,-0.24954819965867714,1.5827742097773017
2026-08-18T06:01:02.939+00:00,1787032862.939611,192674.97555,11.86853790000896,1256,192674.8780253,17.304200009675696,80.1418999908492,3,1,1,4,1,0.0,1,estabilizada,1,1,1,472.75,384.0,0.19680443406105042,0.6827783584594727,0.21638451487016186,0.6297642331898679,0.20352326487016187,0.6183197331898679,-1.9336575621813337,0.20401231202671932,0.6182742828493927,-1.9721378684612136,0.0,0.5411471777279065,-0.24954819965867714,1.5827742097773017
2026-08-18T06:01:02.939+00:00,1787032862.939611,192674.9755603,11.868548200000077,1256,192674.8780253,17.304200009675696,80.1418999908492,10,0,0,4,1,0.0,1,estabilizada,1,1,1,,,,,,,,,,,,,nan,0.5411471777279065,-0.24954819965867714,1.5827742097773017
2026-08-18T06:01:03.085+00:00,1787032863.0853367,192675.1213903,12.014378199994098,1260,192675.0170087,17.855299985967577,86.50160001707263,1,0,0,4,1,0.0,1,estabilizada,1,1,1,,,,,,,,,,,,,nan,0.5411433622262235,-0.24954068919926853,1.5827786708769835
2026-08-18T06:01:03.085+00:00,1787032863.0853367,192675.1214351,12.014423000015086,1260,192675.0170087,17.855299985967577,86.50160001707263,2,1,1,4,1,0.0,1,estabilizada,1,1,1,688.5,488.25,0.5363500118255615,0.49232202768325806,0.5366225714348091,0.450138211494711,0.5237613214348091,0.43869371149471104,0.4263106621468447,0.4954336048106079,0.42917654302615815,0.30252852132078056,0.0,0.5411433622262235,-0.24954068919926853,1.5827786708769835
2026-08-18T06:01:03.085+00:00,1787032863.0853367,192675.1214476,12.014435499993851,1260,192675.0170087,17.855299985967577,86.50160001707263,3,1,1,4,1,0.0,1,estabilizada,1,1,1,473.26898193359375,383.92987060546875,0.19761355221271515,0.682889461517334,0.21714735278136,0.6298695951844141,0.20428610278136,0.6184250951844141,-1.9142843072174323,0.20401231202671932,0.6182742828493927,-1.9639971613350742,0.0,0.5411433622262235,-0.24954068919926853,1.5827786708769835
2026-08-18T06:01:03.085+00:00,1787032863.0853367,192675.121458,12.014445900014834,1260,192675.0170087,17.855299985967577,86.50160001707263,10,0,0,4,1,0.0,1,estabilizada,1,1,1,,,,,,,,,,,,,nan,0.5411433622262235,-0.24954068919926853,1.5827786708769835
2026-08-18T06:01:03.241+00:00,1787032863.2417097,192675.2775778,12.170565700012958,1265,192675.1791774,15.434200002346188,82.9405999975279,1,0,0,4,1,0.0,1,estabilizada,1,1,1,,,,,,,,,,,,,nan,0.5411397715742361,-0.24953412702767508,1.5827823385896218
2026-08-18T06:01:03.241+00:00,1787032863.2417097,192675.2776217,12.170609599997988,1265,192675.1791774,15.434200002346188,82.9405999975279,2,1,1,4,1,0.0,1,estabilizada,1,1,1,695.5,485.0,0.547224760055542,0.49752479791641235,0.5468787560915317,0.45504561325171644,0.5340175060915318,0.4436011132517165,0.494595640112987,0.5008037451234391,0.430761319399325,0.3198611476975889,0.0,0.5411397715742361,-0.24953412702767508,1.5827823385896218
2026-08-18T06:01:03.241+00:00,1787032863.2417097,192675.2776345,12.170622400008142,1265,192675.1791774,15.434200002346188,82.9405999975279,3,1,1,4,1,0.0,1,estabilizada,1,1,1,473.0,383.75,0.1971685141324997,0.6832261681556702,0.21672737097275335,0.6301876520440326,0.20386612097275336,0.6187431520440326,-1.8902266746232916,0.20401231202671932,0.6182742828493927,-1.955140120868591,0.0,0.5411397715742361,-0.24953412702767508,1.5827823385896218
2026-08-18T06:01:03.241+00:00,1787032863.2417097,192675.2776446,12.170632499997737,1265,192675.1791774,15.434200002346188,82.9405999975279,10,0,0,4,1,0.0,1,estabilizada,1,1,1,,,,,,,,,,,,,nan,0.5411397715742361,-0.24953412702767508,1.5827823385896218
2026-08-18T06:01:03.378+00:00,1787032863.3782406,192675.4138112,12.30679910001345,1269,192675.3124921,23.027399991406128,78.23900002404116,1,0,0,4,1,0.0,1,estabilizada,1,1,1,,,,,,,,,,,,,nan,0.5411347451233569,-0.24952701668370125,1.5827867705248024
2026-08-18T06:01:03.378+00:00,1787032863.3782406,192675.4139022,12.306890100007877,1269,192675.3124921,23.027399991406128,78.23900002404116,2,1,1,4,1,0.0,1,estabilizada,1,1,1,701.0,482.25,0.5558030605316162,0.5019574165344238,0.5549689946856491,0.4592267087416071,0.542107744685649,0.4477822087416071,0.6276142392591553,0.5291338768763871,0.44198435499814087,0.4374462158511965,0.0,0.5411347451233569,-0.24952701668370125,1.5827867705248024
2026-08-18T06:01:03.378+00:00,1787032863.3782406,192675.4139168,12.306904700002633,1269,192675.3124921,23.027399991406128,78.23900002404116,3,1,1,4,1,0.0,1,estabilizada,1,1,1,472.5,384.0,0.19640833139419556,0.682784914970398,0.21601007296380542,0.6297720420986795,0.20314882296380543,0.6183275420986796,-1.8731272318428052,0.20401231202671932,0.6182742828493927,-1.9449718588799387,0.0,0.5411347451233569,-0.24952701668370125,1.5827867705248024
2026-08-18T06:01:03.378+00:00,1787032863.3782406,192675.4139323,12.306920200004242,1269,192675.3124921,23.027399991406128,78.23900002404116,10,0,0,4,1,0.0,1,estabilizada,1,1,1,,,,,,,,,,,,,nan,0.5411347451233569,-0.24952701668370125,1.5827867705248024
2026-08-18T06:01:03.521+00:00,1787032863.521957,192675.5575633,12.450551200017799,1273,192675.4464629,30.466800002614036,80.60819999082014,1,0,0,4,1,0.0,1,estabilizada,1,1,1,,,,,,,,,,,,,nan,0.5411300688915367,-0.24952171145996033,1.5827888768372333
2026-08-18T06:01:03.521+00:00,1787032863.521957,192675.5576068,12.450594699999783,1273,192675.4464629,30.466800002614036,80.60819999082014,2,1,1,4,1,0.0,1,estabilizada,1,1,1,705.75,479.0,0.5632705688476562,0.5072801113128662,0.5620116233084176,0.46424710479739345,0.5491503733084175,0.4528026047973935,0.5618581929457371,0.538332179218626,0.44665051144626655,0.5091630518610782,0.0,0.5411300688915367,-0.24952171145996033,1.5827888768372333
2026-08-18T06:01:03.521+00:00,1787032863.521957,192675.5576193,12.450607200007653,1273,192675.4464629,30.466800002614036,80.60819999082014,3,1,1,4,1,0.0,1,estabilizada,1,1,1,472.75,384.0,0.19680148363113403,0.6827768087387085,0.21638057792914323,0.6297647690120047,0.20351932792914323,0.6183202690120048,-1.8731267250166495,0.20401231202671932,0.6182742828493927,-1.9350193016577226,0.0,0.5411300688915367,-0.24952171145996033,1.5827888768372333
2026-08-18T06:01:03.521+00:00,1787032863.521957,192675.5576314,12.450619300012477,1273,192675.4464629,30.466800002614036,80.60819999082014,10,0,0,4,1,0.0,1,estabilizada,1,1,1,,,,,,,,,,,,,nan,0.5411300688915367,-0.24952171145996033,1.5827888768372333
2026-08-18T06:01:03.679+00:00,1787032863.6791341,192675.7149587,12.60794660000829,1278,192675.6116195,19.53659998252988,83.77260001725517,1,0,0,4,1,0.0,1,estabilizada,1,1,1,,,,,,,,,,,,,nan,0.5411246672309948,-0.2495160399493779,1.5827903199269344
2026-08-18T06:01:03.679+00:00,1787032863.6791341,192675.7150011,12.607989000011003,1278,192675.6116195,19.53659998252988,83.77260001725517,2,1,1,4,1,0.0,1,estabilizada,1,1,1,711.0,475.75,0.571535050868988,0.5126002430915833,0.5698058676076538,0.46926508706355496,0.5569446176076538,0.457820587063555,0.5238288106847704,0.5427593392545831,0.44925673174901243,0.5193994469216404,0.0,0.5411246672309948,-0.2495160399493779,1.5827903199269344
2026-08-18T06:01:03.679+00:00,1787032863.6791341,192675.7150285,12.608016400015913,1278,192675.6116195,19.53659998252988,83.77260001725517,3,1,1,4,1,0.0,1,estabilizada,1,1,1,472.5,384.25,0.19643548130989075,0.6823278069496155,0.21603506208969453,0.6293416690101435,0.20317381208969454,0.6178971690101436,-1.9179226687449111,0.20401231202671932,0.6182742828493927,-1.9350193016577226,0.0,0.5411246672309948,-0.2495160399493779,1.5827903199269344
2026-08-18T06:01:03.679+00:00,1787032863.6791341,192675.7150396,12.608027500013122,1278,192675.6116195,19.53659998252988,83.77260001725517,10,0,0,4,1,0.0,1,estabilizada,1,1,1,,,,,,,,,,,,,nan,0.5411246672309948,-0.2495160399493779,1.5827903199269344
2026-08-18T06:01:03.832+00:00,1787032863.8327062,192675.8686359,12.7616238000046,1283,192675.7783749,7.739199994830415,82.49670002260245,1,0,0,4,1,0.0,1,estabilizada,1,1,1,,,,,,,,,,,,,nan,0.5411184004828217,-0.24950936835084606,1.582791442402771
2026-08-18T06:01:03.832+00:00,1787032863.8327062,192675.8686772,12.761665099998936,1283,192675.7783749,7.739199994830415,82.49670002260245,2,1,1,4,1,0.0,1,estabilizada,1,1,1,716.75,472.75,0.5805876851081848,0.5174920558929443,0.5783433997771432,0.4738791538183985,0.5654821497771432,0.46243465381839854,0.5358646239346918,0.5490843132684227,0.452813960722966,0.5193994469216404,0.0,0.5411184004828217,-0.24950936835084606,1.582791442402771
2026-08-18T06:01:03.832+00:00,1787032863.8327062,192675.8686894,12.761677300004521,1283,192675.7783749,7.739199994830415,82.49670002260245,3,1,1,4,1,0.0,1,estabilizada,1,1,1,472.5,384.25,0.19643481075763702,0.6823274493217468,0.21603405942944826,0.6293417486515303,0.20317280942944826,0.6178972486515303,-1.8900237663620632,0.20401231202671932,0.6182742828493927,-1.9350193016577226,0.0,0.5411184004828217,-0.24950936835084606,1.582791442402771
2026-08-18T06:01:03.832+00:00,1787032863.8327062,192675.8686991,12.761687000020174,1283,192675.7783749,7.739199994830415,82.49670002260245,10,0,0,4,1,0.0,1,estabilizada,1,1,1,,,,,,,,,,,,,nan,0.5411184004828217,-0.24950936835084606,1.582791442402771
2026-08-18T06:01:03.980+00:00,1787032863.9802234,192676.016483,12.909470900020096,1287,192675.9122684,19.304800021927804,84.86509998328984,1,0,0,4,1,0.0,1,estabilizada,1,1,1,,,,,,,,,,,,,nan,0.541111359478574,-0.24950182996364428,1.5827922571970823
2026-08-18T06:01:03.980+00:00,1787032863.9802234,192676.0165296,12.909517499996582,1287,192675.9122684,19.304800021927804,84.86509998328984,2,1,1,4,1,0.0,1,estabilizada,1,1,1,721.5,470.25,0.5880878567695618,0.5215820670127869,0.5854167009454387,0.47773705171635567,0.5725554509454387,0.4662925517163557,0.4684375628293156,0.5534584227249293,0.4552748383868622,0.5193994469216404,0.0,0.541111359478574,-0.24950182996364428,1.5827922571970823
2026-08-18T06:01:03.981+00:00,1787032863.9812236,192676.0165499,12.909537800005637,1287,192675.9122684,19.304800021927804,84.86509998328984,3,1,1,4,1,0.0,1,estabilizada,1,1,1,472.25,384.5,0.1960689276456833,0.6818786859512329,0.21568857054180945,0.6289189585762829,0.20282732054180946,0.6174744585762829,-1.933300817742761,0.20401231202671932,0.6182742828493927,-1.9269761276960682,0.0,0.541111359478574,-0.24950182996364428,1.5827922571970823
2026-08-18T06:01:03.981+00:00,1787032863.9812236,192676.0165712,12.909559099993203,1287,192675.9122684,19.304800021927804,84.86509998328984,10,0,0,4,1,0.0,1,estabilizada,1,1,1,,,,,,,,,,,,,nan,0.541111359478574,-0.24950182996364428,1.5827922571970823
2026-08-18T06:01:04.131+00:00,1787032864.1314883,192676.1675464,13.060534300020663,1292,192676.0779792,7.688999990932643,81.85340001364239,1,0,0,4,1,0.0,1,estabilizada,1,1,1,,,,,,,,,,,,,nan,0.5411056940734734,-0.24949343080685585,1.5827943424323827
2026-08-18T06:01:04.131+00:00,1787032864.1314883,192676.1675904,13.060578300006455,1292,192676.0779792,7.688999990932643,81.85340001364239,2,1,1,4,1,0.0,1,estabilizada,1,1,1,728.0,467.25,0.5983571410179138,0.526473343372345,0.5951017400559157,0.48235073830363784,0.5822404900559157,0.47090623830363787,0.5211813417876934,0.5607001390808906,0.45949286251551613,0.5193994469216404,0.0,0.5411056940734734,-0.24949343080685585,1.5827943424323827
2026-08-18T06:01:04.131+00:00,1787032864.1314883,192676.1676028,13.060590700013563,1292,192676.0779792,7.688999990932643,81.85340001364239,3,1,1,4,1,0.0,1,estabilizada,1,1,1,472.5,384.5,0.1964620053768158,0.6818704009056091,0.21605894930765646,0.6289116919900175,0.20319769930765647,0.6174671919900175,-1.9333009710175932,0.20401231202671932,0.6182742828493927,-1.9269761276960682,0.0,0.5411056940734734,-0.24949343080685585,1.5827943424323827
2026-08-18T06:01:04.131+00:00,1787032864.1314883,192676.1676129,13.060600800003158,1292,192676.0779792,7.688999990932643,81.85340001364239,10,0,0,4,1,0.0,1,estabilizada,1,1,1,,,,,,,,,,,,,nan,0.5411056940734734,-0.24949343080685585,1.5827943424323827
2026-08-18T06:01:04.275+00:00,1787032864.2750728,192676.3104053,13.203393200004939,1296,192676.2138192,11.87499999650754,84.65440000873059,1,0,0,4,1,0.0,1,estabilizada,1,1,1,,,,,,,,,,,,,nan,0.5411025619035518,-0.24948505982712169,1.5827967611905212
2026-08-18T06:01:04.275+00:00,1787032864.2750728,192676.310466,13.203453900001477,1296,192676.2138192,11.87499999650754,84.65440000873059,2,1,1,4,1,0.0,1,estabilizada,1,1,1,733.5,464.75,0.6070690155029297,0.5305584073066711,0.6033180722551823,0.4862040632977558,0.5904568222551823,0.4747595632977558,0.5088887296329695,0.5710814155445011,0.4649408068677417,0.5193994469216404,0.0,0.5411025619035518,-0.24948505982712169,1.5827967611905212
2026-08-18T06:01:04.275+00:00,1787032864.2750728,192676.3105144,13.20350229999167,1296,192676.2138192,11.87499999650754,84.65440000873059,3,1,1,4,1,0.0,1,estabilizada,1,1,1,473.0,384.5,0.19724883139133453,0.6818543076515198,0.2168008272665488,0.6288970707349929,0.20393957726654882,0.6174525707349929,-1.9915414717014408,0.20401231202671932,0.6182742828493927,-1.9269761276960682,0.0,0.5411025619035518,-0.24948505982712169,1.5827967611905212
2026-08-18T06:01:04.275+00:00,1787032864.2750728,192676.3105256,13.203513500018744,1296,192676.2138192,11.87499999650754,84.65440000873059,10,0,0,4,1,0.0,1,estabilizada,1,1,1,,,,,,,,,,,,,nan,0.5411025619035518,-0.24948505982712169,1.5827967611905212
2026-08-18T06:01:04.449+00:00,1787032864.449259,192676.485198,13.378185900015524,1301,192676.3782466,3.4255999780725688,103.33530002390034,1,0,0,4,1,0.0,1,estabilizada,1,1,1,,,,,,,,,,,,,nan,0.5411032727487091,-0.2494806143415886,1.5827968967406019
2026-08-18T06:01:04.449+00:00,1787032864.449259,192676.4854844,13.378472300013527,1301,192676.3782466,3.4255999780725688,103.33530002390034,2,1,1,4,1,0.0,1,estabilizada,1,1,1,740.0,460.75,0.6174666285514832,0.537202775478363,0.6131245035217953,0.4924708801672244,0.6002632535217953,0.48102638016722443,0.57695114619676,0.5798534402205919,0.46946774330980257,0.5193994469216404,0.0,0.5411032727487091,-0.2494806143415886,1.5827968967406019
2026-08-18T06:01:04.449+00:00,1787032864.449259,192676.4855171,13.378505000000587,1301,192676.3782466,3.4255999780725688,103.33530002390034,3,1,1,4,1,0.0,1,estabilizada,1,1,1,473.25,384.25,0.1976134479045868,0.6823030710220337,0.21714474993053295,0.629320574117082,0.20428349993053296,0.617876074117082,-1.9479116577539497,0.20401231202671932,0.6182742828493927,-1.9269761276960682,0.0,0.5411032727487091,-0.2494806143415886,1.5827968967406019
2026-08-18T06:01:04.449+00:00,1787032864.449259,192676.4855426,13.378530500020133,1301,192676.3782466,3.4255999780725688,103.33530002390034,10,0,0,4,1,0.0,1,estabilizada,1,1,1,,,,,,,,,,,,,nan,0.5411032727487091,-0.2494806143415886,1.5827968967406019
2026-08-18T06:01:04.616+00:00,1787032864.6168883,192676.6523511,13.545339000003878,1306,192676.5478393,4.233999992720783,100.20369998528622,1,0,0,4,1,0.0,1,estabilizada,1,1,1,,,,,,,,,,,,,nan,0.5411068428594052,-0.24947877436014965,1.5827953910495012
2026-08-18T06:01:04.616+00:00,1787032864.6168883,192676.6524825,13.545470400014892,1306,192676.5478393,4.233999992720783,100.20369998528622,2,1,1,4,1,0.0,1,estabilizada,1,1,1,745.75,457.25,0.6266963481903076,0.5430365800857544,0.621829607028853,0.4979730284078353,0.6089683570288531,0.48652852840783534,0.6020615905702164,0.595003588088378,0.4779709317683627,0.5426784138303387,0.0,0.5411068428594052,-0.24947877436014965,1.5827953910495012
2026-08-18T06:01:04.616+00:00,1787032864.6168883,192676.6525226,13.545510500000091,1306,192676.5478393,4.233999992720783,100.20369998528622,3,1,1,4,1,0.0,1,estabilizada,1,1,1,472.5,384.25,0.19643130898475647,0.6823278069496155,0.21603005069460535,0.6293439577470522,0.20316880069460536,0.6178994577470522,-1.9194362723588085,0.20401231202671932,0.6182742828493927,-1.9269761276960682,0.0,0.5411068428594052,-0.24947877436014965,1.5827953910495012
2026-08-18T06:01:04.616+00:00,1787032864.6168883,192676.6525368,13.545524699991802,1306,192676.5478393,4.233999992720783,100.20369998528622,10,0,0,4,1,0.0,1,estabilizada,1,1,1,,,,,,,,,,,,,nan,0.5411068428594052,-0.24947877436014965,1.5827953910495012
2026-08-18T06:01:04.779+00:00,1787032864.7796755,192676.8155886,13.708576500008348,1311,192676.714803,7.235600001877174,93.51239999523386,1,0,0,4,1,0.0,1,estabilizada,1,1,1,,,,,,,,,,,,,nan,0.5411146541747236,-0.24947966048162803,1.5827927601400527
2026-08-18T06:01:04.779+00:00,1787032864.7796755,192676.815765,13.708752900012769,1311,192676.714803,7.235600001877174,93.51239999523386,2,1,1,4,1,0.0,1,estabilizada,1,1,1,751.0,454.25,0.6351366639137268,0.548041820526123,0.6297904296563995,0.5026935379851121,0.6169291796563996,0.4912490379851121,0.49507994792913623,0.6011298190275929,0.4816738791521412,0.5426784138303387,0.0,0.5411146541747236,-0.24947966048162803,1.5827927601400527
2026-08-18T06:01:04.779+00:00,1787032864.7796755,192676.8158063,13.708794200007105,1311,192676.714803,7.235600001877174,93.51239999523386,3,1,1,4,1,0.0,1,estabilizada,1,1,1,472.5,384.0,0.19640202820301056,0.6827855706214905,0.21600291160274832,0.6297755538256994,0.20314166160274832,0.6183310538256994,-1.947728081892686,0.20401231202671932,0.6182742828493927,-1.9269761276960682,0.0,0.5411146541747236,-0.24947966048162803,1.5827927601400527
2026-08-18T06:01:04.779+00:00,1787032864.7796755,192676.8158418,13.708829700015485,1311,192676.714803,7.235600001877174,93.51239999523386,10,0,0,4,1,0.0,1,estabilizada,1,1,1,,,,,,,,,,,,,nan,0.5411146541747236,-0.24947966048162803,1.5827927601400527
2026-08-18T06:01:04.962+00:00,1787032864.9627912,192676.9981041,13.891092000005301,1316,192676.8831063,14.29160000407137,100.63209998770617,1,0,0,4,1,0.0,1,estabilizada,1,1,1,,,,,,,,,,,,,nan,0.5411278278272178,-0.24947694633345052,1.5827935516822715
2026-08-18T06:01:04.962+00:00,1787032864.9627912,192676.9982522,13.891240099997958,1316,192676.8831063,14.29160000407137,100.63209998770617,2,1,1,4,1,0.0,1,estabilizada,1,1,1,756.75,452.0,0.6443267464637756,0.5517387986183167,0.6384587021648722,0.5061804774026296,0.6255974521648722,0.49473597740262965,0.5207598985399182,0.6082353454017548,0.485844607201883,0.5426784138303387,0.0,0.5411278278272178,-0.24947694633345052,1.5827935516822715
2026-08-18T06:01:04.962+00:00,1787032864.9627912,192676.9982709,13.89125879999483,1316,192676.8831063,14.29160000407137,100.63209998770617,3,1,1,4,1,0.0,1,estabilizada,1,1,1,472.25,384.5,0.19606438279151917,0.6818817853927612,0.21568520448377676,0.6289233400122701,0.20282395448377677,0.6174788400122702,-1.9336521087750977,0.20401231202671932,0.6182742828493927,-1.9269761276960682,0.0,0.5411278278272178,-0.24947694633345052,1.5827935516822715
2026-08-18T06:01:04.962+00:00,1787032864.9627912,192676.9982869,13.891274800000247,1316,192676.8831063,14.29160000407137,100.63209998770617,10,0,0,4,1,0.0,1,estabilizada,1,1,1,,,,,,,,,,,,,nan,0.5411278278272178,-0.24947694633345052,1.5827935516822715
2026-08-18T06:01:05.146+00:00,1787032865.1461174,192677.1818709,14.074858800013317,1322,192677.0812896,4.574799997499213,95.90680000837892,1,0,0,4,1,0.0,1,estabilizada,1,1,1,,,,,,,,,,,,,nan,0.5411402921395767,-0.24947518101295973,1.5827942811159563
2026-08-18T06:01:05.146+00:00,1787032865.1461174,192677.1820603,14.07504820000031,1322,192677.0812896,4.574799997499213,95.90680000837892,2,1,1,4,1,0.0,1,estabilizada,1,1,1,763.25,448.25,0.6548457741737366,0.5580329895019531,0.6483803140029687,0.512116892752411,0.6355190640029686,0.500672392752411,0.4813914322570576,0.6213675648251554,0.49258168987879325,0.5238742901239635,0.0,0.5411402921395767,-0.24947518101295973,1.5827942811159563
2026-08-18T06:01:05.146+00:00,1787032865.1461174,192677.1821009,14.07508880001842,1322,192677.0812896,4.574799997499213,95.90680000837892,3,1,1,4,1,0.0,1,estabilizada,1,1,1,472.5,384.5,0.19645677506923676,0.6818745136260986,0.2160559844588858,0.628916606513611,0.2031947344588858,0.6174721065136111,-1.962746436727642,0.20401231202671932,0.6182742828493927,-1.9269761276960682,0.0,0.5411402921395767,-0.24947518101295973,1.5827942811159563
2026-08-18T06:01:05.146+00:00,1787032865.1461174,192677.1821385,14.075126400013687,1322,192677.0812896,4.574799997499213,95.90680000837892,10,0,0,4,1,0.0,1,estabilizada,1,1,1,,,,,,,,,,,,,nan,0.5411402921395767,-0.24947518101295973,1.5827942811159563
2026-08-18T06:01:05.314+00:00,1787032865.314963,192677.3502455,14.243233400018653,1327,192677.2485026,5.369199992856011,96.34859999641776,1,0,0,4,1,0.0,1,estabilizada,1,1,1,,,,,,,,,,,,,nan,0.5411512308506063,-0.24947591135322308,1.5827930975825115
2026-08-18T06:01:05.314+00:00,1787032865.314963,192677.3502973,14.24328520000563,1327,192677.2485026,5.369199992856011,96.34859999641776,2,1,1,4,1,0.0,1,estabilizada,1,1,1,767.37548828125,446.87420654296875,0.6614536046981812,0.5602850317955017,0.6546130304861639,0.5142408046664495,0.6417517804861639,0.5027963046664495,0.44527351596544235,0.62481104290293,0.4943068884755252,0.5146616468054036,0.0,0.5411512308506063,-0.24947591135322308,1.5827930975825115
2026-08-18T06:01:05.314+00:00,1787032865.314963,192677.3503096,14.243297500011977,1327,192677.2485026,5.369199992856011,96.34859999641776,3,1,1,4,1,0.0,1,estabilizada,1,1,1,472.5,384.5,0.19645559787750244,0.6818751096725464,0.21605551085094282,0.6289170875404403,0.20319426085094283,0.6174725875404403,-1.9192462103340966,0.20401231202671932,0.6182742828493927,-1.9269761276960682,0.0,0.5411512308506063,-0.24947591135322308,1.5827930975825115
2026-08-18T06:01:05.314+00:00,1787032865.314963,192677.3503224,14.243310299993027,1327,192677.2485026,5.369199992856011,96.34859999641776,10,0,0,4,1,0.0,1,estabilizada,1,1,1,,,,,,,,,,,,,nan,0.5411512308506063,-0.24947591135322308,1.5827930975825115
2026-08-18T06:01:05.468+00:00,1787032865.468974,192677.5048846,14.397872500005178,1332,192677.4121429,3.6333000170998275,89.08409997820854,1,0,0,4,1,0.0,1,estabilizada,1,1,1,,,,,,,,,,,,,nan,0.5411629663527556,-0.2494757875916732,1.5827911456722492
2026-08-18T06:01:05.468+00:00,1787032865.468974,192677.5049288,14.397916699992493,1332,192677.4121429,3.6333000170998275,89.08409997820854,2,1,1,4,1,0.0,1,estabilizada,1,1,1,773.75,444.25,0.6717312932014465,0.5646442770957947,0.6643069722804502,0.5183521266612834,0.6514457222804502,0.5069076266612834,0.3517713610230727,0.6310119566346162,0.49759148332898206,0.483533799783732,0.0,0.5411629663527556,-0.2494757875916732,1.5827911456722492
2026-08-18T06:01:05.468+00:00,1787032865.468974,192677.5049599,14.397947799996473,1332,192677.4121429,3.6333000170998275,89.08409997820854,3,1,1,4,1,0.0,1,estabilizada,1,1,1,472.75,384.5,0.1968485713005066,0.6818681955337524,0.21642683065546459,0.6289105082795142,0.2035655806554646,0.6174660082795143,-1.9475538472316647,0.20401231202671932,0.6182742828493927,-1.9269761276960682,0.0,0.5411629663527556,-0.2494757875916732,1.5827911456722492
2026-08-18T06:01:05.468+00:00,1787032865.468974,192677.5049706,14.39795850001974,1332,192677.4121429,3.6333000170998275,89.08409997820854,10,0,0,4,1,0.0,1,estabilizada,1,1,1,,,,,,,,,,,,,nan,0.5411629663527556,-0.2494757875916732,1.5827911456722492
2026-08-18T06:01:05.619+00:00,1787032865.6190078,192677.6548252,14.547813100012718,1336,192677.5444024,22.914200002560392,87.48389998800121,1,0,0,4,1,0.0,1,estabilizada,1,1,1,,,,,,,,,,,,,nan,0.5411732843926833,-0.2494747290001152,1.582788470507393
2026-08-18T06:01:05.619+00:00,1787032865.6190078,192677.6548686,14.54785649999394,1336,192677.5444024,22.914200002560392,87.48389998800121,2,1,1,4,1,0.0,1,estabilizada,1,1,1,778.25,442.75,0.6789695620536804,0.5671109557151794,0.6711342352108496,0.5206785277604715,0.6582729852108495,0.5092340277604716,0.39934797918783616,0.6451012350497094,0.5036481567068591,0.43312950007854767,0.0,0.5411732843926833,-0.2494747290001152,1.582788470507393
2026-08-18T06:01:05.619+00:00,1787032865.6190078,192677.6548804,14.54786829999648,1336,192677.5444024,22.914200002560392,87.48389998800121,3,1,1,4,1,0.0,1,estabilizada,1,1,1,472.75,384.25,0.1968192309141159,0.6823254227638245,0.2163997784039116,0.6293417074908221,0.20353852840391162,0.6178972074908221,-1.947902990176342,0.20401231202671932,0.6182742828493927,-1.9269761276960682,0.0,0.5411732843926833,-0.2494747290001152,1.582788470507393
2026-08-18T06:01:05.619+00:00,1787032865.6190078,192677.6548926,14.547880500002066,1336,192677.5444024,22.914200002560392,87.48389998800121,10,0,0,4,1,0.0,1,estabilizada,1,1,1,,,,,,,,,,,,,nan,0.5411732843926833,-0.2494747290001152,1.582788470507393
2026-08-18T06:01:05.773+00:00,1787032865.773822,192677.809786,14.702773900004104,1341,192677.7114798,12.18920000246726,86.06490000966005,1,0,0,4,1,0.0,1,estabilizada,1,1,1,,,,,,,,,,,,,nan,0.5411811022138578,-0.24947227864860266,1.5827858891004807
2026-08-18T06:01:05.773+00:00,1787032865.773822,192677.8098698,14.702857700001914,1341,192677.7114798,12.18920000246726,86.06490000966005,2,1,1,4,1,0.0,1,estabilizada,1,1,1,784.25,441.25,0.6885898113250732,0.5695270895957947,0.6802078918807768,0.5229573396064982,0.6673466418807767,0.5115128396064982,0.35167270625446684,0.6547787432106067,0.5072074864250726,0.3986593375206764,0.0,0.5411811022138578,-0.24947227864860266,1.5827858891004807
2026-08-18T06:01:05.773+00:00,1787032865.773822,192677.8098867,14.702874600014184,1341,192677.7114798,12.18920000246726,86.06490000966005,3,1,1,4,1,0.0,1,estabilizada,1,1,1,472.75,383.75,0.1967613846063614,0.6832393407821655,0.21634569780888252,0.63020371143594,0.20348444780888253,0.61875921143594,-1.947719683370658,0.20401231202671932,0.6182742828493927,-1.9269761276960682,0.0,0.5411811022138578,-0.24947227864860266,1.5827858891004807
2026-08-18T06:01:05.773+00:00,1787032865.773822,192677.8099006,14.70288850000361,1341,192677.7114798,12.18920000246726,86.06490000966005,10,0,0,4,1,0.0,1,estabilizada,1,1,1,,,,,,,,,,,,,nan,0.5411811022138578,-0.24947227864860266,1.5827858891004807
2026-08-18T06:01:05.934+00:00,1787032865.9340146,192677.9695389,14.862526800017804,1346,192677.8778155,3.7010000087320805,87.88169999024831,1,0,0,4,1,0.0,1,estabilizada,1,1,1,,,,,,,,,,,,,nan,0.5411888545861003,-0.2494665125972033,1.5827865086165205
2026-08-18T06:01:05.934+00:00,1787032865.9340146,192677.9696295,14.862617400009185,1346,192677.8778155,3.7010000087320805,87.88169999024831,2,1,1,4,1,0.0,1,estabilizada,1,1,1,790.25,440.25,0.6981752514839172,0.571067750453949,0.6892487312969634,0.5244107418980997,0.6763874812969635,0.5129662418980997,0.27128507458028706,0.6600636419522965,0.5089120452893685,0.37122763662672575,0.0,0.5411888545861003,-0.2494665125972033,1.5827865086165205
2026-08-18T06:01:05.934+00:00,1787032865.9340146,192677.9696449,14.862632800010033,1346,192677.8778155,3.7010000087320805,87.88169999024831,3,1,1,4,1,0.0,1,estabilizada,1,1,1,472.25,384.5,0.1960582584142685,0.6818860173225403,0.21568298574569827,0.6289276889336763,0.20282173574569828,0.6174831889336764,-1.962899272905449,0.20401231202671932,0.6182742828493927,-1.9269761276960682,0.0,0.5411888545861003,-0.2494665125972033,1.5827865086165205
2026-08-18T06:01:05.934+00:00,1787032865.9340146,192677.969658,14.862645899993367,1346,192677.8778155,3.7010000087320805,87.88169999024831,10,0,0,4,1,0.0,1,estabilizada,1,1,1,,,,,,,,,,,,,nan,0.5411888545861003,-0.2494665125972033,1.5827865086165205
2026-08-18T06:01:06.083+00:00,1787032866.083045,192678.1188361,15.011824000015622,1350,192678.0138545,21.863300004042685,83.09410000219941,1,0,0,4,1,0.0,1,estabilizada,1,1,1,,,,,,,,,,,,,nan,0.5411942859627975,-0.24946176965739203,1.5827859617333795
2026-08-18T06:01:06.083+00:00,1787032866.083045,192678.1188804,15.011868300003698,1350,192678.0138545,21.863300004042685,83.09410000219941,2,1,1,4,1,0.0,1,estabilizada,1,1,1,794.0,438.75,0.7042665481567383,0.5735735893249512,0.6949939718562878,0.5267743479244966,0.6821327218562878,0.5153298479244967,0.3515067556381289,0.6669915234171179,0.5107707439816207,0.35072805173368227,0.0,0.5411942859627975,-0.24946176965739203,1.5827859617333795
2026-08-18T06:01:06.083+00:00,1787032866.083045,192678.1188925,15.011880400008522,1350,192678.0138545,21.863300004042685,83.09410000219941,3,1,1,4,1,0.0,1,estabilizada,1,1,1,472.25,384.5,0.19605739414691925,0.681886613368988,0.21568248624049036,0.6289285024816651,0.20282123624049037,0.6174840024816651,-1.9336421079725805,0.20401231202671932,0.6182742828493927,-1.9269761276960682,0.0,0.5411942859627975,-0.24946176965739203,1.5827859617333795
2026-08-18T06:01:06.083+00:00,1787032866.083045,192678.1189039,15.011891800008016,1350,192678.0138545,21.863300004042685,83.09410000219941,10,0,0,4,1,0.0,1,estabilizada,1,1,1,,,,,,,,,,,,,nan,0.5411942859627975,-0.24946176965739203,1.5827859617333795
2026-08-18T06:01:06.245+00:00,1787032866.2454925,192678.2816641,15.174652000016067,1355,192678.1777356,19.4595999782905,84.43490002537146,1,0,0,4,1,0.0,1,estabilizada,1,1,1,,,,,,,,,,,,,nan,0.5412010156643722,-0.2494577943336795,1.5827851905562673
2026-08-18T06:01:06.245+00:00,1787032866.2454925,192678.2817262,15.174714099994162,1355,192678.1777356,19.4595999782905,84.43490002537146,2,1,1,4,1,0.0,1,estabilizada,1,1,1,798.5,438.0,0.7114735245704651,0.5747333765029907,0.7017915248316613,0.5278683907690573,0.6889302748316612,0.5164238907690574,0.31068429267149916,0.6771688632496599,0.5135237997235109,0.34303858090811346,0.0,0.5412010156643722,-0.2494577943336795,1.5827851905562673
2026-08-18T06:01:06.245+00:00,1787032866.2454925,192678.281739,15.174726900004316,1355,192678.1777356,19.4595999782905,84.43490002537146,3,1,1,4,1,0.0,1,estabilizada,1,1,1,472.5,384.5,0.19645045697689056,0.681879460811615,0.21605359103892258,0.6289219568728663,0.20319234103892259,0.6174774568728664,-1.9756151714291397,0.20401231202671932,0.6182742828493927,-1.9269761276960682,0.0,0.5412010156643722,-0.2494577943336795,1.5827851905562673
2026-08-18T06:01:06.246+00:00,1787032866.246487,192678.2817497,15.17473759999848,1355,192678.1777356,19.4595999782905,84.43490002537146,10,0,0,4,1,0.0,1,estabilizada,1,1,1,,,,,,,,,,,,,nan,0.5412010156643722,-0.2494577943336795,1.5827851905562673
2026-08-18T06:01:06.393+00:00,1787032866.3933172,192678.4295148,15.322502700000769,1360,192678.3439299,3.360000002430752,82.19749998534098,1,0,0,4,1,0.0,1,estabilizada,1,1,1,,,,,,,,,,,,,nan,0.5412094467925037,-0.24945404782835695,1.582785513221495
2026-08-18T06:01:06.393+00:00,1787032866.3933172,192678.4295593,15.322547200019471,1360,192678.3439299,3.360000002430752,82.19749998534098,2,1,1,4,1,0.0,1,estabilizada,1,1,1,805.0,436.0,0.7220029830932617,0.5780282616615295,0.7117227409940334,0.5309761454828112,0.6988614909940334,0.5195316454828113,0.31065187546165013,0.6820418116741106,0.5148987545991494,0.34303858090811346,0.0,0.5412094467925037,-0.24945404782835695,1.582785513221495
2026-08-18T06:01:06.394+00:00,1787032866.3943186,192678.4295763,15.322564200003399,1360,192678.3439299,3.360000002430752,82.19749998534098,3,1,1,4,1,0.0,1,estabilizada,1,1,1,472.75,384.5,0.19684307277202606,0.6818720698356628,0.21642435741416433,0.6289152099897817,0.20356310741416433,0.6174707099897817,-1.979091680538243,0.20401231202671932,0.6182742828493927,-1.9354231709538638,0.0,0.5412094467925037,-0.24945404782835695,1.582785513221495
2026-08-18T06:01:06.394+00:00,1787032866.3943186,192678.4295956,15.32258350000484,1360,192678.3439299,3.360000002430752,82.19749998534098,10,0,0,4,1,0.0,1,estabilizada,1,1,1,,,,,,,,,,,,,nan,0.5412094467925037,-0.24945404782835695,1.582785513221495
2026-08-18T06:01:06.532+00:00,1787032866.5329447,192678.5682091,15.4611969999969,1364,192678.4822423,6.024100002832711,79.91709999623708,1,0,0,4,1,0.0,1,estabilizada,1,1,1,,,,,,,,,,,,,nan,0.5412164631460279,-0.24944755822919323,1.5827880662933498
2026-08-18T06:01:06.532+00:00,1787032866.5329447,192678.5682529,15.461240800010273,1364,192678.4822423,6.024100002832711,79.91709999623708,2,1,1,4,1,0.0,1,estabilizada,1,1,1,809.5,435.0,0.7292608618736267,0.5796335935592651,0.718568340085086,0.5324906404059073,0.7057070900850859,0.5210461404059074,0.240621530180706,0.6890419890641459,0.5167557376962554,0.32114728276862636,0.0,0.5412164631460279,-0.24944755822919323,1.5827880662933498
2026-08-18T06:01:06.532+00:00,1787032866.5329447,192678.5682651,15.461253000015859,1364,192678.4822423,6.024100002832711,79.91709999623708,3,1,1,4,1,0.0,1,estabilizada,1,1,1,472.75,384.5,0.1968417465686798,0.6818720698356628,0.21642347399763623,0.6289156644199156,0.20356222399763624,0.6174711644199157,-1.9478942568579214,0.20401231202671932,0.6182742828493927,-1.9354231709538638,0.0,0.5412164631460279,-0.24944755822919323,1.5827880662933498
2026-08-18T06:01:06.532+00:00,1787032866.5329447,192678.568275,15.46126290000393,1364,192678.4822423,6.024100002832711,79.91709999623708,10,0,0,4,1,0.0,1,estabilizada,1,1,1,,,,,,,,,,,,,nan,0.5412164631460279,-0.24944755822919323,1.5827880662933498
2026-08-18T06:01:06.675+00:00,1787032866.6756105,192678.7116375,15.604625400010264,1368,192678.6159232,12.665899994317442,82.9737999883946,1,0,0,4,1,0.0,1,estabilizada,1,1,1,,,,,,,,,,,,,nan,0.5412218473283962,-0.24944120693076516,1.5827897667270407
2026-08-18T06:01:06.675+00:00,1787032866.6756105,192678.7117455,15.604733400017722,1368,192678.6159232,12.665899994317442,82.9737999883946,2,1,1,4,1,0.0,1,estabilizada,1,1,1,814.0,433.5,0.7365887761116028,0.5821264386177063,0.7254798948437844,0.5348421500326708,0.7126186448437843,0.5233976500326708,0.31056647800789916,0.7003916812237679,0.5195309680085263,0.3047196173057923,0.0,0.5412218473283962,-0.24944120693076516,1.5827897667270407
2026-08-18T06:01:06.675+00:00,1787032866.6756105,192678.7117678,15.604755700012902,1368,192678.6159232,12.665899994317442,82.9737999883946,3,1,1,4,1,0.0,1,estabilizada,1,1,1,472.5,384.5,0.19644670188426971,0.6818800568580627,0.21605117731257378,0.6289236153248838,0.2031899273125738,0.6174791153248839,-1.9488442036289555,0.20401231202671932,0.6182742828493927,-1.9354231709538638,0.0,0.5412218473283962,-0.24944120693076516,1.5827897667270407
2026-08-18T06:01:06.675+00:00,1787032866.6756105,192678.7117883,15.604776199994376,1368,192678.6159232,12.665899994317442,82.9737999883946,10,0,0,4,1,0.0,1,estabilizada,1,1,1,,,,,,,,,,,,,nan,0.5412218473283962,-0.24944120693076516,1.5827897667270407
2026-08-18T06:01:06.819+00:00,1787032866.8190494,192678.8549657,15.747953600017354,1372,192678.7450192,23.67910000612028,86.22480000485666,1,0,0,4,1,0.0,1,estabilizada,1,1,1,,,,,,,,,,,,,nan,0.5412288552926791,-0.24943679390627818,1.582790074523594
2026-08-18T06:01:06.819+00:00,1787032866.8190494,192678.855012,15.747999900020659,1372,192678.7450192,23.67910000612028,86.22480000485666,2,1,1,4,1,0.0,1,estabilizada,1,1,1,817.25,433.0,0.7418160438537598,0.5828962922096252,0.730410332344019,0.535568488632781,0.7175490823440189,0.524123988632781,0.3404881633551106,0.7055625177011824,0.5210453805817828,0.3047196173057923,0.0,0.5412288552926791,-0.24943679390627818,1.582790074523594
2026-08-18T06:01:06.819+00:00,1787032866.8190494,192678.8550248,15.74801270000171,1372,192678.7450192,23.67910000612028,86.22480000485666,3,1,1,4,1,0.0,1,estabilizada,1,1,1,472.5,384.5,0.1964455246925354,0.681880533695221,0.21605046172965503,0.6289243262781611,0.20318921172965504,0.6174798262781611,-1.9756083644997557,0.20401231202671932,0.6182742828493927,-1.9354231709538638,0.0,0.5412288552926791,-0.24943679390627818,1.582790074523594
2026-08-18T06:01:06.819+00:00,1787032866.8190494,192678.855035,15.748022899992066,1372,192678.7450192,23.67910000612028,86.22480000485666,10,0,0,4,1,0.0,1,estabilizada,1,1,1,,,,,,,,,,,,,nan,0.5412288552926791,-0.24943679390627818,1.582790074523594
2026-08-18T06:01:06.975+00:00,1787032866.9754899,192679.0113358,15.904323700000532,1377,192678.9109813,15.883500018389896,84.38389998627827,1,0,0,4,1,0.0,1,estabilizada,1,1,1,,,,,,,,,,,,,nan,0.5412353423902164,-0.2494335753095113,1.5827902767928497
2026-08-18T06:01:06.975+00:00,1787032866.9754899,192679.0115423,15.904530200001318,1377,192678.9109813,15.883500018389896,84.38389998627827,2,1,1,4,1,0.0,1,estabilizada,1,1,1,820.5,431.75,0.7471423745155334,0.58499675989151,0.7354341696048813,0.537549709407815,0.7225729196048813,0.526105209407815,0.35090789494311736,0.7130560684048143,0.5231456317228828,0.3047196173057923,0.0,0.5412353423902164,-0.2494335753095113,1.5827902767928497
2026-08-18T06:01:06.976+00:00,1787032866.9764895,192679.0117972,15.904785099992296,1377,192678.9109813,15.883500018389896,84.38389998627827,3,1,1,4,1,0.0,1,estabilizada,1,1,1,472.5,384.5,0.19644449651241302,0.6818811893463135,0.21604985837493323,0.6289251344298893,0.20318860837493324,0.6174806344298893,-1.9756067368211943,0.20401231202671932,0.6182742828493927,-1.9354231709538638,0.0,0.5412353423902164,-0.2494335753095113,1.5827902767928497
2026-08-18T06:01:06.976+00:00,1787032866.9764895,192679.0118353,15.904823200020473,1377,192678.9109813,15.883500018389896,84.38389998627827,10,0,0,4,1,0.0,1,estabilizada,1,1,1,,,,,,,,,,,,,nan,0.5412353423902164,-0.2494335753095113,1.5827902767928497
2026-08-18T06:01:07.127+00:00,1787032867.127502,192679.1630622,16.056050100014545,1382,192679.0767322,6.606600014492869,79.6752999885939,1,0,0,4,1,0.0,1,estabilizada,1,1,1,,,,,,,,,,,,,nan,0.5412413333678633,-0.24943399401682403,1.5827880946777557
2026-08-18T06:01:07.127+00:00,1787032867.127502,192679.1631288,16.0561166999978,1382,192679.0767322,6.606600014492869,79.6752999885939,2,1,1,4,1,0.0,1,estabilizada,1,1,1,822.0,430.75,0.7496563196182251,0.5867190957069397,0.7378054920655,0.5391740210831253,0.7249442420654999,0.5277295210831253,0.3106592506285956,0.7150949094710395,0.5237161817783689,0.3047196173057923,0.0,0.5412413333678633,-0.24943399401682403,1.5827880946777557
2026-08-18T06:01:07.127+00:00,1787032867.127502,192679.1631598,16.05614770000102,1382,192679.0767322,6.606600014492869,79.6752999885939,3,1,1,4,1,0.0,1,estabilizada,1,1,1,472.5,384.5,0.19644363224506378,0.6818819046020508,0.2160494109373592,0.628925712198567,0.2031881609373592,0.617481212198567,-1.9756053680705121,0.20401231202671932,0.6182742828493927,-1.9354231709538638,0.0,0.5412413333678633,-0.24943399401682403,1.5827880946777557
2026-08-18T06:01:07.127+00:00,1787032867.127502,192679.1631744,16.056162299995776,1382,192679.0767322,6.606600014492869,79.6752999885939,10,0,0,4,1,0.0,1,estabilizada,1,1,1,,,,,,,,,,,,,nan,0.5412413333678633,-0.24943399401682403,1.5827880946777557
2026-08-18T06:01:07.269+00:00,1787032867.2690065,192679.3049488,16.197936700016726,1386,192679.2104926,14.145900000585243,80.28610001201741,1,0,0,4,1,0.0,1,estabilizada,1,1,1,,,,,,,,,,,,,nan,0.5412474746565507,-0.24943613582531324,1.5827836130736266
2026-08-18T06:01:07.269+00:00,1787032867.2690065,192679.3049895,16.197977400006494,1386,192679.2104926,14.145900000585243,80.28610001201741,2,1,1,4,1,0.0,1,estabilizada,1,1,1,823.5,430.75,0.7520440220832825,0.5866667032241821,0.7400577410075234,0.5391243513240842,0.7271964910075235,0.5276798513240842,0.3925843738993926,0.7189111848843321,0.5251453865325368,0.3136679649738595,0.0,0.5412474746565507,-0.24943613582531324,1.5827836130736266
2026-08-18T06:01:07.269+00:00,1787032867.2690065,192679.3050199,16.198007800005144,1386,192679.2104926,14.145900000585243,80.28610001201741,3,1,1,4,1,0.0,1,estabilizada,1,1,1,472.5,384.25,0.19641458988189697,0.6823393106460571,0.21602242469480087,0.6293568375589274,0.20316117469480088,0.6179123375589274,-1.933452504560122,0.20401231202671932,0.6182742828493927,-1.9354231709538638,0.0,0.5412474746565507,-0.24943613582531324,1.5827836130736266
2026-08-18T06:01:07.269+00:00,1787032867.2690065,192679.30503,16.19801789999474,1386,192679.2104926,14.145900000585243,80.28610001201741,10,0,0,4,1,0.0,1,estabilizada,1,1,1,,,,,,,,,,,,,nan,0.5412474746565507,-0.24943613582531324,1.5827836130736266
2026-08-18T06:01:07.403+00:00,1787032867.4038708,192679.4394281,16.332416000019293,1390,192679.3453579,18.678100022953004,75.3635999863036,1,0,0,4,1,0.0,1,estabilizada,1,1,1,,,,,,,,,,,,,nan,0.541254096054798,-0.24944135206554285,1.5827774371472998
2026-08-18T06:01:07.403+00:00,1787032867.4038708,192679.4394723,16.332460200006608,1390,192679.3453579,18.678100022953004,75.3635999863036,2,1,1,4,1,0.0,1,estabilizada,1,1,1,826.75,430.0,0.7573186755180359,0.5878837704658508,0.74503279647067,0.5402717314898288,0.73217154647067,0.5288272314898288,0.42556835449384084,0.7232255860478682,0.5264356776348786,0.3420045138944361,0.0,0.541254096054798,-0.24944135206554285,1.5827774371472998
2026-08-18T06:01:07.403+00:00,1787032867.4038708,192679.4394851,16.332473000016762,1390,192679.3453579,18.678100022953004,75.3635999863036,3,1,1,4,1,0.0,1,estabilizada,1,1,1,472.5,384.25,0.1964142918586731,0.6823403835296631,0.21602259663308782,0.6293573460947137,0.20316134663308782,0.6179128460947138,-1.9334512593731517,0.20401231202671932,0.6182742828493927,-1.9354231709538638,0.0,0.541254096054798,-0.24944135206554285,1.5827774371472998
2026-08-18T06:01:07.403+00:00,1787032867.4038708,192679.439495,16.332482900004834,1390,192679.3453579,18.678100022953004,75.3635999863036,10,0,0,4,1,0.0,1,estabilizada,1,1,1,,,,,,,,,,,,,nan,0.541254096054798,-0.24944135206554285,1.5827774371472998
2026-08-18T06:01:07.546+00:00,1787032867.546885,192679.5826559,16.475643800018588,1394,192679.4812788,21.449499996379018,79.9033000075724,1,0,0,4,1,0.0,1,estabilizada,1,1,1,,,,,,,,,,,,,nan,0.5412598891934767,-0.2494511393647887,1.5827682319365242
2026-08-18T06:01:07.546+00:00,1787032867.546885,192679.5826997,16.475687600002857,1394,192679.4812788,21.449499996379018,79.9033000075724,2,1,1,4,1,0.0,1,estabilizada,1,1,1,829.25,428.75,0.761468768119812,0.5900184512138367,0.7489471628061131,0.542284195731821,0.736085912806113,0.530839695731821,0.4377480473673851,0.7252238375383122,0.5270635003594047,0.3618873719153466,0.0,0.5412598891934767,-0.2494511393647887,1.5827682319365242
2026-08-18T06:01:07.546+00:00,1787032867.546885,192679.5827265,16.4757144000032,1394,192679.4812788,21.449499996379018,79.9033000075724,3,1,1,4,1,0.0,1,estabilizada,1,1,1,472.75,384.5,0.19683650135993958,0.6818770170211792,0.2164212417404639,0.6289194630448882,0.2035599917404639,0.6174749630448882,-1.9478835809178152,0.20401231202671932,0.6182742828493927,-1.9354231709538638,0.0,0.5412598891934767,-0.2494511393647887,1.5827682319365242
2026-08-18T06:01:07.546+00:00,1787032867.546885,192679.5827372,16.475725099997362,1394,192679.4812788,21.449499996379018,79.9033000075724,10,0,0,4,1,0.0,1,estabilizada,1,1,1,,,,,,,,,,,,,nan,0.5412598891934767,-0.2494511393647887,1.5827682319365242
2026-08-18T06:01:07.691+00:00,1787032867.6917386,192679.7280209,16.621008799993433,1399,192679.6442093,1.4502000121865422,82.32260000659153,1,0,0,4,1,0.0,1,estabilizada,1,1,1,,,,,,,,,,,,,nan,0.5412663539683787,-0.24946179887355086,1.5827584914919408
2026-08-18T06:01:07.691+00:00,1787032867.6917386,192679.7281099,16.621097800001735,1399,192679.6442093,1.4502000121865422,82.32260000659153,2,1,1,4,1,0.0,1,estabilizada,1,1,1,831.75,427.5,0.7656243443489075,0.5921555757522583,0.7528667320898104,0.5442988976023762,0.7400054820898103,0.5328543976023762,0.4098505515316022,0.7319159917183693,0.5296399655072785,0.38148827311039657,0.0,0.5412663539683787,-0.24946179887355086,1.5827584914919408
2026-08-18T06:01:07.691+00:00,1787032867.6917386,192679.728123,16.621110900014173,1399,192679.6442093,1.4502000121865422,82.32260000659153,3,1,1,4,1,0.0,1,estabilizada,1,1,1,472.75,384.5,0.19683650135993958,0.6818781495094299,0.21642172987167513,0.6289195991019971,0.20356047987167514,0.6174750991019972,-1.9478822572186847,0.20401231202671932,0.6182742828493927,-1.9354231709538638,0.0,0.5412663539683787,-0.24946179887355086,1.5827584914919408
2026-08-18T06:01:07.691+00:00,1787032867.6917386,192679.7283321,16.621320000005653,1399,192679.6442093,1.4502000121865422,82.32260000659153,10,0,0,4,1,0.0,1,estabilizada,1,1,1,,,,,,,,,,,,,nan,0.5412663539683787,-0.24946179887355086,1.5827584914919408
2026-08-18T06:01:07.835+00:00,1787032867.8353605,192679.8708007,16.763788600015687,1403,192679.7770151,8.771299995714799,84.98800001689233,1,0,0,4,1,0.0,1,estabilizada,1,1,1,,,,,,,,,,,,,nan,0.5412716496042389,-0.24947565969091007,1.5827470029858366
2026-08-18T06:01:07.835+00:00,1787032867.8353605,192679.8708424,16.76383030001307,1403,192679.7770151,8.771299995714799,84.98800001689233,2,1,1,4,1,0.0,1,estabilizada,1,1,1,833.0,426.5,0.7677549123764038,0.5938945412635803,0.7548763578057481,0.5459378444935259,0.7420151078057482,0.5344933444935259,0.40988417665310145,0.7353421159709155,0.5309792278845026,0.3893394718076067,0.0,0.5412716496042389,-0.24947565969091007,1.5827470029858366
2026-08-18T06:01:07.835+00:00,1787032867.8353605,192679.8708547,16.763842600019416,1403,192679.7770151,8.771299995714799,84.98800001689233,3,1,1,4,1,0.0,1,estabilizada,1,1,1,472.75,384.5,0.19683685898780823,0.6818793416023254,0.2164225104513708,0.6289195508345893,0.2035612604513708,0.6174750508345893,-1.9478810436116778,0.20401231202671932,0.6182742828493927,-1.9354231709538638,0.0,0.5412716496042389,-0.24947565969091007,1.5827470029858366
2026-08-18T06:01:07.835+00:00,1787032867.8353605,192679.8708673,16.763855199998943,1403,192679.7770151,8.771299995714799,84.98800001689233,10,0,0,4,1,0.0,1,estabilizada,1,1,1,,,,,,,,,,,,,nan,0.5412716496042389,-0.24947565969091007,1.5827470029858366
2026-08-18T06:01:07.989+00:00,1787032867.9892027,192680.0252887,16.918276600015815,1407,192679.910514,29.873100022086874,84.87209997838363,1,0,0,4,1,0.0,1,estabilizada,1,1,1,,,,,,,,,,,,,nan,0.5412758457048946,-0.24948914131267577,1.5827349452759365
2026-08-18T06:01:07.989+00:00,1787032867.9892027,192680.0253437,16.918331599998055,1407,192679.910514,29.873100022086874,84.87209997838363,2,1,1,4,1,0.0,1,estabilizada,1,1,1,835.5,425.5,0.7718854546546936,0.5955905914306641,0.7587721630909798,0.5475363191888638,0.7459109130909798,0.5360918191888638,0.4221542231048699,0.7389619084354415,0.5326014950373152,0.3893394718076067,0.0,0.5412758457048946,-0.24948914131267577,1.5827349452759365
2026-08-18T06:01:07.989+00:00,1787032867.9892027,192680.0253672,16.918355100002373,1407,192679.910514,29.873100022086874,84.87209997838363,3,1,1,4,1,0.0,1,estabilizada,1,1,1,472.75,384.5,0.19683754444122314,0.6818805932998657,0.21642354474168785,0.6289195612803731,0.20356229474168785,0.6174750612803731,-1.9478799846516501,0.20401231202671932,0.6182742828493927,-1.9354231709538638,0.0,0.5412758457048946,-0.24948914131267577,1.5827349452759365
2026-08-18T06:01:07.989+00:00,1787032867.9892027,192680.0253876,16.91837550001219,1407,192679.910514,29.873100022086874,84.87209997838363,10,0,0,4,1,0.0,1,estabilizada,1,1,1,,,,,,,,,,,,,nan,0.5412758457048946,-0.24948914131267577,1.5827349452759365
2026-08-18T06:01:08.130+00:00,1787032868.1308782,192680.1664424,17.059430299996166,1412,192680.0769152,6.922799977473915,82.57880000746809,1,0,0,4,1,0.0,1,estabilizada,1,1,1,,,,,,,,,,,,,nan,0.5412810211461179,-0.24950409929452716,1.5827231650360978
2026-08-18T06:01:08.130+00:00,1787032868.1308782,192680.166486,17.059473900008015,1412,192680.0769152,6.922799977473915,82.57880000746809,2,1,1,4,1,0.0,1,estabilizada,1,1,1,839.75,423.5,0.7789609432220459,0.5990134477615356,0.7654455076364768,0.5507633299127177,0.7525842576364767,0.5393188299127177,0.4351926105759169,0.7431509382521788,0.5348452491119168,0.4203605019920214,0.0,0.5412810211461179,-0.24950409929452716,1.5827231650360978
2026-08-18T06:01:08.130+00:00,1787032868.1308782,192680.1664985,17.059486400015885,1412,192680.0769152,6.922799977473915,82.57880000746809,3,1,1,4,1,0.0,1,estabilizada,1,1,1,472.25,384.75,0.19607949256896973,0.681441605091095,0.2157090388208152,0.6285042909444387,0.20284778882081522,0.6170597909444387,-1.962717636914473,0.20401231202671932,0.6182742828493927,-1.9354231709538638,0.0,0.5412810211461179,-0.24950409929452716,1.5827231650360978
2026-08-18T06:01:08.130+00:00,1787032868.1308782,192680.1665089,17.059496800007764,1412,192680.0769152,6.922799977473915,82.57880000746809,10,0,0,4,1,0.0,1,estabilizada,1,1,1,,,,,,,,,,,,,nan,0.5412810211461179,-0.24950409929452716,1.5827231650360978
2026-08-18T06:01:08.270+00:00,1787032868.2708929,192680.3064812,17.19946910001454,1416,192680.2102333,16.61789999343455,79.60550001007505,1,0,0,4,1,0.0,1,estabilizada,1,1,1,,,,,,,,,,,,,nan,0.5412817952370267,-0.24952006541302219,1.5827111149518815
2026-08-18T06:01:08.270+00:00,1787032868.2708929,192680.3065229,17.19951080001192,1416,192680.2102333,16.61789999343455,79.60550001007505,2,1,1,4,1,0.0,1,estabilizada,1,1,1,843.25,422.0,0.7847782373428345,0.6015744805335999,0.7709319456333149,0.5531774556997123,0.758070695633315,0.5417329556997124,0.4784914505971699,0.7469161881773155,0.5368134227708677,0.4421172882500907,0.0,0.5412817952370267,-0.24952006541302219,1.5827111149518815
2026-08-18T06:01:08.270+00:00,1787032868.2708929,192680.3065347,17.19952260001446,1416,192680.2102333,16.61789999343455,79.60550001007505,3,1,1,4,1,0.0,1,estabilizada,1,1,1,472.5,384.5,0.19644573330879211,0.6818909645080566,0.21605464695092869,0.6289267868378658,0.2031933969509287,0.6174822868378659,-1.975595158851716,0.20401231202671932,0.6182742828493927,-1.9354231709538638,0.0,0.5412817952370267,-0.24952006541302219,1.5827111149518815
2026-08-18T06:01:08.270+00:00,1787032868.2708929,192680.3065448,17.199532700004056,1416,192680.2102333,16.61789999343455,79.60550001007505,10,0,0,4,1,0.0,1,estabilizada,1,1,1,,,,,,,,,,,,,nan,0.5412817952370267,-0.24952006541302219,1.5827111149518815
2026-08-18T06:01:08.435+00:00,1787032868.4350352,192680.4708314,17.363819299993338,1420,192680.3456823,27.174600021680817,97.94320000219159,1,0,0,4,1,0.0,1,estabilizada,1,1,1,,,,,,,,,,,,,nan,0.5412869349056074,-0.2495375071476768,1.5826969250389713
2026-08-18T06:01:08.436+00:00,1787032868.4360394,192680.4713382,17.364326100010658,1420,192680.3456823,27.174600021680817,97.94320000219159,2,1,1,4,1,0.0,1,estabilizada,1,1,1,845.5,421.0,0.7885280847549438,0.6032877564430237,0.7744687262420104,0.5547918805056435,0.7616074762420104,0.5433473805056436,0.5344246348250998,0.753737964834482,0.5397579783832376,0.46886861121450085,0.0,0.5412869349056074,-0.2495375071476768,1.5826969250389713
2026-08-18T06:01:08.436+00:00,1787032868.4360394,192680.471448,17.364435900002718,1420,192680.3456823,27.174600021680817,97.94320000219159,3,1,1,4,1,0.0,1,estabilizada,1,1,1,472.25,384.75,0.1960820108652115,0.6814441084861755,0.21571207564395656,0.6285038745844869,0.20285082564395657,0.6170593745844869,-1.9627156505124685,0.20401231202671932,0.6182742828493927,-1.9354231709538638,0.0,0.5412869349056074,-0.2495375071476768,1.5826969250389713
2026-08-18T06:01:08.436+00:00,1787032868.4360394,192680.4714895,17.364477399998577,1420,192680.3456823,27.174600021680817,97.94320000219159,10,0,0,4,1,0.0,1,estabilizada,1,1,1,,,,,,,,,,,,,nan,0.5412869349056074,-0.2495375071476768,1.5826969250389713
2026-08-18T06:01:08.597+00:00,1787032868.5975373,192680.6336875,17.526675400004024,1425,192680.5158783,27.85699997912161,89.92660001968034,1,0,0,4,1,0.0,1,estabilizada,1,1,1,,,,,,,,,,,,,nan,0.5412917283288717,-0.24955635474539298,1.582682611797941
2026-08-18T06:01:08.597+00:00,1787032868.598539,192680.6337317,17.526719600020442,1425,192680.5158783,27.85699997912161,89.92660001968034,2,1,1,4,1,0.0,1,estabilizada,1,1,1,851.25,417.5,0.7982715964317322,0.6093696355819702,0.7836583139221179,0.56052640033492,0.770797063922118,0.54908190033492,0.5194692700128232,0.7594728725696669,0.542644312382973,0.5026819586784576,0.0,0.5412917283288717,-0.24955635474539298,1.582682611797941
2026-08-18T06:01:08.598+00:00,1787032868.598539,192680.6337448,17.526732700003777,1425,192680.5158783,27.85699997912161,89.92660001968034,3,1,1,4,1,0.0,1,estabilizada,1,1,1,473.0,384.5,0.19723623991012573,0.6818777322769165,0.216801119012772,0.6289112896009732,0.203939869012772,0.6174667896009732,-1.9488277496980724,0.20401231202671932,0.6182742828493927,-1.9354231709538638,0.0,0.5412917283288717,-0.24955635474539298,1.582682611797941
2026-08-18T06:01:08.598+00:00,1787032868.598539,192680.6337586,17.52674649999244,1425,192680.5158783,27.85699997912161,89.92660001968034,10,0,0,4,1,0.0,1,estabilizada,1,1,1,,,,,,,,,,,,,nan,0.5412917283288717,-0.24955635474539298,1.582682611797941
2026-08-18T06:01:08.776+00:00,1787032868.7772846,192680.8123964,17.70538430000306,1430,192680.6790981,29.23670000745915,103.92669998691417,1,0,0,4,1,0.0,1,estabilizada,1,1,1,,,,,,,,,,,,,nan,0.5412888754871199,-0.24957418170468323,1.5826698486254456
2026-08-18T06:01:08.777+00:00,1787032868.7772846,192680.8126425,17.705630400014343,1430,192680.6790981,29.23670000745915,103.92669998691417,2,1,1,4,1,0.0,1,estabilizada,1,1,1,856.75,413.5,0.8077259659767151,0.6163845658302307,0.7925747718316508,0.5671410123842419,0.7797135218316509,0.5556965123842419,0.567128856837709,0.7641372366860908,0.545397737371849,0.5249343316174732,0.0,0.5412888754871199,-0.24957418170468323,1.5826698486254456
2026-08-18T06:01:08.777+00:00,1787032868.7772846,192680.8126631,17.70565099999658,1430,192680.6790981,29.23670000745915,103.92669998691417,3,1,1,4,1,0.0,1,estabilizada,1,1,1,472.75,384.5,0.1968446671962738,0.6818866729736328,0.21643180899536713,0.6289182809910242,0.20357055899536713,0.6174737809910242,-1.9478753059044738,0.20401231202671932,0.6182742828493927,-1.9354231709538638,0.0,0.5412888754871199,-0.24957418170468323,1.5826698486254456
2026-08-18T06:01:08.777+00:00,1787032868.7772846,192680.8127362,17.705724100000225,1430,192680.6790981,29.23670000745915,103.92669998691417,10,0,0,4,1,0.0,1,estabilizada,1,1,1,,,,,,,,,,,,,nan,0.5412888754871199,-0.24957418170468323,1.5826698486254456
2026-08-18T06:01:08.945+00:00,1787032868.9454255,192680.9814204,17.874408300005598,1435,192680.8694174,12.00249997782521,99.85580001375638,1,0,0,4,1,0.0,1,estabilizada,1,1,1,,,,,,,,,,,,,nan,0.5412866643511334,-0.2495893092627608,1.5826576126011356
2026-08-18T06:01:08.946+00:00,1787032868.9464386,192680.9816238,17.874611700011883,1435,192680.8694174,12.00249997782521,99.85580001375638,2,1,1,4,1,0.0,1,estabilizada,1,1,1,862.25,410.0,0.8171389102935791,0.6225222945213318,0.8014521932569,0.5729284697321734,0.7885909432569,0.5614839697321734,0.6689290062603056,0.7710183812295877,0.5497083824032214,0.5514073753584984,0.0,0.5412866643511334,-0.2495893092627608,1.5826576126011356
2026-08-18T06:01:08.946+00:00,1787032868.9464386,192680.9816394,17.874627300014254,1435,192680.8694174,12.00249997782521,99.85580001375638,3,1,1,4,1,0.0,1,estabilizada,1,1,1,472.5,384.5,0.1964532732963562,0.6818957924842834,0.21606269794248872,0.6289256121434759,0.20320144794248873,0.6174811121434759,-1.9488260517960199,0.20401231202671932,0.6182742828493927,-1.9354231709538638,0.0,0.5412866643511334,-0.2495893092627608,1.5826576126011356
2026-08-18T06:01:08.946+00:00,1787032868.9464386,192680.981654,17.87464190000901,1435,192680.8694174,12.00249997782521,99.85580001375638,10,0,0,4,1,0.0,1,estabilizada,1,1,1,,,,,,,,,,,,,nan,0.5412866643511334,-0.2495893092627608,1.5826576126011356
2026-08-18T06:01:09.154+00:00,1787032869.1549668,192681.1909496,18.083937499992317,1441,192681.062544,10.288700024830177,118.07279998902231,1,0,0,4,1,0.0,1,estabilizada,1,1,1,,,,,,,,,,,,,nan,0.5412838066674687,-0.24960684921260587,1.5826435641410594
2026-08-18T06:01:09.155+00:00,1787032869.155971,192681.1911621,18.084150000009686,1441,192681.062544,10.288700024830177,118.07279998902231,2,1,1,4,1,0.0,1,estabilizada,1,1,1,867.75,404.5,0.8269125819206238,0.6323195099830627,0.810669764930599,0.5821671104623987,0.7978085149305989,0.5707226104623987,0.8135733321346368,0.775738548855015,0.5528332385525685,0.57545447172767,0.0,0.5412838066674687,-0.24960684921260587,1.5826435641410594
2026-08-18T06:01:09.155+00:00,1787032869.155971,192681.1912652,18.084253100008937,1441,192681.062544,10.288700024830177,118.07279998902231,3,1,1,4,1,0.0,1,estabilizada,1,1,1,472.25,384.5,0.19606198370456696,0.6819049119949341,0.21569367132560346,0.6289327454198413,0.20283242132560347,0.6174882454198414,-1.9628728363128103,0.20401231202671932,0.6182742828493927,-1.9354231709538638,0.0,0.5412838066674687,-0.24960684921260587,1.5826435641410594
2026-08-18T06:01:09.155+00:00,1787032869.155971,192681.1913127,18.084300599992275,1441,192681.062544,10.288700024830177,118.07279998902231,10,0,0,4,1,0.0,1,estabilizada,1,1,1,,,,,,,,,,,,,nan,0.5412838066674687,-0.24960684921260587,1.5826435641410594
2026-08-18T06:01:09.301+00:00,1787032869.3010511,192681.3371842,18.23017210001126,1445,192681.2303378,23.860800021793693,82.96039997367188,1,0,0,4,1,0.0,1,estabilizada,1,1,1,,,,,,,,,,,,,nan,0.5412812230583357,-0.24962458206514282,1.5826288586473818
2026-08-18T06:01:09.302+00:00,1787032869.3020463,192681.3372265,18.23021440001321,1445,192681.2303378,23.860800021793693,82.96039997367188,2,1,1,4,1,0.0,1,estabilizada,1,1,1,871.75,400.5,0.8340539932250977,0.6394782662391663,0.8174047648409213,0.5889172923821764,0.8045435148409212,0.5774727923821764,0.8135344737617091,0.790233801466097,0.5646995711452375,0.6666263149309046,0.0,0.5412812230583357,-0.24962458206514282,1.5826288586473818
2026-08-18T06:01:09.302+00:00,1787032869.3020463,192681.3372384,18.23022630001651,1445,192681.2303378,23.860800021793693,82.96039997367188,3,1,1,4,1,0.0,1,estabilizada,1,1,1,472.25,384.75,0.19609320163726807,0.6814497113227844,0.21572314946625432,0.6285019302008531,0.20286189946625433,0.6170574302008531,-1.962712160168689,0.20401231202671932,0.6182742828493927,-1.9354231709538638,0.0,0.5412812230583357,-0.24962458206514282,1.5826288586473818
2026-08-18T06:01:09.302+00:00,1787032869.3020463,192681.3372482,18.23023610000382,1445,192681.2303378,23.860800021793693,82.96039997367188,10,0,0,4,1,0.0,1,estabilizada,1,1,1,,,,,,,,,,,,,nan,0.5412812230583357,-0.24962458206514282,1.5826288586473818
2026-08-18T06:01:09.460+00:00,1787032869.4600778,192681.4958706,18.388858499994967,1451,192681.3803987,29.3725999945309,86.06820000568405,1,0,0,4,1,0.0,1,estabilizada,1,1,1,,,,,,,,,,,,,nan,0.5412775386284173,-0.24963958763172306,1.5826153362546056
2026-08-18T06:01:09.460+00:00,1787032869.4600778,192681.4959277,18.388915599993197,1451,192681.3803987,29.3725999945309,86.06820000568405,2,1,1,4,1,0.0,1,estabilizada,1,1,1,876.25,396.5,0.8420358896255493,0.646648108959198,0.8249323958266068,0.5956781159070104,0.8120711458266068,0.5842336159070104,0.8132566987723883,0.7964352428349035,0.5702167886179351,0.7190850378726983,0.0,0.5412775386284173,-0.24963958763172306,1.5826153362546056
2026-08-18T06:01:09.460+00:00,1787032869.4600778,192681.4959406,18.388928500004113,1451,192681.3803987,29.3725999945309,86.06820000568405,3,1,1,4,1,0.0,1,estabilizada,1,1,1,472.25,384.5,0.19606739282608032,0.6819072365760803,0.21569876654683395,0.6289321312184417,0.20283751654683396,0.6174876312184417,-1.9628729406656513,0.20401231202671932,0.6182742828493927,-1.9354231709538638,0.0,0.5412775386284173,-0.24963958763172306,1.5826153362546056
2026-08-18T06:01:09.460+00:00,1787032869.4600778,192681.4959514,18.388939299999038,1451,192681.3803987,29.3725999945309,86.06820000568405,10,0,0,4,1,0.0,1,estabilizada,1,1,1,,,,,,,,,,,,,nan,0.5412775386284173,-0.24963958763172306,1.5826153362546056
2026-08-18T06:01:09.610+00:00,1787032869.6108904,192681.6467255,18.539713400008623,1456,192681.5430124,23.28949997900054,80.3965000086464,1,0,0,4,1,0.0,1,estabilizada,1,1,1,,,,,,,,,,,,,nan,0.5412723590278984,-0.24965360903191328,1.582603260795831
2026-08-18T06:01:09.610+00:00,1787032869.6108904,192681.6467691,18.539757000020472,1456,192681.5430124,23.28949997900054,80.3965000086464,2,1,1,4,1,0.0,1,estabilizada,1,1,1,880.5,392.25,0.849685788154602,0.6543146967887878,0.8321468323663741,0.602907531430774,0.819285582366374,0.591463031430774,0.7701892024266619,0.8074670948839907,0.5802638381942765,0.7448491153538377,0.0,0.5412723590278984,-0.24965360903191328,1.582603260795831
2026-08-18T06:01:09.610+00:00,1787032869.6108904,192681.6467817,18.5397696,1456,192681.5430124,23.28949997900054,80.3965000086464,3,1,1,4,1,0.0,1,estabilizada,1,1,1,472.25,384.5,0.19606980681419373,0.6819077730178833,0.21570089849007618,0.6289314355735123,0.20283964849007619,0.6174869355735123,-1.9475234372434502,0.20401231202671932,0.6182742828493927,-1.9354231709538638,0.0,0.5412723590278984,-0.24965360903191328,1.582603260795831
2026-08-18T06:01:09.610+00:00,1787032869.6108904,192681.6467924,18.539780299994163,1456,192681.5430124,23.28949997900054,80.3965000086464,10,0,0,4,1,0.0,1,estabilizada,1,1,1,,,,,,,,,,,,,nan,0.5412723590278984,-0.24965360903191328,1.582603260795831
2026-08-18T06:01:09.743+00:00,1787032869.7431393,192681.7785398,18.671527700003935,1460,192681.6776985,26.105199998710304,74.71100002294406,1,0,0,4,1,0.0,1,estabilizada,1,1,1,,,,,,,,,,,,,nan,0.5412670688553524,-0.24966582936777612,1.5825923387453358
2026-08-18T06:01:09.743+00:00,1787032869.7431393,192681.7785805,18.671568399993703,1460,192681.6776985,26.105199998710304,74.71100002294406,2,1,1,4,1,0.0,1,estabilizada,1,1,1,884.25,390.0,0.856195330619812,0.6583369970321655,0.8382857635981039,0.6067000388747781,0.825424513598104,0.5952555388747781,0.6391820826608379,0.8155408410375611,0.5873648256468624,0.7253051376939402,0.0,0.5412670688553524,-0.24966582936777612,1.5825923387453358
2026-08-18T06:01:09.743+00:00,1787032869.7431393,192681.7785914,18.671579300018493,1460,192681.6776985,26.105199998710304,74.71100002294406,3,1,1,4,1,0.0,1,estabilizada,1,1,1,472.5,384.5,0.19646601378917694,0.6819005608558655,0.21607440831771219,0.6289235729939148,0.2032131583177122,0.6174790729939148,-1.9755910550052311,0.20401231202671932,0.6182742828493927,-1.9354231709538638,0.0,0.5412670688553524,-0.24966582936777612,1.5825923387453358
2026-08-18T06:01:09.743+00:00,1787032869.7431393,192681.7786013,18.671589200006565,1460,192681.6776985,26.105199998710304,74.71100002294406,10,0,0,4,1,0.0,1,estabilizada,1,1,1,,,,,,,,,,,,,nan,0.5412670688553524,-0.24966582936777612,1.5825923387453358
2026-08-18T06:01:09.894+00:00,1787032869.8949666,192681.9308124,18.823800300015137,1465,192681.8439714,1.6478000034112483,85.16829999280162,1,0,0,4,1,0.0,1,estabilizada,1,1,1,,,,,,,,,,,,,nan,0.5412589427907358,-0.24967660076992887,1.582583406138125
2026-08-18T06:01:09.894+00:00,1787032869.8949666,192681.930854,18.823841900011757,1465,192681.8439714,1.6478000034112483,85.16829999280162,2,1,1,4,1,0.0,1,estabilizada,1,1,1,888.25,387.75,0.8631290197372437,0.6623603701591492,0.8448245772586793,0.6104937026171713,0.8319633272586793,0.5990492026171713,0.6286681321332593,0.8177701005447131,0.5891241585333291,0.7111663168210692,0.0,0.5412589427907358,-0.24967660076992887,1.582583406138125
2026-08-18T06:01:09.894+00:00,1787032869.8949666,192681.9308657,18.823853600013535,1465,192681.8439714,1.6478000034112483,85.16829999280162,3,1,1,4,1,0.0,1,estabilizada,1,1,1,472.5,384.5,0.19646865129470825,0.681901216506958,0.21607654438538948,0.6289232797803788,0.2032152943853895,0.6174787797803788,-1.975591018372184,0.20401231202671932,0.6182742828493927,-1.9354231709538638,0.0,0.5412589427907358,-0.24967660076992887,1.582583406138125
2026-08-18T06:01:09.894+00:00,1787032869.8949666,192681.9308756,18.823863500001607,1465,192681.8439714,1.6478000034112483,85.16829999280162,10,0,0,4,1,0.0,1,estabilizada,1,1,1,,,,,,,,,,,,,nan,0.5412589427907358,-0.24967660076992887,1.582583406138125
2026-08-18T06:01:10.052+00:00,1787032870.0529234,192682.0888078,18.981795700005023,1469,192681.9769198,23.0120999913197,88.85090000694618,1,0,0,4,1,0.0,1,estabilizada,1,1,1,,,,,,,,,,,,,nan,0.5412500145111749,-0.24968780407636587,1.5825744261091543
2026-08-18T06:01:10.052+00:00,1787032870.0529234,192682.0888522,18.98184009999386,1469,192681.9769198,23.0120999913197,88.85090000694618,2,1,1,4,1,0.0,1,estabilizada,1,1,1,891.75,385.0,0.8693537712097168,0.6673367619514465,0.8506947194673806,0.6151861587438534,0.8378334694673806,0.6037416587438534,0.6042057999938604,0.822610953364064,0.5926409206201495,0.6765184037676111,0.0,0.5412500145111749,-0.24968780407636587,1.5825744261091543
2026-08-18T06:01:10.052+00:00,1787032870.0529234,192682.088865,18.981852900004014,1469,192681.9769198,23.0120999913197,88.85090000694618,3,1,1,4,1,0.0,1,estabilizada,1,1,1,472.25,384.75,0.19610629975795746,0.68145352602005,0.21573440306565433,0.6285001114279092,0.20287315306565434,0.6170556114279092,-1.9627131030341065,0.20401231202671932,0.6182742828493927,-1.9354231709538638,0.0,0.5412500145111749,-0.24968780407636587,1.5825744261091543
2026-08-18T06:01:10.052+00:00,1787032870.0529234,192682.0888786,18.98186650002026,1469,192681.9769198,23.0120999913197,88.85090000694618,10,0,0,4,1,0.0,1,estabilizada,1,1,1,,,,,,,,,,,,,nan,0.5412500145111749,-0.24968780407636587,1.5825744261091543
2026-08-18T06:01:10.193+00:00,1787032870.1933906,192682.2290673,19.122055200015893,1474,192682.144067,2.501900016795844,82.47379999374971,1,0,0,4,1,0.0,1,estabilizada,1,1,1,,,,,,,,,,,,,nan,0.541244357416932,-0.24969626693935032,1.5825677182034585
2026-08-18T06:01:10.193+00:00,1787032870.1933906,192682.229109,19.122096900013275,1474,192682.144067,2.501900016795844,82.47379999374971,2,1,1,4,1,0.0,1,estabilizada,1,1,1,895.75,382.5,0.8763675093650818,0.6718458533287048,0.8573091883034261,0.6194381175521418,0.844447938303426,0.6079936175521419,0.5409155252951402,0.8292912738439044,0.5974892034732939,0.6398603058728974,0.0,0.541244357416932,-0.24969626693935032,1.5825677182034585
2026-08-18T06:01:10.193+00:00,1787032870.1933906,192682.229121,19.122108900017338,1474,192682.144067,2.501900016795844,82.47379999374971,3,1,1,4,1,0.0,1,estabilizada,1,1,1,472.25,384.5,0.19607986509799957,0.6819104552268982,0.21570923321374058,0.6289303495223895,0.2028479832137406,0.6174858495223895,-1.975591832624001,0.20401231202671932,0.6182742828493927,-1.9354231709538638,0.0,0.541244357416932,-0.24969626693935032,1.5825677182034585
2026-08-18T06:01:10.193+00:00,1787032870.1933906,192682.2291314,19.122119300009217,1474,192682.144067,2.501900016795844,82.47379999374971,10,0,0,4,1,0.0,1,estabilizada,1,1,1,,,,,,,,,,,,,nan,0.541244357416932,-0.24969626693935032,1.5825677182034585
2026-08-18T06:01:10.345+00:00,1787032870.3456461,192682.3810936,19.27408150001429,1478,192682.2769102,23.472800006857142,80.68650000495836,1,0,0,4,1,0.0,1,estabilizada,1,1,1,,,,,,,,,,,,,nan,0.5412363147277689,-0.249706211639116,1.5825597089571612
2026-08-18T06:01:10.345+00:00,1787032870.3456461,192682.3811343,19.274122200004058,1478,192682.2769102,23.472800006857142,80.68650000495836,2,1,1,4,1,0.0,1,estabilizada,1,1,1,900.0,381.5,0.8835228085517883,0.6735661029815674,0.8640570125569811,0.6210597060061147,0.851195762556981,0.6096152060061147,0.509250065403161,0.8330350778213962,0.6001213225881697,0.6201791070595969,0.0,0.5412363147277689,-0.249706211639116,1.5825597089571612
2026-08-18T06:01:10.345+00:00,1787032870.3456461,192682.3811468,19.274134700011928,1478,192682.2769102,23.472800006857142,80.68650000495836,3,1,1,4,1,0.0,1,estabilizada,1,1,1,472.25,384.5,0.1960819661617279,0.6819109916687012,0.21571085674647145,0.6289300217734457,0.20284960674647146,0.6174855217734457,-1.975591537060806,0.20401231202671932,0.6182742828493927,-1.9354231709538638,0.0,0.5412363147277689,-0.249706211639116,1.5825597089571612
2026-08-18T06:01:10.345+00:00,1787032870.3456461,192682.3811569,19.274144800001523,1478,192682.2769102,23.472800006857142,80.68650000495836,10,0,0,4,1,0.0,1,estabilizada,1,1,1,,,,,,,,,,,,,nan,0.5412363147277689,-0.249706211639116,1.5825597089571612
2026-08-18T06:01:10.488+00:00,1787032870.4881296,192682.5238898,19.416877700015903,1482,192682.410743,32.318900019163266,80.74559998931363,1,0,0,4,1,0.0,1,estabilizada,1,1,1,,,,,,,,,,,,,nan,0.5412281714236342,-0.24971539284433006,1.5825522730794788
2026-08-18T06:01:10.488+00:00,1787032870.4881296,192682.5239804,19.416968300007284,1482,192682.410743,32.318900019163266,80.74559998931363,2,1,1,4,1,0.0,1,estabilizada,1,1,1,904.0,379.0,0.8905677795410156,0.6780920624732971,0.8707007803490178,0.6253275046137965,0.8578395303490178,0.6138830046137965,0.5092200631529598,0.8398072822810256,0.6040062970598228,0.5803118376816041,0.0,0.5412281714236342,-0.24971539284433006,1.5825522730794788
2026-08-18T06:01:10.488+00:00,1787032870.4881296,192682.5240032,19.41699110000627,1482,192682.410743,32.318900019163266,80.74559998931363,3,1,1,4,1,0.0,1,estabilizada,1,1,1,472.25,384.5,0.19608348608016968,0.6819113492965698,0.21571191934542067,0.628929587986705,0.20285066934542068,0.617485087986705,-1.9755914263288599,0.20401231202671932,0.6182742828493927,-1.9354231709538638,0.0,0.5412281714236342,-0.24971539284433006,1.5825522730794788
2026-08-18T06:01:10.488+00:00,1787032870.4881296,192682.5240284,19.41701629999443,1482,192682.410743,32.318900019163266,80.74559998931363,10,0,0,4,1,0.0,1,estabilizada,1,1,1,,,,,,,,,,,,,nan,0.5412281714236342,-0.24971539284433006,1.5825522730794788
2026-08-18T06:01:10.630+00:00,1787032870.6308427,192682.6665568,19.55954469999415,1487,192682.5762656,11.474000028101727,78.79369999864139,1,0,0,4,1,0.0,1,estabilizada,1,1,1,,,,,,,,,,,,,nan,0.5412212968109358,-0.24972251351730002,1.582545022332632
2026-08-18T06:01:10.630+00:00,1787032870.6308427,192682.6666003,19.559588200005237,1487,192682.5762656,11.474000028101727,78.79369999864139,2,1,1,4,1,0.0,1,estabilizada,1,1,1,909.75,376.0,0.9006085395812988,0.6835077404975891,0.88017003616251,0.6304345440475191,0.86730878616251,0.6189900440475191,0.5683934507863266,0.8444366376885217,0.6064368826248858,0.5674353190329523,0.0,0.5412212968109358,-0.24972251351730002,1.582545022332632
2026-08-18T06:01:10.630+00:00,1787032870.6308427,192682.6666123,19.5596002000093,1487,192682.5762656,11.474000028101727,78.79369999864139,3,1,1,4,1,0.0,1,estabilizada,1,1,1,472.25,384.75,0.19611376523971558,0.6814556121826172,0.21574017548593322,0.6284991211315982,0.20287892548593323,0.6170546211315983,-1.9627133135865686,0.20401231202671932,0.6182742828493927,-1.9354231709538638,0.0,0.5412212968109358,-0.24972251351730002,1.582545022332632
2026-08-18T06:01:10.630+00:00,1787032870.6308427,192682.6666242,19.5596121000126,1487,192682.5762656,11.474000028101727,78.79369999864139,10,0,0,4,1,0.0,1,estabilizada,1,1,1,,,,,,,,,,,,,nan,0.5412212968109358,-0.24972251351730002,1.582545022332632
2026-08-18T06:01:10.777+00:00,1787032870.7772617,192682.8131476,19.706135500018718,1491,192682.713171,22.627799975452945,77.32390001183376,1,0,0,4,1,0.0,1,estabilizada,1,1,1,,,,,,,,,,,,,nan,0.541216790059604,-0.2497296090781767,1.5825371418360565
2026-08-18T06:01:10.777+00:00,1787032870.7772617,192682.8131898,19.706177700019907,1491,192682.713171,22.627799975452945,77.32390001183376,2,1,1,4,1,0.0,1,estabilizada,1,1,1,913.75,373.25,0.9077467918395996,0.6885287165641785,0.886901972916786,0.6351693058587582,0.8740407229167859,0.6237248058587582,0.5784706449058689,0.8533182785248661,0.6113276938898866,0.5590439590564289,0.0,0.541216790059604,-0.2497296090781767,1.5825371418360565
2026-08-18T06:01:10.777+00:00,1787032870.7772617,192682.8132178,19.706205700000282,1491,192682.713171,22.627799975452945,77.32390001183376,3,1,1,4,1,0.0,1,estabilizada,1,1,1,472.25,384.75,0.19611552357673645,0.681456446647644,0.21574167525582016,0.6284992409051668,0.20288042525582017,0.6170547409051669,-1.9627136797311973,0.20401231202671932,0.6182742828493927,-1.9354231709538638,0.0,0.541216790059604,-0.2497296090781767,1.5825371418360565
2026-08-18T06:01:10.777+00:00,1787032870.7772617,192682.813228,19.706215900019743,1491,192682.713171,22.627799975452945,77.32390001183376,10,0,0,4,1,0.0,1,estabilizada,1,1,1,,,,,,,,,,,,,nan,0.541216790059604,-0.2497296090781767,1.5825371418360565
2026-08-18T06:01:10.940+00:00,1787032870.9407978,192682.976075,19.869062900019344,1495,192682.8456349,28.145099990069866,102.19800000777468,1,0,0,4,1,0.0,1,estabilizada,1,1,1,,,,,,,,,,,,,nan,0.5412169692768053,-0.2497340299223551,1.5825317317459924
2026-08-18T06:01:10.940+00:00,1787032870.9407978,192682.9762227,19.869210600008955,1495,192682.8456349,28.145099990069866,102.19800000777468,2,1,1,4,1,0.0,1,estabilizada,1,1,1,918.0,369.75,0.9154725074768066,0.6949657201766968,0.8941882591029444,0.6412397974647968,0.8813270091029444,0.6297952974647968,0.6126128106990356,0.8631967254550936,0.6173451033414666,0.5590439590564289,0.0,0.5412169692768053,-0.2497340299223551,1.5825317317459924
2026-08-18T06:01:10.940+00:00,1787032870.9407978,192682.9762509,19.869238800019957,1495,192682.8456349,28.145099990069866,102.19800000777468,3,1,1,4,1,0.0,1,estabilizada,1,1,1,472.25,384.75,0.19611689448356628,0.681456983089447,0.21574304548473733,0.6284993143805875,0.20288179548473734,0.6170548143805875,-1.9627135021541922,0.20401231202671932,0.6182742828493927,-1.9354231709538638,0.0,0.5412169692768053,-0.2497340299223551,1.5825317317459924
2026-08-18T06:01:10.940+00:00,1787032870.9407978,192682.976273,19.869260900013614,1495,192682.8456349,28.145099990069866,102.19800000777468,10,0,0,4,1,0.0,1,estabilizada,1,1,1,,,,,,,,,,,,,nan,0.5412169692768053,-0.2497340299223551,1.5825317317459924
2026-08-18T06:01:11.137+00:00,1787032871.1379921,192683.1731411,20.06612900001346,1501,192683.0484477,14.45599997532554,110.21240000263788,1,0,0,4,1,0.0,1,estabilizada,1,1,1,,,,,,,,,,,,,nan,0.5412173265851672,-0.24973637308806382,1.5825281167423033
2026-08-18T06:01:11.137+00:00,1787032871.1379921,192683.1731844,20.066172299993923,1501,192683.0484477,14.45599997532554,110.21240000263788,2,1,1,4,1,0.0,1,estabilizada,1,1,1,924.0527954101562,365.031005859375,0.9264663457870483,0.7036702632904053,0.9045568382330569,0.6494490482824227,0.8916955882330568,0.6380045482824227,0.7448219880995478,0.8682629899338217,0.6205741894896042,0.5728594810239775,0.0,0.5412173265851672,-0.24973637308806382,1.5825281167423033
2026-08-18T06:01:11.137+00:00,1787032871.1379921,192683.1731973,20.06618520000484,1501,192683.0484477,14.45599997532554,110.21240000263788,3,1,1,4,1,0.0,1,estabilizada,1,1,1,472.5,384.5,0.1964830905199051,0.6819058060646057,0.2160884807291748,0.6289223581013909,0.2032272307291748,0.6174778581013909,-1.9755919816437828,0.20401231202671932,0.6182742828493927,-1.9354231709538638,0.0,0.5412173265851672,-0.24973637308806382,1.5825281167423033
2026-08-18T06:01:11.137+00:00,1787032871.1379921,192683.173211,20.06619889999274,1501,192683.0484477,14.45599997532554,110.21240000263788,10,0,0,4,1,0.0,1,estabilizada,1,1,1,,,,,,,,,,,,,nan,0.5412173265851672,-0.24973637308806382,1.5825281167423033
2026-08-18T06:01:11.283+00:00,1787032871.283539,192683.3188797,20.21186760001001,1506,192683.2206367,11.511200020322576,86.70519999577664,1,0,0,4,1,0.0,1,estabilizada,1,1,1,,,,,,,,,,,,,nan,0.5412179075510098,-0.24973762994681034,1.5825252590446228
2026-08-18T06:01:11.283+00:00,1787032871.283539,192683.3189201,20.211907999997493,1506,192683.2206367,11.511200020322576,86.70519999577664,2,1,1,4,1,0.0,1,estabilizada,1,1,1,928.5,360.0,0.9349157810211182,0.7130599617958069,0.9125257380124518,0.658304574631151,0.8996644880124518,0.646860074631151,0.8091315944137495,0.8775960590857064,0.62738843847595,0.6218172346613818,0.0,0.5412179075510098,-0.24973762994681034,1.5825252590446228
2026-08-18T06:01:11.283+00:00,1787032871.283539,192683.3189331,20.21192100000917,1506,192683.2206367,11.511200020322576,86.70519999577664,3,1,1,4,1,0.0,1,estabilizada,1,1,1,472.5,384.5,0.19648416340351105,0.6819066405296326,0.2160895610399478,0.6289229779538458,0.20322831103994782,0.6174784779538458,-1.9755915378895406,0.20401231202671932,0.6182742828493927,-1.9354231709538638,0.0,0.5412179075510098,-0.24973762994681034,1.5825252590446228
2026-08-18T06:01:11.283+00:00,1787032871.283539,192683.3189582,20.211946099996567,1506,192683.2206367,11.511200020322576,86.70519999577664,10,0,0,4,1,0.0,1,estabilizada,1,1,1,,,,,,,,,,,,,nan,0.5412179075510098,-0.24973762994681034,1.5825252590446228
2026-08-18T06:01:11.430+00:00,1787032871.430675,192683.4660648,20.359052700019674,1511,192683.383559,3.425200004130602,79.05589998699725,1,0,0,4,1,0.0,1,estabilizada,1,1,1,,,,,,,,,,,,,nan,0.5412190000653938,-0.2497406144950445,1.5825212850169503
2026-08-18T06:01:11.430+00:00,1787032871.430675,192683.4661072,20.359095099993283,1511,192683.383559,3.425200004130602,79.05589998699725,2,1,1,4,1,0.0,1,estabilizada,1,1,1,931.5,356.25,0.9407174587249756,0.7200994491577148,0.9179974728266644,0.6649434101488535,0.9051362228266644,0.6534989101488535,0.9546694944661579,0.8889216023161889,0.6370976054449926,0.7027450380561184,0.0,0.5412190000653938,-0.2497406144950445,1.5825212850169503
2026-08-18T06:01:11.430+00:00,1787032871.430675,192683.4661191,20.359106999996584,1511,192683.383559,3.425200004130602,79.05589998699725,3,1,1,4,1,0.0,1,estabilizada,1,1,1,472.5,384.5,0.19648535549640656,0.6819078326225281,0.21609079670276388,0.6289237994632626,0.20322954670276389,0.6174792994632626,-1.9755925735908182,0.20401231202671932,0.6182742828493927,-1.9354231709538638,0.0,0.5412190000653938,-0.2497406144950445,1.5825212850169503
2026-08-18T06:01:11.430+00:00,1787032871.430675,192683.4661291,20.35911700001452,1511,192683.383559,3.425200004130602,79.05589998699725,10,0,0,4,1,0.0,1,estabilizada,1,1,1,,,,,,,,,,,,,nan,0.5412190000653938,-0.2497406144950445,1.5825212850169503
2026-08-18T06:01:11.574+00:00,1787032871.574539,192683.6099762,20.50296410001465,1515,192683.5099702,18.17200001096353,81.81010000407696,1,0,0,4,1,0.0,1,estabilizada,1,1,1,,,,,,,,,,,,,nan,0.5412211257656472,-0.24974606679322553,1.582515905398037
2026-08-18T06:01:11.574+00:00,1787032871.574539,192683.6100174,20.503005300008226,1515,192683.5099702,18.17200001096353,81.81010000407696,2,1,1,4,1,0.0,1,estabilizada,1,1,1,933.75,353.5,0.9450688362121582,0.7252769470214844,0.9221014247528438,0.6698259585391586,0.9092401747528438,0.6583814585391586,0.9546825846237923,0.8933565139286519,0.6414736268300241,0.7462367555529998,0.0,0.5412211257656472,-0.24974606679322553,1.582515905398037
2026-08-18T06:01:11.574+00:00,1787032871.574539,192683.6100296,20.50301750001381,1515,192683.5099702,18.17200001096353,81.81010000407696,3,1,1,4,1,0.0,1,estabilizada,1,1,1,472.5,384.5,0.19648662209510803,0.6819092631340027,0.21609217880674486,0.6289246584248571,0.20323092880674487,0.6174801584248572,-1.9192182944223655,0.20401231202671932,0.6182742828493927,-1.9354231709538638,0.0,0.5412211257656472,-0.24974606679322553,1.582515905398037
2026-08-18T06:01:11.574+00:00,1787032871.574539,192683.6100399,20.50302780000493,1515,192683.5099702,18.17200001096353,81.81010000407696,10,0,0,4,1,0.0,1,estabilizada,1,1,1,,,,,,,,,,,,,nan,0.5412211257656472,-0.24974606679322553,1.582515905398037
2026-08-18T06:01:11.715+00:00,1787032871.715271,192683.7509314,20.643919299996924,1519,192683.6530395,14.10490000853315,83.7619999947492,1,0,0,4,1,0.0,1,estabilizada,1,1,1,,,,,,,,,,,,,nan,0.5412242390070043,-0.24975182996628567,1.5825101796315586
2026-08-18T06:01:11.715+00:00,1787032871.715271,192683.7509715,20.643959400011227,1519,192683.6530395,14.10490000853315,83.7619999947492,2,1,1,4,1,0.0,1,estabilizada,1,1,1,936.0,349.5,0.9497116208076477,0.7328638434410095,0.9264802603808748,0.6769808470818669,0.9136190103808748,0.6655363470818669,1.0035051759312597,0.8998267687043022,0.648263964604297,0.8269179330685884,0.0,0.5412242390070043,-0.24975182996628567,1.5825101796315586
2026-08-18T06:01:11.715+00:00,1787032871.715271,192683.7509831,20.643971000012243,1519,192683.6530395,14.10490000853315,83.7619999947492,3,1,1,4,1,0.0,1,estabilizada,1,1,1,472.5,384.75,0.1965162307024002,0.6814544796943665,0.21612035151420905,0.6284952198120881,0.20325910151420906,0.6170507198120881,-1.9336208232864895,0.20401231202671932,0.6182742828493927,-1.9354231709538638,0.0,0.5412242390070043,-0.24975182996628567,1.5825101796315586
2026-08-18T06:01:11.715+00:00,1787032871.715271,192683.7509931,20.643981000001077,1519,192683.6530395,14.10490000853315,83.7619999947492,10,0,0,4,1,0.0,1,estabilizada,1,1,1,,,,,,,,,,,,,nan,0.5412242390070043,-0.24975182996628567,1.5825101796315586
2026-08-18T06:01:11.865+00:00,1787032871.865078,192683.9009615,20.793949400016572,1523,192683.7974843,18.885500001488253,84.56779998959973,1,0,0,4,1,0.0,1,estabilizada,1,1,1,,,,,,,,,,,,,nan,0.5412288284416409,-0.2497543460698393,1.5825069299618943
2026-08-18T06:01:11.865+00:00,1787032871.865078,192683.901004,20.793991900020046,1523,192683.7974843,18.885500001488253,84.56779998959973,2,1,1,4,1,0.0,1,estabilizada,1,1,1,938.5,345.5,0.9547901749610901,0.7404724955558777,0.9312702013786385,0.6841565236893529,0.9184089513786384,0.6727120236893529,0.9381981073103642,0.9062276770885836,0.656279988424775,0.8819368865106825,0.0,0.5412288284416409,-0.2497543460698393,1.5825069299618943
2026-08-18T06:01:11.865+00:00,1787032871.865078,192683.9010163,20.79400419999729,1523,192683.7974843,18.885500001488253,84.56779998959973,3,1,1,4,1,0.0,1,estabilizada,1,1,1,472.25,384.75,0.1961231231689453,0.681463897228241,0.21574990197571525,0.6285038499070925,0.20288865197571526,0.6170593499070925,-1.9627146948628533,0.20401231202671932,0.6182742828493927,-1.9354231709538638,0.0,0.5412288284416409,-0.2497543460698393,1.5825069299618943
2026-08-18T06:01:11.865+00:00,1787032871.865078,192683.901027,20.794014900020557,1523,192683.7974843,18.885500001488253,84.56779998959973,10,0,0,4,1,0.0,1,estabilizada,1,1,1,,,,,,,,,,,,,nan,0.5412288284416409,-0.2497543460698393,1.5825069299618943
2026-08-18T06:01:12.025+00:00,1787032872.0253153,192684.0610348,20.95402269999613,1527,192683.9391623,32.39959999336861,89.44959999644198,1,0,0,4,1,0.0,1,estabilizada,1,1,1,,,,,,,,,,,,,nan,0.5412385875016655,-0.24975634445317904,1.5825053120464112
2026-08-18T06:01:12.025+00:00,1787032872.0253153,192684.0610764,20.95406429999275,1527,192683.9391623,32.39959999336861,89.44959999644198,2,1,1,4,1,0.0,1,estabilizada,1,1,1,940.5,342.0,0.9589359760284424,0.7471597790718079,0.9351807540514641,0.6904633178123984,0.922319504051464,0.6790188178123985,0.9627667975153241,0.9145372605370135,0.66773084695253,0.9314075421025989,0.0,0.5412385875016655,-0.24975634445317904,1.5825053120464112
2026-08-18T06:01:12.025+00:00,1787032872.0253153,192684.0611054,20.954093300009845,1527,192683.9391623,32.39959999336861,89.44959999644198,3,1,1,4,1,0.0,1,estabilizada,1,1,1,472.25,384.5,0.19609513878822327,0.6819220781326294,0.215724084200129,0.6289358054203494,0.20286283420012902,0.6174913054203495,-1.9475258695876014,0.20401231202671932,0.6182742828493927,-1.9354231709538638,0.0,0.5412385875016655,-0.24975634445317904,1.5825053120464112
2026-08-18T06:01:12.025+00:00,1787032872.0253153,192684.0611157,20.954103600000963,1527,192683.9391623,32.39959999336861,89.44959999644198,10,0,0,4,1,0.0,1,estabilizada,1,1,1,,,,,,,,,,,,,nan,0.5412385875016655,-0.24975634445317904,1.5825053120464112
2026-08-18T06:01:12.173+00:00,1787032872.1733284,192684.209628,21.102615900017554,1533,192684.1098686,17.45620000292547,82.276200002525,1,0,0,4,1,0.0,1,estabilizada,1,1,1,,,,,,,,,,,,,nan,0.5412476164232705,-0.24975730055931564,1.5825042612938318
2026-08-18T06:01:12.173+00:00,1787032872.1733284,192684.2096666,21.102654500020435,1533,192684.1098686,17.45620000292547,82.276200002525,2,1,1,4,1,0.0,1,estabilizada,1,1,1,944.25,338.75,0.9659757018089294,0.7533333897590637,0.9418206150773103,0.696285731603095,0.9289593650773103,0.6848412316030951,0.9205482985489036,0.9207338733904731,0.675773948459807,0.9314075421025989,0.0,0.5412476164232705,-0.24975730055931564,1.5825042612938318
2026-08-18T06:01:12.173+00:00,1787032872.1733284,192684.2096787,21.102666599996155,1533,192684.1098686,17.45620000292547,82.276200002525,3,1,1,4,1,0.0,1,estabilizada,1,1,1,472.5,384.75,0.19651803374290466,0.6814597249031067,0.21612345484671064,0.62849965753299,0.20326220484671065,0.61705515753299,-1.9336212351442381,0.20401231202671932,0.6182742828493927,-1.9354231709538638,0.0,0.5412476164232705,-0.24975730055931564,1.5825042612938318
2026-08-18T06:01:12.173+00:00,1787032872.1733284,192684.2096892,21.1026771000179,1533,192684.1098686,17.45620000292547,82.276200002525,10,0,0,4,1,0.0,1,estabilizada,1,1,1,,,,,,,,,,,,,nan,0.5412476164232705,-0.24975730055931564,1.5825042612938318
2026-08-18T06:01:12.319+00:00,1787032872.3199027,192684.3558457,21.248833599995123,1537,192684.2570249,10.709800000768155,88.08690001023933,1,0,0,4,1,0.0,1,estabilizada,1,1,1,,,,,,,,,,,,,nan,0.5412548286252218,-0.24975797130393834,1.5825022886607283
2026-08-18T06:01:12.319+00:00,1787032872.3199027,192684.3558873,21.248875199991744,1537,192684.2570249,10.709800000768155,88.08690001023933,2,1,1,4,1,0.0,1,estabilizada,1,1,1,947.5,335.5,0.9721977114677429,0.75954270362854,0.9476891469407048,0.7021418003914279,0.9348278969407049,0.690697300391428,0.8909674163303611,0.9266822721684652,0.6822813640702872,0.9116331518361456,0.0,0.5412548286252218,-0.24975797130393834,1.5825022886607283
2026-08-18T06:01:12.319+00:00,1787032872.3199027,192684.355899,21.248886899993522,1537,192684.2570249,10.709800000768155,88.08690001023933,3,1,1,4,1,0.0,1,estabilizada,1,1,1,472.25,384.5,0.19609655439853668,0.6819263696670532,0.21572638046766124,0.6289396591338554,0.20286513046766125,0.6174951591338554,-1.975592944067238,0.20401231202671932,0.6182742828493927,-1.9354231709538638,0.0,0.5412548286252218,-0.24975797130393834,1.5825022886607283
2026-08-18T06:01:12.319+00:00,1787032872.3199027,192684.3559095,21.248897400015267,1537,192684.2570249,10.709800000768155,88.08690001023933,10,0,0,4,1,0.0,1,estabilizada,1,1,1,,,,,,,,,,,,,nan,0.5412548286252218,-0.24975797130393834,1.5825022886607283
2026-08-18T06:01:12.485+00:00,1787032872.4859412,192684.5218214,21.414809300011257,1542,192684.4114893,13.447700010146946,96.85840000747703,1,0,0,4,1,0.0,1,estabilizada,1,1,1,,,,,,,,,,,,,nan,0.5412568061629691,-0.2497588298755477,1.5825001374164915
2026-08-18T06:01:12.485+00:00,1787032872.4859412,192684.5218641,21.414852000016253,1542,192684.4114893,13.447700010146946,96.85840000747703,2,1,1,4,1,0.0,1,estabilizada,1,1,1,949.75,332.5,0.976696252822876,0.7653146982192993,0.9519319262532933,0.7075854030562163,0.9390706762532932,0.6961409030562163,0.7896366983176043,0.9285778673774804,0.6841365301721267,0.9013351400060512,0.0,0.5412568061629691,-0.2497588298755477,1.5825001374164915
2026-08-18T06:01:12.485+00:00,1787032872.4859412,192684.521891,21.414878900017357,1542,192684.4114893,13.447700010146946,96.85840000747703,3,1,1,4,1,0.0,1,estabilizada,1,1,1,472.25,384.5,0.1960977017879486,0.681928277015686,0.21572760175400224,0.6289413371490626,0.20286635175400225,0.6174968371490627,-1.9755942386841978,0.20401231202671932,0.6182742828493927,-1.9354231709538638,0.0,0.5412568061629691,-0.2497588298755477,1.5825001374164915
2026-08-18T06:01:12.485+00:00,1787032872.4859412,192684.5219034,21.41489129999536,1542,192684.4114893,13.447700010146946,96.85840000747703,10,0,0,4,1,0.0,1,estabilizada,1,1,1,,,,,,,,,,,,,nan,0.5412568061629691,-0.2497588298755477,1.5825001374164915
2026-08-18T06:01:12.644+00:00,1787032872.6460178,192684.6810911,21.574079000012716,1546,192684.56404,23.07460000156425,93.89980000560172,1,0,0,4,1,0.0,1,estabilizada,1,1,1,,,,,,,,,,,,,nan,0.5412564452183402,-0.24976053982903995,1.5824973056589244
2026-08-18T06:01:12.646+00:00,1787032872.6460178,192684.6811965,21.574184400000377,1546,192684.56404,23.07460000156425,93.89980000560172,2,1,1,4,1,0.0,1,estabilizada,1,1,1,952.25,330.0,0.9815094470977783,0.770119845867157,0.9564713190532877,0.7121170711487264,0.9436100690532878,0.7006725711487264,0.7676573569084738,0.9322508819575015,0.6881735584643238,0.871596509343479,0.0,0.5412564452183402,-0.24976053982903995,1.5824973056589244
2026-08-18T06:01:12.646+00:00,1787032872.6460178,192684.6812131,21.574201000010362,1546,192684.56404,23.07460000156425,93.89980000560172,3,1,1,4,1,0.0,1,estabilizada,1,1,1,472.25,384.5,0.19609889388084412,0.6819302439689636,0.21572874064853897,0.6289430001727374,0.20286749064853898,0.6174985001727374,-1.9755948306229671,0.20401231202671932,0.6182742828493927,-1.9354231709538638,0.0,0.5412564452183402,-0.24976053982903995,1.5824973056589244
2026-08-18T06:01:12.646+00:00,1787032872.6460178,192684.6812277,21.574215600005118,1546,192684.56404,23.07460000156425,93.89980000560172,10,0,0,4,1,0.0,1,estabilizada,1,1,1,,,,,,,,,,,,,nan,0.5412564452183402,-0.24976053982903995,1.5824973056589244
2026-08-18T06:01:12.813+00:00,1787032872.813066,192684.8489207,21.741908600000897,1552,192684.7470845,6.24789998983033,95.56400001747534,1,0,0,4,1,0.0,1,estabilizada,1,1,1,,,,,,,,,,,,,nan,0.5412575319447271,-0.24976307547705787,1.5824943686565438
2026-08-18T06:01:12.813+00:00,1787032872.813066,192684.8489632,21.74195110000437,1552,192684.7470845,6.24789998983033,95.56400001747534,2,1,1,4,1,0.0,1,estabilizada,1,1,1,957.25,326.25,0.990865170955658,0.7773131728172302,0.9652949772712809,0.7189010456227681,0.9524337272712808,0.7074565456227682,0.7464754010188999,0.9371881203317964,0.6936062187899137,0.8343265242569448,0.0,0.5412575319447271,-0.24976307547705787,1.5824943686565438
2026-08-18T06:01:12.813+00:00,1787032872.813066,192684.8489748,21.741962700005388,1552,192684.7470845,6.24789998983033,95.56400001747534,3,1,1,4,1,0.0,1,estabilizada,1,1,1,472.25,384.75,0.19612857699394226,0.6814759373664856,0.21575683385272676,0.6285142884558037,0.20289558385272677,0.6170697884558037,-1.9627177905560327,0.20401231202671932,0.6182742828493927,-1.9354231709538638,0.0,0.5412575319447271,-0.24976307547705787,1.5824943686565438
2026-08-18T06:01:12.813+00:00,1787032872.813066,192684.8489924,21.741980299993884,1552,192684.7470845,6.24789998983033,95.56400001747534,10,0,0,4,1,0.0,1,estabilizada,1,1,1,,,,,,,,,,,,,nan,0.5412575319447271,-0.24976307547705787,1.5824943686565438
2026-08-18T06:01:12.998+00:00,1787032872.9985185,192685.0336414,21.92662929999642,1556,192684.8765543,48.06770000141114,108.93080002279021,1,0,0,4,1,0.0,1,estabilizada,1,1,1,,,,,,,,,,,,,nan,0.5412592802622516,-0.249764625561638,1.5824926211342334
2026-08-18T06:01:12.998+00:00,1787032872.9985185,192685.0339797,21.926967600011267,1556,192684.8765543,48.06770000141114,108.93080002279021,2,1,1,4,1,0.0,1,estabilizada,1,1,1,961.0,324.25,0.9977033734321594,0.7811304330825806,0.9717443466179629,0.7225010568448067,0.9588830966179629,0.7110565568448067,0.7460985341153372,0.9439981376258171,0.6997017177707028,0.7964969580238626,0.0,0.5412592802622516,-0.249764625561638,1.5824926211342334
2026-08-18T06:01:12.998+00:00,1787032872.9985185,192685.0340283,21.92701620000298,1556,192684.8765543,48.06770000141114,108.93080002279021,3,1,1,4,1,0.0,1,estabilizada,1,1,1,472.25,384.75,0.19612932205200195,0.6814778447151184,0.21575765764364557,0.628515940687511,0.20289640764364558,0.6170714406875111,-1.962718606125622,0.20401231202671932,0.6182742828493927,-1.9354231709538638,0.0,0.5412592802622516,-0.249764625561638,1.5824926211342334
2026-08-18T06:01:12.998+00:00,1787032872.9985185,192685.0340589,21.927046800003154,1556,192684.8765543,48.06770000141114,108.93080002279021,10,0,0,4,1,0.0,1,estabilizada,1,1,1,,,,,,,,,,,,,nan,0.5412592802622516,-0.249764625561638,1.5824926211342334
2026-08-18T06:01:13.165+00:00,1787032873.1654093,192685.2007746,22.09376250000787,1563,192685.1111665,7.3970000084955245,82.18759999726899,1,0,0,4,1,0.0,1,estabilizada,1,1,1,,,,,,,,,,,,,nan,0.541258505639691,-0.24976364705584936,1.582493050083587
2026-08-18T06:01:13.165+00:00,1787032873.1654093,192685.2008161,22.09380400000373,1563,192685.1111665,7.3970000084955245,82.18759999726899,2,1,1,4,1,0.0,1,estabilizada,1,1,1,967.25,318.5,1.0097509622573853,0.7922779321670532,0.9831067244875161,0.7330146436963028,0.9702454744875162,0.7215701436963028,0.7887325549922187,0.9561501878506309,0.7098036666429302,0.784490572992035,0.0,0.541258505639691,-0.24976364705584936,1.582493050083587
2026-08-18T06:01:13.165+00:00,1787032873.1654093,192685.200828,22.09381590000703,1563,192685.1111665,7.3970000084955245,82.18759999726899,3,1,1,4,1,0.0,1,estabilizada,1,1,1,472.25,384.5,0.1961016058921814,0.6819360852241516,0.21573146839024104,0.6289481900161624,0.20287021839024105,0.6175036900161625,-1.9475309241197916,0.20401231202671932,0.6182742828493927,-1.9354231709538638,0.0,0.541258505639691,-0.24976364705584936,1.582493050083587
2026-08-18T06:01:13.165+00:00,1787032873.1654093,192685.2008379,22.093825799995102,1563,192685.1111665,7.3970000084955245,82.18759999726899,10,0,0,4,1,0.0,1,estabilizada,1,1,1,,,,,,,,,,,,,nan,0.541258505639691,-0.24976364705584936,1.582493050083587
2026-08-18T06:01:13.320+00:00,1787032873.3201206,192685.355861,22.24884889999521,1567,192685.2497289,18.684200011193752,87.42509997682646,1,0,0,4,1,0.0,1,estabilizada,1,1,1,,,,,,,,,,,,,nan,0.54125800205012,-0.249761880648046,1.5824938894641942
2026-08-18T06:01:13.320+00:00,1787032873.3201206,192685.3559032,22.2488910999964,1567,192685.2497289,18.684200011193752,87.42509997682646,2,1,1,4,1,0.0,1,estabilizada,1,1,1,970.25,315.0,1.015750765800476,0.7991189360618591,0.9887652911507185,0.739466716149747,0.9759040411507185,0.728022216149747,0.8526611284688471,0.9597591680846451,0.7129062119984602,0.784490572992035,0.0,0.54125800205012,-0.249761880648046,1.5824938894641942
2026-08-18T06:01:13.320+00:00,1787032873.3201206,192685.3559164,22.2489043000096,1567,192685.2497289,18.684200011193752,87.42509997682646,3,1,1,4,1,0.0,1,estabilizada,1,1,1,472.5,384.5,0.19649621844291687,0.6819302439689636,0.2161035993820964,0.6289428095315883,0.2032423493820964,0.6174983095315884,-1.9755982340440899,0.20401231202671932,0.6182742828493927,-1.9354231709538638,0.0,0.54125800205012,-0.249761880648046,1.5824938894641942
2026-08-18T06:01:13.320+00:00,1787032873.3201206,192685.3559461,22.24893400000292,1567,192685.2497289,18.684200011193752,87.42509997682646,10,0,0,4,1,0.0,1,estabilizada,1,1,1,,,,,,,,,,,,,nan,0.54125800205012,-0.249761880648046,1.5824938894641942
2026-08-18T06:01:13.471+00:00,1787032873.4719162,192685.5082463,22.401234200020554,1572,192685.4123785,10.763099999167025,85.08019999135286,1,0,0,4,1,0.0,1,estabilizada,1,1,1,,,,,,,,,,,,,nan,0.541257729327623,-0.24975940813490183,1.5824950928907315
2026-08-18T06:01:13.471+00:00,1787032873.4719162,192685.5082885,22.40127639999264,1572,192685.4123785,10.763099999167025,85.08019999135286,2,1,1,4,1,0.0,1,estabilizada,1,1,1,973.6109008789062,309.8486633300781,1.022820234298706,0.8092601895332336,0.9954327083328419,0.7490314000612696,0.982571458332842,0.7375869000612696,0.9250740919880218,0.9623070305461601,0.7150161673755576,0.7962805643273767,0.0,0.541257729327623,-0.24975940813490183,1.5824950928907315
2026-08-18T06:01:13.471+00:00,1787032873.4719162,192685.5083155,22.401303399994504,1572,192685.4123785,10.763099999167025,85.08019999135286,3,1,1,4,1,0.0,1,estabilizada,1,1,1,472.5,384.5,0.1964971274137497,0.6819326281547546,0.2161044262367553,0.6289452390356536,0.2032431762367553,0.6175007390356536,-1.9755997875677034,0.20401231202671932,0.6182742828493927,-1.9354231709538638,0.0,0.541257729327623,-0.24975940813490183,1.5824950928907315
2026-08-18T06:01:13.471+00:00,1787032873.4719162,192685.5083259,22.401313800015487,1572,192685.4123785,10.763099999167025,85.08019999135286,10,0,0,4,1,0.0,1,estabilizada,1,1,1,,,,,,,,,,,,,nan,0.541257729327623,-0.24975940813490183,1.5824950928907315
2026-08-18T06:01:13.633+00:00,1787032873.6330073,192685.6689749,22.561962800013134,1577,192685.5795911,1.352999999653548,87.99390000058338,1,0,0,4,1,0.0,1,estabilizada,1,1,1,,,,,,,,,,,,,nan,0.5412582236397443,-0.24975476449335085,1.5824977404866536
2026-08-18T06:01:13.633+00:00,1787032873.6330073,192685.6690565,22.562044399994193,1577,192685.5795911,1.352999999653548,87.99390000058338,2,1,1,4,1,0.0,1,estabilizada,1,1,1,976.75,305.0,1.0294655561447144,0.8188532590866089,1.0017001705764952,0.7580792562797418,0.9888389205764951,0.7466347562797419,1.0039719560970133,0.9805840180312577,0.7365867370016242,0.8884510219066267,0.0,0.5412582236397443,-0.24975476449335085,1.5824977404866536
2026-08-18T06:01:13.634+00:00,1787032873.634011,192685.6693094,22.562297299999045,1577,192685.5795911,1.352999999653548,87.99390000058338,3,1,1,4,1,0.0,1,estabilizada,1,1,1,472.75,384.5,0.1968916803598404,0.6819266676902771,0.21647653542930823,0.6289399702996442,0.20361528542930823,0.6174954702996442,-1.9478850041550315,0.20401231202671932,0.6182742828493927,-1.9354231709538638,0.0,0.5412582236397443,-0.24975476449335085,1.5824977404866536
2026-08-18T06:01:13.634+00:00,1787032873.634011,192685.6693534,22.56234130001394,1577,192685.5795911,1.352999999653548,87.99390000058338,10,0,0,4,1,0.0,1,estabilizada,1,1,1,,,,,,,,,,,,,nan,0.5412582236397443,-0.24975476449335085,1.5824977404866536
2026-08-18T06:01:13.778+00:00,1787032873.7783275,192685.8138956,22.706883500010008,1581,192685.7120751,21.10410001478158,80.69080000859685,1,0,0,4,1,0.0,1,estabilizada,1,1,1,,,,,,,,,,,,,nan,0.5412580721379951,-0.24974997967385967,1.5825002785940852
2026-08-18T06:01:13.778+00:00,1787032873.7783275,192685.8139449,22.706932800007053,1581,192685.7120751,21.10410001478158,80.69080000859685,2,1,1,4,1,0.0,1,estabilizada,1,1,1,979.25,300.5,1.034952998161316,0.82780921459198,1.006875566553169,0.7665262380290409,0.994014316553169,0.7550817380290409,1.0375020971983555,0.982912062732363,0.7395671472852225,0.9150293126557223,0.0,0.5412580721379951,-0.24974997967385967,1.5825002785940852
2026-08-18T06:01:13.778+00:00,1787032873.7783275,192685.8139579,22.70694580001873,1581,192685.7120751,21.10410001478158,80.69080000859685,3,1,1,4,1,0.0,1,estabilizada,1,1,1,472.75,384.5,0.196892648935318,0.6819287538528442,0.216477408892375,0.6289422949234986,0.203616158892375,0.6174977949234987,-1.9478861731287558,0.20401231202671932,0.6182742828493927,-1.9354231709538638,0.0,0.5412580721379951,-0.24974997967385967,1.5825002785940852
2026-08-18T06:01:13.778+00:00,1787032873.7783275,192685.813983,22.706970900006127,1581,192685.7120751,21.10410001478158,80.69080000859685,10,0,0,4,1,0.0,1,estabilizada,1,1,1,,,,,,,,,,,,,nan,0.5412580721379951,-0.24974997967385967,1.5825002785940852
2026-08-18T06:01:13.923+00:00,1787032873.9239805,192685.9592578,22.852245699992636,1586,192685.8754227,3.988800017395988,79.81840000138618,1,0,0,4,1,0.0,1,estabilizada,1,1,1,,,,,,,,,,,,,nan,0.5412566204220084,-0.24974255528386943,1.5825034378955904
2026-08-18T06:01:13.923+00:00,1787032873.9239805,192685.9593029,22.852290800015908,1586,192685.8754227,3.988800017395988,79.81840000138618,2,1,1,4,1,0.0,1,estabilizada,1,1,1,979.25,297.75,1.035695195198059,0.8333432674407959,1.0075755269153666,0.7717461032824384,0.9947142769153665,0.7603016032824385,1.1421685760319817,0.9845359813803,0.7416461210419295,0.9437921609567025,0.0,0.5412566204220084,-0.24974255528386943,1.5825034378955904
2026-08-18T06:01:13.923+00:00,1787032873.9239805,192685.9593176,22.852305500011425,1586,192685.8754227,3.988800017395988,79.81840000138618,3,1,1,4,1,0.0,1,estabilizada,1,1,1,472.75,384.75,0.19692207872867584,0.6814742684364319,0.21650504329626663,0.6285141849839265,0.20364379329626664,0.6170696849839266,-1.9630726171905037,0.20401231202671932,0.6182742828493927,-1.9354231709538638,0.0,0.5412566204220084,-0.24974255528386943,1.5825034378955904
2026-08-18T06:01:13.923+00:00,1787032873.9239805,192685.9593307,22.85231859999476,1586,192685.8754227,3.988800017395988,79.81840000138618,10,0,0,4,1,0.0,1,estabilizada,1,1,1,,,,,,,,,,,,,nan,0.5412566204220084,-0.24974255528386943,1.5825034378955904
2026-08-18T06:01:14.088+00:00,1787032874.0882676,192686.1240114,23.016999300016323,1590,192686.0204133,10.652299999492243,92.90760001749732,1,0,0,4,1,0.0,1,estabilizada,1,1,1,,,,,,,,,,,,,nan,0.541252396401003,-0.24973320984594394,1.5825073301974
2026-08-18T06:01:14.088+00:00,1787032874.0882676,192686.1241545,23.01714240000001,1590,192686.0204133,10.652299999492243,92.90760001749732,2,1,1,4,1,0.0,1,estabilizada,1,1,1,979.75,295.5,1.037163257598877,0.8378687500953674,1.0089599269373746,0.7760148967027842,0.9960986769373745,0.7645703967027843,1.198015865742968,0.9889703070207798,0.7490266802907372,1.0034344052631579,0.0,0.541252396401003,-0.24973320984594394,1.5825073301974
2026-08-18T06:01:14.088+00:00,1787032874.0882676,192686.1241819,23.017169800004922,1590,192686.0204133,10.652299999492243,92.90760001749732,3,1,1,4,1,0.0,1,estabilizada,1,1,1,472.75,384.5,0.19689442217350006,0.6819322109222412,0.21647867122504116,0.6289467452191045,0.20361742122504117,0.6175022452191046,-1.9478893943705482,0.20401231202671932,0.6182742828493927,-1.9354231709538638,0.0,0.541252396401003,-0.24973320984594394,1.5825073301974
2026-08-18T06:01:14.088+00:00,1787032874.0882676,192686.124197,23.017184900003485,1590,192686.0204133,10.652299999492243,92.90760001749732,10,0,0,4,1,0.0,1,estabilizada,1,1,1,,,,,,,,,,,,,nan,0.541252396401003,-0.24973320984594394,1.5825073301974
2026-08-18T06:01:14.233+00:00,1787032874.2330356,192686.2686094,23.16159730000072,1595,192686.1757999,9.124800009885803,83.65929999854416,1,0,0,4,1,0.0,1,estabilizada,1,1,1,,,,,,,,,,,,,nan,0.5412474941776917,-0.2497224283795094,1.582512896452176
2026-08-18T06:01:14.233+00:00,1787032874.2330356,192686.2686538,23.161641700018663,1595,192686.1757999,9.124800009885803,83.65929999854416,2,1,1,4,1,0.0,1,estabilizada,1,1,1,980.75,293.25,1.0394951105117798,0.8423905968666077,1.0111589841076287,0.7802804096494882,0.9982977341076287,0.7688359096494882,1.2344534491522476,0.9921785371020475,0.7558095429164262,1.0698368132875633,0.0,0.5412474941776917,-0.2497224283795094,1.582512896452176
2026-08-18T06:01:14.233+00:00,1787032874.2330356,192686.2686657,23.16165359999286,1595,192686.1757999,9.124800009885803,83.65929999854416,3,1,1,4,1,0.0,1,estabilizada,1,1,1,472.25,384.75,0.19613611698150635,0.6814931631088257,0.21576314436137156,0.628533466273595,0.20290189436137157,0.617088966273595,-1.979084070231039,0.20401231202671932,0.6182742828493927,-1.9354231709538638,0.0,0.5412474941776917,-0.2497224283795094,1.582512896452176
2026-08-18T06:01:14.233+00:00,1787032874.2330356,192686.2686762,23.161664100014605,1595,192686.1757999,9.124800009885803,83.65929999854416,10,0,0,4,1,0.0,1,estabilizada,1,1,1,,,,,,,,,,,,,nan,0.5412474941776917,-0.2497224283795094,1.582512896452176
2026-08-18T06:01:14.380+00:00,1787032874.3802695,192686.4162436,23.309231499995803,1599,192686.3117006,18.743099994026124,85.77450001030229,1,0,0,4,1,0.0,1,estabilizada,1,1,1,,,,,,,,,,,,,nan,0.5412435533516163,-0.24971186914919702,1.5825183189214924
2026-08-18T06:01:14.380+00:00,1787032874.3802695,192686.4162884,23.30927630001679,1599,192686.3117006,18.743099994026124,85.77450001030229,2,1,1,4,1,0.0,1,estabilizada,1,1,1,980.5,292.0,1.0394054651260376,0.8449285626411438,1.011074309951636,0.7826748511464978,0.9982130599516359,0.7712303511464979,1.249477143729993,0.9946902701522911,0.7610714238767086,1.126522071291232,0.0,0.5412435533516163,-0.24971186914919702,1.5825183189214924
2026-08-18T06:01:14.380+00:00,1787032874.3812604,192686.4163017,23.309289600001648,1599,192686.3117006,18.743099994026124,85.77450001030229,3,1,1,4,1,0.0,1,estabilizada,1,1,1,472.25,384.75,0.19613629579544067,0.6814941167831421,0.2157630216340543,0.6285351476945396,0.20290177163405432,0.6170906476945396,-1.9627293970025228,0.20401231202671932,0.6182742828493927,-1.9354231709538638,0.0,0.5412435533516163,-0.24971186914919702,1.5825183189214924
2026-08-18T06:01:14.381+00:00,1787032874.3812604,192686.4163143,23.30930220001028,1599,192686.3117006,18.743099994026124,85.77450001030229,10,0,0,4,1,0.0,1,estabilizada,1,1,1,,,,,,,,,,,,,nan,0.5412435533516163,-0.24971186914919702,1.5825183189214924
2026-08-18T06:01:14.535+00:00,1787032874.5356405,192686.5711654,23.464153300010366,1604,192686.4758008,9.96680001844652,85.35009998013265,1,0,0,4,1,0.0,1,estabilizada,1,1,1,,,,,,,,,,,,,nan,0.5412355813781741,-0.24969885149699447,1.5825245392083673
2026-08-18T06:01:14.535+00:00,1787032874.5356405,192686.5712316,23.46421950001968,1604,192686.4758008,9.96680001844652,85.35009998013265,2,1,1,4,1,0.0,1,estabilizada,1,1,1,981.5,290.75,1.0414692163467407,0.8474368453025818,1.0130203512380251,0.7850414698973094,1.000159101238025,0.7735969698973094,1.256351190139704,0.9961107804111707,0.7651145156695801,1.1687732969294664,0.0,0.5412355813781741,-0.24969885149699447,1.5825245392083673
2026-08-18T06:01:14.535+00:00,1787032874.5356405,192686.5712511,23.46423899999354,1604,192686.4758008,9.96680001844652,85.35009998013265,3,1,1,4,1,0.0,1,estabilizada,1,1,1,472.5,384.75,0.1965300589799881,0.6814866662025452,0.21613386053074052,0.6285290693270607,0.20327261053074053,0.6170845693270607,-1.9915193319461748,0.20401231202671932,0.6182742828493927,-1.9354231709538638,0.0,0.5412355813781741,-0.24969885149699447,1.5825245392083673
2026-08-18T06:01:14.535+00:00,1787032874.5356405,192686.5712673,23.46425520000048,1604,192686.4758008,9.96680001844652,85.35009998013265,10,0,0,4,1,0.0,1,estabilizada,1,1,1,,,,,,,,,,,,,nan,0.5412355813781741,-0.24969885149699447,1.5825245392083673
2026-08-18T06:01:14.686+00:00,1787032874.686003,192686.7215904,23.61457830001018,1608,192686.6088349,32.48700001859106,80.24579999619164,1,0,0,4,1,0.0,1,estabilizada,1,1,1,,,,,,,,,,,,,nan,0.5412288455290691,-0.24968489382360898,1.582532765673245
2026-08-18T06:01:14.686+00:00,1787032874.686003,192686.721631,23.614618899999186,1608,192686.6088349,32.48700001859106,80.24579999619164,2,1,1,4,1,0.0,1,estabilizada,1,1,1,982.5,287.5,1.0440858602523804,0.8540123105049133,1.0154879491653106,0.7912441008702087,1.0026266991653106,0.7797996008702087,1.169830464891609,0.99701545991578,0.7670100923337883,1.1813300638075974,0.0,0.5412288455290691,-0.24968489382360898,1.582532765673245
2026-08-18T06:01:14.686+00:00,1787032874.686003,192686.7216614,23.614649299997836,1608,192686.6088349,32.48700001859106,80.24579999619164,3,1,1,4,1,0.0,1,estabilizada,1,1,1,472.5,384.5,0.19650115072727203,0.6819431781768799,0.21610611133544166,0.6289606881464924,0.20324486133544167,0.6175161881464925,-1.979087190504269,0.20401231202671932,0.6182742828493927,-1.9354231709538638,0.0,0.5412288455290691,-0.24968489382360898,1.582532765673245
2026-08-18T06:01:14.686+00:00,1787032874.686003,192686.721672,23.614659900020342,1608,192686.6088349,32.48700001859106,80.24579999619164,10,0,0,4,1,0.0,1,estabilizada,1,1,1,,,,,,,,,,,,,nan,0.5412288455290691,-0.24968489382360898,1.582532765673245
2026-08-18T06:01:14.828+00:00,1787032874.8283553,192686.8637557,23.75674360000994,1613,192686.7755329,5.77530000009574,82.42239998071454,1,0,0,4,1,0.0,1,estabilizada,1,1,1,,,,,,,,,,,,,nan,0.5412179710789752,-0.24966918767774088,1.5825423370106808
2026-08-18T06:01:14.828+00:00,1787032874.8283553,192686.8637977,23.756785600009607,1613,192686.7755329,5.77530000009574,82.42239998071454,2,1,1,4,1,0.0,1,estabilizada,1,1,1,983.0,285.25,1.0455704927444458,0.8585816621780396,1.01688770436759,0.7955548639974439,1.0040264543675899,0.7841103639974439,1.2068079146463815,0.99701545991578,0.7670100923337883,1.1905791220107198,0.0,0.5412179710789752,-0.24966918767774088,1.5825423370106808
2026-08-18T06:01:14.828+00:00,1787032874.8283553,192686.8638099,23.756797800015192,1613,192686.7755329,5.77530000009574,82.42239998071454,3,1,1,4,1,0.0,1,estabilizada,1,1,1,472.25,384.75,0.19613565504550934,0.6814945340156555,0.21576066457396048,0.6285387722692068,0.2028994145739605,0.6170942722692069,-1.9915210780163288,0.20401231202671932,0.6182742828493927,-1.9354231709538638,0.0,0.5412179710789752,-0.24966918767774088,1.5825423370106808
2026-08-18T06:01:14.828+00:00,1787032874.8283553,192686.8638201,23.75680800000555,1613,192686.7755329,5.77530000009574,82.42239998071454,10,0,0,4,1,0.0,1,estabilizada,1,1,1,,,,,,,,,,,,,nan,0.5412179710789752,-0.24966918767774088,1.5825423370106808
2026-08-18T06:01:14.983+00:00,1787032874.9834406,192687.0189425,23.911930400005076,1617,192686.9161404,14.365800016094,88.40280000003986,1,0,0,4,1,0.0,1,estabilizada,1,1,1,,,,,,,,,,,,,nan,0.5412028905173099,-0.2496534512994864,1.5825518929965636
2026-08-18T06:01:14.983+00:00,1787032874.9834406,192687.0189893,23.91197720001219,1617,192686.9161404,14.365800016094,88.40280000003986,2,1,1,4,1,0.0,1,estabilizada,1,1,1,983.5,281.75,1.0474056005477905,0.865715503692627,1.0186177648348784,0.802284278218425,1.0057565148348784,0.790839778218425,1.2343969651803035,1.0013332501229195,0.7776921233266086,1.1905791220107198,0.0,0.5412028905173099,-0.2496534512994864,1.5825518929965636
2026-08-18T06:01:14.983+00:00,1787032874.9834406,192687.0190102,23.91199809999671,1617,192686.9161404,14.365800016094,88.40280000003986,3,1,1,4,1,0.0,1,estabilizada,1,1,1,472.5,384.75,0.19652895629405975,0.6814857125282288,0.21613062257582377,0.628531667156728,0.20326937257582378,0.6170871671567281,-1.9915220837434542,0.20401231202671932,0.6182742828493927,-1.9354231709538638,0.0,0.5412028905173099,-0.2496534512994864,1.5825518929965636
2026-08-18T06:01:14.983+00:00,1787032874.9834406,192687.0190228,23.91201070000534,1617,192686.9161404,14.365800016094,88.40280000003986,10,0,0,4,1,0.0,1,estabilizada,1,1,1,,,,,,,,,,,,,nan,0.5412028905173099,-0.2496534512994864,1.5825518929965636
2026-08-18T06:01:15.129+00:00,1787032875.1298048,192687.1653941,24.058382000017446,1622,192687.0755977,9.914499998558313,79.85680000274442,1,0,0,4,1,0.0,1,estabilizada,1,1,1,,,,,,,,,,,,,nan,0.5411864886006152,-0.24963675044372435,1.582561480720846
2026-08-18T06:01:15.129+00:00,1787032875.1298048,192687.1654368,24.05842469999334,1622,192687.0755977,9.914499998558313,79.85680000274442,2,1,1,4,1,0.0,1,estabilizada,1,1,1,983.75,278.5,1.0487436056137085,0.8723666667938232,1.019878919414995,0.8085585248786139,1.007017669414995,0.7971140248786139,1.256631206885943,1.0032927127798092,0.7830741259712675,1.2105702952944,0.0,0.5411864886006152,-0.24963675044372435,1.582561480720846
2026-08-18T06:01:15.129+00:00,1787032875.1298048,192687.1654521,24.058439999993425,1622,192687.0755977,9.914499998558313,79.85680000274442,3,1,1,4,1,0.0,1,estabilizada,1,1,1,472.75,384.5,0.19689379632472992,0.6819332242012024,0.21647366268841495,0.6289549995069843,0.20361241268841496,0.6175104995069843,-1.9790907932621284,0.20401231202671932,0.6182742828493927,-1.9354231709538638,0.0,0.5411864886006152,-0.24963675044372435,1.582561480720846
2026-08-18T06:01:15.129+00:00,1787032875.1298048,192687.1654625,24.058450400014408,1622,192687.0755977,9.914499998558313,79.85680000274442,10,0,0,4,1,0.0,1,estabilizada,1,1,1,,,,,,,,,,,,,nan,0.5411864886006152,-0.24963675044372435,1.582561480720846
2026-08-18T06:01:15.266+00:00,1787032875.2662706,192687.3017039,24.19469180001761,1626,192687.2082455,14.563600008841604,78.8534999883268,1,0,0,4,1,0.0,1,estabilizada,1,1,1,,,,,,,,,,,,,nan,0.5411688267805194,-0.249620332502199,1.5825710357623792
2026-08-18T06:01:15.266+00:00,1787032875.2662706,192687.3017464,24.19473429999198,1626,192687.2082455,14.563600008841604,78.8534999883268,2,1,1,4,1,0.0,1,estabilizada,1,1,1,984.75,275.75,1.0512478351593018,0.8779909610748291,1.0222399045724921,0.8138642873719681,1.009378654572492,0.8024197873719682,1.3209417080812935,1.0063346677434808,0.7941950911371748,1.2543055898724291,0.0,0.5411688267805194,-0.249620332502199,1.5825710357623792
2026-08-18T06:01:15.266+00:00,1787032875.2662706,192687.3017585,24.194746399996802,1626,192687.2082455,14.563600008841604,78.8534999883268,3,1,1,4,1,0.0,1,estabilizada,1,1,1,472.75,384.5,0.1968933492898941,0.6819319725036621,0.21647211844083453,0.6289550725377537,0.20361086844083454,0.6175105725377538,-1.9790923158348006,0.20401231202671932,0.6182742828493927,-1.9354231709538638,0.0,0.5411688267805194,-0.249620332502199,1.5825710357623792
2026-08-18T06:01:15.266+00:00,1787032875.2662706,192687.3017706,24.194758500001626,1626,192687.2082455,14.563600008841604,78.8534999883268,10,0,0,4,1,0.0,1,estabilizada,1,1,1,,,,,,,,,,,,,nan,0.5411688267805194,-0.249620332502199,1.5825710357623792
2026-08-18T06:01:15.409+00:00,1787032875.4091697,192687.4442839,24.33727180000278,1630,192687.3418566,18.376799998804927,84.02350000687875,1,0,0,4,1,0.0,1,estabilizada,1,1,1,,,,,,,,,,,,,nan,0.5411535479462188,-0.2496048605410388,1.5825799528383793
2026-08-18T06:01:15.409+00:00,1787032875.4091697,192687.4443262,24.337314100004733,1630,192687.3418566,18.376799998804927,84.02350000687875,2,1,1,4,1,0.0,1,estabilizada,1,1,1,985.25,274.0,1.0526078939437866,0.8815813660621643,1.0235219125011277,0.8172517502271499,1.0106606625011276,0.8058072502271499,1.350468675214515,1.0069289315727532,0.7960048331258125,1.2728091731525575,0.0,0.5411535479462188,-0.2496048605410388,1.5825799528383793
2026-08-18T06:01:15.409+00:00,1787032875.4091697,192687.4443634,24.337351299996953,1630,192687.3418566,18.376799998804927,84.02350000687875,3,1,1,4,1,0.0,1,estabilizada,1,1,1,472.5,384.75,0.19652734696865082,0.6814822554588318,0.2161259511544001,0.6285321089024473,0.2032647011544001,0.6170876089024473,-1.9915262604791404,0.20401231202671932,0.6182742828493927,-1.9354231709538638,0.0,0.5411535479462188,-0.2496048605410388,1.5825799528383793
2026-08-18T06:01:15.409+00:00,1787032875.4091697,192687.4443753,24.337363200000254,1630,192687.3418566,18.376799998804927,84.02350000687875,10,0,0,4,1,0.0,1,estabilizada,1,1,1,,,,,,,,,,,,,nan,0.5411535479462188,-0.2496048605410388,1.5825799528383793
2026-08-18T06:01:15.559+00:00,1787032875.5594513,192687.5949135,24.487901400018018,1635,192687.5084596,4.210399987641722,82.21829999820329,1,0,0,4,1,0.0,1,estabilizada,1,1,1,,,,,,,,,,,,,nan,0.5411401113930551,-0.2495920427767372,1.582586883348874
2026-08-18T06:01:15.559+00:00,1787032875.5594513,192687.5949555,24.487943400017684,1635,192687.5084596,4.210399987641722,82.21829999820329,2,1,1,4,1,0.0,1,estabilizada,1,1,1,984.75,271.75,1.0523715019226074,0.8862344026565552,1.0232983270898315,0.8216411843223542,1.0104370770898314,0.8101966843223543,1.3211646283578393,1.0081545954208875,0.8000046850586242,1.2808404368201374,0.0,0.5411401113930551,-0.2495920427767372,1.582586883348874
2026-08-18T06:01:15.559+00:00,1787032875.5594513,192687.5949676,24.487955499993404,1635,192687.5084596,4.210399987641722,82.21829999820329,3,1,1,4,1,0.0,1,estabilizada,1,1,1,472.75,384.5,0.19689159095287323,0.6819292306900024,0.21646863102921665,0.628954625950071,0.20360738102921666,0.617510125950071,-1.9478996113105995,0.20401231202671932,0.6182742828493927,-1.9354231709538638,0.0,0.5411401113930551,-0.2495920427767372,1.582586883348874
2026-08-18T06:01:15.559+00:00,1787032875.5594513,192687.5949779,24.487965800013626,1635,192687.5084596,4.210399987641722,82.21829999820329,10,0,0,4,1,0.0,1,estabilizada,1,1,1,,,,,,,,,,,,,nan,0.5411401113930551,-0.2495920427767372,1.582586883348874
2026-08-18T06:01:15.717+00:00,1787032875.7175333,192687.7534678,24.646455700014485,1639,192687.6438959,24.092100007692352,85.45469999080524,1,0,0,4,1,0.0,1,estabilizada,1,1,1,,,,,,,,,,,,,nan,0.5411275615149369,-0.24957934396396994,1.5825940089919273
2026-08-18T06:01:15.717+00:00,1787032875.7175333,192687.7535109,24.646498799993424,1639,192687.6438959,24.092100007692352,85.45469999080524,2,1,1,4,1,0.0,1,estabilizada,1,1,1,985.0,270.75,1.053087830543518,0.8882941007614136,1.0239733362697012,0.8235847631527642,1.0111120862697012,0.8121402631527642,1.382473933820805,1.0091473211816266,0.8041647505521066,1.3158493235005,0.0,0.5411275615149369,-0.24957934396396994,1.5825940089919273
2026-08-18T06:01:15.717+00:00,1787032875.7175333,192687.7535231,24.64651099999901,1639,192687.6438959,24.092100007692352,85.45469999080524,3,1,1,4,1,0.0,1,estabilizada,1,1,1,472.5,384.75,0.19652539491653442,0.6814793348312378,0.21612245823008225,0.6285312757488303,0.20326120823008226,0.6170867757488303,-1.9915276296292175,0.20401231202671932,0.6182742828493927,-1.9354231709538638,0.0,0.5411275615149369,-0.24957934396396994,1.5825940089919273
2026-08-18T06:01:15.717+00:00,1787032875.7175333,192687.7535335,24.646521400019992,1639,192687.6438959,24.092100007692352,85.45469999080524,10,0,0,4,1,0.0,1,estabilizada,1,1,1,,,,,,,,,,,,,nan,0.5411275615149369,-0.24957934396396994,1.5825940089919273
2026-08-18T06:01:15.876+00:00,1787032875.8766897,192687.9121583,24.80514620000031,1644,192687.8089821,15.012000018032268,88.10709998942912,1,0,0,4,1,0.0,1,estabilizada,1,1,1,,,,,,,,,,,,,nan,0.5411152403130526,-0.24956584336599993,1.5826017148263005
2026-08-18T06:01:15.876+00:00,1787032875.8766897,192687.9122732,24.8052611000021,1644,192687.8089821,15.012000018032268,88.10709998942912,2,1,1,4,1,0.0,1,estabilizada,1,1,1,984.75,269.0,1.0531458854675293,0.8919200301170349,1.0240275307784212,0.827005574603034,1.0111662807784212,0.8155610746030341,1.3542315382175976,1.0095756194487078,0.8059033289942208,1.3278774067418797,0.0,0.5411152403130526,-0.24956584336599993,1.5826017148263005
2026-08-18T06:01:15.876+00:00,1787032875.8766897,192687.9122869,24.805274800019106,1644,192687.8089821,15.012000018032268,88.10709998942912,3,1,1,4,1,0.0,1,estabilizada,1,1,1,472.25,384.75,0.19613070785999298,0.6814858317375183,0.21574942028138266,0.6285384287527354,0.20288817028138267,0.6170939287527354,-1.9627394844364896,0.20401231202671932,0.6182742828493927,-1.9354231709538638,0.0,0.5411152403130526,-0.24956584336599993,1.5826017148263005
2026-08-18T06:01:15.876+00:00,1787032875.8766897,192687.9123026,24.805290499993134,1644,192687.8089821,15.012000018032268,88.10709998942912,10,0,0,4,1,0.0,1,estabilizada,1,1,1,,,,,,,,,,,,,nan,0.5411152403130526,-0.24956584336599993,1.5826017148263005
2026-08-18T06:01:16.041+00:00,1787032876.041522,192688.0771127,24.970100600010483,1648,192687.9430525,32.578200014540926,101.45529999863356,1,0,0,4,1,0.0,1,estabilizada,1,1,1,,,,,,,,,,,,,nan,0.5411026361707342,-0.24955315614650864,1.58260873547018
2026-08-18T06:01:16.041+00:00,1787032876.041522,192688.0771723,24.970160199998645,1648,192687.9430525,32.578200014540926,101.45529999863356,2,1,1,4,1,0.0,1,estabilizada,1,1,1,985.0,268.0,1.0538634061813354,0.8939852714538574,1.024703659829219,0.8289543789929633,1.011842409829219,0.8175098789929633,1.378483153680902,1.010362400493883,0.8101961909104106,1.337072140756314,0.0,0.5411026361707342,-0.24955315614650864,1.58260873547018
2026-08-18T06:01:16.041+00:00,1787032876.041522,192688.0771865,24.97017440001946,1648,192687.9430525,32.578200014540926,101.45529999863356,3,1,1,4,1,0.0,1,estabilizada,1,1,1,472.0,384.5,0.19570738077163696,0.6819485425949097,0.215349363208113,0.6289757824882741,0.202488113208113,0.6175312824882742,-1.9475508030347388,0.20401231202671932,0.6182742828493927,-1.9354231709538638,0.0,0.5411026361707342,-0.24955315614650864,1.58260873547018
2026-08-18T06:01:16.041+00:00,1787032876.041522,192688.0771975,24.970185400015907,1648,192687.9430525,32.578200014540926,101.45529999863356,10,0,0,4,1,0.0,1,estabilizada,1,1,1,,,,,,,,,,,,,nan,0.5411026361707342,-0.24955315614650864,1.58260873547018
2026-08-18T06:01:16.196+00:00,1787032876.1967595,192688.2318,25.12478790001478,1653,192688.1089564,35.25359998457134,87.53970000543632,1,0,0,4,1,0.0,1,estabilizada,1,1,1,,,,,,,,,,,,,nan,0.5410876589597257,-0.24954239507953824,1.5826135529724399
2026-08-18T06:01:16.196+00:00,1787032876.1967595,192688.2318568,25.124844700010726,1653,192688.1089564,35.25359998457134,87.53970000543632,2,1,1,4,1,0.0,1,estabilizada,1,1,1,984.75,266.5,1.0538511276245117,0.8971015214920044,1.0246913165682023,0.8318942241719393,1.0118300665682023,0.8204497241719393,1.3473589250069855,1.0111248977080396,0.8137712515461144,1.337072140756314,0.0,0.5410876589597257,-0.24954239507953824,1.5826135529724399
2026-08-18T06:01:16.196+00:00,1787032876.1967595,192688.2318717,25.124859600007767,1653,192688.1089564,35.25359998457134,87.53970000543632,3,1,1,4,1,0.0,1,estabilizada,1,1,1,472.5,384.5,0.1964937150478363,0.6819307208061218,0.21609006874632514,0.6289597473980801,0.20322881874632515,0.6175152473980802,-1.9756189824764014,0.20401231202671932,0.6182742828493927,-1.9354231709538638,0.0,0.5410876589597257,-0.24954239507953824,1.5826135529724399
2026-08-18T06:01:16.196+00:00,1787032876.1967595,192688.2318846,25.124872500018682,1653,192688.1089564,35.25359998457134,87.53970000543632,10,0,0,4,1,0.0,1,estabilizada,1,1,1,,,,,,,,,,,,,nan,0.5410876589597257,-0.24954239507953824,1.5826135529724399
2026-08-18T06:01:16.345+00:00,1787032876.345174,192688.3810095,25.273997400014196,1658,192688.2752036,23.122799990233034,82.65810000011697,1,0,0,4,1,0.0,1,estabilizada,1,1,1,,,,,,,,,,,,,nan,0.5410703984767975,-0.2495320783593068,1.5826179222320402
2026-08-18T06:01:16.345+00:00,1787032876.345174,192688.3810503,25.274038200004725,1658,192688.2752036,23.122799990233034,82.65810000011697,2,1,1,4,1,0.0,1,estabilizada,1,1,1,985.25,265.25,1.0550767183303833,0.8996846675872803,1.025846309564647,0.8343312391430217,1.012985059564647,0.8228867391430217,1.3170208926117115,1.0111248977080396,0.8137712515461144,1.337072140756314,0.0,0.5410703984767975,-0.2495320783593068,1.5826179222320402
2026-08-18T06:01:16.345+00:00,1787032876.345174,192688.3810623,25.274050200008787,1658,192688.2752036,23.122799990233034,82.65810000011697,3,1,1,4,1,0.0,1,estabilizada,1,1,1,472.5,384.5,0.19649255275726318,0.6819285154342651,0.21608793688574596,0.6289584003712497,0.20322668688574597,0.6175139003712498,-1.9756193521988825,0.20401231202671932,0.6182742828493927,-1.9354231709538638,0.0,0.5410703984767975,-0.2495320783593068,1.5826179222320402
2026-08-18T06:01:16.345+00:00,1787032876.345174,192688.3810721,25.274059999996098,1658,192688.2752036,23.122799990233034,82.65810000011697,10,0,0,4,1,0.0,1,estabilizada,1,1,1,,,,,,,,,,,,,nan,0.5410703984767975,-0.2495320783593068,1.5826179222320402
2026-08-18T06:01:16.517+00:00,1787032876.5173323,192688.5526049,25.445592800009763,1663,192688.4452758,7.325899990973994,99.53030000906438,1,0,0,4,1,0.0,1,estabilizada,1,1,1,,,,,,,,,,,,,nan,0.5410512872313508,-0.24952349964431664,1.5826203333844915
2026-08-18T06:01:16.517+00:00,1787032876.5173323,192688.5527831,25.445770999998786,1663,192688.4452758,7.325899990973994,99.53030000906438,2,1,1,4,1,0.0,1,estabilizada,1,1,1,985.5,264.75,1.0556541681289673,0.9007173776626587,1.0263898788336687,0.8353058087766182,1.0135286288336687,0.8238613087766182,1.380502184950735,1.0115397658726755,0.8158042604456665,1.337072140756314,0.0,0.5410512872313508,-0.24952349964431664,1.5826203333844915
2026-08-18T06:01:16.517+00:00,1787032876.5173323,192688.5531015,25.446089400007622,1663,192688.4452758,7.325899990973994,99.53030000906438,3,1,1,4,1,0.0,1,estabilizada,1,1,1,472.25,384.5,0.19609758257865906,0.6819339990615845,0.21571431109139694,0.6289641407101154,0.20285306109139695,0.6175196407101154,-1.9475535156584063,0.20401231202671932,0.6182742828493927,-1.9354231709538638,0.0,0.5410512872313508,-0.24952349964431664,1.5826203333844915
2026-08-18T06:01:16.517+00:00,1787032876.5173323,192688.5532156,25.44620350000332,1663,192688.4452758,7.325899990973994,99.53030000906438,10,0,0,4,1,0.0,1,estabilizada,1,1,1,,,,,,,,,,,,,nan,0.5410512872313508,-0.24952349964431664,1.5826203333844915
2026-08-18T06:01:16.690+00:00,1787032876.6904726,192688.7263932,25.619381099997554,1668,192688.6138512,14.271699998062104,98.19799999240786,1,0,0,4,1,0.0,1,estabilizada,1,1,1,,,,,,,,,,,,,nan,0.54103180784167,-0.24951724640005907,1.5826201816861902
2026-08-18T06:01:16.691+00:00,1787032876.6914632,192688.726451,25.619438900001114,1668,192688.6138512,14.271699998062104,98.19799999240786,2,1,1,4,1,0.0,1,estabilizada,1,1,1,985.25,263.5,1.055571436882019,0.9033225178718567,1.0263107417705157,0.8377631499419425,1.0134494917705157,0.8263186499419425,1.3782061038402402,1.0118982680279855,0.8175609540879129,1.337072140756314,0.0,0.54103180784167,-0.24951724640005907,1.5826201816861902
2026-08-18T06:01:16.691+00:00,1787032876.6914632,192688.7264646,25.61945250001736,1668,192688.6138512,14.271699998062104,98.19799999240786,3,1,1,4,1,0.0,1,estabilizada,1,1,1,472.25,384.75,0.19612479209899902,0.6814751029014587,0.2157388674002298,0.628531691458377,0.2028776174002298,0.617087191458377,-1.9627426089542845,0.20401231202671932,0.6182742828493927,-1.9354231709538638,0.0,0.54103180784167,-0.24951724640005907,1.5826201816861902
2026-08-18T06:01:16.691+00:00,1787032876.6914632,192688.7267382,25.61972610000521,1668,192688.6138512,14.271699998062104,98.19799999240786,10,0,0,4,1,0.0,1,estabilizada,1,1,1,,,,,,,,,,,,,nan,0.54103180784167,-0.24951724640005907,1.5826201816861902
2026-08-18T06:01:16.851+00:00,1787032876.8519118,192688.8875292,25.780517100007273,1673,192688.777466,11.479800014058128,98.52269999100827,1,0,0,4,1,0.0,1,estabilizada,1,1,1,,,,,,,,,,,,,nan,0.5410152483685375,-0.2495163298901813,1.5826148766027117
2026-08-18T06:01:16.851+00:00,1787032876.8519118,192688.8876415,25.78062940001837,1673,192688.777466,11.479800014058128,98.52269999100827,2,1,1,4,1,0.0,1,estabilizada,1,1,1,985.25,263.5,1.0555691719055176,0.9033224582672119,1.026307565811091,0.8377629260853268,1.013446315811091,0.8263184260853268,1.3782039830822395,1.012241297621777,0.8194975856446576,1.337072140756314,0.0,0.5410152483685375,-0.2495163298901813,1.5826148766027117
2026-08-18T06:01:16.851+00:00,1787032876.8519118,192688.887666,25.780653900001198,1673,192688.777466,11.479800014058128,98.52269999100827,3,1,1,4,1,0.0,1,estabilizada,1,1,1,472.25,384.5,0.19609491527080536,0.6819294095039368,0.21570981365052577,0.6289600372423647,0.20284856365052578,0.6175155372423647,-1.9756215338245766,0.20401231202671932,0.6182742828493927,-1.9354231709538638,0.0,0.5410152483685375,-0.2495163298901813,1.5826148766027117
2026-08-18T06:01:16.851+00:00,1787032876.8519118,192688.8876794,25.78066730001592,1673,192688.777466,11.479800014058128,98.52269999100827,10,0,0,4,1,0.0,1,estabilizada,1,1,1,,,,,,,,,,,,,nan,0.5410152483685375,-0.2495163298901813,1.5826148766027117
2026-08-18T06:01:17.021+00:00,1787032877.02194,192689.0576738,25.95066170001519,1678,192688.9427255,14.046600001165643,100.83829998620786,1,0,0,4,1,0.0,1,estabilizada,1,1,1,,,,,,,,,,,,,nan,0.540998982904176,-0.24951699667170826,1.5826092197072712
2026-08-18T06:01:17.021+00:00,1787032877.02194,192689.0577677,25.950755600002594,1678,192688.9427255,14.046600001165643,100.83829998620786,2,1,1,4,1,0.0,1,estabilizada,1,1,1,985.0,263.0,1.0552726984024048,0.9043688774108887,1.0260269226173997,0.8387495650915519,1.0131656726173996,0.8273050650915519,1.4108767445310402,1.012241297621777,0.8194975856446576,1.3454216097450116,0.0,0.540998982904176,-0.24951699667170826,1.5826092197072712
2026-08-18T06:01:17.021+00:00,1787032877.02194,192689.0577853,25.950773200020194,1678,192688.9427255,14.046600001165643,100.83829998620786,3,1,1,4,1,0.0,1,estabilizada,1,1,1,472.5,384.5,0.19648754596710205,0.681919515132904,0.2160792613054417,0.6289504782926406,0.2032180113054417,0.6175059782926406,-1.9756216446301964,0.20401231202671932,0.6182742828493927,-1.9354231709538638,0.0,0.540998982904176,-0.24951699667170826,1.5826092197072712
2026-08-18T06:01:17.021+00:00,1787032877.02194,192689.0577988,25.950786700006574,1678,192688.9427255,14.046600001165643,100.83829998620786,10,0,0,4,1,0.0,1,estabilizada,1,1,1,,,,,,,,,,,,,nan,0.540998982904176,-0.24951699667170826,1.5826092197072712
2026-08-18T06:01:17.171+00:00,1787032877.1713068,192689.2067823,26.09977020000224,1683,192689.1108805,14.857300004223362,81.0193000070285,1,0,0,4,1,0.0,1,estabilizada,1,1,1,,,,,,,,,,,,,nan,0.5409861594372951,-0.24951727257779266,1.5826042400350109
2026-08-18T06:01:17.171+00:00,1787032877.1713068,192689.206825,26.099812900007237,1683,192689.1108805,14.857300004223362,81.0193000070285,2,1,1,4,1,0.0,1,estabilizada,1,1,1,984.75,262.75,1.0549052953720093,0.9048949480056763,1.0256795918991681,0.8392454967883501,1.012818341899168,0.8278009967883502,1.441503001768253,1.0125048426237397,0.8213088472294565,1.3750363412059015,0.0,0.5409861594372951,-0.24951727257779266,1.5826042400350109
2026-08-18T06:01:17.171+00:00,1787032877.1713068,192689.2068369,26.099824800010538,1683,192689.1108805,14.857300004223362,81.0193000070285,3,1,1,4,1,0.0,1,estabilizada,1,1,1,472.5,384.5,0.19648678600788116,0.6819179058074951,0.21607787696057656,0.6289487781291683,0.20321662696057657,0.6175042781291683,-1.979100045303288,0.20401231202671932,0.6182742828493927,-1.9354231709538638,0.0,0.5409861594372951,-0.24951727257779266,1.5826042400350109
2026-08-18T06:01:17.171+00:00,1787032877.1713068,192689.206847,26.099834900000133,1683,192689.1108805,14.857300004223362,81.0193000070285,10,0,0,4,1,0.0,1,estabilizada,1,1,1,,,,,,,,,,,,,nan,0.5409861594372951,-0.24951727257779266,1.5826042400350109
2026-08-18T06:01:17.327+00:00,1787032877.3278468,192689.3635984,26.256586300005438,1688,192689.2752512,5.875400005606934,82.4315000209026,1,0,0,4,1,0.0,1,estabilizada,1,1,1,,,,,,,,,,,,,nan,0.5409776823415691,-0.24951854894392014,1.5825997957291158
2026-08-18T06:01:17.327+00:00,1787032877.3278468,192689.3636963,26.256684199994197,1688,192689.2752512,5.875400005606934,82.4315000209026,2,1,1,4,1,0.0,1,estabilizada,1,1,1,984.75,261.75,1.0551878213882446,0.9069781303405762,1.0259454869464664,0.84120995482552,1.0130842369464663,0.82976545482552,1.4119644856798288,1.012631847887641,0.8231625652196386,1.406197769530999,0.0,0.5409776823415691,-0.24951854894392014,1.5825997957291158
2026-08-18T06:01:17.327+00:00,1787032877.3278468,192689.3637121,26.25669999999809,1688,192689.2752512,5.875400005606934,82.4315000209026,3,1,1,4,1,0.0,1,estabilizada,1,1,1,472.25,384.5,0.19609259068965912,0.6819249987602234,0.2157056718567597,0.6289552463821423,0.20284442185675972,0.6175107463821423,-1.9488596320667917,0.20401231202671932,0.6182742828493927,-1.9354231709538638,0.0,0.5409776823415691,-0.24951854894392014,1.5825997957291158
2026-08-18T06:01:17.327+00:00,1787032877.3278468,192689.3637243,26.256712200003676,1688,192689.2752512,5.875400005606934,82.4315000209026,10,0,0,4,1,0.0,1,estabilizada,1,1,1,,,,,,,,,,,,,nan,0.5409776823415691,-0.24951854894392014,1.5825997957291158
2026-08-18T06:01:17.480+00:00,1787032877.4805596,192689.5162439,26.40923180000391,1692,192689.4127732,17.726999998558313,85.71790001587942,1,0,0,4,1,0.0,1,estabilizada,1,1,1,,,,,,,,,,,,,nan,0.540973507269035,-0.24951815216777076,1.5825967635363722
2026-08-18T06:01:17.480+00:00,1787032877.4805596,192689.5162871,26.409275000012713,1692,192689.4127732,17.726999998558313,85.71790001587942,2,1,1,4,1,0.0,1,estabilizada,1,1,1,983.5,261.5,1.0530720949172974,0.9075287580490112,1.023949785337088,0.8417291656836012,1.011088535337088,0.8302846656836013,1.6713247014605097,1.012631847887641,0.8231625652196386,1.4442315577115823,0.0,0.540973507269035,-0.24951815216777076,1.5825967635363722
2026-08-18T06:01:17.480+00:00,1787032877.4805596,192689.5162996,26.409287500020582,1692,192689.4127732,17.726999998558313,85.71790001587942,3,1,1,4,1,0.0,1,estabilizada,1,1,1,472.75,384.5,0.19687913358211517,0.681908369064331,0.21644728533456953,0.6289394834692591,0.20358603533456954,0.6174949834692591,-1.9791019001436725,0.20401231202671932,0.6182742828493927,-1.9354231709538638,0.0,0.540973507269035,-0.24951815216777076,1.5825967635363722
2026-08-18T06:01:17.480+00:00,1787032877.4805596,192689.5163099,26.4092978000117,1692,192689.4127732,17.726999998558313,85.71790001587942,10,0,0,4,1,0.0,1,estabilizada,1,1,1,,,,,,,,,,,,,nan,0.540973507269035,-0.24951815216777076,1.5825967635363722
2026-08-18T06:01:17.630+00:00,1787032877.6302078,192689.665689,26.55867689999286,1697,192689.5773712,7.974300009664148,80.31900000059977,1,0,0,4,1,0.0,1,estabilizada,1,1,1,,,,,,,,,,,,,nan,0.5409691155388795,-0.2495190987442112,1.58259281602606
2026-08-18T06:01:17.630+00:00,1787032877.6302078,192689.6657301,26.55871800001478,1697,192689.5773712,7.974300009664148,80.31900000059977,2,1,1,4,1,0.0,1,estabilizada,1,1,1,980.25,261.75,1.04732084274292,0.9070842862129211,1.018525277018822,0.8413097524275815,1.005664027018822,0.8298652524275816,1.8519547200559832,1.012631847887641,0.8231625652196386,1.478338091739662,0.0,0.5409691155388795,-0.2495190987442112,1.58259281602606
2026-08-18T06:01:17.630+00:00,1787032877.6302078,192689.6657415,26.558729400014272,1697,192689.5773712,7.974300009664148,80.31900000059977,3,1,1,4,1,0.0,1,estabilizada,1,1,1,472.5,384.75,0.19651323556900024,0.6814594864845276,0.2161019945241519,0.6285159423068275,0.20324074452415192,0.6170714423068275,-1.9915350351364665,0.20401231202671932,0.6182742828493927,-1.9354231709538638,0.0,0.5409691155388795,-0.2495190987442112,1.58259281602606
2026-08-18T06:01:17.630+00:00,1787032877.6302078,192689.6657518,26.55873970000539,1697,192689.5773712,7.974300009664148,80.31900000059977,10,0,0,4,1,0.0,1,estabilizada,1,1,1,,,,,,,,,,,,,nan,0.5409691155388795,-0.2495190987442112,1.58259281602606
2026-08-18T06:01:17.769+00:00,1787032877.7694545,192689.8046109,26.697598800004926,1701,192689.7084068,16.620000009424984,79.55880000372417,1,0,0,4,1,0.0,1,estabilizada,1,1,1,,,,,,,,,,,,,nan,0.5409661865445999,-0.24952102903459347,1.5825877914654323
2026-08-18T06:01:17.769+00:00,1787032877.7694545,192689.8046524,26.697640300000785,1701,192689.7084068,16.620000009424984,79.55880000372417,2,1,1,4,1,0.0,1,estabilizada,1,1,1,980.5,262.5,1.047545313835144,0.9055165648460388,1.0187367246990355,0.8398308670226031,1.0058754746990355,0.8283863670226032,1.9838963697633822,1.012631847887641,0.8231625652196386,1.5816986847100059,0.0,0.5409661865445999,-0.24952102903459347,1.5825877914654323
2026-08-18T06:01:17.769+00:00,1787032877.7694545,192689.8046645,26.69765240000561,1701,192689.7084068,16.620000009424984,79.55880000372417,3,1,1,4,1,0.0,1,estabilizada,1,1,1,472.5,384.25,0.19645579159259796,0.6823723912239075,0.216047712946275,0.6293766533093597,0.20318646294627501,0.6179321533093597,-1.9334773826505656,0.20401231202671932,0.6182742828493927,-1.9354231709538638,0.0,0.5409661865445999,-0.24952102903459347,1.5825877914654323
2026-08-18T06:01:17.769+00:00,1787032877.7694545,192689.804675,26.69766289999825,1701,192689.7084068,16.620000009424984,79.55880000372417,10,0,0,4,1,0.0,1,estabilizada,1,1,1,,,,,,,,,,,,,nan,0.5409661865445999,-0.24952102903459347,1.5825877914654323
2026-08-18T06:01:17.909+00:00,1787032877.909454,192689.9453735,26.838361400004942,1705,192689.8419978,22.769600007450208,80.57360001839697,1,0,0,4,1,0.0,1,estabilizada,1,1,1,,,,,,,,,,,,,nan,0.540963332613754,-0.2495214413582023,1.582584980034556
2026-08-18T06:01:17.910+00:00,1787032877.9104548,192689.945423,26.83841090000351,1705,192689.8419978,22.769600007450208,80.57360001839697,2,1,1,4,1,0.0,1,estabilizada,1,1,1,980.75,262.25,1.0480504035949707,0.9060315489768982,1.019212877039327,0.8403164243913683,1.006351627039327,0.8288719243913684,2.0311253228022084,1.0112346157405105,0.8246537882618368,1.694263392181781,0.0,0.540963332613754,-0.2495214413582023,1.582584980034556
2026-08-18T06:01:17.910+00:00,1787032877.9104548,192689.9454353,26.838423200009856,1705,192689.8419978,22.769600007450208,80.57360001839697,3,1,1,4,1,0.0,1,estabilizada,1,1,1,472.75,384.25,0.19684873521327972,0.6823641657829285,0.21641818276696906,0.6293687780465489,0.20355693276696907,0.6179242780465489,-1.9336545744592362,0.20401231202671932,0.6182742828493927,-1.9354231709538638,0.0,0.540963332613754,-0.2495214413582023,1.582584980034556
2026-08-18T06:01:17.910+00:00,1787032877.9104548,192689.9454643,26.838452199997846,1705,192689.8419978,22.769600007450208,80.57360001839697,10,0,0,4,1,0.0,1,estabilizada,1,1,1,,,,,,,,,,,,,nan,0.540963332613754,-0.2495214413582023,1.582584980034556
2026-08-18T06:01:18.059+00:00,1787032878.0595098,192690.095123,26.988110900012543,1709,192689.9762149,30.728899990208447,88.15379999577999,1,0,0,4,1,0.0,1,estabilizada,1,1,1,,,,,,,,,,,,,nan,0.5409595517717917,-0.24952216646101177,1.5825816679956477
2026-08-18T06:01:18.059+00:00,1787032878.0595098,192690.0951647,26.988152600009926,1709,192689.9762149,30.728899990208447,88.15379999577999,2,1,1,4,1,0.0,1,estabilizada,1,1,1,980.25,262.25,1.0471755266189575,0.9060437083244324,1.0183874781677542,0.8403277134826573,1.0055262281677542,0.8288832134826574,2.0311262692761147,1.0112346157405105,0.8246537882618368,1.8804141056975898,0.0,0.5409595517717917,-0.24952216646101177,1.5825816679956477
2026-08-18T06:01:18.059+00:00,1787032878.0595098,192690.095177,26.988164900016272,1709,192689.9762149,30.728899990208447,88.15379999577999,3,1,1,4,1,0.0,1,estabilizada,1,1,1,472.75,384.25,0.19684818387031555,0.6823641657829285,0.21641748872038158,0.6293686259014535,0.2035562387203816,0.6179241259014535,-1.9336553578443931,0.20401231202671932,0.6182742828493927,-1.9354231709538638,0.0,0.5409595517717917,-0.24952216646101177,1.5825816679956477
2026-08-18T06:01:18.059+00:00,1787032878.0595098,192690.0951895,26.98817739999504,1709,192689.9762149,30.728899990208447,88.15379999577999,10,0,0,4,1,0.0,1,estabilizada,1,1,1,,,,,,,,,,,,,nan,0.5409595517717917,-0.24952216646101177,1.5825816679956477
2026-08-18T06:01:18.205+00:00,1787032878.2053816,192690.2409113,27.133899200009182,1714,192690.141236,19.231899990700185,80.41680001770146,1,0,0,4,1,0.0,1,estabilizada,1,1,1,,,,,,,,,,,,,nan,0.5409559104366232,-0.24952042454719536,1.5825798170859595
2026-08-18T06:01:18.205+00:00,1787032878.2053816,192690.240957,27.13394490000792,1714,192690.141236,19.231899990700185,80.41680001770146,2,1,1,4,1,0.0,1,estabilizada,1,1,1,979.5,262.5,1.0457940101623535,0.905541181564331,1.0170842866559733,0.8398537872050038,1.0042230366559732,0.8284092872050038,2.075842453650629,1.0112346157405105,0.8246537882618368,1.9705595619238034,0.0,0.5409559104366232,-0.24952042454719536,1.5825798170859595
2026-08-18T06:01:18.205+00:00,1787032878.2053816,192690.2410753,27.134063200006494,1714,192690.141236,19.231899990700185,80.41680001770146,3,1,1,4,1,0.0,1,estabilizada,1,1,1,472.25,384.5,0.19608844816684723,0.6819234490394592,0.21570077436308988,0.6289530094333502,0.20283952436308988,0.6175085094333502,-1.9756268588780777,0.20401231202671932,0.6182742828493927,-1.9354231709538638,0.0,0.5409559104366232,-0.24952042454719536,1.5825798170859595
2026-08-18T06:01:18.205+00:00,1787032878.2053816,192690.2411052,27.134093100001337,1714,192690.141236,19.231899990700185,80.41680001770146,10,0,0,4,1,0.0,1,estabilizada,1,1,1,,,,,,,,,,,,,nan,0.5409559104366232,-0.24952042454719536,1.5825798170859595
2026-08-18T06:01:18.352+00:00,1787032878.352101,192690.3880126,27.281000499991933,1718,192690.2751589,33.46009997767396,79.3666000245139,1,0,0,4,1,0.0,1,estabilizada,1,1,1,,,,,,,,,,,,,nan,0.5409489282008081,-0.24951581357170596,1.5825798484420899
2026-08-18T06:01:18.353+00:00,1787032878.3531013,192690.3880539,27.281041800015373,1718,192690.2751589,33.46009997767396,79.3666000245139,2,1,1,4,1,0.0,1,estabilizada,1,1,1,979.25,261.5,1.045635461807251,0.9076308608055115,1.0169343583088755,0.8418248916492193,1.0040731083088754,0.8303803916492193,2.0642064862713787,1.009706992778567,0.8255752593035595,1.990538125973619,0.0,0.5409489282008081,-0.24951581357170596,1.5825798484420899
2026-08-18T06:01:18.353+00:00,1787032878.3531013,192690.3880653,27.281053200014867,1718,192690.2751589,33.46009997767396,79.3666000245139,3,1,1,4,1,0.0,1,estabilizada,1,1,1,472.75,384.25,0.19684669375419617,0.6823635697364807,0.2164155016918693,0.6293683641041717,0.2035542516918693,0.6179238641041718,-1.933656666706794,0.20401231202671932,0.6182742828493927,-1.9354231709538638,0.0,0.5409489282008081,-0.24951581357170596,1.5825798484420899
2026-08-18T06:01:18.353+00:00,1787032878.3531013,192690.3880752,27.28106310000294,1718,192690.2751589,33.46009997767396,79.3666000245139,10,0,0,4,1,0.0,1,estabilizada,1,1,1,,,,,,,,,,,,,nan,0.5409489282008081,-0.24951581357170596,1.5825798484420899
2026-08-18T06:01:18.493+00:00,1787032878.4939482,192690.5297073,27.422695200017188,1723,192690.4416485,5.646999983582646,82.3763000080362,1,0,0,4,1,0.0,1,estabilizada,1,1,1,,,,,,,,,,,,,nan,0.5409423197229063,-0.2495078813304006,1.5825832163017044
2026-08-18T06:01:18.493+00:00,1787032878.4939482,192690.52975,27.42273789999308,1723,192690.4416485,5.646999983582646,82.3763000080362,2,1,1,4,1,0.0,1,estabilizada,1,1,1,978.0,260.0,1.0438687801361084,0.9107891321182251,1.0152678314018213,0.8448041462200375,1.0024065814018213,0.8333596462200376,2.058658800844486,1.009706992778567,0.8255752593035595,2.015287385502987,0.0,0.5409423197229063,-0.2495078813304006,1.5825832163017044
2026-08-18T06:01:18.493+00:00,1787032878.4939482,192690.5297616,27.422749499994097,1723,192690.4416485,5.646999983582646,82.3763000080362,3,1,1,4,1,0.0,1,estabilizada,1,1,1,472.25,384.5,0.19608677923679352,0.6819224953651428,0.2156983853274228,0.6289529370890883,0.2028371353274228,0.6175084370890883,-1.919255487659891,0.20401231202671932,0.6182742828493927,-1.9354231709538638,0.0,0.5409423197229063,-0.2495078813304006,1.5825832163017044
2026-08-18T06:01:18.493+00:00,1787032878.4939482,192690.5297734,27.422761299996637,1723,192690.4416485,5.646999983582646,82.3763000080362,10,0,0,4,1,0.0,1,estabilizada,1,1,1,,,,,,,,,,,,,nan,0.5409423197229063,-0.2495078813304006,1.5825832163017044
2026-08-18T06:01:18.649+00:00,1787032878.6490893,192690.6849258,27.57791369999177,1727,192690.5748509,26.43309999257326,83.61780000268482,1,0,0,4,1,0.0,1,estabilizada,1,1,1,,,,,,,,,,,,,nan,0.540937041636339,-0.24950303283179429,1.5825858840958587
2026-08-18T06:01:18.649+00:00,1787032878.6490893,192690.6849686,27.577956499997526,1727,192690.5748509,26.43309999257326,83.61780000268482,2,1,1,4,1,0.0,1,estabilizada,1,1,1,977.25,259.0,1.042834997177124,0.9128946661949158,1.014292586649763,0.8467903277424268,1.001431336649763,0.8353458277424268,1.9559396031376517,1.006805903784854,0.828668673912787,2.015287385502987,0.0,0.540937041636339,-0.24950303283179429,1.5825858840958587
2026-08-18T06:01:18.649+00:00,1787032878.6490893,192690.6849812,27.577969100006158,1727,192690.5748509,26.43309999257326,83.61780000268482,3,1,1,4,1,0.0,1,estabilizada,1,1,1,472.75,384.25,0.19684438407421112,0.6823619604110718,0.2164125727531364,0.6293677752393948,0.20355132275313642,0.6179232752393948,-1.9336570680444152,0.20401231202671932,0.6182742828493927,-1.9354231709538638,0.0,0.540937041636339,-0.24950303283179429,1.5825858840958587
2026-08-18T06:01:18.649+00:00,1787032878.6490893,192690.6849912,27.57797909999499,1727,192690.5748509,26.43309999257326,83.61780000268482,10,0,0,4,1,0.0,1,estabilizada,1,1,1,,,,,,,,,,,,,nan,0.540937041636339,-0.24950303283179429,1.5825858840958587
2026-08-18T06:01:18.803+00:00,1787032878.8033597,192690.8386411,27.731629000016255,1732,192690.7436262,11.506799986818805,83.48520001163706,1,0,0,4,1,0.0,1,estabilizada,1,1,1,,,,,,,,,,,,,nan,0.5409336258089167,-0.24949721272554334,1.5825890946429955
2026-08-18T06:01:18.803+00:00,1787032878.8033597,192690.8386834,27.731671300018206,1732,192690.7436262,11.506799986818805,83.48520001163706,2,1,1,4,1,0.0,1,estabilizada,1,1,1,976.25,258.25,1.0412931442260742,0.9144853949546814,1.0128382807305674,0.8482910586953051,0.9999770307305673,0.8368465586953051,2.0117421478524986,1.0056254171006593,0.8301352648002177,2.015287385502987,0.0,0.5409336258089167,-0.24949721272554334,1.5825890946429955
2026-08-18T06:01:18.803+00:00,1787032878.8033597,192690.8386958,27.73168369999621,1732,192690.7436262,11.506799986818805,83.48520001163706,3,1,1,4,1,0.0,1,estabilizada,1,1,1,472.25,384.5,0.19608397781848907,0.68192058801651,0.21569517596473925,0.6289519416694966,0.20283392596473926,0.6175074416694967,-1.975627709208598,0.20401231202671932,0.6182742828493927,-1.9354231709538638,0.0,0.5409336258089167,-0.24949721272554334,1.5825890946429955
2026-08-18T06:01:18.803+00:00,1787032878.8033597,192690.8387066,27.73169450002024,1732,192690.7436262,11.506799986818805,83.48520001163706,10,0,0,4,1,0.0,1,estabilizada,1,1,1,,,,,,,,,,,,,nan,0.5409336258089167,-0.24949721272554334,1.5825890946429955
2026-08-18T06:01:18.959+00:00,1787032878.9596002,192690.995195,27.888182900001993,1736,192690.8755391,34.8089000035543,84.78060000925325,1,0,0,4,1,0.0,1,estabilizada,1,1,1,,,,,,,,,,,,,nan,0.540932725543593,-0.24949080174903326,1.5825937400340493
2026-08-18T06:01:18.959+00:00,1787032878.9596002,192690.9952985,27.88828640000429,1736,192690.8755391,34.8089000035543,84.78060000925325,2,1,1,4,1,0.0,1,estabilizada,1,1,1,976.0,257.5,1.041062831878662,0.9160596132278442,1.0126210982666057,0.849776312154214,0.9997598482666057,0.838331812154214,1.992539997540686,1.0043795530446937,0.8316155742700484,2.003700853716717,0.0,0.540932725543593,-0.24949080174903326,1.5825937400340493
2026-08-18T06:01:18.959+00:00,1787032878.9596002,192690.9953161,27.888303999992786,1736,192690.8755391,34.8089000035543,84.78060000925325,3,1,1,4,1,0.0,1,estabilizada,1,1,1,472.0,384.5,0.19568845629692078,0.6819275617599487,0.21532203846408648,0.6289590388881188,0.2024607884640865,0.6175145388881188,-1.94756083643954,0.20401231202671932,0.6182742828493927,-1.9354231709538638,0.0,0.540932725543593,-0.24949080174903326,1.5825937400340493
2026-08-18T06:01:18.959+00:00,1787032878.9596002,192690.9953291,27.888317000004463,1736,192690.8755391,34.8089000035543,84.78060000925325,10,0,0,4,1,0.0,1,estabilizada,1,1,1,,,,,,,,,,,,,nan,0.540932725543593,-0.24949080174903326,1.5825937400340493
2026-08-18T06:01:19.112+00:00,1787032879.1122136,192691.1480483,28.04103620001115,1741,192691.0415364,23.333199991611764,83.15439999569207,1,0,0,4,1,0.0,1,estabilizada,1,1,1,,,,,,,,,,,,,nan,0.5409309770194584,-0.24948478931828372,1.582598593501143
2026-08-18T06:01:19.112+00:00,1787032879.1122136,192691.1480894,28.041077300003963,1741,192691.0415364,23.333199991611764,83.15439999569207,2,1,1,4,1,0.0,1,estabilizada,1,1,1,974.5,256.5,1.0387136936187744,0.918187141418457,1.010405539752147,0.8517833962124046,0.9975442897521469,0.8403388962124047,1.9929370459327462,1.0033738367686302,0.8330777087739797,2.003700853716717,0.0,0.5409309770194584,-0.24948478931828372,1.582598593501143
2026-08-18T06:01:19.112+00:00,1787032879.1122136,192691.1481176,28.041105500014964,1741,192691.0415364,23.333199991611764,83.15439999569207,3,1,1,4,1,0.0,1,estabilizada,1,1,1,472.25,384.5,0.19608041644096375,0.6819185018539429,0.2156915487770561,0.6289509985655355,0.2028302987770561,0.6175064985655355,-1.9756263404847345,0.20401231202671932,0.6182742828493927,-1.9354231709538638,0.0,0.5409309770194584,-0.24948478931828372,1.582598593501143
2026-08-18T06:01:19.112+00:00,1787032879.1122136,192691.1481282,28.041116100008367,1741,192691.0415364,23.333199991611764,83.15439999569207,10,0,0,4,1,0.0,1,estabilizada,1,1,1,,,,,,,,,,,,,nan,0.5409309770194584,-0.24948478931828372,1.582598593501143
2026-08-18T06:01:19.270+00:00,1787032879.2704184,192691.3055778,28.19856570000411,1746,192691.2103124,10.81569999223575,84.42500000819564,1,0,0,4,1,0.0,1,estabilizada,1,1,1,,,,,,,,,,,,,nan,0.5409306398610839,-0.24947908703280747,1.5826038071112238
2026-08-18T06:01:19.270+00:00,1787032879.2704184,192691.3056204,28.198608300008345,1746,192691.2103124,10.81569999223575,84.42500000819564,2,1,1,4,1,0.0,1,estabilizada,1,1,1,974.0,255.5,1.0381135940551758,0.9202935099601746,1.0098396409176906,0.853770522174913,0.9969783909176906,0.842326022174913,1.9389000718091571,1.0033738367686302,0.8330777087739797,2.003700853716717,0.0,0.5409306398610839,-0.24947908703280747,1.5826038071112238
2026-08-18T06:01:19.270+00:00,1787032879.2704184,192691.3056319,28.1986198000086,1746,192691.2103124,10.81569999223575,84.42500000819564,3,1,1,4,1,0.0,1,estabilizada,1,1,1,472.75,384.75,0.19689442217350006,0.6814449429512024,0.21645917960220912,0.6285048689275634,0.20359792960220913,0.6170603689275634,-1.9627470385773536,0.20401231202671932,0.6182742828493927,-1.9354231709538638,0.0,0.5409306398610839,-0.24947908703280747,1.5826038071112238
2026-08-18T06:01:19.270+00:00,1787032879.2704184,192691.3056417,28.19862959999591,1746,192691.2103124,10.81569999223575,84.42500000819564,10,0,0,4,1,0.0,1,estabilizada,1,1,1,,,,,,,,,,,,,nan,0.5409306398610839,-0.24947908703280747,1.5826038071112238
2026-08-18T06:01:19.414+00:00,1787032879.414261,192691.4494494,28.342437300016172,1750,192691.3415891,23.547600023448467,84.28799998364411,1,0,0,4,1,0.0,1,estabilizada,1,1,1,,,,,,,,,,,,,nan,0.54093082064949,-0.24947138841710656,1.5826112176425347
2026-08-18T06:01:19.414+00:00,1787032879.414261,192691.4494931,28.34248099999968,1750,192691.3415891,23.547600023448467,84.28799998364411,2,1,1,4,1,0.0,1,estabilizada,1,1,1,974.25,255.0,1.0386888980865479,0.9213359951972961,1.0103823712087294,0.8547544726157362,0.9975211212087294,0.8433099726157363,2.003624604856888,1.0010669966085701,0.8363840179490001,1.9946100403339166,0.0,0.54093082064949,-0.24947138841710656,1.5826112176425347
2026-08-18T06:01:19.414+00:00,1787032879.414261,192691.4495058,28.342493700009072,1750,192691.3415891,23.547600023448467,84.28799998364411,3,1,1,4,1,0.0,1,estabilizada,1,1,1,472.5,384.25,0.19644176959991455,0.6823644638061523,0.21603218716351902,0.629372784128171,0.20317093716351903,0.617928284128171,-1.9629062415258605,0.20401231202671932,0.6182742828493927,-1.9354231709538638,0.0,0.54093082064949,-0.24947138841710656,1.5826112176425347
2026-08-18T06:01:19.414+00:00,1787032879.414261,192691.4495194,28.342507299996214,1750,192691.3415891,23.547600023448467,84.28799998364411,10,0,0,4,1,0.0,1,estabilizada,1,1,1,,,,,,,,,,,,,nan,0.54093082064949,-0.24947138841710656,1.5826112176425347
2026-08-18T06:01:19.569+00:00,1787032879.569173,192691.6049644,28.497952300007455,1755,192691.5078887,12.355899991234764,84.6820000151638,1,0,0,4,1,0.0,1,estabilizada,1,1,1,,,,,,,,,,,,,nan,0.5409310573512982,-0.24946228957087385,1.5826194573130417
2026-08-18T06:01:19.569+00:00,1787032879.569173,192691.6050183,28.498006200010423,1755,192691.5078887,12.355899991234764,84.6820000151638,2,1,1,4,1,0.0,1,estabilizada,1,1,1,974.25,255.0,1.0386879444122314,0.9213361740112305,1.0103816326021,0.8547555053384917,0.9975203826021,0.8433110053384917,1.9454509347902496,1.0010669966085701,0.8363840179490001,1.9854893047493385,0.0,0.5409310573512982,-0.24946228957087385,1.5826194573130417
2026-08-18T06:01:19.569+00:00,1787032879.569173,192691.6050396,28.49802749999799,1755,192691.5078887,12.355899991234764,84.6820000151638,3,1,1,4,1,0.0,1,estabilizada,1,1,1,472.5,384.25,0.19643983244895935,0.6823633313179016,0.21603027164010213,0.6293725093660636,0.20316902164010214,0.6179280093660636,-1.962905155212951,0.20401231202671932,0.6182742828493927,-1.9354231709538638,0.0,0.5409310573512982,-0.24946228957087385,1.5826194573130417
2026-08-18T06:01:19.570+00:00,1787032879.5701632,192691.6050725,28.498060400015675,1755,192691.5078887,12.355899991234764,84.6820000151638,10,0,0,4,1,0.0,1,estabilizada,1,1,1,,,,,,,,,,,,,nan,0.5409310573512982,-0.24946228957087385,1.5826194573130417
2026-08-18T06:01:19.721+00:00,1787032879.7210295,192691.7562951,28.649283000006108,1760,192691.6748685,1.8532999965827912,79.5487999857869,1,0,0,4,1,0.0,1,estabilizada,1,1,1,,,,,,,,,,,,,nan,0.5409316043413237,-0.2494513210246059,1.5826297546479535
2026-08-18T06:01:19.721+00:00,1787032879.7210295,192691.756337,28.649324900005013,1760,192691.6748685,1.8532999965827912,79.5487999857869,2,1,1,4,1,0.0,1,estabilizada,1,1,1,974.0,255.0,1.0382494926452637,0.9213418960571289,1.0099683297163442,0.8547619589442976,0.9971070797163442,0.8433174589442977,1.9750698473935164,1.0010669966085701,0.8363840179490001,1.9854893047493385,0.0,0.5409316043413237,-0.2494513210246059,1.5826297546479535
2026-08-18T06:01:19.721+00:00,1787032879.7210295,192691.7563497,28.649337600014405,1760,192691.6748685,1.8532999965827912,79.5487999857869,3,1,1,4,1,0.0,1,estabilizada,1,1,1,472.5,384.25,0.19643765687942505,0.6823620796203613,0.2160281234307554,0.6293722973849691,0.2031668734307554,0.6179277973849692,-1.9629037973204395,0.20401231202671932,0.6182742828493927,-1.9354231709538638,0.0,0.5409316043413237,-0.2494513210246059,1.5826297546479535
2026-08-18T06:01:19.721+00:00,1787032879.7210295,192691.7563597,28.64934760000324,1760,192691.6748685,1.8532999965827912,79.5487999857869,10,0,0,4,1,0.0,1,estabilizada,1,1,1,,,,,,,,,,,,,nan,0.5409316043413237,-0.2494513210246059,1.5826297546479535
2026-08-18T06:01:19.860+00:00,1787032879.860818,192691.8957954,28.788783299998613,1764,192691.8077074,10.19500000984408,77.86829999531619,1,0,0,4,1,0.0,1,estabilizada,1,1,1,,,,,,,,,,,,,nan,0.5409361774722867,-0.24943779849173137,1.5826424703783277
2026-08-18T06:01:19.860+00:00,1787032879.860818,192691.8958392,28.788827100011986,1764,192691.8077074,10.19500000984408,77.86829999531619,2,1,1,4,1,0.0,1,estabilizada,1,1,1,974.25,254.75,1.038756012916565,0.9218600988388062,1.0104465330254593,0.8552519970515788,0.9975852830254592,0.8438074970515789,1.9273265274940898,1.0010669966085701,0.8363840179490001,1.9775579284474063,0.0,0.5409361774722867,-0.24943779849173137,1.5826424703783277
2026-08-18T06:01:19.860+00:00,1787032879.860818,192691.895852,28.788839899993036,1764,192691.8077074,10.19500000984408,77.86829999531619,3,1,1,4,1,0.0,1,estabilizada,1,1,1,472.5,384.5,0.19646385312080383,0.6819043755531311,0.2160529326330088,0.6289418162683416,0.2031916826330088,0.6174973162683416,-1.9756196822493428,0.20401231202671932,0.6182742828493927,-1.9354231709538638,0.0,0.5409361774722867,-0.24943779849173137,1.5826424703783277
2026-08-18T06:01:19.860+00:00,1787032879.860818,192691.8958625,28.78885040001478,1764,192691.8077074,10.19500000984408,77.86829999531619,10,0,0,4,1,0.0,1,estabilizada,1,1,1,,,,,,,,,,,,,nan,0.5409361774722867,-0.24943779849173137,1.5826424703783277
2026-08-18T06:01:20.014+00:00,1787032880.0143325,192692.0494388,28.942426699999487,1768,192691.9410257,12.631899997359142,95.72309997747652,1,0,0,4,1,0.0,1,estabilizada,1,1,1,,,,,,,,,,,,,nan,0.5409431518485028,-0.24942435933024223,1.5826552193332908
2026-08-18T06:01:20.014+00:00,1787032880.0143325,192692.0496723,28.942660200002138,1768,192691.9410257,12.631899997359142,95.72309997747652,2,1,1,4,1,0.0,1,estabilizada,1,1,1,974.25,254.75,1.038755178451538,0.9218597412109375,1.0104463706663864,0.8552529605546216,0.9975851206663864,0.8438084605546217,1.9273285209091733,1.0001783727631146,0.8378906555048657,1.9775579284474063,0.0,0.5409431518485028,-0.24942435933024223,1.5826552193332908
2026-08-18T06:01:20.014+00:00,1787032880.0143325,192692.0497255,28.942713399999775,1768,192691.9410257,12.631899997359142,95.72309997747652,3,1,1,4,1,0.0,1,estabilizada,1,1,1,472.5,384.25,0.1964326947927475,0.6823596358299255,0.216023784978568,0.62937237837802,0.203162534978568,0.61792787837802,-1.9334696636855475,0.20401231202671932,0.6182742828493927,-1.9354231709538638,0.0,0.5409431518485028,-0.24942435933024223,1.5826552193332908
2026-08-18T06:01:20.014+00:00,1787032880.0143325,192692.0497457,28.94273360000807,1768,192691.9410257,12.631899997359142,95.72309997747652,10,0,0,4,1,0.0,1,estabilizada,1,1,1,,,,,,,,,,,,,nan,0.5409431518485028,-0.24942435933024223,1.5826552193332908
2026-08-18T06:01:20.159+00:00,1787032880.1590393,192692.1944037,29.08739160001278,1773,192692.1079523,1.8563000194262713,84.56769998883829,1,0,0,4,1,0.0,1,estabilizada,1,1,1,,,,,,,,,,,,,nan,0.5409542160764491,-0.24941409411425317,1.5826650963986153
2026-08-18T06:01:20.159+00:00,1787032880.1590393,192692.1944488,29.087436700006947,1773,192692.1079523,1.8563000194262713,84.56769998883829,2,1,1,4,1,0.0,1,estabilizada,1,1,1,974.0,255.0,1.038246750831604,0.9213410019874573,1.0099676611936206,0.8547647194315829,0.9971064111936205,0.843320219431583,1.9750742711481994,1.0001783727631146,0.8378906555048657,1.9775579284474063,0.0,0.5409542160764491,-0.24941409411425317,1.5826650963986153
2026-08-18T06:01:20.159+00:00,1787032880.1590393,192692.1944615,29.08744940001634,1773,192692.1079523,1.8563000194262713,84.56769998883829,3,1,1,4,1,0.0,1,estabilizada,1,1,1,472.5,384.25,0.1964302808046341,0.6823590397834778,0.2160220151804163,0.6293727306511036,0.20316076518041631,0.6179282306511036,-1.962898637314992,0.20401231202671932,0.6182742828493927,-1.9354231709538638,0.0,0.5409542160764491,-0.24941409411425317,1.5826650963986153
2026-08-18T06:01:20.159+00:00,1787032880.1590393,192692.1944722,29.087460100010503,1773,192692.1079523,1.8563000194262713,84.56769998883829,10,0,0,4,1,0.0,1,estabilizada,1,1,1,,,,,,,,,,,,,nan,0.5409542160764491,-0.24941409411425317,1.5826650963986153
