wall_time_iso,t_wall,t_perf,session_elapsed_s,frame_seq,frame_received_perf,frame_wait_ms,processing_ms,robot_id,detected,accepted,workspace_markers_seen,homography_valid,homography_age_ms,calibration_enabled,homography_mode,parallax_enabled,alignment_enabled,pose_filter_enabled,pixel_x,pixel_y,floor_x,floor_y,corrected_x,corrected_y,aligned_x,aligned_y,raw_yaw,x,y,yaw,pose_age_ms,cam_x,cam_y,cam_z
2026-08-18T06:04:26.871+00:00,1787033066.8712301,192878.9018184,0.22606399998767301,66,192878.8021098,22.410400008084252,77.27320000412874,1,0,0,4,1,0.0,1,estabilizada,1,1,1,,,,,,,,,,,,,nan,0.5421437775930085,-0.25129555397836223,1.5810010404659662
2026-08-18T06:04:26.871+00:00,1787033066.8712301,192878.9018583,0.226103900000453,66,192878.8021098,22.410400008084252,77.27320000412874,2,1,1,4,1,0.0,1,estabilizada,1,1,1,457.5,519.25,0.1888376772403717,0.45049598813056946,0.2089499657322032,0.4105458317592692,0.1960887157322032,0.3991013317592692,2.9658812205656306,0.19579003954619972,0.3987295884396588,2.914688325868542,0.0,0.5421437775930085,-0.25129555397836223,1.5810010404659662
2026-08-18T06:04:26.871+00:00,1787033066.8712301,192878.9018699,0.22611550000146963,66,192878.8021098,22.410400008084252,77.27320000412874,3,1,1,4,1,0.0,1,estabilizada,1,1,1,472.5,273.5,0.18337836861610413,0.8952649831771851,0.2038014334854384,0.829995925344316,0.1909401834854384,0.818551425344316,-1.7347287179730082,0.19097368899360567,0.8185669368121985,-1.7755340722313346,0.0,0.5421437775930085,-0.25129555397836223,1.5810010404659662
2026-08-18T06:04:26.871+00:00,1787033066.8712301,192878.9018796,0.22612519998801872,66,192878.8021098,22.410400008084252,77.27320000412874,10,0,0,4,1,0.0,1,estabilizada,1,1,1,,,,,,,,,,,,,nan,0.5421437775930085,-0.25129555397836223,1.5810010404659662
2026-08-18T06:04:27.006+00:00,1787033067.006367,192879.0363697,0.36061530001461506,70,192878.9330975,22.95139999478124,80.28729999205098,1,0,0,4,1,0.0,1,estabilizada,1,1,1,,,,,,,,,,,,,nan,0.5421288968204301,-0.2512599993764466,1.5810318116161695
2026-08-18T06:04:27.006+00:00,1787033067.006367,192879.0364131,0.3606586999958381,70,192878.9330975,22.95139999478124,80.28729999205098,2,1,1,4,1,0.0,1,estabilizada,1,1,1,457.25,519.5,0.18849150836467743,0.4500958323478699,0.2086222639428862,0.41017125626317763,0.1957610139428862,0.39872675626317766,2.9147465266130625,0.19579003954619972,0.3987295884396588,2.914688325868542,0.0,0.5421288968204301,-0.2512599993764466,1.5810318116161695
2026-08-18T06:04:27.006+00:00,1787033067.006367,192879.0364285,0.360674099996686,70,192878.9330975,22.95139999478124,80.28729999205098,3,1,1,4,1,0.0,1,estabilizada,1,1,1,472.25,273.0,0.1828979104757309,0.8962742686271667,0.20334708077925162,0.8309510516232332,0.19048583077925163,0.8195065516232333,-1.7969918814831025,0.19097368899360567,0.8185669368121985,-1.7755340722313346,0.0,0.5421288968204301,-0.2512599993764466,1.5810318116161695
2026-08-18T06:04:27.006+00:00,1787033067.006367,192879.0364413,0.36068690000684,70,192878.9330975,22.95139999478124,80.28729999205098,10,0,0,4,1,0.0,1,estabilizada,1,1,1,,,,,,,,,,,,,nan,0.5421288968204301,-0.2512599993764466,1.5810318116161695
2026-08-18T06:04:27.141+00:00,1787033067.1415942,192879.1721623,0.496407900005579,74,192879.0665777,28.234099998371676,77.32569999643601,1,0,0,4,1,0.0,1,estabilizada,1,1,1,,,,,,,,,,,,,nan,0.5421130280019885,-0.25122645635606056,1.5810608525977086
2026-08-18T06:04:27.141+00:00,1787033067.1415942,192879.1722051,0.4964507000113372,74,192879.0665777,28.234099998371676,77.32569999643601,2,1,1,4,1,0.0,1,estabilizada,1,1,1,457.25,519.5,0.18848897516727448,0.4500923752784729,0.20861860186876002,0.4101706387157068,0.19575735186876003,0.39872613871570683,2.914753786810154,0.19579003954619972,0.3987295884396588,2.914688325868542,0.0,0.5421130280019885,-0.25122645635606056,1.5810608525977086
2026-08-18T06:04:27.141+00:00,1787033067.1415942,192879.1722172,0.4964627999870572,74,192879.0665777,28.234099998371676,77.32569999643601,3,1,1,4,1,0.0,1,estabilizada,1,1,1,472.5,273.5,0.18337060511112213,0.8952534794807434,0.20379158891268184,0.829991478934856,0.19093033891268185,0.8185469789348561,-1.7347258373002572,0.19097368899360567,0.8185669368121985,-1.7755340722313346,0.0,0.5421130280019885,-0.25122645635606056,1.5810608525977086
2026-08-18T06:04:27.141+00:00,1787033067.1415942,192879.1722273,0.49647290000575595,74,192879.0665777,28.234099998371676,77.32569999643601,10,0,0,4,1,0.0,1,estabilizada,1,1,1,,,,,,,,,,,,,nan,0.5421130280019885,-0.25122645635606056,1.5810608525977086
2026-08-18T06:04:27.286+00:00,1787033067.286179,192879.3167653,0.6410108999989461,79,192879.232061,5.026700004236773,79.65220001642592,1,0,0,4,1,0.0,1,estabilizada,1,1,1,,,,,,,,,,,,,nan,0.5420962789525301,-0.25119478542703677,1.581088274382754
2026-08-18T06:04:27.286+00:00,1787033067.286179,192879.3168078,0.64105340000242,79,192879.232061,5.026700004236773,79.65220001642592,2,1,1,4,1,0.0,1,estabilizada,1,1,1,456.25,518.0,0.1868349015712738,0.4525712728500366,0.20705738027936194,0.41251092563782055,0.19419613027936194,0.4010664256378206,2.8756879400819657,0.19579003954619972,0.3987295884396588,2.914688325868542,0.0,0.5420962789525301,-0.25119478542703677,1.581088274382754
2026-08-18T06:04:27.286+00:00,1787033067.286179,192879.3168204,0.6410660000110511,79,192879.232061,5.026700004236773,79.65220001642592,3,1,1,4,1,0.0,1,estabilizada,1,1,1,472.25,273.0,0.18289074301719666,0.8962631225585938,0.2033377343446106,0.8309465849610814,0.19047648434461062,0.8195020849610815,-1.785512211624417,0.19097368899360567,0.8185669368121985,-1.7755340722313346,0.0,0.5420962789525301,-0.25119478542703677,1.581088274382754
2026-08-18T06:04:27.286+00:00,1787033067.286179,192879.3168308,0.6410764000029303,79,192879.232061,5.026700004236773,79.65220001642592,10,0,0,4,1,0.0,1,estabilizada,1,1,1,,,,,,,,,,,,,nan,0.5420962789525301,-0.25119478542703677,1.581088274382754
2026-08-18T06:04:27.422+00:00,1787033067.4225557,192879.4529257,0.777171299996553,83,192879.3676239,9.681700001237914,75.59550000587478,1,0,0,4,1,0.0,1,estabilizada,1,1,1,,,,,,,,,,,,,nan,0.5420800416914133,-0.25116306275396094,1.5811156992650794
2026-08-18T06:04:27.422+00:00,1787033067.4225557,192879.45297,0.7772156000137329,83,192879.3676239,9.681700001237914,75.59550000587478,2,1,1,4,1,0.0,1,estabilizada,1,1,1,455.5,516.0,0.185494527220726,0.45585867762565613,0.2057920274715166,0.4156137058859267,0.1929307774715166,0.40416920588592675,2.661928542255144,0.19579003954619972,0.3987295884396588,2.8709353431670195,0.0,0.5420800416914133,-0.25116306275396094,1.5811156992650794
2026-08-18T06:04:27.422+00:00,1787033067.4225557,192879.452982,0.7772275999886915,83,192879.3676239,9.681700001237914,75.59550000587478,3,1,1,4,1,0.0,1,estabilizada,1,1,1,472.25,272.75,0.18285591900348663,0.8967627882957458,0.2033036136642511,0.8314207474555373,0.1904423636642511,0.8199762474555373,-1.7855115082692974,0.19097368899360567,0.8185669368121985,-1.7755340722313346,0.0,0.5420800416914133,-0.25116306275396094,1.5811156992650794
2026-08-18T06:04:27.422+00:00,1787033067.4225557,192879.4529917,0.7772373000043444,83,192879.3676239,9.681700001237914,75.59550000587478,10,0,0,4,1,0.0,1,estabilizada,1,1,1,,,,,,,,,,,,,nan,0.5420800416914133,-0.25116306275396094,1.5811156992650794
2026-08-18T06:04:27.563+00:00,1787033067.5633478,192879.5939283,0.9181738999905065,87,192879.4988904,21.318000013707206,73.69709998602048,1,0,0,4,1,0.0,1,estabilizada,1,1,1,,,,,,,,,,,,,nan,0.5420648674163069,-0.25113227869698235,1.5811426595658218
2026-08-18T06:04:27.563+00:00,1787033067.5633478,192879.5939701,0.9182156999886502,87,192879.4988904,21.318000013707206,73.69709998602048,2,1,1,4,1,0.0,1,estabilizada,1,1,1,456.0,514.5,0.18606775999069214,0.4582841098308563,0.2063314215107117,0.4179035188821319,0.19347017151071172,0.40645901888213193,2.48262115967947,0.19579003954619972,0.3987295884396588,2.6809506365704507,0.0,0.5420648674163069,-0.25113227869698235,1.5811426595658218
2026-08-18T06:04:27.563+00:00,1787033067.5633478,192879.5939819,0.9182274999911897,87,192879.4988904,21.318000013707206,73.69709998602048,3,1,1,4,1,0.0,1,estabilizada,1,1,1,472.25,272.75,0.18285267055034637,0.8967581987380981,0.20329933772635816,0.8314192855513993,0.19043808772635817,0.8199747855513994,-1.7855113952046238,0.19097368899360567,0.8185669368121985,-1.7755340722313346,0.0,0.5420648674163069,-0.25113227869698235,1.5811426595658218
2026-08-18T06:04:27.563+00:00,1787033067.5633478,192879.5939919,0.918237500009127,87,192879.4988904,21.318000013707206,73.69709998602048,10,0,0,4,1,0.0,1,estabilizada,1,1,1,,,,,,,,,,,,,nan,0.5420648674163069,-0.25113227869698235,1.5811426595658218
2026-08-18T06:04:27.707+00:00,1787033067.7077,192879.7379332,1.0621787999989465,91,192879.6329462,28.173400001833215,76.79110000026412,1,0,0,4,1,0.0,1,estabilizada,1,1,1,,,,,,,,,,,,,nan,0.5420466932784985,-0.251100801540197,1.5811701584721853
2026-08-18T06:04:27.707+00:00,1787033067.7077,192879.7379736,1.0622191999864299,91,192879.6329462,28.173400001833215,76.79110000026412,2,1,1,4,1,0.0,1,estabilizada,1,1,1,456.25,513.25,0.18629789352416992,0.4603140950202942,0.206547068988515,0.4198204515326691,0.193685818988515,0.40837595153266915,2.28276025360394,0.19530911657791178,0.4004083175803651,2.5418553241517823,0.0,0.5420466932784985,-0.251100801540197,1.5811701584721853
2026-08-18T06:04:27.707+00:00,1787033067.7077,192879.7379858,1.0622313999920152,91,192879.6329462,28.173400001833215,76.79110000026412,3,1,1,4,1,0.0,1,estabilizada,1,1,1,472.5,273.5,0.1833578646183014,0.895234227180481,0.20377438614600996,0.829984986273639,0.19091313614600997,0.8185404862736391,-1.7347230422135655,0.19097368899360567,0.8185669368121985,-1.7755340722313346,0.0,0.5420466932784985,-0.251100801540197,1.5811701584721853
2026-08-18T06:04:27.707+00:00,1787033067.7077,192879.7379965,1.0622420999861788,91,192879.6329462,28.173400001833215,76.79110000026412,10,0,0,4,1,0.0,1,estabilizada,1,1,1,,,,,,,,,,,,,nan,0.5420466932784985,-0.251100801540197,1.5811701584721853
2026-08-18T06:04:27.845+00:00,1787033067.8453631,192879.8759476,1.2001931999984663,96,192879.7991296,4.161699995165691,72.63260000036098,1,0,0,4,1,0.0,1,estabilizada,1,1,1,,,,,,,,,,,,,nan,0.5420298498580822,-0.2510703441120238,1.5811970914391429
2026-08-18T06:04:27.845+00:00,1787033067.8453631,192879.8759905,1.200236100004986,96,192879.7991296,4.161699995165691,72.63260000036098,2,1,1,4,1,0.0,1,estabilizada,1,1,1,455.0,509.5,0.18401242792606354,0.4665029048919678,0.2043903859607289,0.42565942449346805,0.1915291359607289,0.4142149244934681,2.0645758844137303,0.19490855926983375,0.40214382021424483,2.3449218440834194,0.0,0.5420298498580822,-0.2510703441120238,1.5811970914391429
2026-08-18T06:04:27.845+00:00,1787033067.8453631,192879.8760021,1.2002477000060026,96,192879.7991296,4.161699995165691,72.63260000036098,3,1,1,4,1,0.0,1,estabilizada,1,1,1,472.5,273.5,0.1833551675081253,0.8952304124832153,0.2037705360831557,0.8299842337164222,0.19090928608315572,0.8185397337164222,-1.7755231652233323,0.19097368899360567,0.8185669368121985,-1.7755340722313346,0.0,0.5420298498580822,-0.2510703441120238,1.5811970914391429
2026-08-18T06:04:27.845+00:00,1787033067.8453631,192879.8760143,1.2002599000115879,96,192879.7991296,4.161699995165691,72.63260000036098,10,0,0,4,1,0.0,1,estabilizada,1,1,1,,,,,,,,,,,,,nan,0.5420298498580822,-0.2510703441120238,1.5811970914391429
2026-08-18T06:04:27.983+00:00,1787033067.9839349,192880.0147836,1.3390291999967303,99,192879.8995908,31.305700016673654,83.85809999890625,1,0,0,4,1,0.0,1,estabilizada,1,1,1,,,,,,,,,,,,,nan,0.5420134874239371,-0.2510399104681012,1.5812238284633648
2026-08-18T06:04:27.983+00:00,1787033067.9839349,192880.0148422,1.3390878000063822,99,192879.8995908,31.305700016673654,83.85809999890625,2,1,1,4,1,0.0,1,estabilizada,1,1,1,455.0,508.25,0.18386942148208618,0.46855178475379944,0.20425424326034802,0.4275941091836633,0.19139299326034803,0.41614960918366334,2.0191490206510783,0.19354324884396196,0.40691474556191165,2.214456946753471,0.0,0.5420134874239371,-0.2510399104681012,1.5812238284633648
2026-08-18T06:04:27.983+00:00,1787033067.9839349,192880.0148659,1.3391115000122227,99,192879.8995908,31.305700016673654,83.85809999890625,3,1,1,4,1,0.0,1,estabilizada,1,1,1,472.0,272.75,0.18243132531642914,0.896752655506134,0.20289800056323815,0.8314226692776381,0.19003675056323815,0.8199781692776381,-1.7855126448228706,0.19097368899360567,0.8185669368121985,-1.7755340722313346,0.0,0.5420134874239371,-0.2510399104681012,1.5812238284633648
2026-08-18T06:04:27.983+00:00,1787033067.9839349,192880.0148868,1.3391323999967426,99,192879.8995908,31.305700016673654,83.85809999890625,10,0,0,4,1,0.0,1,estabilizada,1,1,1,,,,,,,,,,,,,nan,0.5420134874239371,-0.2510399104681012,1.5812238284633648
2026-08-18T06:04:28.128+00:00,1787033068.1286917,192880.1596277,1.4838732999924105,104,192880.0711347,13.677699986146763,74.79199999943376,1,0,0,4,1,0.0,1,estabilizada,1,1,1,,,,,,,,,,,,,nan,0.5419962638147786,-0.2510100199262164,1.5812504699583678
2026-08-18T06:04:28.129+00:00,1787033068.1296887,192880.1596707,1.4839162999996915,104,192880.0711347,13.677699986146763,74.79199999943376,2,1,1,4,1,0.0,1,estabilizada,1,1,1,455.0,505.25,0.18352800607681274,0.47348108887672424,0.20393093642172289,0.432245243556165,0.1910696864217229,0.42080074355616504,1.856798856706526,0.19307163655018222,0.40887969753454767,2.083054315291493,0.0,0.5419962638147786,-0.2510100199262164,1.5812504699583678
2026-08-18T06:04:28.129+00:00,1787033068.1296887,192880.1596834,1.4839290000090841,104,192880.0711347,13.677699986146763,74.79199999943376,3,1,1,4,1,0.0,1,estabilizada,1,1,1,472.0,272.75,0.18242932856082916,0.8967491388320923,0.20289479231098856,0.8314221547452716,0.19003354231098857,0.8199776547452716,-1.7855137500509048,0.19097368899360567,0.8185669368121985,-1.7755340722313346,0.0,0.5419962638147786,-0.2510100199262164,1.5812504699583678
2026-08-18T06:04:28.129+00:00,1787033068.1296887,192880.1596932,1.4839387999963947,104,192880.0711347,13.677699986146763,74.79199999943376,10,0,0,4,1,0.0,1,estabilizada,1,1,1,,,,,,,,,,,,,nan,0.5419962638147786,-0.2510100199262164,1.5812504699583678
2026-08-18T06:04:28.274+00:00,1787033068.2746181,192880.3051468,1.6293924000055995,107,192880.1657983,61.89439998706803,77.40430001285858,1,0,0,4,1,0.0,1,estabilizada,1,1,1,,,,,,,,,,,,,nan,0.5419793246303042,-0.25097929926649987,1.581277204324606
2026-08-18T06:04:28.274+00:00,1787033068.2746181,192880.3051957,1.6294412999995984,107,192880.1657983,61.89439998706803,77.40430001285858,2,1,1,4,1,0.0,1,estabilizada,1,1,1,455.25,504.5,0.18381504714488983,0.4747038185596466,0.2042003311959904,0.43340082600038243,0.1913390811959904,0.42195632600038246,1.8264644276790056,0.19267239283192084,0.41136072397354273,2.0446128731192044,0.0,0.5419793246303042,-0.25097929926649987,1.581277204324606
2026-08-18T06:04:28.274+00:00,1787033068.2746181,192880.3054226,1.629668200010201,107,192880.1657983,61.89439998706803,77.40430001285858,3,1,1,4,1,0.0,1,estabilizada,1,1,1,472.5,273.5,0.18334920704364777,0.8952199816703796,0.20376100485779836,0.829982884087366,0.19089975485779836,0.818538384087366,-1.7755256762333018,0.19097368899360567,0.8185669368121985,-1.7755340722313346,0.0,0.5419793246303042,-0.25097929926649987,1.581277204324606
2026-08-18T06:04:28.274+00:00,1787033068.2746181,192880.3054529,1.6296985000080895,107,192880.1657983,61.89439998706803,77.40430001285858,10,0,0,4,1,0.0,1,estabilizada,1,1,1,,,,,,,,,,,,,nan,0.5419793246303042,-0.25097929926649987,1.581277204324606
2026-08-18T06:04:28.432+00:00,1787033068.4328954,192880.4628765,1.787122100009583,113,192880.3656894,3.4681000106502324,93.6900999804493,1,0,0,4,1,0.0,1,estabilizada,1,1,1,,,,,,,,,,,,,nan,0.5419599099415204,-0.2509511227256406,1.5813019213835573
2026-08-18T06:04:28.432+00:00,1787033068.4328954,192880.4629214,1.7871670000022277,113,192880.3656894,3.4681000106502324,93.6900999804493,2,1,1,4,1,0.0,1,estabilizada,1,1,1,455.75,501.75,0.18424957990646362,0.47921574115753174,0.20460870884180765,0.4376582012210797,0.19174745884180766,0.4262137012210797,1.6985108445732666,0.19199541699763711,0.417524781938515,1.864384995445474,0.0,0.5419599099415204,-0.2509511227256406,1.5813019213835573
2026-08-18T06:04:28.432+00:00,1787033068.4328954,192880.4629394,1.7871849999937695,113,192880.3656894,3.4681000106502324,93.6900999804493,3,1,1,4,1,0.0,1,estabilizada,1,1,1,472.25,273.0,0.18287135660648346,0.8962313532829285,0.20330892729625838,0.8309393167372218,0.1904476772962584,0.8194948167372218,-1.785515665370061,0.19097368899360567,0.8185669368121985,-1.7755340722313346,0.0,0.5419599099415204,-0.2509511227256406,1.5813019213835573
2026-08-18T06:04:28.432+00:00,1787033068.4328954,192880.4629606,1.7872062000096776,113,192880.3656894,3.4681000106502324,93.6900999804493,10,0,0,4,1,0.0,1,estabilizada,1,1,1,,,,,,,,,,,,,nan,0.5419599099415204,-0.2509511227256406,1.5813019213835573
2026-08-18T06:04:28.584+00:00,1787033068.5844328,192880.6144851,1.9387306999997236,117,192880.4993295,26.398600020911545,88.73170000151731,1,0,0,4,1,0.0,1,estabilizada,1,1,1,,,,,,,,,,,,,nan,0.5419386880755902,-0.2509218780418648,1.5813268332240784
2026-08-18T06:04:28.584+00:00,1787033068.5844328,192880.6145287,1.9387743000115734,117,192880.4993295,26.398600020911545,88.73170000151731,2,1,1,4,1,0.0,1,estabilizada,1,1,1,456.75,501.0,0.185659721493721,0.4804120361804962,0.2059370647466604,0.43878872915938166,0.1930758147466604,0.4273442291593817,1.5392654835864057,0.19195258255447853,0.41943805000356965,1.744973752557504,0.0,0.5419386880755902,-0.2509218780418648,1.5813268332240784
2026-08-18T06:04:28.584+00:00,1787033068.5844328,192880.6145408,1.9387863999872934,117,192880.4993295,26.398600020911545,88.73170000151731,3,1,1,4,1,0.0,1,estabilizada,1,1,1,472.0,272.75,0.18242515623569489,0.8967382311820984,0.20288659228153832,0.8314200391043951,0.19002534228153833,0.8199755391043951,-1.785517065764612,0.19097368899360567,0.8185669368121985,-1.7755340722313346,0.0,0.5419386880755902,-0.2509218780418648,1.5813268332240784
2026-08-18T06:04:28.584+00:00,1787033068.5844328,192880.614551,1.9387966000067536,117,192880.4993295,26.398600020911545,88.73170000151731,10,0,0,4,1,0.0,1,estabilizada,1,1,1,,,,,,,,,,,,,nan,0.5419386880755902,-0.2509218780418648,1.5813268332240784
2026-08-18T06:04:28.738+00:00,1787033068.7389128,192880.7697921,2.0940377000079025,122,192880.6653251,16.184299980523065,88.24579999782145,1,0,0,4,1,0.0,1,estabilizada,1,1,1,,,,,,,,,,,,,nan,0.5419180178953306,-0.25089297894654394,1.5813519708220445
2026-08-18T06:04:28.739+00:00,1787033068.7399137,192880.7698679,2.0941135000030044,122,192880.6653251,16.184299980523065,88.24579999782145,2,1,1,4,1,0.0,1,estabilizada,1,1,1,458.25,501.25,0.1879311054944992,0.47993725538253784,0.20807767798684157,0.43834327611464263,0.19521642798684158,0.42689877611464266,1.3993313786052055,0.19228443635380993,0.4211438098620711,1.5688828226932565,0.0,0.5419180178953306,-0.25089297894654394,1.5813519708220445
2026-08-18T06:04:28.739+00:00,1787033068.7399137,192880.7698826,2.094128199998522,122,192880.6653251,16.184299980523065,88.24579999782145,3,1,1,4,1,0.0,1,estabilizada,1,1,1,472.5,273.5,0.18334567546844482,0.8952090740203857,0.20375322003402552,0.8299805944217529,0.19089197003402553,0.8185360944217529,-1.7755296600372699,0.19097368899360567,0.8185669368121985,-1.7755340722313346,0.0,0.5419180178953306,-0.25089297894654394,1.5813519708220445
2026-08-18T06:04:28.739+00:00,1787033068.7399137,192880.7699109,2.0941565000102855,122,192880.6653251,16.184299980523065,88.24579999782145,10,0,0,4,1,0.0,1,estabilizada,1,1,1,,,,,,,,,,,,,nan,0.5419180178953306,-0.25089297894654394,1.5813519708220445
2026-08-18T06:04:28.891+00:00,1787033068.891422,192880.921832,2.2460775999934413,127,192880.8313542,7.4825999909080565,82.96749999863096,1,0,0,4,1,0.0,1,estabilizada,1,1,1,,,,,,,,,,,,,nan,0.5418980657901653,-0.25086405997796324,1.5813763841087056
2026-08-18T06:04:28.891+00:00,1787033068.891422,192880.9218775,2.2461230999906547,127,192880.8313542,7.4825999909080565,82.96749999863096,2,1,1,4,1,0.0,1,estabilizada,1,1,1,460.5,501.5,0.1913246065378189,0.4794328808784485,0.2112766000352394,0.4378698947749713,0.1984153500352394,0.4264253947749713,1.2169546001181737,0.19228443635380993,0.4211438098620711,1.4482129490364146,0.0,0.5418980657901653,-0.25086405997796324,1.5813763841087056
2026-08-18T06:04:28.891+00:00,1787033068.891422,192880.9218892,2.246134799992433,127,192880.8313542,7.4825999909080565,82.96749999863096,3,1,1,4,1,0.0,1,estabilizada,1,1,1,472.0,272.75,0.18242321908473969,0.8967313170433044,0.2028818123257934,0.8314188557154298,0.1900205623257934,0.8199743557154299,-1.7855204568786178,0.19097368899360567,0.8185669368121985,-1.7755340722313346,0.0,0.5418980657901653,-0.25086405997796324,1.5813763841087056
2026-08-18T06:04:28.891+00:00,1787033068.891422,192880.9218994,2.246145000011893,127,192880.8313542,7.4825999909080565,82.96749999863096,10,0,0,4,1,0.0,1,estabilizada,1,1,1,,,,,,,,,,,,,nan,0.5418980657901653,-0.25086405997796324,1.5813763841087056
2026-08-18T06:04:29.047+00:00,1787033069.0471087,192881.0775902,2.4018358000030275,131,192880.9672629,16.087800002424046,94.211899995571,1,0,0,4,1,0.0,1,estabilizada,1,1,1,,,,,,,,,,,,,nan,0.5418784757221057,-0.2508355975638173,1.5814003531560172
2026-08-18T06:04:29.047+00:00,1787033069.0471087,192881.0776347,2.4018802999926265,131,192880.9672629,16.087800002424046,94.211899995571,2,1,1,4,1,0.0,1,estabilizada,1,1,1,460.75,502.5,0.19180834293365479,0.47777029871940613,0.21173138891507443,0.4363041826061635,0.19887013891507443,0.4248596826061635,1.131280491513115,0.19228443635380993,0.4211438098620711,1.3616640198503007,0.0,0.5418784757221057,-0.2508355975638173,1.5814003531560172
2026-08-18T06:04:29.047+00:00,1787033069.0471087,192881.0776464,2.4018919999944046,131,192880.9672629,16.087800002424046,94.211899995571,3,1,1,4,1,0.0,1,estabilizada,1,1,1,472.5,273.5,0.18334415555000305,0.8952023386955261,0.20374891184785737,0.8299795037205011,0.19088766184785738,0.8185350037205011,-1.775533407259027,0.19097368899360567,0.8185669368121985,-1.7755340722313346,0.0,0.5418784757221057,-0.2508355975638173,1.5814003531560172
2026-08-18T06:04:29.047+00:00,1787033069.0471087,192881.077656,2.401901600009296,131,192880.9672629,16.087800002424046,94.211899995571,10,0,0,4,1,0.0,1,estabilizada,1,1,1,,,,,,,,,,,,,nan,0.5418784757221057,-0.2508355975638173,1.5814003531560172
2026-08-18T06:04:29.189+00:00,1787033069.1898518,192881.2201159,2.5443615000112914,136,192881.1316957,6.623900000704452,81.77129999967292,1,0,0,4,1,0.0,1,estabilizada,1,1,1,,,,,,,,,,,,,nan,0.5418579643017977,-0.2508068687521573,1.5814246378917054
2026-08-18T06:04:29.189+00:00,1787033069.1898518,192881.2201585,2.544404099986423,136,192881.1316957,6.623900000704452,81.77129999967292,2,1,1,4,1,0.0,1,estabilizada,1,1,1,460.25,504.5,0.19128085672855377,0.474491149187088,0.2112324490621953,0.4332139235447984,0.1983711990621953,0.4217694235447984,1.116726895135318,0.19228443635380993,0.4211438098620711,1.2380925431787413,0.0,0.5418579643017977,-0.2508068687521573,1.5814246378917054
2026-08-18T06:04:29.189+00:00,1787033069.1898518,192881.2201699,2.5444155000150204,136,192881.1316957,6.623900000704452,81.77129999967292,3,1,1,4,1,0.0,1,estabilizada,1,1,1,472.0,273.0,0.18245363235473633,0.8962201476097107,0.2029075883006602,0.8309420249606329,0.1900463383006602,0.8194975249606329,-1.7970042858808157,0.19097368899360567,0.8185669368121985,-1.7755340722313346,0.0,0.5418579643017977,-0.2508068687521573,1.5814246378917054
2026-08-18T06:04:29.189+00:00,1787033069.1898518,192881.22018,2.5444256000046153,136,192881.1316957,6.623900000704452,81.77129999967292,10,0,0,4,1,0.0,1,estabilizada,1,1,1,,,,,,,,,,,,,nan,0.5418579643017977,-0.2508068687521573,1.5814246378917054
2026-08-18T06:04:29.333+00:00,1787033069.3335423,192881.3640859,2.688331499986816,140,192881.2651639,21.558299980824813,77.32969999779016,1,0,0,4,1,0.0,1,estabilizada,1,1,1,,,,,,,,,,,,,nan,0.5418427413900647,-0.2507792436342664,1.5814485470318682
2026-08-18T06:04:29.333+00:00,1787033069.3335423,192881.3641318,2.6883773999870755,140,192881.2651639,21.558299980824813,77.32969999779016,2,1,1,4,1,0.0,1,estabilizada,1,1,1,460.0,504.75,0.190933957695961,0.4740874469280243,0.21090412402969566,0.4328353921121735,0.19804287402969567,0.4213908921121735,1.0362622869552895,0.19228443635380993,0.4211438098620711,1.1425027609819869,0.0,0.5418427413900647,-0.2507792436342664,1.5814485470318682
2026-08-18T06:04:29.333+00:00,1787033069.3335423,192881.3641442,2.6883897999941837,140,192881.2651639,21.558299980824813,77.32969999779016,3,1,1,4,1,0.0,1,estabilizada,1,1,1,472.0,273.0,0.18245232105255127,0.8962169289588928,0.20290517605759273,0.8309415485317961,0.19004392605759274,0.8194970485317962,-1.797005463607322,0.19097368899360567,0.8185669368121985,-1.7755340722313346,0.0,0.5418427413900647,-0.2507792436342664,1.5814485470318682
2026-08-18T06:04:29.333+00:00,1787033069.3335423,192881.364154,2.688399600010598,140,192881.2651639,21.558299980824813,77.32969999779016,10,0,0,4,1,0.0,1,estabilizada,1,1,1,,,,,,,,,,,,,nan,0.5418427413900647,-0.2507792436342664,1.5814485470318682
2026-08-18T06:04:29.471+00:00,1787033069.4711325,192881.5085732,2.832818800001405,144,192881.3984894,30.92690001358278,79.13229998666793,1,0,0,4,1,0.0,1,estabilizada,1,1,1,,,,,,,,,,,,,nan,0.5418306038635935,-0.2507511882830593,1.5814731024254634
2026-08-18T06:04:29.471+00:00,1787033069.4711325,192881.5086171,2.8328626999864355,144,192881.3984894,30.92690001358278,79.13229998666793,2,1,1,4,1,0.0,1,estabilizada,1,1,1,459.0,505.75,0.18954966962337494,0.47247937321662903,0.20959761355172513,0.4313210693320141,0.19673636355172514,0.4198765693320141,0.9949862831038292,0.19228443635380993,0.4211438098620711,1.09147420826989,0.0,0.5418306038635935,-0.2507511882830593,1.5814731024254634
2026-08-18T06:04:29.471+00:00,1787033069.4711325,192881.50863,2.832875599997351,144,192881.3984894,30.92690001358278,79.13229998666793,3,1,1,4,1,0.0,1,estabilizada,1,1,1,472.25,273.0,0.18286418914794922,0.8962078094482422,0.20329259686152945,0.830935558129202,0.19043134686152946,0.819491058129202,-1.7970066413392727,0.19097368899360567,0.8185669368121985,-1.7755340722313346,0.0,0.5418306038635935,-0.2507511882830593,1.5814731024254634
2026-08-18T06:04:29.471+00:00,1787033069.4711325,192881.5086401,2.832885699986946,144,192881.3984894,30.92690001358278,79.13229998666793,10,0,0,4,1,0.0,1,estabilizada,1,1,1,,,,,,,,,,,,,nan,0.5418306038635935,-0.2507511882830593,1.5814731024254634
2026-08-18T06:04:29.609+00:00,1787033069.6090364,192881.6396336,2.9638791999896057,148,192881.5338278,31.19349997723475,74.5877000153996,1,0,0,4,1,0.0,1,estabilizada,1,1,1,,,,,,,,,,,,,nan,0.5418208013170104,-0.2507243050958493,1.5814970084423947
2026-08-18T06:04:29.609+00:00,1787033069.6090364,192881.6396747,2.963920300011523,148,192881.5338278,31.19349997723475,74.5877000153996,2,1,1,4,1,0.0,1,estabilizada,1,1,1,458.0,506.75,0.18816635012626648,0.47087275981903076,0.2082921552572639,0.42980803728357564,0.19543090525726392,0.41836353728357567,0.7807193980697307,0.19228443635380993,0.4211438098620711,1.0320006365654464,0.0,0.5418208013170104,-0.2507243050958493,1.5814970084423947
2026-08-18T06:04:29.609+00:00,1787033069.6090364,192881.6396862,2.9639318000117783,148,192881.5338278,31.19349997723475,74.5877000153996,3,1,1,4,1,0.0,1,estabilizada,1,1,1,472.0,273.0,0.18244846165180206,0.8962106704711914,0.2028996609883874,0.830940772867845,0.19003841098838742,0.819496272867845,-1.7970074881255544,0.19097368899360567,0.8185669368121985,-1.7755340722313346,0.0,0.5418208013170104,-0.2507243050958493,1.5814970084423947
2026-08-18T06:04:29.609+00:00,1787033069.6090364,192881.6396963,2.963941900001373,148,192881.5338278,31.19349997723475,74.5877000153996,10,0,0,4,1,0.0,1,estabilizada,1,1,1,,,,,,,,,,,,,nan,0.5418208013170104,-0.2507243050958493,1.5814970084423947
2026-08-18T06:04:29.749+00:00,1787033069.7491615,192881.7799126,3.1041582000034396,153,192881.6985027,5.7240000169258565,75.66060000681318,1,0,0,4,1,0.0,1,estabilizada,1,1,1,,,,,,,,,,,,,nan,0.541814016544493,-0.250697729943456,1.581521239346889
2026-08-18T06:04:29.749+00:00,1787033069.7491615,192881.7799543,3.104199900000822,153,192881.6985027,5.7240000169258565,75.66060000681318,2,1,1,4,1,0.0,1,estabilizada,1,1,1,457.75,508.0,0.18793079257011414,0.46882688999176025,0.20806930817477765,0.4278807337321631,0.19520805817477765,0.41643623373216315,0.7571828351577898,0.19228443635380993,0.4211438098620711,0.9176188230681289,0.0,0.541814016544493,-0.250697729943456,1.581521239346889
2026-08-18T06:04:29.749+00:00,1787033069.7491615,192881.7799668,3.1042124000086915,153,192881.6985027,5.7240000169258565,75.66060000681318,3,1,1,4,1,0.0,1,estabilizada,1,1,1,472.0,273.0,0.18244563043117523,0.8962073922157288,0.2028962914438311,0.8309401935045984,0.1900350414438311,0.8194956935045984,-1.797007439436994,0.19097368899360567,0.8185669368121985,-1.7755340722313346,0.0,0.541814016544493,-0.250697729943456,1.581521239346889
2026-08-18T06:04:29.749+00:00,1787033069.7491615,192881.7799768,3.104222399997525,153,192881.6985027,5.7240000169258565,75.66060000681318,10,0,0,4,1,0.0,1,estabilizada,1,1,1,,,,,,,,,,,,,nan,0.541814016544493,-0.250697729943456,1.581521239346889
2026-08-18T06:04:29.889+00:00,1787033069.8899636,192881.920603,3.2448486000066623,157,192881.8317656,15.717299975221977,73.09410002199002,1,0,0,4,1,0.0,1,estabilizada,1,1,1,,,,,,,,,,,,,nan,0.5418091116572449,-0.25067308174875313,1.5815438879165216
2026-08-18T06:04:29.889+00:00,1787033069.8899636,192881.9206459,3.244891500013182,157,192881.8317656,15.717299975221977,73.09410002199002,2,1,1,4,1,0.0,1,estabilizada,1,1,1,457.0,509.0,0.18692199885845184,0.4672136902809143,0.2071173537872158,0.4263613244526191,0.1942561037872158,0.4149168244526191,0.6443809879341489,0.19228443635380993,0.4211438098620711,0.8094277138400517,0.0,0.5418091116572449,-0.25067308174875313,1.5815438879165216
2026-08-18T06:04:29.889+00:00,1787033069.8899636,192881.9206576,3.24490320001496,157,192881.8317656,15.717299975221977,73.09410002199002,3,1,1,4,1,0.0,1,estabilizada,1,1,1,472.0,273.0,0.1824428290128708,0.8962046504020691,0.20289307746003932,0.8309399450200693,0.19003182746003933,0.8194954450200693,-1.797007390748179,0.19097368899360567,0.8185669368121985,-1.7755340722313346,0.0,0.5418091116572449,-0.25067308174875313,1.5815438879165216
2026-08-18T06:04:29.889+00:00,1787033069.8899636,192881.9206672,3.2449128000007477,157,192881.8317656,15.717299975221977,73.09410002199002,10,0,0,4,1,0.0,1,estabilizada,1,1,1,,,,,,,,,,,,,nan,0.5418091116572449,-0.25067308174875313,1.5815438879165216
2026-08-18T06:04:30.037+00:00,1787033070.0378509,192882.0685895,3.392835100006778,161,192881.9652477,23.908100003609434,79.39590001478791,1,0,0,4,1,0.0,1,estabilizada,1,1,1,,,,,,,,,,,,,nan,0.5418042259072345,-0.2506504246379947,1.581565448863689
2026-08-18T06:04:30.037+00:00,1787033070.0378509,192882.0686583,3.392903900006786,161,192881.9652477,23.908100003609434,79.39590001478791,2,1,1,4,1,0.0,1,estabilizada,1,1,1,456.0,510.0,0.18554140627384186,0.46561160683631897,0.2058147713691923,0.42485225484174705,0.1929535213691923,0.4134077548417471,0.6178253136049301,0.19228443635380993,0.4211438098620711,0.7293889429183877,0.0,0.5418042259072345,-0.2506504246379947,1.581565448863689
2026-08-18T06:04:30.037+00:00,1787033070.0378509,192882.0686733,3.392918900004588,161,192881.9652477,23.908100003609434,79.39590001478791,3,1,1,4,1,0.0,1,estabilizada,1,1,1,472.0,273.0,0.18243980407714844,0.8962017297744751,0.20288966784215745,0.83093936964181,0.19002841784215746,0.8194948696418101,-1.797007035449344,0.19097368899360567,0.8185669368121985,-1.7755340722313346,0.0,0.5418042259072345,-0.2506504246379947,1.581565448863689
2026-08-18T06:04:30.037+00:00,1787033070.0378509,192882.0686864,3.3929319999879226,161,192881.9652477,23.908100003609434,79.39590001478791,10,0,0,4,1,0.0,1,estabilizada,1,1,1,,,,,,,,,,,,,nan,0.5418042259072345,-0.2506504246379947,1.581565448863689
2026-08-18T06:04:30.172+00:00,1787033070.1723313,192882.2030051,3.5272506999899633,165,192882.098783,31.472600006964058,72.72500000544824,1,0,0,4,1,0.0,1,estabilizada,1,1,1,,,,,,,,,,,,,nan,0.5417980872566481,-0.2506308078578411,1.5815837610989065
2026-08-18T06:04:30.172+00:00,1787033070.1723313,192882.2030466,3.5272922000149265,165,192882.098783,31.472600006964058,72.72500000544824,2,1,1,4,1,0.0,1,estabilizada,1,1,1,457.0,509.75,0.18700221180915833,0.46597957611083984,0.20719186573433995,0.4252008730515916,0.19433061573433996,0.41375637305159163,0.5580016099095682,0.19228443635380993,0.4211438098620711,0.684063492106467,0.0,0.5417980872566481,-0.2506308078578411,1.5815837610989065
2026-08-18T06:04:30.172+00:00,1787033070.1723313,192882.2030585,3.5273040999891236,165,192882.098783,31.472600006964058,72.72500000544824,3,1,1,4,1,0.0,1,estabilizada,1,1,1,472.0,273.0,0.1824370175600052,0.8961988687515259,0.20288645379487513,0.8309385433526814,0.19002520379487514,0.8194940433526814,-1.7970072690250385,0.19097368899360567,0.8185669368121985,-1.7755340722313346,0.0,0.5417980872566481,-0.2506308078578411,1.5815837610989065
2026-08-18T06:04:30.172+00:00,1787033070.1723313,192882.2030681,3.527313700004015,165,192882.098783,31.472600006964058,72.72500000544824,10,0,0,4,1,0.0,1,estabilizada,1,1,1,,,,,,,,,,,,,nan,0.5417980872566481,-0.2506308078578411,1.5815837610989065
2026-08-18T06:04:30.313+00:00,1787033070.3136454,192882.3444901,3.6687356999900658,170,192882.265131,5.545399995753542,73.78890001564287,1,0,0,4,1,0.0,1,estabilizada,1,1,1,,,,,,,,,,,,,nan,0.5417915170724527,-0.25061184442136014,1.5816017460298992
2026-08-18T06:04:30.313+00:00,1787033070.3136454,192882.34453,3.6687756000028457,170,192882.265131,5.545399995753542,73.78890001564287,2,1,1,4,1,0.0,1,estabilizada,1,1,1,457.5,510.0,0.1877737194299698,0.46554747223854065,0.20791886776949442,0.42479490057428754,0.19505761776949443,0.41335040057428757,0.5158315406168208,0.19272847703045468,0.4194650112491675,0.6328482681284067,0.0,0.5417915170724527,-0.25061184442136014,1.5816017460298992
2026-08-18T06:04:30.313+00:00,1787033070.3136454,192882.3445416,3.6687872000038624,170,192882.265131,5.545399995753542,73.78890001564287,3,1,1,4,1,0.0,1,estabilizada,1,1,1,472.0,273.0,0.1824340671300888,0.8961958885192871,0.20288306484774898,0.8309375539077197,0.190021814847749,0.8194930539077198,-1.7970066314574475,0.19097368899360567,0.8185669368121985,-1.7755340722313346,0.0,0.5417915170724527,-0.25061184442136014,1.5816017460298992
2026-08-18T06:04:30.313+00:00,1787033070.3136454,192882.3445569,3.668802500003949,170,192882.265131,5.545399995753542,73.78890001564287,10,0,0,4,1,0.0,1,estabilizada,1,1,1,,,,,,,,,,,,,nan,0.5417915170724527,-0.25061184442136014,1.5816017460298992
2026-08-18T06:04:30.453+00:00,1787033070.4530072,192882.483789,3.8080345999915153,174,192882.398165,12.966600013896823,72.63330000569113,1,0,0,4,1,0.0,1,estabilizada,1,1,1,,,,,,,,,,,,,nan,0.5417832845137865,-0.25059274182699004,1.5816201989822665
2026-08-18T06:04:30.453+00:00,1787033070.4530072,192882.4838298,3.8080754000111483,174,192882.398165,12.966600013896823,72.63330000569113,2,1,1,4,1,0.0,1,estabilizada,1,1,1,457.0,509.75,0.1869986355304718,0.465974897146225,0.20718718549274778,0.4251995659073549,0.1943259354927478,0.41375506590735495,0.5737364716688227,0.19272847703045468,0.4194650112491675,0.5797233776424734,0.0,0.5417832845137865,-0.25059274182699004,1.5816201989822665
2026-08-18T06:04:30.453+00:00,1787033070.4530072,192882.4838414,3.808087000012165,174,192882.398165,12.966600013896823,72.63330000569113,3,1,1,4,1,0.0,1,estabilizada,1,1,1,472.0,273.0,0.18243102729320526,0.896192729473114,0.20287949094501212,0.8309364230074889,0.19001824094501213,0.819491923007489,-1.7970053806641002,0.19097368899360567,0.8185669368121985,-1.7755340722313346,0.0,0.5417832845137865,-0.25059274182699004,1.5816201989822665
2026-08-18T06:04:30.453+00:00,1787033070.4530072,192882.4838513,3.808096900000237,174,192882.398165,12.966600013896823,72.63330000569113,10,0,0,4,1,0.0,1,estabilizada,1,1,1,,,,,,,,,,,,,nan,0.5417832845137865,-0.25059274182699004,1.5816201989822665
2026-08-18T06:04:30.595+00:00,1787033070.595821,192882.6260638,3.9503094000101555,178,192882.5363103,16.169400012586266,73.55929998448119,1,0,0,4,1,0.0,1,estabilizada,1,1,1,,,,,,,,,,,,,nan,0.5417742220179687,-0.2505735866145739,1.5816384194452835
2026-08-18T06:04:30.595+00:00,1787033070.595821,192882.6261069,3.950352499989094,178,192882.5363103,16.169400012586266,73.55929998448119,2,1,1,4,1,0.0,1,estabilizada,1,1,1,456.5,509.75,0.18625187873840332,0.46599236130714417,0.20648217316080547,0.425217596025726,0.19362092316080548,0.41377309602572604,0.6009576250730174,0.19272847703045468,0.4194650112491675,0.5797233776424734,0.0,0.5417742220179687,-0.2505735866145739,1.5816384194452835
2026-08-18T06:04:30.595+00:00,1787033070.595821,192882.6261187,3.9503642999916337,178,192882.5363103,16.169400012586266,73.55929998448119,3,1,1,4,1,0.0,1,estabilizada,1,1,1,472.0,273.0,0.1824285387992859,0.8961895108222961,0.20287639280439046,0.8309352292491943,0.19001514280439047,0.8194907292491943,-1.7970053563167607,0.19097368899360567,0.8185669368121985,-1.7755340722313346,0.0,0.5417742220179687,-0.2505735866145739,1.5816384194452835
2026-08-18T06:04:30.595+00:00,1787033070.595821,192882.6261293,3.9503749000141397,178,192882.5363103,16.169400012586266,73.55929998448119,10,0,0,4,1,0.0,1,estabilizada,1,1,1,,,,,,,,,,,,,nan,0.5417742220179687,-0.2505735866145739,1.5816384194452835
2026-08-18T06:04:30.736+00:00,1787033070.7364109,192882.7665282,4.090773800009629,182,192882.6652449,27.05849998164922,74.19850002042949,1,0,0,4,1,0.0,1,estabilizada,1,1,1,,,,,,,,,,,,,nan,0.5417644490766713,-0.250553366985606,1.581657440183106
2026-08-18T06:04:30.736+00:00,1787033070.7364109,192882.7665692,4.090814800001681,182,192882.6652449,27.05849998164922,74.19850002042949,2,1,1,4,1,0.0,1,estabilizada,1,1,1,457.0,509.25,0.18693973124027252,0.4667896032333374,0.20713008586066295,0.42597111391985437,0.19426883586066296,0.4145266139198544,0.5848372477355374,0.19272847703045468,0.4194650112491675,0.5797233776424734,0.0,0.5417644490766713,-0.250553366985606,1.581657440183106
2026-08-18T06:04:30.736+00:00,1787033070.7364109,192882.7665806,4.090826200001175,182,192882.6652449,27.05849998164922,74.19850002042949,3,1,1,4,1,0.0,1,estabilizada,1,1,1,472.0,273.0,0.18242572247982025,0.8961859345436096,0.2028729347345627,0.8309337917498569,0.1900116847345627,0.819489291749857,-1.797004694395403,0.19097368899360567,0.8185669368121985,-1.7755340722313346,0.0,0.5417644490766713,-0.250553366985606,1.581657440183106
2026-08-18T06:04:30.736+00:00,1787033070.7364109,192882.7665901,4.090835699986201,182,192882.6652449,27.05849998164922,74.19850002042949,10,0,0,4,1,0.0,1,estabilizada,1,1,1,,,,,,,,,,,,,nan,0.5417644490766713,-0.250553366985606,1.581657440183106
2026-08-18T06:04:30.875+00:00,1787033070.8751607,192882.9050866,4.229332199989585,187,192882.8313465,1.737200014758855,71.97799999266863,1,0,0,4,1,0.0,1,estabilizada,1,1,1,,,,,,,,,,,,,nan,0.5417546414215082,-0.25053314529026605,1.5816767461898225
2026-08-18T06:04:30.875+00:00,1787033070.8751607,192882.9051274,4.229373000009218,187,192882.8313465,1.737200014758855,71.97799999266863,2,1,1,4,1,0.0,1,estabilizada,1,1,1,457.25,509.25,0.187310591340065,0.4667765200138092,0.20747903889685892,0.4259604240366234,0.19461778889685893,0.4145159240366234,0.5848383259976123,0.19272847703045468,0.4194650112491675,0.5797233776424734,0.0,0.5417546414215082,-0.25053314529026605,1.5816767461898225
2026-08-18T06:04:30.875+00:00,1787033070.8751607,192882.9051388,4.229384400008712,187,192882.8313465,1.737200014758855,71.97799999266863,3,1,1,4,1,0.0,1,estabilizada,1,1,1,472.0,273.0,0.18242254853248596,0.8961819410324097,0.20286913373892407,0.8309319725937544,0.19000788373892408,0.8194874725937544,-1.7970043390845734,0.19097368899360567,0.8185669368121985,-1.7755340722313346,0.0,0.5417546414215082,-0.25053314529026605,1.5816767461898225
2026-08-18T06:04:30.875+00:00,1787033070.8751607,192882.9051488,4.229394399997545,187,192882.8313465,1.737200014758855,71.97799999266863,10,0,0,4,1,0.0,1,estabilizada,1,1,1,,,,,,,,,,,,,nan,0.5417546414215082,-0.25053314529026605,1.5816767461898225
2026-08-18T06:04:31.025+00:00,1787033071.0258746,192883.0558294,4.380074999993667,191,192882.9665367,6.163400015793741,83.1035999872256,1,0,0,4,1,0.0,1,estabilizada,1,1,1,,,,,,,,,,,,,nan,0.5417447764473257,-0.2505104413444409,1.5816985326916169
2026-08-18T06:04:31.025+00:00,1787033071.0258746,192883.0558714,4.380116999993334,191,192882.9665367,6.163400015793741,83.1035999872256,2,1,1,4,1,0.0,1,estabilizada,1,1,1,458.0,508.25,0.18831555545330048,0.4683845043182373,0.2084259805640406,0.42747876673780305,0.1955647305640406,0.4160342667378031,0.7074213467900063,0.19272847703045468,0.4194650112491675,0.600547757544739,0.0,0.5417447764473257,-0.2505104413444409,1.5816985326916169
2026-08-18T06:04:31.025+00:00,1787033071.0258746,192883.0558837,4.38012929999968,191,192882.9665367,6.163400015793741,83.1035999872256,3,1,1,4,1,0.0,1,estabilizada,1,1,1,471.75,272.75,0.18197371065616608,0.8966883420944214,0.20244499216270168,0.8314117496366927,0.18958374216270168,0.8199672496366928,-1.7522259733253769,0.19097368899360567,0.8185669368121985,-1.7755340722313346,0.0,0.5417447764473257,-0.2505104413444409,1.5816985326916169
2026-08-18T06:04:31.025+00:00,1787033071.0258746,192883.0558936,4.380139199987752,191,192882.9665367,6.163400015793741,83.1035999872256,10,0,0,4,1,0.0,1,estabilizada,1,1,1,,,,,,,,,,,,,nan,0.5417447764473257,-0.2505104413444409,1.5816985326916169
2026-08-18T06:04:31.161+00:00,1787033071.161507,192883.1918952,4.516140799998539,195,192883.0979952,20.663100003730506,73.21170001523569,1,0,0,4,1,0.0,1,estabilizada,1,1,1,,,,,,,,,,,,,nan,0.5417375475950699,-0.25048838494840353,1.5817207195556588
2026-08-18T06:04:31.161+00:00,1787033071.161507,192883.1919361,4.516181699989829,195,192883.0979952,20.663100003730506,73.21170001523569,2,1,1,4,1,0.0,1,estabilizada,1,1,1,463.75,505.0,0.19654306769371033,0.4734961986541748,0.21618465347242477,0.43230143416848443,0.20332340347242478,0.42085693416848446,0.6949928972567255,0.1949759137275421,0.4196084172871359,0.6426374367793987,0.0,0.5417375475950699,-0.25048838494840353,1.5817207195556588
2026-08-18T06:04:31.161+00:00,1787033071.161507,192883.1919494,4.5161950000037905,195,192883.0979952,20.663100003730506,73.21170001523569,3,1,1,4,1,0.0,1,estabilizada,1,1,1,472.0,273.0,0.18241508305072784,0.8961735963821411,0.2028605519689548,0.8309284636328275,0.18999930196895481,0.8194839636328275,-1.7970021197294646,0.19097368899360567,0.8185669368121985,-1.7755340722313346,0.0,0.5417375475950699,-0.25048838494840353,1.5817207195556588
2026-08-18T06:04:31.161+00:00,1787033071.161507,192883.1919599,4.516205499996431,195,192883.0979952,20.663100003730506,73.21170001523569,10,0,0,4,1,0.0,1,estabilizada,1,1,1,,,,,,,,,,,,,nan,0.5417375475950699,-0.25048838494840353,1.5817207195556588
2026-08-18T06:04:31.292+00:00,1787033071.2920213,192883.3227634,4.647009000007529,199,192883.2341904,13.789000018732622,74.75909998174757,1,0,0,4,1,0.0,1,estabilizada,1,1,1,,,,,,,,,,,,,nan,0.541733498255706,-0.25046620544437503,1.5817435458166564
2026-08-18T06:04:31.292+00:00,1787033071.2920213,192883.3228065,4.6470520999864675,199,192883.2341904,13.789000018732622,74.75909998174757,2,1,1,4,1,0.0,1,estabilizada,1,1,1,468.5,500.75,0.20319391787052155,0.48031604290008545,0.22245656149897125,0.43873509096577923,0.20959531149897126,0.42729059096577926,0.7134303699596256,0.19990121300373334,0.421454422105493,0.6742027267497033,0.0,0.541733498255706,-0.25046620544437503,1.5817435458166564
2026-08-18T06:04:31.292+00:00,1787033071.2920213,192883.3228188,4.647064399992814,199,192883.2341904,13.789000018732622,74.75909998174757,3,1,1,4,1,0.0,1,estabilizada,1,1,1,472.0,273.0,0.18241092562675476,0.8961693048477173,0.20285610564480183,0.8309266198377353,0.18999485564480184,0.8194821198377353,-1.797000255680664,0.19097368899360567,0.8185669368121985,-1.7755340722313346,0.0,0.541733498255706,-0.25046620544437503,1.5817435458166564
2026-08-18T06:04:31.292+00:00,1787033071.2920213,192883.3228297,4.647075299988501,199,192883.2341904,13.789000018732622,74.75909998174757,10,0,0,4,1,0.0,1,estabilizada,1,1,1,,,,,,,,,,,,,nan,0.541733498255706,-0.25046620544437503,1.5817435458166564
2026-08-18T06:04:31.423+00:00,1787033071.423498,192883.4539841,4.778229699993972,203,192883.3647777,12.308700010180473,76.872400008142,1,0,0,4,1,0.0,1,estabilizada,1,1,1,,,,,,,,,,,,,nan,0.5417301673579495,-0.2504425934604454,1.5817676175121325
2026-08-18T06:04:31.423+00:00,1787033071.423498,192883.4540261,4.778271699993638,203,192883.3647777,12.308700010180473,76.872400008142,2,1,1,4,1,0.0,1,estabilizada,1,1,1,474.0,497.75,0.21112501621246338,0.4850609004497528,0.22993591060281182,0.4432119501241465,0.21707466060281183,0.4317674501241465,0.7323129562051569,0.20224739348900356,0.4227209571690579,0.6831021719631262,0.0,0.5417301673579495,-0.2504425934604454,1.5817676175121325
2026-08-18T06:04:31.423+00:00,1787033071.423498,192883.4540382,4.778283799998462,203,192883.3647777,12.308700010180473,76.872400008142,3,1,1,4,1,0.0,1,estabilizada,1,1,1,472.25,273.0,0.18281999230384827,0.8961590528488159,0.20324139643252487,0.8309192875221355,0.19038014643252488,0.8194747875221355,-1.7969986738860173,0.19097368899360567,0.8185669368121985,-1.7755340722313346,0.0,0.5417301673579495,-0.2504425934604454,1.5817676175121325
2026-08-18T06:04:31.423+00:00,1787033071.423498,192883.454049,4.778294599993387,203,192883.3647777,12.308700010180473,76.872400008142,10,0,0,4,1,0.0,1,estabilizada,1,1,1,,,,,,,,,,,,,nan,0.5417301673579495,-0.2504425934604454,1.5817676175121325
2026-08-18T06:04:31.559+00:00,1787033071.5596747,192883.5896618,4.913907400012249,207,192883.50254,8.386800007428974,78.7119000160601,1,0,0,4,1,0.0,1,estabilizada,1,1,1,,,,,,,,,,,,,nan,0.5417264708184815,-0.25041863773261397,1.5817911323134244
2026-08-18T06:04:31.559+00:00,1787033071.5596747,192883.5897046,4.9139501999889035,207,192883.50254,8.386800007428974,78.7119000160601,2,1,1,4,1,0.0,1,estabilizada,1,1,1,478.75,493.75,0.21785281598567963,0.49151191115379333,0.23628042525689946,0.4492978994327149,0.22341917525689947,0.43785339943271495,0.7371729932155998,0.21456600428281242,0.43114459360981644,0.7096601785488249,0.0,0.5417264708184815,-0.25041863773261397,1.5817911323134244
2026-08-18T06:04:31.559+00:00,1787033071.5596747,192883.5897158,4.913961399986874,207,192883.50254,8.386800007428974,78.7119000160601,3,1,1,4,1,0.0,1,estabilizada,1,1,1,472.25,273.0,0.1828155517578125,0.8961546421051025,0.20323669463539173,0.83091746061043,0.19037544463539174,0.8194729606104301,-1.7855155207273674,0.19097368899360567,0.8185669368121985,-1.7755340722313346,0.0,0.5417264708184815,-0.25041863773261397,1.5817911323134244
2026-08-18T06:04:31.559+00:00,1787033071.5596747,192883.5897279,4.913973499991698,207,192883.50254,8.386800007428974,78.7119000160601,10,0,0,4,1,0.0,1,estabilizada,1,1,1,,,,,,,,,,,,,nan,0.5417264708184815,-0.25041863773261397,1.5817911323134244
2026-08-18T06:04:31.702+00:00,1787033071.7020502,192883.7328094,5.057055000012042,211,192883.6315441,20.272399997338653,80.96930000465363,1,0,0,4,1,0.0,1,estabilizada,1,1,1,,,,,,,,,,,,,nan,0.541721556655118,-0.2503982354541113,1.5818108459466735
2026-08-18T06:04:31.702+00:00,1787033071.7020502,192883.7328523,5.057097899989458,211,192883.6315441,20.272399997338653,80.96930000465363,2,1,1,4,1,0.0,1,estabilizada,1,1,1,483.75,490.5,0.22505557537078857,0.49672648310661316,0.2430728613115315,0.45421746577197525,0.2302116113115315,0.4427729657719753,0.75606131498444,0.21835868804365285,0.4338475903697195,0.7096601785488249,0.0,0.541721556655118,-0.2503982354541113,1.5818108459466735
2026-08-18T06:04:31.702+00:00,1787033071.7020502,192883.7328635,5.057109099987429,211,192883.6315441,20.272399997338653,80.96930000465363,3,1,1,4,1,0.0,1,estabilizada,1,1,1,472.25,273.0,0.182811439037323,0.896150529384613,0.20323228181278752,0.830915555746707,0.19037103181278753,0.819471055746707,-1.796995510268757,0.19097368899360567,0.8185669368121985,-1.7755340722313346,0.0,0.541721556655118,-0.2503982354541113,1.5818108459466735
2026-08-18T06:04:31.702+00:00,1787033071.7020502,192883.7328744,5.057120000012219,211,192883.6315441,20.272399997338653,80.96930000465363,10,0,0,4,1,0.0,1,estabilizada,1,1,1,,,,,,,,,,,,,nan,0.541721556655118,-0.2503982354541113,1.5818108459466735
2026-08-18T06:04:31.840+00:00,1787033071.8407786,192883.8715686,5.1958142000075895,215,192883.7673363,28.632400004426017,75.57710001128726,1,0,0,4,1,0.0,1,estabilizada,1,1,1,,,,,,,,,,,,,nan,0.5417187209806564,-0.25037707326666314,1.5818312183938956
2026-08-18T06:04:31.840+00:00,1787033071.8407786,192883.8716105,5.195856100006495,215,192883.7673363,28.632400004426017,75.57710001128726,2,1,1,4,1,0.0,1,estabilizada,1,1,1,487.75,487.5,0.23079560697078705,0.5015783905982971,0.2484859142143757,0.4587950702535635,0.23562466421437572,0.4473505702535635,0.77921196850694,0.2233672219438207,0.4375403236134452,0.7270521906537313,0.0,0.5417187209806564,-0.25037707326666314,1.5818312183938956
2026-08-18T06:04:31.840+00:00,1787033071.8407786,192883.8716223,5.195867900009034,215,192883.7673363,28.632400004426017,75.57710001128726,3,1,1,4,1,0.0,1,estabilizada,1,1,1,472.5,273.75,0.1833149641752243,0.8946272134780884,0.20370673400338601,0.8294809547567191,0.19084548400338602,0.8180364547567192,-1.786139097169032,0.19097368899360567,0.8185669368121985,-1.7755340722313346,0.0,0.5417187209806564,-0.25037707326666314,1.5818312183938956
2026-08-18T06:04:31.840+00:00,1787033071.8407786,192883.8716322,5.195877799997106,215,192883.7673363,28.632400004426017,75.57710001128726,10,0,0,4,1,0.0,1,estabilizada,1,1,1,,,,,,,,,,,,,nan,0.5417187209806564,-0.25037707326666314,1.5818312183938956
2026-08-18T06:04:32.007+00:00,1787033072.00763,192884.0377211,5.361966700002085,219,192883.8983298,40.857500018319115,98.49579998990521,1,0,0,4,1,0.0,1,estabilizada,1,1,1,,,,,,,,,,,,,nan,0.5417165353734579,-0.2503558695793341,1.5818528175691167
2026-08-18T06:04:32.007+00:00,1787033072.00763,192884.037946,5.362191599997459,219,192883.8983298,40.857500018319115,98.49579998990521,2,1,1,4,1,0.0,1,estabilizada,1,1,1,491.75,483.25,0.23643656075000763,0.5085408687591553,0.25380555830208873,0.46536320665818687,0.24094430830208874,0.4539187066581869,0.8199283129344663,0.2318189757916161,0.44490585096970586,0.7702474730384729,0.0,0.5417165353734579,-0.2503558695793341,1.5818528175691167
2026-08-18T06:04:32.007+00:00,1787033072.00763,192884.0380032,5.3622487999964505,219,192883.8983298,40.857500018319115,98.49579998990521,3,1,1,4,1,0.0,1,estabilizada,1,1,1,472.7138977050781,273.00140380859375,0.18356986343860626,0.8961282968521118,0.2039467279080014,0.8308987294531703,0.1910854779080014,0.8194542294531704,-1.765677665208453,0.19097368899360567,0.8185669368121985,-1.7755340722313346,0.0,0.5417165353734579,-0.2503558695793341,1.5818528175691167
2026-08-18T06:04:32.007+00:00,1787033072.00763,192884.0380201,5.36226570000872,219,192883.8983298,40.857500018319115,98.49579998990521,10,0,0,4,1,0.0,1,estabilizada,1,1,1,,,,,,,,,,,,,nan,0.5417165353734579,-0.2503558695793341,1.5818528175691167
2026-08-18T06:04:32.172+00:00,1787033072.1729245,192884.2028133,5.527058900013799,225,192884.0983731,15.103100013220683,89.30600000894628,1,0,0,4,1,0.0,1,estabilizada,1,1,1,,,,,,,,,,,,,nan,0.5417164709079998,-0.25033485871828215,1.5818738784973134
2026-08-18T06:04:32.172+00:00,1787033072.1729245,192884.2029427,5.527188300009584,225,192884.0983731,15.103100013220683,89.30600000894628,2,1,1,4,1,0.0,1,estabilizada,1,1,1,499.0,477.75,0.24691444635391235,0.5175133347511292,0.26368707441897143,0.47382695851619566,0.25082582441897144,0.4623824585161957,0.7372131243624388,0.23410526470914061,0.4471775165413674,0.7795466583655942,0.0,0.5417164709079998,-0.25033485871828215,1.5818738784973134
2026-08-18T06:04:32.172+00:00,1787033072.1729245,192884.2029671,5.527212699991651,225,192884.0983731,15.103100013220683,89.30600000894628,3,1,1,4,1,0.0,1,estabilizada,1,1,1,472.5,273.25,0.1832423359155655,0.8956272602081299,0.20363755995198912,0.8304282629269113,0.19077630995198913,0.8189837629269113,-1.734703953091898,0.19097368899360567,0.8185669368121985,-1.7755340722313346,0.0,0.5417164709079998,-0.25033485871828215,1.5818738784973134
2026-08-18T06:04:32.172+00:00,1787033072.1729245,192884.2029806,5.527226200007135,225,192884.0983731,15.103100013220683,89.30600000894628,10,0,0,4,1,0.0,1,estabilizada,1,1,1,,,,,,,,,,,,,nan,0.5417164709079998,-0.25033485871828215,1.5818738784973134
2026-08-18T06:04:32.332+00:00,1787033072.3320274,192884.3627649,5.687010499997996,230,192884.2642965,6.182299985084683,92.23239999846555,1,0,0,4,1,0.0,1,estabilizada,1,1,1,,,,,,,,,,,,,nan,0.541717508984078,-0.25031480291801955,1.5818941084439457
2026-08-18T06:04:32.332+00:00,1787033072.3320274,192884.362851,5.687096600013319,230,192884.2642965,6.182299985084683,92.23239999846555,2,1,1,4,1,0.0,1,estabilizada,1,1,1,504.25,474.0,0.2545556426048279,0.5236454606056213,0.27089337838383964,0.4796119040323268,0.25803212838383965,0.4681674040323268,0.6630261045230323,0.23573207339776253,0.4487939199894599,0.7795466583655942,0.0,0.541717508984078,-0.25031480291801955,1.5818941084439457
2026-08-18T06:04:32.332+00:00,1787033072.3320274,192884.3628671,5.687112699990394,230,192884.2642965,6.182299985084683,92.23239999846555,3,1,1,4,1,0.0,1,estabilizada,1,1,1,472.5,273.25,0.18323743343353271,0.8956228494644165,0.20363273462805154,0.8304260779713681,0.19077148462805155,0.8189815779713682,-1.734700614470705,0.19097368899360567,0.8185669368121985,-1.7755340722313346,0.0,0.541717508984078,-0.25031480291801955,1.5818941084439457
2026-08-18T06:04:32.333+00:00,1787033072.3330252,192884.3628859,5.687131499988027,230,192884.2642965,6.182299985084683,92.23239999846555,10,0,0,4,1,0.0,1,estabilizada,1,1,1,,,,,,,,,,,,,nan,0.541717508984078,-0.25031480291801955,1.5818941084439457
2026-08-18T06:04:32.479+00:00,1787033072.4792957,192884.5098678,5.83411339999293,234,192884.4007426,24.758799991104752,84.33899999363348,1,0,0,4,1,0.0,1,estabilizada,1,1,1,,,,,,,,,,,,,nan,0.5417119419469552,-0.25029312639776363,1.5819169030586444
2026-08-18T06:04:32.479+00:00,1787033072.4792957,192884.5099117,5.834157300007064,234,192884.4007426,24.758799991104752,84.33899999363348,2,1,1,4,1,0.0,1,estabilizada,1,1,1,510.0,470.75,0.2630269527435303,0.5289316177368164,0.2788821781221913,0.4845991835637476,0.2660209281221913,0.4731546835637476,0.6023487228680976,0.25140351299511154,0.46164318212890604,0.7260939421048457,0.0,0.5417119419469552,-0.25029312639776363,1.5819169030586444
2026-08-18T06:04:32.479+00:00,1787033072.4792957,192884.5099236,5.834169200010365,234,192884.4007426,24.758799991104752,84.33899999363348,3,1,1,4,1,0.0,1,estabilizada,1,1,1,472.5,273.25,0.18323244154453278,0.8956180214881897,0.20362741613127439,0.8304236973676686,0.1907661661312744,0.8189791973676687,-1.7346967243688858,0.19097368899360567,0.8185669368121985,-1.7755340722313346,0.0,0.5417119419469552,-0.25029312639776363,1.5819169030586444
2026-08-18T06:04:32.479+00:00,1787033072.4792957,192884.5099368,5.834182399994461,234,192884.4007426,24.758799991104752,84.33899999363348,10,0,0,4,1,0.0,1,estabilizada,1,1,1,,,,,,,,,,,,,nan,0.5417119419469552,-0.25029312639776363,1.5819169030586444
2026-08-18T06:04:32.634+00:00,1787033072.6346014,192884.6647913,5.9890368999913335,239,192884.5758291,9.259099984774366,79.673800006276,1,0,0,4,1,0.0,1,estabilizada,1,1,1,,,,,,,,,,,,,nan,0.5417047201631793,-0.25027654089047396,1.581935989702451
2026-08-18T06:04:32.634+00:00,1787033072.6346014,192884.6648387,5.9890843000030145,239,192884.5758291,9.259099984774366,79.673800006276,2,1,1,4,1,0.0,1,estabilizada,1,1,1,516.5,466.75,0.2726117670536041,0.5354838371276855,0.2879210879980104,0.4907801105028579,0.2750598379980104,0.47933561050285795,0.6629603673595412,0.25838157124885486,0.4668036728710776,0.6857504708246915,0.0,0.5417047201631793,-0.25027654089047396,1.581935989702451
2026-08-18T06:04:32.634+00:00,1787033072.6346014,192884.6648525,5.989098099991679,239,192884.5758291,9.259099984774366,79.673800006276,3,1,1,4,1,0.0,1,estabilizada,1,1,1,472.5,273.25,0.18322797119617462,0.8956133127212524,0.20362254317446238,0.8304209866749543,0.1907612931744624,0.8189764866749544,-1.765665223308584,0.19097368899360567,0.8185669368121985,-1.7755340722313346,0.0,0.5417047201631793,-0.25027654089047396,1.581935989702451
2026-08-18T06:04:32.634+00:00,1787033072.6346014,192884.664863,5.989108600013424,239,192884.5758291,9.259099984774366,79.673800006276,10,0,0,4,1,0.0,1,estabilizada,1,1,1,,,,,,,,,,,,,nan,0.5417047201631793,-0.25027654089047396,1.581935989702451
2026-08-18T06:04:32.793+00:00,1787033072.7931392,192884.8231356,6.147381199989468,244,192884.7315512,7.775200007017702,83.78319998155348,1,0,0,4,1,0.0,1,estabilizada,1,1,1,,,,,,,,,,,,,nan,0.5416955211292834,-0.25026252059413107,1.5819521615829273
2026-08-18T06:04:32.793+00:00,1787033072.7931392,192884.8231785,6.1474240999959875,244,192884.7315512,7.775200007017702,83.78319998155348,2,1,1,4,1,0.0,1,estabilizada,1,1,1,523.75,463.0,0.2834004759788513,0.5416070222854614,0.2980953287234994,0.4965561916788955,0.28523407872349943,0.4851116916788955,0.6022080861777173,0.2629928743765253,0.47026857507382747,0.6719537073414436,0.0,0.5416955211292834,-0.25026252059413107,1.5819521615829273
2026-08-18T06:04:32.793+00:00,1787033072.7931392,192884.8231901,6.147435699997004,244,192884.7315512,7.775200007017702,83.78319998155348,3,1,1,4,1,0.0,1,estabilizada,1,1,1,472.5,273.5,0.18325559794902802,0.8951044678688049,0.20364786635614818,0.8299425549709347,0.1907866163561482,0.8184980549709348,-1.734690795152632,0.19097368899360567,0.8185669368121985,-1.7755340722313346,0.0,0.5416955211292834,-0.25026252059413107,1.5819521615829273
2026-08-18T06:04:32.793+00:00,1787033072.7931392,192884.8232004,6.147445999988122,244,192884.7315512,7.775200007017702,83.78319998155348,10,0,0,4,1,0.0,1,estabilizada,1,1,1,,,,,,,,,,,,,nan,0.5416955211292834,-0.25026252059413107,1.5819521615829273
2026-08-18T06:04:32.955+00:00,1787033072.955391,192884.9853068,6.309552399994573,248,192884.8641237,31.555900000967085,89.56019999459386,1,0,0,4,1,0.0,1,estabilizada,1,1,1,,,,,,,,,,,,,nan,0.5416884078597485,-0.2502498880893933,1.5819669053090304
2026-08-18T06:04:32.955+00:00,1787033072.955391,192884.9854092,6.309654799988493,248,192884.8641237,31.555900000967085,89.56019999459386,2,1,1,4,1,0.0,1,estabilizada,1,1,1,529.5,460.25,0.29200223088264465,0.5460955500602722,0.30620717780822504,0.5007905002561681,0.29334592780822505,0.48934600025616815,0.5599929860664317,0.26600730827673147,0.47253360046289683,0.6593291058459291,0.0,0.5416884078597485,-0.2502498880893933,1.5819669053090304
2026-08-18T06:04:32.955+00:00,1787033072.955391,192884.9854271,6.309672700008377,248,192884.8641237,31.555900000967085,89.56019999459386,3,1,1,4,1,0.0,1,estabilizada,1,1,1,472.75,274.0,0.18372856080532074,0.8940860033035278,0.20409332705092387,0.8289833580587183,0.19123207705092388,0.8175388580587183,-1.7861205089950765,0.19097368899360567,0.8185669368121985,-1.7755340722313346,0.0,0.5416884078597485,-0.2502498880893933,1.5819669053090304
2026-08-18T06:04:32.955+00:00,1787033072.955391,192884.9854406,6.309686199994758,248,192884.8641237,31.555900000967085,89.56019999459386,10,0,0,4,1,0.0,1,estabilizada,1,1,1,,,,,,,,,,,,,nan,0.5416884078597485,-0.2502498880893933,1.5819669053090304
2026-08-18T06:04:33.121+00:00,1787033073.1213102,192885.1518837,6.476129299990134,253,192885.0337726,33.89940000488423,84.17950000148267,1,0,0,4,1,0.0,1,estabilizada,1,1,1,,,,,,,,,,,,,nan,0.5416804686408495,-0.25023631003224833,1.5819821045601938
2026-08-18T06:04:33.121+00:00,1787033073.1213102,192885.1519732,6.476218800002243,253,192885.0337726,33.89940000488423,84.17950000148267,2,1,1,4,1,0.0,1,estabilizada,1,1,1,535.0,457.0,0.30021196603775024,0.5514652132987976,0.31394926759864283,0.5058558875726678,0.30108801759864284,0.4944113875726678,0.5601476579046132,0.27801867645990674,0.4800717769433605,0.632635666779684,0.0,0.5416804686408495,-0.25023631003224833,1.5819821045601938
2026-08-18T06:04:33.121+00:00,1787033073.1213102,192885.1519863,6.476231900014682,253,192885.0337726,33.89940000488423,84.17950000148267,3,1,1,4,1,0.0,1,estabilizada,1,1,1,472.75,273.75,0.18369393050670624,0.8945858478546143,0.2040600195662472,0.8294561640782848,0.1911987695662472,0.8180116640782849,-1.786118439541412,0.19097368899360567,0.8185669368121985,-1.7755340722313346,0.0,0.5416804686408495,-0.25023631003224833,1.5819821045601938
2026-08-18T06:04:33.121+00:00,1787033073.1213102,192885.1519988,6.476244399993448,253,192885.0337726,33.89940000488423,84.17950000148267,10,0,0,4,1,0.0,1,estabilizada,1,1,1,,,,,,,,,,,,,nan,0.5416804686408495,-0.25023631003224833,1.5819821045601938
2026-08-18T06:04:33.269+00:00,1787033073.269083,192885.2994307,6.6236762999906205,258,192885.2022577,20.744599984027445,76.4033000159543,1,0,0,4,1,0.0,1,estabilizada,1,1,1,,,,,,,,,,,,,nan,0.5416709888729874,-0.2502249669941022,1.5819953450558972
2026-08-18T06:04:33.269+00:00,1787033073.269083,192885.2994745,6.623720100003993,258,192885.2022577,20.744599984027445,76.4033000159543,2,1,1,4,1,0.0,1,estabilizada,1,1,1,541.75,454.25,0.31040146946907043,0.5559441447257996,0.32355843406533297,0.5100810388187289,0.310697184065333,0.49863653881872894,0.49129345746328734,0.28935003398975667,0.4871152054445188,0.5951494080543079,0.0,0.5416709888729874,-0.2502249669941022,1.5819953450558972
2026-08-18T06:04:33.269+00:00,1787033073.269083,192885.2994876,6.623733199987328,258,192885.2022577,20.744599984027445,76.4033000159543,3,1,1,4,1,0.0,1,estabilizada,1,1,1,472.75,273.75,0.18369056284427643,0.894581139087677,0.2040561337312411,0.8294529136037267,0.1911948837312411,0.8180084136037268,-1.7861160744492182,0.19097368899360567,0.8185669368121985,-1.7755340722313346,0.0,0.5416709888729874,-0.2502249669941022,1.5819953450558972
2026-08-18T06:04:33.269+00:00,1787033073.269083,192885.2994979,6.623743500007549,258,192885.2022577,20.744599984027445,76.4033000159543,10,0,0,4,1,0.0,1,estabilizada,1,1,1,,,,,,,,,,,,,nan,0.5416709888729874,-0.2502249669941022,1.5819953450558972
2026-08-18T06:04:33.408+00:00,1787033073.408139,192885.4381155,6.762361100001726,262,192885.3329578,31.231200002366677,73.89999998849817,1,0,0,4,1,0.0,1,estabilizada,1,1,1,,,,,,,,,,,,,nan,0.5416625103080199,-0.25021581579900853,1.5820052705706515
2026-08-18T06:04:33.408+00:00,1787033073.408139,192885.4381576,6.762403200002154,262,192885.3329578,31.231200002366677,73.89999998849817,2,1,1,4,1,0.0,1,estabilizada,1,1,1,547.0,452.0,0.3183407187461853,0.559628427028656,0.331045455964485,0.5135565313084863,0.318184205964485,0.5021120313084864,0.4903090902347116,0.29941515492937276,0.49259183175594773,0.560102904414096,0.0,0.5416625103080199,-0.25021581579900853,1.5820052705706515
2026-08-18T06:04:33.408+00:00,1787033073.408139,192885.4381692,6.762414800003171,262,192885.3329578,31.231200002366677,73.89999998849817,3,1,1,4,1,0.0,1,estabilizada,1,1,1,472.25,273.0,0.18276581168174744,0.8961017727851868,0.20318338138093894,0.830887967944092,0.19032213138093895,0.8194434679440921,-1.7969689456839515,0.19097368899360567,0.8185669368121985,-1.7755340722313346,0.0,0.5416625103080199,-0.25021581579900853,1.5820052705706515
2026-08-18T06:04:33.408+00:00,1787033073.408139,192885.438179,6.7624245999904815,262,192885.3329578,31.231200002366677,73.89999998849817,10,0,0,4,1,0.0,1,estabilizada,1,1,1,,,,,,,,,,,,,nan,0.5416625103080199,-0.25021581579900853,1.5820052705706515
2026-08-18T06:04:33.563+00:00,1787033073.563718,192885.5944487,6.918694299994968,267,192885.4971083,10.79479997861199,86.50860001216643,1,0,0,4,1,0.0,1,estabilizada,1,1,1,,,,,,,,,,,,,nan,0.5416515758568883,-0.25020877643905826,1.5820134411162738
2026-08-18T06:04:33.563+00:00,1787033073.563718,192885.5945538,6.918799400009448,267,192885.4971083,10.79479997861199,86.50860001216643,2,1,1,4,1,0.0,1,estabilizada,1,1,1,553.25,450.5,0.32788243889808655,0.561987578868866,0.34004366447700257,0.515782110522064,0.3271824144770026,0.504337610522064,0.434052795218349,0.31302067483900486,0.4988981980972341,0.5139227835702802,0.0,0.5416515758568883,-0.25020877643905826,1.5820134411162738
2026-08-18T06:04:33.563+00:00,1787033073.563718,192885.5945758,6.918821400002344,267,192885.4971083,10.79479997861199,86.50860001216643,3,1,1,4,1,0.0,1,estabilizada,1,1,1,472.25,273.0,0.18276327848434448,0.8960974812507629,0.20318026479056578,0.8308846578253887,0.1903190147905658,0.8194401578253887,-1.796967412552149,0.19097368899360567,0.8185669368121985,-1.7755340722313346,0.0,0.5416515758568883,-0.25020877643905826,1.5820134411162738
2026-08-18T06:04:33.563+00:00,1787033073.563718,192885.5946056,6.918851199996425,267,192885.4971083,10.79479997861199,86.50860001216643,10,0,0,4,1,0.0,1,estabilizada,1,1,1,,,,,,,,,,,,,nan,0.5416515758568883,-0.25020877643905826,1.5820134411162738
2026-08-18T06:04:33.756+00:00,1787033073.7564864,192885.7868299,7.111075499997241,271,192885.651962,22.832499991636723,112.00769999413751,1,0,0,4,1,0.0,1,estabilizada,1,1,1,,,,,,,,,,,,,nan,0.5416396983412575,-0.25020441301563767,1.5820192268850768
2026-08-18T06:04:33.756+00:00,1787033073.7564864,192885.7868791,7.111124699993525,271,192885.651962,22.832499991636723,112.00769999413751,2,1,1,4,1,0.0,1,estabilizada,1,1,1,557.75,448.25,0.3347024619579315,0.5657148361206055,0.34647498087425965,0.5192977438537513,0.33361373087425966,0.5078532438537513,0.34385999477927665,0.3225528712914727,0.5028804218975217,0.465917789513774,0.0,0.5416396983412575,-0.25020441301563767,1.5820192268850768
2026-08-18T06:04:33.756+00:00,1787033073.7564864,192885.7868921,7.111137700005202,271,192885.651962,22.832499991636723,112.00769999413751,3,1,1,4,1,0.0,1,estabilizada,1,1,1,472.25,273.25,0.18279272317886353,0.8955888748168945,0.2032072840234907,0.8304054723951876,0.1903460340234907,0.8189609723951876,-1.796966186045927,0.19097368899360567,0.8185669368121985,-1.7755340722313346,0.0,0.5416396983412575,-0.25020441301563767,1.5820192268850768
2026-08-18T06:04:33.756+00:00,1787033073.7564864,192885.7869066,7.1111521999991965,271,192885.651962,22.832499991636723,112.00769999413751,10,0,0,4,1,0.0,1,estabilizada,1,1,1,,,,,,,,,,,,,nan,0.5416396983412575,-0.25020441301563767,1.5820192268850768
2026-08-18T06:04:33.910+00:00,1787033073.910396,192885.9407783,7.265023899992229,277,192885.8559798,9.0941000089515,75.67900000140071,1,0,0,4,1,0.0,1,estabilizada,1,1,1,,,,,,,,,,,,,nan,0.5416277816048266,-0.2501991660794718,1.5820253454813062
2026-08-18T06:04:33.910+00:00,1787033073.910396,192885.9408181,7.265063700004248,277,192885.8559798,9.0941000089515,75.67900000140071,2,1,1,4,1,0.0,1,estabilizada,1,1,1,565.5,446.25,0.34657424688339233,0.5688984990119934,0.3576706671620373,0.5223007690395927,0.34480941716203733,0.5108562690395927,0.3031349368883395,0.3250688205250052,0.5040473518869855,0.44496220300983824,0.0,0.5416277816048266,-0.2501991660794718,1.5820253454813062
2026-08-18T06:04:33.910+00:00,1787033073.910396,192885.9408305,7.265076100011356,277,192885.8559798,9.0941000089515,75.67900000140071,3,1,1,4,1,0.0,1,estabilizada,1,1,1,472.25,273.0,0.18275943398475647,0.8960896134376526,0.20317513173451668,0.8308782750408239,0.1903138817345167,0.8194337750408239,-1.7969655483926374,0.19097368899360567,0.8185669368121985,-1.7755340722313346,0.0,0.5416277816048266,-0.2501991660794718,1.5820253454813062
2026-08-18T06:04:33.910+00:00,1787033073.910396,192885.9408403,7.265085899998667,277,192885.8559798,9.0941000089515,75.67900000140071,10,0,0,4,1,0.0,1,estabilizada,1,1,1,,,,,,,,,,,,,nan,0.5416277816048266,-0.2501991660794718,1.5820253454813062
2026-08-18T06:04:34.057+00:00,1787033074.0573502,192886.0870904,7.411335999990115,281,192885.9654155,40.340500010643154,81.30429999437183,1,0,0,4,1,0.0,1,estabilizada,1,1,1,,,,,,,,,,,,,nan,0.5416137618097266,-0.2501956821597755,1.5820300446949058
2026-08-18T06:04:34.057+00:00,1787033074.0573502,192886.0872666,7.4115121999930125,281,192885.9654155,40.340500010643154,81.30429999437183,2,1,1,4,1,0.0,1,estabilizada,1,1,1,570.0,446.25,0.3535322844982147,0.5687319040298462,0.3642320389148892,0.5221439880770364,0.3513707889148892,0.5106994880770365,0.3028762596018925,0.33173322830655544,0.5064461973478607,0.399500919523453,0.0,0.5416137618097266,-0.2501956821597755,1.5820300446949058
2026-08-18T06:04:34.057+00:00,1787033074.0573502,192886.0872842,7.411529800010612,281,192885.9654155,40.340500010643154,81.30429999437183,3,1,1,4,1,0.0,1,estabilizada,1,1,1,472.0,273.0,0.1823444366455078,0.896091878414154,0.20278288493743984,0.8308808030634649,0.18992163493743985,0.8194363030634649,-1.7969649107375125,0.19097368899360567,0.8185669368121985,-1.7755340722313346,0.0,0.5416137618097266,-0.2501956821597755,1.5820300446949058
2026-08-18T06:04:34.057+00:00,1787033074.0573502,192886.087299,7.411544600006891,281,192885.9654155,40.340500010643154,81.30429999437183,10,0,0,4,1,0.0,1,estabilizada,1,1,1,,,,,,,,,,,,,nan,0.5416137618097266,-0.2501956821597755,1.5820300446949058
2026-08-18T06:04:34.227+00:00,1787033074.2271988,192886.2572767,7.581522299995413,286,192886.1317911,27.77559999958612,97.65959999640472,1,0,0,4,1,0.0,1,estabilizada,1,1,1,,,,,,,,,,,,,nan,0.5415972140946375,-0.2501920461181023,1.5820347518272928
2026-08-18T06:04:34.227+00:00,1787033074.2271988,192886.2573249,7.581570500013186,286,192886.1317911,27.77559999958612,97.65959999640472,2,1,1,4,1,0.0,1,estabilizada,1,1,1,574.75,444.5,0.3608080744743347,0.5715979933738708,0.3710929449849438,0.5248473746097442,0.3582316949849438,0.5134028746097442,0.2941277493926092,0.33696179597064335,0.5076024243424397,0.37830878769001824,0.0,0.5415972140946375,-0.2501920461181023,1.5820347518272928
2026-08-18T06:04:34.227+00:00,1787033074.2271988,192886.2573376,7.581583199993474,286,192886.1317911,27.77559999958612,97.65959999640472,3,1,1,4,1,0.0,1,estabilizada,1,1,1,472.25,273.0,0.18275690078735352,0.8960819244384766,0.2031708823135831,0.8308718162338787,0.1903096323135831,0.8194273162338788,-1.7969646041098764,0.19097368899360567,0.8185669368121985,-1.7865704477394082,0.0,0.5415972140946375,-0.2501920461181023,1.5820347518272928
2026-08-18T06:04:34.227+00:00,1787033074.2271988,192886.2573494,7.581594999996014,286,192886.1317911,27.77559999958612,97.65959999640472,10,0,0,4,1,0.0,1,estabilizada,1,1,1,,,,,,,,,,,,,nan,0.5415972140946375,-0.2501920461181023,1.5820347518272928
2026-08-18T06:04:34.393+00:00,1787033074.3933353,192886.4241119,7.748357500007842,291,192886.2983065,33.60260001500137,92.1741999918595,1,0,0,4,1,0.0,1,estabilizada,1,1,1,,,,,,,,,,,,,nan,0.5415782392490195,-0.2501864052623314,1.5820402616088514
2026-08-18T06:04:34.394+00:00,1787033074.3943365,192886.4241602,7.748405799997272,291,192886.2983065,33.60260001500137,92.1741999918595,2,1,1,4,1,0.0,1,estabilizada,1,1,1,582.0,444.25,0.3720284104347229,0.5717669129371643,0.38167385686461885,0.5250071683003715,0.36881260686461886,0.5135626683003716,0.17017931682268891,0.3560883864366455,0.5117361814322038,0.2966805071906964,0.0,0.5415782392490195,-0.2501864052623314,1.5820402616088514
2026-08-18T06:04:34.394+00:00,1787033074.3943365,192886.4241736,7.748419200011995,291,192886.2983065,33.60260001500137,92.1741999918595,3,1,1,4,1,0.0,1,estabilizada,1,1,1,472.0,273.0,0.18234238028526306,0.8960840106010437,0.20277879274031585,0.8308743317254942,0.18991754274031586,0.8194298317254942,-1.7969645797086347,0.19097368899360567,0.8185669368121985,-1.7865704477394082,0.0,0.5415782392490195,-0.2501864052623314,1.5820402616088514
2026-08-18T06:04:34.394+00:00,1787033074.3943365,192886.4241843,7.748429900006158,291,192886.2983065,33.60260001500137,92.1741999918595,10,0,0,4,1,0.0,1,estabilizada,1,1,1,,,,,,,,,,,,,nan,0.5415782392490195,-0.2501864052623314,1.5820402616088514
2026-08-18T06:04:34.549+00:00,1787033074.5492458,192886.5797019,7.903947499988135,296,192886.4641913,18.753399985143915,96.73220000695437,1,0,0,4,1,0.0,1,estabilizada,1,1,1,,,,,,,,,,,,,nan,0.5415601864914452,-0.2501799758170552,1.5820467444126565
2026-08-18T06:04:34.549+00:00,1787033074.5492458,192886.5797465,7.903992100007599,296,192886.4641913,18.753399985143915,96.73220000695437,2,1,1,4,1,0.0,1,estabilizada,1,1,1,588.0,443.0,0.38128799200057983,0.5737237334251404,0.3904056097670088,0.5268532259046267,0.3775443597670088,0.5154087259046267,0.17031182766059857,0.3612450403924711,0.5128269280991763,0.25880941474543173,0.0,0.5415601864914452,-0.2501799758170552,1.5820467444126565
2026-08-18T06:04:34.549+00:00,1787033074.5492458,192886.579776,7.904021599999396,296,192886.4641913,18.753399985143915,96.73220000695437,3,1,1,4,1,0.0,1,estabilizada,1,1,1,472.5,273.5,0.18323203921318054,0.8950598835945129,0.20361672972181444,0.8299090985680523,0.19075547972181445,0.8184645985680523,-1.775490057356797,0.19097368899360567,0.8185669368121985,-1.7865704477394082,0.0,0.5415601864914452,-0.2501799758170552,1.5820467444126565
2026-08-18T06:04:34.549+00:00,1787033074.5492458,192886.5797862,7.9040317999897525,296,192886.4641913,18.753399985143915,96.73220000695437,10,0,0,4,1,0.0,1,estabilizada,1,1,1,,,,,,,,,,,,,nan,0.5415601864914452,-0.2501799758170552,1.5820467444126565
2026-08-18T06:04:34.727+00:00,1787033074.7274337,192886.7572661,8.081511700002011,301,192886.6414172,8.077199978288263,107.72560001350939,1,0,0,4,1,0.0,1,estabilizada,1,1,1,,,,,,,,,,,,,nan,0.5415445116451192,-0.25017157881752144,1.5820548056293384
2026-08-18T06:04:34.727+00:00,1787033074.7274337,192886.757522,8.081767600000603,301,192886.6414172,8.077199978288263,107.72560001350939,2,1,1,4,1,0.0,1,estabilizada,1,1,1,594.5,442.0,0.3913457989692688,0.5752294063568115,0.3998903096225828,0.5282739605648188,0.3870290596225828,0.5168294605648188,0.14316865041437415,0.37319090307479125,0.5143794783421131,0.20750511846731182,0.0,0.5415445116451192,-0.25017157881752144,1.5820548056293384
2026-08-18T06:04:34.727+00:00,1787033074.7274337,192886.7576452,8.081890800007386,301,192886.6414172,8.077199978288263,107.72560001350939,3,1,1,4,1,0.0,1,estabilizada,1,1,1,472.75,273.75,0.1836761087179184,0.8945463299751282,0.2040345414023258,0.829425569667235,0.1911732914023258,0.817981069667235,-1.7861097180322032,0.19097368899360567,0.8185669368121985,-1.7865704477394082,0.0,0.5415445116451192,-0.25017157881752144,1.5820548056293384
2026-08-18T06:04:34.727+00:00,1787033074.7274337,192886.7576687,8.081914300011704,301,192886.6414172,8.077199978288263,107.72560001350939,10,0,0,4,1,0.0,1,estabilizada,1,1,1,,,,,,,,,,,,,nan,0.5415445116451192,-0.25017157881752144,1.5820548056293384
2026-08-18T06:04:34.911+00:00,1787033074.911569,192886.9416296,8.265875200013397,304,192886.7648538,71.0794999904465,105.67160000209697,1,0,0,4,1,0.0,1,estabilizada,1,1,1,,,,,,,,,,,,,nan,0.5415284528550471,-0.250159365760976,1.5820666337990181
2026-08-18T06:04:34.911+00:00,1787033074.911569,192886.9416748,8.265920400008326,304,192886.7648538,71.0794999904465,105.67160000209697,2,1,1,4,1,0.0,1,estabilizada,1,1,1,599.0,442.0,0.398334801197052,0.5750640034675598,0.4064807467431464,0.528119012881276,0.3936194967431464,0.5166745128812761,0.13841502345765697,0.3790750247470638,0.5152037714153881,0.18229351519077894,0.0,0.5415284528550471,-0.250159365760976,1.5820666337990181
2026-08-18T06:04:34.911+00:00,1787033074.911569,192886.941687,8.265932600013912,304,192886.7648538,71.0794999904465,105.67160000209697,3,1,1,4,1,0.0,1,estabilizada,1,1,1,472.75,273.75,0.1836746633052826,0.8945427536964417,0.20403211246160574,0.8294233784753247,0.19117086246160575,0.8179788784753247,-1.7861093853830263,0.19097368899360567,0.8185669368121985,-1.7865704477394082,0.0,0.5415284528550471,-0.250159365760976,1.5820666337990181
2026-08-18T06:04:34.911+00:00,1787033074.911569,192886.9416998,8.265945399994962,304,192886.7648538,71.0794999904465,105.67160000209697,10,0,0,4,1,0.0,1,estabilizada,1,1,1,,,,,,,,,,,,,nan,0.5415284528550471,-0.250159365760976,1.5820666337990181
2026-08-18T06:04:35.094+00:00,1787033075.094207,192887.1244132,8.448658800014528,310,192887.0014544,10.816100024385378,111.9831999822054,1,0,0,4,1,0.0,1,estabilizada,1,1,1,,,,,,,,,,,,,nan,0.5415152876737128,-0.2501450360084831,1.5820799133878083
2026-08-18T06:04:35.094+00:00,1787033075.094207,192887.1246671,8.44891269999789,310,192887.0014544,10.816100024385378,111.9831999822054,2,1,1,4,1,0.0,1,estabilizada,1,1,1,608.75,441.75,0.41348180174827576,0.5751445293426514,0.4207652604634644,0.5281961670930162,0.4079040104634644,0.5167516670930162,0.1338244891424549,0.38512223700399917,0.5158380324609082,0.16265760765027373,0.0,0.5415152876737128,-0.2501450360084831,1.5820799133878083
2026-08-18T06:04:35.094+00:00,1787033075.094207,192887.124705,8.448950599995442,310,192887.0014544,10.816100024385378,111.9831999822054,3,1,1,4,1,0.0,1,estabilizada,1,1,1,472.75,274.0,0.18370415270328522,0.8940351605415344,0.20405900448721326,0.8289460226173999,0.19119775448721327,0.8175015226174,-1.7861082398369006,0.19097368899360567,0.8185669368121985,-1.7865704477394082,0.0,0.5415152876737128,-0.2501450360084831,1.5820799133878083
2026-08-18T06:04:35.094+00:00,1787033075.094207,192887.1247274,8.448972999991383,310,192887.0014544,10.816100024385378,111.9831999822054,10,0,0,4,1,0.0,1,estabilizada,1,1,1,,,,,,,,,,,,,nan,0.5415152876737128,-0.2501450360084831,1.5820799133878083
2026-08-18T06:04:35.258+00:00,1787033075.258739,192887.2887848,8.613030400010757,315,192887.1642935,27.388599992264062,97.06639999058098,1,0,0,4,1,0.0,1,estabilizada,1,1,1,,,,,,,,,,,,,nan,0.5415006941313036,-0.2501297030429414,1.5820952997742004
2026-08-18T06:04:35.258+00:00,1787033075.258739,192887.2888465,8.61309210001491,315,192887.1642935,27.388599992264062,97.06639999058098,2,1,1,4,1,0.0,1,estabilizada,1,1,1,615.5,441.0,0.4239700734615326,0.5762073993682861,0.4306559891973224,0.529199902899758,0.4177947391973224,0.5177554028997581,0.14293171850792824,0.3916252674113775,0.5160963893693715,0.16265760765027373,0.0,0.5415006941313036,-0.2501297030429414,1.5820952997742004
2026-08-18T06:04:35.258+00:00,1787033075.258739,192887.2888722,8.613117800006876,315,192887.1642935,27.388599992264062,97.06639999058098,3,1,1,4,1,0.0,1,estabilizada,1,1,1,472.75,273.5,0.1836393028497696,0.895039975643158,0.2039968155861609,0.8298951824714327,0.1911355655861609,0.8184506824714327,-1.7656461260239715,0.19097368899360567,0.8185669368121985,-1.7865704477394082,0.0,0.5415006941313036,-0.2501297030429414,1.5820952997742004
2026-08-18T06:04:35.258+00:00,1787033075.258739,192887.2888945,8.613140100002056,315,192887.1642935,27.388599992264062,97.06639999058098,10,0,0,4,1,0.0,1,estabilizada,1,1,1,,,,,,,,,,,,,nan,0.5415006941313036,-0.2501297030429414,1.5820952997742004
2026-08-18T06:04:35.421+00:00,1787033075.4211617,192887.4514049,8.775650499999756,320,192887.3338221,28.25260002282448,89.30500000133179,1,0,0,4,1,0.0,1,estabilizada,1,1,1,,,,,,,,,,,,,nan,0.541487777590457,-0.25011403095336865,1.5821113951448553
2026-08-18T06:04:35.421+00:00,1787033075.4211617,192887.4514471,8.775692700000945,320,192887.3338221,28.25260002282448,89.30500000133179,2,1,1,4,1,0.0,1,estabilizada,1,1,1,621.75,441.0,0.433700293302536,0.5759789943695068,0.4398318928951328,0.5289858606955966,0.4269706428951328,0.5175413606955966,0.1027960370305022,0.395903858337096,0.5162648247979915,0.1541881723686527,0.0,0.541487777590457,-0.25011403095336865,1.5821113951448553
2026-08-18T06:04:35.421+00:00,1787033075.4211617,192887.451459,8.775704600004246,320,192887.3338221,28.25260002282448,89.30500000133179,3,1,1,4,1,0.0,1,estabilizada,1,1,1,472.0,273.0,0.18233346939086914,0.896063506603241,0.2027643239041213,0.830862043105375,0.1899030739041213,0.8194175431053751,-1.79696245771522,0.19097368899360567,0.8185669368121985,-1.7865704477394082,0.0,0.541487777590457,-0.25011403095336865,1.5821113951448553
2026-08-18T06:04:35.421+00:00,1787033075.4211617,192887.4514691,8.775714699993841,320,192887.3338221,28.25260002282448,89.30500000133179,10,0,0,4,1,0.0,1,estabilizada,1,1,1,,,,,,,,,,,,,nan,0.541487777590457,-0.25011403095336865,1.5821113951448553
2026-08-18T06:04:35.557+00:00,1787033075.5575495,192887.5879754,8.912221000005957,324,192887.464724,50.673100020503625,72.55359998089261,1,0,0,4,1,0.0,1,estabilizada,1,1,1,,,,,,,,,,,,,nan,0.5414745168733697,-0.2500989000555016,1.5821270489352801
2026-08-18T06:04:35.557+00:00,1787033075.5575495,192887.5880396,8.912285200000042,324,192887.464724,50.673100020503625,72.55359998089261,2,1,1,4,1,0.0,1,estabilizada,1,1,1,626.25,440.25,0.4407046437263489,0.5771256685256958,0.4464369827248732,0.530068631467635,0.4335757327248732,0.5186241314676351,0.04206397432490879,0.40206433133898545,0.5166240641078828,0.14334373810058484,0.0,0.5414745168733697,-0.2500989000555016,1.5821270489352801
2026-08-18T06:04:35.557+00:00,1787033075.5575495,192887.5880564,8.91230200001155,324,192887.464724,50.673100020503625,72.55359998089261,3,1,1,4,1,0.0,1,estabilizada,1,1,1,472.25,273.25,0.18277733027935028,0.8955501914024353,0.20318197908121927,0.8303794339082107,0.19032072908121928,0.8189349339082107,-1.7969624577152188,0.19097368899360567,0.8185669368121985,-1.7865704477394082,0.0,0.5414745168733697,-0.2500989000555016,1.5821270489352801
2026-08-18T06:04:35.557+00:00,1787033075.5575495,192887.5880742,8.912319800001569,324,192887.464724,50.673100020503625,72.55359998089261,10,0,0,4,1,0.0,1,estabilizada,1,1,1,,,,,,,,,,,,,nan,0.5414745168733697,-0.2500989000555016,1.5821270489352801
2026-08-18T06:04:35.702+00:00,1787033075.7025433,192887.7329928,9.057238400011556,329,192887.6390343,17.264499998418614,76.66920000337996,1,0,0,4,1,0.0,1,estabilizada,1,1,1,,,,,,,,,,,,,nan,0.5414637725792458,-0.25008070218472095,1.5821452447494875
2026-08-18T06:04:35.702+00:00,1787033075.7025433,192887.7330335,9.057279100001324,329,192887.6390343,17.264499998418614,76.66920000337996,2,1,1,4,1,0.0,1,estabilizada,1,1,1,632.0,440.25,0.44966787099838257,0.5769159197807312,0.45488966158284044,0.5298723906079872,0.44202841158284045,0.5184278906079872,0.07416676620644719,0.42394127722242025,0.5175262963315723,0.1344440262068652,0.0,0.5414637725792458,-0.25008070218472095,1.5821452447494875
2026-08-18T06:04:35.702+00:00,1787033075.7025433,192887.7330458,9.05729140000767,329,192887.6390343,17.264499998418614,76.66920000337996,3,1,1,4,1,0.0,1,estabilizada,1,1,1,472.0,273.0,0.1823302060365677,0.8960577249526978,0.20275944355196335,0.830859881211935,0.18989819355196336,0.819415381211935,-1.7969618688639908,0.19097368899360567,0.8185669368121985,-1.7865704477394082,0.0,0.5414637725792458,-0.25008070218472095,1.5821452447494875
2026-08-18T06:04:35.702+00:00,1787033075.7025433,192887.7330555,9.05730109999422,329,192887.6390343,17.264499998418614,76.66920000337996,10,0,0,4,1,0.0,1,estabilizada,1,1,1,,,,,,,,,,,,,nan,0.5414637725792458,-0.25008070218472095,1.5821452447494875
2026-08-18T06:04:35.865+00:00,1787033075.8657773,192887.8963464,9.22059199999785,333,192887.7681297,30.92540000216104,97.26479998789728,1,0,0,4,1,0.0,1,estabilizada,1,1,1,,,,,,,,,,,,,nan,0.5414580230743845,-0.2500600702844654,1.5821646642930773
2026-08-18T06:04:35.865+00:00,1787033075.8657773,192887.896395,9.220640599989565,333,192887.7681297,30.92540000216104,97.26479998789728,2,1,1,4,1,0.0,1,estabilizada,1,1,1,637.0,440.25,0.45746591687202454,0.576733410358429,0.4622437315513771,0.5297020141092225,0.4493824815513771,0.5182575141092225,0.07154466206492392,0.43184295546983925,0.5179627556490167,0.12483005631675805,0.0,0.5414580230743845,-0.2500600702844654,1.5821646642930773
2026-08-18T06:04:35.865+00:00,1787033075.8657773,192887.8964079,9.22065350000048,333,192887.7681297,30.92540000216104,97.26479998789728,3,1,1,4,1,0.0,1,estabilizada,1,1,1,472.5,273.25,0.18318718671798706,0.8955386281013489,0.20356709786110616,0.8303722865810171,0.19070584786110617,0.8189277865810172,-1.7656432180485768,0.19097368899360567,0.8185669368121985,-1.7865704477394082,0.0,0.5414580230743845,-0.2500600702844654,1.5821646642930773
2026-08-18T06:04:35.865+00:00,1787033075.8657773,192887.8964214,9.220666999986861,333,192887.7681297,30.92540000216104,97.26479998789728,10,0,0,4,1,0.0,1,estabilizada,1,1,1,,,,,,,,,,,,,nan,0.5414580230743845,-0.2500600702844654,1.5821646642930773
2026-08-18T06:04:36.021+00:00,1787033076.0211294,192888.0515377,9.375783299998147,338,192887.9313767,33.970999997109175,86.1643000098411,1,0,0,4,1,0.0,1,estabilizada,1,1,1,,,,,,,,,,,,,nan,0.5414536297367644,-0.25004238282022384,1.5821810512808205
2026-08-18T06:04:36.021+00:00,1787033076.0211294,192888.051586,9.375831599987578,338,192887.9313767,33.970999997109175,86.1643000098411,2,1,1,4,1,0.0,1,estabilizada,1,1,1,642.0,440.5,0.46526649594306946,0.5761135816574097,0.46960028696899647,0.5291189366749057,0.4567390369689965,0.5176744366749058,0.04021456732930997,0.43642338214732224,0.5180842250983504,0.11389739883892114,0.0,0.5414536297367644,-0.25004238282022384,1.5821810512808205
2026-08-18T06:04:36.021+00:00,1787033076.0211294,192888.051599,9.375844599999255,338,192887.9313767,33.970999997109175,86.1643000098411,3,1,1,4,1,0.0,1,estabilizada,1,1,1,472.25,273.25,0.18277184665203094,0.8955419659614563,0.2031749228053532,0.8303771156386144,0.19031367280535322,0.8189326156386144,-1.796960335725214,0.19097368899360567,0.8185669368121985,-1.7865704477394082,0.0,0.5414536297367644,-0.25004238282022384,1.5821810512808205
2026-08-18T06:04:36.021+00:00,1787033076.0211294,192888.0516126,9.375858199986396,338,192887.9313767,33.970999997109175,86.1643000098411,10,0,0,4,1,0.0,1,estabilizada,1,1,1,,,,,,,,,,,,,nan,0.5414536297367644,-0.25004238282022384,1.5821810512808205
2026-08-18T06:04:36.192+00:00,1787033076.1927617,192888.2226323,9.546877899992978,343,192888.0983404,17.852299992227927,106.40250000869855,1,0,0,4,1,0.0,1,estabilizada,1,1,1,,,,,,,,,,,,,nan,0.541448232919088,-0.2500260808573512,1.582196166591269
2026-08-18T06:04:36.192+00:00,1787033076.1927617,192888.2227837,9.547029300010763,343,192888.0983404,17.852299992227927,106.40250000869855,2,1,1,4,1,0.0,1,estabilizada,1,1,1,648.25,440.25,0.47502365708351135,0.5763231515884399,0.4788020835210381,0.5293179619093691,0.4659408335210381,0.5178734619093691,-0.02241616904496069,0.4395328292050598,0.51812580433794,0.09788813570478963,0.0,0.541448232919088,-0.2500260808573512,1.582196166591269
2026-08-18T06:04:36.192+00:00,1787033076.1927617,192888.2228511,9.547096700000111,343,192888.0983404,17.852299992227927,106.40250000869855,3,1,1,4,1,0.0,1,estabilizada,1,1,1,472.0,273.0,0.1823248267173767,0.8960494995117188,0.20275282878224554,0.8308573290266652,0.18989157878224555,0.8194128290266652,-1.7969597224694005,0.19097368899360567,0.8185669368121985,-1.7865704477394082,0.0,0.541448232919088,-0.2500260808573512,1.582196166591269
2026-08-18T06:04:36.192+00:00,1787033076.1927617,192888.222912,9.547157599998172,343,192888.0983404,17.852299992227927,106.40250000869855,10,0,0,4,1,0.0,1,estabilizada,1,1,1,,,,,,,,,,,,,nan,0.541448232919088,-0.2500260808573512,1.582196166591269
2026-08-18T06:04:36.463+00:00,1787033076.4638033,192888.4939754,9.818220999994082,349,192888.2979574,1.5978000010363758,194.28009999683127,1,0,0,4,1,0.0,1,estabilizada,1,1,1,,,,,,,,,,,,,nan,0.5414418123527528,-0.25001055162608044,1.5822107737441744
2026-08-18T06:04:36.463+00:00,1787033076.4638033,192888.494192,9.818437600013567,349,192888.2979574,1.5978000010363758,194.28009999683127,2,1,1,4,1,0.0,1,estabilizada,1,1,1,654.75,440.75,0.4851699769496918,0.5752110481262207,0.48837085591620955,0.5282704348968257,0.47550960591620955,0.5168259348968257,0.04383949729749838,0.4577044054265933,0.5178624395551834,0.05163787695918847,0.0,0.5414418123527528,-0.25001055162608044,1.5822107737441744
2026-08-18T06:04:36.463+00:00,1787033076.4638033,192888.4942265,9.818472100014333,349,192888.2979574,1.5978000010363758,194.28009999683127,3,1,1,4,1,0.0,1,estabilizada,1,1,1,472.5,273.75,0.1832454651594162,0.8945218920707703,0.20362054525769696,0.8294181008173731,0.19075929525769697,0.8179736008173731,-1.786103546623037,0.19097368899360567,0.8185669368121985,-1.7865704477394082,0.0,0.5414418123527528,-0.25001055162608044,1.5822107737441744
2026-08-18T06:04:36.463+00:00,1787033076.4638033,192888.4942542,9.818499799992424,349,192888.2979574,1.5978000010363758,194.28009999683127,10,0,0,4,1,0.0,1,estabilizada,1,1,1,,,,,,,,,,,,,nan,0.5414418123527528,-0.25001055162608044,1.5822107737441744
2026-08-18T06:04:36.715+00:00,1787033076.7152715,192888.7449941,10.069239700009348,357,192888.569436,27.36989999539219,148.02190000773408,1,0,0,4,1,0.0,1,estabilizada,1,1,1,,,,,,,,,,,,,nan,0.5414387316603958,-0.24999503622134886,1.5822244793786848
2026-08-18T06:04:36.715+00:00,1787033076.7152715,192888.7454212,10.069666800001869,357,192888.569436,27.36989999539219,148.02190000773408,2,1,1,4,1,0.0,1,estabilizada,1,1,1,665.25,441.5,0.5015643239021301,0.5735160708427429,0.5038324576246302,0.5266731603697153,0.49097120762463026,0.5152286603697154,-0.05380281167297146,0.47296623054697845,0.5170661969485089,0.02081390591186429,0.0,0.5414387316603958,-0.24999503622134886,1.5822244793786848
2026-08-18T06:04:36.715+00:00,1787033076.7152715,192888.7454891,10.069734699995024,357,192888.569436,27.36989999539219,148.02190000773408,3,1,1,4,1,0.0,1,estabilizada,1,1,1,472.0,273.0,0.18232247233390808,0.8960443735122681,0.20274970232599848,0.8308554270509362,0.1898884523259985,0.8194109270509362,-1.7969596736541926,0.19097368899360567,0.8185669368121985,-1.7865704477394082,0.0,0.5414387316603958,-0.24999503622134886,1.5822244793786848
2026-08-18T06:04:36.715+00:00,1787033076.7152715,192888.7455418,10.069787399988854,357,192888.569436,27.36989999539219,148.02190000773408,10,0,0,4,1,0.0,1,estabilizada,1,1,1,,,,,,,,,,,,,nan,0.5414387316603958,-0.24999503622134886,1.5822244793786848
2026-08-18T06:04:36.883+00:00,1787033076.8835428,192888.9136575,10.237903100001859,362,192888.7614433,64.61520001175813,87.57149998564273,1,0,0,4,1,0.0,1,estabilizada,1,1,1,,,,,,,,,,,,,nan,0.5414347499354372,-0.2499779017385085,1.5822384576056514
2026-08-18T06:04:36.883+00:00,1787033076.8835428,192888.9137221,10.23796769999899,362,192888.7614433,64.61520001175813,87.57149998564273,2,1,1,4,1,0.0,1,estabilizada,1,1,1,671.5,441.5,0.5113359689712524,0.5732877254486084,0.5130480309387487,0.5264591920561358,0.5001867809387488,0.5150146920561358,0.04377213995444103,0.4809146529822972,0.5162893874993022,0.02081390591186429,0.0,0.5414347499354372,-0.2499779017385085,1.5822384576056514
2026-08-18T06:04:36.883+00:00,1787033076.8835428,192888.9137339,10.23797950000153,362,192888.7614433,64.61520001175813,87.57149998564273,3,1,1,4,1,0.0,1,estabilizada,1,1,1,472.0,273.0,0.18232154846191406,0.8960416316986084,0.2027484240553225,0.8308543917389491,0.18988717405532252,0.8194098917389492,-1.7969602380977396,0.19097368899360567,0.8185669368121985,-1.7865704477394082,0.0,0.5414347499354372,-0.2499779017385085,1.5822384576056514
2026-08-18T06:04:36.883+00:00,1787033076.8835428,192888.9137485,10.237994099996286,362,192888.7614433,64.61520001175813,87.57149998564273,10,0,0,4,1,0.0,1,estabilizada,1,1,1,,,,,,,,,,,,,nan,0.5414347499354372,-0.2499779017385085,1.5822384576056514
2026-08-18T06:04:37.077+00:00,1787033077.0770667,192889.1070404,10.431286000006367,368,192888.9646019,27.298300003167242,115.11060001794249,1,0,0,4,1,0.0,1,estabilizada,1,1,1,,,,,,,,,,,,,nan,0.5414308789563131,-0.24996242912799416,1.5822512022183233
2026-08-18T06:04:37.077+00:00,1787033077.0770667,192889.1071853,10.431430900003761,368,192888.9646019,27.298300003167242,115.11060001794249,2,1,1,4,1,0.0,1,estabilizada,1,1,1,677.25,441.5,0.5203308463096619,0.5730777382850647,0.5215310368581261,0.5262624064570187,0.508669786858126,0.5148179064570187,0.04367272488171052,0.48990910469607435,0.5157560794139713,0.02081390591186429,0.0,0.5414308789563131,-0.24996242912799416,1.5822512022183233
2026-08-18T06:04:37.077+00:00,1787033077.0770667,192889.107241,10.43148659999133,368,192888.9646019,27.298300003167242,115.11060001794249,3,1,1,4,1,0.0,1,estabilizada,1,1,1,472.25,273.0,0.18273460865020752,0.8960332870483398,0.2031376042569033,0.8308479269037129,0.1902763542569033,0.8194034269037129,-1.796960802544055,0.19097368899360567,0.8185669368121985,-1.7865704477394082,0.0,0.5414308789563131,-0.24996242912799416,1.5822512022183233
2026-08-18T06:04:37.077+00:00,1787033077.0770667,192889.1072643,10.431509899994126,368,192888.9646019,27.298300003167242,115.11060001794249,10,0,0,4,1,0.0,1,estabilizada,1,1,1,,,,,,,,,,,,,nan,0.5414308789563131,-0.24996242912799416,1.5822512022183233
2026-08-18T06:04:37.234+00:00,1787033077.2346117,192889.2645181,10.58876370001235,375,192889.1667644,12.743100000079721,84.982400003355,1,0,0,4,1,0.0,1,estabilizada,1,1,1,,,,,,,,,,,,,nan,0.541427529962989,-0.2499480777243763,1.5822639786407016
2026-08-18T06:04:37.234+00:00,1787033077.2346117,192889.2645781,10.588823700003559,375,192889.1667644,12.743100000079721,84.982400003355,2,1,1,4,1,0.0,1,estabilizada,1,1,1,681.25,441.0,0.5266064405441284,0.5738070607185364,0.5274494718370758,0.5269514389887457,0.5145882218370759,0.5155069389887458,0.0738078946025015,0.502317261096567,0.5154475371722833,0.02081390591186429,0.0,0.541427529962989,-0.2499480777243763,1.5822639786407016
2026-08-18T06:04:37.234+00:00,1787033077.2346117,192889.2645936,10.588839200005168,375,192889.1667644,12.743100000079721,84.982400003355,3,1,1,4,1,0.0,1,estabilizada,1,1,1,472.0,273.0,0.1823204755783081,0.8960369229316711,0.20274667204799368,0.8308526986484077,0.1898854220479937,0.8194081986484077,-1.796961980254825,0.19097368899360567,0.8185669368121985,-1.7865704477394082,0.0,0.541427529962989,-0.2499480777243763,1.5822639786407016
2026-08-18T06:04:37.234+00:00,1787033077.2346117,192889.2646094,10.588855000009062,375,192889.1667644,12.743100000079721,84.982400003355,10,0,0,4,1,0.0,1,estabilizada,1,1,1,,,,,,,,,,,,,nan,0.541427529962989,-0.2499480777243763,1.5822639786407016
2026-08-18T06:04:37.423+00:00,1787033077.4232342,192889.4532996,10.777545199991437,379,192889.3018459,44.84390001744032,106.57189998892136,1,0,0,4,1,0.0,1,estabilizada,1,1,1,,,,,,,,,,,,,nan,0.5414192511253269,-0.2499352720818319,1.582276094649325
2026-08-18T06:04:37.423+00:00,1787033077.4232342,192889.4533595,10.777605100010987,379,192889.3018459,44.84390001744032,106.57189998892136,2,1,1,4,1,0.0,1,estabilizada,1,1,1,684.0,440.0,0.5309451222419739,0.575458288192749,0.5315408915913874,0.5285098316775313,0.5186796415913875,0.5170653316775313,0.15197096393053758,0.5074995022214155,0.5157149692031229,0.04134664888343109,0.0,0.5414192511253269,-0.2499352720818319,1.582276094649325
2026-08-18T06:04:37.423+00:00,1787033077.4232342,192889.4533746,10.777620200009551,379,192889.3018459,44.84390001744032,106.57189998892136,3,1,1,4,1,0.0,1,estabilizada,1,1,1,472.0,273.0,0.18232013285160065,0.8960341215133667,0.2027457215045077,0.830851284098114,0.1898844715045077,0.8194067840981141,-1.7969628513395959,0.19097368899360567,0.8185669368121985,-1.7865704477394082,0.0,0.5414192511253269,-0.2499352720818319,1.582276094649325
2026-08-18T06:04:37.423+00:00,1787033077.4232342,192889.4533916,10.777637199993478,379,192889.3018459,44.84390001744032,106.57189998892136,10,0,0,4,1,0.0,1,estabilizada,1,1,1,,,,,,,,,,,,,nan,0.5414192511253269,-0.2499352720818319,1.582276094649325
2026-08-18T06:04:37.618+00:00,1787033077.6186626,192889.6486933,10.972938899998553,385,192889.502314,23.68189999833703,122.62290000217035,1,0,0,4,1,0.0,1,estabilizada,1,1,1,,,,,,,,,,,,,nan,0.5414104192537349,-0.2499235641609019,1.58228718053142
2026-08-18T06:04:37.618+00:00,1787033077.6186626,192889.6488235,10.97306910000043,385,192889.502314,23.68189999833703,122.62290000217035,2,1,1,4,1,0.0,1,estabilizada,1,1,1,687.0,441.0,0.5356119871139526,0.5735957622528076,0.5359418001207199,0.5267542405055724,0.5230805501207199,0.5153097405055724,0.10561604518450743,0.5098791467188083,0.5157597881719789,0.056086681135434524,0.0,0.5414104192537349,-0.2499235641609019,1.58228718053142
2026-08-18T06:04:37.618+00:00,1787033077.6186626,192889.6488433,10.973088900005678,385,192889.502314,23.68189999833703,122.62290000217035,3,1,1,4,1,0.0,1,estabilizada,1,1,1,472.0,273.0,0.18231964111328125,0.8960311412811279,0.20274461227546092,0.8308495960099693,0.18988336227546093,0.8194050960099694,-1.7969637468311923,0.19097368899360567,0.8185669368121985,-1.7865704477394082,0.0,0.5414104192537349,-0.2499235641609019,1.58228718053142
2026-08-18T06:04:37.618+00:00,1787033077.6186626,192889.6488557,10.973101300012786,385,192889.502314,23.68189999833703,122.62290000217035,10,0,0,4,1,0.0,1,estabilizada,1,1,1,,,,,,,,,,,,,nan,0.5414104192537349,-0.2499235641609019,1.58228718053142
2026-08-18T06:04:37.806+00:00,1787033077.8069146,192889.8368084,11.161053999996511,391,192889.6992758,24.833500006934628,112.67179998685606,1,0,0,4,1,0.0,1,estabilizada,1,1,1,,,,,,,,,,,,,nan,0.5414029888724939,-0.2499103288385542,1.5822990707012328
2026-08-18T06:04:37.806+00:00,1787033077.8069146,192889.8368736,11.161119199998211,391,192889.6992758,24.833500006934628,112.67179998685606,2,1,1,4,1,0.0,1,estabilizada,1,1,1,689.0,440.0,0.5387808680534363,0.5752743482589722,0.5389300123448568,0.5283384545875789,0.5260687623448568,0.5168939545875789,0.13718837470169176,0.5118220050579192,0.5158693384315602,0.07177906158422967,0.0,0.5414029888724939,-0.2499103288385542,1.5822990707012328
2026-08-18T06:04:37.806+00:00,1787033077.8069146,192889.8368879,11.161133499990683,391,192889.6992758,24.833500006934628,112.67179998685606,3,1,1,4,1,0.0,1,estabilizada,1,1,1,472.0,273.0,0.18231913447380066,0.8960279226303101,0.2027435583354415,0.8308478030550066,0.1898823083354415,0.8194033030550066,-1.7969649001543695,0.19097368899360567,0.8185669368121985,-1.7865704477394082,0.0,0.5414029888724939,-0.2499103288385542,1.5822990707012328
2026-08-18T06:04:37.806+00:00,1787033077.8069146,192889.8369019,11.161147500009974,391,192889.6992758,24.833500006934628,112.67179998685606,10,0,0,4,1,0.0,1,estabilizada,1,1,1,,,,,,,,,,,,,nan,0.5414029888724939,-0.2499103288385542,1.5822990707012328
2026-08-18T06:04:38.138+00:00,1787033078.1386073,192890.1691673,11.49341289998847,398,192889.9358122,11.220899992622435,221.981999988202,1,0,0,4,1,0.0,1,estabilizada,1,1,1,,,,,,,,,,,,,nan,0.5413955077631536,-0.24989564112926319,1.582311168748879
2026-08-18T06:04:38.139+00:00,1787033078.139608,192890.1694069,11.493652500008466,398,192889.9358122,11.220899992622435,221.981999988202,2,1,1,4,1,0.0,1,estabilizada,1,1,1,692.5,439.75,0.5442771315574646,0.5755847692489624,0.5441132281820665,0.5286324134789002,0.5312519781820666,0.5171879134789003,0.10938394176578263,0.5203840550357798,0.5163080569488525,0.09661417390500278,0.0,0.5413955077631536,-0.24989564112926319,1.582311168748879
2026-08-18T06:04:38.139+00:00,1787033078.139608,192890.169467,11.493712600000435,398,192889.9358122,11.220899992622435,221.981999988202,3,1,1,4,1,0.0,1,estabilizada,1,1,1,472.0,273.0,0.1823185831308365,0.8960247039794922,0.20274245667428198,0.8308461012516013,0.189881206674282,0.8194016012516013,-1.7969663601196406,0.19097368899360567,0.8185669368121985,-1.7865704477394082,0.0,0.5413955077631536,-0.24989564112926319,1.582311168748879
2026-08-18T06:04:38.139+00:00,1787033078.139608,192890.1694992,11.493744800012792,398,192889.9358122,11.220899992622435,221.981999988202,10,0,0,4,1,0.0,1,estabilizada,1,1,1,,,,,,,,,,,,,nan,0.5413955077631536,-0.24989564112926319,1.582311168748879
2026-08-18T06:04:38.376+00:00,1787033078.3763776,192890.4063962,11.730641800008016,407,192890.2356468,38.69760001543909,132.02259998070076,1,0,0,4,1,0.0,1,estabilizada,1,1,1,,,,,,,,,,,,,nan,0.5413953870464555,-0.2498864654163388,1.5823180200502005
2026-08-18T06:04:38.376+00:00,1787033078.3763776,192890.4064449,11.730690500000492,407,192890.2356468,38.69760001543909,132.02259998070076,2,1,1,4,1,0.0,1,estabilizada,1,1,1,697.5,439.25,0.5521402955055237,0.5762792825698853,0.5515291403843265,0.529288149070438,0.5386678903843265,0.517843649070438,0.173789070849477,0.5280758377115798,0.5169090832249337,0.10469027101013999,0.0,0.5413953870464555,-0.2498864654163388,1.5823180200502005
2026-08-18T06:04:38.376+00:00,1787033078.3763776,192890.4064579,11.730703500012169,407,192890.2356468,38.69760001543909,132.02259998070076,3,1,1,4,1,0.0,1,estabilizada,1,1,1,472.0,273.0,0.1823185533285141,0.8960216045379639,0.20274233326725832,0.8308439822211711,0.18988108326725833,0.8193994822211711,-1.796965722451803,0.19097368899360567,0.8185669368121985,-1.7865704477394082,0.0,0.5413953870464555,-0.2498864654163388,1.5823180200502005
2026-08-18T06:04:38.376+00:00,1787033078.3763776,192890.4064719,11.730717500002356,407,192890.2356468,38.69760001543909,132.02259998070076,10,0,0,4,1,0.0,1,estabilizada,1,1,1,,,,,,,,,,,,,nan,0.5413953870464555,-0.2498864654163388,1.5823180200502005
2026-08-18T06:04:38.582+00:00,1787033078.582947,192890.6131498,11.937395399989327,414,192890.4740409,20.589499996276572,118.48509998526424,1,0,0,4,1,0.0,1,estabilizada,1,1,1,,,,,,,,,,,,,nan,0.5413927933850654,-0.24987703357540755,1.5823242590493465
2026-08-18T06:04:38.582+00:00,1787033078.582947,192890.6133363,11.937581900012447,414,192890.4740409,20.589499996276572,118.48509998526424,2,1,1,4,1,0.0,1,estabilizada,1,1,1,701.5,438.0,0.5584735870361328,0.5783284902572632,0.557502059601219,0.5312215229472108,0.544640809601219,0.5197770229472108,0.16321250261140124,0.5324898613316446,0.5176014056672686,0.11469736880885997,0.0,0.5413927933850654,-0.24987703357540755,1.5823242590493465
2026-08-18T06:04:38.582+00:00,1787033078.582947,192890.6133623,11.937607900006697,414,192890.4740409,20.589499996276572,118.48509998526424,3,1,1,4,1,0.0,1,estabilizada,1,1,1,472.0,273.0,0.1823188066482544,0.8960188031196594,0.20274234412579312,0.8308421336015438,0.18988109412579313,0.8193976336015438,-1.796965673651092,0.19097368899360567,0.8185669368121985,-1.7865704477394082,0.0,0.5413927933850654,-0.24987703357540755,1.5823242590493465
2026-08-18T06:04:38.582+00:00,1787033078.582947,192890.613377,11.937622600002214,414,192890.4740409,20.589499996276572,118.48509998526424,10,0,0,4,1,0.0,1,estabilizada,1,1,1,,,,,,,,,,,,,nan,0.5413927933850654,-0.24987703357540755,1.5823242590493465
2026-08-18T06:04:38.783+00:00,1787033078.783639,192890.8142001,12.138445699994918,420,192890.7053595,4.768100014189258,104.04469998320565,1,0,0,4,1,0.0,1,estabilizada,1,1,1,,,,,,,,,,,,,nan,0.5413870245069925,-0.2498710152754114,1.5823282716369924
2026-08-18T06:04:38.783+00:00,1787033078.783639,192890.8142481,12.138493700011168,420,192890.7053595,4.768100014189258,104.04469998320565,2,1,1,4,1,0.0,1,estabilizada,1,1,1,704.75,437.75,0.5635906457901001,0.5786489248275757,0.5623277435521136,0.5315241935402264,0.5494664935521136,0.5200796935402264,0.20545305545530235,0.5373565044830716,0.5183362266212096,0.13879738066440514,0.0,0.5413870245069925,-0.2498710152754114,1.5823282716369924
2026-08-18T06:04:38.783+00:00,1787033078.783639,192890.8142642,12.138509799988242,420,192890.7053595,4.768100014189258,104.04469998320565,3,1,1,4,1,0.0,1,estabilizada,1,1,1,472.0,273.0,0.18231895565986633,0.8960155844688416,0.20274210474688154,0.8308396056118814,0.18988085474688154,0.8193951056118814,-1.7969653426151904,0.19097368899360567,0.8185669368121985,-1.7865704477394082,0.0,0.5413870245069925,-0.2498710152754114,1.5823282716369924
2026-08-18T06:04:38.783+00:00,1787033078.783639,192890.8142774,12.138523000001442,420,192890.7053595,4.768100014189258,104.04469998320565,10,0,0,4,1,0.0,1,estabilizada,1,1,1,,,,,,,,,,,,,nan,0.5413870245069925,-0.2498710152754114,1.5823282716369924
2026-08-18T06:04:38.985+00:00,1787033078.9856377,192891.0155629,12.339808499993524,426,192890.8649896,31.40420001000166,119.12499999743886,1,0,0,4,1,0.0,1,estabilizada,1,1,1,,,,,,,,,,,,,nan,0.5413795843540581,-0.24986361354473574,1.5823333397479649
2026-08-18T06:04:38.985+00:00,1787033078.9856377,192891.0156479,12.339893500000471,426,192890.8649896,31.40420001000166,119.12499999743886,2,1,1,4,1,0.0,1,estabilizada,1,1,1,707.25,437.0,0.5675554871559143,0.579875648021698,0.5660666534234833,0.5326817150714679,0.5532054034234832,0.5212372150714679,0.17398312437904231,0.5444900128179578,0.5195221514537393,0.1562922547697423,0.0,0.5413795843540581,-0.24986361354473574,1.5823333397479649
2026-08-18T06:04:38.985+00:00,1787033078.9856377,192891.0156743,12.339919899997767,426,192890.8649896,31.40420001000166,119.12499999743886,3,1,1,4,1,0.0,1,estabilizada,1,1,1,472.75,273.5,0.18362325429916382,0.8949854373931885,0.2039717288564079,0.8298686810207133,0.19111047885640792,0.8184241810207133,-1.7656452285959894,0.19097368899360567,0.8185669368121985,-1.7865704477394082,0.0,0.5413795843540581,-0.24986361354473574,1.5823333397479649
2026-08-18T06:04:38.985+00:00,1787033078.9856377,192891.015694,12.339939600002253,426,192890.8649896,31.40420001000166,119.12499999743886,10,0,0,4,1,0.0,1,estabilizada,1,1,1,,,,,,,,,,,,,nan,0.5413795843540581,-0.24986361354473574,1.5823333397479649
2026-08-18T06:04:39.177+00:00,1787033079.177509,192891.2072689,12.53151450000587,432,192891.0986263,7.058000017423183,101.42939997604117,1,0,0,4,1,0.0,1,estabilizada,1,1,1,,,,,,,,,,,,,nan,0.5413687758449652,-0.24985603970847103,1.582338315251111
2026-08-18T06:04:39.177+00:00,1787033079.177509,192891.2074524,12.531698000006145,432,192891.0986263,7.058000017423183,101.42939997604117,2,1,1,4,1,0.0,1,estabilizada,1,1,1,710.25,436.5,0.5722976922988892,0.5806453824043274,0.5705385220544327,0.533408247798072,0.5576772720544327,0.5219637477980721,0.16844395389058953,0.5464140801611498,0.5198130023852633,0.1562922547697423,0.0,0.5413687758449652,-0.24985603970847103,1.582338315251111
2026-08-18T06:04:39.177+00:00,1787033079.177509,192891.2074718,12.531717400008347,432,192891.0986263,7.058000017423183,101.42939997604117,3,1,1,4,1,0.0,1,estabilizada,1,1,1,472.25,273.25,0.18276453018188477,0.895497739315033,0.20316116837145898,0.8303524798477131,0.190299918371459,0.8189079798477131,-1.7969655760489112,0.19097368899360567,0.8185669368121985,-1.7865704477394082,0.0,0.5413687758449652,-0.24985603970847103,1.582338315251111
2026-08-18T06:04:39.177+00:00,1787033079.177509,192891.2074916,12.531737200013595,432,192891.0986263,7.058000017423183,101.42939997604117,10,0,0,4,1,0.0,1,estabilizada,1,1,1,,,,,,,,,,,,,nan,0.5413687758449652,-0.24985603970847103,1.582338315251111
2026-08-18T06:04:39.352+00:00,1787033079.3525002,192891.3823934,12.70663900001091,438,192891.2646867,20.834100025240332,96.83769999537617,1,0,0,4,1,0.0,1,estabilizada,1,1,1,,,,,,,,,,,,,nan,0.541359876639508,-0.24984803561074684,1.582342991263841
2026-08-18T06:04:39.352+00:00,1787033079.3525002,192891.3824561,12.706701699993573,438,192891.2646867,20.834100025240332,96.83769999537617,2,1,1,4,1,0.0,1,estabilizada,1,1,1,715.0,436.25,0.5797836184501648,0.5809125900268555,0.5775981651179533,0.5336608521165649,0.5647369151179533,0.5222163521165649,0.17380340139082578,0.5536342234889708,0.5207807575682468,0.1562922547697423,0.0,0.541359876639508,-0.24984803561074684,1.582342991263841
2026-08-18T06:04:39.352+00:00,1787033079.3525002,192891.3824718,12.706717399996705,438,192891.2646867,20.834100025240332,96.83769999537617,3,1,1,4,1,0.0,1,estabilizada,1,1,1,472.5,274.0,0.18327321112155914,0.8939756751060486,0.20364035027820598,0.8289176348879232,0.190779100278206,0.8174731348879233,-1.8186242020323173,0.19097368899360567,0.8185669368121985,-1.7865704477394082,0.0,0.541359876639508,-0.24984803561074684,1.582342991263841
2026-08-18T06:04:39.352+00:00,1787033079.3525002,192891.3824846,12.70673020000686,438,192891.2646867,20.834100025240332,96.83769999537617,10,0,0,4,1,0.0,1,estabilizada,1,1,1,,,,,,,,,,,,,nan,0.541359876639508,-0.24984803561074684,1.582342991263841
2026-08-18T06:04:39.535+00:00,1787033079.5359323,192891.5665106,12.890756200009491,443,192891.4313451,28.466500021750107,106.60790000110865,1,0,0,4,1,0.0,1,estabilizada,1,1,1,,,,,,,,,,,,,nan,0.5413520788361474,-0.2498436253112518,1.582346143684404
2026-08-18T06:04:39.536+00:00,1787033079.5369444,192891.566682,12.890927600004943,443,192891.4313451,28.466500021750107,106.60790000110865,2,1,1,4,1,0.0,1,estabilizada,1,1,1,718.5,436.5,0.5852789282798767,0.5803448557853699,0.5827804759243571,0.5331257542019946,0.5699192259243571,0.5216812542019946,0.17371264764664526,0.5606880450470918,0.521091701462988,0.1562922547697423,0.0,0.5413520788361474,-0.2498436253112518,1.582346143684404
2026-08-18T06:04:39.536+00:00,1787033079.5369444,192891.5667003,12.89094589999877,443,192891.4313451,28.466500021750107,106.60790000110865,3,1,1,4,1,0.0,1,estabilizada,1,1,1,472.5,273.5,0.18321062624454498,0.8949810862541199,0.2035808409803626,0.8298662411539358,0.19071959098036262,0.8184217411539358,-1.7346668373174496,0.19097368899360567,0.8185669368121985,-1.7865704477394082,0.0,0.5413520788361474,-0.2498436253112518,1.582346143684404
2026-08-18T06:04:39.536+00:00,1787033079.5369444,192891.5667192,12.890964799997164,443,192891.4313451,28.466500021750107,106.60790000110865,10,0,0,4,1,0.0,1,estabilizada,1,1,1,,,,,,,,,,,,,nan,0.5413520788361474,-0.2498436253112518,1.582346143684404
2026-08-18T06:04:39.715+00:00,1787033079.7159436,192891.7463378,13.070583399996394,449,192891.6303693,16.39989999239333,99.5423000131268,1,0,0,4,1,0.0,1,estabilizada,1,1,1,,,,,,,,,,,,,nan,0.5413473655111918,-0.24983992119656606,1.5823496258632133
2026-08-18T06:04:39.715+00:00,1787033079.7159436,192891.7463834,13.07062899999437,449,192891.6303693,16.39989999239333,99.5423000131268,2,1,1,4,1,0.0,1,estabilizada,1,1,1,722.75,435.75,0.592013955116272,0.5815113186836243,0.589132169074853,0.5342261862664442,0.576270919074853,0.5227816862664443,0.07407317506841439,0.5660308762392636,0.5215934334451089,0.14812315294569922,0.0,0.5413473655111918,-0.24983992119656606,1.5823496258632133
2026-08-18T06:04:39.715+00:00,1787033079.7159436,192891.746396,13.070641600003,449,192891.6303693,16.39989999239333,99.5423000131268,3,1,1,4,1,0.0,1,estabilizada,1,1,1,472.25,273.25,0.18276578187942505,0.8954889178276062,0.20316098531574123,0.8303455425410331,0.19029973531574124,0.8189010425410331,-1.7969657850839218,0.19097368899360567,0.8185669368121985,-1.7865704477394082,0.0,0.5413473655111918,-0.24983992119656606,1.5823496258632133
2026-08-18T06:04:39.715+00:00,1787033079.7159436,192891.7464095,13.07065509998938,449,192891.6303693,16.39989999239333,99.5423000131268,10,0,0,4,1,0.0,1,estabilizada,1,1,1,,,,,,,,,,,,,nan,0.5413473655111918,-0.24983992119656606,1.5823496258632133
2026-08-18T06:04:39.881+00:00,1787033079.8816373,192891.911887,13.236132599995472,454,192891.79754,16.841900011058897,97.44519999367185,1,0,0,4,1,0.0,1,estabilizada,1,1,1,,,,,,,,,,,,,nan,0.5413496298441246,-0.24983725374208657,1.5823529400646612
2026-08-18T06:04:39.881+00:00,1787033079.8816373,192891.9119446,13.236190199997509,454,192891.79754,16.841900011058897,97.44519999367185,2,1,1,4,1,0.0,1,estabilizada,1,1,1,727.25,435.25,0.5991345047950745,0.5822291374206543,0.5958478557713914,0.5349034281502645,0.5829866057713915,0.5234589281502645,0.1630405399415569,0.5686780800013214,0.5218701343182646,0.14812315294569922,0.0,0.5413496298441246,-0.24983725374208657,1.5823529400646612
2026-08-18T06:04:39.881+00:00,1787033079.8816373,192891.9119616,13.23620720001054,454,192891.79754,16.841900011058897,97.44519999367185,3,1,1,4,1,0.0,1,estabilizada,1,1,1,472.25,273.25,0.18276607990264893,0.8954869508743286,0.20316135246011896,0.8303439756217499,0.19030010246011897,0.8188994756217499,-1.796965760683365,0.19097368899360567,0.8185669368121985,-1.7865704477394082,0.0,0.5413496298441246,-0.24983725374208657,1.5823529400646612
2026-08-18T06:04:39.881+00:00,1787033079.8816373,192891.9119755,13.236221099999966,454,192891.79754,16.841900011058897,97.44519999367185,10,0,0,4,1,0.0,1,estabilizada,1,1,1,,,,,,,,,,,,,nan,0.5413496298441246,-0.24983725374208657,1.5823529400646612
2026-08-18T06:04:40.082+00:00,1787033080.0827308,192892.1133441,13.437589700013632,459,192891.9712382,10.415900003863499,131.6614999959711,1,0,0,4,1,0.0,1,estabilizada,1,1,1,,,,,,,,,,,,,nan,0.5413540942228474,-0.24983458681451912,1.5823558084195823
2026-08-18T06:04:40.083+00:00,1787033080.0837293,192892.1133965,13.437642100005178,459,192891.9712382,10.415900003863499,131.6614999959711,2,1,1,4,1,0.0,1,estabilizada,1,1,1,732.25,434.0,0.6070985198020935,0.5842534899711609,0.6033591596211226,0.5368128786299687,0.5904979096211227,0.5253683786299688,0.16822537293634635,0.5736117082319775,0.5224677415204078,0.14812315294569922,0.0,0.5413540942228474,-0.24983458681451912,1.5823558084195823
2026-08-18T06:04:40.083+00:00,1787033080.0837293,192892.1134127,13.437658300012117,459,192891.9712382,10.415900003863499,131.6614999959711,3,1,1,4,1,0.0,1,estabilizada,1,1,1,472.25,273.25,0.18276667594909668,0.8954856991767883,0.20316213155580437,0.8303430648901482,0.19030088155580438,0.8188985648901482,-1.796965736282744,0.19097368899360567,0.8185669368121985,-1.7865704477394082,0.0,0.5413540942228474,-0.24983458681451912,1.5823558084195823
2026-08-18T06:04:40.083+00:00,1787033080.0837293,192892.1134264,13.43767200000002,459,192891.9712382,10.415900003863499,131.6614999959711,10,0,0,4,1,0.0,1,estabilizada,1,1,1,,,,,,,,,,,,,nan,0.5413540942228474,-0.24983458681451912,1.5823558084195823
2026-08-18T06:04:40.259+00:00,1787033080.259082,192892.2887324,13.612977999990107,465,192892.1648198,25.214699999196455,98.58220000751317,1,0,0,4,1,0.0,1,estabilizada,1,1,1,,,,,,,,,,,,,nan,0.5413553167612293,-0.24983146486387264,1.582359218978377
2026-08-18T06:04:40.259+00:00,1787033080.259082,192892.2892739,13.613519500009716,465,192892.1648198,25.214699999196455,98.58220000751317,2,1,1,4,1,0.0,1,estabilizada,1,1,1,735.75,434.5,0.6125884056091309,0.5832446813583374,0.608536874250499,0.5358617279424838,0.595675624250499,0.5244172279424838,0.19280408017021236,0.5810617768065955,0.5232383507768821,0.14812315294569922,0.0,0.5413553167612293,-0.24983146486387264,1.582359218978377
2026-08-18T06:04:40.259+00:00,1787033080.259082,192892.2893369,13.613582499994664,465,192892.1648198,25.214699999196455,98.58220000751317,3,1,1,4,1,0.0,1,estabilizada,1,1,1,472.25,273.0,0.18273603916168213,0.895989179611206,0.2031332628747639,0.8308182267922011,0.19027201287476392,0.8193737267922011,-1.7854822021278285,0.19097368899360567,0.8185669368121985,-1.7865704477394082,0.0,0.5413553167612293,-0.24983146486387264,1.582359218978377
2026-08-18T06:04:40.259+00:00,1787033080.259082,192892.2893589,13.61360449998756,465,192892.1648198,25.214699999196455,98.58220000751317,10,0,0,4,1,0.0,1,estabilizada,1,1,1,,,,,,,,,,,,,nan,0.5413553167612293,-0.24983146486387264,1.582359218978377
2026-08-18T06:04:40.462+00:00,1787033080.4628258,192892.4928119,13.817057500011288,471,192892.3664701,10.015299980295822,116.24130001291633,1,0,0,4,1,0.0,1,estabilizada,1,1,1,,,,,,,,,,,,,nan,0.5413550162293863,-0.24982812363861384,1.5823630186235709
2026-08-18T06:04:40.462+00:00,1787033080.4628258,192892.4929141,13.817159700003685,471,192892.3664701,10.015299980295822,116.24130001291633,2,1,1,4,1,0.0,1,estabilizada,1,1,1,740.0,433.5,0.6193668842315674,0.5848568677902222,0.614929806242786,0.5373825219261862,0.6020685562427861,0.5259380219261862,0.1370841595515471,0.5908606813754976,0.5242080429122637,0.14812315294569922,0.0,0.5413550162293863,-0.24982812363861384,1.5823630186235709
2026-08-18T06:04:40.462+00:00,1787033080.4628258,192892.4929617,13.817207299987786,471,192892.3664701,10.015299980295822,116.24130001291633,3,1,1,4,1,0.0,1,estabilizada,1,1,1,472.25,273.0,0.18273715674877167,0.8959883451461792,0.2031342508247761,0.8308177863193343,0.1902730008247761,0.8193732863193344,-1.7854830499646532,0.19097368899360567,0.8185669368121985,-1.7865704477394082,0.0,0.5413550162293863,-0.24982812363861384,1.5823630186235709
2026-08-18T06:04:40.462+00:00,1787033080.4628258,192892.4929822,13.817227799998363,471,192892.3664701,10.015299980295822,116.24130001291633,10,0,0,4,1,0.0,1,estabilizada,1,1,1,,,,,,,,,,,,,nan,0.5413550162293863,-0.24982812363861384,1.5823630186235709
2026-08-18T06:04:40.677+00:00,1787033080.677638,192892.7116875,14.035933100007242,477,192892.577009,2.5396000128239393,132.01889998163097,1,0,0,4,1,0.0,1,estabilizada,1,1,1,,,,,,,,,,,,,nan,0.5413499591233248,-0.24982640828055297,1.5823662164060455
2026-08-18T06:04:40.677+00:00,1787033080.677638,192892.7118133,14.036058900004718,477,192892.577009,2.5396000128239393,132.01889998163097,2,1,1,4,1,0.0,1,estabilizada,1,1,1,744.5,432.25,0.626567542552948,0.5869039297103882,0.6217206351625174,0.5393133469246769,0.6088593851625175,0.527868846924677,0.21166034265939163,0.5955233510396809,0.5248287479131686,0.14812315294569922,0.0,0.5413499591233248,-0.24982640828055297,1.5823662164060455
2026-08-18T06:04:40.677+00:00,1787033080.677638,192892.7118388,14.036084399995161,477,192892.577009,2.5396000128239393,132.01889998163097,3,1,1,4,1,0.0,1,estabilizada,1,1,1,472.25,273.0,0.18273860216140747,0.895987331867218,0.20313528517444435,0.8308170599389417,0.19027403517444436,0.8193725599389418,-1.7854842307194998,0.19097368899360567,0.8185669368121985,-1.7865704477394082,0.0,0.5413499591233248,-0.24982640828055297,1.5823662164060455
2026-08-18T06:04:40.677+00:00,1787033080.677638,192892.7118651,14.036110699991696,477,192892.577009,2.5396000128239393,132.01889998163097,10,0,0,4,1,0.0,1,estabilizada,1,1,1,,,,,,,,,,,,,nan,0.5413499591233248,-0.24982640828055297,1.5823662164060455
2026-08-18T06:04:40.883+00:00,1787033080.8831027,192892.912814,14.23705960001098,483,192892.7715432,13.503499998478219,127.6398999907542,1,0,0,4,1,0.0,1,estabilizada,1,1,1,,,,,,,,,,,,,nan,0.5413428785440217,-0.24982684765277358,1.5823682283750742
2026-08-18T06:04:40.883+00:00,1787033080.8831027,192892.9129039,14.237149499997031,483,192892.7715432,13.503499998478219,127.6398999907542,2,1,1,4,1,0.0,1,estabilizada,1,1,1,748.0,431.25,0.6321784853935242,0.5885473489761353,0.6270120491179106,0.5408633293253584,0.6141507991179107,0.5294188293253584,0.25972320745875427,0.6062609610080602,0.5270408606293675,0.19417453815203845,0.0,0.5413428785440217,-0.24982684765277358,1.5823682283750742
2026-08-18T06:04:40.883+00:00,1787033080.8831027,192892.9129179,14.237163499987219,483,192892.7715432,13.503499998478219,127.6398999907542,3,1,1,4,1,0.0,1,estabilizada,1,1,1,472.0,272.75,0.18229497969150543,0.8964970111846924,0.20271646586473951,0.8312978082145241,0.18985521586473952,0.8198533082145242,-1.7521788163488599,0.19097368899360567,0.8185669368121985,-1.7865704477394082,0.0,0.5413428785440217,-0.24982684765277358,1.5823682283750742
2026-08-18T06:04:40.883+00:00,1787033080.8831027,192892.9129321,14.237177700008033,483,192892.7715432,13.503499998478219,127.6398999907542,10,0,0,4,1,0.0,1,estabilizada,1,1,1,,,,,,,,,,,,,nan,0.5413428785440217,-0.24982684765277358,1.5823682283750742
2026-08-18T06:04:41.119+00:00,1787033081.1191003,192893.1488417,14.473087299993495,490,192892.997802,5.1589999930001795,145.8555000135675,1,0,0,4,1,0.0,1,estabilizada,1,1,1,,,,,,,,,,,,,nan,0.5413372489552174,-0.249828571528027,1.5823700271261836
2026-08-18T06:04:41.119+00:00,1787033081.1191003,192893.1488893,14.473134900006698,490,192892.997802,5.1589999930001795,145.8555000135675,2,1,1,4,1,0.0,1,estabilizada,1,1,1,751.5,431.0,0.6377370953559875,0.5888642072677612,0.6322541893179945,0.5411621219162661,0.6193929393179944,0.5297176219162661,0.24339970790177246,0.6081595356442447,0.5274699733292039,0.2183249524415917,0.0,0.5413372489552174,-0.249828571528027,1.5823700271261836
2026-08-18T06:04:41.119+00:00,1787033081.1191003,192893.1489023,14.473147899989272,490,192892.997802,5.1589999930001795,145.8555000135675,3,1,1,4,1,0.0,1,estabilizada,1,1,1,472.25,273.0,0.18274223804473877,0.8959861993789673,0.20313794222813802,0.83081602576988,0.19027669222813803,0.81937152576988,-1.79697156241558,0.19097368899360567,0.8185669368121985,-1.7865704477394082,0.0,0.5413372489552174,-0.249828571528027,1.5823700271261836
2026-08-18T06:04:41.119+00:00,1787033081.1191003,192893.1489154,14.47316100000171,490,192892.997802,5.1589999930001795,145.8555000135675,10,0,0,4,1,0.0,1,estabilizada,1,1,1,,,,,,,,,,,,,nan,0.5413372489552174,-0.249828571528027,1.5823700271261836
2026-08-18T06:04:41.312+00:00,1787033081.312501,192893.3425442,14.666789799986873,496,192893.1987173,31.93880000617355,111.85220000334084,1,0,0,4,1,0.0,1,estabilizada,1,1,1,,,,,,,,,,,,,nan,0.5413299953370942,-0.24982763130157676,1.5823738333285515
2026-08-18T06:04:41.312+00:00,1787033081.312501,192893.3425933,14.666838900011498,496,192893.1987173,31.93880000617355,111.85220000334084,2,1,1,4,1,0.0,1,estabilizada,1,1,1,755.0,429.75,0.6433794498443604,0.5909532904624939,0.6375752266499372,0.5431325534375442,0.6247139766499372,0.5316880534375442,0.2746700866355305,0.6152655589381135,0.5291092718838264,0.22695220964836002,0.0,0.5413299953370942,-0.24982763130157676,1.5823738333285515
2026-08-18T06:04:41.312+00:00,1787033081.312501,192893.3426069,14.66685249999864,496,192893.1987173,31.93880000617355,111.85220000334084,3,1,1,4,1,0.0,1,estabilizada,1,1,1,472.0,272.75,0.18229825794696808,0.8964957594871521,0.20271875257631916,0.8312968140812063,0.18985750257631917,0.8198523140812063,-1.7521821055652986,0.19097368899360567,0.8185669368121985,-1.7865704477394082,0.0,0.5413299953370942,-0.24982763130157676,1.5823738333285515
2026-08-18T06:04:41.312+00:00,1787033081.312501,192893.3426203,14.666865900013363,496,192893.1987173,31.93880000617355,111.85220000334084,10,0,0,4,1,0.0,1,estabilizada,1,1,1,,,,,,,,,,,,,nan,0.5413299953370942,-0.24982763130157676,1.5823738333285515
2026-08-18T06:04:41.483+00:00,1787033081.4835052,192893.5136738,14.837919399986276,502,192893.4101966,2.216900000348687,101.23220001696609,1,0,0,4,1,0.0,1,estabilizada,1,1,1,,,,,,,,,,,,,nan,0.541323726490659,-0.2498260394668957,1.582377711310638
2026-08-18T06:04:41.483+00:00,1787033081.4835052,192893.5138216,14.838067200005753,502,192893.4101966,2.216900000348687,101.23220001696609,2,1,1,4,1,0.0,1,estabilizada,1,1,1,760.25,428.5,0.6518038511276245,0.5929832458496094,0.6455201357123642,0.5450472599365754,0.6326588857123643,0.5336027599365755,0.33498413793714255,0.6173942620801836,0.5296902644440137,0.2489735069437598,0.0,0.541323726490659,-0.2498260394668957,1.582377711310638
2026-08-18T06:04:41.483+00:00,1787033081.4835052,192893.5139402,14.838185800006613,502,192893.4101966,2.216900000348687,101.23220001696609,3,1,1,4,1,0.0,1,estabilizada,1,1,1,472.0,272.75,0.18229986727237701,0.896495521068573,0.20271986377427553,0.8312968395459799,0.18985861377427554,0.8198523395459799,-1.7854907625792664,0.19097368899360567,0.8185669368121985,-1.7865704477394082,0.0,0.541323726490659,-0.2498260394668957,1.582377711310638
2026-08-18T06:04:41.483+00:00,1787033081.4835052,192893.5140485,14.838294099987252,502,192893.4101966,2.216900000348687,101.23220001696609,10,0,0,4,1,0.0,1,estabilizada,1,1,1,,,,,,,,,,,,,nan,0.541323726490659,-0.2498260394668957,1.582377711310638
2026-08-18T06:04:41.651+00:00,1787033081.6516416,192893.6817121,15.005957699991995,507,192893.5638853,19.85219999914989,97.9479999805335,1,0,0,4,1,0.0,1,estabilizada,1,1,1,,,,,,,,,,,,,nan,0.541312648415031,-0.24982806598419785,1.5823784125189606
2026-08-18T06:04:41.651+00:00,1787033081.6516416,192893.6817611,15.006006699986756,507,192893.5638853,19.85219999914989,97.9479999805335,2,1,1,4,1,0.0,1,estabilizada,1,1,1,765.5,426.5,0.6603080034255981,0.5963498950004578,0.6535399750790141,0.5482223321582754,0.640678725079014,0.5367778321582755,0.35577951037222966,0.6238535292848738,0.5314638340528111,0.2760760253049813,0.0,0.541312648415031,-0.24982806598419785,1.5823784125189606
2026-08-18T06:04:41.651+00:00,1787033081.6516416,192893.6817747,15.006020300003001,507,192893.5638853,19.85219999914989,97.9479999805335,3,1,1,4,1,0.0,1,estabilizada,1,1,1,472.0,273.0,0.18233360350131989,0.8959905505180359,0.20275104207772415,0.830820503537276,0.18988979207772416,0.819376003537276,-1.7969770818954367,0.19097368899360567,0.8185669368121985,-1.7865704477394082,0.0,0.541312648415031,-0.24982806598419785,1.5823784125189606
2026-08-18T06:04:41.651+00:00,1787033081.6516416,192893.6817887,15.006034299993189,507,192893.5638853,19.85219999914989,97.9479999805335,10,0,0,4,1,0.0,1,estabilizada,1,1,1,,,,,,,,,,,,,nan,0.541312648415031,-0.24982806598419785,1.5823784125189606
2026-08-18T06:04:41.818+00:00,1787033081.8188677,192893.8486696,15.172915200004354,511,192893.7041661,48.868399986531585,95.60970001621172,1,0,0,4,1,0.0,1,estabilizada,1,1,1,,,,,,,,,,,,,nan,0.5412998813541767,-0.24983173938117437,1.5823776525729094
2026-08-18T06:04:41.818+00:00,1787033081.8188677,192893.8487159,15.17296150000766,511,192893.7041661,48.868399986531585,95.60970001621172,2,1,1,4,1,0.0,1,estabilizada,1,1,1,769.25,425.5,0.6663556098937988,0.5979960560798645,0.6592428858545876,0.5497746334204734,0.6463816358545875,0.5383301334204734,0.3051145201415049,0.6349187169435738,0.5350076871691127,0.31114453764942274,0.0,0.5412998813541767,-0.24983173938117437,1.5823776525729094
2026-08-18T06:04:41.818+00:00,1787033081.8188677,192893.8487294,15.17297499999404,511,192893.7041661,48.868399986531585,95.60970001621172,3,1,1,4,1,0.0,1,estabilizada,1,1,1,472.25,273.25,0.18278120458126068,0.8954797387123108,0.20317246886453566,0.8303385046580942,0.19031121886453567,0.8188940046580943,-1.7969795593757378,0.19097368899360567,0.8185669368121985,-1.7865704477394082,0.0,0.5412998813541767,-0.24983173938117437,1.5823776525729094
2026-08-18T06:04:41.818+00:00,1787033081.8188677,192893.8487433,15.17298890001257,511,192893.7041661,48.868399986531585,95.60970001621172,10,0,0,4,1,0.0,1,estabilizada,1,1,1,,,,,,,,,,,,,nan,0.5412998813541767,-0.24983173938117437,1.5823776525729094
2026-08-18T06:04:42.006+00:00,1787033082.006106,192894.0359547,15.360200299997814,517,192893.8976337,27.506900019943714,110.77439997461624,1,0,0,4,1,0.0,1,estabilizada,1,1,1,,,,,,,,,,,,,nan,0.5412862456740009,-0.24983781323782148,1.5823751809893578
2026-08-18T06:04:42.006+00:00,1787033082.006106,192894.0360167,15.360262300004251,517,192893.8976337,27.506900019943714,110.77439997461624,2,1,1,4,1,0.0,1,estabilizada,1,1,1,775.25,423.25,0.6761075854301453,0.6017935872077942,0.6684394162602607,0.5533557533988848,0.6555781662602607,0.5419112533988848,0.3640100372009014,0.6394941580841949,0.5364510853846506,0.31114453764942274,0.0,0.5412862456740009,-0.24983781323782148,1.5823751809893578
2026-08-18T06:04:42.006+00:00,1787033082.006106,192894.0360327,15.360278300009668,517,192893.8976337,27.506900019943714,110.77439997461624,3,1,1,4,1,0.0,1,estabilizada,1,1,1,472.25,273.0,0.18275202810764313,0.8959836959838867,0.20314420814727008,0.830813351384904,0.1902829581472701,0.819368851384904,-1.7969820124674323,0.19097368899360567,0.8185669368121985,-1.7865704477394082,0.0,0.5412862456740009,-0.24983781323782148,1.5823751809893578
2026-08-18T06:04:42.006+00:00,1787033082.006106,192894.036046,15.360291599994525,517,192893.8976337,27.506900019943714,110.77439997461624,10,0,0,4,1,0.0,1,estabilizada,1,1,1,,,,,,,,,,,,,nan,0.5412862456740009,-0.24983781323782148,1.5823751809893578
2026-08-18T06:04:42.191+00:00,1787033082.1917858,192894.2215464,15.545791999989888,523,192894.0967965,14.49609998962842,110.12359999585897,1,0,0,4,1,0.0,1,estabilizada,1,1,1,,,,,,,,,,,,,nan,0.5412741335662251,-0.24984483151655143,1.582371311557002
2026-08-18T06:04:42.191+00:00,1787033082.1917858,192894.2216715,15.545917100011138,523,192894.0967965,14.49609998962842,110.12359999585897,2,1,1,4,1,0.0,1,estabilizada,1,1,1,784.25,420.25,0.6907413601875305,0.60683673620224,0.6822401630932271,0.5581115472838273,0.6693789130932271,0.5466670472838273,0.42780558252705375,0.6571055614396671,0.5422917923541585,0.35036558488178426,0.0,0.5412741335662251,-0.24984483151655143,1.582371311557002
2026-08-18T06:04:42.191+00:00,1787033082.1917858,192894.2216875,15.545933099987451,523,192894.0967965,14.49609998962842,110.12359999585897,3,1,1,4,1,0.0,1,estabilizada,1,1,1,472.25,273.0,0.18275438249111176,0.8959833979606628,0.20314578959075819,0.8308125117724657,0.1902845395907582,0.8193680117724658,-1.796984183296981,0.19097368899360567,0.8185669368121985,-1.7865704477394082,0.0,0.5412741335662251,-0.24984483151655143,1.582371311557002
2026-08-18T06:04:42.191+00:00,1787033082.1917858,192894.2217022,15.545947800012073,523,192894.0967965,14.49609998962842,110.12359999585897,10,0,0,4,1,0.0,1,estabilizada,1,1,1,,,,,,,,,,,,,nan,0.5412741335662251,-0.24984483151655143,1.582371311557002
2026-08-18T06:04:42.382+00:00,1787033082.382475,192894.4129574,15.737202999996953,529,192894.2972743,5.71149997995235,109.9331000004895,1,0,0,4,1,0.0,1,estabilizada,1,1,1,,,,,,,,,,,,,nan,0.541264363144909,-0.24984993635739414,1.5823680856094846
2026-08-18T06:04:42.382+00:00,1787033082.382475,192894.4130246,15.737270200013882,529,192894.2972743,5.71149997995235,109.9331000004895,2,1,1,4,1,0.0,1,estabilizada,1,1,1,791.0,417.25,0.7018301486968994,0.6119764447212219,0.6926976839871394,0.5629585360547943,0.6798364339871394,0.5515140360547943,0.4994674482539016,0.6622539987690288,0.544098625400268,0.380765112085657,0.0,0.541264363144909,-0.24984993635739414,1.5823680856094846
2026-08-18T06:04:42.382+00:00,1787033082.382475,192894.4130397,15.737285300012445,529,192894.2972743,5.71149997995235,109.9331000004895,3,1,1,4,1,0.0,1,estabilizada,1,1,1,472.25,273.0,0.18275608122348785,0.8959828615188599,0.20314687756623645,0.8308115826320374,0.19028562756623646,0.8193670826320374,-1.7969860231097172,0.19097368899360567,0.8185669368121985,-1.7865704477394082,0.0,0.541264363144909,-0.24984993635739414,1.5823680856094846
2026-08-18T06:04:42.382+00:00,1787033082.382475,192894.4130539,15.737299500004156,529,192894.2972743,5.71149997995235,109.9331000004895,10,0,0,4,1,0.0,1,estabilizada,1,1,1,,,,,,,,,,,,,nan,0.541264363144909,-0.24984993635739414,1.5823680856094846
2026-08-18T06:04:42.560+00:00,1787033082.5604763,192894.5904716,15.914717200008454,534,192894.4657496,21.523800009163097,103.16060000332072,1,0,0,4,1,0.0,1,estabilizada,1,1,1,,,,,,,,,,,,,nan,0.5412567933338628,-0.24985214751862214,1.582367479077848
2026-08-18T06:04:42.560+00:00,1787033082.5604763,192894.5905212,15.914766800007783,534,192894.4657496,21.523800009163097,103.16060000332072,2,1,1,4,1,0.0,1,estabilizada,1,1,1,796.75,413.0,0.7114940285682678,0.6194192171096802,0.7018114792403296,0.5699778428075871,0.6889502292403296,0.5585333428075872,0.5588563985925379,0.6753324533575205,0.550485958771711,0.44819467092175386,0.0,0.5412567933338628,-0.24985214751862214,1.582367479077848
2026-08-18T06:04:42.560+00:00,1787033082.5604763,192894.5905345,15.91478009999264,534,192894.4657496,21.523800009163097,103.16060000332072,3,1,1,4,1,0.0,1,estabilizada,1,1,1,472.25,273.25,0.1827889084815979,0.8954779505729675,0.20317741498421205,0.8303352386611209,0.19031616498421206,0.8188907386611209,-1.796987838549101,0.19097368899360567,0.8185669368121985,-1.7865704477394082,0.0,0.5412567933338628,-0.24985214751862214,1.582367479077848
2026-08-18T06:04:42.560+00:00,1787033082.5604763,192894.5905474,15.914793000003556,534,192894.4657496,21.523800009163097,103.16060000332072,10,0,0,4,1,0.0,1,estabilizada,1,1,1,,,,,,,,,,,,,nan,0.5412567933338628,-0.24985214751862214,1.582367479077848
2026-08-18T06:04:42.736+00:00,1787033082.7362385,192894.7659175,16.090163099986967,539,192894.631648,28.367099992465228,105.87450000457466,1,0,0,4,1,0.0,1,estabilizada,1,1,1,,,,,,,,,,,,,nan,0.5412492787698054,-0.2498512435860599,1.5823683831272324
2026-08-18T06:04:42.736+00:00,1787033082.7362385,192894.7660792,16.09032479999587,539,192894.631648,28.367099992465228,105.87450000457466,2,1,1,4,1,0.0,1,estabilizada,1,1,1,801.75,409.75,0.719879150390625,0.62511146068573,0.7097192605588392,0.5753464096242101,0.6968580105588391,0.5639019096242102,0.6556265843686027,0.6851920691087907,0.5564486754207032,0.5269786152827249,0.0,0.5412492787698054,-0.2498512435860599,1.5823683831272324
2026-08-18T06:04:42.736+00:00,1787033082.7362385,192894.7661193,16.090364900010172,539,192894.631648,28.367099992465228,105.87450000457466,3,1,1,4,1,0.0,1,estabilizada,1,1,1,472.25,273.0,0.18275810778141022,0.8959816098213196,0.20314792707569612,0.8308103400296046,0.19028667707569613,0.8193658400296047,-1.796988758455306,0.19097368899360567,0.8185669368121985,-1.7865704477394082,0.0,0.5412492787698054,-0.2498512435860599,1.5823683831272324
2026-08-18T06:04:42.736+00:00,1787033082.7362385,192894.7661361,16.090381699992577,539,192894.631648,28.367099992465228,105.87450000457466,10,0,0,4,1,0.0,1,estabilizada,1,1,1,,,,,,,,,,,,,nan,0.5412492787698054,-0.2498512435860599,1.5823683831272324
2026-08-18T06:04:42.915+00:00,1787033082.9151824,192894.9466609,16.270906499994453,545,192894.8353658,12.902999995276332,98.36239999276586,1,0,0,4,1,0.0,1,estabilizada,1,1,1,,,,,,,,,,,,,nan,0.5412416710382651,-0.24985255875413795,1.5823667567353252
2026-08-18T06:04:42.915+00:00,1787033082.9151824,192894.9467111,16.27095669999835,545,192894.8353658,12.902999995276332,98.36239999276586,2,1,1,4,1,0.0,1,estabilizada,1,1,1,808.25,404.75,0.730914294719696,0.633946418762207,0.720126317748701,0.5836787373679273,0.7072650677487009,0.5722342373679273,0.6206566691714813,0.6980977083469835,0.5649753041008985,0.5906320795000035,0.0,0.5412416710382651,-0.24985255875413795,1.5823667567353252
2026-08-18T06:04:42.915+00:00,1787033082.9151824,192894.946724,16.270969600009266,545,192894.8353658,12.902999995276332,98.36239999276586,3,1,1,4,1,0.0,1,estabilizada,1,1,1,472.75,274.0,0.18371233344078064,0.8939520716667175,0.20404746766096687,0.8288960937780873,0.19118621766096688,0.8174515937780873,-1.7861334421708153,0.19097368899360567,0.8185669368121985,-1.7865704477394082,0.0,0.5412416710382651,-0.24985255875413795,1.5823667567353252
2026-08-18T06:04:42.915+00:00,1787033082.9151824,192894.9467374,16.270982999994885,545,192894.8353658,12.902999995276332,98.36239999276586,10,0,0,4,1,0.0,1,estabilizada,1,1,1,,,,,,,,,,,,,nan,0.5412416710382651,-0.24985255875413795,1.5823667567353252
2026-08-18T06:04:43.106+00:00,1787033083.1061668,192895.1359721,16.460217699990608,549,192895.0042802,25.595899991458282,106.02450001169927,1,0,0,4,1,0.0,1,estabilizada,1,1,1,,,,,,,,,,,,,nan,0.54123536478606,-0.24985154918234087,1.5823680556825543
2026-08-18T06:04:43.106+00:00,1787033083.1061668,192895.136037,16.460282599990023,549,192895.0042802,25.595899991458282,106.02450001169927,2,1,1,4,1,0.0,1,estabilizada,1,1,1,812.25,402.0,0.7376924157142639,0.6388102769851685,0.7265185712221166,0.5882660536814588,0.7136573212221167,0.5768215536814588,0.6985181433257024,0.70485170348019,0.5700604922627706,0.6199329991625682,0.0,0.54123536478606,-0.24985154918234087,1.5823680556825543
2026-08-18T06:04:43.106+00:00,1787033083.1061668,192895.1360569,16.460302499996033,549,192895.0042802,25.595899991458282,106.02450001169927,3,1,1,4,1,0.0,1,estabilizada,1,1,1,472.25,273.0,0.18275922536849976,0.8959802389144897,0.20314819393476918,0.8308090162281018,0.1902869439347692,0.8193645162281018,-1.7969911871691469,0.19097368899360567,0.8185669368121985,-1.7865704477394082,0.0,0.54123536478606,-0.24985154918234087,1.5823680556825543
2026-08-18T06:04:43.106+00:00,1787033083.1061668,192895.1360702,16.460315800009994,549,192895.0042802,25.595899991458282,106.02450001169927,10,0,0,4,1,0.0,1,estabilizada,1,1,1,,,,,,,,,,,,,nan,0.54123536478606,-0.24985154918234087,1.5823680556825543
2026-08-18T06:04:43.276+00:00,1787033083.276645,192895.3071346,16.631380200007698,556,192895.1983417,6.60500000230968,102.15790002257563,1,0,0,4,1,0.0,1,estabilizada,1,1,1,,,,,,,,,,,,,nan,0.5412307114879954,-0.24984807736781894,1.582371064305534
2026-08-18T06:04:43.276+00:00,1787033083.276645,192895.3071843,16.631429900007788,556,192895.1983417,6.60500000230968,102.15790002257563,2,1,1,4,1,0.0,1,estabilizada,1,1,1,820.0,396.0,0.750965416431427,0.6495018601417542,0.7390364044122435,0.5983498287366644,0.7261751544122435,0.5869053287366645,0.6302730922129128,0.7085624759318339,0.5727799589455297,0.62836737119391,0.0,0.5412307114879954,-0.24984807736781894,1.582371064305534
2026-08-18T06:04:43.276+00:00,1787033083.276645,192895.3072015,16.63144709999324,556,192895.1983417,6.60500000230968,102.15790002257563,3,1,1,4,1,0.0,1,estabilizada,1,1,1,472.75,273.75,0.18368102610111237,0.8944544196128845,0.20401726227902955,0.829370301828247,0.19115601227902956,0.817925801828247,-1.7861345877781276,0.19097368899360567,0.8185669368121985,-1.7865704477394082,0.0,0.5412307114879954,-0.24984807736781894,1.582371064305534
2026-08-18T06:04:43.277+00:00,1787033083.2776413,192895.307215,16.631460600008722,556,192895.1983417,6.60500000230968,102.15790002257563,10,0,0,4,1,0.0,1,estabilizada,1,1,1,,,,,,,,,,,,,nan,0.5412307114879954,-0.24984807736781894,1.582371064305534
2026-08-18T06:04:43.454+00:00,1787033083.454764,192895.4845836,16.808829199988395,561,192895.3638808,13.455000007525086,107.05259998212568,1,0,0,4,1,0.0,1,estabilizada,1,1,1,,,,,,,,,,,,,nan,0.5412258680057452,-0.2498420590077533,1.5823752209997988
2026-08-18T06:04:43.454+00:00,1787033083.454764,192895.4849161,16.80916169998818,561,192895.3638808,13.455000007525086,107.05259998212568,2,1,1,4,1,0.0,1,estabilizada,1,1,1,824.5,393.75,0.7585436701774597,0.6534748077392578,0.7461833892934501,0.6020972855635351,0.7333221392934501,0.5906527855635352,0.6377166935356974,0.7165833402170355,0.5792586351823024,0.62836737119391,0.0,0.5412258680057452,-0.2498420590077533,1.5823752209997988
2026-08-18T06:04:43.454+00:00,1787033083.454764,192895.4849464,16.809192000015173,561,192895.3638808,13.455000007525086,107.05259998212568,3,1,1,4,1,0.0,1,estabilizada,1,1,1,472.5,273.75,0.18326687812805176,0.894459068775177,0.20362634070143376,0.8293751998332752,0.19076509070143377,0.8179306998332753,-1.7433970174356912,0.19097368899360567,0.8185669368121985,-1.7865704477394082,0.0,0.5412258680057452,-0.2498420590077533,1.5823752209997988
2026-08-18T06:04:43.454+00:00,1787033083.454764,192895.4849683,16.809213900007308,561,192895.3638808,13.455000007525086,107.05259998212568,10,0,0,4,1,0.0,1,estabilizada,1,1,1,,,,,,,,,,,,,nan,0.5412258680057452,-0.2498420590077533,1.5823752209997988
2026-08-18T06:04:43.648+00:00,1787033083.6484056,192895.679379,17.00362460000906,567,192895.5647578,2.9796000162605196,111.47659999551252,1,0,0,4,1,0.0,1,estabilizada,1,1,1,,,,,,,,,,,,,nan,0.5412172815899994,-0.24983421599849673,1.5823810465298838
2026-08-18T06:04:43.649+00:00,1787033083.6499176,192895.6795424,17.003788000001805,567,192895.5647578,2.9796000162605196,111.47659999551252,2,1,1,4,1,0.0,1,estabilizada,1,1,1,830.75,390.75,0.7690820693969727,0.6587780714035034,0.7561219603590132,0.6070995543702575,0.7432607103590132,0.5956550543702576,0.5799596136319849,0.7241111969391515,0.5845415743939417,0.62836737119391,0.0,0.5412172815899994,-0.24983421599849673,1.5823810465298838
2026-08-18T06:04:43.649+00:00,1787033083.6499176,192895.6795572,17.003802799998084,567,192895.5647578,2.9796000162605196,111.47659999551252,3,1,1,4,1,0.0,1,estabilizada,1,1,1,472.5,273.5,0.18323469161987305,0.8949615955352783,0.20359542152621607,0.8298498304114572,0.19073417152621608,0.8184053304114572,-1.7346914616803688,0.19097368899360567,0.8185669368121985,-1.7865704477394082,0.0,0.5412172815899994,-0.24983421599849673,1.5823810465298838
2026-08-18T06:04:43.649+00:00,1787033083.6499176,192895.679572,17.003817599994363,567,192895.5647578,2.9796000162605196,111.47659999551252,10,0,0,4,1,0.0,1,estabilizada,1,1,1,,,,,,,,,,,,,nan,0.5412172815899994,-0.24983421599849673,1.5823810465298838
2026-08-18T06:04:43.820+00:00,1787033083.8206785,192895.8504716,17.174717199988663,572,192895.7298105,30.576999997720122,90.04040001309477,1,0,0,4,1,0.0,1,estabilizada,1,1,1,,,,,,,,,,,,,nan,0.5412126766597968,-0.2498255601134206,1.5823874785649747
2026-08-18T06:04:43.820+00:00,1787033083.8206785,192895.8506206,17.174866199988173,572,192895.7298105,30.576999997720122,90.04040001309477,2,1,1,4,1,0.0,1,estabilizada,1,1,1,835.5,387.75,0.7772165536880493,0.6641477942466736,0.7637935778238791,0.6121645707905541,0.7509323278238791,0.6007200707905541,0.5156078586922728,0.7375215790175713,0.5925042972448711,0.5923738109595256,0.0,0.5412126766597968,-0.2498255601134206,1.5823874785649747
2026-08-18T06:04:43.820+00:00,1787033083.8206785,192895.850644,17.17488959999173,572,192895.7298105,30.576999997720122,90.04040001309477,3,1,1,4,1,0.0,1,estabilizada,1,1,1,472.25,272.75,0.18272513151168823,0.8964788317680359,0.20311449852853863,0.831281529168744,0.19025324852853864,0.819837029168744,-1.7855071422221263,0.19097368899360567,0.8185669368121985,-1.778699249342589,0.0,0.5412126766597968,-0.2498255601134206,1.5823874785649747
2026-08-18T06:04:43.820+00:00,1787033083.8206785,192895.8506584,17.174904000014067,572,192895.7298105,30.576999997720122,90.04040001309477,10,0,0,4,1,0.0,1,estabilizada,1,1,1,,,,,,,,,,,,,nan,0.5412126766597968,-0.2498255601134206,1.5823874785649747
2026-08-18T06:04:44.012+00:00,1787033084.0127704,192896.0426953,17.366940900014015,577,192895.8985387,27.582099981373176,116.50269999518059,1,0,0,4,1,0.0,1,estabilizada,1,1,1,,,,,,,,,,,,,nan,0.5412099987095483,-0.24981398773856062,1.5823963147491817
2026-08-18T06:04:44.012+00:00,1787033084.0127704,192896.0428724,17.36711799999466,577,192895.8985387,27.582099981373176,116.50269999518059,2,1,1,4,1,0.0,1,estabilizada,1,1,1,840.25,385.75,0.7852298617362976,0.6676842570304871,0.7713510454955707,0.6155008430149513,0.7584897954955707,0.6040563430149514,0.5154548125219272,0.7430782834273647,0.5959219041378297,0.566608660446282,0.0,0.5412099987095483,-0.24981398773856062,1.5823963147491817
2026-08-18T06:04:44.012+00:00,1787033084.0127704,192896.0428932,17.367138800007524,577,192895.8985387,27.582099981373176,116.50269999518059,3,1,1,4,1,0.0,1,estabilizada,1,1,1,472.25,273.25,0.18278665840625763,0.8954676985740662,0.203172259868183,0.8303289272009322,0.190311009868183,0.8188844272009322,-1.7969907586934646,0.19097368899360567,0.8185669368121985,-1.778699249342589,0.0,0.5412099987095483,-0.24981398773856062,1.5823963147491817
2026-08-18T06:04:44.012+00:00,1787033084.0127704,192896.0429093,17.367154900013702,577,192895.8985387,27.582099981373176,116.50269999518059,10,0,0,4,1,0.0,1,estabilizada,1,1,1,,,,,,,,,,,,,nan,0.5412099987095483,-0.24981398773856062,1.5823963147491817
2026-08-18T06:04:44.199+00:00,1787033084.199639,192896.2300977,17.554343299998436,583,192896.097578,20.193700009258464,112.29150000144728,1,0,0,4,1,0.0,1,estabilizada,1,1,1,,,,,,,,,,,,,nan,0.5412079144223498,-0.2498039641510711,1.5824047456304287
2026-08-18T06:04:44.199+00:00,1787033084.199639,192896.2301564,17.55440200000885,583,192896.097578,20.193700009258464,112.29150000144728,2,1,1,4,1,0.0,1,estabilizada,1,1,1,847.25,383.0,0.7970418334007263,0.6725447177886963,0.7824911612217949,0.620085710948757,0.7696299112217948,0.608641210948757,0.47210608088351674,0.7499350798657267,0.5994906453827777,0.5389413935773141,0.0,0.5412079144223498,-0.2498039641510711,1.5824047456304287
2026-08-18T06:04:44.199+00:00,1787033084.199639,192896.2301743,17.55441989999963,583,192896.097578,20.193700009258464,112.29150000144728,3,1,1,4,1,0.0,1,estabilizada,1,1,1,472.75,273.75,0.18367566168308258,0.8944457769393921,0.20401047351639418,0.8293660449792141,0.19114922351639418,0.8179215449792141,-1.7861323703164191,0.19097368899360567,0.8185669368121985,-1.778699249342589,0.0,0.5412079144223498,-0.2498039641510711,1.5824047456304287
2026-08-18T06:04:44.200+00:00,1787033084.2006395,192896.230198,17.55444360000547,583,192896.097578,20.193700009258464,112.29150000144728,10,0,0,4,1,0.0,1,estabilizada,1,1,1,,,,,,,,,,,,,nan,0.5412079144223498,-0.2498039641510711,1.5824047456304287
2026-08-18T06:04:44.388+00:00,1787033084.3888924,192896.4191208,17.743366400012746,589,192896.2993794,6.820399983553216,112.8667000157293,1,0,0,4,1,0.0,1,estabilizada,1,1,1,,,,,,,,,,,,,nan,0.5412042673499449,-0.24979350176369614,1.5824134240774896
2026-08-18T06:04:44.388+00:00,1787033084.3888924,192896.419218,17.743463599996176,589,192896.2993794,6.820399983553216,112.8667000157293,2,1,1,4,1,0.0,1,estabilizada,1,1,1,853.75,380.25,0.8080739974975586,0.6774368286132812,0.7928957417093866,0.6247004649903689,0.7800344917093867,0.6132559649903689,0.41757758198119205,0.7589220232184364,0.6036175659126757,0.508939442105736,0.0,0.5412042673499449,-0.24979350176369614,1.5824134240774896
2026-08-18T06:04:44.388+00:00,1787033084.3888924,192896.4192392,17.743484800012084,589,192896.2993794,6.820399983553216,112.8667000157293,3,1,1,4,1,0.0,1,estabilizada,1,1,1,472.25,273.25,0.18278425931930542,0.8954647183418274,0.2031694508450681,0.8303279859044199,0.1903082008450681,0.81888348590442,-1.796989532143397,0.19097368899360567,0.8185669368121985,-1.778699249342589,0.0,0.5412042673499449,-0.24979350176369614,1.5824134240774896
2026-08-18T06:04:44.388+00:00,1787033084.3888924,192896.4192571,17.743502700002864,589,192896.2993794,6.820399983553216,112.8667000157293,10,0,0,4,1,0.0,1,estabilizada,1,1,1,,,,,,,,,,,,,nan,0.5412042673499449,-0.24979350176369614,1.5824134240774896
2026-08-18T06:04:44.549+00:00,1787033084.5492685,192896.5788912,17.90313680001418,594,192896.4660849,25.29990000766702,87.48089999426156,1,0,0,4,1,0.0,1,estabilizada,1,1,1,,,,,,,,,,,,,nan,0.5412010872639049,-0.24978435211624933,1.5824211094494824
2026-08-18T06:04:44.549+00:00,1787033084.5492685,192896.5789334,17.903178999986267,594,192896.4660849,25.29990000766702,87.48089999426156,2,1,1,4,1,0.0,1,estabilizada,1,1,1,859.5,378.5,0.8177512288093567,0.6805053949356079,0.802022474566594,0.6275952835027572,0.789161224566594,0.6161507835027572,0.4172640408465051,0.7746142438376068,0.6101961510189143,0.46925371967149143,0.0,0.5412010872639049,-0.24978435211624933,1.5824211094494824
2026-08-18T06:04:44.549+00:00,1787033084.5492685,192896.5789457,17.903191299992613,594,192896.4660849,25.29990000766702,87.48089999426156,3,1,1,4,1,0.0,1,estabilizada,1,1,1,472.25,273.25,0.18278351426124573,0.8954635262489319,0.2031684682899882,0.8303276983473913,0.1903072182899882,0.8188831983473913,-1.7969892011355295,0.19097368899360567,0.8185669368121985,-1.778699249342589,0.0,0.5412010872639049,-0.24978435211624933,1.5824211094494824
2026-08-18T06:04:44.549+00:00,1787033084.5492685,192896.5789594,17.90320500000962,594,192896.4660849,25.29990000766702,87.48089999426156,10,0,0,4,1,0.0,1,estabilizada,1,1,1,,,,,,,,,,,,,nan,0.5412010872639049,-0.24978435211624933,1.5824211094494824
2026-08-18T06:04:44.698+00:00,1787033084.69895,192896.7289265,18.053172100015217,599,192896.6297532,14.972100005252287,84.17620000545867,1,0,0,4,1,0.0,1,estabilizada,1,1,1,,,,,,,,,,,,,nan,0.5411949679313184,-0.24977566434327944,1.5824292302458267
2026-08-18T06:04:44.698+00:00,1787033084.69895,192896.7289702,18.053215799998725,599,192896.6297532,14.972100005252287,84.17620000545867,2,1,1,4,1,0.0,1,estabilizada,1,1,1,864.75,376.25,0.8267133831977844,0.6845296621322632,0.8104746428593049,0.6313914378277639,0.797613392859305,0.6199469378277639,0.4427913412747746,0.7808979498862437,0.6130700182578257,0.4601845341361173,0.0,0.5411949679313184,-0.24977566434327944,1.5824292302458267
2026-08-18T06:04:44.698+00:00,1787033084.69895,192896.7289826,18.053228200005833,599,192896.6297532,14.972100005252287,84.17620000545867,3,1,1,4,1,0.0,1,estabilizada,1,1,1,472.5,273.75,0.18325980007648468,0.8944480419158936,0.20361721290178408,0.8293707976417036,0.1907559629017841,0.8179262976417037,-1.7861317420348974,0.19097368899360567,0.8185669368121985,-1.778699249342589,0.0,0.5411949679313184,-0.24977566434327944,1.5824292302458267
2026-08-18T06:04:44.698+00:00,1787033084.69895,192896.7289922,18.05323779999162,599,192896.6297532,14.972100005252287,84.17620000545867,10,0,0,4,1,0.0,1,estabilizada,1,1,1,,,,,,,,,,,,,nan,0.5411949679313184,-0.24977566434327944,1.5824292302458267
2026-08-18T06:04:44.854+00:00,1787033084.8544736,192896.8841662,18.208411800005706,604,192896.7950096,5.089200014481321,84.04289997997694,1,0,0,4,1,0.0,1,estabilizada,1,1,1,,,,,,,,,,,,,nan,0.5411872564047021,-0.24976685167863935,1.5824364310291568
2026-08-18T06:04:44.854+00:00,1787033084.8544736,192896.8842113,18.208456899999874,604,192896.7950096,5.089200014481321,84.04289997997694,2,1,1,4,1,0.0,1,estabilizada,1,1,1,871.25,373.0,0.8379194736480713,0.6903953552246094,0.8210430298123245,0.6369242666158479,0.8081817798123245,0.6254797666158479,0.4717629721505117,0.7881718102188833,0.616011665182608,0.4601845341361173,0.0,0.5411872564047021,-0.24976685167863935,1.5824364310291568
2026-08-18T06:04:44.854+00:00,1787033084.8544736,192896.8842228,18.20846840000013,604,192896.7950096,5.089200014481321,84.04289997997694,3,1,1,4,1,0.0,1,estabilizada,1,1,1,472.0,273.0,0.18233750760555267,0.8959720134735107,0.20274684396727877,0.8308088916938696,0.18988559396727878,0.8193643916938697,-1.7969892498759492,0.19097368899360567,0.8185669368121985,-1.778699249342589,0.0,0.5411872564047021,-0.24976685167863935,1.5824364310291568
2026-08-18T06:04:44.854+00:00,1787033084.8544736,192896.8842332,18.208478799992008,604,192896.7950096,5.089200014481321,84.04289997997694,10,0,0,4,1,0.0,1,estabilizada,1,1,1,,,,,,,,,,,,,nan,0.5411872564047021,-0.24976685167863935,1.5824364310291568
2026-08-18T06:04:45.033+00:00,1787033085.0337229,192897.0638634,18.388108999992255,608,192896.9318296,23.230799997691065,108.77409999375232,1,0,0,4,1,0.0,1,estabilizada,1,1,1,,,,,,,,,,,,,nan,0.5411834229788316,-0.24975833529308428,1.5824452706670071
2026-08-18T06:04:45.033+00:00,1787033085.0337229,192897.0639848,18.388230400014436,608,192896.9318296,23.230799997691065,108.77409999375232,2,1,1,4,1,0.0,1,estabilizada,1,1,1,875.75,371.0,0.8456575274467468,0.6939994096755981,0.8283408657523035,0.6403241271102935,0.8154796157523034,0.6288796271102935,0.5743938158096716,0.7972194203797933,0.6201107927612044,0.46915707006267854,0.0,0.5411834229788316,-0.24975833529308428,1.5824452706670071
2026-08-18T06:04:45.033+00:00,1787033085.0337229,192897.0640083,18.38825389998965,608,192896.9318296,23.230799997691065,108.77409999375232,3,1,1,4,1,0.0,1,estabilizada,1,1,1,472.5,273.5,0.18322783708572388,0.894950807094574,0.20358620481417022,0.8298466137776928,0.19072495481417023,0.8184021137776928,-1.7433932958495577,0.19097368899360567,0.8185669368121985,-1.778699249342589,0.0,0.5411834229788316,-0.24975833529308428,1.5824452706670071
2026-08-18T06:04:45.033+00:00,1787033085.0337229,192897.0640217,18.388267300004372,608,192896.9318296,23.230799997691065,108.77409999375232,10,0,0,4,1,0.0,1,estabilizada,1,1,1,,,,,,,,,,,,,nan,0.5411834229788316,-0.24975833529308428,1.5824452706670071
2026-08-18T06:04:45.195+00:00,1787033085.195964,192897.2260201,18.550265700003365,614,192897.128624,11.11490000039339,86.25779999420047,1,0,0,4,1,0.0,1,estabilizada,1,1,1,,,,,,,,,,,,,nan,0.5411804686365487,-0.24975002887142228,1.5824535636858699
2026-08-18T06:04:45.195+00:00,1787033085.195964,192897.2260625,18.550308100006077,614,192897.128624,11.11490000039339,86.25779999420047,2,1,1,4,1,0.0,1,estabilizada,1,1,1,883.0,366.25,0.8584357500076294,0.7027000188827515,0.8403922661553188,0.6485306541285564,0.8275310161553189,0.6370861541285564,0.6270607336733129,0.8022169888324153,0.6225107040992424,0.4842625073831837,0.0,0.5411804686365487,-0.24975002887142228,1.5824535636858699
2026-08-18T06:04:45.195+00:00,1787033085.195964,192897.226079,18.550324599986197,614,192897.128624,11.11490000039339,86.25779999420047,3,1,1,4,1,0.0,1,estabilizada,1,1,1,472.25,273.25,0.18278264999389648,0.8954609036445618,0.20316606244785068,0.8303285128486075,0.1903048124478507,0.8188840128486076,-1.796990758693465,0.19097368899360567,0.8185669368121985,-1.778699249342589,0.0,0.5411804686365487,-0.24975002887142228,1.5824535636858699
2026-08-18T06:04:45.195+00:00,1787033085.195964,192897.2260981,18.55034370001522,614,192897.128624,11.11490000039339,86.25779999420047,10,0,0,4,1,0.0,1,estabilizada,1,1,1,,,,,,,,,,,,,nan,0.5411804686365487,-0.24975002887142228,1.5824535636858699
2026-08-18T06:04:45.336+00:00,1787033085.336842,192897.3671331,18.691378699993948,618,192897.262381,24.914999987231568,79.81399999698624,1,0,0,4,1,0.0,1,estabilizada,1,1,1,,,,,,,,,,,,,nan,0.541179715542894,-0.24974088049422538,1.58246192442774
2026-08-18T06:04:45.336+00:00,1787033085.336842,192897.3671775,18.69142310001189,618,192897.262381,24.914999987231568,79.81399999698624,2,1,1,4,1,0.0,1,estabilizada,1,1,1,887.75,364.25,0.8666374087333679,0.7063233852386475,0.8481275211114365,0.651948753793992,0.8352662711114365,0.640504253793992,0.5935559149497549,0.8056495405287932,0.6242164710754863,0.5007875609478433,0.0,0.541179715542894,-0.24974088049422538,1.58246192442774
2026-08-18T06:04:45.336+00:00,1787033085.336842,192897.36719,18.691435599990655,618,192897.262381,24.914999987231568,79.81399999698624,3,1,1,4,1,0.0,1,estabilizada,1,1,1,472.25,273.25,0.1827830821275711,0.8954613208770752,0.20316631948037095,0.8303297707699917,0.19030506948037096,0.8188852707699917,-1.796991960876193,0.19097368899360567,0.8185669368121985,-1.778699249342589,0.0,0.541179715542894,-0.24974088049422538,1.58246192442774
2026-08-18T06:04:45.336+00:00,1787033085.336842,192897.3672029,18.69144850000157,618,192897.262381,24.914999987231568,79.81399999698624,10,0,0,4,1,0.0,1,estabilizada,1,1,1,,,,,,,,,,,,,nan,0.541179715542894,-0.24974088049422538,1.58246192442774
2026-08-18T06:04:45.482+00:00,1787033085.4837365,192897.5132427,18.8374882999924,623,192897.42849,3.690100013045594,81.03800000390038,1,0,0,4,1,0.0,1,estabilizada,1,1,1,,,,,,,,,,,,,nan,0.5411788806975533,-0.2497316181992275,1.582469430848848
2026-08-18T06:04:45.483+00:00,1787033085.4837365,192897.513288,18.83753359998809,623,192897.42849,3.690100013045594,81.03800000390038,2,1,1,4,1,0.0,1,estabilizada,1,1,1,894.0,358.75,0.8780017495155334,0.7165405750274658,0.8588455765098043,0.6615856446540215,0.8459843265098044,0.6501411446540215,0.6100709623277161,0.8323820820463619,0.6409043747577778,0.581704721712472,0.0,0.5411788806975533,-0.2497316181992275,1.582469430848848
2026-08-18T06:04:45.483+00:00,1787033085.4837365,192897.5133001,18.837545699992916,623,192897.42849,3.690100013045594,81.03800000390038,3,1,1,4,1,0.0,1,estabilizada,1,1,1,472.25,273.25,0.18278376758098602,0.8954617977142334,0.20316682178203238,0.8303310562142694,0.1903055717820324,0.8188865562142694,-1.7969928807889664,0.19097368899360567,0.8185669368121985,-1.778699249342589,0.0,0.5411788806975533,-0.2497316181992275,1.582469430848848
2026-08-18T06:04:45.483+00:00,1787033085.4837365,192897.5133099,18.83755550000933,623,192897.42849,3.690100013045594,81.03800000390038,10,0,0,4,1,0.0,1,estabilizada,1,1,1,,,,,,,,,,,,,nan,0.5411788806975533,-0.2497316181992275,1.582469430848848
2026-08-18T06:04:45.621+00:00,1787033085.6213245,192897.65155,18.975795600010315,627,192897.5621571,9.084299992537126,80.28349999221973,1,0,0,4,1,0.0,1,estabilizada,1,1,1,,,,,,,,,,,,,nan,0.5411764247113198,-0.24972196625771,1.5824771524876546
2026-08-18T06:04:45.621+00:00,1787033085.6213245,192897.6515925,18.97583810001379,627,192897.5621571,9.084299992537126,80.28349999221973,2,1,1,4,1,0.0,1,estabilizada,1,1,1,897.0,355.75,0.8835498094558716,0.7221508622169495,0.8640780562121861,0.6668776758551629,0.8512168062121861,0.6554331758551629,0.7737343986970441,0.8437957145926175,0.6493142048103866,0.6596907807704668,0.0,0.5411764247113198,-0.24972196625771,1.5824771524876546
2026-08-18T06:04:45.621+00:00,1787033085.6213245,192897.6516044,18.975849999987986,627,192897.5621571,9.084299992537126,80.28349999221973,3,1,1,4,1,0.0,1,estabilizada,1,1,1,472.75,274.0,0.18370658159255981,0.893937885761261,0.204036913585103,0.8288946802275176,0.19117566358510302,0.8174501802275176,-1.7861372854111535,0.19097368899360567,0.8185669368121985,-1.778699249342589,0.0,0.5411764247113198,-0.24972196625771,1.5824771524876546
2026-08-18T06:04:45.621+00:00,1787033085.6213245,192897.6516142,18.9758598000044,627,192897.5621571,9.084299992537126,80.28349999221973,10,0,0,4,1,0.0,1,estabilizada,1,1,1,,,,,,,,,,,,,nan,0.5411764247113198,-0.24972196625771,1.5824771524876546
2026-08-18T06:04:45.766+00:00,1787033085.7668936,192897.796923,19.121168599987868,631,192897.694864,24.804800021229312,77.22959999227896,1,0,0,4,1,0.0,1,estabilizada,1,1,1,,,,,,,,,,,,,nan,0.5411724732346069,-0.24971365362513984,1.582484418408839
2026-08-18T06:04:45.766+00:00,1787033085.7668936,192897.796964,19.121209600009024,631,192897.694864,24.804800021229312,77.22959999227896,2,1,1,4,1,0.0,1,estabilizada,1,1,1,900.25,352.75,0.8895297646522522,0.7277705073356628,0.8697177804943848,0.6721784437026267,0.8568565304943847,0.6607339437026267,0.6496902973226417,0.8491630888642002,0.6534978169867871,0.7050538261638287,0.0,0.5411724732346069,-0.24971365362513984,1.582484418408839
2026-08-18T06:04:45.766+00:00,1787033085.7668936,192897.7969758,19.121221400011564,631,192897.694864,24.804800021229312,77.22959999227896,3,1,1,4,1,0.0,1,estabilizada,1,1,1,472.0,273.0,0.18234017491340637,0.8959734439849854,0.20274789992682551,0.8308152423714816,0.18988664992682552,0.8193707423714817,-1.79699681835246,0.19097368899360567,0.8185669368121985,-1.778699249342589,0.0,0.5411724732346069,-0.24971365362513984,1.582484418408839
2026-08-18T06:04:45.766+00:00,1787033085.7668936,192897.7969862,19.121231800003443,631,192897.694864,24.804800021229312,77.22959999227896,10,0,0,4,1,0.0,1,estabilizada,1,1,1,,,,,,,,,,,,,nan,0.5411724732346069,-0.24971365362513984,1.582484418408839
2026-08-18T06:04:45.915+00:00,1787033085.915876,192897.9457178,19.26996340000187,636,192897.8617435,4.439200012711808,79.51029998366721,1,0,0,4,1,0.0,1,estabilizada,1,1,1,,,,,,,,,,,,,nan,0.5411702110390783,-0.24970785455220063,1.5824892691015575
2026-08-18T06:04:45.915+00:00,1787033085.915876,192897.9457594,19.27000499999849,636,192897.8617435,4.439200012711808,79.51029998366721,2,1,1,4,1,0.0,1,estabilizada,1,1,1,905.0,349.0,0.8981737494468689,0.7347977757453918,0.8778700929962044,0.6788065545366135,0.8650088429962044,0.6673620545366136,0.7735907043867443,0.8553350131691958,0.6584284048929532,0.7147239238260287,0.0,0.5411702110390783,-0.24970785455220063,1.5824892691015575
2026-08-18T06:04:45.915+00:00,1787033085.915876,192897.9457715,19.270017100003315,636,192897.8617435,4.439200012711808,79.51029998366721,3,1,1,4,1,0.0,1,estabilizada,1,1,1,472.25,273.0,0.18275491893291473,0.8959689140319824,0.2031388652378831,0.8308114995800557,0.1902776152378831,0.8193669995800558,-1.796998351540733,0.19097368899360567,0.8185669368121985,-1.778699249342589,0.0,0.5411702110390783,-0.24970785455220063,1.5824892691015575
2026-08-18T06:04:45.915+00:00,1787033085.915876,192897.945784,19.270029600011185,636,192897.8617435,4.439200012711808,79.51029998366721,10,0,0,4,1,0.0,1,estabilizada,1,1,1,,,,,,,,,,,,,nan,0.5411702110390783,-0.24970785455220063,1.5824892691015575
2026-08-18T06:04:46.061+00:00,1787033086.061768,192898.0914046,19.41565020001144,640,192897.9975244,8.9326000015717,84.91969999158755,1,0,0,4,1,0.0,1,estabilizada,1,1,1,,,,,,,,,,,,,nan,0.5411699836653606,-0.24970338237313905,1.5824937633247707
2026-08-18T06:04:46.061+00:00,1787033086.061768,192898.0914497,19.41569530000561,640,192897.9975244,8.9326000015717,84.91969999158755,2,1,1,4,1,0.0,1,estabilizada,1,1,1,909.75,345.75,0.9067485332489014,0.7408910393714905,0.885957254177196,0.6845536938329476,0.873096004177196,0.6731091938329476,0.7539640747257956,0.8593588815082102,0.662029383555923,0.7260685426827436,0.0,0.5411699836653606,-0.24970338237313905,1.5824937633247707
2026-08-18T06:04:46.061+00:00,1787033086.061768,192898.0914614,19.415707000007387,640,192897.9975244,8.9326000015717,84.91969999158755,3,1,1,4,1,0.0,1,estabilizada,1,1,1,472.25,273.25,0.18278755247592926,0.8954658508300781,0.20316957201658342,0.8303374861079623,0.19030832201658343,0.8188929861079624,-1.7970004492911358,0.19097368899360567,0.8185669368121985,-1.778699249342589,0.0,0.5411699836653606,-0.24970338237313905,1.5824937633247707
2026-08-18T06:04:46.061+00:00,1787033086.061768,192898.0914716,19.415717199997744,640,192897.9975244,8.9326000015717,84.91969999158755,10,0,0,4,1,0.0,1,estabilizada,1,1,1,,,,,,,,,,,,,nan,0.5411699836653606,-0.24970338237313905,1.5824937633247707
2026-08-18T06:04:46.212+00:00,1787033086.2125752,192898.242521,19.566766600008123,644,192898.1276808,34.76139999111183,80.05600000615232,1,0,0,4,1,0.0,1,estabilizada,1,1,1,,,,,,,,,,,,,nan,0.5411676627711259,-0.24969846822984285,1.5824976133115596
2026-08-18T06:04:46.212+00:00,1787033086.2125752,192898.2425616,19.56680719999713,644,192898.1276808,34.76139999111183,80.05600000615232,2,1,1,4,1,0.0,1,estabilizada,1,1,1,912.75,342.5,0.9124283790588379,0.7470579147338867,0.8913139936816792,0.6903702624353084,0.8784527436816791,0.6789257624353084,0.7955642091198306,0.8652641301886165,0.6666939979605164,0.7444081962823091,0.0,0.5411676627711259,-0.24969846822984285,1.5824976133115596
2026-08-18T06:04:46.212+00:00,1787033086.2125752,192898.242574,19.566819600004237,644,192898.1276808,34.76139999111183,80.05600000615232,3,1,1,4,1,0.0,1,estabilizada,1,1,1,472.25,273.25,0.18278878927230835,0.8954673409461975,0.20317055689304941,0.8303393294036283,0.19030930689304942,0.8188948294036283,-1.7970028780415117,0.19097368899360567,0.8185669368121985,-1.778699249342589,0.0,0.5411676627711259,-0.24969846822984285,1.5824976133115596
2026-08-18T06:04:46.212+00:00,1787033086.2125752,192898.2425839,19.56682949999231,644,192898.1276808,34.76139999111183,80.05600000615232,10,0,0,4,1,0.0,1,estabilizada,1,1,1,,,,,,,,,,,,,nan,0.5411676627711259,-0.24969846822984285,1.5824976133115596
2026-08-18T06:04:46.351+00:00,1787033086.3514926,192898.3810376,19.705283199989935,649,192898.2955385,6.743599980836734,78.72479999787174,1,0,0,4,1,0.0,1,estabilizada,1,1,1,,,,,,,,,,,,,nan,0.541164202350212,-0.24969189736856168,1.5825020917216328
2026-08-18T06:04:46.351+00:00,1787033086.3514926,192898.3811092,19.705354800011264,649,192898.2955385,6.743599980836734,78.72479999787174,2,1,1,4,1,0.0,1,estabilizada,1,1,1,917.5,339.25,0.9210556149482727,0.7531919479370117,0.8994504446848771,0.6961559752519413,0.8865891946848772,0.6847114752519413,0.8162275652143988,0.8711657954003211,0.6719982970167858,0.7538294041404836,0.0,0.541164202350212,-0.24969189736856168,1.5825020917216328
2026-08-18T06:04:46.351+00:00,1787033086.3514926,192898.3811228,19.705368399998406,649,192898.2955385,6.743599980836734,78.72479999787174,3,1,1,4,1,0.0,1,estabilizada,1,1,1,472.25,273.25,0.18278957903385162,0.8954681158065796,0.20317104725888446,0.8303406182033143,0.19030979725888447,0.8188961182033143,-1.7970043868808014,0.19097368899360567,0.8185669368121985,-1.778699249342589,0.0,0.541164202350212,-0.24969189736856168,1.5825020917216328
2026-08-18T06:04:46.351+00:00,1787033086.3514926,192898.3811333,19.705378899991047,649,192898.2955385,6.743599980836734,78.72479999787174,10,0,0,4,1,0.0,1,estabilizada,1,1,1,,,,,,,,,,,,,nan,0.541164202350212,-0.24969189736856168,1.5825020917216328
2026-08-18T06:04:46.489+00:00,1787033086.489362,192898.5201363,19.844381900009466,653,192898.4285342,12.74770000600256,78.83079999010079,1,0,0,4,1,0.0,1,estabilizada,1,1,1,,,,,,,,,,,,,nan,0.5411612003876141,-0.24968308289865213,1.5825089980040137
2026-08-18T06:04:46.489+00:00,1787033086.489362,192898.5201791,19.844424700015225,653,192898.4285342,12.74770000600256,78.83079999010079,2,1,1,4,1,0.0,1,estabilizada,1,1,1,920.0,336.0,0.9259389042854309,0.7594135403633118,0.9040559365459225,0.7020244852564373,0.8911946865459226,0.6905799852564374,0.7732923948893908,0.881587945314048,0.6807297389859253,0.7538294041404836,0.0,0.5411612003876141,-0.24968308289865213,1.5825089980040137
2026-08-18T06:04:46.489+00:00,1787033086.489362,192898.5201913,19.844436899991706,653,192898.4285342,12.74770000600256,78.83079999010079,3,1,1,4,1,0.0,1,estabilizada,1,1,1,472.25,273.25,0.18279002606868744,0.8954687118530273,0.2031712091958507,0.8303419658707653,0.1903099591958507,0.8188974658707653,-1.8004069371205638,0.19097368899360567,0.8185669368121985,-1.778699249342589,0.0,0.5411612003876141,-0.24968308289865213,1.5825089980040137
2026-08-18T06:04:46.489+00:00,1787033086.489362,192898.5202018,19.84444740001345,653,192898.4285342,12.74770000600256,78.83079999010079,10,0,0,4,1,0.0,1,estabilizada,1,1,1,,,,,,,,,,,,,nan,0.5411612003876141,-0.24968308289865213,1.5825089980040137
2026-08-18T06:04:46.631+00:00,1787033086.6317885,192898.6616807,19.98592629999621,657,192898.5613906,20.16179999918677,80.1021000079345,1,0,0,4,1,0.0,1,estabilizada,1,1,1,,,,,,,,,,,,,nan,0.5411594593152487,-0.2496731866137828,1.582516213548379
2026-08-18T06:04:46.631+00:00,1787033086.6317885,192898.6618074,19.98605300000054,657,192898.5613906,20.16179999918677,80.1021000079345,2,1,1,4,1,0.0,1,estabilizada,1,1,1,923.5,334.5,0.9321364760398865,0.7622228860855103,0.9099010441346944,0.7046748838829076,0.8970397941346944,0.6932303838829076,0.6520370088658012,0.8856326552127884,0.6846500405685032,0.7538294041404836,0.0,0.5411594593152487,-0.2496731866137828,1.582516213548379
2026-08-18T06:04:46.631+00:00,1787033086.6317885,192898.6618337,19.986079299997073,657,192898.5613906,20.16179999918677,80.1021000079345,3,1,1,4,1,0.0,1,estabilizada,1,1,1,472.25,273.0,0.18275848031044006,0.8959733247756958,0.20314126554466333,0.8308187404862494,0.19028001554466334,0.8193742404862494,-1.797006484651803,0.19097368899360567,0.8185669368121985,-1.778699249342589,0.0,0.5411594593152487,-0.2496731866137828,1.582516213548379
2026-08-18T06:04:46.631+00:00,1787033086.6317885,192898.6619645,19.986210100003518,657,192898.5613906,20.16179999918677,80.1021000079345,10,0,0,4,1,0.0,1,estabilizada,1,1,1,,,,,,,,,,,,,nan,0.5411594593152487,-0.2496731866137828,1.582516213548379
2026-08-18T06:04:46.773+00:00,1787033086.7734928,192898.8032534,20.127498999994714,661,192898.6977349,24.69099999871105,80.80300001893193,1,0,0,4,1,0.0,1,estabilizada,1,1,1,,,,,,,,,,,,,nan,0.5411580563316866,-0.24966078406187323,1.5825248779297882
2026-08-18T06:04:46.773+00:00,1787033086.7734928,192898.8032966,20.127542200003518,661,192898.6977349,24.69099999871105,80.80300001893193,2,1,1,4,1,0.0,1,estabilizada,1,1,1,925.5,332.0,0.936043381690979,0.7670271396636963,0.9135858015429636,0.7092069344894172,0.9007245515429636,0.6977624344894172,0.6888829868591715,0.8884099904037821,0.6866365339808159,0.7538294041404836,0.0,0.5411580563316866,-0.24966078406187323,1.5825248779297882
2026-08-18T06:04:46.773+00:00,1787033086.7734928,192898.803309,20.127554600010626,661,192898.6977349,24.69099999871105,80.80300001893193,3,1,1,4,1,0.0,1,estabilizada,1,1,1,472.25,273.0,0.1827581822872162,0.8959730267524719,0.2031407930845887,0.8308195214829859,0.19027954308458872,0.8193750214829859,-1.7970073802210933,0.19097368899360567,0.8185669368121985,-1.778699249342589,0.0,0.5411580563316866,-0.24966078406187323,1.5825248779297882
2026-08-18T06:04:46.773+00:00,1787033086.7734928,192898.8033193,20.127564900001744,661,192898.6977349,24.69099999871105,80.80300001893193,10,0,0,4,1,0.0,1,estabilizada,1,1,1,,,,,,,,,,,,,nan,0.5411580563316866,-0.24966078406187323,1.5825248779297882
2026-08-18T06:04:46.914+00:00,1787033086.9147406,192898.9445372,20.268782800005283,665,192898.8281106,33.88849998009391,82.51580002252012,1,0,0,4,1,0.0,1,estabilizada,1,1,1,,,,,,,,,,,,,nan,0.5411534490679496,-0.24964806523315058,1.5825331968493104
2026-08-18T06:04:46.914+00:00,1787033086.9147406,192898.944579,20.268824600003427,665,192898.8281106,33.88849998009391,82.51580002252012,2,1,1,4,1,0.0,1,estabilizada,1,1,1,930.75,329.75,0.9453755021095276,0.771260678768158,0.9223870524225501,0.7132007359226955,0.9095258024225501,0.7017562359226955,0.6520083260783824,0.8929295915207491,0.6905108439262853,0.7269305379719425,0.0,0.5411534490679496,-0.24964806523315058,1.5825331968493104
2026-08-18T06:04:46.914+00:00,1787033086.9147406,192898.9445909,20.268836500006728,665,192898.8281106,33.88849998009391,82.51580002252012,3,1,1,4,1,0.0,1,estabilizada,1,1,1,472.0,273.0,0.18234442174434662,0.8959786891937256,0.20275019428890778,0.8308259277200989,0.1898889442889078,0.8193814277200989,-1.7970082757923243,0.19097368899360567,0.8185669368121985,-1.778699249342589,0.0,0.5411534490679496,-0.24964806523315058,1.5825331968493104
2026-08-18T06:04:46.914+00:00,1787033086.9147406,192898.9446014,20.26884699999937,665,192898.8281106,33.88849998009391,82.51580002252012,10,0,0,4,1,0.0,1,estabilizada,1,1,1,,,,,,,,,,,,,nan,0.5411534490679496,-0.24964806523315058,1.5825331968493104
2026-08-18T06:04:47.063+00:00,1787033087.0630882,192899.0932455,20.417491100000916,670,192898.994283,22.697699983837083,76.22820002143271,1,0,0,4,1,0.0,1,estabilizada,1,1,1,,,,,,,,,,,,,nan,0.5411502370936502,-0.24963415956970575,1.5825423893950665
2026-08-18T06:04:47.063+00:00,1787033087.0630882,192899.0933288,20.41757439999492,670,192898.994283,22.697699983837083,76.22820002143271,2,1,1,4,1,0.0,1,estabilizada,1,1,1,934.75,327.5,0.9526238441467285,0.7755412459373474,0.929223128385217,0.7172389931105503,0.916361878385217,0.7057944931105503,0.5858549974454595,0.9004422264679726,0.6956013146010277,0.6892679549827797,0.0,0.5411502370936502,-0.24963415956970575,1.5825423893950665
2026-08-18T06:04:47.063+00:00,1787033087.0630882,192899.0933477,20.417593299993314,670,192898.994283,22.697699983837083,76.22820002143271,3,1,1,4,1,0.0,1,estabilizada,1,1,1,472.0,273.0,0.18234415352344513,0.8959780335426331,0.20274964012381508,0.8308264786326107,0.1898883901238151,0.8193819786326108,-1.797009147020866,0.19097368899360567,0.8185669368121985,-1.778699249342589,0.0,0.5411502370936502,-0.24963415956970575,1.5825423893950665
2026-08-18T06:04:47.063+00:00,1787033087.0630882,192899.0933615,20.417607100011082,670,192898.994283,22.697699983837083,76.22820002143271,10,0,0,4,1,0.0,1,estabilizada,1,1,1,,,,,,,,,,,,,nan,0.5411502370936502,-0.24963415956970575,1.5825423893950665
2026-08-18T06:04:47.207+00:00,1787033087.207076,192899.2373421,20.561587700009113,674,192899.1290613,30.553100019460544,77.70259998505935,1,0,0,4,1,0.0,1,estabilizada,1,1,1,,,,,,,,,,,,,nan,0.5411461273144094,-0.2496219566743422,1.58255043093406
2026-08-18T06:04:47.207+00:00,1787033087.207076,192899.2373853,20.561630899988813,674,192899.1290613,30.553100019460544,77.70259998505935,2,1,1,4,1,0.0,1,estabilizada,1,1,1,937.75,325.25,0.9582018852233887,0.7798612117767334,0.9344838301913894,0.7213142717554222,0.9216225801913893,0.7098697717554222,0.6023294656857437,0.9076049190997493,0.7003982944682787,0.654889732074423,0.0,0.5411461273144094,-0.2496219566743422,1.58255043093406
2026-08-18T06:04:47.207+00:00,1787033087.207076,192899.2373982,20.56164379999973,674,192899.1290613,30.553100019460544,77.70259998505935,3,1,1,4,1,0.0,1,estabilizada,1,1,1,472.25,273.25,0.18278956413269043,0.8954675197601318,0.20316938271914692,0.8303460229252567,0.19030813271914693,0.8189015229252568,-1.7970103248941893,0.19097368899360567,0.8185669368121985,-1.778699249342589,0.0,0.5411461273144094,-0.2496219566743422,1.58255043093406
2026-08-18T06:04:47.207+00:00,1787033087.207076,192899.2374079,20.561653499986278,674,192899.1290613,30.553100019460544,77.70259998505935,10,0,0,4,1,0.0,1,estabilizada,1,1,1,,,,,,,,,,,,,nan,0.5411461273144094,-0.2496219566743422,1.58255043093406
2026-08-18T06:04:47.346+00:00,1787033087.346616,192899.3762733,20.70051890000468,678,192899.2686847,30.434400017838925,77.12929998524487,1,0,0,4,1,0.0,1,estabilizada,1,1,1,,,,,,,,,,,,,nan,0.5411403475919092,-0.24961023050143252,1.58255737253122
2026-08-18T06:04:47.346+00:00,1787033087.346616,192899.3763156,20.700561200006632,678,192899.2686847,30.434400017838925,77.12929998524487,2,1,1,4,1,0.0,1,estabilizada,1,1,1,941.0,323.5,0.9640988707542419,0.7832022905349731,0.940045229638075,0.724466267117002,0.927183979638075,0.713021767117002,0.5039508454797953,0.9112248917229834,0.7028442437787161,0.6361347527035522,0.0,0.5411403475919092,-0.24961023050143252,1.58255737253122
2026-08-18T06:04:47.346+00:00,1787033087.346616,192899.3763282,20.700573800015263,678,192899.2686847,30.434400017838925,77.12929998524487,3,1,1,4,1,0.0,1,estabilizada,1,1,1,472.25,273.25,0.1827898621559143,0.8954674601554871,0.20316924570878664,0.8303469192209816,0.19030799570878665,0.8189024192209816,-1.8449117493679592,0.19097368899360567,0.8185669368121985,-1.778699249342589,0.0,0.5411403475919092,-0.24961023050143252,1.58255737253122
2026-08-18T06:04:47.346+00:00,1787033087.346616,192899.3763382,20.700583800004097,678,192899.2686847,30.434400017838925,77.12929998524487,10,0,0,4,1,0.0,1,estabilizada,1,1,1,,,,,,,,,,,,,nan,0.5411403475919092,-0.24961023050143252,1.58255737253122
2026-08-18T06:04:47.496+00:00,1787033087.4963236,192899.5266021,20.850847699999576,683,192899.4303821,9.667200007243082,86.5295999974478,1,0,0,4,1,0.0,1,estabilizada,1,1,1,,,,,,,,,,,,,nan,0.5411321376653722,-0.2495970016804462,1.5825646826139814
2026-08-18T06:04:47.496+00:00,1787033087.4963236,192899.5266446,20.85089020000305,683,192899.4303821,9.667200007243082,86.5295999974478,2,1,1,4,1,0.0,1,estabilizada,1,1,1,945.25,321.75,0.9716997146606445,0.7865211963653564,0.9472134599405102,0.7275974513528641,0.9343522099405102,0.7161529513528642,0.5323578515694706,0.917121284649161,0.7066746321522748,0.603602628067808,0.0,0.5411321376653722,-0.2495970016804462,1.5825646826139814
2026-08-18T06:04:47.496+00:00,1787033087.4963236,192899.5266573,20.850902900012443,683,192899.4303821,9.667200007243082,86.5295999974478,3,1,1,4,1,0.0,1,estabilizada,1,1,1,472.0,273.0,0.1823451668024063,0.8959776163101196,0.20274927902127055,0.8308291160612363,0.18988802902127055,0.8193846160612364,-1.7970133182802326,0.19097368899360567,0.8185669368121985,-1.778699249342589,0.0,0.5411321376653722,-0.2495970016804462,1.5825646826139814
2026-08-18T06:04:47.496+00:00,1787033087.4963236,192899.5266671,20.850912699999753,683,192899.4303821,9.667200007243082,86.5295999974478,10,0,0,4,1,0.0,1,estabilizada,1,1,1,,,,,,,,,,,,,nan,0.5411321376653722,-0.2495970016804462,1.5825646826139814
2026-08-18T06:04:47.648+00:00,1787033087.6489158,192899.6784453,21.002690900000744,687,192899.561277,35.52460001083091,81.47319999989122,1,0,0,4,1,0.0,1,estabilizada,1,1,1,,,,,,,,,,,,,nan,0.541123800536294,-0.24958484773998102,1.5825723246625698
2026-08-18T06:04:47.648+00:00,1787033087.6489158,192899.6786997,21.002945299987914,687,192899.561277,35.52460001083091,81.47319999989122,2,1,1,4,1,0.0,1,estabilizada,1,1,1,948.0,320.75,0.9765953421592712,0.7884117364883423,0.9518303199638879,0.7293814532433298,0.938969069963888,0.7179369532433298,0.4296174135214964,0.9246967469572861,0.7109334812297572,0.5656270008244332,0.0,0.541123800536294,-0.24958484773998102,1.5825723246625698
2026-08-18T06:04:47.648+00:00,1787033087.6489158,192899.6787197,21.002965299994685,687,192899.561277,35.52460001083091,81.47319999989122,3,1,1,4,1,0.0,1,estabilizada,1,1,1,472.0,273.0,0.18234582245349884,0.8959777355194092,0.2027493247290339,0.8308302342730899,0.1898880747290339,0.8193857342730899,-1.7970151337906786,0.19097368899360567,0.8185669368121985,-1.778699249342589,0.0,0.541123800536294,-0.24958484773998102,1.5825723246625698
2026-08-18T06:04:47.648+00:00,1787033087.6489158,192899.6787345,21.002980099990964,687,192899.561277,35.52460001083091,81.47319999989122,10,0,0,4,1,0.0,1,estabilizada,1,1,1,,,,,,,,,,,,,nan,0.541123800536294,-0.24958484773998102,1.5825723246625698
2026-08-18T06:04:47.802+00:00,1787033087.8022954,192899.8318134,21.156059000000823,692,192899.7276693,22.584800026379526,81.53519997722469,1,0,0,4,1,0.0,1,estabilizada,1,1,1,,,,,,,,,,,,,nan,0.5411147318853633,-0.24957528998109868,1.5825785015281864
2026-08-18T06:04:47.802+00:00,1787033087.8022954,192899.8318542,21.156099799991352,692,192899.7276693,22.584800026379526,81.53519997722469,2,1,1,4,1,0.0,1,estabilizada,1,1,1,953.0,318.5,0.9856148362159729,0.792706310749054,0.9603364633888904,0.7334325723688521,0.9474752133888904,0.7219880723688521,0.50355508112356,0.930843874748718,0.714052991629436,0.5348181244977926,0.0,0.5411147318853633,-0.24957528998109868,1.5825785015281864
2026-08-18T06:04:47.802+00:00,1787033087.8022954,192899.8318666,21.15611219999846,692,192899.7276693,22.584800026379526,81.53519997722469,3,1,1,4,1,0.0,1,estabilizada,1,1,1,472.25,273.25,0.1827918291091919,0.8954673409461975,0.2031693719727622,0.8303496632550468,0.1903081219727622,0.8189051632550468,-1.797016053715026,0.19097368899360567,0.8185669368121985,-1.778699249342589,0.0,0.5411147318853633,-0.24957528998109868,1.5825785015281864
2026-08-18T06:04:47.802+00:00,1787033087.8022954,192899.831879,21.15612460000557,692,192899.7276693,22.584800026379526,81.53519997722469,10,0,0,4,1,0.0,1,estabilizada,1,1,1,,,,,,,,,,,,,nan,0.5411147318853633,-0.24957528998109868,1.5825785015281864
2026-08-18T06:04:47.948+00:00,1787033087.9488668,192899.9783966,21.302642199996626,696,192899.8619729,35.048100020503625,81.33119999547489,1,0,0,4,1,0.0,1,estabilizada,1,1,1,,,,,,,,,,,,,nan,0.5411060121016348,-0.24956613718691797,1.5825842628748807
2026-08-18T06:04:47.948+00:00,1787033087.9488668,192899.9786707,21.302916299988283,696,192899.8619729,35.048100020503625,81.33119999547489,2,1,1,4,1,0.0,1,estabilizada,1,1,1,956.25,316.75,0.9915613532066345,0.7960723638534546,0.9659444039859943,0.7366079376606397,0.9530831539859943,0.7251634376606397,0.42973904751767567,0.9352206648264523,0.7160255932252759,0.5195062915217177,0.0,0.5411060121016348,-0.24956613718691797,1.5825842628748807
2026-08-18T06:04:47.948+00:00,1787033087.9488668,192899.9787055,21.302951099991333,696,192899.8619729,35.048100020503625,81.33119999547489,3,1,1,4,1,0.0,1,estabilizada,1,1,1,472.0,273.0,0.18234699964523315,0.8959776163101196,0.20274926945071076,0.8308316773334192,0.18988801945071077,0.8193871773334193,-1.7970175625875175,0.19097368899360567,0.8185669368121985,-1.778699249342589,0.0,0.5411060121016348,-0.24956613718691797,1.5825842628748807
2026-08-18T06:04:47.948+00:00,1787033087.9488668,192899.9787252,21.30297079999582,696,192899.8619729,35.048100020503625,81.33119999547489,10,0,0,4,1,0.0,1,estabilizada,1,1,1,,,,,,,,,,,,,nan,0.5411060121016348,-0.24956613718691797,1.5825842628748807
2026-08-18T06:04:48.108+00:00,1787033088.1082127,192900.1383901,21.462635700008832,701,192900.0310053,18.388800002867356,88.9718999969773,1,0,0,4,1,0.0,1,estabilizada,1,1,1,,,,,,,,,,,,,nan,0.5411012254965297,-0.24955763474272116,1.5825902445564348
2026-08-18T06:04:48.108+00:00,1787033088.1082127,192900.1384328,21.46267840001383,701,192900.0310053,18.388800002867356,88.9718999969773,2,1,1,4,1,0.0,1,estabilizada,1,1,1,960.75,314.0,0.9998955726623535,0.8013918399810791,0.9738044910403401,0.7416256098716217,0.96094324104034,0.7301811098716218,0.5352499295785609,0.9420313186918453,0.7194543779502842,0.5107953677178144,0.0,0.5411012254965297,-0.24955763474272116,1.5825902445564348
2026-08-18T06:04:48.108+00:00,1787033088.1082127,192900.1384619,21.46270750000258,701,192900.0310053,18.388800002867356,88.9718999969773,3,1,1,4,1,0.0,1,estabilizada,1,1,1,472.25,273.0,0.18276134133338928,0.8959725499153137,0.20313969870391746,0.8308276288128086,0.19027844870391747,0.8193831288128086,-1.7970190957948136,0.19097368899360567,0.8185669368121985,-1.778699249342589,0.0,0.5411012254965297,-0.24955763474272116,1.5825902445564348
2026-08-18T06:04:48.108+00:00,1787033088.1082127,192900.1384725,21.462718099995982,701,192900.0310053,18.388800002867356,88.9718999969773,10,0,0,4,1,0.0,1,estabilizada,1,1,1,,,,,,,,,,,,,nan,0.5411012254965297,-0.24955763474272116,1.5825902445564348
2026-08-18T06:04:48.258+00:00,1787033088.2585738,192900.288073,21.612318600004073,706,192900.1943343,9.089500003028661,84.62019998114556,1,0,0,4,1,0.0,1,estabilizada,1,1,1,,,,,,,,,,,,,nan,0.541096464160135,-0.2495502436885331,1.5825949595372422
2026-08-18T06:04:48.258+00:00,1787033088.2585738,192900.2881215,21.612367099995026,706,192900.1943343,9.089500003028661,84.62019998114556,2,1,1,4,1,0.0,1,estabilizada,1,1,1,963.5,312.75,1.0048922300338745,0.8037962317466736,0.9785168023370481,0.7438938655613997,0.965655552337048,0.7324493655613997,0.5920391212619532,0.9506262084851316,0.7241987218818744,0.5107953677178144,0.0,0.541096464160135,-0.2495502436885331,1.5825949595372422
2026-08-18T06:04:48.258+00:00,1787033088.2585738,192900.288135,21.61238060001051,706,192900.1943343,9.089500003028661,84.62019998114556,3,1,1,4,1,0.0,1,estabilizada,1,1,1,472.25,273.0,0.18276216089725494,0.895973801612854,0.20314014017698756,0.8308294237315603,0.19027889017698757,0.8193849237315604,-1.7970203223598724,0.19097368899360567,0.8185669368121985,-1.778699249342589,0.0,0.541096464160135,-0.2495502436885331,1.5825949595372422
2026-08-18T06:04:48.258+00:00,1787033088.2585738,192900.2881451,21.612390700000105,706,192900.1943343,9.089500003028661,84.62019998114556,10,0,0,4,1,0.0,1,estabilizada,1,1,1,,,,,,,,,,,,,nan,0.541096464160135,-0.2495502436885331,1.5825949595372422
2026-08-18T06:04:48.427+00:00,1787033088.4277682,192900.4578614,21.782107000006363,711,192900.361183,1.504699990618974,94.97030000784434,1,0,0,4,1,0.0,1,estabilizada,1,1,1,,,,,,,,,,,,,nan,0.5410938393607189,-0.24954491395605044,1.5825986658555702
2026-08-18T06:04:48.427+00:00,1787033088.4277682,192900.4580785,21.78232410000055,711,192900.361183,1.504699990618974,94.97030000784434,2,1,1,4,1,0.0,1,estabilizada,1,1,1,966.75,310.75,1.0109403133392334,0.8076813220977783,0.9842208527644287,0.7475584600622505,0.9713596027644287,0.7361139600622505,0.618381574549509,0.957000230475676,0.727786782503185,0.5391578114812314,0.0,0.5410938393607189,-0.24954491395605044,1.5825986658555702
2026-08-18T06:04:48.427+00:00,1787033088.4277682,192900.4580948,21.782340400008252,711,192900.361183,1.504699990618974,94.97030000784434,3,1,1,4,1,0.0,1,estabilizada,1,1,1,472.0,273.0,0.1823490411043167,0.8959811329841614,0.20275031689183393,0.8308367938355601,0.18988906689183394,0.8193922938355601,-1.797021573252939,0.19097368899360567,0.8185669368121985,-1.778699249342589,0.0,0.5410938393607189,-0.24954491395605044,1.5825986658555702
2026-08-18T06:04:48.427+00:00,1787033088.4277682,192900.4581286,21.782374200003687,711,192900.361183,1.504699990618974,94.97030000784434,10,0,0,4,1,0.0,1,estabilizada,1,1,1,,,,,,,,,,,,,nan,0.5410938393607189,-0.24954491395605044,1.5825986658555702
2026-08-18T06:04:48.597+00:00,1787033088.5970953,192900.6269706,21.951216199988266,716,192900.527758,6.714099989039823,92.45070000179112,1,0,0,4,1,0.0,1,estabilizada,1,1,1,,,,,,,,,,,,,nan,0.541092834690297,-0.24953795924949498,1.5826041397429105
2026-08-18T06:04:48.597+00:00,1787033088.5970953,192900.6273488,21.95159439998679,716,192900.527758,6.714099989039823,92.45070000179112,2,1,1,4,1,0.0,1,estabilizada,1,1,1,967.75,307.5,1.0134848356246948,0.8141293525695801,0.9866207076874316,0.7536404054856506,0.9737594576874316,0.7421959054856506,0.9018642077546974,0.9630177698396779,0.7312851247651301,0.6018135021302438,0.0,0.541092834690297,-0.24953795924949498,1.5826041397429105
2026-08-18T06:04:48.598+00:00,1787033088.598095,192900.6275306,21.951776200003223,716,192900.527758,6.714099989039823,92.45070000179112,3,1,1,4,1,0.0,1,estabilizada,1,1,1,472.0,273.0,0.1823490411043167,0.8959823846817017,0.20275018919431426,0.830838595173761,0.18988893919431427,0.819394095173761,-1.7970227754879118,0.19097368899360567,0.8185669368121985,-1.778699249342589,0.0,0.541092834690297,-0.24953795924949498,1.5826041397429105
2026-08-18T06:04:48.598+00:00,1787033088.598095,192900.6276436,21.951889199990546,716,192900.527758,6.714099989039823,92.45070000179112,10,0,0,4,1,0.0,1,estabilizada,1,1,1,,,,,,,,,,,,,nan,0.541092834690297,-0.24953795924949498,1.5826041397429105
2026-08-18T06:04:48.749+00:00,1787033088.7493343,192900.7790976,22.103343199996743,720,192900.6663217,22.698899992974475,90.0207000086084,1,0,0,4,1,0.0,1,estabilizada,1,1,1,,,,,,,,,,,,,nan,0.5410902125923495,-0.24952853889260912,1.582610937606991
2026-08-18T06:04:48.749+00:00,1787033088.7493343,192900.7791818,22.1034273999976,720,192900.6663217,22.698899992974475,90.0207000086084,2,1,1,4,1,0.0,1,estabilizada,1,1,1,969.5,305.25,1.0170589685440063,0.8185765147209167,0.9899915529096739,0.7578354617299832,0.9771303029096738,0.7463909617299832,0.9768222705054013,0.9697599205774928,0.738264889784433,0.7832683103823131,0.0,0.5410902125923495,-0.24952853889260912,1.582610937606991
2026-08-18T06:04:48.749+00:00,1787033088.7493343,192900.7792011,22.10344669999904,720,192900.6663217,22.698899992974475,90.0207000086084,3,1,1,4,1,0.0,1,estabilizada,1,1,1,472.0,273.0,0.18234869837760925,0.8959831595420837,0.20274962921418382,0.8308401415019011,0.18988837921418383,0.8193956415019011,-1.7970233887694893,0.19097368899360567,0.8185669368121985,-1.778699249342589,0.0,0.5410902125923495,-0.24952853889260912,1.582610937606991
2026-08-18T06:04:48.749+00:00,1787033088.7493343,192900.7792139,22.103459500009194,720,192900.6663217,22.698899992974475,90.0207000086084,10,0,0,4,1,0.0,1,estabilizada,1,1,1,,,,,,,,,,,,,nan,0.5410902125923495,-0.24952853889260912,1.582610937606991
2026-08-18T06:04:48.923+00:00,1787033088.9238954,192900.9537569,22.27800250001019,725,192900.83867,19.66510000056587,95.37309998995624,1,0,0,4,1,0.0,1,estabilizada,1,1,1,,,,,,,,,,,,,nan,0.5410883552691987,-0.24952319796378938,1.5826136073063979
2026-08-18T06:04:48.923+00:00,1787033088.9238954,192900.9538894,22.278135000000475,725,192900.83867,19.66510000056587,95.37309998995624,2,1,1,4,1,0.0,1,estabilizada,1,1,1,968.75,303.5,1.0162327289581299,0.8220999836921692,0.9892122399173549,0.7611589644163478,0.9763509899173548,0.7497144644163478,1.1922935798559666,0.9724096044845194,0.7418108040512515,0.9279326210942325,0.0,0.5410883552691987,-0.24952319796378938,1.5826136073063979
2026-08-18T06:04:48.923+00:00,1787033088.9238954,192900.9539155,22.278161099995486,725,192900.83867,19.66510000056587,95.37309998995624,3,1,1,4,1,0.0,1,estabilizada,1,1,1,472.25,273.0,0.18276235461235046,0.8959780335426331,0.20313962162827398,0.8308357206245444,0.190278371628274,0.8193912206245444,-1.7970236954102126,0.19097368899360567,0.8185669368121985,-1.778699249342589,0.0,0.5410883552691987,-0.24952319796378938,1.5826136073063979
2026-08-18T06:04:48.923+00:00,1787033088.9238954,192900.9539316,22.278177200001664,725,192900.83867,19.66510000056587,95.37309998995624,10,0,0,4,1,0.0,1,estabilizada,1,1,1,,,,,,,,,,,,,nan,0.5410883552691987,-0.24952319796378938,1.5826136073063979
2026-08-18T06:04:49.104+00:00,1787033089.1041157,192901.1337113,22.45795690000523,730,192900.9994712,28.97140002460219,105.24279999663122,1,0,0,4,1,0.0,1,estabilizada,1,1,1,,,,,,,,,,,,,nan,0.5410862200309208,-0.24951599726458507,1.5826170929532513
2026-08-18T06:04:49.104+00:00,1787033089.1041157,192901.1337521,22.457997699995758,730,192900.9994712,28.97140002460219,105.24279999663122,2,1,1,4,1,0.0,1,estabilizada,1,1,1,968.25,302.25,1.0157026052474976,0.824619472026825,0.9887122012769562,0.7635357186245213,0.9758509512769562,0.7520912186245213,1.2904855126166863,0.9740113601235775,0.7453635613382572,1.106200179674919,0.0,0.5410862200309208,-0.24951599726458507,1.5826170929532513
2026-08-18T06:04:49.104+00:00,1787033089.1041157,192901.1337647,22.45801030000439,730,192900.9994712,28.97140002460219,105.24279999663122,3,1,1,4,1,0.0,1,estabilizada,1,1,1,472.0,273.0,0.18234802782535553,0.8959842920303345,0.20274869040018756,0.830842176166944,0.18988744040018757,0.819397676166944,-1.7970236954102132,0.19097368899360567,0.8185669368121985,-1.778699249342589,0.0,0.5410862200309208,-0.24951599726458507,1.5826170929532513
2026-08-18T06:04:49.104+00:00,1787033089.1041157,192901.1337771,22.458022700011497,730,192900.9994712,28.97140002460219,105.24279999663122,10,0,0,4,1,0.0,1,estabilizada,1,1,1,,,,,,,,,,,,,nan,0.5410862200309208,-0.24951599726458507,1.5826170929532513
2026-08-18T06:04:49.270+00:00,1787033089.270657,192901.3003199,22.62456550000934,736,192901.1938503,22.664999996777624,83.78019998781383,1,0,0,4,1,0.0,1,estabilizada,1,1,1,,,,,,,,,,,,,nan,0.5410837701320013,-0.24950824430934027,1.5826212606658245
2026-08-18T06:04:49.270+00:00,1787033089.270657,192901.3003593,22.624604899989208,736,192901.1938503,22.664999996777624,83.78019998781383,2,1,1,4,1,0.0,1,estabilizada,1,1,1,968.25,301.75,1.0158326625823975,0.8256230354309082,0.98883479431001,0.764482813457703,0.9759735443100099,0.753038313457703,1.3902369046715894,0.9740113601235775,0.7453635613382572,1.1827113162968286,0.0,0.5410837701320013,-0.24950824430934027,1.5826212606658245
2026-08-18T06:04:49.270+00:00,1787033089.270657,192901.3003717,22.624617299996316,736,192901.1938503,22.664999996777624,83.78019998781383,3,1,1,4,1,0.0,1,estabilizada,1,1,1,472.25,273.5,0.182824045419693,0.8949695825576782,0.20319744493445918,0.8298857833076306,0.1903361949344592,0.8184412833076307,-1.7751656293521163,0.19097368899360567,0.8185669368121985,-1.778699249342589,0.0,0.5410837701320013,-0.24950824430934027,1.5826212606658245
2026-08-18T06:04:49.270+00:00,1787033089.270657,192901.3003835,22.624629099998856,736,192901.1938503,22.664999996777624,83.78019998781383,10,0,0,4,1,0.0,1,estabilizada,1,1,1,,,,,,,,,,,,,nan,0.5410837701320013,-0.24950824430934027,1.5826212606658245
2026-08-18T06:04:49.421+00:00,1787033089.4214842,192901.4514474,22.77569300000323,741,192901.3615867,8.199800009606406,81.63390000117943,1,0,0,4,1,0.0,1,estabilizada,1,1,1,,,,,,,,,,,,,nan,0.5410816209274998,-0.24950367743587398,1.582623922461619
2026-08-18T06:04:49.421+00:00,1787033089.4214842,192901.4515031,22.7757486999908,741,192901.3615867,8.199800009606406,81.63390000117943,2,1,1,4,1,0.0,1,estabilizada,1,1,1,967.5,301.25,1.0146785974502563,0.8266474008560181,0.9877462812618653,0.7654492882332643,0.9748850312618653,0.7540047882332643,1.3259816189507327,0.9740113601235775,0.7453635613382572,1.2424090138660349,0.0,0.5410816209274998,-0.24950367743587398,1.582623922461619
2026-08-18T06:04:49.421+00:00,1787033089.4214842,192901.4515328,22.775778400013223,741,192901.3615867,8.199800009606406,81.63390000117943,3,1,1,4,1,0.0,1,estabilizada,1,1,1,472.25,273.0,0.1827601194381714,0.8959785103797913,0.20313699778326771,0.830837705012046,0.19027574778326772,0.819393205012046,-1.797023977725328,0.19097368899360567,0.8185669368121985,-1.778699249342589,0.0,0.5410816209274998,-0.24950367743587398,1.582623922461619
2026-08-18T06:04:49.421+00:00,1787033089.4214842,192901.4517774,22.776023000013083,741,192901.3615867,8.199800009606406,81.63390000117943,10,0,0,4,1,0.0,1,estabilizada,1,1,1,,,,,,,,,,,,,nan,0.5410816209274998,-0.24950367743587398,1.582623922461619
2026-08-18T06:04:49.573+00:00,1787033089.5730734,192901.6032219,22.92746750000515,745,192901.4945828,29.584100004285574,79.03150000493042,1,0,0,4,1,0.0,1,estabilizada,1,1,1,,,,,,,,,,,,,nan,0.5410770430521482,-0.24949922026174112,1.5826262334886314
2026-08-18T06:04:49.573+00:00,1787033089.5730734,192901.6032628,22.92750839999644,745,192901.4945828,29.584100004285574,79.03150000493042,2,1,1,4,1,0.0,1,estabilizada,1,1,1,968.75,297.0,1.0179295539855957,0.8351607918739319,0.9908121430164829,0.7734788868059076,0.9779508930164829,0.7620343868059076,1.290847528306233,0.975274964608851,0.7505820591457466,1.2769983787408514,0.0,0.5410770430521482,-0.24949922026174112,1.5826262334886314
2026-08-18T06:04:49.573+00:00,1787033089.5730734,192901.6032746,22.92752019999898,745,192901.4945828,29.584100004285574,79.03150000493042,3,1,1,4,1,0.0,1,estabilizada,1,1,1,472.25,273.25,0.18279121816158295,0.8954741954803467,0.20316603791234034,0.8303624178310928,0.19030478791234035,0.8189179178310928,-1.7970242843663649,0.19097368899360567,0.8185669368121985,-1.778699249342589,0.0,0.5410770430521482,-0.24949922026174112,1.5826262334886314
2026-08-18T06:04:49.573+00:00,1787033089.5730734,192901.6032847,22.927530299988575,745,192901.4945828,29.584100004285574,79.03150000493042,10,0,0,4,1,0.0,1,estabilizada,1,1,1,,,,,,,,,,,,,nan,0.5410770430521482,-0.24949922026174112,1.5826262334886314
2026-08-18T06:04:49.712+00:00,1787033089.7126062,192901.7427424,23.06698800000595,749,192901.6286894,31.265300000086427,82.75820000562817,1,0,0,4,1,0.0,1,estabilizada,1,1,1,,,,,,,,,,,,,nan,0.5410737594788259,-0.24949609608418144,1.5826268635802656
2026-08-18T06:04:49.712+00:00,1787033089.7126062,192901.7427868,23.067032399994787,749,192901.6286894,31.265300000086427,82.75820000562817,2,1,1,4,1,0.0,1,estabilizada,1,1,1,969.5,292.75,1.0203338861465454,0.8437221646308899,0.9930795709363782,0.7815535980985511,0.9802183209363782,0.7701090980985511,1.3299476453511898,0.9776224413206855,0.7611444187340206,1.2858767774321878,0.0,0.5410737594788259,-0.24949609608418144,1.5826268635802656
2026-08-18T06:04:49.712+00:00,1787033089.7126062,192901.7427995,23.06704510000418,749,192901.6286894,31.265300000086427,82.75820000562817,3,1,1,4,1,0.0,1,estabilizada,1,1,1,472.25,273.25,0.18279096484184265,0.8954744338989258,0.20316560415788576,0.8303628462784787,0.19030435415788577,0.8189183462784787,-1.7970245666825277,0.19097368899360567,0.8185669368121985,-1.778699249342589,0.0,0.5410737594788259,-0.24949609608418144,1.5826268635802656
2026-08-18T06:04:49.712+00:00,1787033089.7126062,192901.7428097,23.067055299994536,749,192901.6286894,31.265300000086427,82.75820000562817,10,0,0,4,1,0.0,1,estabilizada,1,1,1,,,,,,,,,,,,,nan,0.5410737594788259,-0.24949609608418144,1.5826268635802656
2026-08-18T06:04:49.852+00:00,1787033089.8527992,192901.8828874,23.20713299998897,754,192901.7969083,5.262399994535372,80.69120001164265,1,0,0,4,1,0.0,1,estabilizada,1,1,1,,,,,,,,,,,,,nan,0.5410725474126893,-0.24949301241364824,1.5826274996484
2026-08-18T06:04:49.852+00:00,1787033089.8527992,192901.8829305,23.207176099997014,754,192901.7969083,5.262399994535372,80.69120001164265,2,1,1,4,1,0.0,1,estabilizada,1,1,1,970.5,289.0,1.0230461359024048,0.8512961864471436,0.9956375239746382,0.7886971049074374,0.9827762739746382,0.7772526049074374,1.1280615531992833,0.9782017505909527,0.763145020699324,1.2858767774321878,0.0,0.5410725474126893,-0.24949301241364824,1.5826274996484
2026-08-18T06:04:49.852+00:00,1787033089.8527992,192901.8829426,23.207188200001838,754,192901.7969083,5.262399994535372,80.69120001164265,3,1,1,4,1,0.0,1,estabilizada,1,1,1,472.25,273.75,0.1828540861606598,0.8944661617279053,0.2032250588120545,0.8294121135102337,0.1903638088120545,0.8179676135102337,-1.8186866510949382,0.19097368899360567,0.8185669368121985,-1.778699249342589,0.0,0.5410725474126893,-0.24949301241364824,1.5826274996484
2026-08-18T06:04:49.852+00:00,1787033089.8527992,192901.8829562,23.20720179998898,754,192901.7969083,5.262399994535372,80.69120001164265,10,0,0,4,1,0.0,1,estabilizada,1,1,1,,,,,,,,,,,,,nan,0.5410725474126893,-0.24949301241364824,1.5826274996484
2026-08-18T06:04:50.000+00:00,1787033090.000613,192902.0300029,23.354248499992536,758,192901.927815,13.718700007302687,88.43179998802952,1,0,0,4,1,0.0,1,estabilizada,1,1,1,,,,,,,,,,,,,nan,0.5410745448961194,-0.249490611059213,1.582628039297271
2026-08-18T06:04:50.000+00:00,1787033090.000613,192902.0300785,23.35432410001522,758,192901.927815,13.718700007302687,88.43179998802952,2,1,1,4,1,0.0,1,estabilizada,1,1,1,971.75,283.75,1.0266005992889404,0.8619490265846252,0.9989899770768149,0.7987443032357571,0.9861287270768149,0.7872998032357571,1.2842939594402192,0.9805011563405173,0.7695357298786363,1.275760991511218,0.0,0.5410745448961194,-0.249490611059213,1.582628039297271
2026-08-18T06:04:50.000+00:00,1787033090.000613,192902.0300958,23.35434140000143,758,192901.927815,13.718700007302687,88.43179998802952,3,1,1,4,1,0.0,1,estabilizada,1,1,1,472.25,273.0,0.1827593892812729,0.8959797620773315,0.20313585374708343,0.8308397980286313,0.19027460374708344,0.8193952980286313,-1.7970260755659468,0.19097368899360567,0.8185669368121985,-1.778699249342589,0.0,0.5410745448961194,-0.249490611059213,1.582628039297271
2026-08-18T06:04:50.000+00:00,1787033090.000613,192902.0301108,23.354356399999233,758,192901.927815,13.718700007302687,88.43179998802952,10,0,0,4,1,0.0,1,estabilizada,1,1,1,,,,,,,,,,,,,nan,0.5410745448961194,-0.249490611059213,1.582628039297271
2026-08-18T06:04:50.152+00:00,1787033090.1520028,192902.1817218,23.50596740000765,762,192902.0609073,35.852699977112934,84.93800001451746,1,0,0,4,1,0.0,1,estabilizada,1,1,1,,,,,,,,,,,,,nan,0.5410759096317821,-0.24949128618557453,1.582627663963103
2026-08-18T06:04:50.152+00:00,1787033090.1520028,192902.1817597,23.5060053000052,762,192902.0609073,35.852699977112934,84.93800001451746,2,1,1,4,1,0.0,1,estabilizada,1,1,1,973.0,279.0,1.0300381183624268,0.8716307878494263,1.00223208426622,0.8078754340408867,0.98937083426622,0.7964309340408867,1.2531835083457925,0.985937806756294,0.7860446708700385,1.2638549326634627,0.0,0.5410759096317821,-0.24949128618557453,1.582627663963103
2026-08-18T06:04:50.152+00:00,1787033090.1520028,192902.1817713,23.506016900006216,762,192902.0609073,35.852699977112934,84.93800001451746,3,1,1,4,1,0.0,1,estabilizada,1,1,1,472.5,273.75,0.1832677125930786,0.8944616317749023,0.2036153524497228,0.8294079460844674,0.1907541024497228,0.8179634460844675,-1.8186884025162464,0.19097368899360567,0.8185669368121985,-1.778699249342589,0.0,0.5410759096317821,-0.24949128618557453,1.582627663963103
2026-08-18T06:04:50.152+00:00,1787033090.1520028,192902.1817814,23.50602699999581,762,192902.0609073,35.852699977112934,84.93800001451746,10,0,0,4,1,0.0,1,estabilizada,1,1,1,,,,,,,,,,,,,nan,0.5410759096317821,-0.24949128618557453,1.582627663963103
2026-08-18T06:04:50.303+00:00,1787033090.3034852,192902.3332169,23.65746250000666,767,192902.227128,23.2700000051409,82.79369998490438,1,0,0,4,1,0.0,1,estabilizada,1,1,1,,,,,,,,,,,,,nan,0.5410753075101107,-0.24949382218647695,1.5826252814141262
2026-08-18T06:04:50.303+00:00,1787033090.3034852,192902.3332585,23.65750410000328,767,192902.227128,23.2700000051409,82.79369998490438,2,1,1,4,1,0.0,1,estabilizada,1,1,1,974.5,273.25,1.034197449684143,0.8834107518196106,1.0061548085631777,0.8189852602911026,0.9932935585631777,0.8075407602911027,1.2903265231407344,0.9876217830887172,0.790550539099235,1.2638549326634627,0.0,0.5410753075101107,-0.24949382218647695,1.5826252814141262
2026-08-18T06:04:50.303+00:00,1787033090.3034852,192902.3332707,23.657516300008865,767,192902.227128,23.2700000051409,82.79369998490438,3,1,1,4,1,0.0,1,estabilizada,1,1,1,472.75,273.75,0.18368148803710938,0.8944565057754517,0.20400559389483292,0.8294028694373666,0.19114434389483292,0.8179583694373667,-1.786168993988915,0.19097368899360567,0.8185669368121985,-1.778699249342589,0.0,0.5410753075101107,-0.24949382218647695,1.5826252814141262
2026-08-18T06:04:50.303+00:00,1787033090.3034852,192902.3332805,23.657526099996176,767,192902.227128,23.2700000051409,82.79369998490438,10,0,0,4,1,0.0,1,estabilizada,1,1,1,,,,,,,,,,,,,nan,0.5410753075101107,-0.24949382218647695,1.5826252814141262
2026-08-18T06:04:50.463+00:00,1787033090.463635,192902.4930993,23.817344899987802,772,192902.3937857,12.37740000942722,86.91059998818673,1,0,0,4,1,0.0,1,estabilizada,1,1,1,,,,,,,,,,,,,nan,0.5410764690249832,-0.249497562034775,1.582622633611115
2026-08-18T06:04:50.463+00:00,1787033090.463635,192902.4931462,23.817391799995676,772,192902.3937857,12.37740000942722,86.91059998818673,2,1,1,4,1,0.0,1,estabilizada,1,1,1,975.0,268.0,1.036501407623291,0.894244909286499,1.0083277650082416,0.829202984425333,0.9954665150082416,0.817758484425333,1.290311576358874,0.9898397200037687,0.7977987178007838,1.2638549326634627,0.0,0.5410764690249832,-0.249497562034775,1.582622633611115
2026-08-18T06:04:50.463+00:00,1787033090.463635,192902.4932712,23.81751679998706,772,192902.3937857,12.37740000942722,86.91059998818673,3,1,1,4,1,0.0,1,estabilizada,1,1,1,472.5,273.5,0.18323618173599243,0.8949675559997559,0.20358571116394247,0.8298845359319298,0.19072446116394248,0.8184400359319298,-1.7755465652300988,0.19097368899360567,0.8185669368121985,-1.778699249342589,0.0,0.5410764690249832,-0.249497562034775,1.582622633611115
2026-08-18T06:04:50.463+00:00,1787033090.463635,192902.4933031,23.817548699997133,772,192902.3937857,12.37740000942722,86.91059998818673,10,0,0,4,1,0.0,1,estabilizada,1,1,1,,,,,,,,,,,,,nan,0.5410764690249832,-0.249497562034775,1.582622633611115
2026-08-18T06:04:50.602+00:00,1787033090.6024456,192902.6324316,23.956677200010745,776,192902.5291796,27.450900000985712,75.77799999853596,1,0,0,4,1,0.0,1,estabilizada,1,1,1,,,,,,,,,,,,,nan,0.5410819189523178,-0.24950206974290445,1.582619430852664
2026-08-18T06:04:50.602+00:00,1787033090.6024456,192902.632473,23.956718600005843,776,192902.5291796,27.450900000985712,75.77799999853596,2,1,1,4,1,0.0,1,estabilizada,1,1,1,975.75,264.25,1.0388388633728027,0.9020074009895325,1.0105325478274996,0.8365236527519138,0.9976712978274995,0.8250791527519138,1.295737025686249,0.9924085476602318,0.8069110455967909,1.2638549326634627,0.0,0.5410819189523178,-0.24950206974290445,1.582619430852664
2026-08-18T06:04:50.602+00:00,1787033090.6024456,192902.6324849,23.956730500009144,776,192902.5291796,27.450900000985712,75.77799999853596,3,1,1,4,1,0.0,1,estabilizada,1,1,1,472.25,273.0,0.1827591508626938,0.8959834575653076,0.20313615906781324,0.8308422774129853,0.19027490906781325,0.8193977774129854,-1.7970288110188186,0.19097368899360567,0.8185669368121985,-1.778699249342589,0.0,0.5410819189523178,-0.24950206974290445,1.582619430852664
2026-08-18T06:04:50.602+00:00,1787033090.6024456,192902.6324948,23.956740399997216,776,192902.5291796,27.450900000985712,75.77799999853596,10,0,0,4,1,0.0,1,estabilizada,1,1,1,,,,,,,,,,,,,nan,0.5410819189523178,-0.24950206974290445,1.582619430852664
2026-08-18T06:04:50.747+00:00,1787033090.7472534,192902.7768052,24.101050800003577,781,192902.6936154,3.2442999945487827,79.91980001679622,1,0,0,4,1,0.0,1,estabilizada,1,1,1,,,,,,,,,,,,,nan,0.5410837570712632,-0.24950339727716978,1.5826191303991322
2026-08-18T06:04:50.747+00:00,1787033090.7472534,192902.7768482,24.101093800010858,781,192902.6936154,3.2442999945487827,79.91980001679622,2,1,1,4,1,0.0,1,estabilizada,1,1,1,976.25,260.25,1.0408177375793457,0.9103251695632935,1.0123989870525625,0.8443683205586211,0.9995377370525624,0.8329238205586211,1.3510664653158424,0.995784477321512,0.819515659487548,1.2803167365689843,0.0,0.5410837570712632,-0.24950339727716978,1.5826191303991322
2026-08-18T06:04:50.747+00:00,1787033090.7472534,192902.7768601,24.10110570001416,781,192902.6936154,3.2442999945487827,79.91980001679622,3,1,1,4,1,0.0,1,estabilizada,1,1,1,472.25,273.0,0.18275867402553558,0.8959839940071106,0.2031358177455046,0.8308426954878737,0.1902745677455046,0.8193981954878737,-1.797029141979324,0.19097368899360567,0.8185669368121985,-1.778699249342589,0.0,0.5410837570712632,-0.24950339727716978,1.5826191303991322
2026-08-18T06:04:50.747+00:00,1787033090.7472534,192902.77687,24.10111560000223,781,192902.6936154,3.2442999945487827,79.91980001679622,10,0,0,4,1,0.0,1,estabilizada,1,1,1,,,,,,,,,,,,,nan,0.5410837570712632,-0.24950339727716978,1.5826191303991322
2026-08-18T06:04:50.886+00:00,1787033090.8862538,192902.9159161,24.24016169999959,785,192902.8272391,6.978799996431917,81.67409998713993,1,0,0,4,1,0.0,1,estabilizada,1,1,1,,,,,,,,,,,,,nan,0.5410879002270497,-0.24950434106793268,1.5826187409451367
2026-08-18T06:04:50.886+00:00,1787033090.8862538,192902.9159586,24.240204200003063,785,192902.8272391,6.978799996431917,81.67409998713993,2,1,1,4,1,0.0,1,estabilizada,1,1,1,976.75,257.5,1.0424551963806152,0.9160579442977905,1.0139435558405356,0.8497750152707599,1.0010823058405356,0.83833051527076,1.354206283422964,0.9972595123143683,0.8251082706410955,1.3013263394021723,0.0,0.5410879002270497,-0.24950434106793268,1.5826187409451367
2026-08-18T06:04:50.886+00:00,1787033090.8862538,192902.9159712,24.240216800011694,785,192902.8272391,6.978799996431917,81.67409998713993,3,1,1,4,1,0.0,1,estabilizada,1,1,1,472.25,273.0,0.18275755643844604,0.8959842324256897,0.20313500433958415,0.8308428506467411,0.19027375433958416,0.8193983506467412,-1.7970285530166965,0.19097368899360567,0.8185669368121985,-1.778699249342589,0.0,0.5410879002270497,-0.24950434106793268,1.5826187409451367
2026-08-18T06:04:50.886+00:00,1787033090.8862538,192902.9159818,24.240227400005097,785,192902.8272391,6.978799996431917,81.67409998713993,10,0,0,4,1,0.0,1,estabilizada,1,1,1,,,,,,,,,,,,,nan,0.5410879002270497,-0.24950434106793268,1.5826187409451367
2026-08-18T06:04:51.047+00:00,1787033091.0474465,192903.0774872,24.401732800004538,789,192902.9616071,27.257599984295666,88.59890000894666,1,0,0,4,1,0.0,1,estabilizada,1,1,1,,,,,,,,,,,,,nan,0.5410924470198462,-0.2495014990011352,1.5826221921551382
2026-08-18T06:04:51.047+00:00,1787033091.0474465,192903.0775276,24.40177319999202,789,192902.9616071,27.257599984295666,88.59890000894666,2,1,1,4,1,0.0,1,estabilizada,1,1,1,977.25,256.0,1.043748378753662,0.9191851019859314,1.0151635187155004,0.8527246450239293,1.0023022687155003,0.8412801450239293,1.350859769821459,0.9995055624102378,0.8327315290553629,1.3091515348781262,0.0,0.5410924470198462,-0.2495014990011352,1.5826221921551382
2026-08-18T06:04:51.047+00:00,1787033091.0474465,192903.0775399,24.40178549999837,789,192902.9616071,27.257599984295666,88.59890000894666,3,1,1,4,1,0.0,1,estabilizada,1,1,1,472.0,273.0,0.18234220147132874,0.8959898948669434,0.20274348376056478,0.8308484947531624,0.1898822337605648,0.8194039947531624,-1.7970285530166954,0.19097368899360567,0.8185669368121985,-1.778699249342589,0.0,0.5410924470198462,-0.2495014990011352,1.5826221921551382
2026-08-18T06:04:51.047+00:00,1787033091.0474465,192903.0775498,24.40179539998644,789,192902.9616071,27.257599984295666,88.59890000894666,10,0,0,4,1,0.0,1,estabilizada,1,1,1,,,,,,,,,,,,,nan,0.5410924470198462,-0.2495014990011352,1.5826221921551382
2026-08-18T06:04:51.192+00:00,1787033091.1926584,192903.2224323,24.546677900012583,794,192903.1277109,17.03869999619201,77.65729998936877,1,0,0,4,1,0.0,1,estabilizada,1,1,1,,,,,,,,,,,,,nan,0.5410960123395575,-0.24949769668871327,1.5826263214741383
2026-08-18T06:04:51.192+00:00,1787033091.1926584,192903.2224763,24.546721899998374,794,192903.1277109,17.03869999619201,77.65729998936877,2,1,1,4,1,0.0,1,estabilizada,1,1,1,977.25,254.5,1.0441668033599854,0.9223282933235168,1.0155584258943144,0.8556894805664625,1.0026971758943144,0.8442449805664626,1.3859998041930488,1.0006863854257797,0.8366682144455488,1.3202902163790948,0.0,0.5410960123395575,-0.24949769668871327,1.5826263214741383
2026-08-18T06:04:51.192+00:00,1787033091.1926584,192903.2224885,24.54673410000396,794,192903.1277109,17.03869999619201,77.65729998936877,3,1,1,4,1,0.0,1,estabilizada,1,1,1,472.0,273.0,0.1823403537273407,0.8959892392158508,0.20274189061384013,0.8308482625793798,0.18988064061384013,0.8194037625793799,-1.7970276574149098,0.19097368899360567,0.8185669368121985,-1.778699249342589,0.0,0.5410960123395575,-0.24949769668871327,1.5826263214741383
2026-08-18T06:04:51.192+00:00,1787033091.1926584,192903.2225003,24.5467459000065,794,192903.1277109,17.03869999619201,77.65729998936877,10,0,0,4,1,0.0,1,estabilizada,1,1,1,,,,,,,,,,,,,nan,0.5410960123395575,-0.24949769668871327,1.5826263214741383
2026-08-18T06:04:51.334+00:00,1787033091.3345246,192903.364301,24.68854659999488,798,192903.2719385,14.514100010273978,77.82459998270497,1,0,0,4,1,0.0,1,estabilizada,1,1,1,,,,,,,,,,,,,nan,0.541101978745638,-0.24949116839417063,1.5826326795277668
2026-08-18T06:04:51.334+00:00,1787033091.3345246,192903.3643424,24.688587999989977,798,192903.2719385,14.514100010273978,77.82459998270497,2,1,1,4,1,0.0,1,estabilizada,1,1,1,977.25,252.5,1.0447258949279785,0.9265263080596924,1.0160861776753718,0.8596494046253279,1.0032249276753717,0.8482049046253279,1.3510342717511736,1.0011301590186044,0.8385587677989182,1.337854406526125,0.0,0.541101978745638,-0.24949116839417063,1.5826326795277668
2026-08-18T06:04:51.334+00:00,1787033091.3345246,192903.3643543,24.688599899993278,798,192903.2719385,14.514100010273978,77.82459998270497,3,1,1,4,1,0.0,1,estabilizada,1,1,1,472.5,273.5,0.1832287460565567,0.8949679732322693,0.20358001982883084,0.8298857061473296,0.19071876982883085,0.8184412061473296,-1.775544715454154,0.19097368899360567,0.8185669368121985,-1.778699249342589,0.0,0.541101978745638,-0.24949116839417063,1.5826326795277668
2026-08-18T06:04:51.334+00:00,1787033091.3345246,192903.3643668,24.688612400001148,798,192903.2719385,14.514100010273978,77.82459998270497,10,0,0,4,1,0.0,1,estabilizada,1,1,1,,,,,,,,,,,,,nan,0.541101978745638,-0.24949116839417063,1.5826326795277668
2026-08-18T06:04:51.475+00:00,1787033091.4758656,192903.5058414,24.83008700000937,802,192903.3948274,30.87079999386333,80.11929999338463,1,0,0,4,1,0.0,1,estabilizada,1,1,1,,,,,,,,,,,,,nan,0.5411058887346348,-0.24948540765994495,1.5826398765676595
2026-08-18T06:04:51.475+00:00,1787033091.4758656,192903.5058827,24.830128300003707,802,192903.3948274,30.87079999386333,80.11929999338463,2,1,1,4,1,0.0,1,estabilizada,1,1,1,977.25,252.25,1.0447955131530762,0.9270499348640442,1.0161521895082977,0.8601438860560212,1.0032909395082976,0.8486993860560212,1.3820392172886609,1.0015091049613476,0.8405994383348633,1.337854406526125,0.0,0.5411058887346348,-0.24948540765994495,1.5826398765676595
2026-08-18T06:04:51.475+00:00,1787033091.4758656,192903.5058951,24.830140700010816,802,192903.3948274,30.87079999386333,80.11929999338463,3,1,1,4,1,0.0,1,estabilizada,1,1,1,472.25,273.0,0.18274934589862823,0.8959814310073853,0.20312801152734167,0.8308421551642667,0.19026676152734168,0.8193976551642668,-1.7970249462969807,0.19097368899360567,0.8185669368121985,-1.778699249342589,0.0,0.5411058887346348,-0.24948540765994495,1.5826398765676595
2026-08-18T06:04:51.475+00:00,1787033091.4758656,192903.5059081,24.83015369999339,802,192903.3948274,30.87079999386333,80.11929999338463,10,0,0,4,1,0.0,1,estabilizada,1,1,1,,,,,,,,,,,,,nan,0.5411058887346348,-0.24948540765994495,1.5826398765676595
2026-08-18T06:04:51.615+00:00,1787033091.6150234,192903.6446665,24.96891210001195,807,192903.5599528,5.5047000059857965,79.18490000884049,1,0,0,4,1,0.0,1,estabilizada,1,1,1,,,,,,,,,,,,,nan,0.5411110421696655,-0.24948164761564492,1.5826457545694428
2026-08-18T06:04:51.615+00:00,1787033091.6150234,192903.6447075,24.968953100004,807,192903.5599528,5.5047000059857965,79.18490000884049,2,1,1,4,1,0.0,1,estabilizada,1,1,1,977.0,252.25,1.044356346130371,0.9270538687705994,1.0157383959506197,0.8601480585669958,1.0028771459506196,0.8487035585669959,1.3820371167032877,1.0015091049613476,0.8405994383348633,1.3544503384126076,0.0,0.5411110421696655,-0.24948164761564492,1.5826457545694428
2026-08-18T06:04:51.615+00:00,1787033091.6150234,192903.6447196,24.968965200008824,807,192903.5599528,5.5047000059857965,79.18490000884049,3,1,1,4,1,0.0,1,estabilizada,1,1,1,472.0,273.0,0.1823331117630005,0.8959864974021912,0.20273566466744647,0.830847389200652,0.18987441466744648,0.8194028892006521,-1.797024050701835,0.19097368899360567,0.8185669368121985,-1.778699249342589,0.0,0.5411110421696655,-0.24948164761564492,1.5826457545694428
2026-08-18T06:04:51.615+00:00,1787033091.6150234,192903.6447296,24.968975199997658,807,192903.5599528,5.5047000059857965,79.18490000884049,10,0,0,4,1,0.0,1,estabilizada,1,1,1,,,,,,,,,,,,,nan,0.5411110421696655,-0.24948164761564492,1.5826457545694428
2026-08-18T06:04:51.762+00:00,1787033091.7620814,192903.7922212,25.11646680001286,811,192903.694309,13.785399991320446,84.10059998277575,1,0,0,4,1,0.0,1,estabilizada,1,1,1,,,,,,,,,,,,,nan,0.5411164076150109,-0.24947851929139755,1.5826509569954947
2026-08-18T06:04:51.762+00:00,1787033091.7620814,192903.792264,25.116509599989513,811,192903.694309,13.785399991320446,84.10059998277575,2,1,1,4,1,0.0,1,estabilizada,1,1,1,977.25,252.25,1.0447946786880493,0.9270460605621338,1.0161522012067037,0.8601410922121735,1.0032909512067036,0.8486965922121735,1.3820373173440446,1.0015091049613476,0.8405994383348633,1.3544503384126076,0.0,0.5411164076150109,-0.24947851929139755,1.5826509569954947
2026-08-18T06:04:51.762+00:00,1787033091.7620814,192903.7922764,25.11652199999662,811,192903.694309,13.785399991320446,84.10059998277575,3,1,1,4,1,0.0,1,estabilizada,1,1,1,472.0,273.0,0.1823308914899826,0.8959859609603882,0.2027338087020969,0.8308472752843183,0.1898725587020969,0.8194027752843184,-1.79702256615668,0.19097368899360567,0.8185669368121985,-1.778699249342589,0.0,0.5411164076150109,-0.24947851929139755,1.5826509569954947
2026-08-18T06:04:51.762+00:00,1787033091.7620814,192903.7922867,25.11653229998774,811,192903.694309,13.785399991320446,84.10059998277575,10,0,0,4,1,0.0,1,estabilizada,1,1,1,,,,,,,,,,,,,nan,0.5411164076150109,-0.24947851929139755,1.5826509569954947
2026-08-18T06:04:51.914+00:00,1787033091.9143252,192903.9445048,25.268750399991404,816,192903.8609218,3.029800020158291,80.52959997439757,1,0,0,4,1,0.0,1,estabilizada,1,1,1,,,,,,,,,,,,,nan,0.5411249949599843,-0.24947844379575965,1.5826564116849278
2026-08-18T06:04:51.914+00:00,1787033091.9143252,192903.9445471,25.268792699993355,816,192903.8609218,3.029800020158291,80.52959997439757,2,1,1,4,1,0.0,1,estabilizada,1,1,1,977.25,252.25,1.0447947978973389,0.9270440340042114,1.01615290068599,0.8601394157811898,1.00329165068599,0.8486949157811898,1.3820373173440437,1.0015091049613476,0.8405994383348633,1.3544503384126076,0.0,0.5411249949599843,-0.24947844379575965,1.5826564116849278
2026-08-18T06:04:51.914+00:00,1787033091.9143252,192903.9445592,25.26880479999818,816,192903.8609218,3.029800020158291,80.52959997439757,3,1,1,4,1,0.0,1,estabilizada,1,1,1,472.5,273.75,0.18325109779834747,0.894460916519165,0.20360210418656116,0.8294091834530247,0.19074085418656117,0.8179646834530248,-1.7861625634152505,0.19097368899360567,0.8185669368121985,-1.778699249342589,0.0,0.5411249949599843,-0.24947844379575965,1.5826564116849278
2026-08-18T06:04:51.914+00:00,1787033091.9143252,192903.944569,25.268814600014593,816,192903.8609218,3.029800020158291,80.52959997439757,10,0,0,4,1,0.0,1,estabilizada,1,1,1,,,,,,,,,,,,,nan,0.5411249949599843,-0.24947844379575965,1.5826564116849278
2026-08-18T06:04:52.064+00:00,1787033092.0642974,192904.0940516,25.41829719999805,820,192903.9959648,8.887899981345981,89.11940001416951,1,0,0,4,1,0.0,1,estabilizada,1,1,1,,,,,,,,,,,,,nan,0.5411302938265186,-0.24948127980429496,1.5826608506246527
2026-08-18T06:04:52.064+00:00,1787033092.0642974,192904.0941699,25.418415499996627,820,192903.9959648,8.887899981345981,89.11940001416951,2,1,1,4,1,0.0,1,estabilizada,1,1,1,977.0,252.5,1.0442869663238525,0.9265220761299133,1.015674329253259,0.8596471660742908,1.002813079253259,0.8482026660742908,1.3820356180469822,1.0015091049613476,0.8405994383348633,1.3544503384126076,0.0,0.5411302938265186,-0.24948127980429496,1.5826608506246527
2026-08-18T06:04:52.064+00:00,1787033092.0642974,192904.0941859,25.418431500002043,820,192903.9959648,8.887899981345981,89.11940001416951,3,1,1,4,1,0.0,1,estabilizada,1,1,1,472.0,273.0,0.18232718110084534,0.8959853053092957,0.2027309714217883,0.8308469071366649,0.18986972142178832,0.8194024071366649,-1.7970202346926603,0.19097368899360567,0.8185669368121985,-1.778699249342589,0.0,0.5411302938265186,-0.24948127980429496,1.5826608506246527
2026-08-18T06:04:52.064+00:00,1787033092.0642974,192904.0941984,25.418444000009913,820,192903.9959648,8.887899981345981,89.11940001416951,10,0,0,4,1,0.0,1,estabilizada,1,1,1,,,,,,,,,,,,,nan,0.5411302938265186,-0.24948127980429496,1.5826608506246527
2026-08-18T06:04:52.212+00:00,1787033092.2123468,192904.2420211,25.56626670001424,824,192904.1266625,31.77010000217706,83.56430000276305,1,0,0,4,1,0.0,1,estabilizada,1,1,1,,,,,,,,,,,,,nan,0.5411321121946567,-0.2494866092621089,1.582663279846695
2026-08-18T06:04:52.212+00:00,1787033092.2123468,192904.2420622,25.566307800007053,824,192904.1266625,31.77010000217706,83.56430000276305,2,1,1,4,1,0.0,1,estabilizada,1,1,1,976.75,252.25,1.0439190864562988,0.9270515441894531,1.0153275166260245,0.8601463248929662,1.0024662666260244,0.8487018248929662,1.382033918758423,1.0015091049613476,0.8405994383348633,1.3544503384126076,0.0,0.5411321121946567,-0.2494866092621089,1.582663279846695
2026-08-18T06:04:52.212+00:00,1787033092.2123468,192904.2420742,25.566319800011115,824,192904.1266625,31.77010000217706,83.56430000276305,3,1,1,4,1,0.0,1,estabilizada,1,1,1,472.25,273.0,0.18273966014385223,0.895979106426239,0.2031200664471417,0.8308408576750976,0.1902588164471417,0.8193963576750977,-1.7970194121045129,0.19097368899360567,0.8185669368121985,-1.778699249342589,0.0,0.5411321121946567,-0.2494866092621089,1.582663279846695
2026-08-18T06:04:52.212+00:00,1787033092.2123468,192904.2420841,25.566329699999187,824,192904.1266625,31.77010000217706,83.56430000276305,10,0,0,4,1,0.0,1,estabilizada,1,1,1,,,,,,,,,,,,,nan,0.5411321121946567,-0.2494866092621089,1.582663279846695
