wall_time_iso,t_wall,t_perf,session_elapsed_s,cycle_id,robot_id,state,previous_state,x,y,yaw,pose_age_ms,waypoint_x,waypoint_y,final_goal_x,final_goal_y,distance_error,desired_heading,angle_error,u_att_x,u_att_y,u_rep_x,u_rep_y,u_res_x,u_res_y,repulsion_norm,align_factor,linear_cmd,angular_cmd,left_cmd,right_cmd,controller_mode,avoid_enabled,requested_delay_ms,jitter_ms
2026-08-18T02:40:24.146+00:00,1787020824.1463387,180636.5299251,0.26434530000551604,1,2,ORIENT,ORIENT,0.6047932532303493,1.0034205774333569,1.5107515221915593,365.3244972229004,0.6,0.2,0.6,0.2,0.8034348757179258,-1.5767623132360864,-3.0875138354276457,-0.005965950898826122,-0.9999821782112122,0.0,0.0,-0.005965950898826122,-0.9999821782112122,0.0,0.0,0,-35.0,35,-35,apf_fsm,1,0.0,0.0
2026-08-18T02:40:24.148+00:00,1787020824.1484444,180636.5316784,0.2660985999973491,1,3,ORIENT,ORIENT,1.0142074277051276,0.5928358600549054,-1.3594194472909469,367.4302101135254,0.2,0.6,0.2,0.6,0.8142389454155049,3.13279396845244,-1.7909718914361994,-0.999961256980896,0.008798571303486824,0.0,0.0,-0.999961256980896,0.008798571303486824,0.0,0.0,0,-35.0,35,-35,apf_fsm,1,0.0,0.0
2026-08-18T02:40:24.276+00:00,1787020824.2760732,180636.6590335,0.39345370000228286,2,2,ORIENT,ORIENT,0.6047932532303493,1.0034205774333569,1.5107515221915593,100.40664672851562,0.6,0.2,0.6,0.2,0.8034348757179258,-1.5767623132360864,-3.0875138354276457,-0.005965950898826122,-0.9999821782112122,0.0,0.0,-0.005965950898826122,-0.9999821782112122,0.0,0.0,0,-35.0,35,-35,apf_fsm,1,0.0,0.0
2026-08-18T02:40:24.276+00:00,1787020824.2760732,180636.6597576,0.3941777999862097,2,3,ORIENT,ORIENT,1.0142074277051276,0.5928358600549054,-1.3594194472909469,100.40664672851562,0.2,0.6,0.2,0.6,0.8142389454155049,3.13279396845244,-1.7909718914361994,-0.999961256980896,0.008798571303486824,0.0,0.0,-0.999961256980896,0.008798571303486824,0.0,0.0,0,-35.0,35,-35,apf_fsm,1,0.0,0.0
2026-08-18T02:40:24.408+00:00,1787020824.4080365,180636.7915257,0.5259459000080824,3,2,ORIENT,ORIENT,0.6047932532303493,1.0034205774333569,1.5107515221915593,100.42142868041992,0.6,0.2,0.6,0.2,0.8034348757179258,-1.5767623132360864,-3.0875138354276457,-0.005965950898826122,-0.9999821782112122,0.0,0.0,-0.005965950898826122,-0.9999821782112122,0.0,0.0,0,-35.0,35,-35,apf_fsm,1,0.0,0.0
2026-08-18T02:40:24.409+00:00,1787020824.4090295,180636.7921304,0.5265505999850575,3,3,ORIENT,ORIENT,1.0142074277051276,0.5928358600549054,-1.3594194472909469,101.41444206237793,0.2,0.6,0.2,0.6,0.8142389454155049,3.13279396845244,-1.7909718914361994,-0.999961256980896,0.008798571303486824,0.0,0.0,-0.999961256980896,0.008798571303486824,0.0,0.0,0,-35.0,35,-35,apf_fsm,1,0.0,0.0
2026-08-18T02:40:24.541+00:00,1787020824.5418336,180636.9249281,0.6593482999887783,4,2,ORIENT,ORIENT,0.6047932532303493,1.0034205774333569,1.5107515221915593,102.54216194152832,0.6,0.2,0.6,0.2,0.8034348757179258,-1.5767623132360864,-3.0875138354276457,-0.005965950898826122,-0.9999821782112122,0.0,0.0,-0.005965950898826122,-0.9999821782112122,0.0,0.0,0,-35.0,35,-35,apf_fsm,1,0.0,0.0
2026-08-18T02:40:24.541+00:00,1787020824.5418336,180636.9255415,0.6599617000028957,4,3,ORIENT,ORIENT,1.0142074277051276,0.5928358600549054,-1.3901292933384708,102.54216194152832,0.2,0.6,0.2,0.6,0.8142389454155049,3.13279396845244,-1.760262045388675,-0.999961256980896,0.008798571303486824,0.0,0.0,-0.999961256980896,0.008798571303486824,0.0,0.0,0,-35.0,35,-35,apf_fsm,1,0.0,0.0
2026-08-18T02:40:24.687+00:00,1787020824.687242,180637.0706049,0.805025099980412,5,2,ORIENT,ORIENT,0.6047932532303493,1.0034205774333569,1.4986527223530797,114.67218399047852,0.6,0.2,0.6,0.2,0.8034348757179258,-1.5767623132360864,-3.075415035589166,-0.005965950898826122,-0.9999821782112122,0.0,0.0,-0.005965950898826122,-0.9999821782112122,0.0,0.0,0,-35.0,35,-35,apf_fsm,1,0.0,0.0
2026-08-18T02:40:24.688+00:00,1787020824.688242,180637.0715226,0.8059427999833133,5,3,ORIENT,ORIENT,1.013471919480303,0.5912376551078905,-1.4915401609939005,115.67211151123047,0.2,0.6,0.2,0.6,0.8135191100834552,3.1308215306681797,-1.660823615517506,-0.9999419450759888,0.010770914144814014,0.0,0.0,-0.9999419450759888,0.010770914144814014,0.0,0.0,0,-28.88136044130512,28,-28,apf_fsm,1,0.0,0.0
2026-08-18T02:40:24.828+00:00,1787020824.8289664,180637.212867,0.9472871999896597,6,2,ORIENT,ORIENT,0.6047932532303493,1.0034205774333569,1.468186652320313,111.83309555053711,0.6,0.2,0.6,0.2,0.8034348757179258,-1.5767623132360864,-3.0449489655563995,-0.005965950898826122,-0.9999821782112122,0.0,0.0,-0.005965950898826122,-0.9999821782112122,0.0,0.0,0,-35.0,35,-35,apf_fsm,1,0.0,0.0
2026-08-18T02:40:24.831+00:00,1787020824.8311396,180637.2141978,0.9486179999948945,6,3,ORIENT,ORIENT,1.013471919480303,0.5912376551078905,-1.5360029663423105,114.00628089904785,0.2,0.6,0.2,0.6,0.8135191100834552,3.1308215306681797,-1.6163608101690965,-0.9999419450759888,0.010770914144814014,0.0,0.0,-0.9999419450759888,0.010770914144814014,0.0,0.0,0,-32.136301811892594,32,-32,apf_fsm,1,0.0,0.0
2026-08-18T02:40:24.969+00:00,1787020824.9691124,180637.3524032,1.086823399993591,7,2,ORIENT,ORIENT,0.6065261019952679,1.0031850499246677,1.2326407587167658,106.34350776672363,0.6,0.2,0.6,0.2,0.8032115626842928,-1.5789214262424127,-2.8115621849591785,-0.008125009946525097,-0.9999669790267944,0.0,0.0,-0.008125009946525097,-0.9999669790267944,0.0,0.0,0,-35.0,35,-35,apf_fsm,1,0.0,0.0
2026-08-18T02:40:24.970+00:00,1787020824.970112,180637.3533151,1.087735299981432,7,3,ORIENT,ORIENT,1.013471919480303,0.5912376551078905,-1.6645852590678696,107.34319686889648,0.2,0.6,0.2,0.6,0.8135191100834552,3.1308215306681797,-1.4877785174435374,-0.9999419450759888,0.010770914144814014,0.0,0.0,-0.9999419450759888,0.010770914144814014,0.0,0.0,0,-26.0,26,-26,apf_fsm,1,0.0,0.0
2026-08-18T02:40:25.108+00:00,1787020825.1089425,180637.4920064,1.2264265999838244,8,2,ORIENT,ORIENT,0.6083415839278823,1.0027640975303869,0.943732500331469,106.81295394897461,0.6,0.2,0.6,0.2,0.802807435382983,-1.5811870312674674,-2.5249195315989366,-0.010390517301857471,-0.9999459981918335,0.0,0.0,-0.010390517301857471,-0.9999459981918335,0.0,0.0,0,-33.476745386437976,33,-33,apf_fsm,1,0.0,0.0
2026-08-18T02:40:25.108+00:00,1787020825.1089425,180637.4927336,1.2271537999913562,8,3,ORIENT,ORIENT,1.0112863349186554,0.5897915968534105,-1.8054085267904436,106.81295394897461,0.2,0.6,0.2,0.6,0.8113505584644335,3.1290103341273654,-1.3487664462617772,-0.9999209046363831,0.012581988237798214,0.0,0.0,-0.9999209046363831,0.012581988237798214,0.0,0.0,0,-26.0,26,-26,apf_fsm,1,0.0,0.0
2026-08-18T02:40:25.243+00:00,1787020825.2431924,180637.6263353,1.3607555000053253,9,2,ORIENT,ORIENT,0.6103611466436751,1.0014560536218229,0.8019927764026991,102.29229927062988,0.6,0.2,0.6,0.2,0.8015230247764802,-1.5837235095083946,-2.3857162859110934,-0.012926822528243065,-0.9999164342880249,0.0,0.0,-0.012926822528243065,-0.9999164342880249,0.0,0.0,0,-35.0,35,-35,apf_fsm,1,0.0,0.0
2026-08-18T02:40:25.243+00:00,1787020825.2431924,180637.626969,1.361389199999394,9,3,ORIENT,ORIENT,1.008738380255414,0.5886686951488688,-1.9869893542918533,102.29229927062988,0.2,0.6,0.2,0.6,0.8088177583162847,3.127582481675857,-1.1686134712118763,-0.9999018311500549,0.01400971319526434,0.0,0.0,-0.9999018311500549,0.01400971319526434,0.0,0.0,0,-26.0,26,-26,apf_fsm,1,0.0,0.0
2026-08-18T02:40:25.384+00:00,1787020825.3844528,180637.7677149,1.5021350999886636,10,2,ORIENT,ORIENT,0.6118430912414561,1.0004962178173697,0.6494998361316178,104.89869117736816,0.6,0.2,0.6,0.2,0.8005838204398509,-1.585589933785616,-2.235089769917234,-0.01479306723922491,-0.9998905658721924,0.0,0.0,-0.01479306723922491,-0.9998905658721924,0.0,0.0,0,-35.0,35,-35,apf_fsm,1,0.0,0.0
2026-08-18T02:40:25.385+00:00,1787020825.3856115,180637.7691811,1.5036013000062667,10,3,ORIENT,ORIENT,1.0066981612997596,0.5884884853017155,-2.193722262480509,106.05740547180176,0.2,0.6,0.2,0.6,0.8067802912906722,3.1273237058457295,-0.9621393388533477,-0.9998981952667236,0.014268463477492332,0.0,0.0,-0.9998981952667236,0.014268463477492332,0.0,0.0,0,-26.0,26,-26,apf_fsm,1,0.0,0.0
2026-08-18T02:40:25.524+00:00,1787020825.5241237,180637.9075181,1.6419382999883965,11,2,ORIENT,ORIENT,0.6118430912414561,1.0004962178173697,0.6494998361316178,244.5695400238037,0.6,0.2,0.6,0.2,0.8005838204398509,-1.585589933785616,-2.235089769917234,-0.01479306723922491,-0.9998905658721924,0.0,0.0,-0.01479306723922491,-0.9998905658721924,0.0,0.0,0,-35.0,35,-35,apf_fsm,1,0.0,0.0
2026-08-18T02:40:25.525+00:00,1787020825.5251338,180637.9083666,1.6427867999882437,11,3,ORIENT,ORIENT,1.0034105996527558,0.5886985658123021,-2.4026340430448987,106.85181617736816,0.2,0.6,0.2,0.6,0.8034900833545487,3.12752675805167,-0.7530245060830172,-0.9999010562896729,0.01406543143093586,0.0,0.0,-0.9999010562896729,0.01406543143093586,0.0,0.0,0,-26.0,26,-26,apf_fsm,1,0.0,0.0
2026-08-18T02:40:25.668+00:00,1787020825.6688843,180638.0527182,1.78713839998818,12,2,ORIENT,ORIENT,0.6134772301428667,0.9992566526385901,0.47410258964043694,111.62304878234863,0.6,0.2,0.6,0.2,0.7993702724766336,-1.5876569339150979,-2.061759523555535,-0.016859808936715126,-0.9998579025268555,0.0,0.0,-0.016859808936715126,-0.9998579025268555,0.0,0.0,0,-32.012280548370946,32,-32,apf_fsm,1,0.0,0.0
2026-08-18T02:40:25.670+00:00,1787020825.6700015,180638.0534624,1.7878826000087429,12,3,ORIENT,ORIENT,0.99670689150975,0.5891820525794127,-2.7791435251462797,112.74027824401855,0.2,0.6,0.2,0.6,0.7967803329434802,3.1280151601479185,-0.37602662188538805,-0.9999078512191772,0.013577076606452465,0.0,0.0,-0.9999078512191772,0.013577076606452465,0.0,0.0,0,26.0,-26,26,apf_fsm,1,0.0,0.0
2026-08-18T02:40:25.816+00:00,1787020825.8169267,180638.2002655,1.9346856999909505,13,2,ORIENT,ORIENT,0.6148330723182982,0.9979563361407319,0.28393018450894253,113.82675170898438,0.6,0.2,0.6,0.2,0.7980941889410926,-1.5893830126918698,-1.8733131972008124,-0.01858561672270298,-0.9998273253440857,0.0,0.0,-0.01858561672270298,-0.9998273253440857,0.0,0.0,0,-26.702523209104246,26,-26,apf_fsm,1,0.0,0.0
2026-08-18T02:40:25.817+00:00,1787020825.8179257,180638.2014268,1.9358469999860972,13,3,RUN,ORIENT,0.9865356008038642,0.5932362707519881,3.0964826680120843,114.82572555541992,0.2,0.6,0.2,0.6,0.7865646822513938,3.1329934722758943,0.03651080426381004,-0.9999630451202393,0.008599075488746166,0.0,0.0,-0.9999630451202393,0.008599075488746166,0.0,1.0,35.0,1.6429861918714517,33,36,apf_fsm,1,0.0,0.0
2026-08-18T02:40:25.967+00:00,1787020825.9672034,180638.3503251,2.084745300002396,14,2,ORIENT,ORIENT,0.6159344550990742,0.9958253424035879,0.06952923754717302,117.09332466125488,0.6,0.2,0.6,0.2,0.7959848506542649,-1.5908162025365917,-1.6603454400837647,-0.02001853846013546,-0.9997996091842651,0.0,0.0,-0.02001853846013546,-0.9997996091842651,0.0,0.0,0,-26.0,26,-26,apf_fsm,1,0.0,0.0
2026-08-18T02:40:25.967+00:00,1787020825.9677765,180638.3515998,2.0860199999879114,14,3,RUN,RUN,0.9855133572918953,0.5948302976418827,2.919862909690314,117.66648292541504,0.2,0.6,0.2,0.6,0.7855303687996131,3.13501144457408,0.21514853488376628,-0.9999783635139465,0.0065811616368591785,0.0,0.0,-0.9999783635139465,0.0065811616368591785,0.0,0.9879114102315858,35.0,8.403805920536133,26,43,apf_fsm,1,0.0,0.0
2026-08-18T02:40:26.095+00:00,1787020826.0954995,180638.4784183,2.2128384999814443,15,2,ORIENT,ORIENT,0.6173952279557584,0.9911242570998401,-0.3877703083596782,99.54833984375,0.6,0.2,0.6,0.2,0.7913154769922086,-1.5927807691100084,-1.2050104607503302,-0.021982671692967415,-0.9997583627700806,0.0,0.0,-0.021982671692967415,-0.9997583627700806,0.0,0.0,0,26.0,-26,26,apf_fsm,1,0.0,0.0
2026-08-18T02:40:26.095+00:00,1787020826.0954995,180638.4789547,2.2133748999913223,15,3,RUN,RUN,0.9850915007454006,0.596865156810506,2.7903054052227025,99.54833984375,0.2,0.6,0.2,0.6,0.7850977593806316,3.1375997096043684,0.34729430438166586,-0.9999920129776001,0.003992933314293623,0.0,0.0,-0.9999920129776001,0.003992933314293623,0.0,0.7080989910216937,35.0,8.098044976243145,26,43,apf_fsm,1,0.0,0.0
2026-08-18T02:40:26.235+00:00,1787020826.2355013,180638.6183373,2.3527574999898206,16,2,ORIENT,ORIENT,0.6168857730238926,0.9871586802699912,-0.7642354910928361,108.06918144226074,0.6,0.2,0.6,0.2,0.7873397724331019,-1.5922445868784074,-0.8280090957855714,-0.02144661545753479,-0.9997699856758118,0.0,0.0,-0.02144661545753479,-0.9997699856758118,0.0,0.0,0,26.0,-26,26,apf_fsm,1,0.0,0.0
2026-08-18T02:40:26.235+00:00,1787020826.2355013,180638.6191804,2.3536006000067573,16,3,RUN,RUN,0.9848369076121505,0.5987154414553244,2.6733949509868093,109.01236534118652,0.2,0.6,0.2,0.6,0.7848379588430072,3.1399559346405193,0.4665609836537099,-0.9999986290931702,0.0016367181669920683,0.0,0.0,-0.9999986290931702,0.0016367181669920683,0.0,0.4555574364562911,31.889020551940376,10.018552878030471,21,41,apf_fsm,1,0.0,0.0
2026-08-18T02:40:26.365+00:00,1787020826.36599,180638.7491506,2.483570799988229,17,2,ORIENT,ORIENT,0.6168857730238926,0.9871586802699912,-0.9233767995020228,100.40092468261719,0.6,0.2,0.6,0.2,0.7873397724331019,-1.5922445868784074,-0.6688677873763846,-0.02144661545753479,-0.9997699856758118,0.0,0.0,-0.02144661545753479,-0.9997699856758118,0.0,0.0,0,-26.0,26,-26,apf_fsm,1,0.0,0.0
2026-08-18T02:40:26.367+00:00,1787020826.3670034,180638.7498102,2.48423040000489,17,3,RUN,RUN,0.9848369076121505,0.5987154414553244,2.647026673734156,100.40092468261719,0.2,0.6,0.2,0.6,0.7848379588430072,3.1399559346405193,0.49292926090636335,-0.9999986290931702,0.0016367181669920683,0.0,0.0,-0.9999986290931702,0.0016367181669920683,0.0,0.3997238560360008,27.980669922520057,7.612685141244252,20,35,apf_fsm,1,0.0,0.0
2026-08-18T02:40:26.504+00:00,1787020826.5047386,180638.8878981,2.6223182999819983,18,2,ORIENT,ORIENT,0.6168857730238926,0.9871586802699912,-0.9233767995020228,239.1495704650879,0.6,0.2,0.6,0.2,0.7873397724331019,-1.5922445868784074,-0.6688677873763846,-0.02144661545753479,-0.9997699856758118,0.0,0.0,-0.02144661545753479,-0.9997699856758118,0.0,0.0,0,-26.0,26,-26,apf_fsm,1,0.0,0.0
2026-08-18T02:40:26.504+00:00,1787020826.5047386,180638.8885198,2.6229400000011083,18,3,RUN,RUN,0.9746133827587143,0.6072583296447305,2.646211939963578,106.75168037414551,0.2,0.6,0.2,0.6,0.7746473882342404,-3.1322226669672064,0.5047507002488016,-0.9999560713768005,-0.009369849227368832,0.0,0.0,-0.9999560713768005,-0.009369849227368832,0.0,0.3746925171326148,26.228476199283037,7.514266626011572,18,33,apf_fsm,1,0.0,0.0
2026-08-18T02:40:26.646+00:00,1787020826.6462212,180639.0293764,2.7637965999892913,19,2,ORIENT,ORIENT,0.6160140677292292,0.9848792761904693,-1.2005518600881762,109.93480682373047,0.6,0.2,0.6,0.2,0.7850426284976576,-1.5911967211308968,-0.39064486104272067,-0.020398978143930435,-0.9997918605804443,0.0,0.0,-0.020398978143930435,-0.9997918605804443,0.0,0.0,0,26.0,-26,26,apf_fsm,1,0.0,0.0
2026-08-18T02:40:26.647+00:00,1787020826.6471503,180639.0303526,2.764772800001083,19,3,RUN,RUN,0.9678102154379773,0.6111842209665928,2.686314433448154,110.86392402648926,0.2,0.6,0.2,0.6,0.7678916679646568,-3.127027296263907,0.46984357746752536,-0.9998939037322998,-0.014564841985702515,0.0,0.0,-0.9998939037322998,-0.014564841985702515,0.0,0.4486066992528446,31.40246894769912,4.0127216585296415,27,35,apf_fsm,1,0.0,0.0
2026-08-18T02:40:26.776+00:00,1787020826.77642,180639.1594701,2.893890300008934,20,2,ORIENT,ORIENT,0.6148515149198068,0.9827809312695532,-1.3311410164848243,101.1345386505127,0.6,0.2,0.6,0.2,0.7829218057090007,-1.5897668106908,-0.25862579420597576,-0.018969345837831497,-0.9998200535774231,0.0,0.0,-0.018969345837831497,-0.9998200535774231,0.0,0.0,0,26.0,-26,26,apf_fsm,1,0.0,0.0
2026-08-18T02:40:26.776+00:00,1787020826.77642,180639.1600965,2.8945167000056244,20,3,RUN,RUN,0.9531347246519833,0.6166333450249829,2.755027433932984,101.1345386505127,0.2,0.6,0.2,0.6,0.7533183799983503,-3.1195107606781267,0.40864711256847563,-0.9997561573982239,-0.02208009734749794,0.0,0.0,-0.9997561573982239,-0.02208009734749794,0.0,0.5781873203772198,35.0,1.9445948542180158,33,36,apf_fsm,1,0.0,0.0
2026-08-18T02:40:26.908+00:00,1787020826.9084342,180639.2914322,3.025852399994619,21,2,RUN,ORIENT,0.6137984338811433,0.9811015173277909,-1.4629356886361387,100.26931762695312,0.6,0.2,0.6,0.2,0.7812233849222318,-1.588459841864911,-0.1255241532287723,-0.017662597820162773,-0.9998440742492676,0.0,0.0,-0.017662597820162773,-0.9998440742492676,0.0,1.0,35.0,-5.648586895294754,40,29,apf_fsm,1,0.0,0.0
2026-08-18T02:40:26.908+00:00,1787020826.9084342,180639.2919585,3.0263786999857984,21,3,RUN,RUN,0.9493395963126757,0.6175654164686858,2.7806171510794777,100.26931762695312,0.2,0.6,0.2,0.6,0.7495454452251459,-3.1181557492368297,0.3844124068632784,-0.999725341796875,-0.023434758186340332,0.0,0.0,-0.999725341796875,-0.023434758186340332,0.0,0.6295031639186114,35.0,2.99590936895088,32,37,apf_fsm,1,0.0,0.0
2026-08-18T02:40:27.037+00:00,1787020827.037981,180639.4208383,3.155258499988122,22,2,RUN,RUN,0.612336878685305,0.9797888051177341,-1.6332804146569468,99.22456741333008,0.6,0.2,0.6,0.2,0.7798863886250609,-1.5866158020447076,0.0466646126122392,-0.015818815678358078,-0.9998748898506165,0.0,0.0,-0.015818815678358078,-0.9998748898506165,0.0,1.0,35.0,6.493252930557794,28,41,apf_fsm,1,0.0,0.0
2026-08-18T02:40:27.037+00:00,1787020827.037981,180639.4215522,3.1559723999816924,22,3,RUN,RUN,0.9422239289927041,0.6188085381018934,2.8452267453732643,99.22456741333008,0.2,0.6,0.2,0.6,0.7424622023206954,-3.116257289347569,0.32170127245875335,-0.9996791481971741,-0.025332655757665634,0.0,0.0,-0.9996791481971741,-0.025332655757665634,0.0,0.7622910261089765,35.0,1.0221230204291576,33,36,apf_fsm,1,0.0,0.0
2026-08-18T02:40:27.173+00:00,1787020827.1736052,180639.5570065,3.291426699986914,23,2,RUN,RUN,0.612336878685305,0.9797888051177341,-1.720359419237602,101.81951522827148,0.6,0.2,0.6,0.2,0.7798863886250609,-1.5866158020447076,0.1337436171928943,-0.015818815678358078,-0.9998748898506165,0.0,0.0,-0.015818815678358078,-0.9998748898506165,0.0,1.0,35.0,4.385201332251871,30,39,apf_fsm,1,0.0,0.0
2026-08-18T02:40:27.174+00:00,1787020827.1749425,180639.5580467,3.2924668999912683,23,3,RUN,RUN,0.9358608033483774,0.6192892726811428,2.885321101800851,103.15680503845215,0.2,0.6,0.2,0.6,0.7361135767971453,-3.1153854497551956,0.28247875562353997,-0.999656617641449,-0.026204204186797142,0.0,0.0,-0.999656617641449,-0.026204204186797142,0.0,0.8453428511114879,35.0,1.4519994670029313,33,36,apf_fsm,1,0.0,0.0
2026-08-18T02:40:27.317+00:00,1787020827.3173404,180639.7010574,3.435477599996375,24,2,RUN,RUN,0.612336878685305,0.9797888051177341,-1.7834533052751493,104.71439361572266,0.6,0.2,0.6,0.2,0.7798863886250609,-1.5866158020447076,0.1968375032304417,-0.015818815678358078,-0.9998748898506165,0.0,0.0,-0.015818815678358078,-0.9998748898506165,0.0,1.0,35.0,4.176661043618576,30,39,apf_fsm,1,0.0,0.0
2026-08-18T02:40:27.318+00:00,1787020827.3183455,180639.7016192,3.436039399995934,24,3,RUN,RUN,0.9247788538924431,0.6195978424080998,3.0255934138693843,105.71956634521484,0.2,0.6,0.2,0.6,0.7250437659043046,-3.1145594837572417,0.14303240955296026,-0.9996345639228821,-0.02702987566590309,0.0,0.0,-0.9996345639228821,-0.02702987566590309,0.0,1.0,35.0,-3.450298016940687,38,31,apf_fsm,1,0.0,0.0
2026-08-18T02:40:27.455+00:00,1787020827.455672,180639.8385653,3.5729854999808595,25,2,RUN,RUN,0.612336878685305,0.9797888051177341,-1.7756561311205639,107.147216796875,0.6,0.2,0.6,0.2,0.7798863886250609,-1.5866158020447076,0.18904032907585622,-0.015818815678358078,-0.9998748898506165,0.0,0.0,-0.015818815678358078,-0.9998748898506165,0.0,1.0,35.0,1.6175021953480706,33,36,apf_fsm,1,0.0,0.0
2026-08-18T02:40:27.455+00:00,1787020827.455672,180639.8391998,3.5736199999810196,25,3,RUN,RUN,0.9115372870902773,0.6188036976412806,3.0954393912246756,107.147216796875,0.2,0.6,0.2,0.6,0.7117857050860015,-3.115171942886423,0.07257397306848823,-0.9996510744094849,-0.02641763910651207,0.0,0.0,-0.9996510744094849,-0.02641763910651207,0.0,1.0,35.0,-1.7403055462716388,36,33,apf_fsm,1,0.0,0.0
2026-08-18T02:40:27.594+00:00,1787020827.5941145,180639.9775902,3.7120103999914136,26,2,RUN,RUN,0.6114034066760634,0.9779552595705789,-1.7633087190166163,106.00471496582031,0.6,0.2,0.6,0.2,0.77803883166417,-1.585453455767709,0.17785526324890744,-0.014656604267656803,-0.9998925924301147,0.0,0.0,-0.014656604267656803,-0.9998925924301147,0.0,1.0,35.0,1.387075328545867,33,36,apf_fsm,1,0.0,0.0
2026-08-18T02:40:27.595+00:00,1787020827.5951145,180639.9781816,3.7126017999835312,26,3,RUN,RUN,0.9000016804171114,0.6177600050629086,-3.1377773326662983,107.00464248657227,0.2,0.6,0.2,0.6,0.7002269420456587,-3.1162267198096223,0.021550612856676032,-0.9996782541275024,-0.025363212451338768,0.0,0.0,-0.9996782541275024,-0.025363212451338768,0.0,1.0,35.0,-1.5703114788466666,36,33,apf_fsm,1,0.0,0.0
2026-08-18T02:40:27.737+00:00,1787020827.7374063,180640.1203229,3.8547431000042707,27,2,RUN,RUN,0.6105384222999979,0.9737889313138852,-1.7192840107015832,108.45732688903809,0.6,0.2,0.6,0.2,0.773860690672719,-1.5844147320917565,0.13486927860982667,-0.01361798495054245,-0.9999073147773743,0.0,0.0,-0.01361798495054245,-0.9999073147773743,0.0,1.0,35.0,-0.15581667626956008,35,34,apf_fsm,1,0.0,0.0
2026-08-18T02:40:27.738+00:00,1787020827.7388213,180640.1224817,3.8569018999987748,27,3,RUN,RUN,0.8877062874383322,0.6166721071658515,-3.122410649369277,110.84532737731934,0.2,0.6,0.2,0.6,0.687908349229433,-3.1173543389169738,0.005056310452303148,-0.9997062683105469,-0.024235941469669342,0.0,0.0,-0.9997062683105469,-0.024235941469669342,0.0,1.0,35.0,-0.5267374796300195,35,34,apf_fsm,1,0.0,0.0
2026-08-18T02:40:27.870+00:00,1787020827.8701274,180640.2535444,3.9879646000044886,28,2,RUN,RUN,0.6098504379585643,0.968210882300669,-1.6937338531831896,104.65216636657715,0.6,0.2,0.6,0.2,0.7682740336710254,-1.5836181939128633,0.1101156592703263,-0.012821515090763569,-0.99991774559021,0.0,0.0,-0.012821515090763569,-0.99991774559021,0.0,1.0,35.0,0.23477991582074975,34,35,apf_fsm,1,0.0,0.0
2026-08-18T02:40:27.871+00:00,1787020827.8711476,180640.2543113,3.9887314999941736,28,3,RUN,RUN,0.8747618623330473,0.6159100252987998,-3.122410649369277,105.67235946655273,0.2,0.6,0.2,0.6,0.6749494053365562,-3.1180182953562885,0.004392354012988431,-0.9997220635414124,-0.023572172969579697,0.0,0.0,-0.9997220635414124,-0.023572172969579697,0.0,1.0,35.0,0.02068506475386922,34,35,apf_fsm,1,0.0,0.0
2026-08-18T02:40:28.005+00:00,1787020828.0051296,180640.3883962,4.1228163999912795,29,2,RUN,RUN,0.609004769717956,0.9578189169247648,-1.643685169534052,100.433349609375,0.6,0.2,0.6,0.2,0.7578724145439634,-1.5826782500752026,0.061006919458849396,-0.011881643906235695,-0.9999294281005859,0.0,0.0,-0.011881643906235695,-0.9999294281005859,0.0,1.0,35.0,-1.1087366988131975,36,33,apf_fsm,1,0.0,0.0
2026-08-18T02:40:28.006+00:00,1787020828.0061362,180640.3891352,4.123555400001351,29,3,RUN,RUN,0.8666120485817317,0.6156420535074897,-3.122410649369277,101.4399528503418,0.2,0.6,0.2,0.6,0.6667955437405564,-3.1181319539587773,0.004278695410499633,-0.9997247457504272,-0.02345854602754116,0.0,0.0,-0.9997247457504272,-0.02345854602754116,0.0,1.0,35.0,0.03880890301788842,34,35,apf_fsm,1,0.0,0.0
2026-08-18T02:40:28.133+00:00,1787020828.1331797,180640.5160779,4.250498100009281,30,2,RUN,RUN,0.6087228475372227,0.9509064988986113,-1.623214106733621,96.21906280517578,0.6,0.2,0.6,0.2,0.7509571613330069,-1.5824122267353247,0.04080187999829632,-0.011615638621151447,-0.9999325275421143,0.0,0.0,-0.011615638621151447,-0.9999325275421143,0.0,1.0,35.0,-0.29915758113639446,35,34,apf_fsm,1,0.0,0.0
2026-08-18T02:40:28.133+00:00,1787020828.133615,180640.5171617,4.251581899996381,30,3,RUN,RUN,0.8541821735490435,0.6151765028542375,-3.122410649369277,97.65410423278809,0.2,0.6,0.2,0.6,0.6543581912288066,-3.1183976148121437,0.004013034557133199,-0.9997310042381287,-0.023192958906292915,0.0,0.0,-0.9997310042381287,-0.023192958906292915,0.0,1.0,35.0,0.030832215703506805,34,35,apf_fsm,1,0.0,0.0
2026-08-18T02:40:28.279+00:00,1787020828.279993,180640.6637191,4.398139299999457,31,2,RUN,RUN,0.6081385331294769,0.9327889121334552,-1.5865186834147154,111.84859275817871,0.6,0.2,0.6,0.2,0.732834105010972,-1.5819021144393854,0.0046165689753299155,-0.011105559766292572,-0.9999383687973022,0.0,0.0,-0.011105559766292572,-0.9999383687973022,0.0,1.0,35.0,-1.220320196050525,36,33,apf_fsm,1,0.0,0.0
2026-08-18T02:40:28.279+00:00,1787020828.279993,180640.6648969,4.399317100003827,31,3,RUN,RUN,0.8446007552218924,0.6145771120773241,-3.122410649369277,111.84859275817871,0.2,0.6,0.2,0.6,0.6447655588112232,-3.118982335598332,0.0034283137709447686,-0.9997444152832031,-0.02260839194059372,0.0,0.0,-0.9997444152832031,-0.02260839194059372,0.0,1.0,35.0,0.013817910192852612,34,35,apf_fsm,1,0.0,0.0
2026-08-18T02:40:28.420+00:00,1787020828.4209378,180640.8039013,4.5383215000038035,32,2,RUN,RUN,0.608230658195299,0.9176371148566387,-1.5865186834147154,107.39326477050781,0.6,0.2,0.6,0.2,0.7176843124620241,-1.582264933271021,0.004253750143694335,-0.011468354612588882,-0.999934196472168,0.0,0.0,-0.011468354612588882,-0.999934196472168,0.0,1.0,35.0,0.029838842329698023,34,35,apf_fsm,1,0.0,0.0
2026-08-18T02:40:28.421+00:00,1787020828.4219382,180640.8047455,4.539165700000012,32,3,RUN,RUN,0.8305940706624646,0.613445204965899,-3.122410649369277,107.39326477050781,0.2,0.6,0.2,0.6,0.6307373902752496,-3.120274394074465,0.002136255294812095,-0.9997727274894714,-0.021316643804311752,0.0,0.0,-0.9997727274894714,-0.021316643804311752,0.0,1.0,35.0,-0.02385949371652263,35,34,apf_fsm,1,0.0,0.0
2026-08-18T02:40:28.560+00:00,1787020828.560148,180640.9437638,4.678183999989415,33,2,RUN,RUN,0.6082590139980628,0.9152376767730458,-1.5865186834147154,100.25882720947266,0.6,0.2,0.6,0.2,0.7152853595509445,-1.5823430442446373,0.004175639170078016,-0.011546461842954159,-0.9999334216117859,0.0,0.0,-0.011546461842954159,-0.9999334216117859,0.0,1.0,35.0,0.039022507624209,34,35,apf_fsm,1,0.0,0.0
2026-08-18T02:40:28.561+00:00,1787020828.5611482,180640.9445269,4.678947100008372,33,3,RUN,RUN,0.8144987656418331,0.6122721079087668,-3.1138235826768494,101.25899314880371,0.2,0.6,0.2,0.6,0.6146212960904144,-3.1216243849271055,-0.007800802250256034,-0.9998006224632263,-0.019966941326856613,0.0,0.0,-0.9998006224632263,-0.019966941326856613,0.0,1.0,35.0,-0.42580503657994484,35,34,apf_fsm,1,0.0,0.0
2026-08-18T02:40:28.696+00:00,1787020828.6963325,180641.0844413,4.818861499981722,34,2,RUN,RUN,0.6082800515662903,0.9133458206301603,-1.5865186834147154,103.22213172912598,0.6,0.2,0.6,0.2,0.7133938737222639,-1.5824031520869934,0.004115531327721911,-0.011606564745306969,-0.9999326467514038,0.0,0.0,-0.011606564745306969,-0.9999326467514038,0.0,1.0,35.0,0.039051538794755425,34,35,apf_fsm,1,0.0,0.0
2026-08-18T02:40:28.702+00:00,1787020828.7022905,180641.085264,4.819684199988842,34,3,RUN,RUN,0.8003419563215097,0.6107338366923699,-3.0976460245861084,109.18021202087402,0.2,0.6,0.2,0.6,0.6004379066731846,-3.123715022226228,-0.02606899764011983,-0.9998401999473572,-0.017876679077744484,0.0,0.0,-0.9998401999473572,-0.017876679077744484,0.0,1.0,35.0,-0.9000768150464311,35,34,apf_fsm,1,0.0,0.0
2026-08-18T02:40:28.838+00:00,1787020828.8386924,180641.2218242,4.956244400003925,35,2,RUN,RUN,0.6082447362085361,0.909521176501501,-1.5865186834147154,108.03461074829102,0.6,0.2,0.6,0.2,0.7095690773837474,-1.5824159452553543,0.004102738159361019,-0.011619357392191887,-0.9999325275421143,0.0,0.0,-0.011619357392191887,-0.9999325275421143,0.0,1.0,35.0,0.04057962070097898,34,35,apf_fsm,1,0.0,0.0
2026-08-18T02:40:28.839+00:00,1787020828.8397062,180641.222718,4.957138199999463,35,3,RUN,RUN,0.7869231935984591,0.609452099427293,-3.0883488014716853,109.04836654663086,0.2,0.6,0.2,0.6,0.5869992992903805,-3.125489554441118,-0.03714075296943253,-0.9998703598976135,-0.01610240340232849,0.0,0.0,-0.9998703598976135,-0.01610240340232849,0.0,1.0,35.0,-0.75891896622027,35,34,apf_fsm,1,0.0,0.0
2026-08-18T02:40:28.976+00:00,1787020828.9767551,180641.3599374,5.094357599999057,36,2,RUN,RUN,0.6079873662608186,0.8893750535526148,-1.5865186834147154,100.46839714050293,0.6,0.2,0.6,0.2,0.6894213243586647,-1.5823821959733348,0.00413648744138051,-0.01158560998737812,-0.9999328851699829,0.0,0.0,-0.01158560998737812,-0.9999328851699829,0.0,1.0,35.0,0.04254609928448727,34,35,apf_fsm,1,0.0,0.0
2026-08-18T02:40:28.977+00:00,1787020828.9777563,180641.3605621,5.094982299982803,36,3,RUN,RUN,0.7719099445697216,0.6078640735626466,-3.0883488014716853,101.46951675415039,0.2,0.6,0.2,0.6,0.571964009663843,-3.127842974697012,-0.039494173225326445,-0.9999054670333862,-0.013749245554208755,0.0,0.0,-0.9999054670333862,-0.013749245554208755,0.0,1.0,35.0,-0.4773114412095514,35,34,apf_fsm,1,0.0,0.0
2026-08-18T02:40:29.113+00:00,1787020829.1134255,180641.4971115,5.231531700002961,37,2,RUN,RUN,0.6080922395390214,0.8756777022443708,-1.565796574670229,105.33761978149414,0.6,0.2,0.6,0.2,0.6757261587736481,-1.5827722320013697,-0.016975657331140814,-0.01197561901062727,-0.9999282956123352,0.0,0.0,-0.01197561901062727,-0.9999282956123352,0.0,1.0,35.0,-0.9086816403496545,35,34,apf_fsm,1,0.0,0.0
2026-08-18T02:40:29.114+00:00,1787020829.114452,180641.4978883,5.232308499980718,37,3,RUN,RUN,0.7577692930991548,0.6068908389027214,-3.0883488014716853,106.36401176452637,0.2,0.6,0.2,0.6,0.5578118571571548,-3.129239000280424,-0.040890198808738454,-0.9999237060546875,-0.012353339232504368,0.0,0.0,-0.9999237060546875,-0.012353339232504368,0.0,1.0,35.0,-0.45776288350680483,35,34,apf_fsm,1,0.0,0.0
2026-08-18T02:40:29.249+00:00,1787020829.2494345,180641.6326834,5.367103600001428,38,2,RUN,RUN,0.6081439551326843,0.8724398244162808,-1.565796574670229,102.66375541687012,0.6,0.2,0.6,0.2,0.6724891385488704,-1.5829067888647608,-0.017110214194531848,-0.012110166251659393,-0.9999266862869263,0.0,0.0,-0.012110166251659393,-0.9999266862869263,0.0,1.0,35.0,-0.17581163216400464,35,34,apf_fsm,1,0.0,0.0
2026-08-18T02:40:29.250+00:00,1787020829.2504346,180641.6333094,5.367729599995073,38,3,RUN,RUN,0.7381330555491019,0.6054665843176006,-3.0883488014716853,103.66392135620117,0.2,0.6,0.2,0.6,0.5381608207763868,-3.1314345787114477,-0.04308577723976237,-0.9999483823776245,-0.010157899931073189,0.0,0.0,-0.9999483823776245,-0.010157899931073189,0.0,1.0,35.0,-0.5077030174834607,35,34,apf_fsm,1,0.0,0.0
2026-08-18T02:40:29.382+00:00,1787020829.3823142,180641.7656284,5.500048599991715,39,2,RUN,RUN,0.6081811098778936,0.8699982697401081,-1.5569157126188564,103.25503349304199,0.6,0.2,0.6,0.2,0.6700482161856509,-1.5830063634893883,-0.026090650870531862,-0.01220973301678896,-0.999925434589386,0.0,0.0,-0.01220973301678896,-0.999925434589386,0.0,1.0,35.0,-0.5752217923653191,35,34,apf_fsm,1,0.0,0.0
2026-08-18T02:40:29.383+00:00,1787020829.3837862,180641.7671438,5.501564000005601,39,3,RUN,RUN,0.7304409158730376,0.6049065311668507,-3.0795764771067637,104.72702980041504,0.2,0.6,0.2,0.6,0.5304636078755246,-3.1323430075570293,-0.05276653045026558,-0.9999572038650513,-0.00924951396882534,0.0,0.0,-0.9999572038650513,-0.00924951396882534,0.0,1.0,35.0,-0.8664916668702682,35,34,apf_fsm,1,0.0,0.0
2026-08-18T02:40:29.542+00:00,1787020829.5421555,180641.9250478,5.659467999998014,40,2,RUN,RUN,0.6083418818550782,0.8595728674418875,-1.5569157126188564,124.52340126037598,0.6,0.2,0.6,0.2,0.6596256168906706,-1.6943091632779363,-0.13739345065907993,-0.0126463882625103,-0.9999200105667114,-0.10587809979915619,0.045192018151283264,-0.11852449178695679,-0.9547280073165894,0.11511946469545364,1.0,35.0,-5.269532499189982,40,29,apf_fsm,1,0.0,0.0
2026-08-18T02:40:29.543+00:00,1787020829.5433774,180641.9269665,5.66138669999782,40,3,RUN,RUN,0.713828447605154,0.6029331913955516,-3.0795764771067637,125.74529647827148,0.2,0.6,0.2,0.6,0.5138368196033498,-3.084725160146733,-0.005148683039969182,-0.9999837875366211,-0.005708410404622555,0.10587809979915619,-0.045192018151283264,-0.8941056728363037,-0.050900429487228394,0.11511946469545364,1.0,35.0,1.6151378289606821,33,36,apf_fsm,1,0.0,0.0
2026-08-18T02:40:29.718+00:00,1787020829.7182877,180642.1019626,5.836382799985586,41,2,AVOID,RUN,0.6084216728921767,0.8481806802381336,-1.5569157126188564,145.19834518432617,0.6,0.2,0.6,0.2,0.6482353884263589,-2.3235628376491295,-0.7666471250302731,-0.012991689145565033,-0.999915599822998,-0.4237372875213623,0.5337119698524475,-0.43672898411750793,-0.46620362997055054,0.6814703345298767,0.7202406843651978,8.0,-34.499120626362284,42,-26,apf_fsm,1,0.0,0.0
2026-08-18T02:40:29.719+00:00,1787020829.7192879,180642.1027281,5.837148299993714,41,3,AVOID,RUN,0.6986292049071849,0.601977176936352,-3.0795764771067637,146.19851112365723,0.2,0.6,0.2,0.6,0.4986331248673809,-2.3908126903049074,0.6887637868018563,-0.9999921917915344,-0.003965193871408701,0.4237372875213623,-0.5337119698524475,-0.5762549042701721,-0.5376771688461304,0.6814703345298767,0.7720323211445514,8.0,30.994370406083533,-22,38,apf_fsm,1,0.0,0.0
2026-08-18T02:40:29.900+00:00,1787020829.9006312,180642.2843076,6.01872779999394,42,2,AVOID,AVOID,0.608214893453357,0.8415899913088345,-1.5569157126188564,153.3362865447998,0.6,0.2,0.6,0.2,0.6416425807426751,-2.9089236072857667,-1.3520078946669103,-0.0128029128536582,-0.9999180436134338,-0.5700548887252808,0.8618037700653076,-0.5828577876091003,-0.13811427354812622,1.033280372619629,0.21704709720489232,8.0,-35.0,43,-27,apf_fsm,1,0.0,0.0
2026-08-18T02:40:29.902+00:00,1787020829.9026334,180642.2858345,6.020254700008081,42,3,AVOID,AVOID,0.6904259241412716,0.6014995450060103,-3.0975283823004522,155.33852577209473,0.2,0.6,0.2,0.6,0.4904282166689079,-2.032137763507163,1.0653906187932893,-0.9999952912330627,-0.0030576239805668592,0.5700548887252808,-0.8618037700653076,-0.429940402507782,-0.8648613691329956,1.033280372619629,0.4841624657841911,8.0,30.0,-22,38,apf_fsm,1,0.0,0.0
2026-08-18T02:40:30.066+00:00,1787020830.0666926,180642.4501379,6.184558100008871,43,2,AVOID,AVOID,0.6079839399108474,0.8373848574862435,-1.5569157126188564,131.2263011932373,0.6,0.2,0.6,0.2,0.6374348592987827,-2.953915497776307,-1.3969997851574507,-0.012525106780230999,-0.9999215602874756,-0.5403481125831604,0.8949242234230042,-0.5528731942176819,-0.10499733686447144,1.0454020500183105,0.17292293441014223,8.0,-30.797672358795797,38,-22,apf_fsm,1,0.0,0.0
2026-08-18T02:40:30.067+00:00,1787020830.0677,180642.4512494,6.185669600003166,43,3,AVOID,AVOID,0.6677393609434288,0.6008040793113998,-3.0975283823004522,132.2336196899414,0.2,0.6,0.2,0.6,0.4677400520794709,-2.0445004754184457,1.0530279068820065,-0.9999985098838806,-0.0017190729267895222,0.5403481125831604,-0.8949242234230042,-0.4596503973007202,-0.8966432809829712,1.0454020500183105,0.49494229423199443,8.0,30.0,-22,38,apf_fsm,1,0.0,0.0
2026-08-18T02:40:30.229+00:00,1787020830.2292433,180642.6122093,6.3466294999816455,44,2,AVOID,AVOID,0.6077896085711212,0.8310479506369178,-1.5696767056146685,131.61635398864746,0.6,0.2,0.6,0.2,0.6310960259776202,-2.973939782419111,-1.4042630768044424,-0.012342984788119793,-0.9999238848686218,-0.5385974645614624,0.9066818952560425,-0.5509404540061951,-0.09324198961257935,1.0545896291732788,0.16576456326510447,8.0,-30.0,38,-22,apf_fsm,1,0.0,0.0
2026-08-18T02:40:30.230+00:00,1787020830.2302482,180642.6131558,6.347576000000117,44,3,AVOID,AVOID,0.6577582527884165,0.5998527728221922,-3.071321443496644,132.62128829956055,0.2,0.6,0.2,0.6,0.4577582764644957,-2.041675029433128,1.029646414063516,-0.9999999403953552,0.00032162648858502507,0.5385974645614624,-0.9066818952560425,-0.4614024758338928,-0.9063602685928345,1.0545896291732788,0.5151219416474764,8.0,30.0,-22,38,apf_fsm,1,0.0,0.0
2026-08-18T02:40:30.411+00:00,1787020830.4110122,180642.7944855,6.528905699989991,45,2,AVOID,AVOID,0.6057382149973233,0.8138246502378013,-1.7069102733360046,142.64154434204102,0.6,0.2,0.6,0.2,0.6138514709202175,-2.9597785079776258,-1.2528682346416211,-0.009347887709736824,-0.9999563097953796,-0.6074472665786743,0.8865619897842407,-0.6167951822280884,-0.11339432001113892,1.0747020244598389,0.31259915852637443,8.0,-30.0,38,-22,apf_fsm,1,0.0,0.0
2026-08-18T02:40:30.413+00:00,1787020830.41319,180642.7964006,6.5308207999914885,45,3,AVOID,AVOID,0.6549486474435481,0.5994637617968099,-3.0484366014482362,144.8192596435547,0.2,0.6,0.2,0.6,0.45494896346966696,-1.9881227243921846,1.0603138770560516,-0.9999992847442627,0.0011786776594817638,0.6074472665786743,-0.8865619897842407,-0.3925520181655884,-0.8853833079338074,1.0747020244598389,0.4885982454128478,8.0,30.0,-22,38,apf_fsm,1,0.0,0.0
2026-08-18T02:40:30.577+00:00,1787020830.5774431,180642.9608485,6.695268699986627,46,2,AVOID,AVOID,0.6029687433181129,0.8068306218682848,-1.8248148244041118,138.58652114868164,0.6,0.2,0.6,0.2,0.6068378836838865,-2.9500823720638696,-1.1252675476597578,-0.004892152268439531,-0.9999880194664001,-0.6352219581604004,0.8758785724639893,-0.6401141285896301,-0.12410944700241089,1.0819752216339111,0.43093510178608485,8.0,-30.0,38,-22,apf_fsm,1,0.0,0.0
2026-08-18T02:40:30.578+00:00,1787020830.5785823,180642.9622481,6.69666829999187,46,3,AVOID,AVOID,0.6529092330713728,0.5988855010411819,-3.015352812714968,139.7256851196289,0.2,0.6,0.2,0.6,0.45291060432410757,-1.966417283199637,1.0489355295153309,-0.9999969601631165,0.002460748190060258,0.6352219581604004,-0.8758785724639893,-0.36477500200271606,-0.8734177947044373,1.0819752216339111,0.4984941122405079,8.0,30.0,-22,38,apf_fsm,1,0.0,0.0
2026-08-18T02:40:30.760+00:00,1787020830.7604508,180643.1436181,6.87803829999757,47,2,AVOID,AVOID,0.6012318912952506,0.8023300226797814,-1.9641671244178147,161.45610809326172,0.6,0.2,0.6,0.2,0.6023312824165696,-2.9392620492695145,-0.9750949248516998,-0.0020452055614441633,-0.9999979138374329,-0.6583910584449768,0.8645176291465759,-0.6604362726211548,-0.13548028469085693,1.0866782665252686,0.5610894815422073,8.0,-30.0,38,-22,apf_fsm,1,0.0,0.0
2026-08-18T02:40:30.761+00:00,1787020830.761449,180643.1445874,6.8790075999859255,47,3,AVOID,AVOID,0.6529092330713728,0.5988855010411819,-2.825590564424148,162.45436668395996,0.2,0.6,0.2,0.6,0.45291060432410757,-1.9480816863346841,0.8775088780894638,-0.9999969601631165,0.002460748190060258,0.6583910584449768,-0.8645176291465759,-0.34160590171813965,-0.8620568513870239,1.0866782665252686,0.6390691697415819,8.0,30.0,-22,38,apf_fsm,1,0.0,0.0
2026-08-18T02:40:30.914+00:00,1787020830.9141068,180643.2975524,7.031972600001609,48,2,AVOID,AVOID,0.5908291501487283,0.7906872712530152,-2.408246114135362,112.7321720123291,0.6,0.2,0.6,0.2,0.590758459023083,-2.887626912776509,-0.4793807986411469,0.015523857437074184,-0.9998795390129089,-0.7358655333518982,0.8129000663757324,-0.720341682434082,-0.1869794726371765,1.0964964628219604,0.8872806870124984,24.0,12.556186430957883,18.0,36,apf_fsm,1,0.0,0.0
2026-08-18T02:40:30.915+00:00,1787020830.9150999,180643.2982784,7.032698600000003,48,3,AVOID,AVOID,0.6529092330713728,0.5988855010411819,-2.6609550727998075,113.72518539428711,0.2,0.6,0.2,0.6,0.45291060432410757,-1.8858523614100249,0.7751027113897826,-0.9999969601631165,0.002460748190060258,0.7358655333518982,-0.8129000663757324,-0.26413142681121826,-0.8104392886161804,1.0964964628219604,0.714349161477067,8.0,30.0,-22,38,apf_fsm,1,0.0,0.0
2026-08-18T02:40:31.096+00:00,1787020831.0963125,180643.4795445,7.213964700000361,49,2,AVOID,AVOID,0.5831305266146166,0.7853791457381539,-2.6705010257473885,142.0748233795166,0.6,0.2,0.6,0.2,0.5856221677817797,-2.8522910589022206,-0.1817900331548321,0.02880607359111309,-0.9995850324630737,-0.778300404548645,0.7764962911605835,-0.7494943141937256,-0.22308874130249023,1.0994080305099487,0.9835216478623797,24.0,8.597776460472696,18.0,32,apf_fsm,1,0.0,0.0
2026-08-18T02:40:31.100+00:00,1787020831.1003103,180643.4834348,7.217854999995325,49,3,AVOID,AVOID,0.6529092330713728,0.5988855010411819,-2.615722176915521,145.07746696472168,0.2,0.6,0.2,0.6,0.45291060432410757,-1.8497450977990542,0.7659770791164666,-0.9999969601631165,0.002460748190060258,0.778300404548645,-0.7764962911605835,-0.22169655561447144,-0.7740355134010315,1.0994080305099487,0.7207053497596705,8.0,30.0,-22,38,apf_fsm,1,0.0,0.0
2026-08-18T02:40:31.239+00:00,1787020831.239695,180643.6230194,7.357439599989448,50,2,AVOID,AVOID,0.5752578980976378,0.7830873206327053,-2.835952293867276,116.09673500061035,0.6,0.2,0.6,0.2,0.5836120244556087,-2.817568414822398,0.01838387904487826,0.04239477962255478,-0.999100923538208,-0.8068487048149109,0.7423502206802368,-0.7644539475440979,-0.2567507028579712,1.096398115158081,0.9998310212548155,24.0,7.189925717438645,18.0,31,apf_fsm,1,0.0,0.0
2026-08-18T02:40:31.240+00:00,1787020831.2406883,180643.6243444,7.358764600008726,50,3,AVOID,AVOID,0.6546379405209652,0.59768400072997,-2.3832648728154107,117.08998680114746,0.2,0.6,0.2,0.6,0.4546438395203035,-1.8270078935322072,0.5562569792832035,-0.999987006187439,0.005094095598906279,0.8068487048149109,-0.7423502206802368,-0.19313830137252808,-0.7372561097145081,1.096398115158081,0.8492374122125235,24.0,-1.7776337013321744,25,22,apf_fsm,1,0.0,0.0
2026-08-18T02:40:31.401+00:00,1787020831.4021423,180643.7848601,7.519280299980892,51,2,AVOID,AVOID,0.5714849520478774,0.7823726749790109,-2.9430660796620667,128.1442642211914,0.6,0.2,0.6,0.2,0.5830703564081443,-2.7990322404364605,0.1440338392256062,0.048904988914728165,-0.998803436756134,-0.8191322088241577,0.7241247892379761,-0.7702271938323975,-0.27467864751815796,1.093313455581665,0.9896450469331172,24.0,5.83808699858154,18,29,apf_fsm,1,0.0,0.0
2026-08-18T02:40:31.402+00:00,1787020831.4021423,180643.7856841,7.520104299997911,51,3,AVOID,AVOID,0.656787019024358,0.5967337006975206,-2.2840096520684865,129.133939743042,0.2,0.6,0.2,0.6,0.45679869686798863,-1.817872412689028,0.4661372393794585,-0.9999744296073914,0.007150413002818823,0.8191322088241577,-0.7241247892379761,-0.18084222078323364,-0.7169743776321411,1.093313455581665,0.8933110236525489,24.0,1.5071814971635096,22,25,apf_fsm,1,0.0,0.0
2026-08-18T02:40:31.558+00:00,1787020831.5581882,180643.9418137,7.676233899983345,52,2,AVOID,AVOID,0.5714849520478774,0.7823726749790109,-2.9846176967976183,127.93898582458496,0.6,0.2,0.6,0.2,0.5830703564081443,-2.78579519118217,0.19882250561544845,0.048904988914728165,-0.998803436756134,-0.8217968940734863,0.7115871906280518,-0.7728918790817261,-0.2872162461280823,1.087063193321228,0.980299830380919,24.0,3.9058283797989635,20,27,apf_fsm,1,0.0,0.0
2026-08-18T02:40:31.560+00:00,1787020831.5601873,180643.9430019,7.677422100008698,52,3,AVOID,AVOID,0.6634375833315855,0.5940409227370268,-2.0159317109245993,128.94320487976074,0.2,0.6,0.2,0.6,0.4634758939211902,-1.8204005003122476,0.19553121061235168,-0.9999173283576965,0.012857361696660519,0.8217968940734863,-0.7115871906280518,-0.1781204342842102,-0.6987298130989075,1.087063193321228,0.9809446002964024,24.0,-7.515898900725222,31,18.0,apf_fsm,1,0.0,0.0
2026-08-18T02:40:31.739+00:00,1787020831.7395113,180644.1227097,7.857129899988649,53,2,AVOID,AVOID,0.566364959398754,0.7804823947373446,-2.9846176967976183,150.32219886779785,0.6,0.2,0.6,0.2,0.5814560400892312,-2.759979045562524,0.2246386512350944,0.057846225798130035,-0.998325526714325,-0.836127758026123,0.686012864112854,-0.7782815098762512,-0.31231266260147095,1.0815374851226807,0.9748746626347271,24.0,3.1499516090385526,20,27,apf_fsm,1,0.0,0.0
2026-08-18T02:40:31.741+00:00,1787020831.7415044,180644.1246124,7.859032599983038,53,3,AVOID,AVOID,0.6677351997194076,0.5917593839027608,-1.7687563845924412,152.3153781890869,0.2,0.6,0.2,0.6,0.467807786179555,-1.8110067293245753,-0.04225034473213407,-0.9998448491096497,0.017615389078855515,0.836127758026123,-0.686012864112854,-0.1637170910835266,-0.6683974862098694,1.0815374851226807,0.999107586950113,24.0,-8.74485788437834,32,18.0,apf_fsm,1,0.0,0.0
2026-08-18T02:40:31.893+00:00,1787020831.8936102,180644.2763782,8.010798400006024,54,2,AVOID,AVOID,0.5609547281866751,0.7788160958515113,-2.9846176967976183,119.12274360656738,0.6,0.2,0.6,0.2,0.580131542038323,-2.7393925757768014,0.24522512102081695,0.06730417162179947,-0.9977325797080994,-0.8477349877357483,0.6657459139823914,-0.780430793762207,-0.331986665725708,1.077901840209961,0.9700826958626301,24.0,3.1727776527084584,20,27,apf_fsm,1,0.0,0.0
2026-08-18T02:40:31.893+00:00,1787020831.8936102,180644.2772892,8.011709399987012,54,3,AVOID,AVOID,0.6693916051369462,0.5905433536933222,-1.7314728925506297,120.12243270874023,0.2,0.6,0.2,0.6,0.4694868551220666,-1.8021151056979445,-0.07064221314731478,-0.9997971057891846,0.020142516121268272,0.8477349877357483,-0.6657459139823914,-0.15206211805343628,-0.6456034183502197,1.077901840209961,0.9975058763264202,24.0,-1.7001375260044727,25,22,apf_fsm,1,0.0,0.0
2026-08-18T02:40:32.129+00:00,1787020832.1296208,180644.5130289,8.247449099988444,55,2,AVOID,AVOID,0.5578958797095738,0.7776452047700076,-2.9696263459201404,199.34320449829102,0.6,0.2,0.6,0.2,0.5791776407452334,-2.7355715718377236,0.23405477408241682,0.07269638776779175,-0.9973540902137756,-0.8322811126708984,0.6708019375801086,-0.7595847249031067,-0.326552152633667,1.0689560174942017,0.9727339960770771,24.0,1.9495855979801635,22,25,apf_fsm,1,0.0,0.0
2026-08-18T02:40:32.132+00:00,1787020832.1325681,180644.5160028,8.250422999990406,55,3,AVOID,AVOID,0.6717411544247436,0.5839082309900927,-1.628304798675256,201.34305953979492,0.2,0.6,0.2,0.6,0.47201553132058904,-1.8275062697707352,-0.19920147109547925,-0.9994186758995056,0.034091610461473465,0.8322811126708984,-0.6708019375801086,-0.16713756322860718,-0.6367103457450867,1.0689560174942017,0.980224908558532,24.0,-6.49158873914055,30,18.0,apf_fsm,1,0.0,0.0
2026-08-18T02:40:32.293+00:00,1787020832.2936172,180644.6772108,8.411630999995396,56,2,AVOID,AVOID,0.5525738091385322,0.7751662771783148,-2.9292085594952297,143.8162326812744,0.6,0.2,0.6,0.2,0.5771182634285545,-2.7198332673596988,0.20937529213553097,0.08217759430408478,-0.9966176748275757,-0.8379755020141602,0.6575028896331787,-0.7557979226112366,-0.339114785194397,1.06513512134552,0.978160950411413,24.0,1.2299710532143049,22,25,apf_fsm,1,0.0,0.0
2026-08-18T02:40:32.295+00:00,1787020832.2956085,180644.6786876,8.4131078000064,56,3,AVOID,AVOID,0.6724488671049712,0.581375456807133,-1.6033432639102838,145.80750465393066,0.2,0.6,0.2,0.6,0.472815826340356,-1.8259813278545498,-0.222638063944266,-0.9992238879203796,0.039390694350004196,0.8379755020141602,-0.6575028896331787,-0.16124838590621948,-0.6181122064590454,1.06513512134552,0.9753183504788453,24.0,-3.046661389150196,27,20,apf_fsm,1,0.0,0.0
2026-08-18T02:40:32.456+00:00,1787020832.4561527,180644.8393783,8.57379850000143,57,2,AVOID,AVOID,0.542853184440681,0.7701590123359077,-2.8492917528135964,139.65320587158203,0.6,0.2,0.6,0.2,0.5730157570926201,-2.707573620099703,0.14171813271389322,0.09972991049289703,-0.995014488697052,-0.8140579462051392,0.663927435874939,-0.7143280506134033,-0.33108705282211304,1.050471305847168,0.9899747811917664,24.0,-0.950819252618389,24,23,apf_fsm,1,0.0,0.0
2026-08-18T02:40:32.457+00:00,1787020832.4571543,180644.8405257,8.574945900007151,57,3,AVOID,AVOID,0.6733930755337074,0.5688928783542003,-1.5750375908537155,140.6548023223877,0.2,0.6,0.2,0.6,0.4744140143169771,-1.868806516157748,-0.29376892530403254,-0.9978479743003845,0.06556956470012665,0.8140579462051392,-0.663927435874939,-0.18379002809524536,-0.5983578562736511,1.050471305847168,0.9571593396649872,24.0,-5.427269400632154,29,18,apf_fsm,1,0.0,0.0
2026-08-18T02:40:32.608+00:00,1787020832.6080437,180644.99137,8.7257901999983,58,2,AVOID,AVOID,0.5384317126247566,0.7680787277845261,-2.8031917201896137,118.49308013916016,0.6,0.2,0.6,0.2,0.5714053683433559,-2.701137208339607,0.10205451185000669,0.10774886608123779,-0.9941781163215637,-0.8072719573974609,0.6644669771194458,-0.6995230913162231,-0.3297111392021179,1.0455641746520996,0.9947969565198173,24.0,-0.3676816117359616,24,23,apf_fsm,1,0.0,0.0
2026-08-18T02:40:32.609+00:00,1787020832.6090417,180644.9921911,8.726611299993237,58,3,AVOID,AVOID,0.6732684389719739,0.5648641746379794,-1.5750375908537155,119.4911003112793,0.2,0.6,0.2,0.6,0.47457090255391693,-1.882105411432786,-0.30706782057907045,-0.9972555041313171,0.07403703778982162,0.8072719573974609,-0.6644669771194458,-0.1899835467338562,-0.590429961681366,1.0455641746520996,0.953223961335039,24.0,-3.5361395404170315,27,20,apf_fsm,1,0.0,0.0
2026-08-18T02:40:32.802+00:00,1787020832.802477,180645.1854492,8.919869400007883,59,2,AVOID,AVOID,0.5312116746205344,0.7644337632254501,-2.7527766372503186,156.7397117614746,0.6,0.2,0.6,0.2,0.5686099777328523,-2.6266556859090704,0.12612095134124823,0.12097629904747009,-0.9926553964614868,-0.7286500930786133,0.6487981081008911,-0.6076737642288208,-0.3438572883605957,0.975638210773468,0.9920572895850394,24.0,2.1035348956059363,21,26,apf_fsm,1,0.0,0.0
2026-08-18T02:40:32.804+00:00,1787020832.8044848,180645.1875969,8.922017100005178,59,3,AVOID,AVOID,0.6716371562888093,0.5510961833736654,-1.6218650350911739,158.74767303466797,0.2,0.6,0.2,0.6,0.4741657837432145,-2.024404483691779,-0.4025394486006053,-0.9946671724319458,0.10313653200864792,0.7286500930786133,-0.6487981081008911,-0.2660170793533325,-0.5456615686416626,0.975638210773468,0.9200691173342347,24.0,-7.366901466759773,31,18.0,apf_fsm,1,0.0,0.0
2026-08-18T02:40:32.973+00:00,1787020832.9734504,180645.3562153,9.090635500004282,60,2,AVOID,AVOID,0.5291014388011409,0.7630532063819432,-2.7527766372503186,151.9796848297119,0.6,0.2,0.6,0.2,0.5674993561203884,-2.292030665204527,0.4607459720457916,0.12493153661489487,-0.9921653866767883,-0.5758845210075378,0.4792841076850891,-0.4509529769420624,-0.5128812789916992,0.7492371201515198,0.8957210753635833,24.0,16.319335445116934,18.0,40,apf_fsm,1,0.0,0.0
2026-08-18T02:40:32.973+00:00,1787020832.9737597,180645.3573709,9.09179109998513,60,3,AVOID,AVOID,0.670437772886444,0.5441335262217194,-1.6794537662641844,152.79245376586914,0.2,0.6,0.2,0.6,0.4737433493472777,-2.4277224595238267,-0.7482686932596423,-0.9930224418640137,0.11792560666799545,0.5758845210075378,-0.4792841076850891,-0.41713792085647583,-0.36135849356651306,0.7492371201515198,0.7328678974737234,8.0,-30.0,38,-22,apf_fsm,1,0.0,0.0
2026-08-18T02:40:33.135+00:00,1787020833.135317,180645.5183241,9.252744299999904,61,2,AVOID,AVOID,0.5219520153278305,0.7592101136579171,-2.7527766372503186,126.15633010864258,0.6,0.2,0.6,0.2,0.5646303561877343,-1.9803790423834442,0.7723975948668744,0.13822846114635468,-0.9904004335403442,-0.4326816499233246,0.3121480643749237,-0.2944532036781311,-0.6782523393630981,0.533525824546814,0.7162395574954313,8.0,30.0,-22,38,apf_fsm,1,0.0,0.0
2026-08-18T02:40:33.136+00:00,1787020833.136316,180645.5196811,9.254101300000912,61,3,AVOID,AVOID,0.6677483279055861,0.5368363358177478,-1.7473130882155303,127.15530395507812,0.2,0.6,0.2,0.6,0.47199379946287434,-2.8324398069170824,-1.085126718701552,-0.9910051822662354,0.13382306694984436,0.4326816499233246,-0.3121480643749237,-0.5583235025405884,-0.17832499742507935,0.533525824546814,0.46680064039222413,8.0,-30.0,38,-22,apf_fsm,1,0.0,0.0
2026-08-18T02:40:33.302+00:00,1787020833.3029733,180645.6863667,9.420786900009261,62,2,AVOID,AVOID,0.5180336906689992,0.7571030432563369,-2.7527766372503186,130.05685806274414,0.6,0.2,0.6,0.2,0.5631005919645417,-1.7576163496932062,0.9951602875571124,0.14556246995925903,-0.9893490672111511,-0.29837310314178467,0.18093088269233704,-0.15281063318252563,-0.8084181547164917,0.34894484281539917,0.5443684398769733,8.0,30.0,-22,38,apf_fsm,1,0.0,0.0
2026-08-18T02:40:33.303+00:00,1787020833.303973,180645.6872021,9.42162229999667,62,3,AVOID,AVOID,0.6638844422778349,0.5289198153540814,-1.8335790692534675,131.056547164917,0.2,0.6,0.2,0.6,0.46929859198245616,-3.09891344789329,-1.2653343786398226,-0.9884633421897888,0.15146048367023468,0.29837310314178467,-0.18093088269233704,-0.6900902390480042,-0.029470399022102356,0.34894484281539917,0.3007337709928565,8.0,-30.295240773757918,38,-22,apf_fsm,1,0.0,0.0
2026-08-18T02:40:33.470+00:00,1787020833.4706628,180645.8535976,9.588017800007947,63,2,AVOID,AVOID,0.5155271697456283,0.7557162545854962,-2.7527766372503186,131.0281753540039,0.6,0.2,0.6,0.2,0.5620998262423819,-1.5959037534547325,1.1568728837955862,0.15028081834316254,-0.9886432886123657,-0.17323991656303406,0.0744009017944336,-0.02295909821987152,-0.9142423868179321,0.18854060769081116,0.40220452205115437,8.0,30.0,-22,38,apf_fsm,1,0.0,0.0
2026-08-18T02:40:33.471+00:00,1787020833.4716628,180645.8550178,9.589437999995425,63,3,AVOID,AVOID,0.6582682327385843,0.5202572299949085,-1.9687785298747946,132.02810287475586,0.2,0.6,0.2,0.6,0.4651544716601466,3.022652733991408,-1.291754043313384,-0.9851958155632019,0.17143286764621735,0.17323991656303406,-0.0744009017944336,-0.8119559288024902,0.09703196585178375,0.18854060769081116,0.27543510329678306,8.0,-30.0,38,-22,apf_fsm,1,0.0,0.0
2026-08-18T02:40:33.635+00:00,1787020833.63545,180646.0190797,9.753499899990857,64,2,RUN,AVOID,0.5135972980370105,0.7544897925971451,-2.735954492236983,129.2576789855957,0.6,0.2,0.6,0.2,0.5611812158304393,-1.5429514884370863,1.1930030037998969,0.1539657711982727,-0.9880761504173279,-0.1275954395532608,0.041275348514318466,0.026370331645011902,-0.9468008279800415,0.134105384349823,0.15,8.0,35.0,-27,43,apf_fsm,1,0.0,0.0
2026-08-18T02:40:33.637+00:00,1787020833.6374495,180646.0202688,9.75468899999396,64,3,RUN,AVOID,0.6539419539199378,0.5157623486788653,-2.074220848468448,130.25498390197754,0.2,0.6,0.2,0.6,0.4616917580255814,2.9780639433146576,-1.2309005153964812,-0.9832143783569336,0.18245431780815125,0.1275954395532608,-0.041275348514318466,-0.855618953704834,0.14117896556854248,0.134105384349823,0.15,8.0,-35.0,43,-27,apf_fsm,1,0.0,0.0
2026-08-18T02:40:33.799+00:00,1787020833.7998188,180646.1829211,9.917341299995314,65,2,RUN,RUN,0.5103936021128591,0.7526670142522054,-2.6983552538471214,127.9757022857666,0.6,0.2,0.6,0.2,0.5598840372655359,-1.5012556660915615,1.19709958775556,0.16004455089569092,-0.9871097207069397,-0.09256132692098618,0.01826060563325882,0.06748322397470474,-0.9688491225242615,0.09434537589550018,0.15,8.0,30.0,-22,38,apf_fsm,1,0.0,0.0
2026-08-18T02:40:33.799+00:00,1787020833.7998188,180646.1836119,9.918032099987613,65,3,RUN,RUN,0.650916281279669,0.5127210989215031,-2.1879364292241017,127.9757022857666,0.2,0.6,0.2,0.6,0.4592854224733849,2.950771451543699,-1.144477426411786,-0.9817779064178467,0.19003194570541382,0.09256132692098618,-0.01826060563325882,-0.8892166018486023,0.1717713475227356,0.09434537589550018,0.15,8.0,-30.0,38,-22,apf_fsm,1,0.0,0.0
2026-08-18T02:40:33.964+00:00,1787020833.9645386,180646.3475869,10.082007099990733,66,2,AVOID,RUN,0.5044101375553021,0.7462639752191811,-2.4535040441304226,129.87613677978516,0.6,0.2,0.6,0.2,0.5545644709359394,-1.5498926974451661,0.9036113466852564,0.17236924171447754,-0.9850324392318726,-0.15335676074028015,0.07563477009534836,0.019012480974197388,-0.9093976616859436,0.17099390923976898,0.6187770559212622,8.0,35.0,-27,43,apf_fsm,1,0.0,0.0
2026-08-18T02:40:33.965+00:00,1787020833.9655442,180646.3489566,10.083376800001133,66,3,AVOID,RUN,0.6276366326020368,0.4994619339881482,-2.5934336157955364,130.88178634643555,0.2,0.6,0.2,0.6,0.4392960189446439,2.956883420793561,-0.7328682705904885,-0.9734589457511902,0.22886177897453308,0.15335676074028015,-0.07563477009534836,-0.8201022148132324,0.15322700142860413,0.17099390923976898,0.7432585771418795,8.0,-32.97907217657199,40,-24,apf_fsm,1,0.0,0.0
2026-08-18T02:40:34.119+00:00,1787020834.1208959,180646.5035856,10.238005799998064,67,2,AVOID,AVOID,0.5002906477692929,0.7388342680673847,-2.1851090036070238,128.59678268432617,0.6,0.2,0.6,0.2,0.5479820465726788,-1.7043591558541014,0.4807498477529224,0.18195733428001404,-0.9833064675331116,-0.2848014235496521,0.21788528561592102,-0.10284408926963806,-0.7654211521148682,0.35858869552612305,0.8866484093685683,24.0,-9.99265398510247,33,18.0,apf_fsm,1,0.0,0.0
2026-08-18T02:40:34.120+00:00,1787020834.1208959,180646.5044468,10.238867000007303,67,3,AVOID,AVOID,0.6221299592665903,0.4972729148495326,-2.715991754436164,129.59647178649902,0.2,0.6,0.2,0.6,0.4344497169223667,3.114565261734412,-0.4526282910090096,-0.9716428518295288,0.2364533394575119,0.2848014235496521,-0.21788528561592102,-0.6868414282798767,0.01856805384159088,0.35858869552612305,0.8993007775627346,24.0,5.282116375261667,18,29,apf_fsm,1,0.0,0.0
2026-08-18T02:40:34.264+00:00,1787020834.2645075,180646.6473353,10.381755499984138,68,2,AVOID,AVOID,0.4980413116250436,0.7327821230364098,-2.025380472550048,106.28795623779297,0.6,0.2,0.6,0.2,0.5424503339130003,-1.967980944594948,0.05739952795510006,0.1879594922065735,-0.9821767210960388,-0.42485511302948,0.4174383580684662,-0.2368956208229065,-0.564738392829895,0.595614492893219,0.9983530993408616,24.0,-14.243265913372783,38,18.0,apf_fsm,1,0.0,0.0
2026-08-18T02:40:34.265+00:00,1787020834.265514,180646.6484717,10.38289189999341,68,3,AVOID,AVOID,0.6129784462860772,0.4947479618147567,-2.9250815004189903,107.29432106018066,0.2,0.6,0.2,0.6,0.4261797609448509,-2.8380060028245713,0.08707549759441902,-0.9690240621566772,0.24696628749370575,0.42485511302948,-0.4174383580684662,-0.5441689491271973,-0.17047207057476044,0.595614492893219,0.9962113236240885,24.0,19.760387577064193,18.0,43,apf_fsm,1,0.0,0.0
2026-08-18T02:40:34.452+00:00,1787020834.4524548,180646.8360671,10.570487299992237,69,2,AVOID,AVOID,0.4972866518446629,0.7195470065270103,-1.7157817830614936,151.74460411071777,0.6,0.2,0.6,0.2,0.5296027982181143,-2.7707731414937973,-1.0549913584323036,0.19394412636756897,-0.9810125827789307,-0.6868051290512085,0.7893851399421692,-0.4928610026836395,-0.19162744283676147,1.0463413000106812,0.4932352474932008,8.0,-35.0,43,-27,apf_fsm,1,0.0,0.0
2026-08-18T02:40:34.454+00:00,1787020834.4544551,180646.8371972,10.571617399982642,69,3,AVOID,AVOID,0.5958718463816278,0.4971708727278983,2.980610980183102,152.74381637573242,0.2,0.6,0.2,0.6,0.4090089829981014,-2.0522576711915566,1.2503166558049275,-0.9678806066513062,0.25141045451164246,0.6868051290512085,-0.7893851399421692,-0.28107547760009766,-0.5379747152328491,1.0463413000106812,0.31502184510295655,8.0,35.0,-27,43,apf_fsm,1,0.0,0.0
2026-08-18T02:40:34.609+00:00,1787020834.6092615,180646.9923846,10.726804799982347,70,2,AVOID,AVOID,0.4973465639987401,0.7175204260317082,-1.575225019415534,127.52270698547363,0.6,0.2,0.6,0.2,0.5276031835412912,-2.7805516314435237,-1.2053266120279897,0.19456562399864197,-0.9808895587921143,-0.7009161710739136,0.7896957397460938,-0.5063505172729492,-0.1911938190460205,1.05588960647583,0.3573880268083036,8.0,-30.0,38,-22,apf_fsm,1,0.0,0.0
2026-08-18T02:40:34.610+00:00,1787020834.6103315,180646.9936285,10.72804869999527,70,3,AVOID,AVOID,0.5888458925791522,0.5005548032908372,2.7385462247639913,128.59272956848145,0.2,0.6,0.2,0.6,0.4013607795041783,-2.0299162759780627,1.5147228064375327,-0.9688188433647156,0.24777008593082428,0.7009161710739136,-0.7896957397460938,-0.267902672290802,-0.5419256687164307,1.05588960647583,0.056044140211988586,3.923089814839201,35.0,-31,38,apf_fsm,1,0.0,0.0
2026-08-18T02:40:34.786+00:00,1787020834.7861402,180647.1691618,10.903581999999005,71,2,AVOID,AVOID,0.49879813135920464,0.711971050294746,-1.428933149630705,147.87864685058594,0.6,0.2,0.6,0.2,0.5218775474728667,-2.776822395653453,-1.3478892460227478,0.19391880929470062,-0.9810176491737366,-0.7230052947998047,0.7789813280105591,-0.5290864706039429,-0.2020363211631775,1.0628021955490112,0.2210657096538549,8.0,-33.923149309217216,41,-25,apf_fsm,1,0.0,0.0
2026-08-18T02:40:34.787+00:00,1787020834.7871387,180647.1702174,10.904637600004207,71,3,AVOID,AVOID,0.5888458925791522,0.5005548032908372,2.7135708191844192,148.87714385986328,0.2,0.6,0.2,0.6,0.4013607795041783,-2.0041955062436454,1.565418981751522,-0.9688188433647156,0.24777008593082428,0.7230052947998047,-0.7789813280105591,-0.2458135485649109,-0.531211256980896,1.0628021955490112,0.005377319128337472,0.37641233898362303,35.0,-34,35,apf_fsm,1,0.0,0.0
2026-08-18T02:40:34.947+00:00,1787020834.947727,180647.3309436,11.065363800007617,72,2,AVOID,AVOID,0.5016751802524976,0.7016182974784488,-1.3528575772509006,131.78730010986328,0.6,0.2,0.6,0.2,0.5111640505195534,-2.783404336656738,-1.4305467594058374,0.1923547238111496,-0.9813255071640015,-0.7637962102890015,0.7674144506454468,-0.5714414715766907,-0.2139110565185547,1.0827324390411377,0.1397902359168072,8.0,-35.0,43,-27,apf_fsm,1,0.0,0.0
2026-08-18T02:40:34.948+00:00,1787020834.9487238,180647.3318527,11.066272900003241,72,3,AVOID,AVOID,0.5826567244278673,0.5043726083653772,2.6871553994640895,132.7841281890869,0.2,0.6,0.2,0.6,0.3944246021493922,-1.9453466452582733,1.650683262457223,-0.97016441822052,0.24244782328605652,0.7637962102890015,-0.7674144506454468,-0.20636820793151855,-0.5249665975570679,1.0827324390411377,0.0,0,35.0,-35,35,apf_fsm,1,0.0,0.0
2026-08-18T02:40:35.105+00:00,1787020835.105323,180647.4888679,11.223288100009086,73,2,AVOID,AVOID,0.5020697135160882,0.6971087667897039,-1.4135910931889077,125.18811225891113,0.6,0.2,0.6,0.2,0.5066630705212304,-2.8020508441344334,-1.3884597509455257,0.19328483939170837,-0.9811426401138306,-0.7718117237091064,0.7767945528030396,-0.5785268545150757,-0.20434808731079102,1.0950356721878052,0.18132790803266002,8.0,-30.0,38,-22,apf_fsm,1,0.0,0.0
2026-08-18T02:40:35.106+00:00,1787020835.1063216,180647.489608,11.224028199998429,73,3,AVOID,AVOID,0.5739958156951129,0.507450457546299,2.7693377022285715,126.18660926818848,0.2,0.6,0.2,0.6,0.3852768977837138,-1.925788630225292,1.5880589747257225,-0.970719575881958,0.24021565914154053,0.7718117237091064,-0.7767945528030396,-0.19890785217285156,-0.536578893661499,1.0950356721878052,0.0,0,34.22184919163678,-34,34,apf_fsm,1,0.0,0.0
2026-08-18T02:40:35.259+00:00,1787020835.2599516,180647.6428648,11.377284999995027,74,2,AVOID,AVOID,0.5013213109335835,0.6915551175348863,-1.5175676389640897,117.47217178344727,0.6,0.2,0.6,0.2,0.5013620620376081,-2.8140753998454957,-1.296507760881406,0.1968211978673935,-0.9804393649101257,-0.772235631942749,0.7849404811859131,-0.5754144191741943,-0.19549888372421265,1.1011264324188232,0.2708621662023924,8.0,-30.0,38,-22,apf_fsm,1,0.0,0.0
2026-08-18T02:40:35.259+00:00,1787020835.2599516,180647.6434423,11.377862499997718,74,3,AVOID,AVOID,0.5682258166746369,0.5055676974343615,3.1065706747965036,117.47217178344727,0.2,0.6,0.2,0.6,0.38014169967730665,-1.9217348062832813,1.2548798260998009,-0.9686540961265564,0.24841342866420746,0.772235631942749,-0.7849404811859131,-0.19641846418380737,-0.5365270376205444,1.1011264324188232,0.3106877465289717,8.0,30.0,-22,38,apf_fsm,1,0.0,0.0
2026-08-18T02:40:35.430+00:00,1787020835.4307497,180647.8134948,11.547915000002831,75,2,AVOID,AVOID,0.5007299561316928,0.6891232179070244,-1.5558475339138076,131.77084922790527,0.6,0.2,0.6,0.2,0.4990952453243149,-2.8145627334786867,-1.258715199564879,0.1988999992609024,-0.980019748210907,-0.7741268873214722,0.7848972082138062,-0.575226902961731,-0.19512253999710083,1.102422833442688,0.30703990171909173,8.0,-30.0,38,-22,apf_fsm,1,0.0,0.0
2026-08-18T02:40:35.431+00:00,1787020835.431764,180647.8149734,11.549393599998439,75,3,AVOID,AVOID,0.5670203454631842,0.5040916919011004,-2.9163792228532324,133.29792022705078,0.2,0.6,0.2,0.6,0.3793446158129947,-1.9194087101334116,0.9969705127198207,-0.9675116539001465,0.2528263330459595,0.7741268873214722,-0.7848972082138062,-0.19338476657867432,-0.5320708751678467,1.102422833442688,0.5428490482243664,8.0,30.0,-22,38,apf_fsm,1,0.0,0.0
2026-08-18T02:40:35.581+00:00,1787020835.5818007,180647.9651063,11.69952649998595,76,2,AVOID,AVOID,0.4973182487204397,0.6816735338224016,-1.8099215384740757,124.66573715209961,0.6,0.2,0.6,0.2,0.4924966347405815,-2.7828189092101363,-0.9728973707360606,0.20849227905273438,-0.9780240058898926,-0.8119485378265381,0.7517257928848267,-0.6034562587738037,-0.22629821300506592,1.1065044403076172,0.5629071620033531,8.0,30.0,-22,38,apf_fsm,1,0.0,0.0
2026-08-18T02:40:35.583+00:00,1787020835.583791,180647.9665309,11.700951100006932,76,3,AVOID,AVOID,0.5692018035558897,0.502501752297741,-2.596492843607432,125.66256523132324,0.2,0.6,0.2,0.6,0.3818584555223739,-1.8732801651810442,0.7232126784263877,-0.9668551087379456,0.2553256154060364,0.8119485378265381,-0.7517257928848267,-0.15490657091140747,-0.4964001774787903,1.1065044403076172,0.7496834620707487,8.0,-30.0,38,-22,apf_fsm,1,0.0,0.0
2026-08-18T02:40:35.758+00:00,1787020835.7580361,180648.1410602,11.87548039999092,77,2,AVOID,AVOID,0.4945758542638842,0.6777302535889643,-2.0210376552853186,140.350341796875,0.6,0.2,0.6,0.2,0.4892243306483907,-2.7603168678736596,-0.739279212588341,0.21549244225025177,-0.9765055179595947,-0.834125280380249,0.7285000681877136,-0.6186328530311584,-0.2480054497718811,1.1074644327163696,0.7389543850961037,8.0,30.0,-22,38,apf_fsm,1,0.0,0.0
2026-08-18T02:40:35.758+00:00,1787020835.7584713,180648.1418117,11.876231900008861,77,3,AVOID,AVOID,0.5709732513694661,0.5013332765847908,-2.487167353658831,140.78545570373535,0.2,0.6,0.2,0.6,0.3838701284824419,-1.8443290518904014,0.6428383017684296,-0.9664029479026794,0.25703150033950806,0.834125280380249,-0.7285000681877136,-0.13227766752243042,-0.47146856784820557,1.1074644327163696,0.8003975084605405,8.0,30.0,-22,38,apf_fsm,1,0.0,0.0
2026-08-18T02:40:35.901+00:00,1787020835.9011877,180648.2843103,12.018730499985395,78,2,AVOID,AVOID,0.4885307322601363,0.6715442767114004,-2.2106171272358024,113.89565467834473,0.6,0.2,0.6,0.2,0.4845404034234288,-2.7170994086975093,-0.5064822814617069,0.23005154728889465,-0.9731784462928772,-0.8650205135345459,0.6861897706985474,-0.6349689960479736,-0.28698867559432983,1.1041362285614014,0.8744563744407164,24.0,3.0830697748151215,20,27,apf_fsm,1,0.0,0.0
2026-08-18T02:40:35.902+00:00,1787020835.9021811,180648.2849428,12.01936299999943,78,3,AVOID,AVOID,0.5755520000421499,0.49694589682548074,-2.1443445029643318,114.88914489746094,0.2,0.6,0.2,0.6,0.389434786474916,-1.802199858291969,0.34214464467236283,-0.9643514752388,0.26462480425834656,0.8650205135345459,-0.6861897706985474,-0.09933096170425415,-0.4215649664402008,1.1041362285614014,0.9420372866615794,24.0,-7.102831551638708,31,18.0,apf_fsm,1,0.0,0.0
2026-08-18T02:40:36.037+00:00,1787020836.037063,180648.4198204,12.154240600008052,79,2,AVOID,AVOID,0.4869152592207457,0.6701253057023725,-2.244262794161111,106.48083686828613,0.6,0.2,0.6,0.2,0.483534860851687,-2.7060291569988633,-0.4617663628377522,0.23387090861797333,-0.9722676277160645,-0.8709210157394409,0.6758023500442505,-0.6370500922203064,-0.29646527767181396,1.1023666858673096,0.895266926636854,24.0,-3.052606476539106,27,20,apf_fsm,1,0.0,0.0
2026-08-18T02:40:36.037+00:00,1787020836.037063,180648.4204766,12.154896799998824,79,3,AVOID,AVOID,0.5770924981811933,0.49543118304033773,-2.102000667559159,106.48083686828613,0.2,0.6,0.2,0.6,0.3913226158361878,-1.7939354057160417,0.3080652618431172,-0.9636358618736267,0.2672189474105835,0.8709210157394409,-0.6758023500442505,-0.09271484613418579,-0.408583402633667,1.1023666858673096,0.9529219957089731,24.0,1.887874219407576,22,25,apf_fsm,1,0.0,0.0
2026-08-18T02:40:36.182+00:00,1787020836.182311,180648.5654141,12.299834300007205,80,2,AVOID,AVOID,0.4823932878831599,0.6651384908854482,-2.2676178281370674,113.07382583618164,0.6,0.2,0.6,0.2,0.47977615034318394,-2.678168892251407,-0.4105510641143395,0.2451283037662506,-0.969490647315979,-0.8949077129364014,0.6447827219963074,-0.6497794389724731,-0.32470792531967163,1.1029980182647705,0.9169010242796323,24.0,-2.312975185823951,26,21,apf_fsm,1,0.0,0.0
2026-08-18T02:40:36.183+00:00,1787020836.1832979,180648.5660904,12.30051060000551,80,3,AVOID,AVOID,0.5782489157673916,0.49411275062705506,-2.0707926861264037,114.06064033508301,0.2,0.6,0.2,0.6,0.3927904681366078,-1.7502678507628557,0.3205248353635479,-0.9629788994789124,0.26957693696022034,0.8949077129364014,-0.6447827219963074,-0.06807118654251099,-0.37520578503608704,1.1029980182647705,0.9490701917003497,24.0,3.6413334268505535,20,27,apf_fsm,1,0.0,0.0
2026-08-18T02:40:36.331+00:00,1787020836.3312483,180648.7146418,12.449061999999685,81,2,AVOID,AVOID,0.4811111698013381,0.6633819960364729,-2.2492592173956694,120.32651901245117,0.6,0.2,0.6,0.2,0.4783904557960495,-2.6862811124846253,-0.43702189508895595,0.24851839244365692,-0.9686271548271179,-0.8789435029029846,0.6599565744400024,-0.6304250955581665,-0.3086705803871155,1.0991289615631104,0.9060161415900873,24.0,-5.2966980350011355,29,18,apf_fsm,1,0.0,0.0
2026-08-18T02:40:36.332+00:00,1787020836.3322523,180648.7152789,12.44969909999054,81,3,AVOID,AVOID,0.5764757250892303,0.4883124061506794,-2.0611765726581344,121.33049964904785,0.2,0.6,0.2,0.6,0.39269337937035875,-1.7800676966426014,0.2811088760155329,-0.958701491355896,0.28441426157951355,0.8789435029029846,-0.6599565744400024,-0.07975798845291138,-0.3755423128604889,1.0991289615631104,0.9607484033634074,24.0,1.431530182974804,22,25,apf_fsm,1,0.0,0.0
2026-08-18T02:40:36.490+00:00,1787020836.4904697,180648.8735941,12.608014299999923,82,2,AVOID,AVOID,0.47916174863591915,0.6592388744200862,-2.168086722401845,125.06389617919922,0.6,0.2,0.6,0.2,0.4748707474369805,-2.718855510351264,-0.5507687879494187,0.2544655501842499,-0.9670817852020264,-0.8407745957374573,0.7033250331878662,-0.5863090753555298,-0.26375675201416016,1.0961605310440063,0.8521224345203068,24.0,-9.488829129610385,33,18.0,apf_fsm,1,0.0,0.0
2026-08-18T02:40:36.491+00:00,1787020836.4914722,180648.8748838,12.60930399998324,82,3,AVOID,AVOID,0.5673718716727414,0.4776459259456686,-2.1718275458960443,126.06644630432129,0.2,0.6,0.2,0.6,0.38721132671194675,-1.8426895061687627,0.3291380397272816,-0.9487631916999817,0.31598785519599915,0.8407745957374573,-0.7033250331878662,-0.10798859596252441,-0.38733717799186707,1.0961605310440063,0.9463213042678023,24.0,4.972401127184021,19,28,apf_fsm,1,0.0,0.0
2026-08-18T02:40:36.686+00:00,1787020836.6861696,180649.0690472,12.803467399993679,83,2,AVOID,AVOID,0.47851810603241757,0.657343565900679,-2.0877007099646785,161.70001029968262,0.6,0.2,0.6,0.2,0.47320290344914373,-2.7490702980994066,-0.6613695881347281,0.256722629070282,-0.9664851427078247,-0.8072119355201721,0.7385789752006531,-0.5504893064498901,-0.22790616750717163,1.0941160917282104,0.7891517732718167,8.0,-30.0,38,-22,apf_fsm,1,0.0,0.0
2026-08-18T02:40:36.689+00:00,1787020836.6891737,180649.0724247,12.806844899983844,83,3,AVOID,AVOID,0.5600483179696509,0.4707595723736034,-2.275378672189411,164.7040843963623,0.2,0.6,0.2,0.6,0.3825413433941862,-1.8934713385877209,0.38190733360169027,-0.9412010312080383,0.33784693479537964,0.8072119355201721,-0.7385789752006531,-0.1339890956878662,-0.40073204040527344,1.0941160917282104,0.9279554777266018,24.0,5.665998621621205,18,29,apf_fsm,1,0.0,0.0
2026-08-18T02:40:36.835+00:00,1787020836.8353498,180649.2187238,12.953143999999156,84,2,AVOID,AVOID,0.47785746485620145,0.6557044927534383,-2.044819770610166,130.18560409545898,0.6,0.2,0.6,0.2,0.4717895543640433,-2.7604542182733476,-0.7156344476631817,0.2588919997215271,-0.9659062623977661,-0.7953535318374634,0.7509282231330872,-0.5364615321159363,-0.21497803926467896,1.0938374996185303,0.7546771343299841,8.0,-30.0,38,-22,apf_fsm,1,0.0,0.0
2026-08-18T02:40:36.836+00:00,1787020836.8363466,180649.2197685,12.954188700008672,84,3,AVOID,AVOID,0.5566572116298482,0.46769488961099903,-2.3098360736368777,131.18243217468262,0.2,0.6,0.2,0.6,0.3804063732939079,-1.9099448425414185,0.3998912310954592,-0.9375689625740051,0.3477994203567505,0.7953535318374634,-0.7509282231330872,-0.14221543073654175,-0.40312880277633667,1.0938374996185303,0.9211033451609161,24.0,4.628348723236505,19,28,apf_fsm,1,0.0,0.0
2026-08-18T02:40:37.004+00:00,1787020837.0041475,180649.3873299,13.121750099991914,85,2,AVOID,AVOID,0.47627288469815,0.6520010902077925,-2.0174444345013938,134.29903984069824,0.6,0.2,0.6,0.2,0.4686292613676084,-2.7933987622065435,-0.7759543277051497,0.2640191614627838,-0.9645174145698547,-0.7566462755203247,0.785702109336853,-0.4926271140575409,-0.1788153052330017,1.0907984972000122,0.7137529503944781,8.0,-30.0,38,-22,apf_fsm,1,0.0,0.0
2026-08-18T02:40:37.005+00:00,1787020837.005147,180649.3881575,13.122577700007241,85,3,AVOID,AVOID,0.548152387731616,0.45849150995881194,-2.3098360736368777,135.298490524292,0.2,0.6,0.2,0.6,0.37581210443114055,-1.9640659618180631,0.34577011181881456,-0.9264001250267029,0.37654051184654236,0.7566462755203247,-0.785702109336853,-0.16975384950637817,-0.40916159749031067,1.0907984972000122,0.9408147243111878,24.0,1.563461943505583,22,25,apf_fsm,1,0.0,0.0
2026-08-18T02:40:37.171+00:00,1787020837.171528,180649.5542045,13.288624699984211,86,2,AVOID,AVOID,0.47369306883188256,0.6480856906260488,-2.0519051721614967,134.02247428894043,0.6,0.2,0.6,0.2,0.46554723391395064,-2.796001175807529,-0.7440960036460322,0.2713085412979126,-0.9624924659729004,-0.7529081702232361,0.7890970706939697,-0.4815996289253235,-0.17339539527893066,1.0906625986099243,0.735700485982256,8.0,-30.0,38,-22,apf_fsm,1,0.0,0.0
2026-08-18T02:40:37.172+00:00,1787020837.172527,180649.5553999,13.289820100006182,86,3,AVOID,AVOID,0.5447712401958726,0.4541579692661082,-2.284764823027836,136.01946830749512,0.2,0.6,0.2,0.6,0.37434890943448135,-1.9690353950588446,0.3157294279689915,-0.9209890365600586,0.38958850502967834,0.7529081702232361,-0.7890970706939697,-0.1680808663368225,-0.3995085656642914,1.0906625986099243,0.9505701371919223,24.0,2.105870344946108,21,26,apf_fsm,1,0.0,0.0
2026-08-18T02:40:37.328+00:00,1787020837.3280246,180649.7114672,13.445887399982894,87,2,AVOID,AVOID,0.4712204873214599,0.6450097731221223,-2.1191775451404893,129.0593147277832,0.6,0.2,0.6,0.2,0.46326867049253934,-2.806079389061603,-0.6869018439211136,0.2779802083969116,-0.9605867862701416,-0.7372225522994995,0.8004505038261414,-0.4592423439025879,-0.16013628244400024,1.088217854499817,0.7732144019558791,8.0,-30.0,38,-22,apf_fsm,1,0.0,0.0
2026-08-18T02:40:37.330+00:00,1787020837.3300226,180649.7136752,13.448095400002785,87,3,AVOID,AVOID,0.5405669025661954,0.44826587097500414,-2.2413741976387613,131.0572624206543,0.2,0.6,0.2,0.6,0.3728391892418319,-1.9918582443640724,0.2495159532746889,-0.9134418368339539,0.4069693684577942,0.7372225522994995,-0.8004505038261414,-0.17621928453445435,-0.39348113536834717,1.088217854499817,0.9690320632735895,24.0,0.17768791844629783,23,24,apf_fsm,1,0.0,0.0
2026-08-18T02:40:37.480+00:00,1787020837.4807122,180649.8639684,13.598388599988539,88,2,AVOID,AVOID,0.467467990696747,0.6422375666967248,-2.2768331761217677,124.99547004699707,0.6,0.2,0.6,0.2,0.46166957760696953,-2.8073229406403404,-0.5304897645185727,0.287071168422699,-0.9579092860221863,-0.7262606620788574,0.8053776621818542,-0.43918949365615845,-0.15253162384033203,1.0844757556915283,0.8625593747507267,24.0,0.16952513390320778,23,24,apf_fsm,1,0.0,0.0
2026-08-18T02:40:37.481+00:00,1787020837.4817133,180649.8646951,13.599115299992263,88,3,AVOID,AVOID,0.5373829471705431,0.4423538070594828,-2.184396533016164,125.99658966064453,0.2,0.6,0.2,0.6,0.3723970665702407,-2.0104840402537474,0.17391249276241671,-0.9059763550758362,0.4233282506465912,0.7262606620788574,-0.8053776621818542,-0.17971569299697876,-0.38204941153526306,1.0844757556915283,0.9849153004231755,24.0,-0.9069961903053594,24,23,apf_fsm,1,0.0,0.0
2026-08-18T02:40:37.621+00:00,1787020837.621719,180650.0050702,13.73949039998115,89,2,AVOID,AVOID,0.4654434731304651,0.6407115239822734,-2.3904699991226632,106.87947273254395,0.6,0.2,0.6,0.2,0.4607950805878572,-2.8356731649977998,-0.44520316587513653,0.29200947284698486,-0.9564154744148254,-0.675329327583313,0.835349977016449,-0.3833198547363281,-0.12106549739837646,1.0741877555847168,0.9025231924165259,24.0,-1.4670007062311008,25,22,apf_fsm,1,0.0,0.0
2026-08-18T02:40:37.622+00:00,1787020837.6227517,180650.0056315,13.740051700006006,89,3,AVOID,AVOID,0.5318355268745927,0.43058558843684214,-2.1139267435545843,107.91230201721191,0.2,0.6,0.2,0.6,0.3725802728828105,-2.085577406033446,0.028349337521138107,-0.8906416893005371,0.4547058045864105,0.675329327583313,-0.835349977016449,-0.21531236171722412,-0.38064417243003845,1.0741877555847168,0.9995981844432303,24.0,-4.81121705823337,28,19,apf_fsm,1,0.0,0.0
2026-08-18T02:40:37.761+00:00,1787020837.7618868,180650.1447285,13.879148699983489,90,2,AVOID,AVOID,0.45738442057821493,0.6373108474793228,-2.6393471621935958,108.7636947631836,0.6,0.2,0.6,0.2,0.4599782395036693,-2.807820849945541,-0.16847368775194527,0.31004855036735535,-0.9507207870483398,-0.6930530071258545,0.8179160356521606,-0.38300445675849915,-0.1328047513961792,1.0720583200454712,0.9858418438775916,24.0,8.000794856792243,18.0,32,apf_fsm,1,0.0,0.0
2026-08-18T02:40:37.763+00:00,1787020837.7634876,180650.1465579,13.880978100001812,90,3,AVOID,AVOID,0.5302514085410607,0.4274658479671709,-2.094713996577802,110.36443710327148,0.2,0.6,0.2,0.6,0.37260438330894863,-2.069525495991947,0.025188500585854978,-0.8863325119018555,0.46304914355278015,0.6930530071258545,-0.8179160356521606,-0.19327950477600098,-0.3548668920993805,1.0720583200454712,0.999682786491272,24.0,0.14125571312364027,23,24,apf_fsm,1,0.0,0.0
2026-08-18T02:40:37.917+00:00,1787020837.9172425,180650.299986,14.0344061999931,91,2,AVOID,AVOID,0.4530129143427629,0.6358451377197054,-2.7291491692971657,114.1808032989502,0.6,0.2,0.6,0.2,0.45996324573156594,-2.8227622201229505,-0.09361305082578486,0.3195626735687256,-0.9475651383399963,-0.6549296379089355,0.8368632197380066,-0.33536696434020996,-0.11070191860198975,1.06267249584198,0.995621497307842,24.0,1.6839917841577656,22,25,apf_fsm,1,0.0,0.0
2026-08-18T02:40:37.920+00:00,1787020837.9202373,180650.3029213,14.03734149999218,91,3,AVOID,AVOID,0.5250894729610837,0.41753449370427226,-2.073995158792249,117.18153953552246,0.2,0.6,0.2,0.6,0.372795958156565,-2.1293305131604265,-0.05533535436817738,-0.8720305562019348,0.48945140838623047,0.6549296379089355,-0.8368632197380066,-0.21710091829299927,-0.3474118113517761,1.06267249584198,0.9984693898991377,24.0,-3.3716884670729064,27,20,apf_fsm,1,0.0,0.0
2026-08-18T02:40:38.091+00:00,1787020838.0920393,180650.4746727,14.209092899982352,92,2,AVOID,AVOID,0.4512742630502669,0.6353747050052898,-2.8100449451619105,136.0933780670166,0.6,0.2,0.6,0.2,0.460076600784787,-2.826315530052416,-0.01627058489050537,0.3232629895210266,-0.9463091492652893,-0.6441107988357544,0.8416627049446106,-0.3208478093147278,-0.10464644432067871,1.0598466396331787,0.9998676369537595,24.0,2.5442804588297285,21,26,apf_fsm,1,0.0,0.0
2026-08-18T02:40:38.093+00:00,1787020838.09304,180650.4758059,14.210226099996362,92,3,AVOID,AVOID,0.5233435276415008,0.4146151276413388,-2.073995158792249,138.0925178527832,0.2,0.6,0.2,0.6,0.3727178393464513,-2.1464335061036888,-0.07243834731143961,-0.8675289750099182,0.497386634349823,0.6441107988357544,-0.8416627049446106,-0.22341817617416382,-0.3442760705947876,1.0598466396331787,0.9973774899814902,24.0,-1.3229882261285741,25,22,apf_fsm,1,0.0,0.0
2026-08-18T02:40:38.262+00:00,1787020838.2625673,180650.645973,14.38039320000098,93,2,AVOID,AVOID,0.4453911312872434,0.6348696014148623,-2.9223664034361505,134.20343399047852,0.6,0.2,0.6,0.2,0.4615359926586003,-2.8466120550097136,0.07575434842643691,0.33498769998550415,-0.9422224760055542,-0.6005094051361084,0.8615450263023376,-0.26552170515060425,-0.08067744970321655,1.0501768589019775,0.9971320112898724,24.0,3.978416150357349,20,27,apf_fsm,1,0.0,0.0
2026-08-18T02:40:38.264+00:00,1787020838.264573,180650.6479593,14.382379499991657,93,3,AVOID,AVOID,0.5159765028366967,0.40534504591174303,-2.1165353655440216,136.20924949645996,0.2,0.6,0.2,0.6,0.3711222190815452,-2.2107137877486953,-0.09417842220467376,-0.8514082431793213,0.5245036482810974,0.6005094051361084,-0.8615450263023376,-0.2508988380432129,-0.33704137802124023,1.0501768589019775,0.9955684893167389,24.0,-1.702686843309933,25,22,apf_fsm,1,0.0,0.0
2026-08-18T02:40:38.437+00:00,1787020838.4379869,180650.8209693,14.55538949999027,94,2,AVOID,AVOID,0.4453911312872434,0.6348696014148623,-2.9881831738345954,135.0538730621338,0.6,0.2,0.6,0.2,0.4615359926586003,-2.9098124544226156,0.07837071941197982,0.33498769998550415,-0.9422224760055542,-0.5296550393104553,0.8962767124176025,-0.19466733932495117,-0.04594576358795166,1.0410794019699097,0.9969305866722946,24.0,0.8752801786137998,23,24,apf_fsm,1,0.0,0.0
2026-08-18T02:40:38.438+00:00,1787020838.4389925,180650.8221527,14.556572900008177,94,3,AVOID,AVOID,0.5070769896605809,0.3951739311638253,-2.1873802788765313,136.05952262878418,0.2,0.6,0.2,0.6,0.36912057116054353,-2.295499027085431,-0.10811874820889988,-0.8319151401519775,0.5549029111862183,0.5296550393104553,-0.8962767124176025,-0.3022601008415222,-0.3413738012313843,1.0410794019699097,0.9941608596013342,24.0,-1.5690988922369131,25,22,apf_fsm,1,0.0,0.0
2026-08-18T02:40:38.605+00:00,1787020838.6055295,180650.988484,14.722904199996265,95,2,AVOID,AVOID,0.439296761046719,0.6351529821262911,-3.09265589532384,135.4813575744629,0.6,0.2,0.6,0.2,0.46387891616614735,-2.893563102679997,0.19909279264384327,0.3464336097240448,-0.93807452917099,-0.5298081636428833,0.8916360139846802,-0.1833745539188385,-0.046438515186309814,1.0371651649475098,0.9802464087851471,24.0,6.216200489553653,18.0,30,apf_fsm,1,0.0,0.0
2026-08-18T02:40:38.606+00:00,1787020838.606525,180650.9897904,14.724210599990329,95,3,AVOID,AVOID,0.5055825664152145,0.393417795588857,-2.2000992933306174,136.4767551422119,0.2,0.6,0.2,0.6,0.368858932488121,-2.303986156961725,-0.10388686363110766,-0.828453779220581,0.560057520866394,0.5298081636428833,-0.8916360139846802,-0.29864561557769775,-0.33157849311828613,1.0371651649475098,0.9946086112715818,24.0,-0.8907526760883488,24,23,apf_fsm,1,0.0,0.0
2026-08-18T02:40:38.775+00:00,1787020838.7764897,180651.1591237,14.893543899990618,96,2,AVOID,AVOID,0.43748133743716394,0.6355687776455203,3.126476920897667,129.77123260498047,0.6,0.2,0.6,0.2,0.4649005009040383,-2.8955612779477438,0.26114710833417565,0.34957727789878845,-0.9369074702262878,-0.5219832062721252,0.8936131000518799,-0.1724059283733368,-0.04329437017440796,1.0348964929580688,0.9660944431398623,24.0,4.7833721325033896,19,28,apf_fsm,1,0.0,0.0
2026-08-18T02:40:38.777+00:00,1787020838.7775595,180651.161005,14.89542519999668,96,3,AVOID,AVOID,0.5043973249732894,0.39211744333445625,-2.213898448043849,131.83021545410156,0.2,0.6,0.2,0.6,0.36860939870911774,-2.3154369442069873,-0.10153849616313826,-0.8257991671562195,0.5639643669128418,0.5219832062721252,-0.8936131000518799,-0.30381596088409424,-0.3296487331390381,1.0348964929580688,0.9948493944376603,24.0,-0.9331921002524535,24,23,apf_fsm,1,0.0,0.0
2026-08-18T02:40:38.943+00:00,1787020838.943617,180651.3269852,15.061405399988871,97,2,AVOID,AVOID,0.43748133743716394,0.6355687776455203,3.0894140150063194,127.75874137878418,0.6,0.2,0.6,0.2,0.4649005009040383,-2.230905590789215,0.962865701384052,0.34957727789878845,-0.9369074702262878,-0.44944751262664795,0.808255136013031,-0.0998702347278595,-0.12865233421325684,0.9248132109642029,0.5711700759329502,8.0,34.188807770586195,-26,42,apf_fsm,1,0.0,0.0
2026-08-18T02:40:38.945+00:00,1787020838.945617,180651.3285584,15.062978600006318,97,3,AVOID,AVOID,0.4980031964642522,0.38627710445958,-2.257552186818849,129.7585964202881,0.2,0.6,0.2,0.6,0.36671975837292015,-2.5860144435560053,-0.32846225673715645,-0.8126183152198792,0.5827962756156921,0.44944751262664795,-0.808255136013031,-0.3631708025932312,-0.22545886039733887,0.9248132109642029,0.9465395197844426,24.0,-11.226954187462201,35,18.0,apf_fsm,1,0.0,0.0
2026-08-18T02:40:39.113+00:00,1787020839.113328,180651.4963991,15.230819299991708,98,2,AVOID,AVOID,0.43555014230033207,0.6359044281809461,3.04870418554802,127.84504890441895,0.6,0.2,0.6,0.2,0.46589314891421035,-1.499473129904828,1.7350079917267385,0.3529776334762573,-0.9356317520141602,-0.325084924697876,0.5452202558517456,0.027892708778381348,-0.39041149616241455,0.6347797513008118,0.0,0,35.0,-35,35,apf_fsm,1,0.0,0.0
2026-08-18T02:40:39.114+00:00,1787020839.1143234,180651.4971032,15.231523399997968,98,3,AVOID,AVOID,0.4891792312188412,0.3780679580861905,-2.2972325674868888,128.84044647216797,0.2,0.6,0.2,0.6,0.3645249771913482,3.0065745505292236,-0.9793781891634739,-0.7933043241500854,0.6088253259658813,0.325084924697876,-0.5452202558517456,-0.4682193994522095,0.06360507011413574,0.6347797513008118,0.5575388513115944,8.0,-32.575839526555846,40,-24,apf_fsm,1,0.0,0.0
2026-08-18T02:40:39.266+00:00,1787020839.2660842,180651.6489207,15.38334090000717,99,2,AVOID,AVOID,0.433622961454054,0.6363689255284217,2.9840755950642324,116.71638488769531,0.6,0.2,0.6,0.2,0.46701087580713624,-1.3682073381204558,1.9309023739948978,0.35625946521759033,-0.9343870878219604,-0.23469042778015137,0.34254196286201477,0.12156903743743896,-0.5918451547622681,0.41522836685180664,0.0,0,35.0,-35,35,apf_fsm,1,0.0,0.0
2026-08-18T02:40:39.266+00:00,1787020839.2660842,180651.6496885,15.384108700003708,99,3,AVOID,AVOID,0.4826192012254898,0.37185559943840424,-2.3120313949529856,116.71638488769531,0.2,0.6,0.2,0.6,0.36321272060452914,2.6577244964047626,-1.3134294158218385,-0.7781093120574951,0.6281288862228394,0.23469042778015137,-0.34254196286201477,-0.5434188842773438,0.2855869233608246,0.41522836685180664,0.2545350727958182,8.0,-35.0,43,-27,apf_fsm,1,0.0,0.0
2026-08-18T02:40:39.412+00:00,1787020839.4122803,180651.7955362,15.529956399986986,100,2,AVOID,AVOID,0.4295391131033775,0.6366926522424343,2.994617305842023,106.33277893066406,0.6,0.2,0.6,0.2,0.4687828777633786,-1.3178546606863482,1.9707133406512147,0.36362436413764954,-0.9315456748008728,-0.17718873918056488,0.21026261150836945,0.18643562495708466,-0.7212830781936646,0.2749658524990082,0.0,0,35.0,-35,35,apf_fsm,1,0.0,0.0
2026-08-18T02:40:39.413+00:00,1787020839.41377,180651.7965122,15.530932399997255,100,3,AVOID,AVOID,0.4796204834374702,0.3684525313396544,-2.3120313949529856,107.82241821289062,0.2,0.6,0.2,0.6,0.3630452382290921,2.5169527550784885,-1.4542011571481126,-0.7702082991600037,0.6377923488616943,0.17718873918056488,-0.21026261150836945,-0.5930195450782776,0.4275297522544861,0.2749658524990082,0.11633117493859989,8.0,-35.0,43,-27,apf_fsm,1,0.0,0.0
2026-08-18T02:40:39.548+00:00,1787020839.548699,180651.9314172,15.665837399981683,101,2,RUN,AVOID,0.42771019980437863,0.6364266677770242,3.0593149098133035,104.17532920837402,0.6,0.2,0.6,0.2,0.46920359290866914,-1.2625652585097913,1.961305138856492,0.367196261882782,-0.9301434755325317,-0.092045858502388,0.06591831892728806,0.2751504182815552,-0.8642251491546631,0.1132151260972023,0.15,8.0,35.0,-27,43,apf_fsm,1,0.0,0.0
2026-08-18T02:40:39.549+00:00,1787020839.5496998,180651.9330923,15.667512499989243,101,3,RUN,AVOID,0.4736359453956822,0.36272510865227525,-2.3412066163016587,106.17518424987793,0.2,0.6,0.2,0.6,0.3621822810086978,2.4154115283131237,-1.5265671625648043,-0.7555199861526489,0.6551255583763123,0.092045858502388,-0.06591831892728806,-0.6634741425514221,0.5892072319984436,0.1132151260972023,0.15,8.0,-35.0,43,-27,apf_fsm,1,0.0,0.0
2026-08-18T02:40:39.736+00:00,1787020839.7362578,180652.1190291,15.853449299989734,102,2,RUN,RUN,0.423937511266312,0.6345899800421992,-2.9383360374446466,144.09780502319336,0.6,0.2,0.6,0.2,0.46889919033005284,-1.1858811971620962,1.7524548402825504,0.3754804730415344,-0.9268302917480469,0.0,0.0,0.3754804730415344,-0.9268302917480469,0.0,0.15,8.0,30.0,-22,38,apf_fsm,1,0.0,0.0
2026-08-18T02:40:39.737+00:00,1787020839.7372699,180652.1203457,15.854765900003258,102,3,RUN,RUN,0.4594844354581625,0.3542322984753992,-2.5151982595204365,146.2268829345703,0.2,0.6,0.2,0.6,0.3573988463295965,2.3833361368010744,-1.3846509108580758,-0.726036012172699,0.6876566410064697,0.0,0.0,-0.726036012172699,0.6876566410064697,0.0,0.15,8.0,-30.0,38,-22,apf_fsm,1,0.0,0.0
2026-08-18T02:40:39.901+00:00,1787020839.901517,180652.2843524,16.018772599985823,103,2,RUN,RUN,0.423937511266312,0.6345899800421992,-2.823653233518907,128.4322738647461,0.6,0.2,0.6,0.2,0.46889919033005284,-1.1858811971620962,1.637772036356811,0.3754804730415344,-0.9268302917480469,0.0,0.0,0.3754804730415344,-0.9268302917480469,0.0,0.15,8.0,30.0,-22,38,apf_fsm,1,0.0,0.0
2026-08-18T02:40:39.903+00:00,1787020839.903114,180652.2863566,16.020776799996383,103,3,RUN,RUN,0.4497128116290915,0.3507673056020203,-2.713744569024729,130.02943992614746,0.2,0.6,0.2,0.6,0.35280791409573403,2.3571567450562867,-1.2122839930985707,-0.7077868580818176,0.7064260244369507,0.0,0.0,-0.7077868580818176,0.7064260244369507,0.0,0.15,8.0,-30.0,38,-22,apf_fsm,1,0.0,0.0
2026-08-18T02:40:40.064+00:00,1787020840.0645742,180652.4479475,16.18236770000658,104,2,RUN,RUN,0.42359213427841585,0.6324268532283694,-2.5110106160087327,127.99406051635742,0.6,0.2,0.6,0.2,0.46702539382932295,-1.1834566682565324,1.3275539477522003,0.3777264952659607,-0.9259172081947327,0.0,0.0,0.3777264952659607,-0.9259172081947327,0.0,0.15,8.0,30.0,-22,38,apf_fsm,1,0.0,0.0
2026-08-18T02:40:40.065+00:00,1787020840.0655646,180652.4488416,16.183261800004402,104,3,RUN,RUN,0.4418965984014727,0.3504737898932081,-2.99449438298624,128.9844512939453,0.2,0.6,0.2,0.6,0.3475302775996103,2.340670212704075,-0.9480207114892707,-0.6960446834564209,0.7179984450340271,0.0,0.0,-0.6960446834564209,0.7179984450340271,0.0,0.15,8.0,-30.0,38,-22,apf_fsm,1,0.0,0.0
2026-08-18T02:40:40.225+00:00,1787020840.2254474,180652.6086997,16.34311990000424,105,2,AVOID,RUN,0.4234299139414131,0.6265860504498535,-2.1197643768256587,124.86839294433594,0.6,0.2,0.6,0.2,0.4616845825118505,-1.2389980936034946,0.8807662832221641,0.3824474513530731,-0.923977255821228,-0.13929617404937744,0.2182403951883316,0.24315127730369568,-0.7057368755340576,0.25890594720840454,0.6365603529204362,8.0,35.0,-27,43,apf_fsm,1,0.0,0.0
2026-08-18T02:40:40.226+00:00,1787020840.2264466,180652.6093406,16.343760799994925,105,3,AVOID,RUN,0.43346142350422073,0.35344040173960517,2.9945432336499125,125.86760520935059,0.2,0.6,0.2,0.6,0.33955245803696427,2.3943990239449637,-0.6001442097049488,-0.687556266784668,0.7261310815811157,0.13929617404937744,-0.2182403951883316,-0.5482600927352905,0.5078907012939453,0.25890594720840454,0.8252541794034498,24.0,-27.006489436722692,51,-18.0,apf_fsm,1,0.0,0.0
2026-08-18T02:40:40.378+00:00,1787020840.378813,180652.7615328,16.495953000005102,106,2,AVOID,AVOID,0.4246610581771421,0.6217294960667207,-1.802516587834226,126.2202262878418,0.6,0.2,0.6,0.2,0.45672695603856106,-1.0752753360856886,0.7272412517485374,0.3839031755924225,-0.9233733415603638,-0.20744213461875916,0.5968964695930481,0.17646104097366333,-0.3264768719673157,0.631915807723999,0.7470112898061929,8.0,30.0,-22,38,apf_fsm,1,0.0,0.0
2026-08-18T02:40:40.378+00:00,1787020840.378813,180652.7621071,16.496527299983427,106,3,AVOID,AVOID,0.4249428143660399,0.35830398892714654,2.8127216139892286,126.2202262878418,0.2,0.6,0.2,0.6,0.33017606137247985,2.8637955703096405,0.051073956320411895,-0.6812813878059387,0.7320215702056885,0.20744213461875916,-0.5968964695930481,-0.47383925318717957,0.13512510061264038,0.631915807723999,0.9986960089902371,24.0,23.303375374091743,0,47,apf_fsm,1,0.0,0.0
2026-08-18T02:40:40.540+00:00,1787020840.5409179,180652.9241084,16.6585286000045,107,2,AVOID,AVOID,0.42544980901680807,0.6195868560984581,-1.665400408934842,123.1691837310791,0.6,0.2,0.6,0.2,0.4544457052089468,-0.4691755730761428,1.196224835858699,0.3840946853160858,-0.9232937097549438,-0.22441399097442627,0.8423469066619873,0.15968069434165955,-0.08094680309295654,0.8717281222343445,0.3658737645208397,8.0,35.0,-27,43,apf_fsm,1,0.0,0.0
2026-08-18T02:40:40.542+00:00,1787020840.5429156,180652.9256236,16.66004379998776,107,3,AVOID,AVOID,0.4207576740578358,0.3618985566607078,2.669556855314804,125.1668930053711,0.2,0.6,0.2,0.6,0.324694083678283,-2.9066257243682876,0.7070027274964943,-0.6798943281173706,0.7333100438117981,0.22441399097442627,-0.8423469066619873,-0.45548033714294434,-0.10903686285018921,0.8717281222343445,0.7603121900805655,8.0,30.027534266127827,-22,38,apf_fsm,1,0.0,0.0
2026-08-18T02:40:40.714+00:00,1787020840.71454,180653.0974716,16.831891799985897,108,2,AVOID,AVOID,0.42544980901680807,0.6195868560984581,-1.5362739633647553,144.21868324279785,0.6,0.2,0.6,0.2,0.4544457052089468,0.5101598793307233,2.0464338426954787,0.3840946853160858,-0.9232937097549438,-0.22763629257678986,1.0108429193496704,0.15645839273929596,0.08754920959472656,1.0361571311950684,0.0,0,35.0,-35,35,apf_fsm,1,0.0,0.0
2026-08-18T02:40:40.715+00:00,1787020840.7155397,180653.0989538,16.833374000008916,108,3,AVOID,AVOID,0.4145258412944293,0.36835582740584594,2.462004812582615,145.2183723449707,0.2,0.6,0.2,0.6,0.3157219651527478,-2.5913993323051936,1.2297811622917774,-0.6794770956039429,0.7336967587471008,0.22763629257678986,-1.0108429193496704,-0.4518408179283142,-0.2771461606025696,1.0361571311950684,0.33444397120898384,8.0,35.0,-27,43,apf_fsm,1,0.0,0.0
2026-08-18T02:40:40.873+00:00,1787020840.8737347,180653.2569094,16.991329599986784,109,2,AVOID,AVOID,0.427324370542378,0.6165889100830411,-1.384250830434163,132.8113079071045,0.6,0.2,0.6,0.2,0.4509580834321102,0.5842647076429687,1.9685155380771318,0.3829083740711212,-0.9237863421440125,-0.2418794184923172,1.0170460939407349,0.14102895557880402,0.09325975179672241,1.0454130172729492,0.0,0,35.0,-35,35,apf_fsm,1,0.0,0.0
2026-08-18T02:40:40.874+00:00,1787020840.8745089,180653.2583417,16.99276190000819,109,3,AVOID,AVOID,0.4121219276303393,0.37306128288668244,2.362261457901322,133.58545303344727,0.2,0.6,0.2,0.6,0.31063949122197787,-2.5654434652947375,1.3554803839835268,-0.6828556060791016,0.7305533289909363,0.2418794184923172,-1.0170460939407349,-0.44097620248794556,-0.2864927649497986,1.0454130172729492,0.21365608631611965,8.0,33.377570085248145,-25,41,apf_fsm,1,0.0,0.0
2026-08-18T02:40:41.020+00:00,1787020841.0206811,180653.4039463,17.13836650000303,110,2,AVOID,AVOID,0.43710143902959875,0.6103486752684764,-0.8168127344278093,115.56291580200195,0.6,0.2,0.6,0.2,0.4414996902159966,0.6151057981474928,1.431918532575302,0.36896640062332153,-0.9294427037239075,-0.22394691407680511,1.0319056510925293,0.14501948654651642,0.10246294736862183,1.05592679977417,0.13843180089616358,8.0,-30.0,38,-22,apf_fsm,1,0.0,0.0
2026-08-18T02:40:41.021+00:00,1787020841.0216784,180653.4050706,17.13949080000748,110,3,AVOID,AVOID,0.4105034885541706,0.37641616597856176,2.339279796225463,116.56022071838379,0.2,0.6,0.2,0.6,0.30708541080487994,-2.5594209072015577,1.3844846037525658,-0.6854884624481201,0.7280835509300232,0.22394691407680511,-1.0319056510925293,-0.4615415334701538,-0.3038221001625061,1.05592679977417,0.18523571503661682,8.0,30.0,-22,38,apf_fsm,1,0.0,0.0
2026-08-18T02:40:41.169+00:00,1787020841.1695073,180653.5522642,17.286684399994556,111,2,AVOID,AVOID,0.4418296794078886,0.6086270920263585,-0.48580374531054793,106.32085800170898,0.6,0.2,0.6,0.2,0.4381711431097777,0.576125263807086,1.0619290091176339,0.3609784245491028,-0.9325741529464722,-0.17293553054332733,1.0547351837158203,0.18804289400577545,0.12216103076934814,1.0688185691833496,0.48718839166004607,8.0,-30.0,38,-22,apf_fsm,1,0.0,0.0
2026-08-18T02:40:41.169+00:00,1787020841.1695073,180653.5530332,17.28745340000023,111,3,AVOID,AVOID,0.3975406003289562,0.3882083057663007,2.4673272273595788,106.32085800170898,0.2,0.6,0.2,0.6,0.2896170066220303,-2.575625441081064,1.2402326387389433,-0.6820752620697021,0.7312819957733154,0.17293553054332733,-1.0547351837158203,-0.5091397166252136,-0.3234531879425049,1.0688185691833496,0.32457624965470167,8.0,30.0,-22,38,apf_fsm,1,0.0,0.0
2026-08-18T02:40:41.343+00:00,1787020841.3436766,180653.7271948,17.46161500000744,112,2,AVOID,AVOID,0.4438123633187126,0.6090439984859152,-0.1300424871122059,132.39073753356934,0.6,0.2,0.6,0.2,0.4378487987301452,0.5239599963140142,0.6540024834262201,0.3567159175872803,-0.934212863445282,-0.1361677348613739,1.061652660369873,0.22054818272590637,0.12743979692459106,1.0703495740890503,0.7936551798852789,8.0,-30.0,38,-22,apf_fsm,1,0.0,0.0
2026-08-18T02:40:41.344+00:00,1787020841.3446774,180653.7281305,17.462550700001884,112,3,AVOID,AVOID,0.39132127734474886,0.3917387900648144,2.7341796739571746,133.3916187286377,0.2,0.6,0.2,0.6,0.2828012778056241,-2.599789550299781,0.9492160829226304,-0.6765220165252686,0.7364224791526794,0.1361677348613739,-1.061652660369873,-0.5403542518615723,-0.3252301812171936,1.0703495740890503,0.582320560974099,8.0,-30.0,38,-22,apf_fsm,1,0.0,0.0
2026-08-18T02:40:41.516+00:00,1787020841.5163248,180653.8997114,17.634131600003457,113,2,AVOID,AVOID,0.4438123633187126,0.6090439984859152,0.05475330345550703,133.73112678527832,0.6,0.2,0.6,0.2,0.4378487987301452,0.5239599963140142,0.4692066928585072,0.3567159175872803,-0.934212863445282,-0.1361677348613739,1.061652660369873,0.22054818272590637,0.12743979692459106,1.0703495740890503,0.8919272855340261,24.0,-1.7757857412848823,25,22,apf_fsm,1,0.0,0.0
2026-08-18T02:40:41.518+00:00,1787020841.5183237,180653.9011519,17.63557209999999,113,3,AVOID,AVOID,0.39132127734474886,0.3917387900648144,2.9196641002880384,135.73002815246582,0.2,0.6,0.2,0.6,0.2828012778056241,-2.599789550299781,0.7637316565917667,-0.6765220165252686,0.7364224791526794,0.1361677348613739,-1.061652660369873,-0.5403542518615723,-0.3252301812171936,1.0703495740890503,0.7222601516961673,8.0,30.0,-22,38,apf_fsm,1,0.0,0.0
2026-08-18T02:40:41.690+00:00,1787020841.690557,180654.0740305,17.80845069998759,114,2,AVOID,AVOID,0.4481845706739087,0.6099440882601772,0.10903473825101248,136.58952713012695,0.6,0.2,0.6,0.2,0.4371522390208397,0.4655108541175394,0.35647611586652694,0.347282737493515,-0.9377604722976685,-0.10172876715660095,1.0611099004745483,0.24555397033691406,0.12334942817687988,1.0659751892089844,0.937132383825256,24.0,-0.38080903605403993,24,23,apf_fsm,1,0.0,0.0
2026-08-18T02:40:41.691+00:00,1787020841.691556,180654.0749695,17.80938970000716,114,3,AVOID,AVOID,0.39020102873860335,0.39029168976025796,-3.09687528790356,137.5885009765625,0.2,0.6,0.2,0.6,0.28311482956007605,-2.629579392723544,0.4672958951800159,-0.6718158721923828,0.7407181859016418,0.10172876715660095,-1.0611099004745483,-0.5700870752334595,-0.3203917145729065,1.0659751892089844,0.8927896790368486,24.0,-5.702292697611118,29,18,apf_fsm,1,0.0,0.0
2026-08-18T02:40:41.865+00:00,1787020841.865492,180654.2486197,17.983039899991127,115,2,AVOID,AVOID,0.45007687692552956,0.6101389546948022,0.07977408028456848,143.54801177978516,0.6,0.2,0.6,0.2,0.4366816975676308,0.45068303515138053,0.3709089548668121,0.34332355856895447,-0.939217209815979,-0.09114214777946472,1.0612472295761108,0.25218141078948975,0.12203001976013184,1.0651538372039795,0.931998268400586,24.0,4.2142389136781,19,28,apf_fsm,1,0.0,0.0
2026-08-18T02:40:41.866+00:00,1787020841.8664918,180654.2496365,17.984056699991925,115,3,AVOID,AVOID,0.39020102873860335,0.39029168976025796,-3.0466724553498103,144.547700881958,0.2,0.6,0.2,0.6,0.28311482956007605,-2.637218973959615,0.40945348139019533,-0.6718158721923828,0.7407181859016418,0.09114214777946472,-1.0612472295761108,-0.5806736946105957,-0.320529043674469,1.0651538372039795,0.9173385332575374,24.0,2.070050331258233,21,26,apf_fsm,1,0.0,0.0
2026-08-18T02:40:42.034+00:00,1787020842.0343432,180654.4174104,18.151830599992536,116,2,AVOID,AVOID,0.45257617885510765,0.6100793487614108,0.051608973268774824,143.78786087036133,0.6,0.2,0.6,0.2,0.43577385800612684,0.39578543629030644,0.3441764630215316,0.33830347657203674,-0.9410370588302612,-0.05581420660018921,1.0590707063674927,0.28248926997184753,0.11803364753723145,1.0605404376983643,0.9413536509198815,24.0,2.506127415630499,21,26,apf_fsm,1,0.0,0.0
2026-08-18T02:40:42.037+00:00,1787020842.0373387,180654.4200813,18.15450149998651,116,3,AVOID,AVOID,0.3870299643544441,0.3878903629097157,-3.0466724553498103,146.78335189819336,0.2,0.6,0.2,0.6,0.28279092226059294,-2.6697436521606766,0.3769288031891338,-0.6613718271255493,0.7500581741333008,0.05581420660018921,-1.0590707063674927,-0.6055576205253601,-0.3090125322341919,1.0605404376983643,0.9297994238534422,24.0,2.6309242948541844,21,26,apf_fsm,1,0.0,0.0
2026-08-18T02:40:42.198+00:00,1787020842.1986775,180654.5819614,18.316381599986926,117,2,AVOID,AVOID,0.46020106528377747,0.6074558040204301,-0.11524971650965404,138.3376121520996,0.6,0.2,0.6,0.2,0.43077137135344284,0.3069729983670695,0.4222227148767235,0.3245316445827484,-0.9458748698234558,0.022401422262191772,1.0558502674102783,0.3469330668449402,0.10997539758682251,1.056087851524353,0.9121803502940246,24.0,6.953845963698953,18.0,30,apf_fsm,1,0.0,0.0
2026-08-18T02:40:42.200+00:00,1787020842.2006772,180654.5836704,18.318090599990683,117,3,AVOID,AVOID,0.3798274457731559,0.3863000449234972,-3.0909430321800158,140.3372287750244,0.2,0.6,0.2,0.6,0.27929479238431326,-2.730167018994958,0.3607760131850579,-0.6438625454902649,0.7651411890983582,-0.022401422262191772,-1.0558502674102783,-0.6662639379501343,-0.29070907831192017,1.056087851524353,0.9356231724587297,24.0,3.0424124817079234,20,27,apf_fsm,1,0.0,0.0
2026-08-18T02:40:42.358+00:00,1787020842.3588455,180654.7421954,18.476615599996876,118,2,AVOID,AVOID,0.4642496088850924,0.6052554933988734,-0.2206559323979642,130.56325912475586,0.6,0.2,0.6,0.2,0.4273876268890042,0.22604054060751752,0.4466964730054817,0.31762829422950745,-0.9482153058052063,0.11094304919242859,1.04677414894104,0.42857134342193604,0.09855884313583374,1.052636981010437,0.9018791067067295,24.0,5.323546264561354,18,29,apf_fsm,1,0.0,0.0
2026-08-18T02:40:42.360+00:00,1787020842.3608408,180654.7435632,18.47798339999281,118,3,AVOID,AVOID,0.3664622047565216,0.3881319871254411,3.0663702230096272,132.55858421325684,0.2,0.6,0.2,0.6,0.2694396416487677,-2.7983529610187965,0.41846212315116205,-0.6178088784217834,0.7863283157348633,-0.11094304919242859,-1.04677414894104,-0.7287518978118896,-0.26044583320617676,1.052636981010437,0.9137149456685305,24.0,6.203635080325265,18.0,30,apf_fsm,1,0.0,0.0
2026-08-18T02:40:42.515+00:00,1787020842.5155914,180654.8985626,18.632982799987076,119,2,AVOID,AVOID,0.46739182155174064,0.6031633105380032,-0.30667744628494364,118.38340759277344,0.6,0.2,0.6,0.2,0.4244120450167829,0.187145984647668,0.4938234309326116,0.31245148181915283,-0.949933648109436,0.15916213393211365,1.0392392873764038,0.4716136157512665,0.08930563926696777,1.0513566732406616,0.8805270081773985,24.0,6.587677836775663,18.0,30,apf_fsm,1,0.0,0.0
2026-08-18T02:40:42.516+00:00,1787020842.5165982,180654.8993267,18.633746899984544,119,3,AVOID,AVOID,0.3599659991490417,0.38947445642611606,3.0131805897167077,119.39024925231934,0.2,0.6,0.2,0.6,0.2644052294884322,-2.8336911705375556,0.436313546925323,-0.6050031781196594,0.7962231040000916,-0.15916213393211365,-1.0392392873764038,-0.7641652822494507,-0.24301618337631226,1.0513566732406616,0.9063157177623249,24.0,4.9879353013488625,19,28,apf_fsm,1,0.0,0.0
2026-08-18T02:40:42.681+00:00,1787020842.6811535,180655.0644151,18.798835299996426,120,2,AVOID,AVOID,0.46739182155174064,0.6031633105380032,-0.3551310392510155,133.01777839660645,0.6,0.2,0.6,0.2,0.4244120450167829,0.13735369696703958,0.4924847362180551,0.31245148181915283,-0.949933648109436,0.22073444724082947,1.0236327648162842,0.5331859588623047,0.07369911670684814,1.0471616983413696,0.8811607549016792,24.0,4.877993047171073,19,28,apf_fsm,1,0.0,0.0
2026-08-18T02:40:42.682+00:00,1787020842.6821506,180655.0654797,18.799899899982847,120,3,AVOID,AVOID,0.34819610789596017,0.39188350145189993,3.0013655103247827,134.01484489440918,0.2,0.6,0.2,0.6,0.2554888713103418,-2.8862334487348646,0.39558634811993887,-0.5800491571426392,0.8145814538002014,-0.22073444724082947,-1.0236327648162842,-0.800783634185791,-0.20905131101608276,1.0471616983413696,0.9227707741529961,24.0,2.5304115230109447,21,26,apf_fsm,1,0.0,0.0
2026-08-18T02:40:42.876+00:00,1787020842.8768036,180655.2600091,18.994429299986223,121,2,AVOID,AVOID,0.46739182155174064,0.6031633105380032,-0.3779910225465855,161.65947914123535,0.6,0.2,0.6,0.2,0.4244120450167829,0.10289963775984237,0.4808906603064279,0.31245148181915283,-0.949933648109436,0.26498496532440186,1.0095622539520264,0.5774364471435547,0.05962860584259033,1.0437591075897217,0.8865832826358999,24.0,4.403113946157327,19,28,apf_fsm,1,0.0,0.0
2026-08-18T02:40:42.878+00:00,1787020842.8787928,180655.2613889,18.995809099986218,121,3,AVOID,AVOID,0.33972607960164225,0.39365538131363104,3.0013655103247827,162.64891624450684,0.2,0.6,0.2,0.6,0.24920168334436962,-2.9251692908560574,0.35665050599874615,-0.5606947541236877,0.8280225992202759,-0.26498496532440186,-1.0095622539520264,-0.8256797194480896,-0.1815396547317505,1.0437591075897217,0.9370715119429451,24.0,2.2037505857457163,21,26,apf_fsm,1,0.0,0.0
2026-08-18T02:40:43.052+00:00,1787020843.0521011,180655.4352173,19.169637499988312,122,2,AVOID,AVOID,0.4688527091418862,0.6020247209142818,-0.41875170825332275,138.50641250610352,0.6,0.2,0.6,0.2,0.42287526308076817,0.07952537912343939,0.49827708737676213,0.31013235449790955,-0.9506934285163879,0.29582148790359497,0.9989839792251587,0.6059538125991821,0.04829055070877075,1.0418634414672852,0.8784072672741172,24.0,5.591295821229319,18,29,apf_fsm,1,0.0,0.0
2026-08-18T02:40:43.053+00:00,1787020843.0531008,180655.4362142,19.1706343999831,122,3,AVOID,AVOID,0.3351468980439446,0.39449378311053074,2.982723179154175,139.50610160827637,0.2,0.6,0.2,0.6,0.245962373608489,-2.950565685624351,0.34989644240106,-0.5494616627693176,0.8355188965797424,-0.29582148790359497,-0.9989839792251587,-0.8452831506729126,-0.16346508264541626,1.0418634414672852,0.939408217483938,24.0,3.2625721980915845,20,27,apf_fsm,1,0.0,0.0
2026-08-18T02:40:43.237+00:00,1787020843.237688,180655.6224231,19.356843299989123,123,2,AVOID,AVOID,0.4700645953712975,0.6007607778091947,-0.43677527078328243,143.0196762084961,0.6,0.2,0.6,0.2,0.4212984813718836,0.034433515485605914,0.47120878626888835,0.308416485786438,-0.9512513875961304,0.3557574152946472,0.9741302728652954,0.6641739010810852,0.02287888526916504,1.0370597839355469,0.8910201942417396,24.0,3.764697323913301,20,27,apf_fsm,1,0.0,0.0
2026-08-18T02:40:43.237+00:00,1787020843.237688,180655.6239164,19.358336600009352,123,3,AVOID,AVOID,0.3247213378690693,0.3964387855468427,2.965930308437687,143.0196762084961,0.2,0.6,0.2,0.6,0.2387311880536241,-3.0041680433952918,0.31308695534660735,-0.5224342346191406,0.8526796102523804,-0.3557574152946472,-0.9741302728652954,-0.8781916499137878,-0.12145066261291504,1.0370597839355469,0.9513873314631854,24.0,1.8425375065602312,22,25,apf_fsm,1,0.0,0.0
2026-08-18T02:40:43.385+00:00,1787020843.3857677,180655.7688671,19.50328730000183,124,2,AVOID,AVOID,0.4713525350221953,0.5993808071627255,-0.46549514287888466,119.0335750579834,0.6,0.2,0.6,0.2,0.41958932228449947,0.010650668279078245,0.4761458111579629,0.3066032826900482,-0.951837420463562,0.3885911703109741,0.9592419862747192,0.6951944828033447,0.0074045658111572266,1.0349628925323486,0.8887681144734112,24.0,4.934253982697238,19,28,apf_fsm,1,0.0,0.0
2026-08-18T02:40:43.386+00:00,1787020843.386779,180655.7697264,19.504146599996602,124,3,AVOID,AVOID,0.31947995806863905,0.39775222234993113,2.965930308437687,120.04494667053223,0.2,0.6,0.2,0.6,0.23490343536116162,-3.0325127141367525,0.28474228460514617,-0.5086343884468079,0.8609826564788818,-0.3885911703109741,-0.9592419862747192,-0.897225558757782,-0.0982593297958374,1.0349628925323486,0.9597340793911441,24.0,1.8553593701003201,22,25,apf_fsm,1,0.0,0.0
2026-08-18T02:40:43.525+00:00,1787020843.5250728,180655.9079172,19.642337400000542,125,2,AVOID,AVOID,0.4713525350221953,0.5993808071627255,-0.4980676383231293,108.74176025390625,0.6,0.2,0.6,0.2,0.41958932228449947,-0.14072039822008384,0.3573472401030454,0.3066032826900482,-0.951837420463562,0.36903542280197144,0.8561286926269531,0.6756386756896973,-0.09570872783660889,0.9322786331176758,0.936828028526416,24.0,-0.5844775858916575,24,23,apf_fsm,1,0.0,0.0
2026-08-18T02:40:43.526+00:00,1787020843.526074,180655.9087317,19.64315190000343,125,3,AVOID,AVOID,0.3111356609257254,0.3992452036317917,2.965930308437687,108.74176025390625,0.2,0.6,0.2,0.6,0.22946377359888112,3.1196150008558354,0.1536846924181483,-0.4843277037143707,0.8748866319656372,-0.36903542280197144,-0.8561286926269531,-0.8533631563186646,0.018757939338684082,0.9322786331176758,0.9882137333841109,24.0,-3.0501688023634417,27,20,apf_fsm,1,0.0,0.0
2026-08-18T02:40:43.736+00:00,1787020843.7360344,180656.1192385,19.853658699983498,126,2,AVOID,AVOID,0.47277161011260194,0.5981045729167911,-0.5178565558694841,167.56916046142578,0.6,0.2,0.6,0.2,0.4179405629639224,-0.5679845808954662,-0.050128025025982126,0.3044174313545227,-0.9525386691093445,0.25007981061935425,0.5986980199813843,0.554497241973877,-0.3538406491279602,0.6488291025161743,0.9987438536255775,24.0,-14.762914529775786,38,18.0,apf_fsm,1,0.0,0.0
2026-08-18T02:40:43.738+00:00,1787020843.7380338,180656.1208848,19.85530500000459,126,3,AVOID,AVOID,0.2985028256275998,0.40111833276799136,2.965930308437687,169.56853866577148,0.2,0.6,0.2,0.6,0.22193855955557776,2.736671871533197,-0.2292584369044901,-0.4438292682170868,0.8961114287376404,-0.25007981061935425,-0.5986980199813843,-0.6939090490341187,0.2974134087562561,0.6488291025161743,0.9738351869906725,24.0,-15.695593895337245,39,18.0,apf_fsm,1,0.0,0.0
2026-08-18T02:40:43.870+00:00,1787020843.870194,180656.2535201,19.98794029999408,127,2,AVOID,AVOID,0.4751999329314649,0.5950170842556907,-0.5883247257348012,110.99886894226074,0.6,0.2,0.6,0.2,0.41426266256347344,-0.8793647015371046,-0.29103997580230334,0.30125829577445984,-0.9535425901412964,0.15326133370399475,0.40443724393844604,0.4545196294784546,-0.5491053462028503,0.4325025975704193,0.9579459739774525,24.0,-11.342318035194275,35,18.0,apf_fsm,1,0.0,0.0
2026-08-18T02:40:43.871+00:00,1787020843.8711967,180656.2544924,19.98891260000528,127,3,AVOID,AVOID,0.288074721011767,0.40239389034587025,2.9849190937200665,112.00165748596191,0.2,0.6,0.2,0.6,0.216345397579751,2.404243023759195,-0.5806760699608713,-0.4071023464202881,0.9133825898170471,-0.15326133370399475,-0.40443724393844604,-0.5603636503219604,0.5089453458786011,0.4325025975704193,0.8360919562606758,24.0,-18.106377856582053,42,18.0,apf_fsm,1,0.0,0.0
2026-08-18T02:40:44.018+00:00,1787020844.0189447,180656.4016466,20.136066799983382,128,2,AVOID,AVOID,0.4764482514786531,0.5932343238306106,-0.668852839830348,115.4320240020752,0.6,0.2,0.6,0.2,0.4121871759300617,-1.0200333928722258,-0.3511805530418778,0.29974672198295593,-0.9540188312530518,0.09962758421897888,0.30373668670654297,0.3993743062019348,-0.6502821445465088,0.3196586072444916,0.93896724928739,24.0,-5.616725733803884,29,18,apf_fsm,1,0.0,0.0
2026-08-18T02:40:44.021+00:00,1787020844.0216355,180656.4043422,20.13876239999081,128,3,AVOID,AVOID,0.28257241331755806,0.4029939890137143,3.00293018921196,119.11654472351074,0.2,0.6,0.2,0.6,0.21361079515280623,2.2369610148210595,-0.7659691743909005,-0.38655543327331543,0.9222661852836609,-0.09962758421897888,-0.30373668670654297,-0.4861830174922943,0.6185294985771179,0.3196586072444916,0.7207108296210851,8.0,-30.0,38,-22,apf_fsm,1,0.0,0.0
2026-08-18T02:40:44.160+00:00,1787020844.1607265,180656.5442838,20.27870399999665,129,2,AVOID,AVOID,0.47826013805513706,0.5901050215101484,-0.7641798115757297,106.77528381347656,0.6,0.2,0.6,0.2,0.40865942029248226,-1.1665493478280664,-0.40236953625233673,0.29790055751800537,-0.9545969367027283,0.03477862477302551,0.1769610196352005,0.3326791822910309,-0.777635931968689,0.18034622073173523,0.9201356682466292,24.0,-5.815309774889431,29,18,apf_fsm,1,0.0,0.0
2026-08-18T02:40:44.161+00:00,1787020844.161873,180656.5449094,20.27932959998725,129,3,AVOID,AVOID,0.2753703189596764,0.40360484534416385,3.00293018921196,107.92183876037598,0.2,0.6,0.2,0.6,0.21036097963351744,2.049911317300263,-0.9530188719116968,-0.3582903742790222,0.9336101412773132,-0.03477862477302551,-0.1769610196352005,-0.39306899905204773,0.7566491365432739,0.18034622073173523,0.5792248453659298,8.0,-30.0,38,-22,apf_fsm,1,0.0,0.0
2026-08-18T02:40:44.298+00:00,1787020844.2986953,180656.682182,20.41660219998448,130,2,RUN,AVOID,0.47826013805513706,0.5901050215101484,-0.8326073837341154,104.41303253173828,0.6,0.2,0.6,0.2,0.40865942029248226,-1.2683037355656404,-0.435696351831525,0.29790055751800537,-0.9545969367027283,0.0,0.0,0.29790055751800537,-0.9545969367027283,0.0,0.5209118350950266,35.0,-19.606335832418626,54,18.0,apf_fsm,1,0.0,0.0
2026-08-18T02:40:44.299+00:00,1787020844.2997003,180656.6828334,20.41725359999691,130,3,RUN,AVOID,0.26362258590262216,0.40707511258453005,2.966428354138038,105.41796684265137,0.2,0.6,0.2,0.6,0.20314488824779295,1.8893446324748753,-1.0770837216631628,-0.31318822503089905,0.9496910572052002,0.0,0.0,-0.31318822503089905,0.9496910572052002,0.0,0.15,8.0,-35.0,43,-27,apf_fsm,1,0.0,0.0
2026-08-18T02:40:44.437+00:00,1787020844.4370894,180656.8205644,20.554984599992167,131,2,RUN,RUN,0.4813460171965171,0.5807675879773075,-1.0425578081492568,105.68571090698242,0.6,0.2,0.6,0.2,0.398826683772771,-1.2687153167390945,-0.22615750858983774,0.297507643699646,-0.9547194838523865,0.0,0.0,0.297507643699646,-0.9547194838523865,0.0,0.9646004289007539,35.0,5.072284427560676,29,40,apf_fsm,1,0.0,0.0
2026-08-18T02:40:44.439+00:00,1787020844.4390886,180656.8221566,20.55657680000877,131,3,RUN,RUN,0.2578651645042329,0.4094483604896588,2.896243763337295,107.68485069274902,0.2,0.6,0.2,0.6,0.19914392931540983,1.8656183675878533,-1.0306253957494416,-0.29056957364082336,0.9568538665771484,0.0,0.0,-0.29056957364082336,0.9568538665771484,0.0,0.15,8.0,-30.0,38,-22,apf_fsm,1,0.0,0.0
2026-08-18T02:40:44.573+00:00,1787020844.5739503,180656.9566529,20.691073099995265,132,2,RUN,RUN,0.48184169095352364,0.5790685404438906,-1.1262353818321966,105.0255298614502,0.6,0.2,0.6,0.2,0.39705710464740973,-1.2686341113279769,-0.14239872949578025,0.2975851595401764,-0.9546952843666077,0.0,0.0,0.2975851595401764,-0.9546952843666077,0.0,1.0,35.0,1.5075699733342098,33,36,apf_fsm,1,0.0,0.0
2026-08-18T02:40:44.575+00:00,1787020844.5754766,180656.9583601,20.692780299985316,132,3,RUN,RUN,0.2507507601785042,0.41635326250870053,2.6287667824017245,106.5518856048584,0.2,0.6,0.2,0.6,0.19053021768185302,1.8404170923805983,-0.7883496900211262,-0.2663659155368805,0.963871955871582,0.0,0.0,-0.2663659155368805,0.963871955871582,0.0,0.15,8.0,30.0,-22,38,apf_fsm,1,0.0,0.0
2026-08-18T02:40:44.722+00:00,1787020844.72241,180657.1055897,20.84000989998458,133,2,RUN,RUN,0.48184169095352364,0.5790685404438906,-1.1514445837637945,118.97945404052734,0.6,0.2,0.6,0.2,0.39705710464740973,-1.2686341113279769,-0.11718952756418233,0.2975851595401764,-0.9546952843666077,0.0,0.0,0.2975851595401764,-0.9546952843666077,0.0,1.0,35.0,-0.2895732080358959,35,34,apf_fsm,1,0.0,0.0
2026-08-18T02:40:44.723+00:00,1787020844.72341,180657.1062146,20.840634799998952,133,3,RUN,RUN,0.243940814232153,0.4282708262072399,2.334992537633381,119.9793815612793,0.2,0.6,0.2,0.6,0.1772616830759783,1.821294602298656,-0.5136979353347251,-0.24788670241832733,0.9687889814376831,0.0,0.0,-0.24788670241832733,0.9687889814376831,0.0,0.35574716985328586,24.902301889730012,6.412786386718867,18,31,apf_fsm,1,0.0,0.0
2026-08-18T02:40:44.866+00:00,1787020844.8663454,180657.2491125,20.983532699989155,134,2,RUN,RUN,0.48206551148660304,0.5762286092710025,-1.2148106057369872,109.76624488830566,0.6,0.2,0.6,0.2,0.3942797357396259,-1.2272172741280631,-0.012406668391075959,0.2991137206554413,-0.9542174339294434,0.012837674468755722,0.0822819322347641,0.3119513988494873,-0.8719354867935181,0.0832773819565773,1.0,35.0,3.5433333871479635,31,38,apf_fsm,1,0.0,0.0
2026-08-18T02:40:44.866+00:00,1787020844.8668363,180657.2504946,20.984914800006663,134,3,RUN,RUN,0.24126785801165906,0.4365514380848625,2.1629700557199953,110.6252670288086,0.2,0.6,0.2,0.6,0.1685777817418327,1.853389715301105,-0.3095803404188904,-0.24480010569095612,0.9695735573768616,-0.012837674468755722,-0.0822819322347641,-0.25763776898384094,0.8872916102409363,0.0832773819565773,0.7879565266394846,35.0,4.0483124178653105,30,39,apf_fsm,1,0.0,0.0
2026-08-18T02:40:44.997+00:00,1787020844.9979923,180657.3811146,21.11553479998838,135,2,AVOID,RUN,0.4831769163393648,0.5665037004987573,-1.2931213199900522,102.91934013366699,0.6,0.2,0.6,0.2,0.38467206209349614,-0.9378918642558814,0.35522945573417075,0.30369529128074646,-0.9527692198753357,0.19847072660923004,0.26822078227996826,0.5021660327911377,-0.6845484375953674,0.33366602659225464,0.9375667075340905,24.0,15.985325508037683,18.0,39,apf_fsm,1,0.0,0.0
2026-08-18T02:40:44.999+00:00,1787020844.9997435,180657.3825599,21.11698009999236,135,3,AVOID,RUN,0.240885869131378,0.4445878896452257,1.9750388563363528,104.67052459716797,0.2,0.6,0.2,0.6,0.16070027485836078,2.14578913904701,0.1707502827106573,-0.2544231414794922,0.9670929908752441,-0.19847072660923004,-0.26822078227996826,-0.45289385318756104,0.6988722085952759,0.33366602659225464,0.9854575549252979,24.0,7.683762721979578,18.0,31,apf_fsm,1,0.0,0.0
2026-08-18T02:40:45.127+00:00,1787020845.1274486,180657.5109511,21.245371299999533,136,2,AVOID,AVOID,0.48422141092745896,0.5611051785531789,-1.3057478297367628,100.35920143127441,0.6,0.2,0.6,0.2,0.37921185591375106,-0.7622743238533527,0.5434735058834101,0.30531373620033264,-0.9522518515586853,0.325257271528244,0.3501891493797302,0.6305710077285767,-0.6020627021789551,0.4779379963874817,0.8559176563363879,24.0,12.02327681405748,18.0,36,apf_fsm,1,0.0,0.0
2026-08-18T02:40:45.128+00:00,1787020845.1284442,180657.5115029,21.245923099981155,136,3,AVOID,AVOID,0.24172849190903214,0.4485308740322035,1.7730643715577128,101.35483741760254,0.2,0.6,0.2,0.6,0.1571119446714678,2.337072119245923,0.5640077476882102,-0.2655971944332123,0.9640840888023376,-0.325257271528244,-0.3501891493797302,-0.5908544659614563,0.6138949394226074,0.4779379963874817,0.8451194521413754,24.0,19.404088751096452,18.0,43,apf_fsm,1,0.0,0.0
2026-08-18T02:40:45.266+00:00,1787020845.2663143,180657.6495694,21.38398959999904,137,2,AVOID,AVOID,0.48705507034412865,0.5489807692609369,-1.3057478297367628,108.64949226379395,0.6,0.2,0.6,0.2,0.36680258239129804,-0.44855061315933703,0.8571972165774258,0.3079175055027008,-0.9514130353927612,0.6466671824455261,0.4920012652873993,0.9545847177505493,-0.45941177010536194,0.8125538229942322,0.654558971314736,8.0,30.0,-22,38,apf_fsm,1,0.0,0.0
2026-08-18T02:40:45.268+00:00,1787020845.2683074,180657.651522,21.385942199995043,137,3,AVOID,AVOID,0.24461701041950812,0.4575886822791367,1.6794487893689984,110.64267158508301,0.2,0.6,0.2,0.6,0.1492369291890153,2.686914656785768,1.0074658674167694,-0.2989676296710968,0.9542632699012756,-0.6466671824455261,-0.4920012652873993,-0.9456348419189453,0.46226200461387634,0.8125538229942322,0.5340049954893542,8.0,30.0,-22,38,apf_fsm,1,0.0,0.0
2026-08-18T02:40:45.399+00:00,1787020845.3992388,180657.7822589,21.51667909999378,138,2,AVOID,AVOID,0.48867747948838713,0.5431384818375437,-1.2959309552502445,102.4928092956543,0.6,0.2,0.6,0.2,0.3607446760394846,-0.3752188654402888,0.9207120898099557,0.3085908889770508,-0.9511948227882385,0.7855236530303955,0.5202456712722778,1.0941145420074463,-0.4309491515159607,0.9421799182891846,0.6052534632877484,8.0,30.0,-22,38,apf_fsm,1,0.0,0.0
2026-08-18T02:40:45.400+00:00,1787020845.4002318,180657.7830003,21.517420499993023,138,3,AVOID,AVOID,0.245414415410239,0.4629276962620829,1.6483005611907156,103.4858226776123,0.2,0.6,0.2,0.6,0.14439974230958152,2.7697372964967757,1.1214367353060601,-0.31450480222702026,0.9492558836936951,-0.7855236530303955,-0.5202456712722778,-1.1000285148620605,0.42901021242141724,0.9421799182891846,0.4343887909677524,8.0,30.0,-22,38,apf_fsm,1,0.0,0.0
2026-08-18T02:40:45.530+00:00,1787020845.5306025,180657.9137648,21.648184999998193,139,2,AVOID,AVOID,0.49118161386322035,0.5351713421980604,-1.271343366273225,102.15282440185547,0.6,0.2,0.6,0.2,0.3523936290460748,-0.3669507599432783,0.9043926063299467,0.30879783630371094,-0.9511277079582214,0.9186199307441711,0.4793582558631897,1.2274177074432373,-0.47176945209503174,1.0361692905426025,0.6181631356246575,8.0,30.0,-22,38,apf_fsm,1,0.0,0.0
2026-08-18T02:40:45.531+00:00,1787020845.5315952,180657.9144417,21.648861900001066,139,3,AVOID,AVOID,0.24556392000992308,0.4812882193290984,1.657542617169968,103.14559936523438,0.2,0.6,0.2,0.6,0.12715564351111952,2.7998320993216033,1.1422894821516352,-0.3583318889141083,0.9335942268371582,-0.9186199307441711,-0.4793582558631897,-1.276951789855957,0.4542359709739685,1.0361692905426025,0.41551311114598416,8.0,30.0,-22,38,apf_fsm,1,0.0,0.0
2026-08-18T02:40:45.673+00:00,1787020845.6732676,180658.0567759,21.791196100006346,140,2,AVOID,AVOID,0.49211245929057645,0.5319400831480064,-1.2539240307378583,111.60612106323242,0.6,0.2,0.6,0.2,0.3490328641269085,-0.38992492878211216,0.8639991019557461,0.30910423398017883,-0.9510281085968018,0.9396693110466003,0.43782320618629456,1.2487735748291016,-0.5132049322128296,1.0366617441177368,0.6494015694174494,8.0,30.0,-22,38,apf_fsm,1,0.0,0.0
2026-08-18T02:40:45.674+00:00,1787020845.6742766,180658.0576428,21.79206300000078,140,3,AVOID,AVOID,0.24463814239398546,0.48964217716691205,1.7082205930177818,112.61510848999023,0.2,0.6,0.2,0.6,0.11904374329146805,2.785343851593364,1.077123258575582,-0.3749726116657257,0.927035927772522,-0.9396693110466003,-0.43782320618629456,-1.3146419525146484,0.4892127215862274,1.0366617441177368,0.4738635749610771,8.0,30.0,-22,38,apf_fsm,1,0.0,0.0
2026-08-18T02:40:45.813+00:00,1787020845.8137605,180658.1969942,21.931414399994537,141,2,AVOID,AVOID,0.49303148856032863,0.5296288442767096,-1.2306272012397437,107.43427276611328,0.6,0.2,0.6,0.2,0.34655077177639987,-0.40711745876430666,0.823509742475437,0.3086661994457245,-0.9511703848838806,0.9523619413375854,0.40740442276000977,1.2610281705856323,-0.5437659621238708,1.0358433723449707,0.6796508770858866,8.0,30.0,-22,38,apf_fsm,1,0.0,0.0
2026-08-18T02:40:45.814+00:00,1787020845.8147612,180658.1978321,21.932252300000982,141,3,AVOID,AVOID,0.2437877169199805,0.4944057507583962,1.7532603799288442,108.43491554260254,0.2,0.6,0.2,0.6,0.11431320844925263,2.772656805981136,1.0193964260522919,-0.3830503821372986,0.9237274527549744,-0.9523619413375854,-0.40740442276000977,-1.3354122638702393,0.5163230299949646,1.0358433723449707,0.5238801660916036,8.0,30.0,-22,38,apf_fsm,1,0.0,0.0
2026-08-18T02:40:45.953+00:00,1787020845.9530513,180658.3360331,22.07045329999528,142,2,AVOID,AVOID,0.4948252114366347,0.5259546096298215,-1.1917357158571846,107.74374008178711,0.6,0.2,0.6,0.2,0.34250276449727807,-0.4854523577573104,0.7062833580998742,0.30707719922065735,-0.9516845941543579,0.8792702555656433,0.3258141875267029,1.186347484588623,-0.625870406627655,0.9376945495605469,0.7607792653361484,8.0,30.0,-22,38,apf_fsm,1,0.0,0.0
2026-08-18T02:40:45.954+00:00,1787020845.9540567,180658.3368824,22.071302600001218,142,3,AVOID,AVOID,0.23956365362194082,0.5035188118467592,1.8600554442457866,108.7491512298584,0.2,0.6,0.2,0.6,0.10427800513712354,2.697143044293218,0.8370876000474314,-0.37940555810928345,0.9252305626869202,-0.8792702555656433,-0.3258141875267029,-1.2586758136749268,0.5994163751602173,0.9376945495605469,0.6696286906303822,8.0,30.0,-22,38,apf_fsm,1,0.0,0.0
2026-08-18T02:40:46.086+00:00,1787020846.0865443,180658.4696359,22.20405609998852,143,2,AVOID,AVOID,0.5001386825238456,0.518976758827728,-0.9661844771068919,102.49042510986328,0.6,0.2,0.6,0.2,0.33424310823159215,-0.6874755255966347,0.2787089515102572,0.2987684905529022,-0.9543255567550659,0.5821468830108643,0.2310052216053009,0.8809154033660889,-0.7233203649520874,0.626305341720581,0.9614114258078936,24.0,-12.178014715534022,36,18.0,apf_fsm,1,0.0,0.0
2026-08-18T02:40:46.087+00:00,1787020846.0875363,180658.4703687,22.204788899980485,143,3,AVOID,AVOID,0.2368143459086002,0.5077211850644792,2.0106649353474557,103.48248481750488,0.2,0.6,0.2,0.6,0.09935127452922869,2.5094133353624484,0.49874840001499265,-0.3705473244190216,0.928813636302948,-0.5821468830108643,-0.2310052216053009,-0.9526941776275635,0.6978083848953247,0.626305341720581,0.8781819233630801,24.0,-6.8543880009854306,30,18.0,apf_fsm,1,0.0,0.0
2026-08-18T02:40:46.228+00:00,1787020846.2286646,180658.6121772,22.346597399999155,144,2,AVOID,AVOID,0.5086803064788834,0.5117828036703113,-0.7043993676962432,112.73026466369629,0.6,0.2,0.6,0.2,0.32488121381408086,-1.096175598030472,-0.3917762303342287,0.28108641505241394,-0.9596824645996094,0.15522633492946625,0.11048237234354019,0.436312735080719,-0.8492000699043274,0.1905297040939331,0.9242322989757684,24.0,-27.384743667899293,51,-18.0,apf_fsm,1,0.0,0.0
2026-08-18T02:40:46.229+00:00,1787020846.2296646,180658.6129193,22.347339500003727,144,3,AVOID,AVOID,0.23339113484285037,0.5113689378068321,2.1691069803909535,113.73019218444824,0.2,0.6,0.2,0.6,0.09471237021415209,2.1223604794036213,-0.04674650098733224,-0.35255303978919983,0.9357917904853821,-0.15522633492946625,-0.11048237234354019,-0.5077793598175049,0.8253093957901001,0.1905297040939331,0.9989075812771262,24.0,-19.559786544954694,43,18.0,apf_fsm,1,0.0,0.0
2026-08-18T02:40:46.400+00:00,1787020846.4000607,180658.7829064,22.517326600005617,145,2,RUN,AVOID,0.5159377348500257,0.5082995505285706,-0.5248103535684131,134.68194007873535,0.6,0.2,0.6,0.2,0.3195544981349241,-1.3046029425921577,-0.7797925890237446,0.2630608081817627,-0.964779257774353,0.0,0.0,0.2630608081817627,-0.964779257774353,0.0,0.15,8.0,-35.0,43,-27,apf_fsm,1,0.0,0.0
2026-08-18T02:40:46.403+00:00,1787020846.4030628,180658.7860085,22.520428699994227,145,3,RUN,AVOID,0.22547578935288126,0.5143847623947451,2.5455286612365087,137.68410682678223,0.2,0.6,0.2,0.6,0.08932516304690763,1.8600143398812148,-0.6855143213552939,-0.2852028012275696,0.9584671854972839,0.0,0.0,-0.2852028012275696,0.9584671854972839,0.0,0.15,6.252761413283534,-35.0,41,-28,apf_fsm,1,0.0,0.0
2026-08-18T02:40:46.560+00:00,1787020846.5606182,180658.943827,22.67824720000499,146,2,RUN,RUN,0.5204680500508286,0.5062435161329669,-0.4349992958773855,122.5590705871582,0.6,0.2,0.6,0.2,0.31640231073144875,-1.3167077292441363,-0.8817084333667508,0.2513633668422699,-0.9678927659988403,0.0,0.0,0.2513633668422699,-0.9678927659988403,0.0,0.15,8.0,-30.0,38,-22,apf_fsm,1,0.0,0.0
2026-08-18T02:40:46.562+00:00,1787020846.562512,180658.9450775,22.679497699980857,146,3,RUN,RUN,0.22248268526376094,0.5156944797903809,2.619488757840053,123.33130836486816,0.2,0.6,0.2,0.6,0.08725188751244199,1.8314121720546497,-0.7880765857854033,-0.2576756477355957,0.9662314653396606,0.0,0.0,-0.2576756477355957,0.9662314653396606,0.0,0.15,6.10763212587094,-30.0,36,-23,apf_fsm,1,0.0,0.0
2026-08-18T02:40:46.704+00:00,1787020846.704454,180659.0873297,22.821749900002033,147,2,RUN,RUN,0.5222903531929789,0.5051478091142136,-0.4271522115625336,114.96233940124512,0.6,0.2,0.6,0.2,0.3148872411103323,-1.3214344278894488,-0.8942822163269152,0.24678564071655273,-0.9690700769424438,0.0,0.0,0.24678564071655273,-0.9690700769424438,0.0,0.15,8.0,-30.0,38,-22,apf_fsm,1,0.0,0.0
2026-08-18T02:40:46.704+00:00,1787020846.704454,180659.0878883,22.82230850000633,147,3,RUN,RUN,0.21868834877982724,0.5174091728637339,2.606849976830022,114.96233940124512,0.2,0.6,0.2,0.6,0.0846787996323109,1.793325266398354,-0.8135247104316681,-0.22069691121578217,0.9753424525260925,0.0,0.0,-0.22069691121578217,0.9753424525260925,0.0,0.15,5.9275159742617625,-30.0,35,-24,apf_fsm,1,0.0,0.0
2026-08-18T02:40:46.840+00:00,1787020846.8408263,180659.223525,22.95794520000345,148,2,RUN,RUN,0.5222903531929789,0.5051478091142136,-0.4380993030390541,106.06861114501953,0.6,0.2,0.6,0.2,0.3148872411103323,-1.3214344278894488,-0.8833351248503947,0.24678564071655273,-0.9690700769424438,0.0,0.0,0.24678564071655273,-0.9690700769424438,0.0,0.15,8.0,-30.0,38,-22,apf_fsm,1,0.0,0.0
2026-08-18T02:40:46.840+00:00,1787020846.8408263,180659.2241861,22.95860630000243,148,3,RUN,RUN,0.20846294542576377,0.5275122260309736,2.498565756828145,106.06861114501953,0.2,0.6,0.2,0.6,0.07298012620065901,1.6870201379305771,-0.811545618897568,-0.11596233397722244,0.9932536482810974,0.0,0.0,-0.11596233397722244,0.9932536482810974,0.0,0.15,5.108608834046131,-30.0,35,-24,apf_fsm,1,0.0,0.0
2026-08-18T02:40:46.986+00:00,1787020846.9863887,180659.369625,23.104045199987013,149,2,RUN,RUN,0.5280598944123072,0.4988512895854078,-0.5832375943638369,113.6777400970459,0.6,0.2,0.6,0.2,0.3073881456380998,-1.334568678831251,-0.751331084467414,0.23403669893741608,-0.9722276926040649,0.0,0.0,0.23403669893741608,-0.9722276926040649,0.0,0.15,8.0,-30.0,38,-22,apf_fsm,1,0.0,0.0
2026-08-18T02:40:46.987+00:00,1787020846.9873888,180659.3701695,23.10458970000036,149,3,RUN,RUN,0.20540914053019893,0.531215984984684,2.400262493766107,114.67790603637695,0.2,0.6,0.2,0.6,0.06899637325905363,1.6492743256292959,-0.7509881681368109,-0.07839746028184891,0.9969220757484436,0.0,0.0,-0.07839746028184891,0.9969220757484436,0.0,0.15,4.8297461281337535,-30.0,34,-25,apf_fsm,1,0.0,0.0
2026-08-18T02:40:47.122+00:00,1787020847.1222162,180659.5055591,23.23997930000769,150,2,RUN,RUN,0.53351577107741,0.4906486764583704,-0.828936028443443,103.54924201965332,0.6,0.2,0.6,0.2,0.2981556738055371,-1.3459208671280025,-0.5169848386845595,0.22298495471477509,-0.9748218655586243,0.0,0.0,0.22298495471477509,-0.9748218655586243,0.0,0.3487873074110691,24.41511151877484,4.407823447407873,20,28,apf_fsm,1,0.0,0.0
2026-08-18T02:40:47.124+00:00,1787020847.1241722,180659.5068052,23.24122540000826,150,3,RUN,RUN,0.20022876093047234,0.5384698125138739,2.269900806624574,104.54654693603516,0.2,0.6,0.2,0.6,0.061530612735784876,1.5745141746229894,-0.6953866320015847,-0.003717839252203703,0.999993085861206,0.0,0.0,-0.003717839252203703,0.999993085861206,0.0,0.15,4.307142891504942,-30.0,34,-25,apf_fsm,1,0.0,0.0
2026-08-18T02:40:47.260+00:00,1787020847.2603638,180659.6435473,23.377967499982333,151,2,RUN,RUN,0.5373253047347426,0.4810619100075328,-1.0299340387344136,101.71651840209961,0.6,0.2,0.6,0.2,0.28796512754789483,-1.3513934866148145,-0.32145944788040093,0.21764680743217468,-0.9760275483131409,0.0,0.0,0.21764680743217468,-0.9760275483131409,0.0,0.7628030782204464,35.0,3.6287941993415394,31,38,apf_fsm,1,0.0,0.0
2026-08-18T02:40:47.262+00:00,1787020847.262266,180659.6451116,23.379531799990218,151,3,RUN,RUN,0.1935298231088319,0.5537332175144278,2.102683713764728,103.61862182617188,0.2,0.6,0.2,0.6,0.04671700279951884,1.4318524344893906,-0.6708312792753375,0.1384972631931305,0.990362823009491,0.0,0.0,0.1384972631931305,0.990362823009491,0.0,0.15,3.2701901959663187,-30.0,33,-26,apf_fsm,1,0.0,0.0
2026-08-18T02:40:47.404+00:00,1787020847.4049647,180659.788979,23.523399199999403,152,2,RUN,RUN,0.5386989575344475,0.47456571680665477,-1.204249675315147,114.11166191101074,0.6,0.2,0.6,0.2,0.28132570208375135,-1.3511334645584077,-0.14688378924326062,0.2179005891084671,-0.9759709239006042,0.0,0.0,0.2179005891084671,-0.9759709239006042,0.0,1.0,35.0,4.641310159867304,30,39,apf_fsm,1,0.0,0.0
2026-08-18T02:40:47.407+00:00,1787020847.4073398,180659.7899691,23.52438930000062,152,3,RUN,RUN,0.19053493184364567,0.5650583249776091,1.9859191234236475,114.11166191101074,0.2,0.6,0.2,0.6,0.03620094154265614,1.306262633019342,-0.6796564904043054,0.26145920157432556,0.9652144908905029,0.0,0.0,0.26145920157432556,0.9652144908905029,0.0,0.15,2.5340659079859296,-30.0,32,-27,apf_fsm,1,0.0,0.0
2026-08-18T02:40:47.541+00:00,1787020847.5416436,180659.9252084,23.65962859999854,153,2,RUN,RUN,0.5386948756282424,0.4699525696371609,-1.3331247605055756,106.49371147155762,0.6,0.2,0.6,0.2,0.27682613339051443,-1.3474878620118729,-0.014363101506297271,0.22145713865756989,-0.9751700758934021,0.0,0.0,0.22145713865756989,-0.9751700758934021,0.0,1.0,35.0,4.4945930557307445,30,39,apf_fsm,1,0.0,0.0
2026-08-18T02:40:47.542+00:00,1787020847.5427105,180659.9257973,23.660217500000726,153,3,RUN,RUN,0.18998805184965156,0.5741203003569681,1.8002962760349837,107.56063461303711,0.2,0.6,0.2,0.6,0.027748837081557263,1.201664333821088,-0.5986319422138957,0.36080601811408997,0.9326408505439758,0.0,0.0,0.36080601811408997,0.9326408505439758,0.0,0.17590342587003188,2.2778539030591403,-6.2136203432246635,18.0,-18.0,apf_fsm,1,0.0,0.0
2026-08-18T02:40:47.690+00:00,1787020847.6907601,180660.0741514,23.808571600005962,154,2,RUN,RUN,0.5385280552820226,0.4677319947623669,-1.3744773859673436,115.66543579101562,0.6,0.2,0.6,0.2,0.27469841828238856,-1.3451054621045313,0.029371923862812288,0.22377976775169373,-0.9746397733688354,0.0,0.0,0.22377976775169373,-0.9746397733688354,0.0,1.0,35.0,1.8244451265469575,33,36,apf_fsm,1,0.0,0.0
2026-08-18T02:40:47.692+00:00,1787020847.6921618,180660.0750758,23.809496000001673,154,3,RUN,RUN,0.19067535014378567,0.5780615492333099,1.652754620593927,117.06709861755371,0.2,0.6,0.2,0.6,0.02383788407102198,1.1688944457195807,-0.4838601748743463,0.39116936922073364,0.9203186631202698,0.0,0.0,0.39116936922073364,0.9203186631202698,0.0,0.4189272169327086,4.660291268004299,-1.0214156290781822,18.0,18.0,apf_fsm,1,0.0,0.0
2026-08-18T02:40:47.818+00:00,1787020847.8180306,180660.2061163,23.940536499983864,155,2,RUN,RUN,0.5381619923773432,0.4630835121135531,-1.4448283657332557,96.98820114135742,0.6,0.2,0.6,0.2,0.27025335064110084,-1.3399361644143026,0.10489220131895305,0.22881494462490082,-0.9734699130058289,0.0,0.0,0.22881494462490082,-0.9734699130058289,0.0,1.0,35.0,3.692131724154457,31,38,apf_fsm,1,0.0,0.0
2026-08-18T02:40:47.961+00:00,1787020847.9614773,180660.3443626,24.078782800002955,156,2,RUN,RUN,0.5379236668785712,0.45537160289167067,-1.4862346138469276,102.34546661376953,0.6,0.2,0.6,0.2,0.2628081556901607,-1.3323388949964008,0.15389571885052677,0.23620399832725525,-0.9717035293579102,0.0,0.0,0.23620399832725525,-0.9717035293579102,0.0,1.0,35.0,3.2540803021103484,31,38,apf_fsm,1,0.0,0.0
2026-08-18T02:40:48.099+00:00,1787020848.0992787,180660.4827672,24.21718740000506,157,2,RUN,RUN,0.5381081171923268,0.44698527212339023,-1.4862346138469276,101.67193412780762,0.6,0.2,0.6,0.2,0.25462193503966596,-1.3252630496507671,0.16097156419616043,0.24307365715503693,-0.9700078964233398,0.0,0.0,0.24307365715503693,-0.9700078964233398,0.0,1.0,35.0,1.8573702290587824,33,36,apf_fsm,1,0.0,0.0
2026-08-18T02:40:48.231+00:00,1787020848.2310615,180660.6139208,24.34834100000444,158,2,RUN,RUN,0.5384476203227138,0.44081265719472834,-1.4862346138469276,100.53300857543945,0.6,0.2,0.6,0.2,0.24855468474587747,-1.3205514732346322,0.1656831406122954,0.2476411908864975,-0.9688518047332764,0.0,0.0,0.2476411908864975,-0.9688518047332764,0.0,1.0,35.0,1.8217365806876773,33,36,apf_fsm,1,0.0,0.0
2026-08-18T02:40:48.368+00:00,1787020848.3681371,180660.7511191,24.485539299988886,159,2,RUN,RUN,0.5387581101313308,0.43669445016722047,-1.4722176511049812,105.3769588470459,0.6,0.2,0.6,0.2,0.24448891961528443,-1.317610541632648,0.15460710947233314,0.2504894435405731,-0.9681193232536316,0.0,0.0,0.2504894435405731,-0.9681193232536316,0.0,1.0,35.0,1.1584100048246526,33,36,apf_fsm,1,0.0,0.0
2026-08-18T02:40:48.509+00:00,1787020848.509798,180660.8930977,24.62751789999311,160,2,RUN,RUN,0.5400904918919469,0.42390826752252647,-1.4341267481993576,108.76345634460449,0.6,0.2,0.6,0.2,0.23178451507097741,-1.3093575403798545,0.12476920781950307,0.25847071409225464,-0.9660190939903259,0.0,0.0,0.25847071409225464,-0.9660190939903259,0.0,1.0,35.0,0.20336552034597832,34,35,apf_fsm,1,0.0,0.0
2026-08-18T02:40:48.651+00:00,1787020848.6515315,180661.0381249,24.77254509998602,161,2,RUN,RUN,0.5439864450664602,0.4008094896567002,-1.3894612963041328,104.91657257080078,0.6,0.2,0.6,0.2,0.20847534499905992,-1.2987719559373836,0.09068934036674925,0.26868191361427307,-0.9632289409637451,0.0,0.0,0.26868191361427307,-0.9632289409637451,0.0,1.0,35.0,-0.2859019571788912,35,34,apf_fsm,1,0.0,0.0
2026-08-18T02:40:48.792+00:00,1787020848.7929978,180661.1757777,24.910197899997,162,2,RUN,RUN,0.5456697350268654,0.39191726225675544,-1.3708295216367,105.93676567077637,0.6,0.2,0.6,0.2,0.19945930222523905,-1.2949226041122333,0.07590691752446665,0.27238771319389343,-0.9621875286102295,0.0,0.0,0.27238771319389343,-0.9621875286102295,0.0,1.0,35.0,0.24168437576477575,34,35,apf_fsm,1,0.0,0.0
2026-08-18T02:40:48.928+00:00,1787020848.9284222,180661.3110966,25.045516799989855,163,2,RUN,RUN,0.5465679865374424,0.38717219496867283,-1.3708295216367,103.32679748535156,0.6,0.2,0.6,0.2,0.19464945577127568,-1.2927226994297274,0.07810682220697251,0.27450379729270935,-0.961586058139801,0.0,0.0,0.27450379729270935,-0.961586058139801,0.0,1.0,35.0,0.8580648859574302,34,35,apf_fsm,1,0.0,0.0
2026-08-18T02:40:49.061+00:00,1787020849.0611234,180661.4443862,25.17880639998475,164,2,RUN,RUN,0.5493470981259864,0.3751913681588684,-1.3614400324033693,104.41350936889648,0.6,0.2,0.6,0.2,0.1823670253791365,-1.289342543677893,0.07209748872547639,0.27775251865386963,-0.9606526494026184,0.0,0.0,0.27775251865386963,-0.9606526494026184,0.0,1.0,35.0,0.5106482154023995,34,35,apf_fsm,1,0.0,0.0
2026-08-18T02:40:49.200+00:00,1787020849.2004895,180661.5833533,25.317773499991745,165,2,RUN,RUN,0.5523586357915261,0.36484086181200165,-1.341722137400518,105.72028160095215,0.6,0.2,0.6,0.2,0.17158732268605356,-1.2894484064817708,0.0522737309187471,0.2776508331298828,-0.9606820940971375,0.0,0.0,0.2776508331298828,-0.9606820940971375,0.0,1.0,35.0,-0.17109421404805425,35,34,apf_fsm,1,0.0,0.0
2026-08-18T02:40:49.335+00:00,1787020849.335763,180661.7184095,25.452829699992435,166,2,RUN,RUN,0.5541736892043077,0.35907672415790187,-1.341722137400518,102.45919227600098,0.6,0.2,0.6,0.2,0.16554592997096784,-1.290313838579192,0.051408298821326026,0.2768193185329437,-0.9609220027923584,0.0,0.0,0.2768193185329437,-0.9609220027923584,0.0,1.0,35.0,0.4837928648035228,34,35,apf_fsm,1,0.0,0.0
2026-08-18T02:40:49.466+00:00,1787020849.4668677,180661.8498216,25.5842417999811,167,2,RUN,RUN,0.5570379307321519,0.34773926066807337,-1.3236376224040631,101.40800476074219,0.6,0.2,0.6,0.2,0.15385911912696076,-1.2878043006910385,0.03583332171302467,0.27922990918159485,-0.9602242708206177,0.0,0.0,0.27922990918159485,-0.9602242708206177,0.0,1.0,35.0,-0.18679098166030084,35,34,apf_fsm,1,0.0,0.0
2026-08-18T02:40:49.612+00:00,1787020849.612319,180661.9952252,25.72964539998793,168,2,RUN,RUN,0.5583935695185039,0.34198605229630735,-1.3236376224040631,103.66225242614746,0.6,0.2,0.6,0.2,0.14795652775089474,-1.285744563968283,0.03789305843578017,0.2812071144580841,-0.9596470594406128,0.0,0.0,0.2812071144580841,-0.9596470594406128,0.0,1.0,35.0,0.4510213696542442,34,35,apf_fsm,1,0.0,0.0
2026-08-18T02:40:49.755+00:00,1787020849.7559063,180662.1413558,25.87577600000077,169,2,RUN,RUN,0.5603302793143314,0.3352732139542751,-1.3236376224040631,112.46347427368164,0.6,0.2,0.6,0.2,0.1409699583343843,-1.2855378334635559,0.03809978894050725,0.281405508518219,-0.9595889449119568,0.0,0.0,0.281405508518219,-0.9595889449119568,0.0,1.0,35.0,0.38823345707052037,34,35,apf_fsm,1,0.0,0.0
2026-08-18T02:40:49.892+00:00,1787020849.892399,180662.2749497,26.00936989998445,170,2,RUN,RUN,0.5649781855290306,0.3193945871762825,-1.3137723039715699,102.29277610778809,0.6,0.2,0.6,0.2,0.12442505750785861,-1.2854715100292435,0.02830079394232632,0.2814691364765167,-0.9595702290534973,0.0,0.0,0.2814691364765167,-0.9595702290534973,0.0,1.0,35.0,-0.059956885513069436,35,34,apf_fsm,1,0.0,0.0
2026-08-18T02:40:50.025+00:00,1787020850.0253038,180662.4081756,26.142595799989067,171,2,RUN,RUN,0.5665196645758964,0.31513629958080336,-1.3137723039715699,103.38258743286133,0.6,0.2,0.6,0.2,0.1199053807853133,-1.287811534307422,0.025960769664147954,0.2792229652404785,-0.96022629737854,0.0,0.0,0.2792229652404785,-0.96022629737854,0.0,1.0,35.0,0.17770684690523675,34,35,apf_fsm,1,0.0,0.0
2026-08-18T02:40:50.160+00:00,1787020850.1608512,180662.5434089,26.277829099999508,172,2,RUN,RUN,0.5694007631497207,0.3044693438139689,-1.2734264414362655,106.13298416137695,0.6,0.2,0.6,0.2,0.10885842683385026,-1.285864502927891,-0.012438061491625518,0.2810920178890228,-0.9596807956695557,0.0,0.0,0.2810920178890228,-0.9596807956695557,0.0,1.0,35.0,-1.4683397053683267,36,33,apf_fsm,1,0.0,0.0
2026-08-18T02:40:50.294+00:00,1787020850.2945862,180662.6775894,26.412009599996964,173,2,RUN,RUN,0.5722380992252453,0.2954640887738553,-1.2552746975476181,101.64070129394531,0.6,0.2,0.6,0.2,0.0994188884470645,-1.287792019719918,-0.032517322172299856,0.2792417109012604,-0.9602208733558655,0.0,0.0,0.2792417109012604,-0.9602208733558655,0.0,1.0,35.0,-1.0279473455466004,36,33,apf_fsm,1,0.0,0.0
2026-08-18T02:40:50.425+00:00,1787020850.4259052,180662.8090461,26.543466300005093,174,2,RUN,RUN,0.5748124361941933,0.2866869927180232,-1.2552746975476181,102.37407684326172,0.6,0.2,0.6,0.2,0.09027207805831321,-1.288024656765914,-0.03274995921829582,0.2790183126926422,-0.9602857828140259,0.0,0.0,0.2790183126926422,-0.9602857828140259,0.0,1.0,35.0,-0.335641888792817,35,34,apf_fsm,1,0.0,0.0
2026-08-18T02:40:50.565+00:00,1787020850.5653481,180662.9485735,26.682993700000225,175,2,RUN,RUN,0.5765148575759385,0.281840320197561,-1.2552746975476181,108.79778861999512,0.6,0.2,0.6,0.2,0.08514334926885225,-1.2913425818343505,-0.036067884286732355,0.27583062648773193,-0.9612062573432922,0.0,0.0,0.27583062648773193,-0.9612062573432922,0.0,1.0,35.0,-0.4768062202626022,35,34,apf_fsm,1,0.0,0.0
2026-08-18T02:40:50.708+00:00,1787020850.7082467,180663.090864,26.825284199992893,176,2,RUN,RUN,0.580241572158684,0.27015892845674766,-1.2552746975476181,113.46697807312012,0.6,0.2,0.6,0.2,0.07288806975739943,-1.296282460338867,-0.04100776279124885,0.27107903361320496,-0.9625570774078369,0.0,0.0,0.27107903361320496,-0.9625570774078369,0.0,1.0,34.01443255345307,-0.5829733755705657,34,33,apf_fsm,1,0.0,0.0
2026-08-18T02:40:50.840+00:00,1787020850.8409133,180663.2238362,26.958256399986567,177,2,RUN,RUN,0.5813411096367896,0.266758981781975,-1.2552746975476181,100.80909729003906,0.6,0.2,0.6,0.2,0.06931750023011772,-1.298254752512898,-0.0429800549652799,0.2691800892353058,-0.9630899429321289,0.0,0.0,0.2691800892353058,-0.9630899429321289,0.0,1.0,32.34816677405494,-0.4988307757438859,32,31,apf_fsm,1,0.0,0.0
2026-08-18T02:40:50.974+00:00,1787020850.9749756,180663.357878,27.092298200004734,178,2,RUN,RUN,0.5831999676349151,0.26021957748426316,-1.2552746975476181,102.87666320800781,0.6,0.2,0.6,0.2,0.06251910587853182,-1.2987341094232068,-0.04345941187558866,0.2687183618545532,-0.9632187485694885,0.0,0.0,0.2687183618545532,-0.9632187485694885,0.0,1.0,29.175582743314852,-0.4513716106166932,29,28,apf_fsm,1,0.0,0.0
2026-08-18T02:40:51.137+00:00,1787020851.137371,180663.5201498,27.254569999990053,179,2,RUN,RUN,0.585745087944912,0.25062496676525625,-1.2552746975476181,126.13821029663086,0.6,0.2,0.6,0.2,0.05259362867954247,-1.2963243143411505,-0.04104961679353236,0.2710387408733368,-0.9625684022903442,0.0,0.0,0.2710387408733368,-0.9625684022903442,0.0,1.0,24.543693383786486,-0.32615334006335317,24,24,apf_fsm,1,0.0,0.0
2026-08-18T02:40:51.269+00:00,1787020851.2690146,180663.6519435,27.38636370000313,180,2,RUN,RUN,0.5893223544393162,0.23657360811072078,-1.2552746975476181,104.17032241821289,0.6,0.2,0.6,0.2,0.03810040583715834,-1.2867415831540117,-0.031466885606393546,0.2802501916885376,-0.959926962852478,0.0,0.0,0.2802501916885376,-0.959926962852478,0.0,1.0,18,0.020726735485923076,18.0,18,apf_fsm,1,0.0,0.0
2026-08-18T02:40:51.398+00:00,1787020851.3982787,180663.7810586,27.515478799992707,181,2,RUN,RUN,0.5909613205393583,0.2306321709343404,-1.2552746975476181,102.44202613830566,0.6,0.2,0.6,0.2,0.03193787129009812,-1.2838672609764166,-0.028592563428798456,0.2830081880092621,-0.9591175317764282,0.0,0.0,0.2830081880092621,-0.9591175317764282,0.0,1.0,18,-0.18532435807215641,18,18.0,apf_fsm,1,0.0,0.0
2026-08-18T02:40:51.528+00:00,1787020851.5284848,180663.9116686,27.64608879998559,182,2,RUN,RUN,0.5921567592116912,0.2247928698657435,-1.2793618662781916,99.78628158569336,0.6,0.2,0.6,0.2,0.026003900135231305,-1.2644072479720145,0.014954618306177059,0.3016178607940674,-0.9534289240837097,0.0,0.0,0.3016178607940674,-0.9534289240837097,0.0,1.0,12.135153396441275,1.6736975437859136,18.0,18.0,apf_fsm,1,0.0,0.0
