wall_time_iso,t_wall,t_perf,session_elapsed_s,cycle_id,robot_id,state,previous_state,x,y,yaw,pose_age_ms,waypoint_x,waypoint_y,final_goal_x,final_goal_y,distance_error,desired_heading,angle_error,u_att_x,u_att_y,u_rep_x,u_rep_y,u_res_x,u_res_y,repulsion_norm,align_factor,linear_cmd,angular_cmd,left_cmd,right_cmd,controller_mode,avoid_enabled,requested_delay_ms,jitter_ms
2026-08-18T01:57:51.016+00:00,1787018271.0163972,178083.4308861,0.2980092999932822,1,2,APF,ORIENT,0.20516461735059477,0.6301965344467917,3.1207376668693545,399.2142677307129,1.0,0.625,1.0,0.625,0.7948523696144355,-0.006537782211232455,-3.127275449080587,0.9999786019325256,-0.006537735462188721,0.0,0.0,0.9999786019325256,-0.006537735462188721,0.0,0.0,0,-35.0,35,-35,apf_puro,1,0.0,0.0
2026-08-18T01:57:51.017+00:00,1787018271.0173845,178083.4320977,0.2992208999930881,1,3,APF,ORIENT,1.003407248077948,0.6239417651882065,1.9924306967578387,401.2143611907959,0.2,0.625,0.2,0.625,0.8034079450223892,3.1402754707345184,1.1478447739766797,-0.9999991059303284,0.001317182439379394,0.0,0.0,-0.9999991059303284,0.001317182439379394,0.0,0.41045370324685215,28.73175922727965,35.0,-18.0,63,apf_puro,1,0.0,0.0
2026-08-18T01:57:51.153+00:00,1787018271.1532032,178083.567726,0.4348492000135593,2,2,APF,APF,0.20516461735059477,0.6301965344467917,3.1207376668693545,111.3438606262207,1.0,0.625,1.0,0.625,0.7948523696144355,-0.006537782211232455,-3.127275449080587,0.9999786019325256,-0.006537735462188721,0.0,0.0,0.9999786019325256,-0.006537735462188721,0.0,0.0,0,-35.0,35,-35,apf_puro,1,0.0,0.0
2026-08-18T01:57:51.154+00:00,1787018271.1542048,178083.5687213,0.4358444999961648,2,3,APF,APF,1.003407248077948,0.6239417651882065,1.9924306967578387,112.34188079833984,0.2,0.625,0.2,0.625,0.8034079450223892,3.1402754707345184,1.1478447739766797,-0.9999991059303284,0.001317182439379394,0.0,0.0,-0.9999991059303284,0.001317182439379394,0.0,0.41045370324685215,28.73175922727965,14.562005202478767,18.0,43,apf_puro,1,0.0,0.0
2026-08-18T01:57:51.303+00:00,1787018271.3039334,178083.718493,0.585616199998185,3,2,APF,APF,0.20516461735059477,0.6301965344467917,3.1207376668693545,122.4970817565918,1.0,0.625,1.0,0.625,0.7948523696144355,-0.006537782211232455,-3.127275449080587,0.9999786019325256,-0.006537735462188721,0.0,0.0,0.9999786019325256,-0.006537735462188721,0.0,0.0,0,-35.0,35,-35,apf_puro,1,0.0,0.0
2026-08-18T01:57:51.303+00:00,1787018271.3039334,178083.7194698,0.5865930000145454,3,3,APF,APF,1.003407248077948,0.6239417651882065,1.9924306967578387,123.12936782836914,0.2,0.625,0.2,0.625,0.8034079450223892,3.1402754707345184,1.1478447739766797,-0.9999991059303284,0.001317182439379394,0.0,0.0,-0.9999991059303284,0.001317182439379394,0.0,0.41045370324685215,28.73175922727965,14.562005202478767,18.0,43,apf_puro,1,0.0,0.0
2026-08-18T01:57:51.457+00:00,1787018271.4575303,178083.8722912,0.7394144000136293,4,2,APF,APF,0.20516461735059477,0.6301965344467917,3.1036297609841244,124.13763999938965,1.0,0.625,1.0,0.625,0.7948523696144355,-0.006537782211232455,-3.110167543195357,0.9999786019325256,-0.006537735462188721,0.0,0.0,0.9999786019325256,-0.006537735462188721,0.0,0.0,0,-35.0,35,-35,apf_puro,1,0.0,0.0
2026-08-18T01:57:51.457+00:00,1787018271.4575303,178083.8734869,0.7406101000087801,4,3,APF,APF,1.003407248077948,0.6239417651882065,1.9924306967578387,124.13763999938965,0.2,0.625,0.2,0.625,0.8034079450223892,3.1402754707345184,1.1478447739766797,-0.9999991059303284,0.001317182439379394,0.0,0.0,-0.9999991059303284,0.001317182439379394,0.0,0.41045370324685215,28.73175922727965,14.562005202478767,18.0,43,apf_puro,1,0.0,0.0
2026-08-18T01:57:51.596+00:00,1787018271.5967174,178084.0120348,0.8791579999960959,5,2,APF,APF,0.20516461735059477,0.6301965344467917,3.0816117757404777,112.00594902038574,1.0,0.625,1.0,0.625,0.7948523696144355,-0.006537782211232455,-3.08814955795171,0.9999786019325256,-0.006537735462188721,0.0,0.0,0.9999786019325256,-0.006537735462188721,0.0,0.0,0,-35.0,35,-35,apf_puro,1,0.0,0.0
2026-08-18T01:57:51.598+00:00,1787018271.5987182,178084.0134205,0.8805437000119127,5,3,APF,APF,1.003407248077948,0.6239417651882065,2.030293477162137,114.00675773620605,0.2,0.625,0.2,0.625,0.8034079450223892,3.1402754707345184,1.1099819935723816,-0.9999991059303284,0.001317182439379394,0.0,0.0,-0.9999991059303284,0.001317182439379394,0.0,0.444677645003171,31.127435150221967,11.396888049465533,19,42,apf_puro,1,0.0,0.0
2026-08-18T01:57:51.736+00:00,1787018271.7362127,178084.151359,1.018482200015569,6,2,APF,APF,0.20516461735059477,0.6301965344467917,3.041629726029123,111.57703399658203,1.0,0.625,1.0,0.625,0.7948523696144355,-0.006537782211232455,-3.0481675082403554,0.9999786019325256,-0.006537735462188721,0.0,0.0,0.9999786019325256,-0.006537735462188721,0.0,0.0,0,-35.0,35,-35,apf_puro,1,0.0,0.0
2026-08-18T01:57:51.737+00:00,1787018271.7372093,178084.1521469,1.0192701000196394,6,3,APF,APF,1.003407248077948,0.6239417651882065,2.0887277431242284,113.84773254394531,0.2,0.625,0.2,0.625,0.8034079450223892,3.1402754707345184,1.05154772761029,-0.9999991059303284,0.001317182439379394,0.0,0.0,-0.9999991059303284,0.001317182439379394,0.0,0.4962279175958263,34.735954231707844,8.5661297268679,26,43,apf_puro,1,0.0,0.0
2026-08-18T01:57:51.863+00:00,1787018271.8638568,178084.278378,1.145501199993305,7,2,APF,APF,0.20519223613149387,0.6323313166133513,2.5395241369270236,100.07691383361816,1.0,0.625,1.0,0.625,0.7948415752267494,-0.009223750823360638,-2.5487478877503844,0.9999575018882751,-0.009223620407283306,0.0,0.0,0.9999575018882751,-0.009223620407283306,0.0,0.0,0,-20.01948040088714,20,-20,apf_puro,1,0.0,0.0
2026-08-18T01:57:51.863+00:00,1787018271.8638568,178084.2789831,1.1461063000024296,7,3,APF,APF,1.003407248077948,0.6239417651882065,2.124000649671412,101.06849670410156,0.2,0.625,0.2,0.625,0.8034079450223892,3.1402754707345184,1.0162748210631065,-0.9999991059303284,0.001317182439379394,0.0,0.0,-0.9999991059303284,0.001317182439379394,0.0,0.5265365674059861,35.0,8.928196481479642,26,43,apf_puro,1,0.0,0.0
2026-08-18T01:57:52.003+00:00,1787018272.003941,178084.4187527,1.28587590000825,8,2,APF,APF,0.20554342047075308,0.634035472442188,2.4010380675723244,109.80582237243652,1.0,0.625,1.0,0.625,0.7945079587515559,-0.0113726577397458,-2.4124107253120703,0.9999353289604187,-0.01137241255491972,0.0,0.0,0.9999353289604187,-0.01137241255491972,0.0,0.0,0,-35.0,35,-35,apf_puro,1,0.0,0.0
2026-08-18T01:57:52.006+00:00,1787018272.0060015,178084.4207763,1.2878994999919087,8,3,APF,APF,1.0013142907843917,0.6255446007534273,2.1741189092868374,111.86623573303223,0.2,0.625,0.2,0.625,0.8013144758490722,-3.140913019253757,0.9681533786389913,-0.9999997615814209,-0.000679634278640151,0.0,0.0,-0.9999997615814209,-0.000679634278640151,0.0,0.5668218180348982,35.0,7.997283301545881,27,42,apf_puro,1,0.0,0.0
2026-08-18T01:57:52.146+00:00,1787018272.1461692,178084.5615764,1.428699600015534,9,2,APF,APF,0.2072575384241988,0.6376198757068379,2.1436229851783657,111.52005195617676,1.0,0.625,1.0,0.625,0.7928429047725134,-0.01591791706624084,-2.1595409022446064,0.9998733401298523,-0.01591724529862404,0.0,0.0,0.9998733401298523,-0.01591724529862404,0.0,0.0,0,-31.86241303771206,31,-31,apf_puro,1,0.0,0.0
2026-08-18T01:57:52.147+00:00,1787018272.1471746,178084.5625067,1.4296298999979626,9,3,APF,APF,0.9969747337771714,0.6301915940849274,2.1741189092868374,112.52546310424805,0.2,0.625,0.2,0.625,0.7969916429476132,-3.1350786198344833,0.973987778058266,-0.99997878074646,-0.006513987667858601,0.0,0.0,-0.99997878074646,-0.006513987667858601,0.0,0.5620055839342106,35.0,9.944081760257273,25,44,apf_puro,1,0.0,0.0
2026-08-18T01:57:52.289+00:00,1787018272.289071,178084.704417,1.571540200005984,10,2,APF,APF,0.2072575384241988,0.6376198757068379,2.09965815321124,109.8165512084961,1.0,0.625,1.0,0.625,0.7928429047725134,-0.01591791706624084,-2.1155760702774806,0.9998733401298523,-0.01591724529862404,0.0,0.0,0.9998733401298523,-0.01591724529862404,0.0,0.0,0,-35.0,35,-35,apf_puro,1,0.0,0.0
2026-08-18T01:57:52.290+00:00,1787018272.290126,178084.7050976,1.5722208000079263,10,3,APF,APF,0.9956529888345313,0.631744018210195,2.1741189092868374,110.87155342102051,0.2,0.625,0.2,0.625,0.7956815697393916,-3.1331167765968972,0.975949621295852,-0.9999641180038452,-0.008475775830447674,0.0,0.0,-0.9999641180038452,-0.008475775830447674,0.0,0.56038179730264,35.0,9.828160726274033,25,44,apf_puro,1,0.0,0.0
2026-08-18T01:57:52.425+00:00,1787018272.4257395,178084.8402665,1.707389699993655,11,2,APF,APF,0.20860017704741604,0.639549378878375,1.882281136064663,106.72879219055176,1.0,0.625,1.0,0.625,0.7915335521600634,-0.01838228943470114,-1.9006634254993642,0.9998310804367065,-0.018381254747509956,0.0,0.0,0.9998310804367065,-0.018381254747509956,0.0,0.0,0,-28.711729219398915,28,-28,apf_puro,1,0.0,0.0
2026-08-18T01:57:52.425+00:00,1787018272.4257395,178084.8409426,1.70806580001954,11,3,APF,APF,0.9918644505385183,0.6366458226324156,2.1366549760880957,107.72299766540527,0.2,0.625,0.2,0.625,0.7919500825250638,-3.1268868745731244,1.0196434565183665,-0.9998918175697327,-0.014705248177051544,0.0,0.0,-0.9998918175697327,-0.014705248177051544,0.0,0.5236697315400951,35.0,11.725718797971671,23,46,apf_puro,1,0.0,0.0
2026-08-18T01:57:52.560+00:00,1787018272.5606477,178084.9761113,1.8432345000037458,12,2,APF,APF,0.20993323010141865,0.6409963260267725,1.773127759416922,104.02393341064453,1.0,0.625,1.0,0.625,0.7902286905347924,-0.02024403684678073,-1.7933717962637026,0.9997950792312622,-0.020242653787136078,0.0,0.0,0.9997950792312622,-0.020242653787136078,0.0,0.0,0,-35.0,35,-35,apf_puro,1,0.0,0.0
2026-08-18T01:57:52.562+00:00,1787018272.5628443,178084.9777014,1.8448246000043582,12,3,APF,APF,0.9849995961634813,0.6489412991176429,2.0777973615385057,106.22048377990723,0.2,0.625,0.2,0.625,0.7853645979927215,-3.11110361942337,1.0942843262177107,-0.9995352029800415,-0.030484309419989586,0.0,0.0,-0.9995352029800415,-0.030484309419989586,0.0,0.4586825350039345,32.107777450275414,15.235482341694699,18.0,47,apf_puro,1,0.0,0.0
2026-08-18T01:57:52.695+00:00,1787018272.6950877,178085.1096475,1.9767707000137307,13,2,APF,APF,0.21376465736947028,0.6432041415822684,1.388085249395967,107.76400566101074,1.0,0.625,1.0,0.625,0.7864460596710329,-0.023149417434175663,-1.4112346668301428,0.9997320771217346,-0.023147350177168846,0.0,0.0,0.9997320771217346,-0.023147350177168846,0.0,0.158885450080055,11.12198150560385,-1.4923113183274723,18.0,18.0,apf_puro,1,0.0,0.0
2026-08-18T01:57:52.695+00:00,1787018272.6950877,178085.1103351,1.9774583000107668,13,3,APF,APF,0.9823578309463417,0.65399398090097,2.0676141498252516,107.76400566101074,0.2,0.625,0.2,0.625,0.7828949013574877,-3.1045498594852527,1.1110212978690814,-0.9993139505386353,-0.03703432157635689,0.0,0.0,-0.9993139505386353,-0.03703432157635689,0.0,0.44374650983977865,31.062255688784504,13.669830628273774,18.0,44,apf_puro,1,0.0,0.0
2026-08-18T01:57:52.819+00:00,1787018272.819985,178085.235239,2.10236220000661,14,2,APF,APF,0.2155158392402089,0.6438257905390926,1.261055981522211,99.92146492004395,1.0,0.625,1.0,0.625,0.7847100157844397,-0.023993063691345753,-1.2850490452135568,0.9997121691703796,-0.02399076148867607,0.0,0.0,0.9997121691703796,-0.02399076148867607,0.0,0.28187451020255727,19.731215714179008,-13.953000712929532,33,18.0,apf_puro,1,0.0,0.0
2026-08-18T01:57:52.820+00:00,1787018272.8209746,178085.2360242,2.1031474000192247,14,3,APF,APF,0.9784473526218449,0.6611559287548703,2.0850747424862126,100.91114044189453,0.2,0.625,0.2,0.625,0.7792865531934233,-3.095179796382451,1.102930768310923,-0.998923122882843,-0.04639619588851929,0.0,0.0,-0.998923122882843,-0.04639619588851929,0.0,0.4509822548168642,31.568757837180495,12.326393680035602,19,43,apf_puro,1,0.0,0.0
2026-08-18T01:57:52.957+00:00,1787018272.9571958,178085.3726157,2.239738900010707,15,2,APF,APF,0.21732603843966541,0.6438075165993534,1.0057860175859665,104.85601425170898,1.0,0.625,1.0,0.625,0.7828998995945671,-0.02402520036831539,-1.029811217954282,0.9997114539146423,-0.024022890254855156,0.0,0.0,0.9997114539146423,-0.024022890254855156,0.0,0.5149806784522379,35.0,-1.3647882254682013,36,33,apf_puro,1,0.0,0.0
2026-08-18T01:57:52.958+00:00,1787018272.9581974,178085.3734755,2.2405987000092864,15,3,APF,APF,0.9670667595107496,0.6750698735125409,2.1875050091192807,105.85761070251465,0.2,0.625,0.2,0.625,0.7686991646801004,-3.0764106555174946,1.0192696425428114,-0.9978764057159424,-0.06513585150241852,0.0,0.0,-0.9978764057159424,-0.06513585150241852,0.0,0.5239881550570279,35.0,7.264557023544205,27,42,apf_puro,1,0.0,0.0
2026-08-18T01:57:53.109+00:00,1787018273.109216,178085.5242146,2.3913378000142984,16,2,APF,APF,0.22121354070144325,0.6430016914043616,0.6474486403849758,116.93310737609863,1.0,0.625,1.0,0.625,0.7789944865531465,-0.023110937836489584,-0.6705595782214654,0.9997329711914062,-0.02310888096690178,0.0,0.0,0.9997329711914062,-0.02310888096690178,0.0,0.7834740529466351,35.0,5.868211608433929,29,40,apf_puro,1,0.0,0.0
2026-08-18T01:57:53.110+00:00,1787018273.1102772,178085.5256014,2.3927246000093874,16,3,APF,APF,0.9639073973939173,0.6783815166428739,2.231519923587925,117.99430847167969,0.2,0.625,0.2,0.625,0.765770264578249,-3.0718264969187734,0.979838886672888,-0.997567355632782,-0.06970957666635513,0.0,0.0,-0.997567355632782,-0.06970957666635513,0.0,0.5571563437306987,35.0,8.418312411281562,26,43,apf_puro,1,0.0,0.0
2026-08-18T01:57:53.250+00:00,1787018273.2500184,178085.6654218,2.5325449999945704,17,2,APF,APF,0.22121354070144325,0.6430016914043616,0.5516289124229808,106.58431053161621,1.0,0.625,1.0,0.625,0.7789944865531465,-0.023110937836489584,-0.5747398502594704,0.9997329711914062,-0.02310888096690178,0.0,0.0,0.9997329711914062,-0.02310888096690178,0.0,0.8393337525013647,35.0,-2.393708023924879,37,32,apf_puro,1,0.0,0.0
2026-08-18T01:57:53.251+00:00,1787018273.2510095,178085.6662475,2.53337069999543,17,3,APF,APF,0.9615485146014126,0.6807743398436584,2.34146750424516,107.5754165649414,0.2,0.625,0.2,0.625,0.7635881855271294,-3.068485116698525,0.8732326862359017,-0.9973288178443909,-0.07304242998361588,0.0,0.0,-0.9973288178443909,-0.07304242998361588,0.0,0.6423523466093553,35.0,5.0011098470644955,29,40,apf_puro,1,0.0,0.0
2026-08-18T01:57:53.385+00:00,1787018273.3856068,178085.8006619,2.667785099998582,18,2,APF,APF,0.2237655618398583,0.6416971400296736,0.40265380618971314,103.55401039123535,1.0,0.625,1.0,0.625,0.7764139987603015,-0.02150711679718744,-0.42416092298690056,0.9997687935829163,-0.021505460143089294,0.0,0.0,0.9997687935829163,-0.021505460143089294,0.0,0.9113843810949235,35.0,1.0286532246709381,33,36,apf_puro,1,0.0,0.0
2026-08-18T01:57:53.386+00:00,1787018273.3862848,178085.8016586,2.668781799991848,18,3,APF,APF,0.9564262321886435,0.6843574648086763,2.4430355790577116,104.2320728302002,0.2,0.625,0.2,0.625,0.7587515755315575,-3.0632822051656063,0.7768675229562678,-0.9969353079795837,-0.07823043316602707,0.0,0.0,-0.9969353079795837,-0.07823043316602707,0.0,0.7131130531598858,35.0,4.3958945147754935,30,39,apf_puro,1,0.0,0.0
2026-08-18T01:57:53.526+00:00,1787018273.5267873,178085.9415692,2.80869239999447,19,2,APF,APF,0.23002244812088724,0.6396988384143409,0.3164861380503129,105.20005226135254,1.0,0.625,1.0,0.625,0.7701178391963679,-0.019087638230988132,-0.33557377628130103,0.9998177886009216,-0.019086478278040886,0.0,0.0,0.9998177886009216,-0.019086478278040886,0.0,0.9442215142322881,35.0,-0.2551876281170271,35,34,apf_puro,1,0.0,0.0
2026-08-18T01:57:53.527+00:00,1787018273.5277522,178085.9423129,2.809436100011226,19,3,APF,APF,0.9483842260065016,0.6887417567033522,2.5384067015346536,106.16493225097656,0.2,0.625,0.2,0.625,0.7510938431933655,-3.056625218292281,0.6881533873526511,-0.9963924288749695,-0.08486523479223251,0.0,0.0,-0.9963924288749695,-0.08486523479223251,0.0,0.7724201369745675,35.0,3.776539127399925,31,38,apf_puro,1,0.0,0.0
2026-08-18T01:57:53.665+00:00,1787018273.6658242,178086.0811181,2.948241300007794,20,2,APF,APF,0.2422095431644739,0.6379424426902223,0.20467987878767016,106.36496543884277,1.0,0.625,1.0,0.625,0.7579009719572768,-0.01707752313311454,-0.2217574019207847,0.9998542070388794,-0.01707669347524643,0.0,0.0,0.9998542070388794,-0.01707669347524643,0.0,0.9755124253587764,35.0,1.7659990834102253,33,36,apf_puro,1,0.0,0.0
2026-08-18T01:57:53.666+00:00,1787018273.6668096,178086.0818191,2.948942300019553,20,3,APF,APF,0.9113589344816431,0.7009710491012616,2.7559967990859815,107.35034942626953,0.2,0.625,0.2,0.625,0.715404175252287,-3.0351988483792556,0.49198965971434916,-0.994345486164093,-0.1061931923031807,0.0,0.0,-0.994345486164093,-0.1061931923031807,0.0,0.8813947273925524,35.0,-1.9458338701970757,36,33,apf_puro,1,0.0,0.0
2026-08-18T01:57:53.792+00:00,1787018273.7920423,178086.2071255,3.0742486999952234,21,2,APF,APF,0.24823935974268416,0.6374003213339069,0.14805263002160904,99.31039810180664,1.0,0.625,1.0,0.625,0.7518629051956703,-0.016493543037493442,-0.1645461730591025,0.9998639822006226,-0.016492795199155807,0.0,0.0,0.9998639822006226,-0.016492795199155807,0.0,0.9864927958958835,35.0,0.3569312795678521,34,35,apf_puro,1,0.0,0.0
2026-08-18T01:57:53.794+00:00,1787018273.7940392,178086.2085063,3.075629500002833,21,3,APF,APF,0.9072764617072282,0.7020989623473619,2.791281105521477,100.30722618103027,0.2,0.625,0.2,0.625,0.7114662629247688,-3.0330131293323874,0.4588910723257218,-0.9941110610961914,-0.10836630314588547,0.0,0.0,-0.9941110610961914,-0.10836630314588547,0.0,0.8965442528193378,35.0,3.43046016465526,31,38,apf_puro,1,0.0,0.0
2026-08-18T01:57:53.925+00:00,1787018273.9254076,178086.3400827,3.207205899991095,22,2,APF,APF,0.25954801578279424,0.6367197646283465,0.09488829621349093,101.15909576416016,1.0,0.625,1.0,0.625,0.7405447277606808,-0.01582653009007422,-0.11071482630356515,0.9998747706413269,-0.015825869515538216,0.0,0.0,0.9998747706413269,-0.015825869515538216,0.0,0.9938773716022158,35.0,0.7769488734081555,34,35,apf_puro,1,0.0,0.0
2026-08-18T01:57:53.926+00:00,1787018273.9264448,178086.3410023,3.208125500008464,22,3,APF,APF,0.8899478789937876,0.7049692046119045,2.887554001817351,102.19621658325195,0.2,0.625,0.2,0.625,0.6945668790075488,-3.02620139693795,0.36942990842428536,-0.9933497905731201,-0.11513534933328629,0.0,0.0,-0.9933497905731201,-0.11513534933328629,0.0,0.9325333480010364,35.0,0.5631583476925783,34,35,apf_puro,1,0.0,0.0
2026-08-18T01:57:54.057+00:00,1787018274.0573485,178086.4723373,3.3394604999921285,23,2,APF,APF,0.2655335682399821,0.6365116036327048,0.0854163643488287,100.90374946594238,1.0,0.625,1.0,0.625,0.7345566393413714,-0.01567214030827158,-0.10108850465710027,0.9998772144317627,-0.0156714990735054,0.0,0.0,0.9998772144317627,-0.0156714990735054,0.0,0.994894906699033,35.0,-0.6739637889447321,35,34,apf_puro,1,0.0,0.0
2026-08-18T01:57:54.058+00:00,1787018274.0583541,178086.4731086,3.3402318000153173,23,3,APF,APF,0.8746320608983434,0.7064259641222236,2.9705028206142003,101.90939903259277,0.2,0.625,0.2,0.625,0.6795282225376513,-3.021476829748498,0.2912056568168877,-0.9927947521209717,-0.11982719600200653,0.0,0.0,-0.9927947521209717,-0.11982719600200653,0.0,0.9578984188911498,35.0,0.17420776190995912,34,35,apf_puro,1,0.0,0.0
2026-08-18T01:57:54.193+00:00,1787018274.1930423,178086.6076494,3.474772599991411,24,2,APF,APF,0.2728972830611319,0.6363437216168313,0.0854163643488287,104.05278205871582,1.0,0.625,1.0,0.625,0.7271911997542351,-0.015599998623022224,-0.10101636297185092,0.9998782873153687,-0.015599365346133709,0.0,0.0,0.9998782873153687,-0.015599365346133709,0.0,0.9949021843909935,35.0,-1.0076386707347817,36,33,apf_puro,1,0.0,0.0
2026-08-18T01:57:54.194+00:00,1787018274.194041,178086.6089104,3.476033600018127,24,3,APF,APF,0.8672766557656286,0.7068591834084745,3.0137842218726876,106.1244010925293,0.2,0.625,0.2,0.625,0.6722790055014835,-3.0195260381486677,0.2498750471582305,-0.9925590753555298,-0.1217636987566948,0.0,0.0,-0.9925590753555298,-0.1217636987566948,0.0,0.9689433279744204,35.0,1.052179133529303,33,36,apf_puro,1,0.0,0.0
2026-08-18T01:57:54.324+00:00,1787018274.3240774,178086.7385563,3.605679500004044,25,2,APF,APF,0.28874490605968156,0.6352990870448674,0.0854163643488287,103.38330268859863,1.0,0.625,1.0,0.625,0.7113296562424548,-0.014479148744191006,-0.09989551309301971,0.9998951554298401,-0.014478642493486404,0.0,0.0,0.9998951554298401,-0.014478642493486404,0.0,0.9950145911314396,35.0,-0.9597253851711047,35,34,apf_puro,1,0.0,0.0
2026-08-18T01:57:54.325+00:00,1787018274.3253696,178086.7399793,3.607102500012843,25,3,APF,APF,0.8606224609578854,0.7070906535996269,3.031031636524231,105.2858829498291,0.2,0.625,0.2,0.625,0.6657033208047461,-3.017963796761991,0.23418987389336365,-0.9923676252365112,-0.12331416457891464,0.0,0.0,-0.9923676252365112,-0.12331416457891464,0.0,0.9727026543606616,35.0,1.7929176746632969,33,36,apf_puro,1,0.0,0.0
2026-08-18T01:57:54.457+00:00,1787018274.4570675,178086.8720353,3.739158500015037,26,2,APF,APF,0.29964446440796333,0.6344739075683762,0.06378240606840278,98.77300262451172,1.0,0.625,1.0,0.625,0.7004196107755855,-0.013526458353919787,-0.07730886442232257,0.9999085068702698,-0.013526045717298985,0.0,0.0,0.9999085068702698,-0.013526045717298985,0.0,0.9970131577973407,35.0,0.017444059251174093,34,35,apf_puro,1,0.0,0.0
2026-08-18T01:57:54.458+00:00,1787018274.4580684,178086.8727575,3.7398807000136003,26,3,APF,APF,0.8562707146421853,0.7072388835955421,3.0495531855524853,99.77388381958008,0.2,0.625,0.2,0.625,0.6614034206685099,-3.016930049161306,0.21670207246579487,-0.9922396540641785,-0.12433996051549911,0.0,0.0,-0.9922396540641785,-0.12433996051549911,0.0,0.9766118464241178,35.0,1.5549476746930413,33,36,apf_puro,1,0.0,0.0
2026-08-18T01:57:54.589+00:00,1787018274.5897267,178087.0047379,3.8718610999931116,27,2,APF,APF,0.3053079247011535,0.634072819480952,0.06378240606840278,106.49895668029785,1.0,0.625,1.0,0.625,0.6947513192044706,-0.013059461372870718,-0.0768418674412735,0.9999147057533264,-0.01305908989161253,0.0,0.0,0.9999147057533264,-0.01305908989161253,0.0,0.9970491161331062,35.0,-0.7520737800760176,35,34,apf_puro,1,0.0,0.0
2026-08-18T01:57:54.590+00:00,1787018274.5907283,178087.0053332,3.8724564000149257,27,3,APF,APF,0.8489522291457503,0.7073645402981543,3.07069587421976,107.50055313110352,0.2,0.625,0.2,0.625,0.6541581714018138,-3.0153483723274284,0.197141060632398,-0.9920417666435242,-0.1259092092514038,0.0,0.0,-0.9920417666435242,-0.1259092092514038,0.0,0.9806305553372775,35.0,1.2867751921550896,33,36,apf_puro,1,0.0,0.0
2026-08-18T01:57:54.727+00:00,1787018274.7278137,178087.1423382,4.009461400011787,28,2,APF,APF,0.30997941912468213,0.6336547846600971,0.06378240606840278,103.49369049072266,1.0,0.625,1.0,0.625,0.6900748563228658,-0.012542134732355867,-0.07632454080075865,0.9999213814735413,-0.01254180632531643,0.0,0.0,0.9999213814735413,-0.01254180632531643,0.0,0.9970886959486978,35.0,-0.7451389755895669,35,34,apf_puro,1,0.0,0.0
2026-08-18T01:57:54.728+00:00,1787018274.7288108,178087.1434916,4.010614800004987,28,3,APF,APF,0.8489522291457503,0.7073645402981543,3.07069587421976,245.58305740356445,0.2,0.625,0.2,0.625,0.6541581714018138,-3.0153483723274284,0.197141060632398,-0.9920417666435242,-0.1259092092514038,0.0,0.0,-0.9920417666435242,-0.1259092092514038,0.0,0.9806305553372775,35.0,1.97141060632398,33,36,apf_puro,1,0.0,0.0
2026-08-18T01:57:54.861+00:00,1787018274.8616657,178087.2770396,4.1441628000175115,29,2,APF,APF,0.31715257727351615,0.6329727733322017,0.043421590086276524,100.09121894836426,1.0,0.625,1.0,0.625,0.6828939652968152,-0.011675244396414982,-0.05509683448269151,0.999931812286377,-0.011674978770315647,0.0,0.0,0.999931812286377,-0.011674978770315647,0.0,0.9984825533444232,35.0,0.1920013763054348,34,35,apf_puro,1,0.0,0.0
2026-08-18T01:57:54.862+00:00,1787018274.862658,178087.2777124,4.1448356000182685,29,3,APF,APF,0.8288224469895812,0.7062798811869113,3.1119102637502047,101.08351707458496,0.2,0.625,0.2,0.625,0.6340536956155393,-3.0130480961958743,0.15822694723350672,-0.9917495250701904,-0.12819084525108337,0.0,0.0,-0.9917495250701904,-0.12819084525108337,0.0,0.9875082110338589,35.0,0.22027550337387236,34,35,apf_puro,1,0.0,0.0
2026-08-18T01:57:54.997+00:00,1787018274.9977498,178087.4131239,4.280247100017732,30,2,APF,APF,0.3245198116684227,0.632303197541063,0.02003366753420794,103.93023490905762,1.0,0.625,1.0,0.625,0.6755196677542312,-0.010811438307250105,-0.030845105841458047,0.9999415278434753,-0.01081122737377882,0.0,0.0,0.9999415278434753,-0.01081122737377882,0.0,0.9995243274383298,35.0,0.5403594440285908,34,35,apf_puro,1,0.0,0.0
2026-08-18T01:57:54.999+00:00,1787018274.9997509,178087.4141996,4.281322800001362,30,3,APF,APF,0.7910571683788585,0.7034309128068367,-3.129642676284883,104.93826866149902,0.2,0.625,0.2,0.625,0.5962381943281964,-3.009667388274569,0.11997528801031399,-0.9913104772567749,-0.13154292106628418,0.0,0.0,-0.9913104772567749,-0.13154292106628418,0.0,0.9928115938775524,35.0,-0.1390551927086059,35,34,apf_puro,1,0.0,0.0
2026-08-18T01:57:55.132+00:00,1787018275.1323876,178087.5471917,4.414314900001045,31,2,APF,APF,0.3330856612228527,0.631720920924923,0.02003366753420794,106.76002502441406,1.0,0.625,1.0,0.625,0.6669482034196048,-0.010077296961669152,-0.030110964495877093,0.9999492168426514,-0.010077126324176788,0.0,0.0,0.9999492168426514,-0.010077126324176788,0.0,0.9995466991596463,35.0,-0.27541469786343753,35,34,apf_puro,1,0.0,0.0
2026-08-18T01:57:55.132+00:00,1787018275.1323876,178087.5477594,4.414882600016426,31,3,APF,APF,0.7745339537560834,0.7022726072374602,-3.121317048979923,106.76002502441406,0.2,0.625,0.2,0.625,0.5797070983245524,-3.0078987825865657,0.11341826639335739,-0.9910762906074524,-0.1332959532737732,0.0,0.0,-0.9910762906074524,-0.1332959532737732,0.0,0.9935750402542081,35.0,0.9046869073400932,34,35,apf_puro,1,0.0,0.0
2026-08-18T01:57:55.262+00:00,1787018275.2626932,178087.6778477,4.544970899994951,32,2,APF,APF,0.34667096400060865,0.6304953446372145,0.011418457844814468,98.18696975708008,1.0,0.625,1.0,0.625,0.6533521470788748,-0.008411098996941941,-0.01982955684175641,0.9999645948410034,-0.008410999551415443,0.0,0.0,0.9999645948410034,-0.008410999551415443,0.0,0.9998034007799431,35.0,0.16155369947665985,34,35,apf_puro,1,0.0,0.0
2026-08-18T01:57:55.263+00:00,1787018275.263671,178087.6789513,4.5460745000164025,32,3,APF,APF,0.7612909268005705,0.7013559622638346,-3.121317048979923,99.16472434997559,0.2,0.625,0.2,0.625,0.5664607113312269,-3.0063862799991377,0.11493076898078547,-0.9908735156059265,-0.13479480147361755,0.0,0.0,-0.9908735156059265,-0.13479480147361755,0.0,0.9934027259637607,35.0,1.2022452803678374,33,36,apf_puro,1,0.0,0.0
2026-08-18T01:57:55.390+00:00,1787018275.3901987,178087.8048891,4.672012299997732,33,2,APF,APF,0.35268989251630467,0.6298375867081458,0.011418457844814468,101.06635093688965,1.0,0.625,1.0,0.625,0.6473281837643963,-0.007473228923224665,-0.018891686768039134,0.9999721050262451,-0.007473159581422806,0.0,0.0,0.9999721050262451,-0.007473159581422806,0.0,0.9998215573927424,35.0,-0.15609141510028668,35,34,apf_puro,1,0.0,0.0
2026-08-18T01:57:55.391+00:00,1787018275.3911867,178087.8056584,4.672781600005692,33,3,APF,APF,0.7574491394129004,0.7011832599484644,-3.121317048979923,101.06635093688965,0.2,0.625,0.2,0.625,0.5626308133479347,-3.005770031742801,0.11554701723712224,-0.9907903075218201,-0.13540540635585785,0.0,0.0,-0.9907903075218201,-0.13540540635585785,0.0,0.9933318672751993,35.0,1.1770388613430094,33,36,apf_puro,1,0.0,0.0
2026-08-18T01:57:55.533+00:00,1787018275.5330524,178087.9476128,4.814736000000266,34,2,APF,APF,0.3599427447629806,0.6291758775600743,0.011418457844814468,105.1332950592041,1.0,0.625,1.0,0.625,0.6400708772744966,-0.006524132336754825,-0.017942590181569292,0.99997878074646,-0.0065240864641964436,0.0,0.0,0.99997878074646,-0.0065240864641964436,0.0,0.9998390360472058,35.0,-0.14620752128924847,35,34,apf_puro,1,0.0,0.0
2026-08-18T01:57:55.533+00:00,1787018275.5330524,178087.9482651,4.815388300019549,34,3,APF,APF,0.740719021806402,0.7006754131135836,-3.121317048979923,105.1332950592041,0.2,0.625,0.2,0.625,0.5459888540008704,-3.0025425191770245,0.1187745298028986,-0.9903481006622314,-0.13860248029232025,0.0,0.0,-0.9903481006622314,-0.13860248029232025,0.0,0.9929545940708133,35.0,1.3007082378311585,33,36,apf_puro,1,0.0,0.0
2026-08-18T01:57:55.659+00:00,1787018275.6597533,178088.0744138,4.941537000006065,35,2,APF,APF,0.36831866128321034,0.6285181653276127,0.011418457844814468,98.54626655578613,1.0,0.625,1.0,0.625,0.6316911358965772,-0.005569468106345332,-0.0169879259511598,0.9999845027923584,-0.005569439381361008,0.0,0.0,0.9999845027923584,-0.005569439381361008,0.0,0.9998557086560711,35.0,-0.13646601144726583,35,34,apf_puro,1,0.0,0.0
2026-08-18T01:57:55.660+00:00,1787018275.660753,178088.0753068,4.942429999995511,35,3,APF,APF,0.7197070024167727,0.6990973788362873,-3.0910266378552773,98.54626655578613,0.2,0.625,0.2,0.625,0.524962655730325,-2.999971820992117,0.09105481686316041,-0.9899885654449463,-0.1411479115486145,0.0,0.0,-0.9899885654449463,-0.1411479115486145,0.0,0.9958573735525612,35.0,-0.05964178425923228,35,34,apf_puro,1,0.0,0.0
2026-08-18T01:57:55.789+00:00,1787018275.789277,178088.2081411,5.075264300015988,36,2,APF,APF,0.37646094469336444,0.6275965233692925,0.011418457844814468,98.30713272094727,1.0,0.625,1.0,0.625,0.6235444614671024,-0.004164147252225351,-0.01558260509703982,0.9999912977218628,-0.004164135083556175,0.0,0.0,0.9999912977218628,-0.004164135083556175,0.0,0.9998785936658574,35.0,-0.10663982107619886,35,34,apf_puro,1,0.0,0.0
2026-08-18T01:57:55.789+00:00,1787018275.789277,178088.2088998,5.076023000001442,36,3,APF,APF,0.7129297977099696,0.6984835967021183,-3.0829049264638124,98.30713272094727,0.2,0.625,0.2,0.625,0.5181667843108722,-2.9992983944368845,0.08360653202692792,-0.9898932576179504,-0.14181455969810486,0.0,0.0,-0.9898932576179504,-0.14181455969810486,0.0,0.9965070092948187,35.0,0.5753753510011417,34,35,apf_puro,1,0.0,0.0
2026-08-18T01:57:55.924+00:00,1787018275.9240386,178088.3388264,5.205949600000167,37,2,APF,APF,0.3851145576763335,0.6264908682942862,0.0032203482151966067,99.99680519104004,1.0,0.625,1.0,0.625,0.6148872497213143,-0.002424622799400417,-0.005644971014597024,0.9999970197677612,-0.0024246203247457743,0.0,0.0,0.9999970197677612,-0.0024246203247457743,0.0,0.9999840671934314,35.0,0.2913674827395276,34,35,apf_puro,1,0.0,0.0
2026-08-18T01:57:55.924+00:00,1787018275.9240386,178088.3394368,5.206559999991441,37,3,APF,APF,0.6983663829756046,0.6979750014331156,-3.0829049264638124,99.99680519104004,0.2,0.625,0.2,0.625,0.5036808538294365,-2.9961975064505273,0.08670742001328513,-0.9894486665725708,-0.1448834091424942,0.0,0.0,-0.9894486665725708,-0.1448834091424942,0.0,0.9962432661913858,35.0,0.9756052796553538,34,35,apf_puro,1,0.0,0.0
2026-08-18T01:57:56.062+00:00,1787018276.0623198,178088.4769544,5.344077599991579,38,2,APF,APF,0.3984126268488786,0.6245938576072099,-0.004730893029654331,106.1556339263916,1.0,0.625,1.0,0.625,0.6015875102481016,0.0006751177897580578,0.005406010819412389,0.9999998211860657,0.0006751177716068923,0.0,0.0,0.9999998211860657,0.0006751177716068923,0.0,0.9999853875590976,35.0,0.44084447238445335,34,35,apf_puro,1,0.0,0.0
2026-08-18T01:57:56.062+00:00,1787018276.0623198,178088.4776408,5.344764000008581,38,3,APF,APF,0.684801212282633,0.6980004718041588,-3.093504128012414,106.1556339263916,0.2,0.625,0.2,0.625,0.4902665441515874,-2.9921373242202907,0.10136680379212315,-0.988852322101593,-0.14889955520629883,0.0,0.0,-0.988852322101593,-0.14889955520629883,0.0,0.9948667832183904,35.0,1.5267464701805622,33,36,apf_puro,1,0.0,0.0
2026-08-18T01:57:56.193+00:00,1787018276.1942005,178088.6085865,5.475709699996514,39,2,APF,APF,0.4045324738649667,0.6236482871860454,-0.012524390636635269,98.67572784423828,1.0,0.625,1.0,0.625,0.5954690603288368,0.002269998850092661,0.01479438948672793,0.9999973773956299,0.0022699967958033085,0.0,0.0,0.9999973773956299,0.0022699967958033085,0.0,0.9998905650159183,35.0,0.47653714822332327,34,35,apf_puro,1,0.0,0.0
2026-08-18T01:57:56.195+00:00,1787018276.1952016,178088.6097827,5.476905899995472,39,3,APF,APF,0.6752542033105382,0.6981409456297603,-3.1391260885264702,100.66866874694824,0.2,0.625,0.2,0.625,0.4808494106182828,-2.988892110671025,0.15023397785544512,-0.9883639216423035,-0.15210780501365662,0.0,0.0,-0.9883639216423035,-0.15210780501365662,0.0,0.9887360856571523,35.0,3.2126908707707202,31,38,apf_puro,1,0.0,0.0
2026-08-18T01:57:56.332+00:00,1787018276.3324473,178088.7489961,5.616119300015271,40,2,APF,APF,0.4162710880950648,0.6215052288394611,-0.012524390636635269,104.50482368469238,1.0,0.625,1.0,0.625,0.5837393733672451,-0.7288926761965062,-0.716368285559871,0.9999821186065674,0.0059868693351745605,-0.7473626732826233,-0.23155717551708221,0.2526194453239441,-0.22557030618190765,0.7824127078056335,0.7541954628027018,35.0,-32.75437648222967,67,18.0,apf_puro,1,0.0,0.0
2026-08-18T01:57:56.332+00:00,1787018276.3324473,178088.7498721,5.616995299991686,40,3,APF,APF,0.6636734799554248,0.6981585110119386,3.132806414372711,104.50482368469238,0.2,0.625,0.2,0.625,0.4694094840834148,2.836532615524858,-0.296273798847853,-0.9877803921699524,-0.15585222840309143,0.7473626732826233,0.23155717551708221,-0.2404177188873291,0.07570494711399078,0.7824127078056335,0.9564310220990389,35.0,-18.590510173093964,53,18.0,apf_puro,1,0.0,0.0
2026-08-18T01:57:56.462+00:00,1787018276.462366,178088.8771368,5.744260000006761,41,2,APF,APF,0.4265033621242539,0.6198083918510292,-0.012524390636635269,104.33030128479004,1.0,0.625,1.0,0.625,0.5735201360457688,-1.4022549880881912,-1.389730597451556,0.9999590516090393,0.009052181616425514,-0.9466788172721863,-0.32217881083488464,0.05328023433685303,-0.3131266236305237,0.9999999403953552,0.1800779826510014,12.605458785570097,-35.0,47,-22,apf_puro,1,0.0,0.0
2026-08-18T01:57:56.462+00:00,1787018276.462366,178088.8779007,5.745023900002707,41,3,APF,APF,0.6572009524603614,0.6983206270144342,3.132806414372711,104.33030128479004,0.2,0.625,0.2,0.625,0.46304278989792225,1.8143189768724297,-1.318487437500281,-0.9873838424682617,-0.1583452671766281,0.9466788172721863,0.32217881083488464,-0.04070502519607544,0.16383354365825653,0.9999999403953552,0.24964040933354736,17.474828653348315,-35.0,52,-18.0,apf_puro,1,0.0,0.0
2026-08-18T01:57:56.591+00:00,1787018276.5913255,178089.0060621,5.873185300006298,42,2,APF,APF,0.43169024857857763,0.6190837481007943,-0.021713247092310366,101.63331031799316,1.0,0.625,1.0,0.625,0.5683405454454342,-1.3847645697081354,-1.3630513226158252,0.999945878982544,0.010409696027636528,-0.9353130459785461,-0.3538215160369873,0.0646328330039978,-0.3434118330478668,1.0000001192092896,0.20625391608007107,14.437774125604975,-23.885590339909985,38,-18.0,apf_puro,1,0.0,0.0
2026-08-18T01:57:56.592+00:00,1787018276.592321,178089.0070599,5.87418310000794,42,3,APF,APF,0.6417698550088313,0.6985552110259344,3.132806414372711,102.62870788574219,0.2,0.625,0.2,0.625,0.44785150872090806,1.8341166910201956,-1.2986897233525152,-0.9864203929901123,-0.16424016654491425,0.9353130459785461,0.3538215160369873,-0.05110734701156616,0.18958134949207306,1.0000001192092896,0.26876112642788486,18.81327884995194,-20.822513583307497,39,-18.0,apf_puro,1,0.0,0.0
2026-08-18T01:57:56.723+00:00,1787018276.7237706,178089.1384552,6.005578400014201,43,2,APF,APF,0.4468278686372733,0.6158495977860848,-0.10069362680399117,100.75259208679199,1.0,0.625,1.0,0.625,0.5532478077471777,-1.3550526280509623,-1.2543590012469712,0.9998631477355957,0.016539428383111954,-0.915137529373169,-0.40314164757728577,0.08472561836242676,-0.3866022229194641,0.9999999403953552,0.31118275465774375,21.782792826042062,-13.689783708505491,35,18.0,apf_puro,1,0.0,0.0
2026-08-18T01:57:56.725+00:00,1787018276.7253814,178089.1399176,6.007040800002869,43,3,APF,APF,0.6347049793945001,0.6986142974591201,3.1242875321102592,102.36334800720215,0.2,0.625,0.2,0.625,0.44089395992775016,1.8621459166700172,-1.262141615440242,-0.9859626293182373,-0.16696599125862122,0.915137529373169,0.40314164757728577,-0.07082509994506836,0.23617565631866455,0.9999999403953552,0.3037771972439836,21.264403807078853,-18.019046257326142,39,18.0,apf_puro,1,0.0,0.0
2026-08-18T01:57:56.873+00:00,1787018276.8737633,178089.2888195,6.1559427000174765,44,2,APF,APF,0.4548044243011963,0.6117691307669197,-0.2198736895412337,112.39409446716309,1.0,0.625,1.0,0.625,0.5453560961997335,-1.32631496421038,-1.1064412746691463,0.9997056722640991,0.024260973557829857,-0.8939563632011414,-0.4481540024280548,0.10574930906295776,-0.4238930344581604,1.0,0.44784623990443334,31.349236793310332,-6.808425609724164,38,24,apf_puro,1,0.0,0.0
2026-08-18T01:57:56.873+00:00,1787018276.8737633,178089.2898972,6.157020400016336,44,3,APF,APF,0.6287172705065378,0.6989543032340554,3.10370126645969,112.39409446716309,0.2,0.625,0.2,0.625,0.43504912021220143,1.8885563273278234,-1.2151449391318665,-0.9854457378387451,-0.16999070346355438,0.8939563632011414,0.4481540024280548,-0.09148937463760376,0.2781633138656616,1.0,0.3482010628053758,24.374074396376308,-15.291222250349252,39,18.0,apf_puro,1,0.0,0.0
2026-08-18T01:57:57.004+00:00,1787018277.0040305,178089.4190687,6.286191899998812,45,2,APF,APF,0.46231548399753997,0.6059724939341752,-0.4724415287425197,102.89239883422852,1.0,0.625,1.0,0.625,0.5380210820552339,-1.2769408726259317,-0.804499343883412,0.999374508857727,0.03536573052406311,-0.8513004183769226,-0.5246785283088684,0.14807409048080444,-0.4893127977848053,1.0,0.6934720364107766,35.0,2.52297413866658,32,37,apf_puro,1,0.0,0.0
2026-08-18T01:57:57.005+00:00,1787018277.0050235,178089.4196225,6.286745699995663,45,3,APF,APF,0.6179270097600893,0.7018799174145465,2.96158642057948,103.88541221618652,0.2,0.625,0.2,0.625,0.4249394159038171,1.9379259845137808,-1.0236604360656993,-0.9834979176521301,-0.18091972172260284,0.8513004183769226,0.5246785283088684,-0.13219749927520752,0.34375882148742676,1.0,0.5202433650496673,35.0,-3.5346467533411436,38,31,apf_puro,1,0.0,0.0
2026-08-18T01:57:57.145+00:00,1787018277.1458874,178089.5609405,6.428063700004714,46,2,APF,APF,0.46556989945052907,0.6026054306074891,-0.6170616360935682,105.49449920654297,1.0,0.625,1.0,0.625,0.534899101804811,-1.216264214151144,-0.5992025780575757,0.9991232752799988,0.041866909712553024,-0.7855668067932129,-0.6187767386436462,0.2135564684867859,-0.5769098401069641,0.9999999403953552,0.8257856107519542,35.0,1.1933610233285155,33,36,apf_puro,1,0.0,0.0
2026-08-18T01:57:57.146+00:00,1787018277.1468759,178089.5617272,6.4288503999996465,46,3,APF,APF,0.6040266574482628,0.7116653151215603,2.6197353984769167,106.48298263549805,0.2,0.625,0.2,0.625,0.41321715450103863,2.010039723868182,-0.6096956746087345,-0.9777586460113525,-0.20973309874534607,0.7855668067932129,0.6187767386436462,-0.19219183921813965,0.40904363989830017,0.9999999403953552,0.8198223180013094,35.0,8.391809904906422,26,43,apf_puro,1,0.0,0.0
2026-08-18T01:57:57.285+00:00,1787018277.2853951,178089.6999555,6.567078699998092,47,2,APF,APF,0.46976544674061677,0.5961044850194929,-0.796012722668932,107.82337188720703,1.0,0.625,1.0,0.625,0.531021310548048,-1.1774464386782335,-0.38143371600930154,0.9985184669494629,0.05441498011350632,-0.7436668276786804,-0.6685504913330078,0.25485163927078247,-0.6141355037689209,1.0,0.928131886689293,35.0,3.807573011596581,31,38,apf_puro,1,0.0,0.0
2026-08-18T01:57:57.285+00:00,1787018277.2853951,178089.7006242,6.567747399996733,47,3,APF,APF,0.601363624999935,0.7144101835746866,2.518324262408529,107.82337188720703,0.2,0.625,0.2,0.625,0.4112018244122314,2.046518709574383,-0.4718055528341458,-0.9760745167732239,-0.2174362689256668,0.7436668276786804,0.6685504913330078,-0.23240768909454346,0.4511142373085022,1.0,0.890749125258216,35.0,0.10809873376914592,34,35,apf_puro,1,0.0,0.0
2026-08-18T01:57:57.416+00:00,1787018277.4166496,178089.8316977,6.698820899997372,48,2,APF,APF,0.4714823024041375,0.5922221055679973,-0.9418188100423664,105.65495491027832,1.0,0.625,1.0,0.625,0.5295331406394005,-1.1401378378992035,-0.19831902785683708,0.9980823993682861,0.06189960986375809,-0.6971529126167297,-0.7169225215911865,0.3009294867515564,-0.655022919178009,1.0,0.9803991506239965,35.0,4.425823806767885,30,39,apf_puro,1,0.0,0.0
2026-08-18T01:57:57.417+00:00,1787018277.4176376,178089.8325036,6.699626799992984,48,3,APF,APF,0.5966610393757392,0.7209506180655091,2.303507634155451,106.6429615020752,0.2,0.625,0.2,0.625,0.4081010919683932,2.089153477279377,-0.21435415687607406,-0.9719675779342651,-0.23511481285095215,0.6971529126167297,0.7169225215911865,-0.2748146653175354,0.4818077087402344,1.0,0.977113979411922,35.0,6.867257289771771,28,41,apf_puro,1,0.0,0.0
2026-08-18T01:57:57.551+00:00,1787018277.5517814,178089.9666127,6.833735899999738,49,2,APF,APF,0.4730031602420386,0.5854875366562932,-1.0587223913056087,103.74879837036133,1.0,0.625,1.0,0.625,0.5284760201507408,-1.1015176341017832,-0.042795242796174415,0.9972010850906372,0.07476680725812912,-0.6496133804321289,-0.7602646350860596,0.3475877046585083,-0.6854978203773499,0.9999999403953552,0.9990844233445652,35.0,5.015380049161449,29,40,apf_puro,1,0.0,0.0
2026-08-18T01:57:57.554+00:00,1787018277.554079,178089.968671,6.835794200014789,49,3,APF,APF,0.5942235374080873,0.7273558803985507,2.2019222092832407,106.04643821716309,0.2,0.625,0.2,0.625,0.4072946399091302,2.12967181888279,-0.07225039040045056,-0.9679075479507446,-0.2513067424297333,0.6496133804321289,0.7602646350860596,-0.3182941675186157,0.5089578628540039,0.9999999403953552,0.997391075747673,35.0,4.2511279226423175,30,39,apf_puro,1,0.0,0.0
2026-08-18T01:57:57.688+00:00,1787018277.68855,178090.1033681,6.9704913000168744,50,2,APF,APF,0.47476228286141214,0.5779311510678984,-1.1402278615669785,108.1550121307373,1.0,0.625,1.0,0.625,0.527342522507666,-1.0558048200489578,0.08442304151802071,0.9960086345672607,0.08925668895244598,-0.5892974138259888,-0.8079161643981934,0.406711220741272,-0.7186594605445862,1.0,0.9964384910981303,35.0,5.296870366177036,29,40,apf_puro,1,0.0,0.0
2026-08-18T01:57:57.689+00:00,1787018277.689547,178090.1042462,6.97136940000928,50,3,APF,APF,0.5909641670707573,0.7372418425605184,2.057235365911912,109.15207862854004,0.2,0.625,0.2,0.625,0.4067569435851233,2.1808854743509007,0.12365010843898894,-0.9611738920211792,-0.27594324946403503,0.5892974138259888,0.8079161643981934,-0.37187647819519043,0.5319728851318359,1.0,0.9923650605539426,35.0,8.093018543770272,26,43,apf_puro,1,0.0,0.0
2026-08-18T01:57:57.825+00:00,1787018277.8251767,178090.2396461,7.106769300007727,51,2,APF,APF,0.47648502716092694,0.5734627252525293,-1.1518664532855447,104.80570793151855,1.0,0.625,1.0,0.625,0.5260456420075085,-1.0298945145503962,0.12197193873514856,0.9951891899108887,0.0979711040854454,-0.5539665222167969,-0.832538902759552,0.4412226676940918,-0.7345678210258484,0.9999999403953552,0.9925706405796346,35.0,2.53393078995096,32,37,apf_puro,1,0.0,0.0
2026-08-18T01:57:57.826+00:00,1787018277.8261902,178090.2408049,7.107928100012941,51,3,APF,APF,0.5895596508311995,0.7433990325433184,2.020717239431722,107.00798034667969,0.2,0.625,0.2,0.625,0.4071548261569791,2.210163415339524,0.18944617590780233,-0.9567850828170776,-0.29079610109329224,0.5539665222167969,0.832538902759552,-0.40281856060028076,0.5417428016662598,0.9999999403953552,0.9821086791172692,35.0,4.197324120486492,30,39,apf_puro,1,0.0,0.0
2026-08-18T01:57:57.951+00:00,1787018277.9513323,178090.3662184,7.233341600018321,52,2,APF,APF,0.47907952495551864,0.5667332816854947,-1.1518664532855447,99.76315498352051,1.0,0.625,1.0,0.625,0.52416901070524,-0.9928223795091886,0.1590440737763561,0.9938024282455444,0.11116016656160355,-0.5022845268249512,-0.8647023439407349,0.49151790142059326,-0.7535421848297119,0.9999999403953552,0.9873791287424226,35.0,2.8879654642058252,32,37,apf_puro,1,0.0,0.0
2026-08-18T01:57:57.952+00:00,1787018277.9523385,178090.3668136,7.2339368000102695,52,3,APF,APF,0.5871339617985631,0.7527531957990479,1.9643942083494954,100.7692813873291,0.2,0.625,0.2,0.625,0.4076684724316086,2.252447774391784,0.2880535660422887,-0.9496293663978577,-0.31337523460388184,0.5022845268249512,0.8647023439407349,-0.4473448395729065,0.551327109336853,0.9999999403953552,0.9587986470792077,35.0,6.33179431512991,28,41,apf_puro,1,0.0,0.0
2026-08-18T01:57:58.089+00:00,1787018278.0892951,178090.5041823,7.371305500011658,53,2,APF,APF,0.48424591590321375,0.5552874474173051,-1.1410665059622296,106.66322708129883,1.0,0.625,1.0,0.625,0.5204441519030739,-0.9386432152592501,0.20242329070297949,0.9909883737564087,0.1339481770992279,-0.42670130729675293,-0.9043926000595093,0.5642870664596558,-0.770444393157959,1.0,0.9795822671305359,35.0,3.5425054994616136,31,38,apf_puro,1,0.0,0.0
2026-08-18T01:57:58.090+00:00,1787018278.0902836,178090.5050455,7.372168700007023,53,3,APF,APF,0.5832024175803833,0.7650255624200083,1.9386893196142672,107.6517105102539,0.2,0.625,0.2,0.625,0.4079843758901682,2.31094115498291,0.37225183536864304,-0.9392575621604919,-0.3432130217552185,0.42670130729675293,0.9043926000595093,-0.512556254863739,0.5611795783042908,1.0,0.9315106840703892,35.0,6.669457780108832,28,41,apf_puro,1,0.0,0.0
2026-08-18T01:57:58.227+00:00,1787018278.2279196,178090.6423795,7.509502700006124,54,2,APF,APF,0.4867897894059324,0.5501114032170986,-1.109582997994051,104.61068153381348,1.0,0.625,1.0,0.625,0.5186453722787076,-0.9049474069335912,0.2046355910604598,0.9895204305648804,0.14439266920089722,-0.3746299147605896,-0.92717444896698,0.6148905158042908,-0.7827817797660828,1.0,0.979135101204079,35.0,2.1237864231164094,32,37,apf_puro,1,0.0,0.0
2026-08-18T01:57:58.227+00:00,1787018278.2279196,178090.6430784,7.510201600001892,54,3,APF,APF,0.5788175358927631,0.7778715855756492,1.9386893196142672,105.6070327758789,0.2,0.625,0.2,0.625,0.4085002413417621,2.3559769678811397,0.4172876482668726,-0.9273374080657959,-0.3742264211177826,0.3746299147605896,0.92717444896698,-0.5527074933052063,0.552947998046875,1.0,0.9141915699997606,35.0,5.74912993410676,29,40,apf_puro,1,0.0,0.0
2026-08-18T01:57:58.369+00:00,1787018278.369026,178090.7837754,7.650898599997163,55,2,APF,APF,0.4887786821592963,0.5462845962931573,-1.0965201529399962,108.87980461120605,1.0,0.625,1.0,0.625,0.5172459285441665,-0.7588056354536954,0.33771451748630077,0.9883525371551514,0.15218178927898407,-0.2833939492702484,-0.8206099271774292,0.7049585580825806,-0.6684281229972839,0.8681663274765015,0.9435143815768666,35.0,8.034907599767442,26,43,apf_puro,1,0.0,0.0
2026-08-18T01:57:58.370+00:00,1787018278.370023,178090.7845293,7.651652500004275,55,3,APF,APF,0.5726882849628068,0.7892574955858856,1.9737230061007347,109.87687110900879,0.2,0.625,0.2,0.625,0.40728010337440435,2.5577756691672215,0.5840526630664868,-0.9150662422180176,-0.40330350399017334,0.2833939492702484,0.8206099271774292,-0.6316722631454468,0.41730642318725586,0.8681663274765015,0.834234830572049,35.0,11.677302148651368,23,46,apf_puro,1,0.0,0.0
2026-08-18T01:57:58.505+00:00,1787018278.50574,178090.9209193,7.7880425000039395,56,2,APF,APF,0.49287887732430846,0.538883542145418,-1.0704965609190118,106.48179054260254,1.0,0.625,1.0,0.625,0.5143810624209194,0.01896653695281261,1.0894630978718245,0.9858860373497009,0.16741761565208435,-0.03998637571930885,-0.14947502315044403,0.9458996653556824,0.01794259250164032,0.15473103523254395,0.46296133207078094,32.407293244954666,35.0,-18.0,67,apf_puro,1,0.0,0.0
2026-08-18T01:57:58.507+00:00,1787018278.50774,178090.9225978,7.789721000008285,56,3,APF,APF,0.5640255899547868,0.8048405261689936,2.0247760896545457,108.48188400268555,0.2,0.625,0.2,0.625,0.40602616294356086,-2.8115334706436554,1.4468757468813855,-0.8965570330619812,-0.44292840361595154,0.03998637571930885,0.14947502315044403,-0.8565706610679626,-0.2934533953666687,0.15473103523254395,0.12360366286919758,8.65225640084383,35.0,-26,43,apf_puro,1,0.0,0.0
2026-08-18T01:57:58.633+00:00,1787018278.6333706,178091.0479743,7.915097499993863,57,2,APF,APF,0.49844462550473534,0.5294381704443583,-1.0475246828801725,101.19509696960449,1.0,0.625,1.0,0.625,0.5105779636383719,0.18827435888871594,1.2357990417688884,0.9823286533355713,0.18716402351856232,0.0,0.0,0.9823286533355713,0.18716402351856232,0.0,0.32876660582326317,23.013662407628424,26.459098425532332,-18.0,49,apf_puro,1,0.0,0.0
2026-08-18T01:57:58.634+00:00,1787018278.634371,178091.0488184,7.915941600018414,57,3,APF,APF,0.5553794285763958,0.820308244526164,2.0554307726929295,102.19550132751465,0.2,0.625,0.2,0.625,0.4055118353823689,-2.6390745319586437,1.5886800025280134,-0.8763725757598877,-0.48163390159606934,0.0,0.0,-0.8763725757598877,-0.48163390159606934,0.0,0.0,0,35.0,-35,35,apf_puro,1,0.0,0.0
2026-08-18T01:57:58.764+00:00,1787018278.7647278,178091.1792366,8.04635980000603,58,2,APF,APF,0.5036913234184124,0.5206213161890434,-1.0169922612403843,100.98552703857422,1.0,0.625,1.0,0.625,0.5071658624989211,0.20728909276168378,1.224281354002068,0.9785924553871155,0.20580779016017914,0.0,0.0,0.9785924553871155,0.20580779016017914,0.0,0.33962199230440343,23.77353946130824,17.536174299776768,18.0,41,apf_puro,1,0.0,0.0
2026-08-18T01:57:58.764+00:00,1787018278.7647278,178091.1798998,8.047022999991896,58,3,APF,APF,0.5499719263539907,0.8286538855898757,2.1047542568258293,100.98552703857422,0.2,0.625,0.2,0.625,0.40491388510617576,-2.614577136562478,1.563853913791279,-0.864311933517456,-0.5029560327529907,0.0,0.0,-0.864311933517456,-0.5029560327529907,0.0,0.0069423572363916395,0.48596500654741476,35.0,-34,35,apf_puro,1,0.0,0.0
2026-08-18T01:57:58.898+00:00,1787018278.8980982,178091.3127422,8.179865400015842,59,2,APF,APF,0.5143907781724675,0.5059930298368899,-0.933778824364502,101.96328163146973,1.0,0.625,1.0,0.625,0.49997897482928727,0.24033080310444654,1.1741096274689484,0.9712592959403992,0.23802393674850464,0.0,0.0,0.9712592959403992,0.23802393674850464,0.0,0.38636445837224287,27.045512086057002,13.38906776097021,18.0,40,apf_puro,1,0.0,0.0
2026-08-18T01:57:58.899+00:00,1787018278.8997297,178091.3146467,8.181769899994833,59,3,APF,APF,0.5462425826924349,0.8332621717393848,2.1656843917239725,103.59477996826172,0.2,0.625,0.2,0.625,0.40405081146698935,-2.6000767599656296,1.5174241554899837,-0.856928288936615,-0.5154355764389038,0.0,0.0,-0.856928288936615,-0.5154355764389038,0.0,0.053346835686642974,3.734278498065008,31.704579195332553,-27,35,apf_puro,1,0.0,0.0
2026-08-18T01:57:59.026+00:00,1787018279.0268905,178091.4416279,8.308751100004883,60,2,APF,APF,0.517641116598865,0.5024290035570056,-0.8727607108770126,99.30300712585449,1.0,0.625,1.0,0.625,0.4976883980614962,0.2488407754371331,1.1216014863141457,0.9691985845565796,0.24628061056137085,0.0,0.0,0.9691985845565796,0.24628061056137085,0.0,0.4342403896434019,30.39682727503813,11.228356159381992,19,41,apf_puro,1,0.0,0.0
2026-08-18T01:57:59.027+00:00,1787018279.0278902,178091.4423308,8.309454000002006,60,3,APF,APF,0.5365265689793475,0.8420243476760567,2.285284577323922,100.30269622802734,0.2,0.625,0.2,0.625,0.40043688530557403,-2.5688144608870753,1.4290862689685895,-0.8403985500335693,-0.5419689416885376,0.0,0.0,-0.8403985500335693,-0.5419689416885376,0.0,0.14123623640023628,9.88653654801654,23.25246228548382,-18.0,33,apf_puro,1,0.0,0.0
2026-08-18T01:57:59.161+00:00,1787018279.161728,178091.5761401,8.443263299996033,61,2,APF,APF,0.5205108236302229,0.5003431973596331,-0.8272203365172838,101.17173194885254,1.0,0.625,1.0,0.625,0.4954282881510568,0.25434776552016314,1.0815681020374468,0.9678276181221008,0.25161421298980713,0.0,0.0,0.9678276181221008,0.25161421298980713,0.0,0.4699447854217003,32.89613497951902,10.26337815707657,22,43,apf_puro,1,0.0,0.0
2026-08-18T01:57:59.162+00:00,1787018279.1626978,178091.5773106,8.444433800003026,61,3,APF,APF,0.5340736070558683,0.8437684942211081,2.3286435342556095,103.14226150512695,0.2,0.625,0.2,0.625,0.39933047591573784,-2.561814706818012,1.392727066105964,-0.8365842700004578,-0.5478381514549255,0.0,0.0,-0.8365842700004578,-0.5478381514549255,0.0,0.17712969522335914,12.39907866563514,24.912177704479422,-18.0,37,apf_puro,1,0.0,0.0
2026-08-18T01:57:59.293+00:00,1787018279.2932317,178091.7081626,8.575285800005076,62,2,APF,APF,0.5261127072742767,0.49704466306241246,-0.5686567722094671,102.3705005645752,1.0,0.625,1.0,0.625,0.49085816124184684,0.26372318560347946,0.8323799578129465,0.9654260873794556,0.2606768012046814,0.0,0.0,0.9654260873794556,0.2606768012046814,0.0,0.6731176048826641,35.0,-0.3977854697280456,35,34,apf_puro,1,0.0,0.0
2026-08-18T01:57:59.295+00:00,1787018279.295296,178091.709982,8.577105200005462,62,3,APF,APF,0.5323145031346521,0.845019282094009,2.4353863007906633,104.43472862243652,0.2,0.625,0.2,0.625,0.39854913559910504,-2.5567711177197388,1.2910278886691842,-0.8338106274604797,-0.5520505905151367,0.0,0.0,-0.8338106274604797,-0.5520505905151367,0.0,0.2761330973582936,19.329316815080553,15.630816731549475,18.0,34,apf_puro,1,0.0,0.0
2026-08-18T01:57:59.428+00:00,1787018279.4282033,178091.8432047,8.710327900014818,63,2,APF,APF,0.5343347299804968,0.4948742823826887,-0.31706980406630936,105.59821128845215,1.0,0.625,1.0,0.625,0.48350475291123773,0.272489775606166,0.5895595796724753,0.9631037712097168,0.2691301703453064,0.0,0.0,0.9631037712097168,0.2691301703453064,0.0,0.8311856312073678,35.0,-2.603117438191739,37,32,apf_puro,1,0.0,0.0
2026-08-18T01:57:59.429+00:00,1787018279.4291937,178091.8438966,8.711019800015492,63,3,APF,APF,0.5323145031346521,0.845019282094009,2.5766093736402156,106.58860206604004,0.2,0.625,0.2,0.625,0.39854913559910504,-2.5567711177197388,1.149804815819632,-0.8338106274604797,-0.5520505905151367,0.0,0.0,-0.8338106274604797,-0.5520505905151367,0.0,0.40866559018353016,28.60659131284711,8.351397704998487,20,36,apf_puro,1,0.0,0.0
2026-08-18T01:57:59.555+00:00,1787018279.555792,178091.971053,8.838176199991722,64,2,APF,APF,0.5449991601026665,0.49385166807124803,-0.06155684923296714,100.29911994934082,1.0,0.625,1.0,0.625,0.47352470819902637,0.2806309617239846,0.3421878109569517,0.9608808755874634,0.2769619822502136,0.0,0.0,0.9608808755874634,0.2769619822502136,0.0,0.9420228031415896,35.0,-5.236133795473808,40,29,apf_puro,1,0.0,0.0
2026-08-18T01:57:59.556+00:00,1787018279.5567205,178091.9717381,8.838861299998825,64,3,APF,APF,0.5328783251568973,0.8426337234918815,2.8405094641775532,101.2275218963623,0.2,0.625,0.2,0.625,0.39770896012059087,-2.5625551895194665,0.8801206534825665,-0.8369897603988647,-0.5472185611724854,0.0,0.0,-0.8369897603988647,-0.5472185611724854,0.0,0.6370581472313289,35.0,-0.637739146971624,35,34,apf_puro,1,0.0,0.0
2026-08-18T01:57:59.691+00:00,1787018279.6910696,178092.1064733,8.973596499999985,65,2,APF,APF,0.5476983250368614,0.4939279607155983,-0.024223755273459623,103.76310348510742,1.0,0.625,1.0,0.625,0.47091048475971775,0.2820627436685183,0.3062864989419779,0.9604833722114563,0.2783374786376953,0.0,0.0,0.9604833722114563,0.2783374786376953,0.0,0.9534598364759311,35.0,1.8063190688956956,33,36,apf_puro,1,0.0,0.0
2026-08-18T01:57:59.693+00:00,1787018279.69328,178092.1077295,8.974852700019255,65,3,APF,APF,0.5332045158208664,0.8407664944241156,2.9249887146085225,105.97348213195801,0.2,0.625,0.2,0.625,0.3969640153458369,-2.5669418958340944,0.7912546967369689,-0.8393821716308594,-0.543541669845581,0.0,0.0,-0.8393821716308594,-0.543541669845581,0.0,0.7029534839340259,35.0,4.802238481273773,30,39,apf_puro,1,0.0,0.0
2026-08-18T01:57:59.819+00:00,1787018279.8198745,178092.2347919,9.101915100007318,66,2,APF,APF,0.5525925789897115,0.49471842620512524,0.04844690894427358,99.12419319152832,1.0,0.625,1.0,0.625,0.46599000938383534,0.2833568209091534,0.2349099119648798,0.9601223468780518,0.27958017587661743,0.0,0.0,0.9601223468780518,0.27958017587661743,0.0,0.9725353137532787,35.0,-0.14908142454963613,35,34,apf_puro,1,0.0,0.0
2026-08-18T01:57:59.820+00:00,1787018279.8208623,178092.235495,9.102618200005963,66,3,APF,APF,0.5332045158208664,0.8407664944241156,2.9623891776982543,100.1119613647461,0.2,0.625,0.2,0.625,0.3969640153458369,-2.5669418958340944,0.7538542336472371,-0.8393821716308594,-0.543541669845581,0.0,0.0,-0.8393821716308594,-0.543541669845581,0.0,0.729056245679069,35.0,6.229526128331759,28,41,apf_puro,1,0.0,0.0
2026-08-18T01:57:59.950+00:00,1787018279.9504983,178092.3654854,9.232608599995729,67,2,APF,APF,0.5603031342451285,0.4956998207053722,0.1059651605999111,99.5187759399414,1.0,0.625,1.0,0.625,0.45831416094233923,0.28600448972294906,0.18003932912303797,0.959378719329834,0.2821212708950043,0.0,0.0,0.959378719329834,0.2821212708950043,0.0,0.9838366509511077,35.0,-0.1200771082340839,35,34,apf_puro,1,0.0,0.0
2026-08-18T01:57:59.951+00:00,1787018279.9514978,178092.3661428,9.233265999995638,67,3,APF,APF,0.5332045158208664,0.8407664944241156,2.998612117916134,100.51822662353516,0.2,0.625,0.2,0.625,0.3969640153458369,-2.5669418958340944,0.717631293429358,-0.8393821716308594,-0.543541669845581,0.0,0.0,-0.8393821716308594,-0.543541669845581,0.0,0.7533655073815714,35.0,5.9085100266678126,29,40,apf_puro,1,0.0,0.0
2026-08-18T01:58:00.094+00:00,1787018280.0941424,178092.5093965,9.376519700017525,68,2,APF,APF,0.5653434974709878,0.4961292312147402,0.12312616126148604,111.13286018371582,1.0,0.625,1.0,0.625,0.45335852284704775,0.28823236922390755,0.1651062079624215,0.9587478041648865,0.2842579483985901,0.0,0.0,0.9587478041648865,0.2842579483985901,0.0,0.9864009048775187,35.0,1.128402839002639,33,36,apf_puro,1,0.0,0.0
2026-08-18T01:58:00.096+00:00,1787018280.096151,178092.5108124,9.377935600001365,68,3,APF,APF,0.5320218732165533,0.838974398865812,3.0324050718057074,113.14153671264648,0.2,0.625,0.2,0.625,0.3949981869125662,-2.5691226924588118,0.6816575429150671,-0.8405655026435852,-0.541709840297699,0.0,0.0,-0.8405655026435852,-0.541709840297699,0.0,0.7765293996359165,35.0,5.557494161150487,29,40,apf_puro,1,0.0,0.0
2026-08-18T01:58:00.219+00:00,1787018280.2194893,178092.6347384,9.501861600001575,69,2,APF,APF,0.5690574231256371,0.49653117162550664,0.1312959015807311,97.33009338378906,1.0,0.625,1.0,0.625,0.4496840495581661,0.2897230916223372,0.15842719004160613,0.958323061466217,0.2856868803501129,0.0,0.0,0.958323061466217,0.2856868803501129,0.0,0.9874766394670359,35.0,1.350506273187523,33,36,apf_puro,1,0.0,0.0
2026-08-18T01:58:00.220+00:00,1787018280.2204895,178092.6354409,9.502564099995652,69,3,APF,APF,0.5286662985569237,0.8369571900053596,3.0637175880837573,98.33025932312012,0.2,0.625,0.2,0.625,0.3910848836276813,-2.568810410419753,0.6506573086760756,-0.8403963446617126,-0.5419723391532898,0.0,0.0,-0.8403963446617126,-0.5419723391532898,0.0,0.7956858323267019,35.0,5.421564888396055,29,40,apf_puro,1,0.0,0.0
2026-08-18T01:58:00.364+00:00,1787018280.3640695,178092.7786389,9.645762100000866,70,2,APF,APF,0.5919464063713864,0.49724925080217863,0.10539715850976791,103.26337814331055,1.0,0.625,1.0,0.625,0.4275838972574042,0.3034072313963187,0.1980100728865508,0.9543240070343018,0.29877352714538574,0.0,0.0,0.9543240070343018,0.29877352714538574,0.0,0.9804599746302546,35.0,3.3655016284385706,31,38,apf_puro,1,0.0,0.0
2026-08-18T01:58:00.364+00:00,1787018280.3646212,178092.7801457,9.647268900007475,70,3,APF,APF,0.5140356928228177,0.8332139002527852,3.121711359383598,104.46667671203613,0.2,0.625,0.2,0.625,0.376790982674989,-2.556114588900258,0.6053593588957309,-0.8334479928016663,-0.5525978803634644,0.0,0.0,-0.8334479928016663,-0.5525978803634644,0.0,0.8222976548166482,35.0,4.468165346645243,30,39,apf_puro,1,0.0,0.0
2026-08-18T01:58:00.497+00:00,1787018280.4973898,178092.9163506,9.783473799994681,71,2,APF,APF,0.601802055703379,0.49691547948373943,0.0632557174603715,105.74102401733398,1.0,0.625,1.0,0.625,0.41829086439693525,0.31120841664416427,0.24795269918379276,0.951964259147644,0.3062092363834381,0.0,0.0,0.951964259147644,0.3062092363834381,0.0,0.9694169011157875,35.0,4.227518912241397,30,39,apf_puro,1,0.0,0.0
2026-08-18T01:58:00.502+00:00,1787018280.5023663,178092.9177228,9.784845999995014,71,3,APF,APF,0.5140356928228177,0.8332139002527852,3.121711359383598,242.21181869506836,0.2,0.625,0.2,0.625,0.376790982674989,-2.556114588900258,0.6053593588957309,-0.8334479928016663,-0.5525978803634644,0.0,0.0,-0.8334479928016663,-0.5525978803634644,0.0,0.8222976548166482,35.0,6.053593588957309,28,41,apf_puro,1,0.0,0.0
2026-08-18T01:58:00.640+00:00,1787018280.6406748,178093.0552444,9.922367599996505,72,2,APF,APF,0.6072390346323226,0.49645428090525134,0.0410487006460077,109.58576202392578,1.0,0.625,1.0,0.625,0.4132616336101573,0.316299386653311,0.2752506860073033,0.95039302110672,0.3110516667366028,0.0,0.0,0.95039302110672,0.3110516667366028,0.0,0.9623570943704586,35.0,3.7079363988959013,31,38,apf_puro,1,0.0,0.0
2026-08-18T01:58:00.641+00:00,1787018280.6418357,178093.0564984,9.923621599999024,72,3,APF,APF,0.5041839567982842,0.831552674265357,-3.1342423366105576,110.74662208557129,0.2,0.625,0.2,0.625,0.36768449358061195,-2.5450736383557597,0.5891686982547979,-0.8272961378097534,-0.5617660880088806,0.0,0.0,-0.8272961378097534,-0.5617660880088806,0.0,0.8314028958202104,35.0,5.325013860115324,29,40,apf_puro,1,0.0,0.0
2026-08-18T01:58:00.785+00:00,1787018280.7857594,178093.2001809,10.067304099997273,73,2,APF,APF,0.619052544879703,0.49620484241558227,0.0410487006460077,105.76033592224121,1.0,0.625,1.0,0.625,0.40213076999879743,0.3260269477241732,0.2849782470781655,0.9473223090171814,0.3202818036079407,0.0,0.0,0.9473223090171814,0.3202818036079407,0.0,0.9596677684264109,35.0,3.1902471082618318,31,38,apf_puro,1,0.0,0.0
2026-08-18T01:58:00.785+00:00,1787018280.7857594,178093.2010867,10.068209899996873,73,3,APF,APF,0.4843739589962146,0.8278729666492528,-3.0817620961089642,106.7514419555664,0.2,0.625,0.2,0.625,0.34932218531357206,-2.5219285557041475,0.5598335404048167,-0.8140735626220703,-0.580761730670929,0.0,0.0,-0.8140735626220703,-0.580761730670929,0.0,0.8473435203142708,35.0,4.571604879298825,30,39,apf_puro,1,0.0,0.0
2026-08-18T01:58:00.921+00:00,1787018280.9212718,178093.3357139,10.202837100019678,74,2,APF,APF,0.6299890676498429,0.4964016146745319,0.058657096259661375,104.46929931640625,1.0,0.625,1.0,0.625,0.39172137389597483,0.33449313877527836,0.275836042515617,0.9445767998695374,0.3282904326915741,0.0,0.0,0.9445767998695374,0.3282904326915741,0.0,0.962197836518655,35.0,2.438383265466973,32,37,apf_puro,1,0.0,0.0
2026-08-18T01:58:00.922+00:00,1787018280.9222538,178093.3370881,10.204211300006136,74,3,APF,APF,0.4699218805565959,0.8247928533184896,-3.054950686484544,106.44841194152832,0.2,0.625,0.2,0.625,0.33581990089980185,-2.504401024657256,0.5505496618272883,-0.8037697076797485,-0.5949404835700989,0.0,0.0,-0.8037697076797485,-0.5949404835700989,0.0,0.8522370920708042,35.0,5.180560868059388,29,40,apf_puro,1,0.0,0.0
2026-08-18T01:58:01.051+00:00,1787018281.051729,178093.4665887,10.333711899991613,75,2,APF,APF,0.6355250579167273,0.49664451153539135,0.08415608781628343,102.20575332641602,1.0,0.625,1.0,0.625,0.38641572797389245,0.33860264199361917,0.25444655417733575,0.943219780921936,0.33216941356658936,0.0,0.0,0.943219780921936,0.33216941356658936,0.0,0.9678027516504112,35.0,1.7958334499335138,33,36,apf_puro,1,0.0,0.0
2026-08-18T01:58:01.052+00:00,1787018281.0527894,178093.467258,10.334381199994823,75,3,APF,APF,0.4531597180135435,0.8200188757845708,-2.994522618367546,103.26623916625977,0.2,0.625,0.2,0.625,0.3195656501205577,-2.4852009804096586,0.5093216379578873,-0.792199432849884,-0.6102623343467712,0.0,0.0,-0.792199432849884,-0.6102623343467712,0.0,0.8730754677268405,35.0,3.65023554414984,31,38,apf_puro,1,0.0,0.0
2026-08-18T01:58:01.184+00:00,1787018281.1840162,178093.5990982,10.466221400012728,76,2,APF,APF,0.6466045112422005,0.49731805523713835,0.13228519864533642,103.52706909179688,1.0,0.625,1.0,0.625,0.3757539760172744,0.3467063166604307,0.2144211180150943,0.9404970407485962,0.33980196714401245,0.0,0.0,0.9404970407485962,0.33980196714401245,0.0,0.9770997334882175,35.0,0.7433209144724924,34,35,apf_puro,1,0.0,0.0
2026-08-18T01:58:01.185+00:00,1787018281.1851535,178093.6000213,10.46714449999854,76,3,APF,APF,0.43734798643862216,0.8147004162309348,-2.9285702233427977,104.66432571411133,0.2,0.625,0.2,0.625,0.3038425819148104,-2.467309158601345,0.46126106474145256,-0.7811545133590698,-0.6243377923965454,0.0,0.0,-0.7811545133590698,-0.6243377923965454,0.0,0.8954919378801754,35.0,2.9304905848393092,32,37,apf_puro,1,0.0,0.0
2026-08-18T01:58:01.321+00:00,1787018281.3213077,178093.7359864,10.603109599993331,77,2,APF,APF,0.6521683668601013,0.49809540421180093,0.17105310175393612,103.56664657592773,1.0,0.625,1.0,0.625,0.3702588573483898,0.3498379440963969,0.17878484234246078,0.9394282698631287,0.3427455723285675,0.0,0.0,0.9394282698631287,0.3427455723285675,0.0,0.984060515515947,35.0,0.5405787748824342,34,35,apf_puro,1,0.0,0.0
2026-08-18T01:58:01.322+00:00,1787018281.3221645,178093.7370191,10.604142299998784,77,3,APF,APF,0.42496113615881903,0.8093866166846799,-2.8629394693412893,104.42352294921875,0.2,0.625,0.2,0.625,0.2908709975131412,-2.454991744637299,0.4079477247039902,-0.7734051942825317,-0.6339119672775269,0.0,0.0,-0.7734051942825317,-0.6339119672775269,0.0,0.9179369469393303,35.0,2.2135103457287197,32,37,apf_puro,1,0.0,0.0
2026-08-18T01:58:01.454+00:00,1787018281.4549596,178093.8740145,10.741137700009858,78,2,APF,APF,0.6640473075118274,0.49979382506329384,0.21182916367880525,97.81861305236816,1.0,0.625,1.0,0.625,0.35852586773109374,0.3567438119303451,0.14491464825153985,0.9370389580726624,0.34922492504119873,0.0,0.0,0.9370389580726624,0.34922492504119873,0.0,0.9895182349496587,35.0,0.26368968933316594,34,35,apf_puro,1,0.0,0.0
2026-08-18T01:58:01.460+00:00,1787018281.4609523,178093.8754925,10.742615700000897,78,3,APF,APF,0.41794061835028457,0.8058629815925709,-2.831697108173363,103.81126403808594,0.2,0.625,0.2,0.625,0.2832128726549325,-2.4489001646498076,0.3827969435235552,-0.7695293426513672,-0.6386114358901978,0.0,0.0,-0.7695293426513672,-0.6386114358901978,0.0,0.9276235609047613,35.0,2.9476920939203266,32,37,apf_puro,1,0.0,0.0
2026-08-18T01:58:01.597+00:00,1787018281.5970607,178094.0121565,10.879279699991457,79,2,APF,APF,0.6697202626905342,0.5009978053995485,0.21962519097336414,108.06679725646973,1.0,0.625,1.0,0.625,0.3527906590925247,0.35916159537017134,0.1395364043968072,0.9361918568611145,0.35148945450782776,0.0,0.0,0.9361918568611145,0.35148945450782776,0.0,0.9902805813756784,35.0,1.2071255090524293,33,36,apf_puro,1,0.0,0.0
2026-08-18T01:58:01.598+00:00,1787018281.5980616,178094.0127919,10.87991509999847,79,3,APF,APF,0.40677146795995434,0.800247625346364,-2.7813425964256253,109.06767845153809,0.2,0.625,0.2,0.625,0.2710464354162474,-2.438526977174091,0.34281561925153436,-0.7628636360168457,-0.6465594172477722,0.0,0.0,-0.7628636360168457,-0.6465594172477722,0.0,0.9418119571510666,35.0,2.0288098429946144,32,37,apf_puro,1,0.0,0.0
2026-08-18T01:58:01.740+00:00,1787018281.7406397,178094.1558035,11.02292670001043,80,2,APF,APF,0.6764581213214091,0.5023499500260558,0.21962519097336414,104.76803779602051,1.0,0.625,1.0,0.625,0.3460092224457074,0.36234768743790957,0.14272249646454543,0.9350672364234924,0.35447046160697937,0.0,0.0,0.9350672364234924,0.35447046160697937,0.0,0.989832421313897,35.0,1.5387381870162926,33,36,apf_puro,1,0.0,0.0
2026-08-18T01:58:01.741+00:00,1787018281.7416317,178094.1563825,11.02350569999544,80,3,APF,APF,0.39333011870075285,0.7922223385485112,-2.737321338004234,105.76009750366211,0.2,0.625,0.2,0.625,0.2556165982609112,-2.428478871639814,0.30884246636442025,-0.7563285231590271,-0.6541919708251953,0.0,0.0,-0.7563285231590271,-0.6541919708251953,0.0,0.952686047431124,35.0,1.8993643125952087,33,36,apf_puro,1,0.0,0.0
2026-08-18T01:58:01.871+00:00,1787018281.871092,178094.2879695,11.155092700006207,81,2,APF,APF,0.6892176540208452,0.5046141535657305,0.21962519097336414,103.54232788085938,1.0,0.625,1.0,0.625,0.3332842909499375,0.3695659364729957,0.14994074549963154,0.9324842095375061,0.3612107038497925,0.0,0.0,0.9324842095375061,0.3612107038497925,0.0,0.9887799310820778,35.0,1.7520461712243294,33,36,apf_puro,1,0.0,0.0
2026-08-18T01:58:01.871+00:00,1787018281.871092,178094.2888437,11.15596689999802,81,3,APF,APF,0.38642533737201745,0.7880068532972581,-2.7184975533888514,103.54232788085938,0.2,0.625,0.2,0.625,0.24764014342619076,-2.4231130998263866,0.2953844535624648,-0.7528073787689209,-0.658240795135498,0.0,0.0,-0.7528073787689209,-0.658240795135498,0.0,0.9566902956427867,35.0,2.4828140875562066,32,37,apf_puro,1,0.0,0.0
2026-08-18T01:58:02.011+00:00,1787018282.011048,178094.4259441,11.293067299993709,82,2,APF,APF,0.6994052871312101,0.5061357494568777,0.21962519097336414,103.38401794433594,1.0,0.625,1.0,0.625,0.323242774802235,0.3765607762825708,0.15693558530920665,0.9299347996711731,0.36772438883781433,0.0,0.0,0.9299347996711731,0.36772438883781433,0.0,0.9877108643212793,35.0,1.8141752464271952,33,36,apf_puro,1,0.0,0.0
2026-08-18T01:58:02.012+00:00,1787018282.0120518,178094.4270412,11.29416439999477,82,3,APF,APF,0.38216527088406915,0.7851571544808654,-2.7029263686677742,104.38776016235352,0.2,0.625,0.2,0.625,0.24255824052724756,-2.420396710678956,0.28252965798881835,-0.7510166168212891,-0.6602833271026611,0.0,0.0,-0.7510166168212891,-0.6602833271026611,0.0,0.9603532788055157,35.0,2.375378734810558,32,37,apf_puro,1,0.0,0.0
2026-08-18T01:58:02.150+00:00,1787018282.1508355,178094.5657492,11.43287240000791,83,2,APF,APF,0.7052765710316422,0.5068407779478789,0.21962519097336414,112.34688758850098,1.0,0.625,1.0,0.625,0.31752716630050587,0.3812954532106516,0.16167026223728748,0.928183376789093,0.37212321162223816,0.0,0.0,0.928183376789093,0.37212321162223816,0.0,0.9869598032439931,35.0,1.7824163148557037,33,36,apf_puro,1,0.0,0.0
2026-08-18T01:58:02.151+00:00,1787018282.151835,178094.5666279,11.433751100004883,83,3,APF,APF,0.3752600774530023,0.781011493903838,-2.694622618671776,113.34633827209473,0.2,0.625,0.2,0.625,0.23463947020682527,-2.4142343697226405,0.2803882489491354,-0.7469334602355957,-0.6648987531661987,0.0,0.0,-0.7469334602355957,-0.6648987531661987,0.0,0.9609480710898995,35.0,2.72893317310245,32,37,apf_puro,1,0.0,0.0
2026-08-18T01:58:02.283+00:00,1787018282.283194,178094.6980658,11.56518900001538,84,2,APF,APF,0.708769041373648,0.5072516680313599,0.21962519097336414,99.26795959472656,1.0,0.625,1.0,0.625,0.3141339538219659,0.3842185899428525,0.16459339896948838,0.9270915985107422,0.374834805727005,0.0,0.0,0.9270915985107422,0.374834805727005,0.0,0.9864850589720429,35.0,1.7482437753219153,33,36,apf_puro,1,0.0,0.0
2026-08-18T01:58:02.284+00:00,1787018282.284132,178094.6987051,11.565828299993882,84,3,APF,APF,0.35933149222399013,0.7725011513182458,-2.694622618671776,100.20589828491211,0.2,0.625,0.2,0.625,0.21712465096006828,-2.3947316834327,0.29989093523907595,-0.7338249683380127,-0.6793386340141296,0.0,0.0,-0.7338249683380127,-0.6793386340141296,0.0,0.9553687142843078,35.0,3.681503372538679,31,38,apf_puro,1,0.0,0.0
2026-08-18T01:58:02.413+00:00,1787018282.4139662,178094.8285454,11.695668600004865,85,2,APF,APF,0.7163277534461886,0.5085817628562117,0.22732732161672975,97.95308113098145,1.0,0.625,1.0,0.625,0.3066319445272356,0.3894370517501125,0.16210973013338276,0.9251229166984558,0.3796676695346832,0.0,0.0,0.9251229166984558,0.3796676695346832,0.0,0.9868889681493084,35.0,1.5341688920701306,33,36,apf_puro,1,0.0,0.0
2026-08-18T01:58:02.414+00:00,1787018282.4149785,178094.829708,11.69683120000991,85,3,APF,APF,0.3491931468711006,0.7666282733511154,-2.694622618671776,98.96540641784668,0.2,0.625,0.2,0.625,0.20571135818354816,-2.3822007209884775,0.3124218976832984,-0.7252547740936279,-0.6884805560112,0.0,0.0,-0.7252547740936279,-0.6884805560112,0.0,0.951591956806111,35.0,3.5628026623807707,31,38,apf_puro,1,0.0,0.0
2026-08-18T01:58:02.542+00:00,1787018282.5422773,178094.9569433,11.824066500004847,86,2,APF,APF,0.7318626489862181,0.5116513577317691,0.2352897798335858,98.86026382446289,1.0,0.625,1.0,0.625,0.29111089590178424,0.3999430010579925,0.16465322122440673,0.9210832118988037,0.3893658518791199,0.0,0.0,0.9210832118988037,0.3893658518791199,0.0,0.9864752552563102,35.0,1.7355544004299064,33,36,apf_puro,1,0.0,0.0
2026-08-18T01:58:02.543+00:00,1787018282.543278,178094.9582034,11.825326599995606,86,3,APF,APF,0.32930322067613693,0.7535414765749344,-2.631823751482061,99.86090660095215,0.2,0.625,0.2,0.625,0.18232452955454506,-2.359148735797239,0.2726750156848219,-0.7091926336288452,-0.705014705657959,0.0,0.0,-0.7091926336288452,-0.705014705657959,0.0,0.9630539382101175,35.0,1.3356092869015401,33,36,apf_puro,1,0.0,0.0
2026-08-18T01:58:02.683+00:00,1787018282.6830804,178095.0983889,11.965512099995976,87,2,APF,APF,0.7420066985804604,0.513817416510005,0.24379916635251575,103.91116142272949,1.0,0.625,1.0,0.625,0.28093079298799395,0.40690074167265156,0.1631015753201358,0.9183517694473267,0.3957650065422058,0.0,0.0,0.9183517694473267,0.3957650065422058,0.0,0.9867283983045596,35.0,1.5767081465518755,33,36,apf_puro,1,0.0,0.0
2026-08-18T01:58:02.684+00:00,1787018282.6843915,178095.0991375,11.966260699991835,87,3,APF,APF,0.32223682805299875,0.7479358737032411,-2.556349762994391,105.22222518920898,0.2,0.625,0.2,0.625,0.17336398465551497,-2.3533432520318285,0.20300651096256273,-0.7050877809524536,-0.7091200351715088,0.0,0.0,-0.7050877809524536,-0.7091200351715088,0.0,0.9794648477595584,35.0,-0.4083325556534434,35,34,apf_puro,1,0.0,0.0
2026-08-18T01:58:02.819+00:00,1787018282.8192477,178095.2340531,12.10117629999877,88,2,APF,APF,0.7537739384796418,0.5166541087572207,0.24379916635251575,100.56662559509277,1.0,0.625,1.0,0.625,0.2690094896486356,0.4145287432254034,0.17072957687288765,0.9153061509132385,0.4027585983276367,0.0,0.0,0.9153061509132385,0.4027585983276367,0.0,0.9854610730866231,35.0,1.9742758230751907,33,36,apf_puro,1,0.0,0.0
2026-08-18T01:58:02.820+00:00,1787018282.8202398,178095.2347375,12.101860700000543,88,3,APF,APF,0.3101813159192911,0.7367918799531066,-2.439607969405897,101.55868530273438,0.2,0.625,0.2,0.625,0.15696288351440418,-2.3489389727299193,0.09066899667597772,-0.7019577622413635,-0.7122185230255127,0.0,0.0,-0.7019577622413635,-0.7122185230255127,0.0,0.9958923816932468,35.0,-3.025123033270698,38,31,apf_puro,1,0.0,0.0
2026-08-18T01:58:02.948+00:00,1787018282.9484026,178095.3631263,12.230249500018544,89,2,APF,APF,0.7557532186950915,0.5171236162739814,0.24379916635251575,97.36371040344238,1.0,0.625,1.0,0.625,0.26700899674657225,0.4159048267850849,0.17210566043256914,0.9147511720657349,0.4040178060531616,0.0,0.0,0.9147511720657349,0.4040178060531616,0.0,0.9852263416495426,35.0,1.7692195289145438,33,36,apf_puro,1,0.0,0.0
2026-08-18T01:58:02.948+00:00,1787018282.9484026,178095.3637126,12.230835800000932,89,3,APF,APF,0.30121868893948234,0.7278189946295058,-2.37789723325664,97.36371040344238,0.2,0.625,0.2,0.625,0.14428086722518005,-2.3483514292981393,0.029545803958500816,-0.7015392184257507,-0.7126308679580688,0.0,0.0,-0.7015392184257507,-0.7126308679580688,0.0,0.9995635544853663,35.0,-1.8438537055266835,36,33,apf_puro,1,0.0,0.0
2026-08-18T01:58:03.089+00:00,1787018283.0890193,178095.5037704,12.370893600018462,90,2,APF,APF,0.76684997407489,0.5193819562864912,0.24379916635251575,106.353759765625,1.0,0.625,1.0,0.625,0.2559572342145229,0.4253497740163599,0.18155060766384418,0.910894513130188,0.41263943910598755,0.0,0.0,0.910894513130188,0.41263943910598755,0.0,0.983564905501915,35.0,2.146079229733068,32,37,apf_puro,1,0.0,0.0
2026-08-18T01:58:03.090+00:00,1787018283.0900233,178095.5047029,12.371826100017643,90,3,APF,APF,0.2969441976055938,0.7230672537746642,-2.37789723325664,107.35774040222168,0.2,0.625,0.2,0.625,0.13789620630132218,-2.3504356394285204,0.027461593828119746,-0.7030229568481445,-0.7111671566963196,0.0,0.0,-0.7030229568481445,-0.7111671566963196,0.0,0.9996229541285239,35.0,0.20166858371786,34,35,apf_puro,1,0.0,0.0
2026-08-18T01:58:03.228+00:00,1787018283.2284076,178095.64279,12.509913200017763,91,2,APF,APF,0.7759275184610657,0.5212497887426446,0.24379916635251575,106.75382614135742,1.0,0.625,1.0,0.625,0.246926271018217,0.43362907647489163,0.18982991012237588,0.9074469208717346,0.4201667606830597,0.0,0.0,0.9074469208717346,0.4201667606830597,0.0,0.9820363438984808,35.0,2.188074687272368,32,37,apf_puro,1,0.0,0.0
2026-08-18T01:58:03.228+00:00,1787018283.2284076,178095.6434024,12.510525599995162,91,3,APF,APF,0.2930114589740461,0.7200067410114813,-2.3902138826170987,107.74421691894531,0.2,0.625,0.2,0.625,0.13295643022472944,-2.3455827258749617,0.04463115674213691,-0.6995634436607361,-0.7145704627037048,0.0,0.0,-0.6995634436607361,-0.7145704627037048,0.0,0.9990041952390178,35.0,1.04724626941197,33,36,apf_puro,1,0.0,0.0
2026-08-18T01:58:03.347+00:00,1787018283.3478248,178095.762858,12.629981200007023,92,2,APF,APF,0.7874958622562094,0.5241294010317842,0.25306216804102616,94.91252899169922,1.0,0.625,1.0,0.625,0.23522943330807597,0.443183910276614,0.19012174223558787,0.9033909440040588,0.4288179576396942,0.0,0.0,0.9033909440040588,0.4288179576396942,0.0,0.9819812357360153,35.0,1.9114315463182983,33,36,apf_puro,1,0.0,0.0
2026-08-18T01:58:03.350+00:00,1787018283.3507783,178095.7651731,12.632296299998416,92,3,APF,APF,0.2833944038686846,0.7118717910598674,-2.434331455216816,97.55778312683105,0.2,0.625,0.2,0.625,0.12042148761148291,-2.3357741033140673,0.09855735190274872,-0.6925209760665894,-0.7213977575302124,0.0,0.0,-0.6925209760665894,-0.7213977575302124,0.0,0.995147154298798,35.0,2.8729903496489007,32,37,apf_puro,1,0.0,0.0
2026-08-18T01:58:03.476+00:00,1787018283.476313,178095.89133,12.758453200018266,93,2,APF,APF,0.7894003789280963,0.5246293235423298,0.27694238356034195,97.83220291137695,1.0,0.625,1.0,0.625,0.23329482010580457,0.4447487338578259,0.16780635029748392,0.9027187824249268,0.4302310645580292,0.0,0.0,0.9027187824249268,0.4302310645580292,0.0,0.9859535220568195,35.0,0.8970247851412011,34,35,apf_puro,1,0.0,0.0
2026-08-18T01:58:03.477+00:00,1787018283.4773128,178095.8923848,12.759508000017377,93,3,APF,APF,0.2799620049558567,0.7089087537701833,-2.453192030106744,98.8318920135498,0.2,0.625,0.2,0.625,0.11590772707557376,-2.3321146802036927,0.12107734990305108,-0.6898764371871948,-0.7239271402359009,0.0,0.0,-0.6898764371871948,-0.7239271402359009,0.0,0.9926790877759941,35.0,1.9989734290410932,33,36,apf_puro,1,0.0,0.0
2026-08-18T01:58:03.616+00:00,1787018283.616887,178096.0314732,12.898596400016686,94,2,APF,APF,0.7989445985720025,0.5270917832101073,0.28646083660764365,107.52749443054199,1.0,0.625,1.0,0.625,0.2236275773654713,0.4531704332474974,0.16670959663985374,0.8990635275840759,0.43781813979148865,0.0,0.0,0.8990635275840759,0.43781813979148865,0.0,0.9861361087376764,35.0,1.628709588381481,33,36,apf_puro,1,0.0,0.0
2026-08-18T01:58:03.617+00:00,1787018283.617884,178096.0326226,12.899745800008532,94,3,APF,APF,0.2799620049558567,0.7089087537701833,-2.4610339344690093,108.52432250976562,0.2,0.625,0.2,0.625,0.11590772707557376,-2.3321146802036927,0.12891925426531659,-0.6898764371871948,-0.7239271402359009,0.0,0.0,-0.6898764371871948,-0.7239271402359009,0.0,0.991701416156507,35.0,1.5636591953324586,33,36,apf_puro,1,0.0,0.0
2026-08-18T01:58:03.750+00:00,1787018283.7508562,178096.1660502,13.03317340000649,95,2,APF,APF,0.8040367080095475,0.528217140590805,0.28646083660764365,102.55622863769531,1.0,0.625,1.0,0.625,0.2185601374522704,0.45874171127416985,0.1722808746665262,0.8966104388237,0.442820280790329,0.0,0.0,0.8966104388237,0.442820280790329,0.0,0.9851963198134526,35.0,1.917803477598798,33,36,apf_puro,1,0.0,0.0
2026-08-18T01:58:03.752+00:00,1787018283.7527373,178096.1675996,13.034722800017335,95,3,APF,APF,0.2799620049558567,0.7089087537701833,-2.4610339344690093,104.43735122680664,0.2,0.625,0.2,0.625,0.11590772707557376,-2.3321146802036927,0.12891925426531659,-0.6898764371871948,-0.7239271402359009,0.0,0.0,-0.6898764371871948,-0.7239271402359009,0.0,0.991701416156507,35.0,1.2891925426531659,33,36,apf_puro,1,0.0,0.0
2026-08-18T01:58:03.884+00:00,1787018283.8849607,178096.2996928,13.16681600001175,96,2,APF,APF,0.8157452496769436,0.5319104823744885,0.30833479100844235,103.86347770690918,1.0,0.625,1.0,0.625,0.20643515037018834,0.4678163543071855,0.15948156329874313,0.8925550580024719,0.45093831419944763,0.0,0.0,0.8925550580024719,0.45093831419944763,0.0,0.9873097471056144,35.0,1.1468397351150244,33,36,apf_puro,1,0.0,0.0
2026-08-18T01:58:03.886+00:00,1787018283.8862495,178096.3011739,13.16829709999729,96,3,APF,APF,0.2799620049558567,0.7089087537701833,-2.4712125807052128,105.15236854553223,0.2,0.625,0.2,0.625,0.11590772707557376,-2.3321146802036927,0.13909790050152004,-0.6898764371871948,-0.7239271402359009,0.0,0.0,-0.6898764371871948,-0.7239271402359009,0.0,0.9903414750586058,35.0,1.7472316232823215,33,36,apf_puro,1,0.0,0.0
2026-08-18T01:58:04.021+00:00,1787018284.021619,178096.4364995,13.303622700012056,97,2,APF,APF,0.8191932098075285,0.5330728374023828,0.32095293652863144,102.68878936767578,1.0,0.625,1.0,0.625,0.20283416527536272,0.47036694582911276,0.14941400930048132,0.8914020657539368,0.4532134234905243,0.0,0.0,0.8914020657539368,0.4532134234905243,0.0,0.9888584775221907,35.0,1.1417757030656497,33,36,apf_puro,1,0.0,0.0
2026-08-18T01:58:04.023+00:00,1787018284.0239406,178096.4383172,13.305440399999497,97,3,APF,APF,0.2799620049558567,0.7089087537701833,-2.4814247000213507,104.08425331115723,0.2,0.625,0.2,0.625,0.11590772707557376,-2.3321146802036927,0.149310019817658,-0.6898764371871948,-0.7239271402359009,0.0,0.0,-0.6898764371871948,-0.7239271402359009,0.0,0.9888739519143287,35.0,1.850524374241409,33,36,apf_puro,1,0.0,0.0
2026-08-18T01:58:04.157+00:00,1787018284.1579764,178096.5729776,13.44010080001317,98,2,APF,APF,0.8335368749073163,0.5377999473240156,0.3496432576266672,106.32944107055664,1.0,0.625,1.0,0.625,0.18791972009961305,0.4825372585307785,0.1328940009041113,0.8858204483985901,0.4640282392501831,0.0,0.0,0.8858204483985901,0.4640282392501831,0.0,0.9911825806303899,35.0,0.7507397151681622,34,35,apf_puro,1,0.0,0.0
2026-08-18T01:58:04.158+00:00,1787018284.158976,178096.5736495,13.440772700007074,98,3,APF,APF,0.2799620049558567,0.7089087537701833,-2.489402084482221,107.32913017272949,0.2,0.625,0.2,0.625,0.11590772707557376,-2.3321146802036927,0.15728740427852816,-0.6898764371871948,-0.7239271402359009,0.0,0.0,-0.6898764371871948,-0.7239271402359009,0.0,0.9876558166376481,35.0,1.852082498915737,33,36,apf_puro,1,0.0,0.0
2026-08-18T01:58:04.290+00:00,1787018284.2908318,178096.7055781,13.572701299999608,99,2,APF,APF,0.8376437119449163,0.5393190993007212,0.3496432576266672,100.44574737548828,1.0,0.625,1.0,0.625,0.18357772472624503,0.48558771535142575,0.13594445772475855,0.8844008445739746,0.46672824025154114,0.0,0.0,0.8844008445739746,0.46672824025154114,0.0,0.9907737744223811,35.0,1.4662105659702394,33,36,apf_puro,1,0.0,0.0
2026-08-18T01:58:04.291+00:00,1787018284.2918313,178096.7062506,13.57337379999808,99,3,APF,APF,0.2799620049558567,0.7089087537701833,-2.497819829079596,101.44519805908203,0.2,0.625,0.2,0.625,0.11590772707557376,-2.3321146802036927,0.16570514887590315,-0.6898764371871948,-0.7239271402359009,0.0,0.0,-0.6898764371871948,-0.7239271402359009,0.0,0.9863022877685594,35.0,1.951672549667156,33,36,apf_puro,1,0.0,0.0
2026-08-18T01:58:04.426+00:00,1787018284.4267426,178096.8420019,13.709125099994708,100,2,APF,APF,0.844488880537003,0.5418806857680545,0.36614661095008794,104.2015552520752,1.0,0.625,1.0,0.625,0.1763307366145319,0.4908583014530023,0.12471169050291436,0.881928563117981,0.4713830053806305,0.0,0.0,0.881928563117981,0.4713830053806305,0.0,0.992233570901604,35.0,0.8539700522645972,34,35,apf_puro,1,0.0,0.0
2026-08-18T01:58:04.428+00:00,1787018284.4288461,178096.8433131,13.710436299996218,100,3,APF,APF,0.2799620049558567,0.7089087537701833,-2.497819829079596,106.30512237548828,0.2,0.625,0.2,0.625,0.11590772707557376,-2.3321146802036927,0.16570514887590315,-0.6898764371871948,-0.7239271402359009,0.0,0.0,-0.6898764371871948,-0.7239271402359009,0.0,0.9863022877685594,35.0,1.6570514887590315,33,36,apf_puro,1,0.0,0.0
2026-08-18T01:58:04.555+00:00,1787018284.555391,178096.9706449,13.837768099998357,101,2,APF,APF,0.8516728364659892,0.544488648851194,0.36614661095008794,101.35340690612793,1.0,0.625,1.0,0.625,0.16876914737549492,0.4972953060617302,0.1311486951116423,0.8788760304450989,0.47705018520355225,0.0,0.0,0.8788760304450989,0.47705018520355225,0.0,0.9914123294584914,35.0,1.5367821124219003,33,36,apf_puro,1,0.0,0.0
2026-08-18T01:58:04.556+00:00,1787018284.556383,178096.9713605,13.838483700004872,101,3,APF,APF,0.2799620049558567,0.7089087537701833,-2.497819829079596,102.34522819519043,0.2,0.625,0.2,0.625,0.11590772707557376,-2.3321146802036927,0.16570514887590315,-0.6898764371871948,-0.7239271402359009,0.0,0.0,-0.6898764371871948,-0.7239271402359009,0.0,0.9863022877685594,35.0,1.6570514887590315,33,36,apf_puro,1,0.0,0.0
2026-08-18T01:58:04.693+00:00,1787018284.693136,178097.1076168,13.974740000005113,102,2,APF,APF,0.8561529289433556,0.5458703160813514,0.3776212268781791,106.94408416748047,1.0,0.625,1.0,0.625,0.1641751708652698,0.5029168033451489,0.12529557646696976,0.8761804103851318,0.4819832146167755,0.0,0.0,0.8761804103851318,0.4819832146167755,0.0,0.9921607729707548,35.0,1.0480966121061592,33,36,apf_puro,1,0.0,0.0
2026-08-18T01:58:04.693+00:00,1787018284.693136,178097.1082672,13.975390400009928,102,3,APF,APF,0.2799620049558567,0.7089087537701833,-2.497819829079596,106.94408416748047,0.2,0.625,0.2,0.625,0.11590772707557376,-2.3321146802036927,0.16570514887590315,-0.6898764371871948,-0.7239271402359009,0.0,0.0,-0.6898764371871948,-0.7239271402359009,0.0,0.9863022877685594,35.0,1.6570514887590315,33,36,apf_puro,1,0.0,0.0
2026-08-18T01:58:04.818+00:00,1787018284.8182046,178097.2331334,14.100256600009743,103,2,APF,APF,0.8634308704854994,0.5484966502652298,0.39898532960774846,99.69949722290039,1.0,0.625,1.0,0.625,0.15653718298535022,0.5106256515569866,0.11164032194923812,0.8724389672279358,0.4887232184410095,0.0,0.0,0.8724389672279358,0.4887232184410095,0.0,0.9937746890843177,35.0,0.6384693113717738,34,35,apf_puro,1,0.0,0.0
2026-08-18T01:58:04.819+00:00,1787018284.8192134,178097.2341875,14.101310700003523,103,3,APF,APF,0.2799620049558567,0.7089087537701833,-2.497819829079596,100.7082462310791,0.2,0.625,0.2,0.625,0.11590772707557376,-2.3321146802036927,0.16570514887590315,-0.6898764371871948,-0.7239271402359009,0.0,0.0,-0.6898764371871948,-0.7239271402359009,0.0,0.9863022877685594,35.0,1.6570514887590315,33,36,apf_puro,1,0.0,0.0
2026-08-18T01:58:04.955+00:00,1787018284.955065,178097.3696381,14.236761300009675,104,2,APF,APF,0.8769163512756022,0.5537676743541754,0.4187187733310348,103.63054275512695,1.0,0.625,1.0,0.625,0.1422098055698824,0.5246336965357673,0.1059149232047325,0.8655075430870056,0.5008960366249084,0.0,0.0,0.8655075430870056,0.5008960366249084,0.0,0.9943962560139805,35.0,0.8587602759896285,34,35,apf_puro,1,0.0,0.0
2026-08-18T01:58:04.956+00:00,1787018284.9560578,178097.3704508,14.237573999998858,104,3,APF,APF,0.2799620049558567,0.7089087537701833,-2.497819829079596,104.62331771850586,0.2,0.625,0.2,0.625,0.11590772707557376,-2.3321146802036927,0.16570514887590315,-0.6898764371871948,-0.7239271402359009,0.0,0.0,-0.6898764371871948,-0.7239271402359009,0.0,0.9863022877685594,35.0,1.6570514887590315,33,36,apf_puro,1,0.0,0.0
2026-08-18T01:58:05.088+00:00,1787018285.0889819,178097.5037783,14.370901499991305,105,2,APF,APF,0.8827753428906187,0.5563154037690574,0.4187187733310348,100.97074508666992,1.0,0.625,1.0,0.625,0.1358646164158264,0.5300042878621726,0.11128551453113777,0.8628048896789551,0.5055370330810547,0.0,0.0,0.8628048896789551,0.5055370330810547,0.0,0.9938141551148616,35.0,1.3008258417355623,33,36,apf_puro,1,0.0,0.0
2026-08-18T01:58:05.089+00:00,1787018285.0899732,178097.5050301,14.372153300006175,105,3,APF,APF,0.2799620049558567,0.7089087537701833,-2.4891621446207837,101.96208953857422,0.2,0.625,0.2,0.625,0.11590772707557376,-2.3321146802036927,0.15704746441709094,-0.6898764371871948,-0.7239271402359009,0.0,0.0,-0.6898764371871948,-0.7239271402359009,0.0,0.987693372309028,35.0,1.267455688112482,33,36,apf_puro,1,0.0,0.0
2026-08-18T01:58:05.225+00:00,1787018285.225248,178097.6401967,14.507319900003495,106,2,APF,APF,0.8889955488250609,0.5592166555493145,0.4187187733310348,103.67131233215332,1.0,0.625,1.0,0.625,0.1290326958091125,0.5349745933733474,0.11625582004231261,0.8602815270423889,0.5098191499710083,0.0,0.0,0.8602815270423889,0.5098191499710083,0.0,0.9932498998276222,35.0,1.3365188933142451,33,36,apf_puro,1,0.0,0.0
2026-08-18T01:58:05.226+00:00,1787018285.2263017,178097.6409386,14.508061800006544,106,3,APF,APF,0.2799620049558567,0.7089087537701833,-2.4891621446207837,104.72488403320312,0.2,0.625,0.2,0.625,0.11590772707557376,-2.3321146802036927,0.15704746441709094,-0.6898764371871948,-0.7239271402359009,0.0,0.0,-0.6898764371871948,-0.7239271402359009,0.0,0.987693372309028,35.0,1.5704746441709094,33,36,apf_puro,1,0.0,0.0
2026-08-18T01:58:05.368+00:00,1787018285.3683858,178097.7831596,14.650282799993875,107,2,APF,APF,0.9015215457713468,0.5643642782612727,0.4451384760268654,100.81005096435547,1.0,0.625,1.0,0.625,0.11564902376605396,0.5519024355247145,0.10676395949784911,0.8515285849571228,0.5243081450462341,0.0,0.0,0.8515285849571228,0.5243081450462341,0.0,0.994306140035662,35.0,0.7354244759222689,34,35,apf_puro,1,0.0,0.0
2026-08-18T01:58:05.370+00:00,1787018285.3700306,178097.7844748,14.651597999996739,107,3,APF,APF,0.2799620049558567,0.7089087537701833,-2.4891621446207837,102.45490074157715,0.2,0.625,0.2,0.625,0.11590772707557376,-2.3321146802036927,0.15704746441709094,-0.6898764371871948,-0.7239271402359009,0.0,0.0,-0.6898764371871948,-0.7239271402359009,0.0,0.987693372309028,35.0,1.5704746441709094,33,36,apf_puro,1,0.0,0.0
2026-08-18T01:58:05.505+00:00,1787018285.505786,178097.9210449,14.788168099999893,108,2,APF,APF,0.9050697277076705,0.5659395119114088,0.45330775248737065,99.89333152770996,1.0,0.625,1.0,0.625,0.11180294204876029,0.5565443647765944,0.10323661228922376,0.8490856289863586,0.5282552242279053,0.0,0.0,0.8490856289863586,0.5282552242279053,0.0,0.994675832121309,35.0,0.9089089705903503,34,35,apf_puro,1,0.0,0.0
2026-08-18T01:58:05.506+00:00,1787018285.5067873,178097.921646,14.788769200007664,108,3,APF,APF,0.2799620049558567,0.7089087537701833,-2.4891621446207837,100.89468955993652,0.2,0.625,0.2,0.625,0.11590772707557376,-2.3321146802036927,0.15704746441709094,-0.6898764371871948,-0.7239271402359009,0.0,0.0,-0.6898764371871948,-0.7239271402359009,0.0,0.987693372309028,35.0,1.5704746441709094,33,36,apf_puro,1,0.0,0.0
2026-08-18T01:58:05.645+00:00,1787018285.6453576,178098.0602062,14.927329400001327,109,2,APF,APF,0.9164198489286807,0.5715473835478275,0.4815583125426181,107.54609107971191,1.0,0.625,1.0,0.625,0.09921100674162933,0.5689847953157228,0.08742648277310466,0.842448353767395,0.5387770533561707,0.0,0.0,0.842448353767395,0.5387770533561707,0.0,0.996180738660231,35.0,0.32091029466687815,34,35,apf_puro,1,0.0,0.0
2026-08-18T01:58:05.646+00:00,1787018285.6463628,178098.0610723,14.928195500018774,109,3,APF,APF,0.2799620049558567,0.7089087537701833,-2.4891621446207837,108.5512638092041,0.2,0.625,0.2,0.625,0.11590772707557376,-2.3321146802036927,0.15704746441709094,-0.6898764371871948,-0.7239271402359009,0.0,0.0,-0.6898764371871948,-0.7239271402359009,0.0,0.987693372309028,35.0,1.5704746441709094,33,36,apf_puro,1,0.0,0.0
2026-08-18T01:58:05.784+00:00,1787018285.7842438,178098.1987864,15.06590960000176,110,2,APF,APF,0.922895847232081,0.5747612291718875,0.4815583125426181,107.78284072875977,1.0,0.625,1.0,0.625,0.09202708551496239,0.577478284492517,0.09591997194989893,0.8378419280052185,0.5459128618240356,0.0,0.0,0.8378419280052185,0.5459128618240356,0.0,0.9954032055671374,35.0,1.2564718406867885,33,36,apf_puro,1,0.0,0.0
2026-08-18T01:58:05.784+00:00,1787018285.7842438,178098.1994661,15.06658929999685,110,3,APF,APF,0.2799620049558567,0.7089087537701833,-2.4891621446207837,107.78284072875977,0.2,0.625,0.2,0.625,0.11590772707557376,-2.3321146802036927,0.15704746441709094,-0.6898764371871948,-0.7239271402359009,0.0,0.0,-0.6898764371871948,-0.7239271402359009,0.0,0.987693372309028,35.0,1.5704746441709094,33,36,apf_puro,1,0.0,0.0
2026-08-18T01:58:05.913+00:00,1787018285.9137323,178098.3319826,15.199105800013058,111,2,APF,APF,0.9304351957310526,0.5784045134365048,0.4815583125426181,99.19071197509766,1.0,0.625,1.0,0.625,0.08372813960112709,0.5901784291100389,0.10862011656742082,0.8308413624763489,0.556509256362915,0.0,0.0,0.8308413624763489,0.556509256362915,0.0,0.9941066328822444,35.0,1.5307062272874743,33,36,apf_puro,1,0.0,0.0
2026-08-18T01:58:05.919+00:00,1787018285.919126,178098.3337112,15.200834399991436,111,3,APF,APF,0.2799620049558567,0.7089087537701833,-2.481122314838532,104.5844554901123,0.2,0.625,0.2,0.625,0.11590772707557376,-2.3321146802036927,0.14900763463483946,-0.6898764371871948,-0.7239271402359009,0.0,0.0,-0.6898764371871948,-0.7239271402359009,0.0,0.9889188882731936,35.0,1.2086823039695926,33,36,apf_puro,1,0.0,0.0
2026-08-18T01:58:06.051+00:00,1787018286.0517905,178098.4669867,15.334109899995383,112,2,APF,APF,0.9418265647110693,0.5843111920026255,0.4815583125426181,104.78663444519043,1.0,0.625,1.0,0.625,0.07099103936105328,0.6103498120310413,0.12879149948842322,0.8194475769996643,0.5731541514396667,0.0,0.0,0.8194475769996643,0.5731541514396667,0.0,0.9917178325294882,32.85477051927436,1.9939133971193161,30,34,apf_puro,1,0.0,0.0
2026-08-18T01:58:06.052+00:00,1787018286.05279,178098.4676222,15.334745400003158,112,3,APF,APF,0.2799620049558567,0.7089087537701833,-2.481122314838532,105.78608512878418,0.2,0.625,0.2,0.625,0.11590772707557376,-2.3321146802036927,0.14900763463483946,-0.6898764371871948,-0.7239271402359009,0.0,0.0,-0.6898764371871948,-0.7239271402359009,0.0,0.9889188882731936,35.0,1.4900763463483946,33,36,apf_puro,1,0.0,0.0
2026-08-18T01:58:06.201+00:00,1787018286.201522,178098.6165183,15.483641500002705,113,2,APF,APF,0.9449828284700463,0.585987061343351,0.4815583125426181,107.78284072875977,1.0,0.625,1.0,0.625,0.06744552280013702,0.6168104379981049,0.13525212545548676,0.8157275915145874,0.5784363150596619,0.0,0.0,0.8157275915145874,0.5784363150596619,0.0,0.9908673660670068,31.187131513992544,1.5786431634020914,29,32,apf_puro,1,0.0,0.0
2026-08-18T01:58:06.202+00:00,1787018286.2028928,178098.6175368,15.484660000016447,113,3,APF,APF,0.2799620049558567,0.7089087537701833,-2.481122314838532,109.15350914001465,0.2,0.625,0.2,0.625,0.11590772707557376,-2.3321146802036927,0.14900763463483946,-0.6898764371871948,-0.7239271402359009,0.0,0.0,-0.6898764371871948,-0.7239271402359009,0.0,0.9889188882731936,35.0,1.4900763463483946,33,36,apf_puro,1,0.0,0.0
2026-08-18T01:58:06.338+00:00,1787018286.338079,178098.7526107,15.619733900006395,114,2,APF,APF,0.9557694824440599,0.5908486408376411,0.4815583125426181,105.71074485778809,1.0,0.625,1.0,0.625,0.05588071237826841,0.6575095996164325,0.1759512870738144,0.7915167212486267,0.6111475825309753,0.0,0.0,0.7915167212486267,0.6111475825309753,0.0,0.9845604665464978,25.675038783379346,3.183983527379612,22,28,apf_puro,1,0.0,0.0
2026-08-18T01:58:06.338+00:00,1787018286.338079,178098.7531729,15.620296100009,114,3,APF,APF,0.2799620049558567,0.7089087537701833,-2.481122314838532,105.71074485778809,0.2,0.625,0.2,0.625,0.11590772707557376,-2.3321146802036927,0.14900763463483946,-0.6898764371871948,-0.7239271402359009,0.0,0.0,-0.6898764371871948,-0.7239271402359009,0.0,0.9889188882731936,35.0,1.4900763463483946,33,36,apf_puro,1,0.0,0.0
2026-08-18T01:58:06.465+00:00,1787018286.4656868,178098.8803299,15.747453100018902,115,2,APF,APF,0.965180476412413,0.5952061652485999,0.4815583125426181,102.01239585876465,1.0,0.625,1.0,0.625,0.045826540476674234,0.7077734891578303,0.22621517661521223,0.7598113417625427,0.6501436829566956,0.0,0.0,0.7598113417625427,0.6501436829566956,0.0,0.9745222737848787,20.840859398344232,4.021387900101046,18.0,24,apf_puro,1,0.0,0.0
2026-08-18T01:58:06.468+00:00,1787018286.4681826,178098.882969,15.750092200003564,115,3,APF,APF,0.2799620049558567,0.7089087537701833,-2.481122314838532,104.5081615447998,0.2,0.625,0.2,0.625,0.11590772707557376,-2.3321146802036927,0.14900763463483946,-0.6898764371871948,-0.7239271402359009,0.0,0.0,-0.6898764371871948,-0.7239271402359009,0.0,0.9889188882731936,35.0,1.4900763463483946,33,36,apf_puro,1,0.0,0.0
2026-08-18T01:58:06.598+00:00,1787018286.5989132,178099.0135212,15.880644399992889,116,2,APF,APF,0.9723623984675589,0.5987033938480137,0.4815583125426181,103.18994522094727,1.0,0.625,1.0,0.625,0.0381490303098083,0.7605397522998956,0.27898143975727746,0.7244640588760376,0.6893125772476196,0.0,0.0,0.7244640588760376,0.6893125772476196,0.0,0.9613364246079467,17.114557786802607,4.636633607545058,18.0,21,apf_puro,1,0.0,0.0
2026-08-18T01:58:06.600+00:00,1787018286.6009262,178099.0153019,15.882425100018736,116,3,APF,APF,0.2799620049558567,0.7089087537701833,-2.481122314838532,104.19845581054688,0.2,0.625,0.2,0.625,0.11590772707557376,-2.3321146802036927,0.14900763463483946,-0.6898764371871948,-0.7239271402359009,0.0,0.0,-0.6898764371871948,-0.7239271402359009,0.0,0.9889188882731936,35.0,1.4900763463483946,33,36,apf_puro,1,0.0,0.0
2026-08-18T01:58:06.740+00:00,1787018286.7400606,178099.1546624,16.021785599994473,117,2,APF,APF,0.9761824302930882,0.6008972359590327,0.4815583125426181,105.7887077331543,1.0,0.625,1.0,0.625,0.033885393035320586,0.7913495445799238,0.3097912320373057,0.7028859853744507,0.7113024592399597,0.0,0.0,0.7028859853744507,0.7113024592399597,0.0,0.9523972356020006,15.060432171925752,4.176255050174045,18.0,19,apf_puro,1,0.0,0.0
2026-08-18T01:58:06.741+00:00,1787018286.7410595,178099.1553955,16.022518700017827,117,3,APF,APF,0.27441868313089474,0.7049531164697271,-2.5089229395723778,105.7887077331543,0.2,0.625,0.2,0.625,0.10922747471290485,-2.3203585010680063,0.18856443850437143,-0.6813183426856995,-0.7319872379302979,0.0,0.0,-0.6813183426856995,-0.7319872379302979,0.0,0.9822743417068209,35.0,3.2701325204773335,31,38,apf_puro,1,0.0,0.0
2026-08-18T01:58:06.867+00:00,1787018286.8678024,178099.2824031,16.14952629999607,118,2,APF,APF,0.9818922339566581,0.6040906830089352,0.4815583125426181,101.40776634216309,1.0,0.625,1.0,0.625,0.027660273464180273,0.8570783225107167,0.3755200099680986,0.6546488404273987,0.7559331059455872,0.0,0.0,0.6546488404273987,0.7559331059455872,0.0,0.9303170307452819,12.008650956772728,6.055707327258737,18.0,18,apf_puro,1,0.0,0.0
2026-08-18T01:58:06.867+00:00,1787018286.8678024,178099.2830165,16.150139700010186,118,3,APF,APF,0.26954660246554,0.7014318297833579,-2.5355907434602685,101.40776634216309,0.2,0.625,0.2,0.625,0.10333709168799003,-2.3090633152246434,0.2265274282356251,-0.6730071306228638,-0.7396360039710999,0.0,0.0,-0.6730071306228638,-0.7396360039710999,0.0,0.9744521911292382,35.0,3.5939789229501296,31,38,apf_puro,1,0.0,0.0
2026-08-18T01:58:06.996+00:00,1787018286.996672,178099.414524,16.28164719999768,119,2,APF,APF,0.9887309068067524,0.6073816828376544,0.49203710419970464,98.55532646179199,1.0,0.625,1.0,0.625,0.020914051760266422,1.0017501228111305,0.5097130186114258,0.5388287901878357,0.8424152731895447,0.0,0.0,0.5388287901878357,0.8424152731895447,0.0,0.8728845694891246,8.519258097948933,9.79388548863071,-1,18,apf_puro,1,0.0,0.0
2026-08-18T01:58:07.001+00:00,1787018287.0016987,178099.4164795,16.283602700015763,119,3,APF,APF,0.26537448398232655,0.6990164562351322,-2.5463098193008538,103.58214378356934,0.2,0.625,0.2,0.625,0.09875352626394011,-2.2942756489124325,0.25203417038842124,-0.6619964838027954,-0.7495070099830627,0.0,0.0,-0.6619964838027954,-0.7495070099830627,0.0,0.9684071556437829,35.0,3.413077679232077,31,38,apf_puro,1,0.0,0.0
2026-08-18T01:58:07.129+00:00,1787018287.1291194,178099.5436123,16.410735500016017,120,3,APF,APF,0.2624480576204316,0.6972650607394226,-2.5601939315380857,99.74408149719238,0.2,0.625,0.2,0.625,0.09550915612776184,-2.283449710204146,0.2767442213339395,-0.6538437008857727,-0.7566296458244324,0.0,0.0,-0.6538437008857727,-0.7566296458244324,0.0,0.9619500959111943,35.0,3.632293996432534,31,38,apf_puro,1,0.0,0.0
2026-08-18T01:58:07.269+00:00,1787018287.269386,178099.6838249,16.550948100019014,121,3,APF,APF,0.2522891674306247,0.6925811746259469,-2.6041135634022363,106.69493675231934,0.2,0.625,0.2,0.625,0.0854480672362496,-2.229308666525708,0.3748048968765283,-0.6119409203529358,-0.7909034490585327,0.0,0.0,-0.6119409203529358,-0.7909034490585327,0.0,0.9305790651163348,35.0,7.180172612755891,27,42,apf_puro,1,0.0,0.0
2026-08-18T01:58:07.406+00:00,1787018287.4065301,178099.820863,16.68798620000598,122,3,APF,APF,0.24145979758402766,0.6879401288098286,-2.6570953706806053,104.62427139282227,0.2,0.625,0.2,0.625,0.07536826009870706,-2.153275842998054,0.5038195276825514,-0.5500962734222412,-0.8351012468338013,0.0,0.0,-0.5500962734222412,-0.8351012468338013,0.0,0.8757449857995742,30.80157540594439,9.553707355036325,21,40,apf_puro,1,0.0,0.0
2026-08-18T01:58:07.540+00:00,1787018287.540045,178099.9549461,16.822069300018484,123,3,APF,APF,0.2244465540404132,0.6793441604808442,-2.6714195567420687,100.50034523010254,0.2,0.625,0.2,0.625,0.05958961136656786,-1.9935229812615896,0.6778965754804791,-0.41024860739707947,-0.9119737148284912,0.0,0.0,-0.41024860739707947,-0.9119737148284912,0.0,0.7788936162963772,21.65985168246748,12.871662427732257,18.0,34,apf_puro,1,0.0,0.0
2026-08-18T01:58:07.676+00:00,1787018287.6761477,178100.090668,16.957791199994972,124,3,APF,APF,0.21067498655751538,0.6708171856808189,-2.635335580267482,103.63984107971191,0.2,0.625,0.2,0.625,0.04704433910380476,-1.799703472489976,0.835632107777506,-0.22691330313682556,-0.9739149212837219,0.0,0.0,-0.22691330313682556,-0.9739149212837219,0.0,0.6707089693125913,14.724761423075632,13.877064708171002,0,28,apf_puro,1,0.0,0.0
2026-08-18T01:58:07.809+00:00,1787018287.8093026,178100.2244046,17.091527800017502,125,3,APF,APF,0.20356746351822408,0.6648001126399734,-2.5763718441096204,99.40361976623535,0.2,0.625,0.2,0.625,0.03995967670175061,-1.6601919322331202,0.9161799118765002,-0.08927658200263977,-0.9960068464279175,0.0,0.0,-0.08927658200263977,-0.9960068464279175,0.0,0.6088549971675703,11.353836127695317,11.980972262229798,0,23,apf_puro,1,0.0,0.0
2026-08-18T01:58:07.941+00:00,1787018287.9419734,178100.3568411,17.223964300006628,126,3,APF,APF,0.19512595258915785,0.6564296535193197,-2.486932877747928,100.27933120727539,0.2,0.625,0.2,0.625,0.031805336950072115,-1.4169438749697425,1.0699890027781855,0.1532462239265442,-0.9881881475448608,0.0,0.0,0.1532462239265442,-0.9881881475448608,0.0,0.48013387576802236,7.126382526641474,17.041741246347428,-18.0,24,apf_puro,1,0.0,0.0
2026-08-18T01:58:08.083+00:00,1787018288.0833726,178100.4984257,17.365548900008434,127,3,APF,APF,0.19047269787729096,0.6513367588813707,-2.4164312682512317,102.37812995910645,0.2,0.625,0.2,0.625,0.02800704115241081,-1.2236930721502375,1.1927381961009942,0.34017524123191833,-0.9403620362281799,0.0,0.0,0.34017524123191833,-0.9403620362281799,0.0,0.36911642585116394,4.824334166794026,22.59381345152169,-18.0,27,apf_puro,1,0.0,0.0
2026-08-18T01:58:08.212+00:00,1787018288.2125914,178100.6271171,17.494240300002275,128,3,APF,APF,0.18900298955644185,0.6492778399470719,-2.3835635810254923,98.98495674133301,0.2,0.625,0.2,0.625,0.026652349824947272,-1.1454794726924107,1.2380841083330816,0.41260942816734314,-0.910908043384552,0.0,0.0,0.41260942816734314,-0.910908043384552,0.0,0.3266077069084038,4.062269334688425,21.23375161792444,-18.0,25,apf_puro,1,0.0,0.0
2026-08-18T01:58:08.351+00:00,1787018288.3513865,178100.7658726,17.632995799998753,129,3,APF,APF,0.18782691242007457,0.6476571103243517,-2.3464122005170367,106.83822631835938,0.2,0.625,0.2,0.625,0.025720200416761513,-1.0777756518811534,1.2686365486358833,0.47328898310661316,-0.8809072375297546,0.0,0.0,0.47328898310661316,-0.8809072375297546,0.0,0.2975828306932867,3.571815354808654,22.108871009132386,-18,25,apf_puro,1,0.0,0.0
2026-08-18T01:58:08.494+00:00,1787018288.4943829,178100.9089402,17.776063400000567,130,3,APF,APF,0.18612180982222326,0.6432729164834579,-2.1999630886406036,103.49392890930176,0.2,0.625,0.2,0.625,0.022945667116516025,-0.9212460009924328,1.2787170876481708,0.6048283576965332,-0.7963558435440063,0.0,0.0,0.6048283576965332,-0.7963558435440063,0.0,0.28794402372812394,3.083298267772671,21.499229800682386,-18,24,apf_puro,1,0.0,0.0
2026-08-18T01:58:08.627+00:00,1787018288.6279428,178101.0423058,17.909428999992087,131,3,APF,APF,0.18555341324095592,0.6411146559433187,-2.0584314656783342,105.09228706359863,0.2,0.625,0.2,0.625,0.02164222736129823,-0.8399252673263115,1.218506198352023,0.6675184965133667,-0.7445932626724243,0.0,0.0,0.6675184965133667,-0.7445932626724243,0.0,0.3450481905474701,3.484885315535355,14.762345510323797,-18.0,18,apf_puro,1,0.0,0.0
2026-08-18T01:58:08.762+00:00,1787018288.7625523,178101.1776357,18.044758900010493,132,3,APF,APF,0.1856096137622235,0.6393132503957362,-1.878606703888645,99.77054595947266,0.2,0.625,0.2,0.625,0.020296609395744618,-0.7827108347587753,1.0958958691298695,0.7090044021606445,-0.7052039504051208,0.0,0.0,0.7090044021606445,-0.7052039504051208,0.0,0.4572499226393076,4.33095743548742,7.522718052816241,-18.0,18.0,apf_puro,1,0.0,0.0
2026-08-18T01:58:08.895+00:00,1787018288.895814,178101.3104147,18.17753790001734,133,3,APF,APF,0.1856096137622235,0.6393132503957362,-1.842250466349351,100.38423538208008,0.2,0.625,0.2,0.625,0.020296609395744618,-0.7827108347587753,1.0595396315905758,0.7090044021606445,-0.7052039504051208,0.0,0.0,0.7090044021606445,-0.7052039504051208,0.0,0.4892736349466543,4.63427806620258,9.622931389377996,-18.0,18.0,apf_puro,1,0.0,0.0
