wall_time_iso,t_wall,t_perf,session_elapsed_s,stage,robot_id,seq,left_cmd,right_cmd,requested_delay_ms,actual_delay_ms,scheduled_perf,sent_perf,ack_perf,rtt_ms,esp_rx_ms,duplicate,ack_requested,success,error
2026-08-18T02:51:15.684+00:00,1787021475.6842701,181288.0595551,0.16033279997645877,send_error,1,5,0,0,0.0,0.0,181288.0595478,,,,,,,0,robot_not_discovered
2026-08-18T02:51:15.799+00:00,1787021475.799033,181288.174705,0.27548270000261255,sent,2,6,35,-35,0.0,0.0,181288.1743288,181288.1744111,,,,,0,1,
2026-08-18T02:51:15.800+00:00,1787021475.800037,181288.1753653,0.27614299999549985,sent,3,7,-35,35,0.0,0.0,181288.1750645,181288.1751656,,,,,0,1,
2026-08-18T02:51:15.800+00:00,1787021475.800037,181288.1754013,0.2761789999785833,send_error,10,8,0,0,0.0,0.0,181288.1753987,,,,,,,0,robot_not_discovered
2026-08-18T02:51:15.939+00:00,1787021475.939546,181288.3146103,0.4153879999939818,send_error,1,9,0,0,0.0,0.0,181288.3145956,,,,,,,0,robot_not_discovered
2026-08-18T02:51:15.944+00:00,1787021475.9442804,181288.3191721,0.4199497999798041,sent,2,10,35,-35,0.0,0.0,181288.3188244,181288.318924,,,,,0,1,
2026-08-18T02:51:15.944+00:00,1787021475.9442804,181288.3197431,0.42052079999120906,sent,3,11,-34,34,0.0,0.0,181288.3194916,181288.3195663,,,,,0,1,
2026-08-18T02:51:15.944+00:00,1787021475.9442804,181288.3197778,0.4205554999934975,send_error,10,12,0,0,0.0,0.0,181288.3197752,,,,,,,0,robot_not_discovered
2026-08-18T02:51:16.082+00:00,1787021476.0821834,181288.4575348,0.5583124999830034,send_error,1,13,0,0,0.0,0.0,181288.4575228,,,,,,,0,robot_not_discovered
2026-08-18T02:51:16.089+00:00,1787021476.0899146,181288.4647783,0.5655559999868274,sent,2,14,35,-35,0.0,0.0,181288.4633994,181288.4645159,,,,,0,1,
2026-08-18T02:51:16.089+00:00,1787021476.0899146,181288.4653411,0.5661187999940012,sent,3,15,-34,34,0.0,0.0,181288.465127,181288.4651958,,,,,0,1,
2026-08-18T02:51:16.089+00:00,1787021476.0899146,181288.4653737,0.5661513999802992,send_error,10,16,0,0,0.0,0.0,181288.4653712,,,,,,,0,robot_not_discovered
2026-08-18T02:51:16.235+00:00,1787021476.2358172,181288.6110477,0.7118253999797162,send_error,1,17,0,0,0.0,0.0,181288.6110365,,,,,,,0,robot_not_discovered
2026-08-18T02:51:16.240+00:00,1787021476.2403932,181288.615959,0.7167366999783553,sent,2,18,35,-35,0.0,0.0,181288.6151822,181288.6154343,,,,,0,1,
2026-08-18T02:51:16.241+00:00,1787021476.2413983,181288.616596,0.7173736999975517,sent,3,19,-32,32,0.0,0.0,181288.6163594,181288.6164279,,,,,0,1,
2026-08-18T02:51:16.241+00:00,1787021476.2413983,181288.6166312,0.7174089000036474,send_error,10,20,0,0,0.0,0.0,181288.6166286,,,,,,,0,robot_not_discovered
2026-08-18T02:51:16.382+00:00,1787021476.3825085,181288.7578927,0.8586703999899328,send_error,1,21,0,0,0.0,0.0,181288.7578815,,,,,,,0,robot_not_discovered
2026-08-18T02:51:16.386+00:00,1787021476.3868217,181288.7624997,0.863277399999788,sent,2,22,35,-35,0.0,0.0,181288.7621512,181288.7622712,,,,,0,1,
2026-08-18T02:51:16.387+00:00,1787021476.3878138,181288.76315,0.8639277000038419,sent,3,23,-26,26,0.0,0.0,181288.7628942,181288.7629487,,,,,0,1,
2026-08-18T02:51:16.387+00:00,1787021476.3878138,181288.7631788,0.8639564999903087,send_error,10,24,0,0,0.0,0.0,181288.7631765,,,,,,,0,robot_not_discovered
2026-08-18T02:51:16.529+00:00,1787021476.5293512,181288.9041996,1.0049772999773268,send_error,1,25,0,0,0.0,0.0,181288.9041894,,,,,,,0,robot_not_discovered
2026-08-18T02:51:16.534+00:00,1787021476.5344858,181288.9096489,1.010426599998027,sent,2,26,35,-35,0.0,0.0,181288.9094018,181288.9094831,,,,,0,1,
2026-08-18T02:51:16.534+00:00,1787021476.5344858,181288.9101841,1.0109617999987677,sent,3,27,26,-26,0.0,0.0,181288.9100224,181288.9101106,,,,,0,1,
2026-08-18T02:51:16.534+00:00,1787021476.5344858,181288.9102164,1.0109940999827813,send_error,10,28,0,0,0.0,0.0,181288.9102138,,,,,,,0,robot_not_discovered
2026-08-18T02:51:16.681+00:00,1787021476.6811488,181289.0561765,1.1569541999779176,send_error,1,29,0,0,0.0,0.0,181289.0561356,,,,,,,0,robot_not_discovered
2026-08-18T02:51:16.693+00:00,1787021476.6932907,181289.0681591,1.1689367999788374,sent,2,30,35,-35,0.0,0.0,181289.0671582,181289.067427,,,,,0,1,
2026-08-18T02:51:16.694+00:00,1787021476.6942902,181289.0697747,1.1705523999989964,sent,3,31,26,-26,0.0,0.0,181289.0693721,181289.0695517,,,,,0,1,
2026-08-18T02:51:16.694+00:00,1787021476.6942902,181289.0698253,1.1706029999768361,send_error,10,32,0,0,0.0,0.0,181289.0698224,,,,,,,0,robot_not_discovered
2026-08-18T02:51:16.838+00:00,1787021476.838138,181289.2137545,1.3145321999909356,send_error,1,33,0,0,0.0,0.0,181289.2137431,,,,,,,0,robot_not_discovered
2026-08-18T02:51:16.843+00:00,1787021476.8432271,181289.2185169,1.319294599990826,sent,2,34,34,-34,0.0,0.0,181289.2179193,181289.2182246,,,,,0,1,
2026-08-18T02:51:16.844+00:00,1787021476.8445077,181289.2193212,1.3200989000033587,sent,3,35,-26,26,0.0,0.0,181289.2190874,181289.2191743,,,,,0,1,
2026-08-18T02:51:16.844+00:00,1787021476.8445077,181289.2193547,1.3201323999965098,send_error,10,36,0,0,0.0,0.0,181289.2193523,,,,,,,0,robot_not_discovered
2026-08-18T02:51:16.977+00:00,1787021476.9778106,181289.3526202,1.4533978999825194,send_error,1,37,0,0,0.0,0.0,181289.35261,,,,,,,0,robot_not_discovered
2026-08-18T02:51:16.980+00:00,1787021476.9805417,181289.3559802,1.4567578999849502,sent,2,38,35,-35,0.0,0.0,181289.3556873,181289.3557665,,,,,0,1,
2026-08-18T02:51:16.981+00:00,1787021476.9815516,181289.3568183,1.4575959999929182,sent,3,39,26,-26,0.0,0.0,181289.3565407,181289.3566665,,,,,0,1,
2026-08-18T02:51:16.981+00:00,1787021476.9815516,181289.3568752,1.4576528999896254,send_error,10,40,0,0,0.0,0.0,181289.3568727,,,,,,,0,robot_not_discovered
2026-08-18T02:51:17.121+00:00,1787021477.1210382,181289.4985948,1.5993725000007544,send_error,1,41,0,0,0.0,0.0,181289.4985659,,,,,,,0,robot_not_discovered
2026-08-18T02:51:17.128+00:00,1787021477.128538,181289.5037682,1.604545899986988,sent,2,42,26,-26,0.0,0.0,181289.5032509,181289.503514,,,,,0,1,
2026-08-18T02:51:17.129+00:00,1787021477.1295063,181289.5047771,1.605554799985839,sent,3,43,26,-26,0.0,0.0,181289.5044702,181289.5046046,,,,,0,1,
2026-08-18T02:51:17.129+00:00,1787021477.1295063,181289.5048154,1.6055930999864358,send_error,10,44,0,0,0.0,0.0,181289.5048127,,,,,,,0,robot_not_discovered
2026-08-18T02:51:17.282+00:00,1787021477.282882,181289.6578744,1.758652099990286,send_error,1,45,0,0,0.0,0.0,181289.6578618,,,,,,,0,robot_not_discovered
2026-08-18T02:51:17.287+00:00,1787021477.2878025,181289.6625504,1.7633281000016723,sent,2,46,26,-26,0.0,0.0,181289.6621989,181289.6623326,,,,,0,1,
2026-08-18T02:51:17.288+00:00,1787021477.2888021,181289.6637429,1.7645206000015605,sent,3,47,-26,26,0.0,0.0,181289.6633523,181289.6636007,,,,,0,1,
2026-08-18T02:51:17.288+00:00,1787021477.2888021,181289.6638032,1.7645808999950532,send_error,10,48,0,0,0.0,0.0,181289.6637978,,,,,,,0,robot_not_discovered
2026-08-18T02:51:17.438+00:00,1787021477.4387538,181289.8141461,1.9149237999808975,send_error,1,49,0,0,0.0,0.0,181289.8141275,,,,,,,0,robot_not_discovered
2026-08-18T02:51:17.446+00:00,1787021477.4467404,181289.821565,1.9223426999815274,sent,2,50,26,-26,0.0,0.0,181289.8208113,181289.8209397,,,,,0,1,
2026-08-18T02:51:17.447+00:00,1787021477.4473915,181289.822704,1.9234816999814939,sent,3,51,-26,26,0.0,0.0,181289.822373,181289.8224905,,,,,0,1,
2026-08-18T02:51:17.447+00:00,1787021477.4473915,181289.8227665,1.9235441999917384,send_error,10,52,0,0,0.0,0.0,181289.8227634,,,,,,,0,robot_not_discovered
2026-08-18T02:51:17.579+00:00,1787021477.579107,181289.959669,2.0604466999939177,send_error,1,53,0,0,0.0,0.0,181289.9596447,,,,,,,0,robot_not_discovered
2026-08-18T02:51:17.588+00:00,1787021477.5885642,181289.964081,2.064858700003242,sent,2,54,-26,26,0.0,0.0,181289.9638684,181289.9639796,,,,,0,1,
2026-08-18T02:51:17.589+00:00,1787021477.5894492,181289.9645487,2.0653263999847695,sent,3,55,-26,26,0.0,0.0,181289.9644081,181289.9644747,,,,,0,1,
2026-08-18T02:51:17.589+00:00,1787021477.5894492,181289.9645815,2.0653592000016943,send_error,10,56,0,0,0.0,0.0,181289.9645788,,,,,,,0,robot_not_discovered
2026-08-18T02:51:17.731+00:00,1787021477.7310336,181290.1068718,2.20764949999284,send_error,1,57,0,0,0.0,0.0,181290.1068616,,,,,,,0,robot_not_discovered
2026-08-18T02:51:17.735+00:00,1787021477.7353234,181290.1104727,2.211250399996061,sent,2,58,-26,26,0.0,0.0,181290.1102125,181290.1103132,,,,,0,1,
2026-08-18T02:51:17.735+00:00,1787021477.7353234,181290.1109877,2.211765399988508,sent,3,59,-26,26,0.0,0.0,181290.1108494,181290.1109072,,,,,0,1,
2026-08-18T02:51:17.735+00:00,1787021477.7353234,181290.1110166,2.21179430000484,send_error,10,60,0,0,0.0,0.0,181290.1110143,,,,,,,0,robot_not_discovered
2026-08-18T02:51:17.876+00:00,1787021477.8769202,181290.2526947,2.3534723999910057,send_error,1,61,0,0,0.0,0.0,181290.2526836,,,,,,,0,robot_not_discovered
2026-08-18T02:51:17.880+00:00,1787021477.8809266,181290.2561837,2.356961399986176,sent,2,62,26,-26,0.0,0.0,181290.2559001,181290.2560094,,,,,0,1,
2026-08-18T02:51:17.880+00:00,1787021477.8809266,181290.2566392,2.3574168999912217,sent,3,63,-26,26,0.0,0.0,181290.2564984,181290.2565612,,,,,0,1,
2026-08-18T02:51:17.881+00:00,1787021477.8819268,181290.2566654,2.3574430999869946,send_error,10,64,0,0,0.0,0.0,181290.2566629,,,,,,,0,robot_not_discovered
2026-08-18T02:51:18.015+00:00,1787021478.0157063,181290.3915809,2.4923585999931674,send_error,1,65,0,0,0.0,0.0,181290.3915711,,,,,,,0,robot_not_discovered
2026-08-18T02:51:18.020+00:00,1787021478.0202253,181290.395577,2.4963546999788377,sent,2,66,26,-26,0.0,0.0,181290.3952974,181290.3954139,,,,,0,1,
2026-08-18T02:51:18.021+00:00,1787021478.0212302,181290.3961615,2.496939199976623,sent,3,67,-26,26,0.0,0.0,181290.3959636,181290.3960568,,,,,0,1,
2026-08-18T02:51:18.021+00:00,1787021478.0212302,181290.3961861,2.4969637999893166,send_error,10,68,0,0,0.0,0.0,181290.3961835,,,,,,,0,robot_not_discovered
2026-08-18T02:51:18.150+00:00,1787021478.1502903,181290.5256558,2.62643350000144,send_error,1,69,0,0,0.0,0.0,181290.5256464,,,,,,,0,robot_not_discovered
2026-08-18T02:51:18.154+00:00,1787021478.1547763,181290.5295128,2.630290500004776,sent,2,70,26,-26,0.0,0.0,181290.5291477,181290.5293385,,,,,0,1,
2026-08-18T02:51:18.155+00:00,1787021478.1554406,181290.5306043,2.6313819999923,sent,3,71,-26,26,0.0,0.0,181290.5303613,181290.5304855,,,,,0,1,
2026-08-18T02:51:18.155+00:00,1787021478.1554406,181290.5306417,2.6314193999860436,send_error,10,72,0,0,0.0,0.0,181290.5306381,,,,,,,0,robot_not_discovered
2026-08-18T02:51:18.302+00:00,1787021478.3028753,181290.677684,2.7784616999852005,send_error,1,73,0,0,0.0,0.0,181290.6776556,,,,,,,0,robot_not_discovered
2026-08-18T02:51:18.307+00:00,1787021478.3073685,181290.68282,2.7835976999776904,sent,2,74,26,-26,0.0,0.0,181290.6818954,181290.6820674,,,,,0,1,
2026-08-18T02:51:18.308+00:00,1787021478.308303,181290.6837402,2.784517899999628,sent,3,75,26,-26,0.0,0.0,181290.6835062,181290.6836105,,,,,0,1,
2026-08-18T02:51:18.308+00:00,1787021478.308303,181290.6837723,2.7845499999821186,send_error,10,76,0,0,0.0,0.0,181290.6837698,,,,,,,0,robot_not_discovered
2026-08-18T02:51:18.439+00:00,1787021478.4397056,181290.8149575,2.9157351999892853,send_error,1,77,0,0,0.0,0.0,181290.8149458,,,,,,,0,robot_not_discovered
2026-08-18T02:51:18.443+00:00,1787021478.4437726,181290.8186731,2.9194507999927737,sent,2,78,26,-26,0.0,0.0,181290.818427,181290.8185132,,,,,0,1,
2026-08-18T02:51:18.443+00:00,1787021478.4437726,181290.8191915,2.919969199982006,sent,3,79,26,-26,0.0,0.0,181290.819057,181290.8191167,,,,,0,1,
2026-08-18T02:51:18.443+00:00,1787021478.4437726,181290.8192195,2.919997199991485,send_error,10,80,0,0,0.0,0.0,181290.8192173,,,,,,,0,robot_not_discovered
2026-08-18T02:51:18.579+00:00,1787021478.579119,181290.9566491,3.0574267999909353,send_error,1,81,0,0,0.0,0.0,181290.9566391,,,,,,,0,robot_not_discovered
2026-08-18T02:51:18.586+00:00,1787021478.5879464,181290.9626346,3.063412299990887,sent,2,82,26,-26,0.0,0.0,181290.9619338,181290.9623964,,,,,0,1,
2026-08-18T02:51:18.588+00:00,1787021478.588947,181290.9637123,3.064489999989746,sent,3,83,29,40,0.0,0.0,181290.9635255,181290.9636207,,,,,0,1,
2026-08-18T02:51:18.588+00:00,1787021478.588947,181290.9637473,3.064524999994319,send_error,10,84,0,0,0.0,0.0,181290.9637446,,,,,,,0,robot_not_discovered
2026-08-18T02:51:18.745+00:00,1787021478.7457318,181291.1216557,3.2224333999911323,send_error,1,85,0,0,0.0,0.0,181291.1216417,,,,,,,0,robot_not_discovered
2026-08-18T02:51:18.745+00:00,1787021478.7457318,181291.1254567,3.226234400004614,sent,2,86,-26,26,0.0,0.0,181291.1252066,181291.1252945,,,,,0,1,
2026-08-18T02:51:18.745+00:00,1787021478.7457318,181291.1260968,3.226874499989208,sent,3,87,38,31,0.0,0.0,181291.1258326,181291.1259934,,,,,0,1,
2026-08-18T02:51:18.745+00:00,1787021478.7457318,181291.1261254,3.2269031000032555,send_error,10,88,0,0,0.0,0.0,181291.1261227,,,,,,,0,robot_not_discovered
2026-08-18T02:51:18.885+00:00,1787021478.8850925,181291.260232,3.361009699990973,send_error,1,89,0,0,0.0,0.0,181291.2602204,,,,,,,0,robot_not_discovered
2026-08-18T02:51:18.889+00:00,1787021478.88909,181291.2640999,3.3648775999899954,sent,2,90,-26,26,0.0,0.0,181291.2638899,181291.2639995,,,,,0,1,
2026-08-18T02:51:18.889+00:00,1787021478.88909,181291.2645732,3.36535089998506,sent,3,91,40,29,0.0,0.0,181291.2644087,181291.2644981,,,,,0,1,
2026-08-18T02:51:18.889+00:00,1787021478.88909,181291.2645993,3.3653769999800716,send_error,10,92,0,0,0.0,0.0,181291.2645968,,,,,,,0,robot_not_discovered
2026-08-18T02:51:19.039+00:00,1787021479.039701,181291.4144367,3.515214399987599,send_error,1,93,0,0,0.0,0.0,181291.4144223,,,,,,,0,robot_not_discovered
2026-08-18T02:51:19.044+00:00,1787021479.0443451,181291.4194914,3.5202691000013147,sent,2,94,26,-26,0.0,0.0,181291.4190378,181291.4191908,,,,,0,1,
2026-08-18T02:51:19.045+00:00,1787021479.0453434,181291.4203056,3.5210833000019193,sent,3,95,40,29,0.0,0.0,181291.4199416,181291.4201645,,,,,0,1,
2026-08-18T02:51:19.045+00:00,1787021479.0453434,181291.4203473,3.5211249999993015,send_error,10,96,0,0,0.0,0.0,181291.4203444,,,,,,,0,robot_not_discovered
2026-08-18T02:51:19.183+00:00,1787021479.1836596,181291.5588337,3.659611399983987,send_error,1,97,0,0,0.0,0.0,181291.5588229,,,,,,,0,robot_not_discovered
2026-08-18T02:51:19.187+00:00,1787021479.187595,181291.5628817,3.6636593999865,sent,2,98,40,29,0.0,0.0,181291.5626855,181291.5627709,,,,,0,1,
2026-08-18T02:51:19.188+00:00,1787021479.1886,181291.5635228,3.664300499978708,sent,3,99,39,30,0.0,0.0,181291.563402,181291.5634639,,,,,0,1,
2026-08-18T02:51:19.188+00:00,1787021479.1886,181291.5635516,3.6643292999942787,send_error,10,100,0,0,0.0,0.0,181291.5635493,,,,,,,0,robot_not_discovered
2026-08-18T02:51:19.327+00:00,1787021479.3272069,181291.7025092,3.8032868999871425,send_error,1,101,0,0,0.0,0.0,181291.7024984,,,,,,,0,robot_not_discovered
2026-08-18T02:51:19.331+00:00,1787021479.3312051,181291.7065224,3.8073000999866053,sent,2,102,34,35,0.0,0.0,181291.7062268,181291.7063559,,,,,0,1,
2026-08-18T02:51:19.332+00:00,1787021479.3322096,181291.7070497,3.807827399985399,sent,3,103,39,30,0.0,0.0,181291.7068719,181291.7069588,,,,,0,1,
2026-08-18T02:51:19.332+00:00,1787021479.3322096,181291.7070785,3.8078562000009697,send_error,10,104,0,0,0.0,0.0,181291.7070761,,,,,,,0,robot_not_discovered
2026-08-18T02:51:19.468+00:00,1787021479.4684498,181291.8440897,3.9448673999868333,send_error,1,105,0,0,0.0,0.0,181291.8440796,,,,,,,0,robot_not_discovered
2026-08-18T02:51:19.472+00:00,1787021479.4725506,181291.8477596,3.9485372999915853,sent,2,106,34,35,0.0,0.0,181291.8475078,181291.8475929,,,,,0,1,
2026-08-18T02:51:19.472+00:00,1787021479.4725506,181291.8482503,3.949028000002727,sent,3,107,38,31,0.0,0.0,181291.8480634,181291.8481471,,,,,0,1,
2026-08-18T02:51:19.473+00:00,1787021479.4735568,181291.8482835,3.9490611999935936,send_error,10,108,0,0,0.0,0.0,181291.848281,,,,,,,0,robot_not_discovered
2026-08-18T02:51:19.606+00:00,1787021479.6061275,181291.9816867,4.082464399980381,send_error,1,109,0,0,0.0,0.0,181291.9816773,,,,,,,0,robot_not_discovered
2026-08-18T02:51:19.610+00:00,1787021479.6101708,181291.9854733,4.08625100000063,sent,2,110,35,34,0.0,0.0,181291.9851831,181291.9853068,,,,,0,1,
2026-08-18T02:51:19.611+00:00,1787021479.6111722,181291.9860181,4.086795799987158,sent,3,111,38,31,0.0,0.0,181291.9858411,181291.9859279,,,,,0,1,
2026-08-18T02:51:19.611+00:00,1787021479.6111722,181291.9860494,4.086827099992661,send_error,10,112,0,0,0.0,0.0,181291.986047,,,,,,,0,robot_not_discovered
2026-08-18T02:51:19.740+00:00,1787021479.7406006,181292.1161855,4.216963199985912,send_error,1,113,0,0,0.0,0.0,181292.116158,,,,,,,0,robot_not_discovered
2026-08-18T02:51:19.746+00:00,1787021479.7463734,181292.121441,4.222218699986115,sent,2,114,34,35,0.0,0.0,181292.1209864,181292.1210923,,,,,0,1,
2026-08-18T02:51:19.747+00:00,1787021479.7473736,181292.1222717,4.2230493999959435,sent,3,115,36,33,0.0,0.0,181292.1220902,181292.1221632,,,,,0,1,
2026-08-18T02:51:19.747+00:00,1787021479.7473736,181292.1222998,4.22307749997708,send_error,10,116,0,0,0.0,0.0,181292.1222972,,,,,,,0,robot_not_discovered
2026-08-18T02:51:19.885+00:00,1787021479.8858786,181292.2615065,4.362284200004069,send_error,1,117,0,0,0.0,0.0,181292.2614956,,,,,,,0,robot_not_discovered
2026-08-18T02:51:19.890+00:00,1787021479.890501,181292.265645,4.366422699997202,sent,2,118,34,35,0.0,0.0,181292.2650025,181292.2652843,,,,,0,1,
2026-08-18T02:51:19.891+00:00,1787021479.8913774,181292.2667139,4.367491599987261,sent,3,119,31,38,0.0,0.0,181292.266484,181292.2665825,,,,,0,1,
2026-08-18T02:51:19.891+00:00,1787021479.8913774,181292.2667639,4.367541599989636,send_error,10,120,0,0,0.0,0.0,181292.2667603,,,,,,,0,robot_not_discovered
2026-08-18T02:51:20.032+00:00,1787021480.032747,181292.4075221,4.508299799985252,send_error,1,121,0,0,0.0,0.0,181292.4074799,,,,,,,0,robot_not_discovered
2026-08-18T02:51:20.035+00:00,1787021480.0357466,181292.4108574,4.511635100003332,sent,2,122,34,35,0.0,0.0,181292.4105809,181292.410651,,,,,0,1,
2026-08-18T02:51:20.037+00:00,1787021480.0370903,181292.4120896,4.512867299985373,sent,3,123,34,35,0.0,0.0,181292.411664,181292.4119019,,,,,0,1,
2026-08-18T02:51:20.037+00:00,1787021480.0370903,181292.4121306,4.5129082999774255,send_error,10,124,0,0,0.0,0.0,181292.4121266,,,,,,,0,robot_not_discovered
2026-08-18T02:51:20.175+00:00,1787021480.1755333,181292.5510222,4.651799899991602,send_error,1,125,0,0,0.0,0.0,181292.5510123,,,,,,,0,robot_not_discovered
2026-08-18T02:51:20.179+00:00,1787021480.1796346,181292.5547382,4.655515899998136,sent,2,126,31,38,0.0,0.0,181292.5544198,181292.5545354,,,,,0,1,
2026-08-18T02:51:20.180+00:00,1787021480.18064,181292.5553523,4.6561299999884795,sent,3,127,32,37,0.0,0.0,181292.555123,181292.555247,,,,,0,1,
2026-08-18T02:51:20.180+00:00,1787021480.18064,181292.5553842,4.656161899998551,send_error,10,128,0,0,0.0,0.0,181292.5553816,,,,,,,0,robot_not_discovered
2026-08-18T02:51:20.318+00:00,1787021480.3180177,181292.6936376,4.794415299984394,send_error,1,129,0,0,0.0,0.0,181292.6936281,,,,,,,0,robot_not_discovered
2026-08-18T02:51:20.323+00:00,1787021480.3238957,181292.698855,4.799632699985523,sent,2,130,33,36,0.0,0.0,181292.6985439,181292.6986698,,,,,0,1,
2026-08-18T02:51:20.323+00:00,1787021480.3238957,181292.6994695,4.800247199978912,sent,3,131,30,39,0.0,0.0,181292.699292,181292.6993773,,,,,0,1,
2026-08-18T02:51:20.323+00:00,1787021480.3238957,181292.6995006,4.800278299982892,send_error,10,132,0,0,0.0,0.0,181292.6994968,,,,,,,0,robot_not_discovered
2026-08-18T02:51:20.459+00:00,1787021480.4599776,181292.8349834,4.9357611000014,send_error,1,133,0,0,0.0,0.0,181292.8349631,,,,,,,0,robot_not_discovered
2026-08-18T02:51:20.463+00:00,1787021480.4635322,181292.8388407,4.939618399977917,sent,2,134,33,36,0.0,0.0,181292.8386015,181292.8386781,,,,,0,1,
2026-08-18T02:51:20.464+00:00,1787021480.464532,181292.8393259,4.940103599976283,sent,3,135,31,38,0.0,0.0,181292.839171,181292.8392332,,,,,0,1,
2026-08-18T02:51:20.464+00:00,1787021480.464532,181292.8393624,4.940140099992277,send_error,10,136,0,0,0.0,0.0,181292.8393597,,,,,,,0,robot_not_discovered
2026-08-18T02:51:20.600+00:00,1787021480.6005025,181292.9760776,5.0768552999943495,send_error,1,137,0,0,0.0,0.0,181292.9760668,,,,,,,0,robot_not_discovered
2026-08-18T02:51:20.606+00:00,1787021480.6065044,181292.9813286,5.082106299989391,sent,2,138,33,36,0.0,0.0,181292.9809097,181292.9810479,,,,,0,1,
2026-08-18T02:51:20.607+00:00,1787021480.60735,181292.9824122,5.083189900004072,sent,3,139,31,38,0.0,0.0,181292.9819647,181292.9821026,,,,,0,1,
2026-08-18T02:51:20.607+00:00,1787021480.60735,181292.9824847,5.08326240000315,send_error,10,140,0,0,0.0,0.0,181292.9824815,,,,,,,0,robot_not_discovered
2026-08-18T02:51:20.751+00:00,1787021480.751679,181293.1272511,5.228028799989261,send_error,1,141,0,0,0.0,0.0,181293.1272225,,,,,,,0,robot_not_discovered
2026-08-18T02:51:20.756+00:00,1787021480.7567594,181293.1314797,5.232257399999071,sent,2,142,33,36,0.0,0.0,181293.1312876,181293.131382,,,,,0,1,
2026-08-18T02:51:20.756+00:00,1787021480.7567594,181293.1319605,5.232738199993037,sent,3,143,32,37,0.0,0.0,181293.1318338,181293.1319038,,,,,0,1,
2026-08-18T02:51:20.756+00:00,1787021480.7567594,181293.1319909,5.232768599991687,send_error,10,144,0,0,0.0,0.0,181293.1319884,,,,,,,0,robot_not_discovered
2026-08-18T02:51:20.891+00:00,1787021480.8919654,181293.2669225,5.3677002000040375,send_error,1,145,0,0,0.0,0.0,181293.2668913,,,,,,,0,robot_not_discovered
2026-08-18T02:51:20.895+00:00,1787021480.8956604,181293.2709357,5.3717134000035,sent,2,146,33,36,0.0,0.0,181293.2706914,181293.270785,,,,,0,1,
2026-08-18T02:51:20.896+00:00,1787021480.8966656,181293.2715003,5.372277999995276,sent,3,147,34,35,0.0,0.0,181293.2713447,181293.2714096,,,,,0,1,
2026-08-18T02:51:20.896+00:00,1787021480.8966656,181293.2715293,5.372306999983266,send_error,10,148,0,0,0.0,0.0,181293.2715267,,,,,,,0,robot_not_discovered
2026-08-18T02:51:21.034+00:00,1787021481.0346205,181293.4093572,5.5101348999887705,send_error,1,149,0,0,0.0,0.0,181293.4093471,,,,,,,0,robot_not_discovered
2026-08-18T02:51:21.038+00:00,1787021481.0389106,181293.4142865,5.515064199978951,sent,2,150,33,36,0.0,0.0,181293.4140174,181293.414121,,,,,0,1,
2026-08-18T02:51:21.039+00:00,1787021481.0399098,181293.4147453,5.515522999980021,sent,3,151,33,36,0.0,0.0,181293.4145692,181293.4146587,,,,,0,1,
2026-08-18T02:51:21.039+00:00,1787021481.0399098,181293.4147781,5.515555799996946,send_error,10,152,0,0,0.0,0.0,181293.4147758,,,,,,,0,robot_not_discovered
2026-08-18T02:51:21.178+00:00,1787021481.17808,181293.552938,5.653715699998429,send_error,1,153,0,0,0.0,0.0,181293.552928,,,,,,,0,robot_not_discovered
2026-08-18T02:51:21.182+00:00,1787021481.1820755,181293.5568988,5.657676499977242,sent,2,154,34,35,0.0,0.0,181293.5563833,181293.5564971,,,,,0,1,
2026-08-18T02:51:21.183+00:00,1787021481.1830742,181293.5578428,5.658620499976678,sent,3,155,33,36,0.0,0.0,181293.5575735,181293.5575925,,,,,0,1,
2026-08-18T02:51:21.183+00:00,1787021481.1830742,181293.557902,5.658679699990898,send_error,10,156,0,0,0.0,0.0,181293.5578987,,,,,,,0,robot_not_discovered
2026-08-18T02:51:21.324+00:00,1787021481.324081,181293.6988062,5.799583899992285,send_error,1,157,0,0,0.0,0.0,181293.6987773,,,,,,,0,robot_not_discovered
2026-08-18T02:51:21.328+00:00,1787021481.3284016,181293.7039422,5.804719899984775,sent,2,158,35,34,0.0,0.0,181293.7036593,181293.7037658,,,,,0,1,
2026-08-18T02:51:21.329+00:00,1787021481.329495,181293.7045184,5.805296099977568,sent,3,159,34,35,0.0,0.0,181293.704314,181293.7044153,,,,,0,1,
2026-08-18T02:51:21.329+00:00,1787021481.329495,181293.7045501,5.805327799986117,send_error,10,160,0,0,0.0,0.0,181293.7045469,,,,,,,0,robot_not_discovered
2026-08-18T02:51:21.467+00:00,1787021481.4674215,181293.8431373,5.943914999981644,send_error,1,161,0,0,0.0,0.0,181293.8431191,,,,,,,0,robot_not_discovered
2026-08-18T02:51:21.472+00:00,1787021481.4725573,181293.8473175,5.948095200001262,sent,2,162,35,34,0.0,0.0,181293.8469849,181293.8471022,,,,,0,1,
2026-08-18T02:51:21.472+00:00,1787021481.4725573,181293.8478587,5.948636399989482,sent,3,163,35,34,0.0,0.0,181293.8476598,181293.84775,,,,,0,1,
2026-08-18T02:51:21.472+00:00,1787021481.4725573,181293.8478883,5.94866599998204,send_error,10,164,0,0,0.0,0.0,181293.8478858,,,,,,,0,robot_not_discovered
2026-08-18T02:51:21.604+00:00,1787021481.604954,181293.9800919,6.080869600002188,send_error,1,165,0,0,0.0,0.0,181293.9800694,,,,,,,0,robot_not_discovered
2026-08-18T02:51:21.609+00:00,1787021481.609173,181293.984495,6.085272700001951,sent,2,166,35,34,0.0,0.0,181293.9842494,181293.9843493,,,,,0,1,
2026-08-18T02:51:21.610+00:00,1787021481.6101744,181293.9849377,6.085715399996843,sent,3,167,35,34,0.0,0.0,181293.9847488,181293.9848518,,,,,0,1,
2026-08-18T02:51:21.610+00:00,1787021481.6101744,181293.9849725,6.085750199999893,send_error,10,168,0,0,0.0,0.0,181293.9849699,,,,,,,0,robot_not_discovered
2026-08-18T02:51:21.758+00:00,1787021481.7585614,181294.1332924,6.234070099977544,send_error,1,169,0,0,0.0,0.0,181294.1332512,,,,,,,0,robot_not_discovered
2026-08-18T02:51:21.762+00:00,1787021481.762688,181294.1378722,6.238649899984011,sent,2,170,35,34,0.0,0.0,181294.1375768,181294.1376805,,,,,0,1,
2026-08-18T02:51:21.763+00:00,1787021481.763689,181294.1384532,6.23923089998425,sent,3,171,34,35,0.0,0.0,181294.138285,181294.1383709,,,,,0,1,
2026-08-18T02:51:21.763+00:00,1787021481.763689,181294.1384828,6.239260499976808,send_error,10,172,0,0,0.0,0.0,181294.1384802,,,,,,,0,robot_not_discovered
2026-08-18T02:51:21.903+00:00,1787021481.9034815,181294.2783391,6.379116800002521,send_error,1,173,0,0,0.0,0.0,181294.2783287,,,,,,,0,robot_not_discovered
2026-08-18T02:51:21.907+00:00,1787021481.9073565,181294.2826606,6.383438299992122,sent,2,174,35,34,0.0,0.0,181294.2824175,181294.2824953,,,,,0,1,
2026-08-18T02:51:21.908+00:00,1787021481.9083667,181294.2832117,6.3839893999975175,sent,3,175,34,35,0.0,0.0,181294.2830218,181294.2831134,,,,,0,1,
2026-08-18T02:51:21.908+00:00,1787021481.9083667,181294.283247,6.384024700004375,send_error,10,176,0,0,0.0,0.0,181294.2832443,,,,,,,0,robot_not_discovered
2026-08-18T02:51:22.045+00:00,1787021482.0458324,181294.4211975,6.52197519998299,send_error,1,177,0,0,0.0,0.0,181294.4211864,,,,,,,0,robot_not_discovered
2026-08-18T02:51:22.053+00:00,1787021482.053003,181294.4281691,6.528946799982805,sent,2,178,38,18,0.0,0.0,181294.4278848,181294.4280026,,,,,0,1,
2026-08-18T02:51:22.054+00:00,1787021482.0540032,181294.4290398,6.529817499977071,sent,3,179,18,40,0.0,0.0,181294.4288438,181294.4289267,,,,,0,1,
2026-08-18T02:51:22.054+00:00,1787021482.0540032,181294.4290724,6.529850099992473,send_error,10,180,0,0,0.0,0.0,181294.4290693,,,,,,,0,robot_not_discovered
2026-08-18T02:51:22.186+00:00,1787021482.1869879,181294.5622296,6.663007299997844,send_error,1,181,0,0,0.0,0.0,181294.562211,,,,,,,0,robot_not_discovered
2026-08-18T02:51:22.192+00:00,1787021482.1923518,181294.5677303,6.6685080000024755,sent,2,182,43,-27,0.0,0.0,181294.5674554,181294.5675927,,,,,0,1,
2026-08-18T02:51:22.193+00:00,1787021482.193342,181294.5682363,6.6690139999846,sent,3,183,-27,43,0.0,0.0,181294.568096,181294.5681714,,,,,0,1,
2026-08-18T02:51:22.193+00:00,1787021482.193342,181294.5682646,6.669042299996363,send_error,10,184,0,0,0.0,0.0,181294.5682623,,,,,,,0,robot_not_discovered
2026-08-18T02:51:22.328+00:00,1787021482.3286567,181294.7052317,6.8060093999956734,send_error,1,185,0,0,0.0,0.0,181294.7052018,,,,,,,0,robot_not_discovered
2026-08-18T02:51:22.334+00:00,1787021482.3344452,181294.7092523,6.810029999993276,sent,2,186,39,-23,0.0,0.0,181294.7087731,181294.7088876,,,,,0,1,
2026-08-18T02:51:22.335+00:00,1787021482.3354502,181294.7101943,6.8109719999774825,sent,3,187,-22,38,0.0,0.0,181294.7099676,181294.7100554,,,,,0,1,
2026-08-18T02:51:22.335+00:00,1787021482.3354502,181294.7102261,6.811003799986793,send_error,10,188,0,0,0.0,0.0,181294.7102232,,,,,,,0,robot_not_discovered
2026-08-18T02:51:22.467+00:00,1787021482.4676278,181294.8428535,6.943631200003438,send_error,1,189,0,0,0.0,0.0,181294.8428432,,,,,,,0,robot_not_discovered
2026-08-18T02:51:22.471+00:00,1787021482.4716086,181294.8464487,6.94722639999236,sent,2,190,38,-22,0.0,0.0,181294.8462095,181294.8462899,,,,,0,1,
2026-08-18T02:51:22.471+00:00,1787021482.4716086,181294.8469171,6.947694799979217,sent,3,191,-22,38,0.0,0.0,181294.846761,181294.8468333,,,,,0,1,
2026-08-18T02:51:22.471+00:00,1787021482.4716086,181294.8469483,6.947725999983959,send_error,10,192,0,0,0.0,0.0,181294.8469458,,,,,,,0,robot_not_discovered
2026-08-18T02:51:22.614+00:00,1787021482.6148715,181294.9897034,7.090481099992758,send_error,1,193,0,0,0.0,0.0,181294.9896934,,,,,,,0,robot_not_discovered
2026-08-18T02:51:22.619+00:00,1787021482.6191866,181294.9945704,7.095348100003321,sent,2,194,38,-22,0.0,0.0,181294.994077,181294.9942426,,,,,0,1,
2026-08-18T02:51:22.620+00:00,1787021482.620598,181294.9963173,7.097095000004629,sent,3,195,-22,38,0.0,0.0,181294.9955367,181294.9959365,,,,,0,1,
2026-08-18T02:51:22.620+00:00,1787021482.620598,181294.996382,7.097159700002521,send_error,10,196,0,0,0.0,0.0,181294.9963769,,,,,,,0,robot_not_discovered
2026-08-18T02:51:22.764+00:00,1787021482.7644475,181295.1392532,7.240030899993144,send_error,1,197,0,0,0.0,0.0,181295.1392431,,,,,,,0,robot_not_discovered
2026-08-18T02:51:22.768+00:00,1787021482.7680671,181295.1434303,7.2442079999891575,sent,2,198,38,-22,0.0,0.0,181295.1431861,181295.1432747,,,,,0,1,
2026-08-18T02:51:22.769+00:00,1787021482.7690723,181295.1439675,7.244745199976023,sent,3,199,-22,38,0.0,0.0,181295.1437789,181295.1438647,,,,,0,1,
2026-08-18T02:51:22.769+00:00,1787021482.7690723,181295.1440013,7.2447790000005625,send_error,10,200,0,0,0.0,0.0,181295.1439987,,,,,,,0,robot_not_discovered
2026-08-18T02:51:22.906+00:00,1787021482.906406,181295.2819955,7.382773199991789,send_error,1,201,0,0,0.0,0.0,181295.2819845,,,,,,,0,robot_not_discovered
2026-08-18T02:51:22.911+00:00,1787021482.9114048,181295.2861479,7.386925600003451,sent,2,202,38,-22,0.0,0.0,181295.2855181,181295.2858149,,,,,0,1,
2026-08-18T02:51:22.911+00:00,1787021482.9114048,181295.2870349,7.387812599976314,sent,3,203,-22,38,0.0,0.0,181295.2868232,181295.2869223,,,,,0,1,
2026-08-18T02:51:22.912+00:00,1787021482.9123957,181295.2870673,7.387844999990193,send_error,10,204,0,0,0.0,0.0,181295.2870643,,,,,,,0,robot_not_discovered
2026-08-18T02:51:23.053+00:00,1787021483.0535693,181295.428967,7.529744700004812,send_error,1,205,0,0,0.0,0.0,181295.4289331,,,,,,,0,robot_not_discovered
2026-08-18T02:51:23.059+00:00,1787021483.059556,181295.4349272,7.53570489998674,sent,2,206,38,-22,0.0,0.0,181295.4345152,181295.4346415,,,,,0,1,
2026-08-18T02:51:23.060+00:00,1787021483.0605562,181295.4354291,7.536206799995853,sent,3,207,-22,38,0.0,0.0,181295.4352589,181295.4353431,,,,,0,1,
2026-08-18T02:51:23.060+00:00,1787021483.0605562,181295.4354621,7.536239799985196,send_error,10,208,0,0,0.0,0.0,181295.4354588,,,,,,,0,robot_not_discovered
2026-08-18T02:51:23.196+00:00,1787021483.1969693,181295.5722903,7.6730680000036955,send_error,1,209,0,0,0.0,0.0,181295.5722809,,,,,,,0,robot_not_discovered
2026-08-18T02:51:23.200+00:00,1787021483.2009442,181295.5762494,7.677027099998668,sent,2,210,38,-22,0.0,0.0,181295.5759988,181295.5760889,,,,,0,1,
2026-08-18T02:51:23.201+00:00,1787021483.201949,181295.5767322,7.677509899978759,sent,3,211,-22,38,0.0,0.0,181295.5765662,181295.5766453,,,,,0,1,
2026-08-18T02:51:23.201+00:00,1787021483.201949,181295.5767655,7.677543199999491,send_error,10,212,0,0,0.0,0.0,181295.5767628,,,,,,,0,robot_not_discovered
2026-08-18T02:51:23.336+00:00,1787021483.3362403,181295.7117731,7.812550799979363,send_error,1,213,0,0,0.0,0.0,181295.711763,,,,,,,0,robot_not_discovered
2026-08-18T02:51:23.340+00:00,1787021483.3402257,181295.7154153,7.81619299997692,sent,2,214,-22,38,0.0,0.0,181295.7151244,181295.7152456,,,,,0,1,
2026-08-18T02:51:23.342+00:00,1787021483.3421438,181295.7168194,7.817597099987324,sent,3,215,-22,38,0.0,0.0,181295.7162747,181295.7166083,,,,,0,1,
2026-08-18T02:51:23.342+00:00,1787021483.3421438,181295.7168675,7.8176452000043355,send_error,10,216,0,0,0.0,0.0,181295.7168647,,,,,,,0,robot_not_discovered
2026-08-18T02:51:23.473+00:00,1787021483.4737651,181295.8492941,7.9500717999762855,send_error,1,217,0,0,0.0,0.0,181295.8492837,,,,,,,0,robot_not_discovered
2026-08-18T02:51:23.477+00:00,1787021483.477859,181295.8531249,7.953902599983849,sent,2,218,19,28,0.0,0.0,181295.8528802,181295.8529515,,,,,0,1,
2026-08-18T02:51:23.478+00:00,1787021483.4788654,181295.8536435,7.954421200003708,sent,3,219,27,20,0.0,0.0,181295.8534848,181295.8535571,,,,,0,1,
2026-08-18T02:51:23.478+00:00,1787021483.4788654,181295.8536715,7.954449199984083,send_error,10,220,0,0,0.0,0.0,181295.8536691,,,,,,,0,robot_not_discovered
2026-08-18T02:51:23.615+00:00,1787021483.6152484,181295.9905085,8.091286199982278,send_error,1,221,0,0,0.0,0.0,181295.9904969,,,,,,,0,robot_not_discovered
2026-08-18T02:51:23.621+00:00,1787021483.6211412,181295.9965387,8.097316400002455,sent,2,222,19,28,0.0,0.0,181295.9953979,181295.9961141,,,,,0,1,
2026-08-18T02:51:23.622+00:00,1787021483.622545,181295.997731,8.09850870000082,sent,3,223,28,19,0.0,0.0,181295.9974963,181295.997611,,,,,0,1,
2026-08-18T02:51:23.622+00:00,1787021483.622545,181295.9977804,8.098558099998627,send_error,10,224,0,0,0.0,0.0,181295.9977773,,,,,,,0,robot_not_discovered
2026-08-18T02:51:23.764+00:00,1787021483.764695,181296.1393956,8.240173300000606,send_error,1,225,0,0,0.0,0.0,181296.139383,,,,,,,0,robot_not_discovered
2026-08-18T02:51:23.768+00:00,1787021483.7689087,181296.1441505,8.244928200001596,sent,2,226,22,25,0.0,0.0,181296.1438889,181296.1439911,,,,,0,1,
2026-08-18T02:51:23.769+00:00,1787021483.769914,181296.1445719,8.245349599979818,sent,3,227,25,22,0.0,0.0,181296.1444146,181296.1444775,,,,,0,1,
2026-08-18T02:51:23.769+00:00,1787021483.769914,181296.1446009,8.245378599996911,send_error,10,228,0,0,0.0,0.0,181296.1445985,,,,,,,0,robot_not_discovered
2026-08-18T02:51:23.905+00:00,1787021483.9054515,181296.2803515,8.381129199988209,send_error,1,229,0,0,0.0,0.0,181296.2803412,,,,,,,0,robot_not_discovered
2026-08-18T02:51:23.908+00:00,1787021483.9086523,181296.2840901,8.384867799992207,sent,2,230,18,31,0.0,0.0,181296.2838046,181296.2839159,,,,,0,1,
2026-08-18T02:51:23.909+00:00,1787021483.9096615,181296.2845575,8.385335200000554,sent,3,231,24,23,0.0,0.0,181296.2843883,181296.2844644,,,,,0,1,
2026-08-18T02:51:23.909+00:00,1787021483.9096615,181296.2845936,8.3853712999844,send_error,10,232,0,0,0.0,0.0,181296.284591,,,,,,,0,robot_not_discovered
2026-08-18T02:51:24.049+00:00,1787021484.049771,181296.4247703,8.52554799997597,send_error,1,233,0,0,0.0,0.0,181296.4247396,,,,,,,0,robot_not_discovered
2026-08-18T02:51:24.056+00:00,1787021484.0567884,181296.4317014,8.53247909998754,sent,2,234,21,26,0.0,0.0,181296.4313728,181296.4315563,,,,,0,1,
2026-08-18T02:51:24.056+00:00,1787021484.0567884,181296.432315,8.53309270000318,sent,3,235,28,19,0.0,0.0,181296.4321052,181296.4321848,,,,,0,1,
2026-08-18T02:51:24.056+00:00,1787021484.0567884,181296.43236,8.533137699996587,send_error,10,236,0,0,0.0,0.0,181296.4323574,,,,,,,0,robot_not_discovered
2026-08-18T02:51:24.192+00:00,1787021484.1928563,181296.5679577,8.668735399987781,send_error,1,237,0,0,0.0,0.0,181296.5679477,,,,,,,0,robot_not_discovered
2026-08-18T02:51:24.197+00:00,1787021484.1976526,181296.5725813,8.673358999978518,sent,2,238,19,28,0.0,0.0,181296.572233,181296.5724111,,,,,0,1,
2026-08-18T02:51:24.197+00:00,1787021484.1976526,181296.5730591,8.673836799978744,sent,3,239,24,23,0.0,0.0,181296.5728798,181296.5729462,,,,,0,1,
2026-08-18T02:51:24.197+00:00,1787021484.1976526,181296.5730913,8.6738689999911,send_error,10,240,0,0,0.0,0.0,181296.5730886,,,,,,,0,robot_not_discovered
2026-08-18T02:51:24.331+00:00,1787021484.3317568,181296.7068583,8.807635999983177,send_error,1,241,0,0,0.0,0.0,181296.7068482,,,,,,,0,robot_not_discovered
2026-08-18T02:51:24.337+00:00,1787021484.3373888,181296.7124398,8.813217499991879,sent,2,242,20,27,0.0,0.0,181296.712171,181296.7122781,,,,,0,1,
2026-08-18T02:51:24.337+00:00,1787021484.3373888,181296.7128785,8.813656199985417,sent,3,243,25,22,0.0,0.0,181296.7127067,181296.7128025,,,,,0,1,
2026-08-18T02:51:24.337+00:00,1787021484.3373888,181296.7129111,8.813688800000818,send_error,10,244,0,0,0.0,0.0,181296.7129086,,,,,,,0,robot_not_discovered
2026-08-18T02:51:24.471+00:00,1787021484.4712436,181296.8468659,8.947643599996809,send_error,1,245,0,0,0.0,0.0,181296.8468563,,,,,,,0,robot_not_discovered
2026-08-18T02:51:24.476+00:00,1787021484.4766803,181296.8515859,8.952363599993987,sent,2,246,20,27,0.0,0.0,181296.8513182,181296.85142,,,,,0,1,
2026-08-18T02:51:24.476+00:00,1787021484.4766803,181296.8521453,8.952923000004375,sent,3,247,25,22,0.0,0.0,181296.8519638,181296.8520287,,,,,0,1,
2026-08-18T02:51:24.476+00:00,1787021484.4766803,181296.8521741,8.952951799990842,send_error,10,248,0,0,0.0,0.0,181296.8521717,,,,,,,0,robot_not_discovered
2026-08-18T02:51:24.617+00:00,1787021484.6171203,181296.9925137,9.093291400000453,send_error,1,249,0,0,0.0,0.0,181296.9925036,,,,,,,0,robot_not_discovered
2026-08-18T02:51:24.623+00:00,1787021484.6237235,181296.9986756,9.099453300004825,sent,2,250,20,27,0.0,0.0,181296.9983989,181296.9985101,,,,,0,1,
2026-08-18T02:51:24.624+00:00,1787021484.624725,181296.9997141,9.100491799996234,sent,3,251,26,21,0.0,0.0,181296.9995567,181296.9996415,,,,,0,1,
2026-08-18T02:51:24.624+00:00,1787021484.624725,181296.9997431,9.100520799984224,send_error,10,252,0,0,0.0,0.0,181296.9997407,,,,,,,0,robot_not_discovered
2026-08-18T02:51:24.761+00:00,1787021484.7616143,181297.1368412,9.237618899991503,send_error,1,253,0,0,0.0,0.0,181297.1368318,,,,,,,0,robot_not_discovered
2026-08-18T02:51:24.766+00:00,1787021484.766301,181297.1414434,9.242221099993913,sent,2,254,18,29,0.0,0.0,181297.1408818,181297.1410683,,,,,0,1,
2026-08-18T02:51:24.767+00:00,1787021484.767301,181297.1420262,9.242803899978753,sent,3,255,24,23,0.0,0.0,181297.1418615,181297.141939,,,,,0,1,
2026-08-18T02:51:24.767+00:00,1787021484.767301,181297.1420544,9.242832099989755,send_error,10,256,0,0,0.0,0.0,181297.1420521,,,,,,,0,robot_not_discovered
2026-08-18T02:51:24.905+00:00,1787021484.9058437,181297.2807169,9.381494599976577,send_error,1,257,0,0,0.0,0.0,181297.2807064,,,,,,,0,robot_not_discovered
2026-08-18T02:51:24.909+00:00,1787021484.909281,181297.284491,9.385268699988956,sent,2,258,20,27,0.0,0.0,181297.2842445,181297.2843219,,,,,0,1,
2026-08-18T02:51:24.910+00:00,1787021484.9102879,181297.2851278,9.385905499977525,sent,3,259,24,23,0.0,0.0,181297.2848278,181297.2849686,,,,,0,1,
2026-08-18T02:51:24.910+00:00,1787021484.9102879,181297.2851745,9.385952199983876,send_error,10,260,0,0,0.0,0.0,181297.2851719,,,,,,,0,robot_not_discovered
2026-08-18T02:51:25.047+00:00,1787021485.0478938,181297.4230667,9.523844399984227,send_error,1,261,0,0,0.0,0.0,181297.4230564,,,,,,,0,robot_not_discovered
2026-08-18T02:51:25.053+00:00,1787021485.0533626,181297.4284246,9.529202299978351,sent,2,262,21,26,0.0,0.0,181297.4280521,181297.4282274,,,,,0,1,
2026-08-18T02:51:25.054+00:00,1787021485.0543616,181297.4289918,9.529769499989925,sent,3,263,24,23,0.0,0.0,181297.4288306,181297.4289297,,,,,0,1,
2026-08-18T02:51:25.054+00:00,1787021485.0543616,181297.4290281,9.529805800004397,send_error,10,264,0,0,0.0,0.0,181297.4290256,,,,,,,0,robot_not_discovered
2026-08-18T02:51:25.186+00:00,1787021485.1869187,181297.5622826,9.663060299993958,send_error,1,265,0,0,0.0,0.0,181297.5622706,,,,,,,0,robot_not_discovered
2026-08-18T02:51:25.192+00:00,1787021485.192346,181297.5675334,9.668311099987477,sent,2,266,19,28,0.0,0.0,181297.5672944,181297.5673941,,,,,0,1,
2026-08-18T02:51:25.192+00:00,1787021485.1933486,181297.5679787,9.668756400002167,sent,3,267,24,23,0.0,0.0,181297.5678064,181297.5678865,,,,,0,1,
2026-08-18T02:51:25.193+00:00,1787021485.1933486,181297.5680155,9.668793199991342,send_error,10,268,0,0,0.0,0.0,181297.5680127,,,,,,,0,robot_not_discovered
2026-08-18T02:51:25.329+00:00,1787021485.3299491,181297.7049958,9.805773500003852,send_error,1,269,0,0,0.0,0.0,181297.7049858,,,,,,,0,robot_not_discovered
2026-08-18T02:51:25.333+00:00,1787021485.3339489,181297.7091522,9.809929899987765,sent,2,270,18,29,0.0,0.0,181297.7085505,181297.7087075,,,,,0,1,
2026-08-18T02:51:25.334+00:00,1787021485.33495,181297.710094,9.810871699999552,sent,3,271,23,24,0.0,0.0,181297.7098497,181297.7099399,,,,,0,1,
2026-08-18T02:51:25.334+00:00,1787021485.33495,181297.7101426,9.810920299991267,send_error,10,272,0,0,0.0,0.0,181297.7101402,,,,,,,0,robot_not_discovered
2026-08-18T02:51:25.476+00:00,1787021485.4762948,181297.8518605,9.952638199989451,send_error,1,273,0,0,0.0,0.0,181297.851849,,,,,,,0,robot_not_discovered
2026-08-18T02:51:25.481+00:00,1787021485.481635,181297.8567231,9.957500799995614,sent,2,274,18,29,0.0,0.0,181297.8558302,181297.8560368,,,,,0,1,
2026-08-18T02:51:25.482+00:00,1787021485.4822853,181297.8575866,9.958364299993264,sent,3,275,24,23,0.0,0.0,181297.8573956,181297.857493,,,,,0,1,
2026-08-18T02:51:25.482+00:00,1787021485.4822853,181297.8576166,9.958394299988868,send_error,10,276,0,0,0.0,0.0,181297.8576141,,,,,,,0,robot_not_discovered
2026-08-18T02:51:25.617+00:00,1787021485.6170053,181297.9920624,10.092840099998284,send_error,1,277,0,0,0.0,0.0,181297.9920516,,,,,,,0,robot_not_discovered
2026-08-18T02:51:25.621+00:00,1787021485.6213555,181297.9969425,10.097720199992182,sent,2,278,-22,38,0.0,0.0,181297.9967112,181297.9968507,,,,,0,1,
2026-08-18T02:51:25.622+00:00,1787021485.622355,181297.9976265,10.09840419999091,sent,3,279,31,18,0.0,0.0,181297.9974396,181297.9975295,,,,,0,1,
2026-08-18T02:51:25.622+00:00,1787021485.622355,181297.9976604,10.098438099987106,send_error,10,280,0,0,0.0,0.0,181297.9976573,,,,,,,0,robot_not_discovered
2026-08-18T02:51:25.758+00:00,1787021485.7589273,181298.1341805,10.234958199987886,send_error,1,281,0,0,0.0,0.0,181298.1341698,,,,,,,0,robot_not_discovered
2026-08-18T02:51:25.762+00:00,1787021485.762725,181298.1380923,10.238870000001043,sent,2,282,-22,38,0.0,0.0,181298.1377947,181298.137904,,,,,0,1,
2026-08-18T02:51:25.763+00:00,1787021485.7637315,181298.1388541,10.239631799980998,sent,3,283,31,18,0.0,0.0,181298.1385977,181298.1387382,,,,,0,1,
2026-08-18T02:51:25.763+00:00,1787021485.7637315,181298.138897,10.239674699987518,send_error,10,284,0,0,0.0,0.0,181298.1388944,,,,,,,0,robot_not_discovered
2026-08-18T02:51:25.892+00:00,1787021485.8929994,181298.2679086,10.368686300003901,send_error,1,285,0,0,0.0,0.0,181298.2678993,,,,,,,0,robot_not_discovered
2026-08-18T02:51:25.897+00:00,1787021485.8970573,181298.2726632,10.373440900002606,sent,2,286,-27,43,0.0,0.0,181298.2723363,181298.2724328,,,,,0,1,
2026-08-18T02:51:25.898+00:00,1787021485.8982313,181298.2735056,10.374283299985109,sent,3,287,38,-22,0.0,0.0,181298.2732781,181298.2733826,,,,,0,1,
2026-08-18T02:51:25.898+00:00,1787021485.8982313,181298.2735398,10.37431749998359,send_error,10,288,0,0,0.0,0.0,181298.2735372,,,,,,,0,robot_not_discovered
2026-08-18T02:51:26.038+00:00,1787021486.038891,181298.4136459,10.51442359999055,send_error,1,289,0,0,0.0,0.0,181298.4136354,,,,,,,0,robot_not_discovered
2026-08-18T02:51:26.043+00:00,1787021486.043469,181298.4190849,10.51986259999103,sent,2,290,-27,43,0.0,0.0,181298.4186557,181298.4188968,,,,,0,1,
2026-08-18T02:51:26.044+00:00,1787021486.0446007,181298.4196769,10.520454599987715,sent,3,291,38,-22,0.0,0.0,181298.4195172,181298.4195814,,,,,0,1,
2026-08-18T02:51:26.044+00:00,1787021486.0446007,181298.4197045,10.520482199994149,send_error,10,292,0,0,0.0,0.0,181298.4197022,,,,,,,0,robot_not_discovered
2026-08-18T02:51:26.181+00:00,1787021486.1817682,181298.5566093,10.657386999984737,send_error,1,293,0,0,0.0,0.0,181298.5565964,,,,,,,0,robot_not_discovered
2026-08-18T02:51:26.185+00:00,1787021486.185576,181298.5607659,10.661543599999277,sent,2,294,-35,35,0.0,0.0,181298.5605734,181298.5606786,,,,,0,1,
2026-08-18T02:51:26.186+00:00,1787021486.186581,181298.561506,10.66228369998862,sent,3,295,38,-22,0.0,0.0,181298.5613731,181298.5614478,,,,,0,1,
2026-08-18T02:51:26.186+00:00,1787021486.186581,181298.5615336,10.662311299995054,send_error,10,296,0,0,0.0,0.0,181298.5615311,,,,,,,0,robot_not_discovered
2026-08-18T02:51:26.331+00:00,1787021486.3313088,181298.7060215,10.806799199985107,send_error,1,297,0,0,0.0,0.0,181298.7060116,,,,,,,0,robot_not_discovered
2026-08-18T02:51:26.335+00:00,1787021486.3356712,181298.7111324,10.8119100999902,sent,2,298,-27,43,0.0,0.0,181298.7109037,181298.7109946,,,,,0,1,
2026-08-18T02:51:26.336+00:00,1787021486.3366706,181298.7117291,10.812506799993571,sent,3,299,43,-27,0.0,0.0,181298.7115888,181298.7116541,,,,,0,1,
2026-08-18T02:51:26.336+00:00,1787021486.3366706,181298.711755,10.81253269998706,send_error,10,300,0,0,0.0,0.0,181298.7117527,,,,,,,0,robot_not_discovered
2026-08-18T02:51:26.478+00:00,1787021486.4786825,181298.8533126,10.954090299987001,send_error,1,301,0,0,0.0,0.0,181298.8533022,,,,,,,0,robot_not_discovered
2026-08-18T02:51:26.483+00:00,1787021486.483429,181298.8587592,10.959536899987143,sent,2,302,-22,38,0.0,0.0,181298.8584237,181298.8586624,,,,,0,1,
2026-08-18T02:51:26.484+00:00,1787021486.484429,181298.8594988,10.960276500001783,sent,3,303,-22,38,0.0,0.0,181298.8593497,181298.8594289,,,,,0,1,
2026-08-18T02:51:26.484+00:00,1787021486.484429,181298.8595334,10.96031110000331,send_error,10,304,0,0,0.0,0.0,181298.8595307,,,,,,,0,robot_not_discovered
2026-08-18T02:51:26.617+00:00,1787021486.6178901,181298.9927406,11.093518299981952,send_error,1,305,0,0,0.0,0.0,181298.9927313,,,,,,,0,robot_not_discovered
2026-08-18T02:51:26.622+00:00,1787021486.6229136,181298.9983797,11.099157399992691,sent,2,306,-27,43,0.0,0.0,181298.9977654,181298.9978641,,,,,0,1,
2026-08-18T02:51:26.623+00:00,1787021486.6239526,181298.9990752,11.099852899991674,sent,3,307,41,18,0.0,0.0,181298.9989035,181298.9989744,,,,,0,1,
2026-08-18T02:51:26.623+00:00,1787021486.6239526,181298.9991081,11.099885799980257,send_error,10,308,0,0,0.0,0.0,181298.9991049,,,,,,,0,robot_not_discovered
2026-08-18T02:51:26.755+00:00,1787021486.7552512,181299.1302114,11.23098910000408,send_error,1,309,0,0,0.0,0.0,181299.1302006,,,,,,,0,robot_not_discovered
2026-08-18T02:51:26.761+00:00,1787021486.7613335,181299.1364848,11.237262499984354,sent,2,310,-22,38,0.0,0.0,181299.1361123,181299.1363063,,,,,0,1,
2026-08-18T02:51:26.762+00:00,1787021486.762344,181299.1370297,11.237807400000747,sent,3,311,18,35,0.0,0.0,181299.136823,181299.1369071,,,,,0,1,
2026-08-18T02:51:26.762+00:00,1787021486.762344,181299.1370748,11.237852499994915,send_error,10,312,0,0,0.0,0.0,181299.1370721,,,,,,,0,robot_not_discovered
2026-08-18T02:51:26.897+00:00,1787021486.897063,181299.2723391,11.37311679997947,send_error,1,313,0,0,0.0,0.0,181299.2723275,,,,,,,0,robot_not_discovered
2026-08-18T02:51:26.900+00:00,1787021486.9009256,181299.2761404,11.376918099995237,sent,2,314,43,18,0.0,0.0,181299.2758762,181299.2759809,,,,,0,1,
2026-08-18T02:51:26.901+00:00,1787021486.9019234,181299.2766715,11.377449199993862,sent,3,315,-18,50,0.0,0.0,181299.2764817,181299.2765848,,,,,0,1,
2026-08-18T02:51:26.901+00:00,1787021486.9019234,181299.2767035,11.377481200004695,send_error,10,316,0,0,0.0,0.0,181299.2767007,,,,,,,0,robot_not_discovered
2026-08-18T02:51:27.035+00:00,1787021487.0358431,181299.4137879,11.514565599994967,send_error,1,317,0,0,0.0,0.0,181299.413778,,,,,,,0,robot_not_discovered
2026-08-18T02:51:27.043+00:00,1787021487.0430741,181299.4186176,11.519395299983444,sent,2,318,20,27,0.0,0.0,181299.4181741,181299.4182919,,,,,0,1,
2026-08-18T02:51:27.044+00:00,1787021487.0440857,181299.419386,11.52016369998455,sent,3,319,18,30,0.0,0.0,181299.4191957,181299.419297,,,,,0,1,
2026-08-18T02:51:27.044+00:00,1787021487.0440857,181299.4194138,11.520191499992507,send_error,10,320,0,0,0.0,0.0,181299.4194114,,,,,,,0,robot_not_discovered
2026-08-18T02:51:27.179+00:00,1787021487.179238,181299.55474,11.655517699982738,send_error,1,321,0,0,0.0,0.0,181299.554729,,,,,,,0,robot_not_discovered
2026-08-18T02:51:27.185+00:00,1787021487.1850398,181299.560156,11.660933699982706,sent,2,322,36,18,0.0,0.0,181299.5599741,181299.5600579,,,,,0,1,
2026-08-18T02:51:27.186+00:00,1787021487.1860635,181299.5607314,11.661509099998511,sent,3,323,-22,38,0.0,0.0,181299.5605582,181299.5606429,,,,,0,1,
2026-08-18T02:51:27.186+00:00,1787021487.1860635,181299.5607614,11.661539099994116,send_error,10,324,0,0,0.0,0.0,181299.560759,,,,,,,0,robot_not_discovered
2026-08-18T02:51:27.323+00:00,1787021487.323992,181299.6993637,11.800141399988206,send_error,1,325,0,0,0.0,0.0,181299.6993547,,,,,,,0,robot_not_discovered
2026-08-18T02:51:27.327+00:00,1787021487.3278024,181299.7041475,11.804925199976424,sent,2,326,40,18,0.0,0.0,181299.7037954,181299.7039917,,,,,0,1,
2026-08-18T02:51:27.327+00:00,1787021487.3278024,181299.7047762,11.805553899990628,sent,3,327,-22,38,0.0,0.0,181299.7045517,181299.704646,,,,,0,1,
2026-08-18T02:51:27.327+00:00,1787021487.3278024,181299.7048045,11.805582200002391,send_error,10,328,0,0,0.0,0.0,181299.704802,,,,,,,0,robot_not_discovered
2026-08-18T02:51:27.465+00:00,1787021487.465664,181299.8406306,11.941408299986506,send_error,1,329,0,0,0.0,0.0,181299.8406165,,,,,,,0,robot_not_discovered
2026-08-18T02:51:27.469+00:00,1787021487.4697235,181299.8452216,11.945999299990945,sent,2,330,35,-35,0.0,0.0,181299.8448986,181299.8450215,,,,,0,1,
2026-08-18T02:51:27.470+00:00,1787021487.4707353,181299.845859,11.946636699984083,sent,3,331,-22,38,0.0,0.0,181299.8456397,181299.8457767,,,,,0,1,
2026-08-18T02:51:27.470+00:00,1787021487.4707353,181299.8458937,11.946671399986371,send_error,10,332,0,0,0.0,0.0,181299.8458913,,,,,,,0,robot_not_discovered
2026-08-18T02:51:27.608+00:00,1787021487.6088269,181299.9836356,12.084413299977314,send_error,1,333,0,0,0.0,0.0,181299.9836254,,,,,,,0,robot_not_discovered
2026-08-18T02:51:27.614+00:00,1787021487.6141589,181299.9888247,12.089602399995783,sent,2,334,35,-35,0.0,0.0,181299.9885435,181299.9886527,,,,,0,1,
2026-08-18T02:51:27.614+00:00,1787021487.6141589,181299.9893415,12.090119200001936,sent,3,335,-22,38,0.0,0.0,181299.9891676,181299.9892385,,,,,0,1,
2026-08-18T02:51:27.614+00:00,1787021487.6141589,181299.9893739,12.090151599986712,send_error,10,336,0,0,0.0,0.0,181299.9893715,,,,,,,0,robot_not_discovered
2026-08-18T02:51:27.760+00:00,1787021487.760393,181300.1355504,12.23632809999981,send_error,1,337,0,0,0.0,0.0,181300.1355393,,,,,,,0,robot_not_discovered
2026-08-18T02:51:27.765+00:00,1787021487.7656417,181300.1403267,12.241104399989126,sent,2,338,35,-35,0.0,0.0,181300.1399978,181300.1400879,,,,,0,1,
2026-08-18T02:51:27.765+00:00,1787021487.7656417,181300.1410796,12.241857299988624,sent,3,339,-22,38,0.0,0.0,181300.1408821,181300.1409803,,,,,0,1,
2026-08-18T02:51:27.765+00:00,1787021487.7656417,181300.1411106,12.241888299991842,send_error,10,340,0,0,0.0,0.0,181300.141108,,,,,,,0,robot_not_discovered
2026-08-18T02:51:27.910+00:00,1787021487.910691,181300.2876181,12.388395799993305,send_error,1,341,0,0,0.0,0.0,181300.2876065,,,,,,,0,robot_not_discovered
2026-08-18T02:51:27.910+00:00,1787021487.910691,181300.2911549,12.391932600003202,sent,2,342,35,-35,0.0,0.0,181300.2909756,181300.2910469,,,,,0,1,
2026-08-18T02:51:27.917+00:00,1787021487.9174418,181300.2921179,12.392895600001793,sent,3,343,-22,38,0.0,0.0,181300.2917759,181300.2919427,,,,,0,1,
2026-08-18T02:51:27.917+00:00,1787021487.9174418,181300.2921695,12.392947199987248,send_error,10,344,0,0,0.0,0.0,181300.2921648,,,,,,,0,robot_not_discovered
2026-08-18T02:51:28.051+00:00,1787021488.0518491,181300.4268352,12.527612899983069,send_error,1,345,0,0,0.0,0.0,181300.426825,,,,,,,0,robot_not_discovered
2026-08-18T02:51:28.057+00:00,1787021488.0570552,181300.4321566,12.532934299990302,sent,2,346,35,-35,0.0,0.0,181300.4309542,181300.431158,,,,,0,1,
2026-08-18T02:51:28.058+00:00,1787021488.058137,181300.4331424,12.533920099987881,sent,3,347,-22,38,0.0,0.0,181300.432934,181300.4330461,,,,,0,1,
2026-08-18T02:51:28.058+00:00,1787021488.058137,181300.4331859,12.53396359999897,send_error,10,348,0,0,0.0,0.0,181300.4331833,,,,,,,0,robot_not_discovered
2026-08-18T02:51:28.191+00:00,1787021488.1910346,181300.5660202,12.666797899990343,send_error,1,349,0,0,0.0,0.0,181300.5660102,,,,,,,0,robot_not_discovered
2026-08-18T02:51:28.196+00:00,1787021488.1967504,181300.5715419,12.672319599980256,sent,2,350,35,-35,0.0,0.0,181300.5712163,181300.5713345,,,,,0,1,
2026-08-18T02:51:28.196+00:00,1787021488.1967504,181300.572138,12.672915699979058,sent,3,351,-22,38,0.0,0.0,181300.5719404,181300.5720569,,,,,0,1,
2026-08-18T02:51:28.196+00:00,1787021488.1967504,181300.572171,12.672948699997505,send_error,10,352,0,0,0.0,0.0,181300.5721682,,,,,,,0,robot_not_discovered
2026-08-18T02:51:28.336+00:00,1787021488.3369162,181300.7115238,12.812301500001922,send_error,1,353,0,0,0.0,0.0,181300.7114957,,,,,,,0,robot_not_discovered
2026-08-18T02:51:28.341+00:00,1787021488.3419206,181300.7169359,12.817713600001298,sent,2,354,38,-22,0.0,0.0,181300.7165725,181300.7167313,,,,,0,1,
2026-08-18T02:51:28.342+00:00,1787021488.3429134,181300.7175995,12.81837719999021,sent,3,355,-22,38,0.0,0.0,181300.717339,181300.7174349,,,,,0,1,
2026-08-18T02:51:28.342+00:00,1787021488.3429134,181300.7176346,12.818412299995543,send_error,10,356,0,0,0.0,0.0,181300.7176317,,,,,,,0,robot_not_discovered
2026-08-18T02:51:28.476+00:00,1787021488.4768064,181300.852031,12.95280869997805,send_error,1,357,0,0,0.0,0.0,181300.8520194,,,,,,,0,robot_not_discovered
2026-08-18T02:51:28.482+00:00,1787021488.4829295,181300.8577461,12.958523799985414,sent,2,358,38,-22,0.0,0.0,181300.8574923,181300.8576127,,,,,0,1,
2026-08-18T02:51:28.482+00:00,1787021488.4829295,181300.8584078,12.959185499988962,sent,3,359,-22,38,0.0,0.0,181300.858208,181300.8583042,,,,,0,1,
2026-08-18T02:51:28.482+00:00,1787021488.4829295,181300.8584434,12.959221099998103,send_error,10,360,0,0,0.0,0.0,181300.8584408,,,,,,,0,robot_not_discovered
2026-08-18T02:51:28.618+00:00,1787021488.6183257,181300.9933279,13.094105600001058,send_error,1,361,0,0,0.0,0.0,181300.9932809,,,,,,,0,robot_not_discovered
2026-08-18T02:51:28.619+00:00,1787021488.61995,181300.9991861,13.09996379999211,sent,2,362,38,-22,0.0,0.0,181300.9989485,181300.999053,,,,,0,1,
2026-08-18T02:51:28.619+00:00,1787021488.61995,181301.0002313,13.10100899997633,sent,3,363,-22,38,0.0,0.0,181300.9999433,181301.0000587,,,,,0,1,
2026-08-18T02:51:28.619+00:00,1787021488.61995,181301.0002747,13.101052399986656,send_error,10,364,0,0,0.0,0.0,181301.0002719,,,,,,,0,robot_not_discovered
2026-08-18T02:51:28.761+00:00,1787021488.761984,181301.1368666,13.237644299981184,send_error,1,365,0,0,0.0,0.0,181301.1368389,,,,,,,0,robot_not_discovered
2026-08-18T02:51:28.765+00:00,1787021488.765667,181301.1411862,13.241963899985421,sent,2,366,38,-22,0.0,0.0,181301.1408623,181301.141022,,,,,0,1,
2026-08-18T02:51:28.766+00:00,1787021488.7667217,181301.1417594,13.242537099984474,sent,3,367,-22,38,0.0,0.0,181301.1415785,181301.1416488,,,,,0,1,
2026-08-18T02:51:28.766+00:00,1787021488.7667217,181301.1417899,13.242567599983886,send_error,10,368,0,0,0.0,0.0,181301.1417874,,,,,,,0,robot_not_discovered
2026-08-18T02:51:28.916+00:00,1787021488.916769,181301.2915395,13.392317199992249,send_error,1,369,0,0,0.0,0.0,181301.2915205,,,,,,,0,robot_not_discovered
2026-08-18T02:51:28.921+00:00,1787021488.9213977,181301.2961354,13.396913100004895,sent,2,370,38,-22,0.0,0.0,181301.2959621,181301.2960459,,,,,0,1,
2026-08-18T02:51:28.921+00:00,1787021488.9213977,181301.2967326,13.397510299982969,sent,3,371,-38,38,0.0,0.0,181301.2965957,181301.2966664,,,,,0,1,
2026-08-18T02:51:28.921+00:00,1787021488.9213977,181301.2967637,13.397541399986949,send_error,10,372,0,0,0.0,0.0,181301.2967615,,,,,,,0,robot_not_discovered
2026-08-18T02:51:29.058+00:00,1787021489.058089,181301.43318,13.533957699983148,send_error,1,373,0,0,0.0,0.0,181301.4331518,,,,,,,0,robot_not_discovered
2026-08-18T02:51:29.064+00:00,1787021489.064369,181301.4396536,13.540431300003547,sent,2,374,38,-22,0.0,0.0,181301.4388174,181301.4389992,,,,,0,1,
2026-08-18T02:51:29.065+00:00,1787021489.0653841,181301.4404544,13.54123209998943,sent,3,375,-38,38,0.0,0.0,181301.4402266,181301.4403172,,,,,0,1,
2026-08-18T02:51:29.065+00:00,1787021489.0653841,181301.4404889,13.541266599990195,send_error,10,376,0,0,0.0,0.0,181301.4404862,,,,,,,0,robot_not_discovered
2026-08-18T02:51:29.194+00:00,1787021489.1947937,181301.5704759,13.671253599983174,send_error,1,377,0,0,0.0,0.0,181301.5704658,,,,,,,0,robot_not_discovered
2026-08-18T02:51:29.200+00:00,1787021489.2000012,181301.5749709,13.675748599984217,sent,2,378,18,32,0.0,0.0,181301.5747106,181301.5748078,,,,,0,1,
2026-08-18T02:51:29.200+00:00,1787021489.2010014,181301.5755827,13.676360399986152,sent,3,379,-38,38,0.0,0.0,181301.5753674,181301.5753891,,,,,0,1,
2026-08-18T02:51:29.201+00:00,1787021489.2010014,181301.5756156,13.676393300003838,send_error,10,380,0,0,0.0,0.0,181301.5756129,,,,,,,0,robot_not_discovered
2026-08-18T02:51:29.332+00:00,1787021489.332316,181301.7074733,13.808250999980373,send_error,1,381,0,0,0.0,0.0,181301.7074627,,,,,,,0,robot_not_discovered
2026-08-18T02:51:29.336+00:00,1787021489.3368793,181301.7118735,13.812651199987158,sent,2,382,23,24,0.0,0.0,181301.7116312,181301.711713,,,,,0,1,
2026-08-18T02:51:29.336+00:00,1787021489.3368793,181301.7123884,13.813166099978844,sent,3,383,-22,38,0.0,0.0,181301.7122265,181301.7123114,,,,,0,1,
2026-08-18T02:51:29.336+00:00,1787021489.3368793,181301.7124194,13.813197099982062,send_error,10,384,0,0,0.0,0.0,181301.7124169,,,,,,,0,robot_not_discovered
2026-08-18T02:51:29.474+00:00,1787021489.4746227,181301.8498675,13.950645199976861,send_error,1,385,0,0,0.0,0.0,181301.8498572,,,,,,,0,robot_not_discovered
2026-08-18T02:51:29.478+00:00,1787021489.4782085,181301.8534481,13.954225800000131,sent,2,386,19,28,0.0,0.0,181301.8531512,181301.8532285,,,,,0,1,
2026-08-18T02:51:29.479+00:00,1787021489.4799411,181301.8548933,13.955671000003349,sent,3,387,-22,38,0.0,0.0,181301.8544615,181301.8545125,,,,,0,1,
2026-08-18T02:51:29.479+00:00,1787021489.4799411,181301.8549509,13.955728599976283,send_error,10,388,0,0,0.0,0.0,181301.8549361,,,,,,,0,robot_not_discovered
2026-08-18T02:51:29.612+00:00,1787021489.6124403,181301.9874793,14.088256999995792,send_error,1,389,0,0,0.0,0.0,181301.9874506,,,,,,,0,robot_not_discovered
2026-08-18T02:51:29.616+00:00,1787021489.616441,181301.991614,14.092391699989093,sent,2,390,20,27,0.0,0.0,181301.9913393,181301.9914872,,,,,0,1,
2026-08-18T02:51:29.617+00:00,1787021489.6174376,181301.9923238,14.093101499980548,sent,3,391,-22,38,0.0,0.0,181301.9921783,181301.9922444,,,,,0,1,
2026-08-18T02:51:29.617+00:00,1787021489.6174376,181301.9923991,14.093176800000947,send_error,10,392,0,0,0.0,0.0,181301.9923956,,,,,,,0,robot_not_discovered
2026-08-18T02:51:29.752+00:00,1787021489.7523048,181302.1273953,14.228172999981325,send_error,1,393,0,0,0.0,0.0,181302.1273851,,,,,,,0,robot_not_discovered
2026-08-18T02:51:29.756+00:00,1787021489.756807,181302.1314652,14.232242899975972,sent,2,394,18,29,0.0,0.0,181302.1310886,181302.1312635,,,,,0,1,
2026-08-18T02:51:29.757+00:00,1787021489.7576435,181302.1327693,14.233546999981627,sent,3,395,37,18,0.0,0.0,181302.132551,181302.1326563,,,,,0,1,
2026-08-18T02:51:29.757+00:00,1787021489.7576435,181302.1328226,14.233600299980026,send_error,10,396,0,0,0.0,0.0,181302.1328195,,,,,,,0,robot_not_discovered
2026-08-18T02:51:29.890+00:00,1787021489.8905973,181302.2657264,14.366504099976737,send_error,1,397,0,0,0.0,0.0,181302.2657168,,,,,,,0,robot_not_discovered
2026-08-18T02:51:29.896+00:00,1787021489.8962371,181302.2708927,14.37167039999622,sent,2,398,18,29,0.0,0.0,181302.2699249,181302.27024,,,,,0,1,
2026-08-18T02:51:29.896+00:00,1787021489.8962371,181302.2718715,14.372649199998705,sent,3,399,28,19,0.0,0.0,181302.2716692,181302.2717657,,,,,0,1,
2026-08-18T02:51:29.896+00:00,1787021489.8962371,181302.2719004,14.372678099985933,send_error,10,400,0,0,0.0,0.0,181302.2718978,,,,,,,0,robot_not_discovered
2026-08-18T02:51:30.032+00:00,1787021490.0321746,181302.4070848,14.507862500002375,send_error,1,401,0,0,0.0,0.0,181302.4070739,,,,,,,0,robot_not_discovered
2026-08-18T02:51:30.037+00:00,1787021490.0376837,181302.4127949,14.51357260000077,sent,2,402,18,31,0.0,0.0,181302.412545,181302.4126293,,,,,0,1,
2026-08-18T02:51:30.038+00:00,1787021490.0386863,181302.4133498,14.514127499976894,sent,3,403,34,18,0.0,0.0,181302.4131632,181302.4132575,,,,,0,1,
2026-08-18T02:51:30.038+00:00,1787021490.0386863,181302.4133796,14.514157300000079,send_error,10,404,0,0,0.0,0.0,181302.4133773,,,,,,,0,robot_not_discovered
2026-08-18T02:51:30.173+00:00,1787021490.1735613,181302.5481346,14.648912299977383,send_error,1,405,0,0,0.0,0.0,181302.5481176,,,,,,,0,robot_not_discovered
2026-08-18T02:51:30.178+00:00,1787021490.178222,181302.5537077,14.65448539998033,sent,2,406,18,30,0.0,0.0,181302.5534271,181302.5535352,,,,,0,1,
2026-08-18T02:51:30.179+00:00,1787021490.1792238,181302.5542323,14.65500999998767,sent,3,407,36,18,0.0,0.0,181302.5540537,181302.5541299,,,,,0,1,
2026-08-18T02:51:30.179+00:00,1787021490.1792238,181302.5542668,14.655044499988435,send_error,10,408,0,0,0.0,0.0,181302.5542642,,,,,,,0,robot_not_discovered
2026-08-18T02:51:30.320+00:00,1787021490.3209908,181302.6957787,14.79655639998964,send_error,1,409,0,0,0.0,0.0,181302.6957486,,,,,,,0,robot_not_discovered
2026-08-18T02:51:30.325+00:00,1787021490.3250134,181302.7004384,14.801216099993326,sent,2,410,18,30,0.0,0.0,181302.7001873,181302.7002712,,,,,0,1,
2026-08-18T02:51:30.325+00:00,1787021490.3259318,181302.7012929,14.802070599980652,sent,3,411,31,18,0.0,0.0,181302.7009878,181302.7011102,,,,,0,1,
2026-08-18T02:51:30.325+00:00,1787021490.3259318,181302.7013317,14.802109399985056,send_error,10,412,0,0,0.0,0.0,181302.7013291,,,,,,,0,robot_not_discovered
2026-08-18T02:51:30.468+00:00,1787021490.4688387,181302.8435281,14.944305799988797,send_error,1,413,0,0,0.0,0.0,181302.8435113,,,,,,,0,robot_not_discovered
2026-08-18T02:51:30.474+00:00,1787021490.474045,181302.849341,14.95011869998416,sent,2,414,18,29,0.0,0.0,181302.84859,181302.8486118,,,,,0,1,
2026-08-18T02:51:30.475+00:00,1787021490.4750485,181302.8500673,14.950844999984838,sent,3,415,31,18,0.0,0.0,181302.8498432,181302.8499464,,,,,0,1,
2026-08-18T02:51:30.475+00:00,1787021490.4750485,181302.8501371,14.95091479999246,send_error,10,416,0,0,0.0,0.0,181302.8501333,,,,,,,0,robot_not_discovered
2026-08-18T02:51:30.616+00:00,1787021490.616499,181302.991778,15.092555699986406,send_error,1,417,0,0,0.0,0.0,181302.9917511,,,,,,,0,robot_not_discovered
2026-08-18T02:51:30.621+00:00,1787021490.6218896,181302.9971,15.097877699998207,sent,2,418,18,29,0.0,0.0,181302.9968568,181302.9969663,,,,,0,1,
2026-08-18T02:51:30.622+00:00,1787021490.6229033,181302.9981319,15.098909599997569,sent,3,419,30,18,0.0,0.0,181302.9979411,181302.9980489,,,,,0,1,
2026-08-18T02:51:30.622+00:00,1787021490.6229033,181302.9981657,15.098943399993004,send_error,10,420,0,0,0.0,0.0,181302.9981631,,,,,,,0,robot_not_discovered
2026-08-18T02:51:30.759+00:00,1787021490.7590013,181303.1337948,15.234572499990463,send_error,1,421,0,0,0.0,0.0,181303.1337833,,,,,,,0,robot_not_discovered
2026-08-18T02:51:30.763+00:00,1787021490.7635083,181303.1385588,15.239336500002537,sent,2,422,18,30,0.0,0.0,181303.137854,181303.1383595,,,,,0,1,
2026-08-18T02:51:30.764+00:00,1787021490.7641761,181303.1394854,15.240263099985896,sent,3,423,38,-22,0.0,0.0,181303.1392677,181303.1393815,,,,,0,1,
2026-08-18T02:51:30.764+00:00,1787021490.7641761,181303.139517,15.240294699993683,send_error,10,424,0,0,0.0,0.0,181303.1395146,,,,,,,0,robot_not_discovered
2026-08-18T02:51:30.893+00:00,1787021490.8939705,181303.2691095,15.36988719998044,send_error,1,425,0,0,0.0,0.0,181303.2691002,,,,,,,0,robot_not_discovered
2026-08-18T02:51:30.898+00:00,1787021490.8989103,181303.2738105,15.374588199978461,sent,2,426,-22,38,0.0,0.0,181303.2735322,181303.2736438,,,,,0,1,
2026-08-18T02:51:30.898+00:00,1787021490.8989103,181303.2743453,15.375122999976156,sent,3,427,38,-22,0.0,0.0,181303.2741797,181303.2742517,,,,,0,1,
2026-08-18T02:51:30.898+00:00,1787021490.8989103,181303.2743737,15.375151399988681,send_error,10,428,0,0,0.0,0.0,181303.2743713,,,,,,,0,robot_not_discovered
2026-08-18T02:51:31.038+00:00,1787021491.0384562,181303.4139135,15.51469119999092,send_error,1,429,0,0,0.0,0.0,181303.4139044,,,,,,,0,robot_not_discovered
2026-08-18T02:51:31.043+00:00,1787021491.0439556,181303.418684,15.519461699994281,sent,2,430,-27,43,0.0,0.0,181303.4183444,181303.4184492,,,,,0,1,
2026-08-18T02:51:31.043+00:00,1787021491.0439556,181303.4193148,15.520092499995371,sent,3,431,43,-27,0.0,0.0,181303.4191267,181303.4192274,,,,,0,1,
2026-08-18T02:51:31.043+00:00,1787021491.0439556,181303.4193433,15.520120999979554,send_error,10,432,0,0,0.0,0.0,181303.4193408,,,,,,,0,robot_not_discovered
2026-08-18T02:51:31.182+00:00,1787021491.1824248,181303.5574893,15.65826699999161,send_error,1,433,0,0,0.0,0.0,181303.5574762,,,,,,,0,robot_not_discovered
2026-08-18T02:51:31.186+00:00,1787021491.186422,181303.5613783,15.662155999976676,sent,2,434,-35,35,0.0,0.0,181303.5611992,181303.561279,,,,,0,1,
2026-08-18T02:51:31.187+00:00,1787021491.1879296,181303.562878,15.66365569998743,sent,3,435,35,-35,0.0,0.0,181303.5625719,181303.5627701,,,,,0,1,
2026-08-18T02:51:31.187+00:00,1787021491.1879296,181303.5629395,15.66371719999006,send_error,10,436,0,0,0.0,0.0,181303.5629357,,,,,,,0,robot_not_discovered
2026-08-18T02:51:31.317+00:00,1787021491.3172765,181303.6923366,15.793114300002344,send_error,1,437,0,0,0.0,0.0,181303.6923275,,,,,,,0,robot_not_discovered
2026-08-18T02:51:31.322+00:00,1787021491.3224401,181303.6970265,15.797804200003156,sent,2,438,-35,35,0.0,0.0,181303.6967646,181303.696882,,,,,0,1,
2026-08-18T02:51:31.322+00:00,1787021491.3224401,181303.6976636,15.79844129999401,sent,3,439,35,-35,0.0,0.0,181303.6974039,181303.6975006,,,,,0,1,
2026-08-18T02:51:31.322+00:00,1787021491.3224401,181303.6976927,15.798470399982762,send_error,10,440,0,0,0.0,0.0,181303.6976903,,,,,,,0,robot_not_discovered
2026-08-18T02:51:31.460+00:00,1787021491.4609623,181303.8356502,15.936427899985574,send_error,1,441,0,0,0.0,0.0,181303.8356395,,,,,,,0,robot_not_discovered
2026-08-18T02:51:31.465+00:00,1787021491.4657526,181303.8409746,15.941752299986547,sent,2,442,-27,43,0.0,0.0,181303.8406016,181303.8406879,,,,,0,1,
2026-08-18T02:51:31.466+00:00,1787021491.4668546,181303.8419384,15.94271609999123,sent,3,443,43,-27,0.0,0.0,181303.8416945,181303.8417482,,,,,0,1,
2026-08-18T02:51:31.466+00:00,1787021491.4668546,181303.8419801,15.942757799988613,send_error,10,444,0,0,0.0,0.0,181303.8419777,,,,,,,0,robot_not_discovered
2026-08-18T02:51:31.609+00:00,1787021491.6092896,181303.984894,16.085671699984232,send_error,1,445,0,0,0.0,0.0,181303.9848824,,,,,,,0,robot_not_discovered
2026-08-18T02:51:31.614+00:00,1787021491.614271,181303.9894395,16.090217199991457,sent,2,446,-22,38,0.0,0.0,181303.9892141,181303.989335,,,,,0,1,
2026-08-18T02:51:31.615+00:00,1787021491.615274,181303.9900589,16.090836599993054,sent,3,447,38,-22,0.0,0.0,181303.989818,181303.9898935,,,,,0,1,
2026-08-18T02:51:31.615+00:00,1787021491.615274,181303.9900903,16.09086799999932,send_error,10,448,0,0,0.0,0.0,181303.9900875,,,,,,,0,robot_not_discovered
2026-08-18T02:51:31.761+00:00,1787021491.7610333,181304.1358312,16.236608899984276,send_error,1,449,0,0,0.0,0.0,181304.1358197,,,,,,,0,robot_not_discovered
2026-08-18T02:51:31.765+00:00,1787021491.7652345,181304.1406683,16.241445999999996,sent,2,450,-22,38,0.0,0.0,181304.1404147,181304.1405161,,,,,0,1,
2026-08-18T02:51:31.766+00:00,1787021491.7663286,181304.1412346,16.242012300004717,sent,3,451,38,-22,0.0,0.0,181304.1410216,181304.1411056,,,,,0,1,
2026-08-18T02:51:31.766+00:00,1787021491.7663286,181304.1412704,16.242048099986278,send_error,10,452,0,0,0.0,0.0,181304.1412679,,,,,,,0,robot_not_discovered
2026-08-18T02:51:31.903+00:00,1787021491.9037275,181304.2784264,16.379204099997878,send_error,1,453,0,0,0.0,0.0,181304.278417,,,,,,,0,robot_not_discovered
2026-08-18T02:51:31.906+00:00,1787021491.9067347,181304.2819115,16.382689199992456,sent,2,454,-22,38,0.0,0.0,181304.2816131,181304.2817458,,,,,0,1,
2026-08-18T02:51:31.907+00:00,1787021491.907735,181304.2823902,16.383167899999535,sent,3,455,38,-22,0.0,0.0,181304.282224,181304.2822903,,,,,0,1,
2026-08-18T02:51:31.907+00:00,1787021491.907735,181304.2824239,16.38320159999421,send_error,10,456,0,0,0.0,0.0,181304.2824212,,,,,,,0,robot_not_discovered
2026-08-18T02:51:32.045+00:00,1787021492.045238,181304.4203588,16.521136499999557,send_error,1,457,0,0,0.0,0.0,181304.4203476,,,,,,,0,robot_not_discovered
2026-08-18T02:51:32.050+00:00,1787021492.0502317,181304.4247993,16.525576999993064,sent,2,458,-22,38,0.0,0.0,181304.424553,181304.4246924,,,,,0,1,
2026-08-18T02:51:32.050+00:00,1787021492.0502317,181304.4256195,16.526397199981147,sent,3,459,39,-23,0.0,0.0,181304.4254456,181304.425525,,,,,0,1,
2026-08-18T02:51:32.050+00:00,1787021492.0502317,181304.4256469,16.526424599986058,send_error,10,460,0,0,0.0,0.0,181304.4256445,,,,,,,0,robot_not_discovered
2026-08-18T02:51:32.195+00:00,1787021492.195441,181304.5709573,16.67173499998171,send_error,1,461,0,0,0.0,0.0,181304.5709233,,,,,,,0,robot_not_discovered
2026-08-18T02:51:32.200+00:00,1787021492.200431,181304.5750296,16.67580729999463,sent,2,462,-22,38,0.0,0.0,181304.5748033,181304.5749145,,,,,0,1,
2026-08-18T02:51:32.200+00:00,1787021492.2007792,181304.5758073,16.67658499997924,sent,3,463,38,-22,0.0,0.0,181304.5756192,181304.5756922,,,,,0,1,
2026-08-18T02:51:32.200+00:00,1787021492.2007792,181304.5758859,16.676663599995663,send_error,10,464,0,0,0.0,0.0,181304.5758817,,,,,,,0,robot_not_discovered
2026-08-18T02:51:32.348+00:00,1787021492.3489444,181304.7236006,16.82437829999253,send_error,1,465,0,0,0.0,0.0,181304.7235519,,,,,,,0,robot_not_discovered
2026-08-18T02:51:32.363+00:00,1787021492.3637125,181304.7386885,16.839466199977323,sent,2,466,38,-22,0.0,0.0,181304.7375973,181304.7377932,,,,,0,1,
2026-08-18T02:51:32.364+00:00,1787021492.3647072,181304.7397968,16.840574499976356,sent,3,467,38,-22,0.0,0.0,181304.7395371,181304.7396706,,,,,0,1,
2026-08-18T02:51:32.364+00:00,1787021492.3647072,181304.7398475,16.84062519998406,send_error,10,468,0,0,0.0,0.0,181304.7398435,,,,,,,0,robot_not_discovered
2026-08-18T02:51:32.533+00:00,1787021492.533181,181304.9082326,17.009010299982037,send_error,1,469,0,0,0.0,0.0,181304.9082094,,,,,,,0,robot_not_discovered
2026-08-18T02:51:32.541+00:00,1787021492.5419843,181304.9167628,17.017540500004543,sent,2,470,18,38,0.0,0.0,181304.9154852,181304.9157496,,,,,0,1,
2026-08-18T02:51:32.543+00:00,1787021492.5439785,181304.9190858,17.019863499997882,sent,3,471,43,-27,0.0,0.0,181304.9184628,181304.9185974,,,,,0,1,
2026-08-18T02:51:32.543+00:00,1787021492.5439785,181304.9191743,17.019952000002377,send_error,10,472,0,0,0.0,0.0,181304.9191696,,,,,,,0,robot_not_discovered
2026-08-18T02:51:32.695+00:00,1787021492.6953206,181305.0700657,17.170843400002923,send_error,1,473,0,0,0.0,0.0,181305.0700519,,,,,,,0,robot_not_discovered
2026-08-18T02:51:32.699+00:00,1787021492.6993184,181305.0746522,17.1754299000022,sent,2,474,43,-27,0.0,0.0,181305.0743611,181305.0744666,,,,,0,1,
2026-08-18T02:51:32.700+00:00,1787021492.7003193,181305.0756489,17.176426599995466,sent,3,475,-18,51,0.0,0.0,181305.0752565,181305.0753701,,,,,0,1,
2026-08-18T02:51:32.700+00:00,1787021492.7003193,181305.0756917,17.176469400001224,send_error,10,476,0,0,0.0,0.0,181305.0756891,,,,,,,0,robot_not_discovered
2026-08-18T02:51:32.853+00:00,1787021492.8534,181305.2281442,17.32892189998529,send_error,1,477,0,0,0.0,0.0,181305.2281205,,,,,,,0,robot_not_discovered
2026-08-18T02:51:32.859+00:00,1787021492.8591363,181305.2346473,17.335424999997485,sent,2,478,38,-22,0.0,0.0,181305.2343532,181305.2344644,,,,,0,1,
2026-08-18T02:51:32.861+00:00,1787021492.8611205,181305.2360077,17.33678539999528,sent,3,479,18,33,0.0,0.0,181305.2356348,181305.2358145,,,,,0,1,
2026-08-18T02:51:32.861+00:00,1787021492.8611205,181305.2360596,17.336837299983017,send_error,10,480,0,0,0.0,0.0,181305.2360568,,,,,,,0,robot_not_discovered
2026-08-18T02:51:33.031+00:00,1787021493.0319426,181305.4065488,17.507326499995543,send_error,1,481,0,0,0.0,0.0,181305.4065389,,,,,,,0,robot_not_discovered
2026-08-18T02:51:33.037+00:00,1787021493.0379567,181305.4128153,17.513592999981483,sent,2,482,39,-30,0.0,0.0,181305.4124509,181305.412626,,,,,0,1,
2026-08-18T02:51:33.037+00:00,1787021493.0379567,181305.4134718,17.514249500003643,sent,3,483,-26,42,0.0,0.0,181305.4132923,181305.4133876,,,,,0,1,
2026-08-18T02:51:33.038+00:00,1787021493.0389574,181305.4135048,17.514282499992987,send_error,10,484,0,0,0.0,0.0,181305.4135021,,,,,,,0,robot_not_discovered
2026-08-18T02:51:33.193+00:00,1787021493.1930964,181305.5684132,17.669190899992827,send_error,1,485,0,0,0.0,0.0,181305.5683966,,,,,,,0,robot_not_discovered
2026-08-18T02:51:33.198+00:00,1787021493.198089,181305.5728464,17.673624099988956,sent,2,486,38,-22,0.0,0.0,181305.5725489,181305.5726711,,,,,0,1,
2026-08-18T02:51:33.198+00:00,1787021493.198089,181305.5734618,17.6742394999892,sent,3,487,-22,38,0.0,0.0,181305.5732938,181305.5733764,,,,,0,1,
2026-08-18T02:51:33.198+00:00,1787021493.198089,181305.5734893,17.67426699999487,send_error,10,488,0,0,0.0,0.0,181305.5734869,,,,,,,0,robot_not_discovered
2026-08-18T02:51:33.335+00:00,1787021493.3354614,181305.7104445,17.81122219999088,send_error,1,489,0,0,0.0,0.0,181305.7104328,,,,,,,0,robot_not_discovered
2026-08-18T02:51:33.341+00:00,1787021493.3413022,181305.7164989,17.8172765999916,sent,2,490,38,-22,0.0,0.0,181305.7160568,181305.7161778,,,,,0,1,
2026-08-18T02:51:33.342+00:00,1787021493.3423004,181305.7170419,17.817819599993527,sent,3,491,-22,38,0.0,0.0,181305.7168874,181305.7169615,,,,,0,1,
2026-08-18T02:51:33.342+00:00,1787021493.3423004,181305.717071,17.817848699982278,send_error,10,492,0,0,0.0,0.0,181305.7170686,,,,,,,0,robot_not_discovered
2026-08-18T02:51:33.477+00:00,1787021493.4778306,181305.8523818,17.953159500000766,send_error,1,493,0,0,0.0,0.0,181305.8523719,,,,,,,0,robot_not_discovered
2026-08-18T02:51:33.481+00:00,1787021493.4819484,181305.8574183,17.958195999992313,sent,2,494,38,-22,0.0,0.0,181305.8571944,181305.8573198,,,,,0,1,
2026-08-18T02:51:33.482+00:00,1787021493.482951,181305.857964,17.958741699985694,sent,3,495,-22,38,0.0,0.0,181305.8578094,181305.8578929,,,,,0,1,
2026-08-18T02:51:33.482+00:00,1787021493.482951,181305.8579926,17.958770299999742,send_error,10,496,0,0,0.0,0.0,181305.8579894,,,,,,,0,robot_not_discovered
2026-08-18T02:51:33.618+00:00,1787021493.6183548,181305.9963412,18.09711889998289,send_error,1,497,0,0,0.0,0.0,181305.996332,,,,,,,0,robot_not_discovered
2026-08-18T02:51:33.627+00:00,1787021493.6271837,181306.0021892,18.102966899983585,sent,2,498,38,-22,0.0,0.0,181306.0018554,181306.0020227,,,,,0,1,
2026-08-18T02:51:33.628+00:00,1787021493.6281857,181306.0027529,18.10353059999761,sent,3,499,22,25,0.0,0.0,181306.0025705,181306.0026596,,,,,0,1,
2026-08-18T02:51:33.628+00:00,1787021493.6281857,181306.0027919,18.10356960000354,send_error,10,500,0,0,0.0,0.0,181306.0027893,,,,,,,0,robot_not_discovered
2026-08-18T02:51:33.767+00:00,1787021493.7672436,181306.1421384,18.24291609998909,send_error,1,501,0,0,0.0,0.0,181306.1421281,,,,,,,0,robot_not_discovered
2026-08-18T02:51:33.772+00:00,1787021493.7725346,181306.1471419,18.24791959999129,sent,2,502,20,27,0.0,0.0,181306.1468342,181306.1469448,,,,,0,1,
2026-08-18T02:51:33.772+00:00,1787021493.7725346,181306.1476185,18.24839619998238,sent,3,503,31,18,0.0,0.0,181306.1474182,181306.1475063,,,,,0,1,
2026-08-18T02:51:33.772+00:00,1787021493.7725346,181306.1476566,18.248434299981454,send_error,10,504,0,0,0.0,0.0,181306.1476533,,,,,,,0,robot_not_discovered
2026-08-18T02:51:33.909+00:00,1787021493.9096966,181306.2873029,18.38808059997973,send_error,1,505,0,0,0.0,0.0,181306.2872912,,,,,,,0,robot_not_discovered
2026-08-18T02:51:33.917+00:00,1787021493.9178004,181306.292367,18.39314469997771,sent,2,506,18,31,0.0,0.0,181306.2920039,181306.2922097,,,,,0,1,
2026-08-18T02:51:33.917+00:00,1787021493.9178004,181306.2930748,18.39385249998304,sent,3,507,39,18,0.0,0.0,181306.2928779,181306.2929797,,,,,0,1,
2026-08-18T02:51:33.917+00:00,1787021493.9178004,181306.2931039,18.393881600000896,send_error,10,508,0,0,0.0,0.0,181306.2931014,,,,,,,0,robot_not_discovered
2026-08-18T02:51:34.061+00:00,1787021494.0614557,181306.4360794,18.536857099999906,send_error,1,509,0,0,0.0,0.0,181306.4360365,,,,,,,0,robot_not_discovered
2026-08-18T02:51:34.065+00:00,1787021494.0658174,181306.4407149,18.541492599993944,sent,2,510,18,34,0.0,0.0,181306.4404741,181306.4405585,,,,,0,1,
2026-08-18T02:51:34.065+00:00,1787021494.0658174,181306.4411696,18.5419472999929,sent,3,511,31,18,0.0,0.0,181306.441029,181306.4410929,,,,,0,1,
2026-08-18T02:51:34.065+00:00,1787021494.0658174,181306.4411983,18.541975999978604,send_error,10,512,0,0,0.0,0.0,181306.441196,,,,,,,0,robot_not_discovered
2026-08-18T02:51:34.209+00:00,1787021494.2097495,181306.5843168,18.685094499989646,send_error,1,513,0,0,0.0,0.0,181306.5843065,,,,,,,0,robot_not_discovered
2026-08-18T02:51:34.212+00:00,1787021494.2129369,181306.5880888,18.688866499986034,sent,2,514,19,28,0.0,0.0,181306.5877925,181306.5879068,,,,,0,1,
2026-08-18T02:51:34.214+00:00,1787021494.2142591,181306.5888284,18.689606100000674,sent,3,515,30,18,0.0,0.0,181306.5885029,181306.5886928,,,,,0,1,
2026-08-18T02:51:34.214+00:00,1787021494.2142591,181306.5890758,18.68985349999275,send_error,10,516,0,0,0.0,0.0,181306.5890684,,,,,,,0,robot_not_discovered
2026-08-18T02:51:34.356+00:00,1787021494.3566842,181306.7316425,18.832420199993066,send_error,1,517,0,0,0.0,0.0,181306.7316329,,,,,,,0,robot_not_discovered
2026-08-18T02:51:34.361+00:00,1787021494.3617222,181306.7367241,18.83750179997878,sent,2,518,18,29,0.0,0.0,181306.7363287,181306.736437,,,,,0,1,
2026-08-18T02:51:34.362+00:00,1787021494.3627222,181306.7374353,18.838212999980897,sent,3,519,31,18,0.0,0.0,181306.7372258,181306.7373373,,,,,0,1,
2026-08-18T02:51:34.362+00:00,1787021494.3627222,181306.7374653,18.8382429999765,send_error,10,520,0,0,0.0,0.0,181306.737463,,,,,,,0,robot_not_discovered
2026-08-18T02:51:34.500+00:00,1787021494.5006182,181306.875847,18.976624699978856,send_error,1,521,0,0,0.0,0.0,181306.8758325,,,,,,,0,robot_not_discovered
2026-08-18T02:51:34.505+00:00,1787021494.505616,181306.8802014,18.980979099986143,sent,2,522,18,35,0.0,0.0,181306.8799162,181306.8800086,,,,,0,1,
2026-08-18T02:51:34.506+00:00,1787021494.5067062,181306.8816949,18.98247259997879,sent,3,523,35,18,0.0,0.0,181306.8814083,181306.8815443,,,,,0,1,
2026-08-18T02:51:34.506+00:00,1787021494.5067062,181306.8817536,18.982531299989205,send_error,10,524,0,0,0.0,0.0,181306.8817509,,,,,,,0,robot_not_discovered
2026-08-18T02:51:34.641+00:00,1787021494.641441,181307.0165476,19.11732530000154,send_error,1,525,0,0,0.0,0.0,181307.0165332,,,,,,,0,robot_not_discovered
2026-08-18T02:51:34.648+00:00,1787021494.6485317,181307.0234156,19.124193299998296,sent,2,526,-30,39,0.0,0.0,181307.0230385,181307.0232784,,,,,0,1,
2026-08-18T02:51:34.649+00:00,1787021494.6495302,181307.0242944,19.125072099996032,sent,3,527,35,-35,0.0,0.0,181307.0240603,181307.0241746,,,,,0,1,
2026-08-18T02:51:34.649+00:00,1787021494.6495302,181307.0243494,19.125127099978272,send_error,10,528,0,0,0.0,0.0,181307.0243455,,,,,,,0,robot_not_discovered
2026-08-18T02:51:34.794+00:00,1787021494.7943947,181307.1693485,19.270126199990045,send_error,1,529,0,0,0.0,0.0,181307.1693376,,,,,,,0,robot_not_discovered
2026-08-18T02:51:34.800+00:00,1787021494.8002453,181307.1753514,19.27612909997697,sent,2,530,-27,43,0.0,0.0,181307.1746157,181307.1748288,,,,,0,1,
2026-08-18T02:51:34.801+00:00,1787021494.8012357,181307.1763289,19.27710659999866,sent,3,531,43,-27,0.0,0.0,181307.1760637,181307.1761824,,,,,0,1,
2026-08-18T02:51:34.801+00:00,1787021494.8012357,181307.17636,19.27713770000264,send_error,10,532,0,0,0.0,0.0,181307.1763575,,,,,,,0,robot_not_discovered
2026-08-18T02:51:34.947+00:00,1787021494.9475598,181307.3222663,19.42304399999557,send_error,1,533,0,0,0.0,0.0,181307.3222564,,,,,,,0,robot_not_discovered
2026-08-18T02:51:34.951+00:00,1787021494.9518933,181307.3267529,19.42753059999086,sent,2,534,-25,41,0.0,0.0,181307.326292,181307.3264326,,,,,0,1,
2026-08-18T02:51:34.951+00:00,1787021494.9518933,181307.3271873,19.42796499998076,sent,3,535,43,-27,0.0,0.0,181307.3270539,181307.3271081,,,,,0,1,
2026-08-18T02:51:34.951+00:00,1787021494.9518933,181307.3272133,19.427991000004113,send_error,10,536,0,0,0.0,0.0,181307.327211,,,,,,,0,robot_not_discovered
2026-08-18T02:51:35.091+00:00,1787021495.0914092,181307.4663079,19.567085599992424,send_error,1,537,0,0,0.0,0.0,181307.4662982,,,,,,,0,robot_not_discovered
2026-08-18T02:51:35.094+00:00,1787021495.0944052,181307.4698719,19.570649599976605,sent,2,538,-24,40,0.0,0.0,181307.4696395,181307.4697137,,,,,0,1,
2026-08-18T02:51:35.095+00:00,1787021495.0953968,181307.470374,19.57115169998724,sent,3,539,43,-27,0.0,0.0,181307.470193,181307.4702866,,,,,0,1,
2026-08-18T02:51:35.095+00:00,1787021495.0953968,181307.4703976,19.57117529999232,send_error,10,540,0,0,0.0,0.0,181307.4703955,,,,,,,0,robot_not_discovered
2026-08-18T02:51:35.224+00:00,1787021495.2242408,181307.5994029,19.700180599989835,send_error,1,541,0,0,0.0,0.0,181307.5993913,,,,,,,0,robot_not_discovered
2026-08-18T02:51:35.229+00:00,1787021495.2292256,181307.6041282,19.704905899998266,sent,2,542,-22,38,0.0,0.0,181307.6035054,181307.6037396,,,,,0,1,
2026-08-18T02:51:35.230+00:00,1787021495.2302272,181307.6053114,19.706089099985547,sent,3,543,38,-22,0.0,0.0,181307.605032,181307.6051193,,,,,0,1,
2026-08-18T02:51:35.230+00:00,1787021495.2302272,181307.6053893,19.70616699999664,send_error,10,544,0,0,0.0,0.0,181307.6053857,,,,,,,0,robot_not_discovered
2026-08-18T02:51:35.364+00:00,1787021495.3641841,181307.7396522,19.840429899981245,send_error,1,545,0,0,0.0,0.0,181307.739641,,,,,,,0,robot_not_discovered
2026-08-18T02:51:35.369+00:00,1787021495.3695998,181307.7448836,19.845661300001666,sent,2,546,-22,38,0.0,0.0,181307.7446536,181307.7447351,,,,,0,1,
2026-08-18T02:51:35.370+00:00,1787021495.3705947,181307.7454601,19.846237799996743,sent,3,547,38,-22,0.0,0.0,181307.7453362,181307.7453985,,,,,0,1,
2026-08-18T02:51:35.370+00:00,1787021495.3705947,181307.7454898,19.846267499990063,send_error,10,548,0,0,0.0,0.0,181307.7454874,,,,,,,0,robot_not_discovered
2026-08-18T02:51:35.505+00:00,1787021495.5056267,181307.8802105,19.980988199997228,send_error,1,549,0,0,0.0,0.0,181307.8801868,,,,,,,0,robot_not_discovered
2026-08-18T02:51:35.509+00:00,1787021495.5091438,181307.8841067,19.98488439997891,sent,2,550,38,-22,0.0,0.0,181307.883922,181307.8839389,,,,,0,1,
2026-08-18T02:51:35.509+00:00,1787021495.5091438,181307.8846075,19.985385199979646,sent,3,551,38,-22,0.0,0.0,181307.8844661,181307.8845273,,,,,0,1,
2026-08-18T02:51:35.509+00:00,1787021495.5091438,181307.8846349,19.985412599984556,send_error,10,552,0,0,0.0,0.0,181307.8846326,,,,,,,0,robot_not_discovered
2026-08-18T02:51:35.648+00:00,1787021495.6486804,181308.0236263,20.12440400000196,send_error,1,553,0,0,0.0,0.0,181308.0236098,,,,,,,0,robot_not_discovered
2026-08-18T02:51:35.655+00:00,1787021495.6554694,181308.0306608,20.13143849998596,sent,2,554,-22,38,0.0,0.0,181308.0303275,181308.03048,,,,,0,1,
2026-08-18T02:51:35.657+00:00,1787021495.6574733,181308.0320596,20.132837299985113,sent,3,555,38,-22,0.0,0.0,181308.031288,181308.0314409,,,,,0,1,
2026-08-18T02:51:35.657+00:00,1787021495.6574733,181308.0321324,20.132910099986475,send_error,10,556,0,0,0.0,0.0,181308.0321283,,,,,,,0,robot_not_discovered
2026-08-18T02:51:35.799+00:00,1787021495.7994251,181308.174776,20.27555369999027,send_error,1,557,0,0,0.0,0.0,181308.174766,,,,,,,0,robot_not_discovered
2026-08-18T02:51:35.803+00:00,1787021495.8034086,181308.1782969,20.27907459999551,sent,2,558,38,-22,0.0,0.0,181308.1779672,181308.1780943,,,,,0,1,
2026-08-18T02:51:35.804+00:00,1787021495.8049326,181308.179819,20.280596700002206,sent,3,559,38,-22,0.0,0.0,181308.1794757,181308.1796296,,,,,0,1,
2026-08-18T02:51:35.804+00:00,1787021495.8049326,181308.1798743,20.28065199998673,send_error,10,560,0,0,0.0,0.0,181308.1798715,,,,,,,0,robot_not_discovered
2026-08-18T02:51:35.943+00:00,1787021495.9431021,181308.3181642,20.418941899988567,send_error,1,561,0,0,0.0,0.0,181308.3181407,,,,,,,0,robot_not_discovered
2026-08-18T02:51:35.946+00:00,1787021495.946766,181308.3219393,20.422716999979457,sent,2,562,18,18,0.0,0.0,181308.321684,181308.3217666,,,,,0,1,
2026-08-18T02:51:35.947+00:00,1787021495.9477596,181308.3225533,20.423330999998143,sent,3,563,38,-22,0.0,0.0,181308.3223802,181308.3224365,,,,,0,1,
2026-08-18T02:51:35.947+00:00,1787021495.9477596,181308.3225795,20.423357199993916,send_error,10,564,0,0,0.0,0.0,181308.3225768,,,,,,,0,robot_not_discovered
2026-08-18T02:51:36.081+00:00,1787021496.0819616,181308.4565384,20.557316099992022,send_error,1,565,0,0,0.0,0.0,181308.456517,,,,,,,0,robot_not_discovered
2026-08-18T02:51:36.085+00:00,1787021496.0855658,181308.4608053,20.56158300000243,sent,2,566,0,23,0.0,0.0,181308.460564,181308.4606591,,,,,0,1,
2026-08-18T02:51:36.086+00:00,1787021496.0865629,181308.4612888,20.56206649998785,sent,3,567,38,-22,0.0,0.0,181308.4611418,181308.4612284,,,,,0,1,
2026-08-18T02:51:36.086+00:00,1787021496.0865629,181308.4613165,20.562094199995045,send_error,10,568,0,0,0.0,0.0,181308.4613142,,,,,,,0,robot_not_discovered
2026-08-18T02:51:36.225+00:00,1787021496.225205,181308.6002382,20.701015899976483,send_error,1,569,0,0,0.0,0.0,181308.6002284,,,,,,,0,robot_not_discovered
2026-08-18T02:51:36.229+00:00,1787021496.2295165,181308.6047862,20.705563900002744,sent,2,570,18,25,0.0,0.0,181308.6045166,181308.6046152,,,,,0,1,
2026-08-18T02:51:36.230+00:00,1787021496.2305255,181308.6052208,20.705998499994166,sent,3,571,27,42,0.0,0.0,181308.6050687,181308.6051367,,,,,0,1,
2026-08-18T02:51:36.230+00:00,1787021496.2305255,181308.6052476,20.706025299994508,send_error,10,572,0,0,0.0,0.0,181308.6052454,,,,,,,0,robot_not_discovered
2026-08-18T02:51:36.376+00:00,1787021496.3760142,181308.7508946,20.85167229999206,send_error,1,573,0,0,0.0,0.0,181308.7508843,,,,,,,0,robot_not_discovered
2026-08-18T02:51:36.379+00:00,1787021496.379436,181308.7546388,20.855416499980493,sent,2,574,18,45,0.0,0.0,181308.754429,181308.7545012,,,,,0,1,
2026-08-18T02:51:36.381+00:00,1787021496.3812866,181308.7559513,20.8567289999919,sent,3,575,25,22,0.0,0.0,181308.7555723,181308.7556885,,,,,0,1,
2026-08-18T02:51:36.381+00:00,1787021496.3812866,181308.7559966,20.856774299987592,send_error,10,576,0,0,0.0,0.0,181308.7559933,,,,,,,0,robot_not_discovered
2026-08-18T02:51:36.515+00:00,1787021496.5150878,181308.890253,20.99103069998091,send_error,1,577,0,0,0.0,0.0,181308.8902429,,,,,,,0,robot_not_discovered
2026-08-18T02:51:36.522+00:00,1787021496.5225897,181308.8971757,20.997953399986727,sent,2,578,21,26,0.0,0.0,181308.8963671,181308.8965232,,,,,0,1,
2026-08-18T02:51:36.523+00:00,1787021496.5235934,181308.8988598,20.99963750000461,sent,3,579,18,37,0.0,0.0,181308.898643,181308.8987497,,,,,0,1,
2026-08-18T02:51:36.523+00:00,1787021496.5235934,181308.8988899,20.999667600000976,send_error,10,580,0,0,0.0,0.0,181308.8988874,,,,,,,0,robot_not_discovered
2026-08-18T02:51:36.658+00:00,1787021496.6589174,181309.0339691,21.134746800002176,send_error,1,581,0,0,0.0,0.0,181309.0339535,,,,,,,0,robot_not_discovered
2026-08-18T02:51:36.665+00:00,1787021496.665323,181309.0399772,21.140754899999592,sent,2,582,52,-18,0.0,0.0,181309.0393241,181309.0394857,,,,,0,1,
2026-08-18T02:51:36.665+00:00,1787021496.6659958,181309.0411248,21.141902499977732,sent,3,583,-27,43,0.0,0.0,181309.0408104,181309.040959,,,,,0,1,
2026-08-18T02:51:36.665+00:00,1787021496.6659958,181309.041218,21.14199569998891,send_error,10,584,0,0,0.0,0.0,181309.04121,,,,,,,0,robot_not_discovered
2026-08-18T02:51:36.796+00:00,1787021496.796396,181309.1709093,21.271687000000384,send_error,1,585,0,0,0.0,0.0,181309.170882,,,,,,,0,robot_not_discovered
2026-08-18T02:51:36.800+00:00,1787021496.8008568,181309.1755503,21.276327999978093,sent,2,586,38,-22,0.0,0.0,181309.1752952,181309.1753849,,,,,0,1,
2026-08-18T02:51:36.800+00:00,1787021496.8008568,181309.176072,21.276849699992454,sent,3,587,-35,35,0.0,0.0,181309.175904,181309.1759982,,,,,0,1,
2026-08-18T02:51:36.800+00:00,1787021496.8008568,181309.1761005,21.276878199976636,send_error,10,588,0,0,0.0,0.0,181309.176098,,,,,,,0,robot_not_discovered
2026-08-18T02:51:36.945+00:00,1787021496.945266,181309.3203342,21.421111899981042,send_error,1,589,0,0,0.0,0.0,181309.3203226,,,,,,,0,robot_not_discovered
2026-08-18T02:51:36.948+00:00,1787021496.9482656,181309.3237143,21.424491999991005,sent,2,590,38,-22,0.0,0.0,181309.3235412,181309.3236134,,,,,0,1,
2026-08-18T02:51:36.949+00:00,1787021496.9492571,181309.3242367,21.425014399981592,sent,3,591,-35,35,0.0,0.0,181309.3240338,181309.3241279,,,,,0,1,
2026-08-18T02:51:36.949+00:00,1787021496.9492571,181309.3242681,21.425045799987856,send_error,10,592,0,0,0.0,0.0,181309.3242652,,,,,,,0,robot_not_discovered
2026-08-18T02:51:37.082+00:00,1787021497.0820298,181309.4568875,21.557665200001793,send_error,1,593,0,0,0.0,0.0,181309.4568443,,,,,,,0,robot_not_discovered
2026-08-18T02:51:37.086+00:00,1787021497.0860457,181309.4614322,21.562209900002927,sent,2,594,38,-22,0.0,0.0,181309.4610838,181309.4612925,,,,,0,1,
2026-08-18T02:51:37.087+00:00,1787021497.0870352,181309.4620774,21.56285509999725,sent,3,595,-35,35,0.0,0.0,181309.4619369,181309.462021,,,,,0,1,
2026-08-18T02:51:37.087+00:00,1787021497.0870352,181309.462112,21.562889699998777,send_error,10,596,0,0,0.0,0.0,181309.4621094,,,,,,,0,robot_not_discovered
2026-08-18T02:51:37.224+00:00,1787021497.224626,181309.5996803,21.700457999977516,send_error,1,597,0,0,0.0,0.0,181309.5996707,,,,,,,0,robot_not_discovered
2026-08-18T02:51:37.229+00:00,1787021497.229534,181309.6048813,21.705658999999287,sent,2,598,38,-22,0.0,0.0,181309.6046314,181309.6047377,,,,,0,1,
2026-08-18T02:51:37.230+00:00,1787021497.2305439,181309.60534,21.706117699999595,sent,3,599,-35,35,0.0,0.0,181309.6051932,181309.6052568,,,,,0,1,
2026-08-18T02:51:37.230+00:00,1787021497.2305439,181309.6053678,21.706145499978447,send_error,10,600,0,0,0.0,0.0,181309.6053656,,,,,,,0,robot_not_discovered
2026-08-18T02:51:37.378+00:00,1787021497.3784087,181309.7531227,21.85390039999038,send_error,1,601,0,0,0.0,0.0,181309.7531124,,,,,,,0,robot_not_discovered
2026-08-18T02:51:37.383+00:00,1787021497.3833287,181309.7578996,21.858677299984265,sent,2,602,38,-22,0.0,0.0,181309.7576203,181309.7577208,,,,,0,1,
2026-08-18T02:51:37.383+00:00,1787021497.3833287,181309.7584126,21.859190299990587,sent,3,603,-35,35,0.0,0.0,181309.7582567,181309.7583364,,,,,0,1,
2026-08-18T02:51:37.383+00:00,1787021497.3833287,181309.7584457,21.859223399980692,send_error,10,604,0,0,0.0,0.0,181309.7584433,,,,,,,0,robot_not_discovered
2026-08-18T02:51:37.530+00:00,1787021497.530668,181309.905795,22.006572699989192,send_error,1,605,0,0,0.0,0.0,181309.9057848,,,,,,,0,robot_not_discovered
2026-08-18T02:51:37.534+00:00,1787021497.5347228,181309.9116844,22.012462099984987,sent,2,606,22,25,0.0,0.0,181309.9113119,181309.9114565,,,,,0,1,
2026-08-18T02:51:37.534+00:00,1787021497.5347228,181309.9123043,22.01308199999039,sent,3,607,-35,35,0.0,0.0,181309.9121391,181309.9122212,,,,,0,1,
2026-08-18T02:51:37.534+00:00,1787021497.5347228,181309.9123338,22.013111499982188,send_error,10,608,0,0,0.0,0.0,181309.9123313,,,,,,,0,robot_not_discovered
2026-08-18T02:51:37.682+00:00,1787021497.682378,181310.0572597,22.158037399989553,send_error,1,609,0,0,0.0,0.0,181310.0572465,,,,,,,0,robot_not_discovered
2026-08-18T02:51:37.690+00:00,1787021497.6900148,181310.0653374,22.166115100000752,sent,2,610,19,28,0.0,0.0,181310.0650442,181310.0651726,,,,,0,1,
2026-08-18T02:51:37.691+00:00,1787021497.6910121,181310.0660571,22.16683479998028,sent,3,611,-35,35,0.0,0.0,181310.0658663,181310.0659554,,,,,0,1,
2026-08-18T02:51:37.691+00:00,1787021497.6910121,181310.0660943,22.166872000001604,send_error,10,612,0,0,0.0,0.0,181310.0660915,,,,,,,0,robot_not_discovered
2026-08-18T02:51:37.823+00:00,1787021497.8234062,181310.1983979,22.299175599997398,send_error,1,613,0,0,0.0,0.0,181310.1983695,,,,,,,0,robot_not_discovered
2026-08-18T02:51:37.826+00:00,1787021497.8266892,181310.2044834,22.3052611000021,sent,2,614,18,30,0.0,0.0,181310.2042313,181310.2043311,,,,,0,1,
2026-08-18T02:51:37.826+00:00,1787021497.8266892,181310.2050034,22.305781100003514,sent,3,615,-35,35,0.0,0.0,181310.2047933,181310.204887,,,,,0,1,
2026-08-18T02:51:37.826+00:00,1787021497.8266892,181310.2050348,22.305812499980675,send_error,10,616,0,0,0.0,0.0,181310.2050322,,,,,,,0,robot_not_discovered
2026-08-18T02:51:37.972+00:00,1787021497.9726455,181310.3478736,22.448651299986523,send_error,1,617,0,0,0.0,0.0,181310.3478581,,,,,,,0,robot_not_discovered
2026-08-18T02:51:37.978+00:00,1787021497.9784582,181310.3533596,22.454137299995637,sent,2,618,18,31,0.0,0.0,181310.3527773,181310.3528105,,,,,0,1,
2026-08-18T02:51:37.979+00:00,1787021497.9796321,181310.3542352,22.45501289999811,sent,3,619,-35,35,0.0,0.0,181310.3539531,181310.3540624,,,,,0,1,
2026-08-18T02:51:37.979+00:00,1787021497.9796321,181310.354278,22.455055700003868,send_error,10,620,0,0,0.0,0.0,181310.3542757,,,,,,,0,robot_not_discovered
2026-08-18T02:51:38.109+00:00,1787021498.1098068,181310.4852216,22.585999300004914,send_error,1,621,0,0,0.0,0.0,181310.4852101,,,,,,,0,robot_not_discovered
2026-08-18T02:51:38.113+00:00,1787021498.1138098,181310.488871,22.58964869999909,sent,2,622,19,28,0.0,0.0,181310.4886798,181310.4887818,,,,,0,1,
2026-08-18T02:51:38.114+00:00,1787021498.1148179,181310.4893249,22.59010259999195,sent,3,623,-35,35,0.0,0.0,181310.4892003,181310.4892648,,,,,0,1,
2026-08-18T02:51:38.114+00:00,1787021498.1148179,181310.4893511,22.590128799987724,send_error,10,624,0,0,0.0,0.0,181310.4893489,,,,,,,0,robot_not_discovered
2026-08-18T02:51:38.251+00:00,1787021498.251243,181310.6257292,22.726506899984088,send_error,1,625,0,0,0.0,0.0,181310.6257151,,,,,,,0,robot_not_discovered
2026-08-18T02:51:38.255+00:00,1787021498.2557063,181310.630707,22.731484699994326,sent,2,626,19,28,0.0,0.0,181310.6302777,181310.6304398,,,,,0,1,
2026-08-18T02:51:38.256+00:00,1787021498.2567062,181310.6316349,22.732412599987583,sent,3,627,-30,30,0.0,0.0,181310.6314372,181310.6315519,,,,,0,1,
2026-08-18T02:51:38.256+00:00,1787021498.2567062,181310.6316672,22.7324449000007,send_error,10,628,0,0,0.0,0.0,181310.631664,,,,,,,0,robot_not_discovered
2026-08-18T02:51:38.385+00:00,1787021498.3858478,181310.7606573,22.86143499999889,send_error,1,629,0,0,0.0,0.0,181310.7606472,,,,,,,0,robot_not_discovered
2026-08-18T02:51:38.390+00:00,1787021498.3906705,181310.7657693,22.866546999983257,sent,2,630,19,28,0.0,0.0,181310.7655109,181310.7656404,,,,,0,1,
2026-08-18T02:51:38.391+00:00,1787021498.391676,181310.7662696,22.867047299980186,sent,3,631,-35,35,0.0,0.0,181310.7661171,181310.7661907,,,,,0,1,
2026-08-18T02:51:38.391+00:00,1787021498.391676,181310.7662983,22.867075999994995,send_error,10,632,0,0,0.0,0.0,181310.766296,,,,,,,0,robot_not_discovered
2026-08-18T02:51:38.533+00:00,1787021498.5335333,181310.912781,23.01355869998224,send_error,1,633,0,0,0.0,0.0,181310.9127696,,,,,,,0,robot_not_discovered
2026-08-18T02:51:38.542+00:00,1787021498.542858,181310.9180973,23.018874999979744,sent,2,634,20,27,0.0,0.0,181310.917741,181310.9179003,,,,,0,1,
2026-08-18T02:51:38.543+00:00,1787021498.5438561,181310.9185519,23.019329599977937,sent,3,635,38,-22,0.0,0.0,181310.9184076,181310.918473,,,,,0,1,
2026-08-18T02:51:38.543+00:00,1787021498.5438561,181310.9185793,23.019356999982847,send_error,10,636,0,0,0.0,0.0,181310.918577,,,,,,,0,robot_not_discovered
2026-08-18T02:51:38.708+00:00,1787021498.7081187,181311.0833295,23.184107199980645,send_error,1,637,0,0,0.0,0.0,181311.0832991,,,,,,,0,robot_not_discovered
2026-08-18T02:51:38.713+00:00,1787021498.713501,181311.0882196,23.18899729999248,sent,2,638,19,28,0.0,0.0,181311.0877121,181311.0878952,,,,,0,1,
2026-08-18T02:51:38.714+00:00,1787021498.7145386,181311.0893297,23.190107399976114,sent,3,639,38,-22,0.0,0.0,181311.0889501,181311.0890881,,,,,0,1,
2026-08-18T02:51:38.714+00:00,1787021498.7145386,181311.0893739,23.190151599992532,send_error,10,640,0,0,0.0,0.0,181311.0893709,,,,,,,0,robot_not_discovered
2026-08-18T02:51:38.861+00:00,1787021498.861063,181311.2355823,23.3363599999866,send_error,1,641,0,0,0.0,0.0,181311.2355724,,,,,,,0,robot_not_discovered
2026-08-18T02:51:38.864+00:00,1787021498.864433,181311.2394828,23.340260500001023,sent,2,642,-22,38,0.0,0.0,181311.2392439,181311.2393172,,,,,0,1,
2026-08-18T02:51:38.865+00:00,1787021498.865439,181311.2400778,23.34085549999145,sent,3,643,36,-33,0.0,0.0,181311.2398759,181311.2399616,,,,,0,1,
2026-08-18T02:51:38.865+00:00,1787021498.865439,181311.2401038,23.3408814999857,send_error,10,644,0,0,0.0,0.0,181311.2401015,,,,,,,0,robot_not_discovered
2026-08-18T02:51:39.012+00:00,1787021499.0125887,181311.3875549,23.48833259998355,send_error,1,645,0,0,0.0,0.0,181311.3875152,,,,,,,0,robot_not_discovered
2026-08-18T02:51:39.019+00:00,1787021499.0191627,181311.3944763,23.495253999979468,sent,2,646,-27,43,0.0,0.0,181311.3939809,181311.3942177,,,,,0,1,
2026-08-18T02:51:39.021+00:00,1787021499.0211716,181311.396268,23.497045700001763,sent,3,647,35,-35,0.0,0.0,181311.3953555,181311.3955016,,,,,0,1,
2026-08-18T02:51:39.021+00:00,1787021499.0211716,181311.3963875,23.497165199980373,send_error,10,648,0,0,0.0,0.0,181311.3963799,,,,,,,0,robot_not_discovered
2026-08-18T02:51:39.154+00:00,1787021499.1544168,181311.5291426,23.629920299979858,send_error,1,649,0,0,0.0,0.0,181311.5291116,,,,,,,0,robot_not_discovered
2026-08-18T02:51:39.160+00:00,1787021499.1602442,181311.5347532,23.63553089997731,sent,2,650,-27,43,0.0,0.0,181311.5342752,181311.5344617,,,,,0,1,
2026-08-18T02:51:39.160+00:00,1787021499.1602442,181311.5354386,23.6362162999867,sent,3,651,35,-35,0.0,0.0,181311.5352483,181311.5353345,,,,,0,1,
2026-08-18T02:51:39.160+00:00,1787021499.1602442,181311.5354759,23.636253599979682,send_error,10,652,0,0,0.0,0.0,181311.535472,,,,,,,0,robot_not_discovered
2026-08-18T02:51:39.300+00:00,1787021499.3001106,181311.6750508,23.775828499987256,send_error,1,653,0,0,0.0,0.0,181311.675041,,,,,,,0,robot_not_discovered
2026-08-18T02:51:39.304+00:00,1787021499.3045816,181311.6795109,23.780288599984488,sent,2,654,-35,35,0.0,0.0,181311.6789552,181311.6792049,,,,,0,1,
2026-08-18T02:51:39.305+00:00,1787021499.3056917,181311.6808275,23.781605199998012,sent,3,655,35,-35,0.0,0.0,181311.6804356,181311.6805867,,,,,0,1,
2026-08-18T02:51:39.305+00:00,1787021499.3056917,181311.6808575,23.781635199993616,send_error,10,656,0,0,0.0,0.0,181311.6808551,,,,,,,0,robot_not_discovered
2026-08-18T02:51:39.448+00:00,1787021499.448537,181311.8230712,23.923848899983568,send_error,1,657,0,0,0.0,0.0,181311.8230616,,,,,,,0,robot_not_discovered
2026-08-18T02:51:39.453+00:00,1787021499.4538727,181311.828912,23.929689699987648,sent,2,658,-35,35,0.0,0.0,181311.8283439,181311.8284579,,,,,0,1,
2026-08-18T02:51:39.454+00:00,1787021499.4548821,181311.8295932,23.93037089999416,sent,3,659,30,-30,0.0,0.0,181311.8294119,181311.8295018,,,,,0,1,
2026-08-18T02:51:39.454+00:00,1787021499.4548821,181311.8296221,23.930399799981387,send_error,10,660,0,0,0.0,0.0,181311.8296196,,,,,,,0,robot_not_discovered
2026-08-18T02:51:39.595+00:00,1787021499.5954487,181311.9701666,24.0709442999796,send_error,1,661,0,0,0.0,0.0,181311.9701322,,,,,,,0,robot_not_discovered
2026-08-18T02:51:39.600+00:00,1787021499.6001425,181311.9747897,24.075567399995634,sent,2,662,38,-22,0.0,0.0,181311.9744922,181311.9746204,,,,,0,1,
2026-08-18T02:51:39.600+00:00,1787021499.6001425,181311.9752748,24.07605249999324,sent,3,663,-22,38,0.0,0.0,181311.975113,181311.9751758,,,,,0,1,
2026-08-18T02:51:39.600+00:00,1787021499.6001425,181311.9753044,24.076082099985797,send_error,10,664,0,0,0.0,0.0,181311.975302,,,,,,,0,robot_not_discovered
2026-08-18T02:51:39.755+00:00,1787021499.7555902,181312.1300856,24.2308632999775,send_error,1,665,0,0,0.0,0.0,181312.1300588,,,,,,,0,robot_not_discovered
2026-08-18T02:51:39.760+00:00,1787021499.7600482,181312.1352072,24.235984899976756,sent,2,666,57,-18,0.0,0.0,181312.1349287,181312.1350378,,,,,0,1,
2026-08-18T02:51:39.761+00:00,1787021499.7610486,181312.1360078,24.23678549999022,sent,3,667,-35,35,0.0,0.0,181312.1357987,181312.1358973,,,,,0,1,
2026-08-18T02:51:39.761+00:00,1787021499.7610486,181312.1360401,24.236817800003337,send_error,10,668,0,0,0.0,0.0,181312.1360376,,,,,,,0,robot_not_discovered
2026-08-18T02:51:39.892+00:00,1787021499.892364,181312.267511,24.368288700003177,send_error,1,669,0,0,0.0,0.0,181312.2675007,,,,,,,0,robot_not_discovered
2026-08-18T02:51:39.897+00:00,1787021499.8975651,181312.2722032,24.3729808999924,sent,2,670,30,18,0.0,0.0,181312.271957,181312.2720549,,,,,0,1,
2026-08-18T02:51:39.897+00:00,1787021499.8975651,181312.27269,24.373467700002948,sent,3,671,-35,35,0.0,0.0,181312.2725063,181312.2725937,,,,,0,1,
2026-08-18T02:51:39.897+00:00,1787021499.8975651,181312.2727251,24.37350279997918,send_error,10,672,0,0,0.0,0.0,181312.2727224,,,,,,,0,robot_not_discovered
2026-08-18T02:51:40.034+00:00,1787021500.034254,181312.4094843,24.510261999996146,send_error,1,673,0,0,0.0,0.0,181312.4094737,,,,,,,0,robot_not_discovered
2026-08-18T02:51:40.038+00:00,1787021500.038244,181312.4131871,24.51396479998948,sent,2,674,37,18,0.0,0.0,181312.4128568,181312.4129909,,,,,0,1,
2026-08-18T02:51:40.039+00:00,1787021500.0392454,181312.4137039,24.514481599995634,sent,3,675,35,-35,0.0,0.0,181312.4135314,181312.4136161,,,,,0,1,
2026-08-18T02:51:40.039+00:00,1787021500.0392454,181312.4137371,24.5145147999865,send_error,10,676,0,0,0.0,0.0,181312.4137342,,,,,,,0,robot_not_discovered
2026-08-18T02:51:40.184+00:00,1787021500.1846936,181312.5593826,24.660160300001735,send_error,1,677,0,0,0.0,0.0,181312.5593722,,,,,,,0,robot_not_discovered
2026-08-18T02:51:40.190+00:00,1787021500.1904433,181312.5651751,24.66595279998728,sent,2,678,38,18,0.0,0.0,181312.5649257,181312.5650347,,,,,0,1,
2026-08-18T02:51:40.190+00:00,1787021500.1904433,181312.5657419,24.66651959999581,sent,3,679,35,-35,0.0,0.0,181312.56555,181312.5656387,,,,,0,1,
2026-08-18T02:51:40.190+00:00,1787021500.1904433,181312.5657813,24.66655900000478,send_error,10,680,0,0,0.0,0.0,181312.5657785,,,,,,,0,robot_not_discovered
2026-08-18T02:51:40.327+00:00,1787021500.327237,181312.7017481,24.802525799983414,send_error,1,681,0,0,0.0,0.0,181312.7017388,,,,,,,0,robot_not_discovered
2026-08-18T02:51:40.330+00:00,1787021500.3302417,181312.7052848,24.80606249999255,sent,2,682,30,18,0.0,0.0,181312.705056,181312.705124,,,,,0,1,
2026-08-18T02:51:40.331+00:00,1787021500.3319275,181312.7064588,24.80723649999709,sent,3,683,35,-35,0.0,0.0,181312.7061028,181312.7062283,,,,,0,1,
2026-08-18T02:51:40.331+00:00,1787021500.3319275,181312.7065072,24.80728489998728,send_error,10,684,0,0,0.0,0.0,181312.7065046,,,,,,,0,robot_not_discovered
2026-08-18T02:51:40.463+00:00,1787021500.4636567,181312.8385403,24.939317999989726,send_error,1,685,0,0,0.0,0.0,181312.8385272,,,,,,,0,robot_not_discovered
2026-08-18T02:51:40.467+00:00,1787021500.4677145,181312.8427555,24.943533199984813,sent,2,686,26,21,0.0,0.0,181312.8424917,181312.8425879,,,,,0,1,
2026-08-18T02:51:40.468+00:00,1787021500.4687202,181312.8433142,24.94409189998987,sent,3,687,35,-35,0.0,0.0,181312.8431402,181312.8432069,,,,,0,1,
2026-08-18T02:51:40.468+00:00,1787021500.4687202,181312.8433485,24.944126199989114,send_error,10,688,0,0,0.0,0.0,181312.8433461,,,,,,,0,robot_not_discovered
2026-08-18T02:51:40.606+00:00,1787021500.6072059,181312.9816373,25.082414999982575,send_error,1,689,0,0,0.0,0.0,181312.981626,,,,,,,0,robot_not_discovered
2026-08-18T02:51:40.611+00:00,1787021500.6114986,181312.9866746,25.087452299980214,sent,2,690,22,25,0.0,0.0,181312.9864075,181312.9865092,,,,,0,1,
2026-08-18T02:51:40.612+00:00,1787021500.6122916,181312.9871514,25.08792910000193,sent,3,691,35,-35,0.0,0.0,181312.9870052,181312.9870693,,,,,0,1,
2026-08-18T02:51:40.612+00:00,1787021500.6122916,181312.9871787,25.087956399976974,send_error,10,692,0,0,0.0,0.0,181312.9871764,,,,,,,0,robot_not_discovered
2026-08-18T02:51:40.794+00:00,1787021500.794185,181313.168878,25.269655699987197,send_error,1,693,0,0,0.0,0.0,181313.1688644,,,,,,,0,robot_not_discovered
2026-08-18T02:51:40.799+00:00,1787021500.7993917,181313.174384,25.275161700003082,sent,2,694,19,28,0.0,0.0,181313.174089,181313.1742056,,,,,0,1,
2026-08-18T02:51:40.800+00:00,1787021500.8003907,181313.1751719,25.27594959997805,sent,3,695,38,-38,0.0,0.0,181313.1749584,181313.1750504,,,,,0,1,
2026-08-18T02:51:40.800+00:00,1787021500.8003907,181313.1752113,25.27598899998702,send_error,10,696,0,0,0.0,0.0,181313.1752087,,,,,,,0,robot_not_discovered
2026-08-18T02:51:40.945+00:00,1787021500.945973,181313.3210553,25.421833000000333,send_error,1,697,0,0,0.0,0.0,181313.3210451,,,,,,,0,robot_not_discovered
2026-08-18T02:51:40.951+00:00,1787021500.9516344,181313.3261746,25.426952299982077,sent,2,698,18,32,0.0,0.0,181313.3256617,181313.3259448,,,,,0,1,
2026-08-18T02:51:40.951+00:00,1787021500.9516344,181313.3269837,25.427761400002055,sent,3,699,38,-38,0.0,0.0,181313.3268187,181313.3268965,,,,,0,1,
2026-08-18T02:51:40.951+00:00,1787021500.9516344,181313.3270218,25.42779950000113,send_error,10,700,0,0,0.0,0.0,181313.3270191,,,,,,,0,robot_not_discovered
2026-08-18T02:51:41.095+00:00,1787021501.0951488,181313.4698844,25.570662099984474,send_error,1,701,0,0,0.0,0.0,181313.4698536,,,,,,,0,robot_not_discovered
2026-08-18T02:51:41.099+00:00,1787021501.0993228,181313.474467,25.57524469998316,sent,2,702,18,29,0.0,0.0,181313.4742282,181313.4743043,,,,,0,1,
2026-08-18T02:51:41.100+00:00,1787021501.1003945,181313.4749786,25.57575629997882,sent,3,703,38,-38,0.0,0.0,181313.4747985,181313.4748955,,,,,0,1,
2026-08-18T02:51:41.100+00:00,1787021501.1003945,181313.4750071,25.575784799992107,send_error,10,704,0,0,0.0,0.0,181313.4750047,,,,,,,0,robot_not_discovered
2026-08-18T02:51:41.236+00:00,1787021501.2361183,181313.6110884,25.711866099998588,send_error,1,705,0,0,0.0,0.0,181313.6110785,,,,,,,0,robot_not_discovered
2026-08-18T02:51:41.240+00:00,1787021501.2401116,181313.614732,25.7155096999777,sent,2,706,20,27,0.0,0.0,181313.6144606,181313.6145599,,,,,0,1,
2026-08-18T02:51:41.241+00:00,1787021501.2415748,181313.6162411,25.717018800001824,sent,3,707,30,-30,0.0,0.0,181313.6157633,181313.6159502,,,,,0,1,
2026-08-18T02:51:41.241+00:00,1787021501.2415748,181313.6163165,25.71709419999388,send_error,10,708,0,0,0.0,0.0,181313.6163136,,,,,,,0,robot_not_discovered
2026-08-18T02:51:41.374+00:00,1787021501.3747108,181313.7497762,25.850553900003433,send_error,1,709,0,0,0.0,0.0,181313.7497651,,,,,,,0,robot_not_discovered
2026-08-18T02:51:41.377+00:00,1787021501.3777013,181313.7530945,25.853872199979378,sent,2,710,20,27,0.0,0.0,181313.7528612,181313.7529289,,,,,0,1,
2026-08-18T02:51:41.378+00:00,1787021501.378695,181313.7535716,25.854349300003378,sent,3,711,30,-30,0.0,0.0,181313.7534302,181313.7534932,,,,,0,1,
2026-08-18T02:51:41.378+00:00,1787021501.378695,181313.753596,25.854373699985445,send_error,10,712,0,0,0.0,0.0,181313.7535938,,,,,,,0,robot_not_discovered
2026-08-18T02:51:41.520+00:00,1787021501.5205352,181313.8955225,25.996300200000405,send_error,1,713,0,0,0.0,0.0,181313.8955119,,,,,,,0,robot_not_discovered
2026-08-18T02:51:41.526+00:00,1787021501.5263696,181313.9012136,26.001991299999645,sent,2,714,20,27,0.0,0.0,181313.9007096,181313.9009394,,,,,0,1,
2026-08-18T02:51:41.527+00:00,1787021501.52752,181313.9021201,26.002897800004575,sent,3,715,38,-22,0.0,0.0,181313.9018497,181313.9019471,,,,,0,1,
2026-08-18T02:51:41.527+00:00,1787021501.52752,181313.9021594,26.002937099983683,send_error,10,716,0,0,0.0,0.0,181313.9021566,,,,,,,0,robot_not_discovered
2026-08-18T02:51:41.689+00:00,1787021501.6892169,181314.0641502,26.164927899983013,send_error,1,717,0,0,0.0,0.0,181314.0641395,,,,,,,0,robot_not_discovered
2026-08-18T02:51:41.695+00:00,1787021501.6957593,181314.0705182,26.171295899985125,sent,2,718,18,31,0.0,0.0,181314.070229,181314.0703635,,,,,0,1,
2026-08-18T02:51:41.696+00:00,1787021501.6967645,181314.0716892,26.172466899995925,sent,3,719,38,-22,0.0,0.0,181314.0713749,181314.0715507,,,,,0,1,
2026-08-18T02:51:41.696+00:00,1787021501.6967645,181314.071761,26.172538699989673,send_error,10,720,0,0,0.0,0.0,181314.0717545,,,,,,,0,robot_not_discovered
2026-08-18T02:51:41.833+00:00,1787021501.833094,181314.2081538,26.308931499981554,send_error,1,721,0,0,0.0,0.0,181314.2081441,,,,,,,0,robot_not_discovered
2026-08-18T02:51:41.837+00:00,1787021501.8370805,181314.2117025,26.312480199994752,sent,2,722,18,32,0.0,0.0,181314.2114528,181314.2115387,,,,,0,1,
2026-08-18T02:51:41.837+00:00,1787021501.8370805,181314.2122429,26.31302059997688,sent,3,723,38,-22,0.0,0.0,181314.2120663,181314.212132,,,,,0,1,
2026-08-18T02:51:41.837+00:00,1787021501.8370805,181314.2122701,26.313047799980268,send_error,10,724,0,0,0.0,0.0,181314.2122676,,,,,,,0,robot_not_discovered
2026-08-18T02:51:41.973+00:00,1787021501.9735272,181314.3481011,26.448878800001694,send_error,1,725,0,0,0.0,0.0,181314.3480909,,,,,,,0,robot_not_discovered
2026-08-18T02:51:41.977+00:00,1787021501.9775276,181314.3522646,26.453042299981462,sent,2,726,18,32,0.0,0.0,181314.3518283,181314.3519665,,,,,0,1,
2026-08-18T02:51:41.978+00:00,1787021501.978528,181314.352991,26.453768699982902,sent,3,727,38,-22,0.0,0.0,181314.3527217,181314.3528358,,,,,0,1,
2026-08-18T02:51:41.978+00:00,1787021501.978528,181314.353032,26.453809700004058,send_error,10,728,0,0,0.0,0.0,181314.3530296,,,,,,,0,robot_not_discovered
2026-08-18T02:51:42.127+00:00,1787021502.1274915,181314.5019206,26.602698300004704,send_error,1,729,0,0,0.0,0.0,181314.5018967,,,,,,,0,robot_not_discovered
2026-08-18T02:51:42.134+00:00,1787021502.1344924,181314.5094907,26.610268399992492,sent,2,730,18,31,0.0,0.0,181314.5089946,181314.5091612,,,,,0,1,
2026-08-18T02:51:42.135+00:00,1787021502.1354918,181314.5100645,26.610842199996114,sent,3,731,38,-22,0.0,0.0,181314.5098544,181314.5099301,,,,,0,1,
2026-08-18T02:51:42.135+00:00,1787021502.1354918,181314.5101045,26.61088219998055,send_error,10,732,0,0,0.0,0.0,181314.5101017,,,,,,,0,robot_not_discovered
2026-08-18T02:51:42.267+00:00,1787021502.2679472,181314.6427507,26.74352839999483,send_error,1,733,0,0,0.0,0.0,181314.6427341,,,,,,,0,robot_not_discovered
2026-08-18T02:51:42.272+00:00,1787021502.272809,181314.6472354,26.748013100004755,sent,2,734,-22,38,0.0,0.0,181314.6469627,181314.6470672,,,,,0,1,
2026-08-18T02:51:42.272+00:00,1787021502.272809,181314.6477761,26.748553799989168,sent,3,735,23,24,0.0,0.0,181314.6476212,181314.647684,,,,,0,1,
2026-08-18T02:51:42.272+00:00,1787021502.272809,181314.6478034,26.748581099993316,send_error,10,736,0,0,0.0,0.0,181314.6478007,,,,,,,0,robot_not_discovered
2026-08-18T02:51:42.418+00:00,1787021502.4183135,181314.7931448,26.893922499992186,send_error,1,737,0,0,0.0,0.0,181314.7931255,,,,,,,0,robot_not_discovered
2026-08-18T02:51:42.424+00:00,1787021502.4246147,181314.799926,26.900703699997393,sent,2,738,-22,38,0.0,0.0,181314.7996225,181314.7997573,,,,,0,1,
2026-08-18T02:51:42.425+00:00,1787021502.425607,181314.8006439,26.901421599992318,sent,3,739,18,30,0.0,0.0,181314.8004232,181314.8005323,,,,,0,1,
2026-08-18T02:51:42.425+00:00,1787021502.425607,181314.8006801,26.901457799976924,send_error,10,740,0,0,0.0,0.0,181314.8006775,,,,,,,0,robot_not_discovered
2026-08-18T02:51:42.566+00:00,1787021502.5663564,181314.9412074,27.041985099989688,send_error,1,741,0,0,0.0,0.0,181314.9411949,,,,,,,0,robot_not_discovered
2026-08-18T02:51:42.571+00:00,1787021502.5713396,181314.9460418,27.04681949998485,sent,2,742,-22,38,0.0,0.0,181314.9457639,181314.9458804,,,,,0,1,
2026-08-18T02:51:42.571+00:00,1787021502.5713396,181314.9466051,27.04738279999583,sent,3,743,22,25,0.0,0.0,181314.9464061,181314.9464917,,,,,0,1,
2026-08-18T02:51:42.571+00:00,1787021502.5713396,181314.9466356,27.04741329999524,send_error,10,744,0,0,0.0,0.0,181314.9466332,,,,,,,0,robot_not_discovered
2026-08-18T02:51:42.725+00:00,1787021502.7258797,181315.1005075,27.201285199989798,send_error,1,745,0,0,0.0,0.0,181315.1004845,,,,,,,0,robot_not_discovered
2026-08-18T02:51:42.731+00:00,1787021502.7319727,181315.1064086,27.20718629998737,sent,2,746,-22,38,0.0,0.0,181315.1061372,181315.1062376,,,,,0,1,
2026-08-18T02:51:42.731+00:00,1787021502.7319727,181315.1070894,27.207867099990835,sent,3,747,22,25,0.0,0.0,181315.1069314,181315.1070215,,,,,0,1,
2026-08-18T02:51:42.731+00:00,1787021502.7319727,181315.1071216,27.20789930000319,send_error,10,748,0,0,0.0,0.0,181315.1071191,,,,,,,0,robot_not_discovered
2026-08-18T02:51:42.866+00:00,1787021502.8665216,181315.2452889,27.346066600002814,send_error,1,749,0,0,0.0,0.0,181315.2452787,,,,,,,0,robot_not_discovered
2026-08-18T02:51:42.874+00:00,1787021502.8744264,181315.2495328,27.350310499983607,sent,2,750,-22,38,0.0,0.0,181315.2491918,181315.2493349,,,,,0,1,
2026-08-18T02:51:42.875+00:00,1787021502.875423,181315.2501824,27.35096009998233,sent,3,751,23,24,0.0,0.0,181315.2499802,181315.2500795,,,,,0,1,
2026-08-18T02:51:42.875+00:00,1787021502.875423,181315.2502173,27.350994999986142,send_error,10,752,0,0,0.0,0.0,181315.2502145,,,,,,,0,robot_not_discovered
2026-08-18T02:51:43.015+00:00,1787021503.015133,181315.3897363,27.490514000004623,send_error,1,753,0,0,0.0,0.0,181315.3897276,,,,,,,0,robot_not_discovered
2026-08-18T02:51:43.021+00:00,1787021503.021291,181315.396216,27.49699369998416,sent,2,754,-22,38,0.0,0.0,181315.3950032,181315.3952385,,,,,0,1,
2026-08-18T02:51:43.022+00:00,1787021503.0222895,181315.3969927,27.49777039999026,sent,3,755,23,24,0.0,0.0,181315.396797,181315.396874,,,,,0,1,
2026-08-18T02:51:43.022+00:00,1787021503.0222895,181315.3970326,27.49781030000304,send_error,10,756,0,0,0.0,0.0,181315.3970294,,,,,,,0,robot_not_discovered
2026-08-18T02:51:43.155+00:00,1787021503.155611,181315.5305182,27.631295899976976,send_error,1,757,0,0,0.0,0.0,181315.530508,,,,,,,0,robot_not_discovered
2026-08-18T02:51:43.158+00:00,1787021503.1582818,181315.5353027,27.636080399999628,sent,2,758,-22,38,0.0,0.0,181315.5350415,181315.5351403,,,,,0,1,
2026-08-18T02:51:43.158+00:00,1787021503.1582818,181315.5357477,27.63652539998293,sent,3,759,24,23,0.0,0.0,181315.535603,181315.5356707,,,,,0,1,
2026-08-18T02:51:43.158+00:00,1787021503.1582818,181315.5357769,27.636554600001546,send_error,10,760,0,0,0.0,0.0,181315.5357747,,,,,,,0,robot_not_discovered
2026-08-18T02:51:43.306+00:00,1787021503.3061469,181315.6807673,27.781544999976177,send_error,1,761,0,0,0.0,0.0,181315.6807567,,,,,,,0,robot_not_discovered
2026-08-18T02:51:43.310+00:00,1787021503.3104844,181315.6852385,27.78601619999972,sent,2,762,25,22,0.0,0.0,181315.68436,181315.6846128,,,,,0,1,
2026-08-18T02:51:43.310+00:00,1787021503.3104844,181315.6860748,27.786852499993984,sent,3,763,24,23,0.0,0.0,181315.6858012,181315.6859037,,,,,0,1,
2026-08-18T02:51:43.311+00:00,1787021503.3116753,181315.6861249,27.78690259999712,send_error,10,764,0,0,0.0,0.0,181315.6861222,,,,,,,0,robot_not_discovered
2026-08-18T02:51:43.447+00:00,1787021503.4470975,181315.8224425,27.923220199998468,send_error,1,765,0,0,0.0,0.0,181315.8224328,,,,,,,0,robot_not_discovered
2026-08-18T02:51:43.450+00:00,1787021503.4502983,181315.8285625,27.929340200003935,sent,2,766,25,22,0.0,0.0,181315.8283352,181315.8284444,,,,,0,1,
2026-08-18T02:51:43.454+00:00,1787021503.4543326,181315.8291053,27.929883000004338,sent,3,767,26,21,0.0,0.0,181315.8289447,181315.8290248,,,,,0,1,
2026-08-18T02:51:43.454+00:00,1787021503.4543326,181315.829142,27.92991969999275,send_error,10,768,0,0,0.0,0.0,181315.8291391,,,,,,,0,robot_not_discovered
2026-08-18T02:51:43.593+00:00,1787021503.5935547,181315.9684757,28.06925339999725,send_error,1,769,0,0,0.0,0.0,181315.968465,,,,,,,0,robot_not_discovered
2026-08-18T02:51:43.598+00:00,1787021503.5987306,181315.9733771,28.074154799978714,sent,2,770,29,18,0.0,0.0,181315.973096,181315.9732077,,,,,0,1,
2026-08-18T02:51:43.598+00:00,1787021503.5987306,181315.9738004,28.074578100000508,sent,3,771,25,22,0.0,0.0,181315.9736674,181315.9737233,,,,,0,1,
2026-08-18T02:51:43.598+00:00,1787021503.5987306,181315.9738293,28.074606999987736,send_error,10,772,0,0,0.0,0.0,181315.9738255,,,,,,,0,robot_not_discovered
2026-08-18T02:51:43.741+00:00,1787021503.741447,181316.1187585,28.219536199991126,send_error,1,773,0,0,0.0,0.0,181316.1187485,,,,,,,0,robot_not_discovered
2026-08-18T02:51:43.748+00:00,1787021503.7482443,181316.1236198,28.22439749998739,sent,2,774,30,18,0.0,0.0,181316.1232663,181316.1234374,,,,,0,1,
2026-08-18T02:51:43.749+00:00,1787021503.749246,181316.1245867,28.225364399986574,sent,3,775,24,23,0.0,0.0,181316.1243996,181316.124503,,,,,0,1,
2026-08-18T02:51:43.749+00:00,1787021503.749246,181316.1246215,28.225399199989624,send_error,10,776,0,0,0.0,0.0,181316.124618,,,,,,,0,robot_not_discovered
2026-08-18T02:51:43.938+00:00,1787021503.938558,181316.3136146,28.414392299979227,send_error,1,777,0,0,0.0,0.0,181316.3135773,,,,,,,0,robot_not_discovered
2026-08-18T02:51:43.946+00:00,1787021503.9469452,181316.3216921,28.422469799988903,sent,2,778,29,18,0.0,0.0,181316.3212346,181316.3214297,,,,,0,1,
2026-08-18T02:51:43.946+00:00,1787021503.9469452,181316.3230822,28.423859899980016,sent,3,779,23,24,0.0,0.0,181316.3226545,181316.3228126,,,,,0,1,
2026-08-18T02:51:43.946+00:00,1787021503.9469452,181316.3231795,28.42395719999331,send_error,10,780,0,0,0.0,0.0,181316.3231691,,,,,,,0,robot_not_discovered
2026-08-18T02:51:44.083+00:00,1787021504.0830197,181316.4578745,28.558652199979406,send_error,1,781,0,0,0.0,0.0,181316.457865,,,,,,,0,robot_not_discovered
2026-08-18T02:51:44.088+00:00,1787021504.0885017,181316.4636689,28.56444659997942,sent,2,782,25,22,0.0,0.0,181316.463273,181316.4634566,,,,,0,1,
2026-08-18T02:51:44.089+00:00,1787021504.0896268,181316.4647264,28.56550409999909,sent,3,783,22,25,0.0,0.0,181316.464326,181316.4644588,,,,,0,1,
2026-08-18T02:51:44.089+00:00,1787021504.0896268,181316.4647749,28.565552599990042,send_error,10,784,0,0,0.0,0.0,181316.4647723,,,,,,,0,robot_not_discovered
2026-08-18T02:51:44.229+00:00,1787021504.2299685,181316.6050026,28.705780299991602,send_error,1,785,0,0,0.0,0.0,181316.6049894,,,,,,,0,robot_not_discovered
2026-08-18T02:51:44.236+00:00,1787021504.236965,181316.6114206,28.71219829999609,sent,2,786,26,21,0.0,0.0,181316.6111076,181316.6112247,,,,,0,1,
2026-08-18T02:51:44.236+00:00,1787021504.236965,181316.6122702,28.713047900004312,sent,3,787,19,28,0.0,0.0,181316.6119924,181316.612114,,,,,0,1,
2026-08-18T02:51:44.236+00:00,1787021504.236965,181316.6123117,28.71308940000017,send_error,10,788,0,0,0.0,0.0,181316.612308,,,,,,,0,robot_not_discovered
2026-08-18T02:51:44.380+00:00,1787021504.3809805,181316.7559414,28.85671910000383,send_error,1,789,0,0,0.0,0.0,181316.755931,,,,,,,0,robot_not_discovered
2026-08-18T02:51:44.384+00:00,1787021504.3849752,181316.7597002,28.860477899987018,sent,2,790,23,24,0.0,0.0,181316.7594966,181316.7595922,,,,,0,1,
2026-08-18T02:51:44.386+00:00,1787021504.3863616,181316.761486,28.86226369999349,sent,3,791,18,29,0.0,0.0,181316.7610471,181316.7612814,,,,,0,1,
2026-08-18T02:51:44.386+00:00,1787021504.3863616,181316.7615391,28.862316799990367,send_error,10,792,0,0,0.0,0.0,181316.7615361,,,,,,,0,robot_not_discovered
2026-08-18T02:51:44.520+00:00,1787021504.5207436,181316.8956801,28.99645779997809,send_error,1,793,0,0,0.0,0.0,181316.8956705,,,,,,,0,robot_not_discovered
2026-08-18T02:51:44.524+00:00,1787021504.5247443,181316.8996608,29.000438499992015,sent,2,794,21,26,0.0,0.0,181316.8989841,181316.8991786,,,,,0,1,
2026-08-18T02:51:44.525+00:00,1787021504.5254881,181316.9008453,29.001622999989195,sent,3,795,18,31,0.0,0.0,181316.9005403,181316.9007065,,,,,0,1,
2026-08-18T02:51:44.525+00:00,1787021504.5254881,181316.9009129,29.001690599980066,send_error,10,796,0,0,0.0,0.0,181316.9008933,,,,,,,0,robot_not_discovered
2026-08-18T02:51:44.668+00:00,1787021504.6682248,181317.0428087,29.143586399994092,send_error,1,797,0,0,0.0,0.0,181317.042799,,,,,,,0,robot_not_discovered
2026-08-18T02:51:44.674+00:00,1787021504.6746318,181317.0491485,29.149926199985202,sent,2,798,19,28,0.0,0.0,181317.0488512,181317.0489685,,,,,0,1,
2026-08-18T02:51:44.674+00:00,1787021504.6746318,181317.0498804,29.15065809999942,sent,3,799,18,29,0.0,0.0,181317.0496653,181317.0497655,,,,,0,1,
2026-08-18T02:51:44.674+00:00,1787021504.6746318,181317.0499214,29.15069909999147,send_error,10,800,0,0,0.0,0.0,181317.0499176,,,,,,,0,robot_not_discovered
2026-08-18T02:51:44.814+00:00,1787021504.814613,181317.1893604,29.29013809998287,send_error,1,801,0,0,0.0,0.0,181317.1893495,,,,,,,0,robot_not_discovered
2026-08-18T02:51:44.820+00:00,1787021504.8204396,181317.1955216,29.29629929998191,sent,2,802,18,29,0.0,0.0,181317.195297,181317.1953812,,,,,0,1,
2026-08-18T02:51:44.821+00:00,1787021504.8214428,181317.1960003,29.29677799998899,sent,3,803,18,30,0.0,0.0,181317.1958311,181317.195918,,,,,0,1,
2026-08-18T02:51:44.821+00:00,1787021504.8214428,181317.1960359,29.29681359999813,send_error,10,804,0,0,0.0,0.0,181317.1960328,,,,,,,0,robot_not_discovered
2026-08-18T02:51:44.955+00:00,1787021504.9553285,181317.3300183,29.430796000000555,send_error,1,805,0,0,0.0,0.0,181317.3299688,,,,,,,0,robot_not_discovered
2026-08-18T02:51:44.959+00:00,1787021504.959057,181317.3340249,29.434802599978866,sent,2,806,20,27,0.0,0.0,181317.3337701,181317.3338571,,,,,0,1,
2026-08-18T02:51:44.960+00:00,1787021504.9600515,181317.3345362,29.435313900001347,sent,3,807,18,32,0.0,0.0,181317.3343633,181317.3344354,,,,,0,1,
2026-08-18T02:51:44.960+00:00,1787021504.9600515,181317.3345708,29.435348500002874,send_error,10,808,0,0,0.0,0.0,181317.3345681,,,,,,,0,robot_not_discovered
2026-08-18T02:51:45.093+00:00,1787021505.0935178,181317.4685756,29.56935330000124,send_error,1,809,0,0,0.0,0.0,181317.4685628,,,,,,,0,robot_not_discovered
2026-08-18T02:51:45.098+00:00,1787021505.0984187,181317.4732546,29.57403229997726,sent,2,810,18,29,0.0,0.0,181317.4729813,181317.4729997,,,,,0,1,
2026-08-18T02:51:45.098+00:00,1787021505.0984187,181317.4737779,29.574555600003805,sent,3,811,18,30,0.0,0.0,181317.4735984,181317.4736856,,,,,0,1,
2026-08-18T02:51:45.099+00:00,1787021505.0994189,181317.4738096,29.57458729998325,send_error,10,812,0,0,0.0,0.0,181317.473807,,,,,,,0,robot_not_discovered
2026-08-18T02:51:45.228+00:00,1787021505.2287343,181317.603421,29.704198699997505,send_error,1,813,0,0,0.0,0.0,181317.6034109,,,,,,,0,robot_not_discovered
2026-08-18T02:51:45.231+00:00,1787021505.231739,181317.6070942,29.70787189999828,sent,2,814,19,28,0.0,0.0,181317.6068565,181317.6068755,,,,,0,1,
2026-08-18T02:51:45.233+00:00,1787021505.2336993,181317.6090327,29.709810400003335,sent,3,815,18,30,0.0,0.0,181317.6086289,181317.6088143,,,,,0,1,
2026-08-18T02:51:45.233+00:00,1787021505.2336993,181317.6090754,29.709853099979227,send_error,10,816,0,0,0.0,0.0,181317.6090713,,,,,,,0,robot_not_discovered
2026-08-18T02:51:45.377+00:00,1787021505.377553,181317.7526114,29.853389099997003,send_error,1,817,0,0,0.0,0.0,181317.7526007,,,,,,,0,robot_not_discovered
2026-08-18T02:51:45.383+00:00,1787021505.3831096,181317.757919,29.858696699986467,sent,2,818,18,33,0.0,0.0,181317.7575677,181317.7577166,,,,,0,1,
2026-08-18T02:51:45.383+00:00,1787021505.3831096,181317.7584184,29.859196099976543,sent,3,819,-22,38,0.0,0.0,181317.7582723,181317.7583439,,,,,0,1,
2026-08-18T02:51:45.383+00:00,1787021505.3831096,181317.758449,29.859226699976716,send_error,10,820,0,0,0.0,0.0,181317.7584466,,,,,,,0,robot_not_discovered
2026-08-18T02:51:45.516+00:00,1787021505.5161293,181317.8913836,29.992161300004227,send_error,1,821,0,0,0.0,0.0,181317.8913736,,,,,,,0,robot_not_discovered
2026-08-18T02:51:45.521+00:00,1787021505.5218525,181317.8965471,29.99732480000239,sent,2,822,-22,38,0.0,0.0,181317.8963039,181317.896412,,,,,0,1,
2026-08-18T02:51:45.521+00:00,1787021505.5218525,181317.8972194,29.99799709999934,sent,3,823,-26,42,0.0,0.0,181317.8970335,181317.8971128,,,,,0,1,
2026-08-18T02:51:45.522+00:00,1787021505.522851,181317.8972471,29.99802479997743,send_error,10,824,0,0,0.0,0.0,181317.8972445,,,,,,,0,robot_not_discovered
2026-08-18T02:51:45.670+00:00,1787021505.6705477,181318.0451619,30.14593959998456,send_error,1,825,0,0,0.0,0.0,181318.0451326,,,,,,,0,robot_not_discovered
2026-08-18T02:51:45.675+00:00,1787021505.675325,181318.0505876,30.15136530000018,sent,2,826,-22,38,0.0,0.0,181318.0502793,181318.05039,,,,,0,1,
2026-08-18T02:51:45.676+00:00,1787021505.6763234,181318.0511576,30.15193530000397,sent,3,827,-35,35,0.0,0.0,181318.0509706,181318.051051,,,,,0,1,
2026-08-18T02:51:45.676+00:00,1787021505.6763234,181318.0511944,30.151972099993145,send_error,10,828,0,0,0.0,0.0,181318.0511916,,,,,,,0,robot_not_discovered
2026-08-18T02:51:45.807+00:00,1787021505.8078122,181318.1831273,30.283904999989318,send_error,1,829,0,0,0.0,0.0,181318.1831153,,,,,,,0,robot_not_discovered
2026-08-18T02:51:45.813+00:00,1787021505.813567,181318.1885576,30.289335299981758,sent,2,830,-22,38,0.0,0.0,181318.1883315,181318.1883516,,,,,0,1,
2026-08-18T02:51:45.814+00:00,1787021505.8145626,181318.1890964,30.289874099980807,sent,3,831,-35,35,0.0,0.0,181318.1889009,181318.1889792,,,,,0,1,
2026-08-18T02:51:45.814+00:00,1787021505.8145626,181318.189133,30.289910699997563,send_error,10,832,0,0,0.0,0.0,181318.1891304,,,,,,,0,robot_not_discovered
2026-08-18T02:51:45.957+00:00,1787021505.957629,181318.3326276,30.433405299991136,send_error,1,833,0,0,0.0,0.0,181318.3326167,,,,,,,0,robot_not_discovered
2026-08-18T02:51:45.963+00:00,1787021505.9636297,181318.3380856,30.43886329999077,sent,2,834,-27,43,0.0,0.0,181318.3377625,181318.3378634,,,,,0,1,
2026-08-18T02:51:45.964+00:00,1787021505.9645934,181318.3393166,30.44009429999278,sent,3,835,-27,43,0.0,0.0,181318.3391281,181318.3392183,,,,,0,1,
2026-08-18T02:51:45.964+00:00,1787021505.9645934,181318.3393487,30.440126400004374,send_error,10,836,0,0,0.0,0.0,181318.3393462,,,,,,,0,robot_not_discovered
2026-08-18T02:51:46.093+00:00,1787021506.0941525,181318.4685193,30.569296999979997,send_error,1,837,0,0,0.0,0.0,181318.468471,,,,,,,0,robot_not_discovered
2026-08-18T02:51:46.098+00:00,1787021506.0986676,181318.4731061,30.57388379998156,sent,2,838,-22,38,0.0,0.0,181318.4728027,181318.472907,,,,,0,1,
2026-08-18T02:51:46.098+00:00,1787021506.0986676,181318.473582,30.57435969999642,sent,3,839,-27,43,0.0,0.0,181318.4734457,181318.473516,,,,,0,1,
2026-08-18T02:51:46.098+00:00,1787021506.0986676,181318.4736088,30.574386499996763,send_error,10,840,0,0,0.0,0.0,181318.4736065,,,,,,,0,robot_not_discovered
2026-08-18T02:51:46.239+00:00,1787021506.2398396,181318.6142176,30.714995299989823,send_error,1,841,0,0,0.0,0.0,181318.6142023,,,,,,,0,robot_not_discovered
2026-08-18T02:51:46.243+00:00,1787021506.2434576,181318.6185532,30.719330899999477,sent,2,842,-22,38,0.0,0.0,181318.6182848,181318.6183844,,,,,0,1,
2026-08-18T02:51:46.244+00:00,1787021506.2444587,181318.6190592,30.7198368999816,sent,3,843,-22,38,0.0,0.0,181318.6189134,181318.6189717,,,,,0,1,
2026-08-18T02:51:46.244+00:00,1787021506.2444587,181318.6190883,30.719865999999456,send_error,10,844,0,0,0.0,0.0,181318.6190851,,,,,,,0,robot_not_discovered
2026-08-18T02:51:46.388+00:00,1787021506.388852,181318.7635012,30.8642789000005,send_error,1,845,0,0,0.0,0.0,181318.7634773,,,,,,,0,robot_not_discovered
2026-08-18T02:51:46.392+00:00,1787021506.39268,181318.7675403,30.86831799999345,sent,2,846,-22,38,0.0,0.0,181318.7668109,181318.7669641,,,,,0,1,
2026-08-18T02:51:46.393+00:00,1787021506.3933892,181318.7685975,30.869375199981732,sent,3,847,-22,38,0.0,0.0,181318.7683614,181318.7684749,,,,,0,1,
2026-08-18T02:51:46.393+00:00,1787021506.3933892,181318.7686312,30.869408899976406,send_error,10,848,0,0,0.0,0.0,181318.7686285,,,,,,,0,robot_not_discovered
2026-08-18T02:51:46.524+00:00,1787021506.524114,181318.898661,30.999438700004248,send_error,1,849,0,0,0.0,0.0,181318.8986476,,,,,,,0,robot_not_discovered
2026-08-18T02:51:46.528+00:00,1787021506.528272,181318.9035778,31.00435549998656,sent,2,850,-22,38,0.0,0.0,181318.9033692,181318.9034504,,,,,0,1,
2026-08-18T02:51:46.529+00:00,1787021506.529262,181318.9040621,31.004839799978072,sent,3,851,-22,38,0.0,0.0,181318.9039093,181318.9039881,,,,,0,1,
2026-08-18T02:51:46.529+00:00,1787021506.529262,181318.9040907,31.00486839999212,send_error,10,852,0,0,0.0,0.0,181318.9040884,,,,,,,0,robot_not_discovered
2026-08-18T02:51:46.666+00:00,1787021506.6669033,181319.0416673,31.142445000004955,send_error,1,853,0,0,0.0,0.0,181319.0416563,,,,,,,0,robot_not_discovered
2026-08-18T02:51:46.670+00:00,1787021506.6709948,181319.0461511,31.146928799978923,sent,2,854,28,19,0.0,0.0,181319.0456482,181319.0458111,,,,,0,1,
2026-08-18T02:51:46.672+00:00,1787021506.672131,181319.046766,31.147543700004462,sent,3,855,38,-22,0.0,0.0,181319.0465774,181319.0466674,,,,,0,1,
2026-08-18T02:51:46.672+00:00,1787021506.672131,181319.0468027,31.147580399992876,send_error,10,856,0,0,0.0,0.0,181319.0467998,,,,,,,0,robot_not_discovered
2026-08-18T02:51:46.810+00:00,1787021506.8105345,181319.1852568,31.286034499993548,send_error,1,857,0,0,0.0,0.0,181319.1852418,,,,,,,0,robot_not_discovered
2026-08-18T02:51:46.814+00:00,1787021506.814536,181319.1896755,31.29045319999568,sent,2,858,20,27,0.0,0.0,181319.1893599,181319.1895788,,,,,0,1,
2026-08-18T02:51:46.815+00:00,1787021506.8155427,181319.1905023,31.291280000004917,sent,3,859,-26,42,0.0,0.0,181319.190096,181319.1903615,,,,,0,1,
2026-08-18T02:51:46.815+00:00,1787021506.8155427,181319.1905491,31.291326799982926,send_error,10,860,0,0,0.0,0.0,181319.1905464,,,,,,,0,robot_not_discovered
2026-08-18T02:51:46.952+00:00,1787021506.9521227,181319.3271882,31.427965899987612,send_error,1,861,0,0,0.0,0.0,181319.3271784,,,,,,,0,robot_not_discovered
2026-08-18T02:51:46.957+00:00,1787021506.9576552,181319.3324144,31.43319209999754,sent,2,862,46,1,0.0,0.0,181319.3321767,181319.3322731,,,,,0,1,
2026-08-18T02:51:46.957+00:00,1787021506.9576552,181319.3329758,31.433753499994054,sent,3,863,54,-18,0.0,0.0,181319.3327559,181319.3328268,,,,,0,1,
2026-08-18T02:51:46.957+00:00,1787021506.9576552,181319.333009,31.43378669998492,send_error,10,864,0,0,0.0,0.0,181319.3330065,,,,,,,0,robot_not_discovered
2026-08-18T02:51:47.095+00:00,1787021507.0959053,181319.4707117,31.571489399997517,send_error,1,865,0,0,0.0,0.0,181319.4706905,,,,,,,0,robot_not_discovered
2026-08-18T02:51:47.100+00:00,1787021507.1007862,181319.4756442,31.57642189998296,sent,2,866,38,-22,0.0,0.0,181319.4749371,181319.4751208,,,,,0,1,
2026-08-18T02:51:47.101+00:00,1787021507.1013596,181319.476793,31.57757069999934,sent,3,867,48,0,0.0,0.0,181319.4765218,181319.4766706,,,,,0,1,
2026-08-18T02:51:47.101+00:00,1787021507.1013596,181319.4768227,31.57760039999266,send_error,10,868,0,0,0.0,0.0,181319.4768198,,,,,,,0,robot_not_discovered
2026-08-18T02:51:47.238+00:00,1787021507.2385662,181319.6129987,31.71377639999264,send_error,1,869,0,0,0.0,0.0,181319.612989,,,,,,,0,robot_not_discovered
2026-08-18T02:51:47.240+00:00,1787021507.2408729,181319.619074,31.71985169997788,sent,2,870,38,-22,0.0,0.0,181319.6187986,181319.6188995,,,,,0,1,
2026-08-18T02:51:47.240+00:00,1787021507.2408729,181319.6196546,31.720432300004177,sent,3,871,38,-22,0.0,0.0,181319.6195111,181319.6195832,,,,,0,1,
2026-08-18T02:51:47.240+00:00,1787021507.2408729,181319.6196852,31.72046290000435,send_error,10,872,0,0,0.0,0.0,181319.6196827,,,,,,,0,robot_not_discovered
2026-08-18T02:51:47.382+00:00,1787021507.3823369,181319.7576315,31.858409199980088,send_error,1,873,0,0,0.0,0.0,181319.7576212,,,,,,,0,robot_not_discovered
2026-08-18T02:51:47.388+00:00,1787021507.3887157,181319.7636995,31.864477199997054,sent,2,874,38,-22,0.0,0.0,181319.7630166,181319.7632394,,,,,0,1,
2026-08-18T02:51:47.389+00:00,1787021507.389728,181319.7648523,31.865629999985686,sent,3,875,38,-22,0.0,0.0,181319.7644529,181319.7645849,,,,,0,1,
2026-08-18T02:51:47.389+00:00,1787021507.389728,181319.7649163,31.865693999978248,send_error,10,876,0,0,0.0,0.0,181319.7649138,,,,,,,0,robot_not_discovered
2026-08-18T02:51:47.535+00:00,1787021507.5354435,181319.9097941,32.010571799997706,send_error,1,877,0,0,0.0,0.0,181319.9097791,,,,,,,0,robot_not_discovered
2026-08-18T02:51:47.540+00:00,1787021507.5402625,181319.9148532,32.01563089998672,sent,2,878,38,-22,0.0,0.0,181319.9145292,181319.914688,,,,,0,1,
2026-08-18T02:51:47.541+00:00,1787021507.5412583,181319.9156303,32.01640799999586,sent,3,879,38,-22,0.0,0.0,181319.9153952,181319.9155481,,,,,0,1,
2026-08-18T02:51:47.541+00:00,1787021507.5412583,181319.9156613,32.01643899999908,send_error,10,880,0,0,0.0,0.0,181319.9156583,,,,,,,0,robot_not_discovered
2026-08-18T02:51:47.693+00:00,1787021507.6934228,181320.0685825,32.16936020000139,send_error,1,881,0,0,0.0,0.0,181320.0685731,,,,,,,0,robot_not_discovered
2026-08-18T02:51:47.697+00:00,1787021507.6979232,181320.0728713,32.173649000003934,sent,2,882,38,-22,0.0,0.0,181320.0722363,181320.0723892,,,,,0,1,
2026-08-18T02:51:47.699+00:00,1787021507.6990862,181320.0736724,32.1744500999921,sent,3,883,38,-22,0.0,0.0,181320.073416,181320.0735126,,,,,0,1,
2026-08-18T02:51:47.699+00:00,1787021507.6990862,181320.0737084,32.17448610000429,send_error,10,884,0,0,0.0,0.0,181320.0737057,,,,,,,0,robot_not_discovered
2026-08-18T02:51:47.837+00:00,1787021507.8375692,181320.2126011,32.313378799997736,send_error,1,885,0,0,0.0,0.0,181320.2125915,,,,,,,0,robot_not_discovered
2026-08-18T02:51:47.841+00:00,1787021507.8415873,181320.2163569,32.317134599987185,sent,2,886,38,-22,0.0,0.0,181320.2160809,181320.2161738,,,,,0,1,
2026-08-18T02:51:47.841+00:00,1787021507.8415873,181320.2168515,32.31762919999892,sent,3,887,38,-22,0.0,0.0,181320.2167076,181320.2167726,,,,,0,1,
2026-08-18T02:51:47.841+00:00,1787021507.8415873,181320.2168768,32.31765449998784,send_error,10,888,0,0,0.0,0.0,181320.2168744,,,,,,,0,robot_not_discovered
2026-08-18T02:51:47.987+00:00,1787021507.9872603,181320.3617039,32.46248159999959,send_error,1,889,0,0,0.0,0.0,181320.3616945,,,,,,,0,robot_not_discovered
2026-08-18T02:51:47.991+00:00,1787021507.9910522,181320.3678245,32.46860219998052,sent,2,890,38,-22,0.0,0.0,181320.3674625,181320.3676252,,,,,0,1,
2026-08-18T02:51:47.991+00:00,1787021507.9910522,181320.3685504,32.469328099978156,sent,3,891,-22,38,0.0,0.0,181320.3683791,181320.3684575,,,,,0,1,
2026-08-18T02:51:47.991+00:00,1787021507.9910522,181320.3685864,32.469364099990344,send_error,10,892,0,0,0.0,0.0,181320.3685838,,,,,,,0,robot_not_discovered
2026-08-18T02:51:48.126+00:00,1787021508.1267614,181320.5015211,32.60229879998951,send_error,1,893,0,0,0.0,0.0,181320.5015109,,,,,,,0,robot_not_discovered
2026-08-18T02:51:48.131+00:00,1787021508.1311696,181320.5062312,32.60700889999862,sent,2,894,38,-22,0.0,0.0,181320.5059875,181320.5060696,,,,,0,1,
2026-08-18T02:51:48.132+00:00,1787021508.132158,181320.5067322,32.60750990000088,sent,3,895,20,27,0.0,0.0,181320.5065882,181320.5066616,,,,,0,1,
2026-08-18T02:51:48.132+00:00,1787021508.132158,181320.5067608,32.60753849998582,send_error,10,896,0,0,0.0,0.0,181320.5067585,,,,,,,0,robot_not_discovered
2026-08-18T02:51:48.267+00:00,1787021508.2676115,181320.6428993,32.743676999991294,send_error,1,897,0,0,0.0,0.0,181320.6428878,,,,,,,0,robot_not_discovered
2026-08-18T02:51:48.271+00:00,1787021508.2717593,181320.646666,32.74744369997643,sent,2,898,21,26,0.0,0.0,181320.6464225,181320.6464955,,,,,0,1,
2026-08-18T02:51:48.272+00:00,1787021508.2727664,181320.6471497,32.74792739999248,sent,3,899,18,30,0.0,0.0,181320.6469716,181320.6470573,,,,,0,1,
2026-08-18T02:51:48.272+00:00,1787021508.2727664,181320.6471802,32.74795789999189,send_error,10,900,0,0,0.0,0.0,181320.6471776,,,,,,,0,robot_not_discovered
2026-08-18T02:51:48.405+00:00,1787021508.40591,181320.7805453,32.8813229999796,send_error,1,901,0,0,0.0,0.0,181320.7805277,,,,,,,0,robot_not_discovered
2026-08-18T02:51:48.407+00:00,1787021508.4072356,181320.7854,32.88617769998382,sent,2,902,18,29,0.0,0.0,181320.7850935,181320.7851968,,,,,0,1,
2026-08-18T02:51:48.407+00:00,1787021508.4072356,181320.7862163,32.88699400000041,sent,3,903,23,24,0.0,0.0,181320.7859898,181320.7861291,,,,,0,1,
2026-08-18T02:51:48.407+00:00,1787021508.4072356,181320.7862515,32.887029199977405,send_error,10,904,0,0,0.0,0.0,181320.786249,,,,,,,0,robot_not_discovered
2026-08-18T02:51:48.555+00:00,1787021508.555377,181320.9299645,33.03074220000417,send_error,1,905,0,0,0.0,0.0,181320.9299552,,,,,,,0,robot_not_discovered
2026-08-18T02:51:48.559+00:00,1787021508.5596013,181320.9345869,33.03536459998577,sent,2,906,18,29,0.0,0.0,181320.9341334,181320.9343133,,,,,0,1,
2026-08-18T02:51:48.560+00:00,1787021508.560815,181320.9354393,33.03621699998621,sent,3,907,23,24,0.0,0.0,181320.9350914,181320.9352316,,,,,0,1,
2026-08-18T02:51:48.560+00:00,1787021508.560815,181320.9354864,33.036264099995606,send_error,10,908,0,0,0.0,0.0,181320.9354841,,,,,,,0,robot_not_discovered
2026-08-18T02:51:48.706+00:00,1787021508.7067146,181321.0813889,33.182166599988705,send_error,1,909,0,0,0.0,0.0,181321.081379,,,,,,,0,robot_not_discovered
2026-08-18T02:51:48.710+00:00,1787021508.710708,181321.085135,33.185912699991604,sent,2,910,18,33,0.0,0.0,181321.0848223,181321.0849244,,,,,0,1,
2026-08-18T02:51:48.710+00:00,1787021508.710708,181321.0856519,33.18642959999852,sent,3,911,25,22,0.0,0.0,181321.0854764,181321.0855453,,,,,0,1,
2026-08-18T02:51:48.710+00:00,1787021508.710708,181321.0856789,33.18645660000038,send_error,10,912,0,0,0.0,0.0,181321.0856766,,,,,,,0,robot_not_discovered
2026-08-18T02:51:48.846+00:00,1787021508.8461852,181321.2208626,33.32164029998239,send_error,1,913,0,0,0.0,0.0,181321.220853,,,,,,,0,robot_not_discovered
2026-08-18T02:51:48.849+00:00,1787021508.8497963,181321.2247223,33.32549999997718,sent,2,914,18,29,0.0,0.0,181321.2245077,181321.2246036,,,,,0,1,
2026-08-18T02:51:48.851+00:00,1787021508.8517814,181321.2267425,33.32752019999316,sent,3,915,30,18,0.0,0.0,181321.2264664,181321.2266028,,,,,0,1,
2026-08-18T02:51:48.851+00:00,1787021508.8517814,181321.2267806,33.32755829999223,send_error,10,916,0,0,0.0,0.0,181321.2267767,,,,,,,0,robot_not_discovered
2026-08-18T02:51:48.986+00:00,1787021508.986909,181321.3616624,33.46244010000373,send_error,1,917,0,0,0.0,0.0,181321.3616406,,,,,,,0,robot_not_discovered
2026-08-18T02:51:48.990+00:00,1787021508.990811,181321.3698156,33.470593299978646,sent,2,918,19,28,0.0,0.0,181321.3694999,181321.3696207,,,,,0,1,
2026-08-18T02:51:48.990+00:00,1787021508.990811,181321.3705248,33.471302499994636,sent,3,919,29,18,0.0,0.0,181321.3702872,181321.3704064,,,,,0,1,
2026-08-18T02:51:48.990+00:00,1787021508.990811,181321.3705847,33.47136239998508,send_error,10,920,0,0,0.0,0.0,181321.3705817,,,,,,,0,robot_not_discovered
2026-08-18T02:51:49.129+00:00,1787021509.1290147,181321.503863,33.604640699981246,send_error,1,921,0,0,0.0,0.0,181321.5038333,,,,,,,0,robot_not_discovered
2026-08-18T02:51:49.134+00:00,1787021509.1341789,181321.5085635,33.609341200004565,sent,2,922,20,27,0.0,0.0,181321.508266,181321.5083744,,,,,0,1,
2026-08-18T02:51:49.134+00:00,1787021509.1341789,181321.5090946,33.60987230000319,sent,3,923,28,19,0.0,0.0,181321.5089369,181321.5089982,,,,,0,1,
2026-08-18T02:51:49.134+00:00,1787021509.1341789,181321.509121,33.609898700000485,send_error,10,924,0,0,0.0,0.0,181321.5091186,,,,,,,0,robot_not_discovered
2026-08-18T02:51:49.269+00:00,1787021509.2695284,181321.6444323,33.745209999993676,send_error,1,925,0,0,0.0,0.0,181321.6444212,,,,,,,0,robot_not_discovered
2026-08-18T02:51:49.273+00:00,1787021509.2730052,181321.6479043,33.74868200000492,sent,2,926,19,28,0.0,0.0,181321.6476603,181321.6477363,,,,,0,1,
2026-08-18T02:51:49.274+00:00,1787021509.2746513,181321.6493988,33.75017649997608,sent,3,927,27,20,0.0,0.0,181321.6489239,181321.649093,,,,,0,1,
2026-08-18T02:51:49.274+00:00,1787021509.2746513,181321.6494735,33.75025119999191,send_error,10,928,0,0,0.0,0.0,181321.6494709,,,,,,,0,robot_not_discovered
2026-08-18T02:51:49.407+00:00,1787021509.4077804,181321.7826225,33.88340019999305,send_error,1,929,0,0,0.0,0.0,181321.7826106,,,,,,,0,robot_not_discovered
2026-08-18T02:51:49.411+00:00,1787021509.411759,181321.7869023,33.88767999998527,sent,2,930,20,27,0.0,0.0,181321.7867006,181321.7868072,,,,,0,1,
2026-08-18T02:51:49.413+00:00,1787021509.4133418,181321.7881153,33.88889299999573,sent,3,931,27,20,0.0,0.0,181321.7878188,181321.7879692,,,,,0,1,
2026-08-18T02:51:49.413+00:00,1787021509.4133418,181321.7881673,33.88894499998423,send_error,10,932,0,0,0.0,0.0,181321.7881644,,,,,,,0,robot_not_discovered
2026-08-18T02:51:49.545+00:00,1787021509.545334,181321.9198167,34.020594400004484,send_error,1,933,0,0,0.0,0.0,181321.9197566,,,,,,,0,robot_not_discovered
2026-08-18T02:51:49.552+00:00,1787021509.552335,181321.9266672,34.0274448999844,sent,2,934,20,27,0.0,0.0,181321.9258914,181321.9261478,,,,,0,1,
2026-08-18T02:51:49.553+00:00,1787021509.5533435,181321.9279227,34.02870039999834,sent,3,935,26,21,0.0,0.0,181321.9275018,181321.9277683,,,,,0,1,
2026-08-18T02:51:49.553+00:00,1787021509.5533435,181321.9279999,34.028777600004105,send_error,10,936,0,0,0.0,0.0,181321.9279957,,,,,,,0,robot_not_discovered
2026-08-18T02:51:49.695+00:00,1787021509.695612,181322.0707904,34.17156809999142,send_error,1,937,0,0,0.0,0.0,181322.0707798,,,,,,,0,robot_not_discovered
2026-08-18T02:51:49.702+00:00,1787021509.7021692,181322.0770777,34.17785539999022,sent,2,938,20,27,0.0,0.0,181322.076711,181322.0768883,,,,,0,1,
2026-08-18T02:51:49.703+00:00,1787021509.7031686,181322.0779791,34.17875679998542,sent,3,939,24,23,0.0,0.0,181322.0777581,181322.0778415,,,,,0,1,
2026-08-18T02:51:49.703+00:00,1787021509.7031686,181322.0780243,34.17880199998035,send_error,10,940,0,0,0.0,0.0,181322.0780205,,,,,,,0,robot_not_discovered
2026-08-18T02:51:49.852+00:00,1787021509.8522723,181322.2269037,34.327681399998255,send_error,1,941,0,0,0.0,0.0,181322.2268882,,,,,,,0,robot_not_discovered
2026-08-18T02:51:49.856+00:00,1787021509.8562536,181322.2311717,34.331949399987934,sent,2,942,18,35,0.0,0.0,181322.2309599,181322.2310761,,,,,0,1,
2026-08-18T02:51:49.857+00:00,1787021509.8578658,181322.2325708,34.33334849998937,sent,3,943,18,38,0.0,0.0,181322.2322877,181322.232442,,,,,0,1,
2026-08-18T02:51:49.857+00:00,1787021509.8578658,181322.2326045,34.333382199984044,send_error,10,944,0,0,0.0,0.0,181322.232602,,,,,,,0,robot_not_discovered
2026-08-18T02:51:49.990+00:00,1787021509.9905837,181322.3651189,34.46589659998426,send_error,1,945,0,0,0.0,0.0,181322.3651083,,,,,,,0,robot_not_discovered
2026-08-18T02:51:49.994+00:00,1787021509.9940841,181322.3690253,34.469802999985404,sent,2,946,-22,38,0.0,0.0,181322.3687772,181322.368854,,,,,0,1,
2026-08-18T02:51:49.995+00:00,1787021509.995164,181322.3695001,34.47027779999189,sent,3,947,18,41,0.0,0.0,181322.3693207,181322.3694168,,,,,0,1,
2026-08-18T02:51:49.995+00:00,1787021509.995164,181322.3695267,34.47030439999071,send_error,10,948,0,0,0.0,0.0,181322.3695244,,,,,,,0,robot_not_discovered
2026-08-18T02:51:50.137+00:00,1787021510.1372092,181322.5119048,34.61268249998102,send_error,1,949,0,0,0.0,0.0,181322.5118956,,,,,,,0,robot_not_discovered
2026-08-18T02:51:50.141+00:00,1787021510.141216,181322.5159979,34.6167755999777,sent,2,950,-27,43,0.0,0.0,181322.5157688,181322.5158294,,,,,0,1,
2026-08-18T02:51:50.143+00:00,1787021510.143698,181322.5182814,34.61905909999041,sent,3,951,-27,43,0.0,0.0,181322.5176693,181322.5177985,,,,,0,1,
2026-08-18T02:51:50.143+00:00,1787021510.143698,181322.5183253,34.61910300000454,send_error,10,952,0,0,0.0,0.0,181322.5183212,,,,,,,0,robot_not_discovered
2026-08-18T02:51:50.274+00:00,1787021510.2746804,181322.6501142,34.75089189998107,send_error,1,953,0,0,0.0,0.0,181322.6501042,,,,,,,0,robot_not_discovered
2026-08-18T02:51:50.279+00:00,1787021510.2794156,181322.6543488,34.75512649997836,sent,2,954,-22,38,0.0,0.0,181322.6541794,181322.6542485,,,,,0,1,
2026-08-18T02:51:50.280+00:00,1787021510.2804208,181322.6548744,34.75565209999331,sent,3,955,-22,38,0.0,0.0,181322.6546981,181322.6547909,,,,,0,1,
2026-08-18T02:51:50.280+00:00,1787021510.2804208,181322.6549066,34.755684299976565,send_error,10,956,0,0,0.0,0.0,181322.6549041,,,,,,,0,robot_not_discovered
2026-08-18T02:51:50.411+00:00,1787021510.4111578,181322.7856447,34.88642239998444,send_error,1,957,0,0,0.0,0.0,181322.7856346,,,,,,,0,robot_not_discovered
2026-08-18T02:51:50.416+00:00,1787021510.4163249,181322.7907336,34.89151129999664,sent,2,958,-22,38,0.0,0.0,181322.7904389,181322.790555,,,,,0,1,
2026-08-18T02:51:50.416+00:00,1787021510.4163249,181322.7914512,34.89222889998928,sent,3,959,-22,38,0.0,0.0,181322.791175,181322.7912792,,,,,0,1,
2026-08-18T02:51:50.416+00:00,1787021510.4163249,181322.7914856,34.89226329998928,send_error,10,960,0,0,0.0,0.0,181322.791483,,,,,,,0,robot_not_discovered
2026-08-18T02:51:50.553+00:00,1787021510.553555,181322.9287242,35.029501899989555,send_error,1,961,0,0,0.0,0.0,181322.9287143,,,,,,,0,robot_not_discovered
2026-08-18T02:51:50.557+00:00,1787021510.557469,181322.9321813,35.03295900000376,sent,2,962,-22,38,0.0,0.0,181322.9319374,181322.9320238,,,,,0,1,
2026-08-18T02:51:50.557+00:00,1787021510.557469,181322.9327229,35.03350059999502,sent,3,963,-22,38,0.0,0.0,181322.9324799,181322.9325775,,,,,0,1,
2026-08-18T02:51:50.557+00:00,1787021510.557469,181322.932759,35.03353669997887,send_error,10,964,0,0,0.0,0.0,181322.9327563,,,,,,,0,robot_not_discovered
2026-08-18T02:51:50.702+00:00,1787021510.7028584,181323.0773163,35.1780940000026,send_error,1,965,0,0,0.0,0.0,181323.0773053,,,,,,,0,robot_not_discovered
2026-08-18T02:51:50.706+00:00,1787021510.7068632,181323.0814132,35.182190899999114,sent,2,966,18,18,0.0,0.0,181323.081151,181323.0812379,,,,,0,1,
2026-08-18T02:51:50.706+00:00,1787021510.7068632,181323.0818986,35.182676299999,sent,3,967,-22,38,0.0,0.0,181323.0817459,181323.081816,,,,,0,1,
2026-08-18T02:51:50.706+00:00,1787021510.7068632,181323.0819317,35.18270939998911,send_error,10,968,0,0,0.0,0.0,181323.0819292,,,,,,,0,robot_not_discovered
2026-08-18T02:51:50.844+00:00,1787021510.844786,181323.2197027,35.320480399997905,send_error,1,969,0,0,0.0,0.0,181323.2196935,,,,,,,0,robot_not_discovered
2026-08-18T02:51:50.848+00:00,1787021510.848786,181323.2234443,35.32422199999564,sent,2,970,18,24,0.0,0.0,181323.2232142,181323.2233196,,,,,0,1,
2026-08-18T02:51:50.848+00:00,1787021510.848786,181323.2239639,35.32474159999401,sent,3,971,-22,38,0.0,0.0,181323.2238213,181323.2239026,,,,,0,1,
2026-08-18T02:51:50.848+00:00,1787021510.848786,181323.2239945,35.324772199994186,send_error,10,972,0,0,0.0,0.0,181323.223992,,,,,,,0,robot_not_discovered
2026-08-18T02:51:50.983+00:00,1787021510.98383,181323.3587179,35.459495599992806,send_error,1,973,0,0,0.0,0.0,181323.3587074,,,,,,,0,robot_not_discovered
2026-08-18T02:51:50.987+00:00,1787021510.9878266,181323.3627021,35.46347980000428,sent,2,974,37,32,0.0,0.0,181323.3620096,181323.3624589,,,,,0,1,
2026-08-18T02:51:50.988+00:00,1787021510.9888272,181323.3631923,35.46396999998251,sent,3,975,-22,38,0.0,0.0,181323.3630223,181323.3630996,,,,,0,1,
2026-08-18T02:51:50.988+00:00,1787021510.9888272,181323.3632413,35.46401899997727,send_error,10,976,0,0,0.0,0.0,181323.3632378,,,,,,,0,robot_not_discovered
2026-08-18T02:51:51.131+00:00,1787021511.1314707,181323.5066999,35.60747759998776,send_error,1,977,0,0,0.0,0.0,181323.5066897,,,,,,,0,robot_not_discovered
2026-08-18T02:51:51.136+00:00,1787021511.1364837,181323.5113196,35.612097299977904,sent,2,978,41,28,0.0,0.0,181323.5110757,181323.5111712,,,,,0,1,
2026-08-18T02:51:51.137+00:00,1787021511.1374803,181323.511801,35.61257869997644,sent,3,979,26,18,0.0,0.0,181323.5116513,181323.5117239,,,,,0,1,
2026-08-18T02:51:51.137+00:00,1787021511.1374803,181323.5118305,35.61260819999734,send_error,10,980,0,0,0.0,0.0,181323.511828,,,,,,,0,robot_not_discovered
2026-08-18T02:51:51.279+00:00,1787021511.2799923,181323.6543946,35.75517229997786,send_error,1,981,0,0,0.0,0.0,181323.6543843,,,,,,,0,robot_not_discovered
2026-08-18T02:51:51.286+00:00,1787021511.2864642,181323.6611675,35.76194519997807,sent,2,982,38,31,0.0,0.0,181323.6608721,181323.6610214,,,,,0,1,
2026-08-18T02:51:51.286+00:00,1787021511.2874641,181323.6617597,35.76253739997628,sent,3,983,38,31,0.0,0.0,181323.6615374,181323.6616066,,,,,0,1,
2026-08-18T02:51:51.287+00:00,1787021511.2874641,181323.661798,35.76257569997688,send_error,10,984,0,0,0.0,0.0,181323.6617955,,,,,,,0,robot_not_discovered
2026-08-18T02:51:51.425+00:00,1787021511.4257367,181323.8001679,35.900945599976694,send_error,1,985,0,0,0.0,0.0,181323.8001558,,,,,,,0,robot_not_discovered
2026-08-18T02:51:51.429+00:00,1787021511.4296775,181323.8049037,35.905681399977766,sent,2,986,36,33,0.0,0.0,181323.8045531,181323.8047017,,,,,0,1,
2026-08-18T02:51:51.430+00:00,1787021511.4306858,181323.8056006,35.90637829998741,sent,3,987,42,27,0.0,0.0,181323.80538,181323.8054955,,,,,0,1,
2026-08-18T02:51:51.430+00:00,1787021511.4306858,181323.8056312,35.90640889998758,send_error,10,988,0,0,0.0,0.0,181323.8056273,,,,,,,0,robot_not_discovered
2026-08-18T02:51:51.563+00:00,1787021511.5635955,181323.938639,36.0394166999904,send_error,1,989,0,0,0.0,0.0,181323.9386276,,,,,,,0,robot_not_discovered
2026-08-18T02:51:51.568+00:00,1787021511.5682738,181323.9431803,36.043957999994745,sent,2,990,36,33,0.0,0.0,181323.942921,181323.9430144,,,,,0,1,
2026-08-18T02:51:51.569+00:00,1787021511.5692718,181323.9437134,36.044491099979496,sent,3,991,38,31,0.0,0.0,181323.9435514,181323.9436356,,,,,0,1,
2026-08-18T02:51:51.569+00:00,1787021511.5692718,181323.9437446,36.04452229998424,send_error,10,992,0,0,0.0,0.0,181323.9437424,,,,,,,0,robot_not_discovered
2026-08-18T02:51:51.712+00:00,1787021511.7121816,181324.0869519,36.18772960000206,send_error,1,993,0,0,0.0,0.0,181324.0869405,,,,,,,0,robot_not_discovered
2026-08-18T02:51:51.716+00:00,1787021511.7163086,181324.0908766,36.191654299997026,sent,2,994,35,34,0.0,0.0,181324.0906711,181324.0907865,,,,,0,1,
2026-08-18T02:51:51.716+00:00,1787021511.7163086,181324.0914965,36.19227420000243,sent,3,995,37,32,0.0,0.0,181324.0913129,181324.0914141,,,,,0,1,
2026-08-18T02:51:51.716+00:00,1787021511.7163086,181324.091524,36.192301699979,send_error,10,996,0,0,0.0,0.0,181324.0915217,,,,,,,0,robot_not_discovered
2026-08-18T02:51:51.850+00:00,1787021511.8507185,181324.2253279,36.326105599990115,send_error,1,997,0,0,0.0,0.0,181324.2253154,,,,,,,0,robot_not_discovered
2026-08-18T02:51:51.854+00:00,1787021511.854138,181324.2293261,36.330103799991775,sent,2,998,35,34,0.0,0.0,181324.228971,181324.2292317,,,,,0,1,
2026-08-18T02:51:51.855+00:00,1787021511.8551438,181324.2298861,36.33066379997763,sent,3,999,35,34,0.0,0.0,181324.2296952,181324.2297974,,,,,0,1,
2026-08-18T02:51:51.855+00:00,1787021511.8551438,181324.2299208,36.33069849997992,send_error,10,1000,0,0,0.0,0.0,181324.2299182,,,,,,,0,robot_not_discovered
2026-08-18T02:51:51.993+00:00,1787021511.9938314,181324.3684673,36.469244999985676,send_error,1,1001,0,0,0.0,0.0,181324.3684584,,,,,,,0,robot_not_discovered
2026-08-18T02:51:51.998+00:00,1787021511.9987626,181324.3733152,36.47409289999632,sent,2,1002,34,35,0.0,0.0,181324.3730361,181324.373145,,,,,0,1,
2026-08-18T02:51:51.998+00:00,1787021511.9987626,181324.3738537,36.474631399993086,sent,3,1003,35,34,0.0,0.0,181324.3737016,181324.3737667,,,,,0,1,
2026-08-18T02:51:51.998+00:00,1787021511.9987626,181324.3738826,36.474660299980314,send_error,10,1004,0,0,0.0,0.0,181324.3738804,,,,,,,0,robot_not_discovered
2026-08-18T02:51:52.139+00:00,1787021512.1392722,181324.5137053,36.61448299998301,send_error,1,1005,0,0,0.0,0.0,181324.5136949,,,,,,,0,robot_not_discovered
2026-08-18T02:51:52.144+00:00,1787021512.1449528,181324.5196173,36.62039499997627,sent,2,1006,34,35,0.0,0.0,181324.5191449,181324.5193577,,,,,0,1,
2026-08-18T02:51:52.145+00:00,1787021512.1459553,181324.5203314,36.62110910000047,sent,3,1007,34,35,0.0,0.0,181324.5201411,181324.5202384,,,,,0,1,
2026-08-18T02:51:52.145+00:00,1787021512.1459553,181324.520363,36.62114069997915,send_error,10,1008,0,0,0.0,0.0,181324.5203603,,,,,,,0,robot_not_discovered
2026-08-18T02:51:52.288+00:00,1787021512.2885604,181324.6656959,36.76647360000061,send_error,1,1009,0,0,0.0,0.0,181324.6656851,,,,,,,0,robot_not_discovered
2026-08-18T02:51:52.296+00:00,1787021512.2962816,181324.6707078,36.77148549997946,sent,2,1010,33,36,0.0,0.0,181324.670146,181324.6702967,,,,,0,1,
2026-08-18T02:51:52.296+00:00,1787021512.296582,181324.6717725,36.77255019999575,sent,3,1011,34,35,0.0,0.0,181324.6715521,181324.6716679,,,,,0,1,
2026-08-18T02:51:52.296+00:00,1787021512.296582,181324.6718137,36.772591399989324,send_error,10,1012,0,0,0.0,0.0,181324.6718055,,,,,,,0,robot_not_discovered
2026-08-18T02:51:52.441+00:00,1787021512.441442,181324.8160922,36.91686989998561,send_error,1,1013,0,0,0.0,0.0,181324.8160813,,,,,,,0,robot_not_discovered
2026-08-18T02:51:52.445+00:00,1787021512.4454377,181324.8205642,36.921341899986146,sent,2,1014,34,35,0.0,0.0,181324.8203348,181324.8204445,,,,,0,1,
2026-08-18T02:51:52.446+00:00,1787021512.4464371,181324.8210307,36.92180839998764,sent,3,1015,34,35,0.0,0.0,181324.8209057,181324.8209729,,,,,0,1,
2026-08-18T02:51:52.446+00:00,1787021512.4464371,181324.8210621,36.921839799993904,send_error,10,1016,0,0,0.0,0.0,181324.8210595,,,,,,,0,robot_not_discovered
2026-08-18T02:51:52.590+00:00,1787021512.5900059,181324.964972,37.06574969997746,send_error,1,1017,0,0,0.0,0.0,181324.9649613,,,,,,,0,robot_not_discovered
2026-08-18T02:51:52.596+00:00,1787021512.5960233,181324.9705369,37.071314599976176,sent,2,1018,34,35,0.0,0.0,181324.9702016,181324.9703231,,,,,0,1,
2026-08-18T02:51:52.597+00:00,1787021512.59703,181324.9713292,37.07210689998465,sent,3,1019,35,34,0.0,0.0,181324.9711227,181324.9712298,,,,,0,1,
2026-08-18T02:51:52.597+00:00,1787021512.59703,181324.9713561,37.07213379998575,send_error,10,1020,0,0,0.0,0.0,181324.9713537,,,,,,,0,robot_not_discovered
2026-08-18T02:51:52.758+00:00,1787021512.7586746,181325.1330231,37.23380079999333,send_error,1,1021,0,0,0.0,0.0,181325.133012,,,,,,,0,robot_not_discovered
2026-08-18T02:51:52.762+00:00,1787021512.7625535,181325.1376052,37.23838289998821,sent,2,1022,34,35,0.0,0.0,181325.137314,181325.137405,,,,,0,1,
2026-08-18T02:51:52.763+00:00,1787021512.7635603,181325.1383062,37.23908389999997,sent,3,1023,34,35,0.0,0.0,181325.1380939,181325.1381955,,,,,0,1,
2026-08-18T02:51:52.763+00:00,1787021512.7635603,181325.1383492,37.239126899978146,send_error,10,1024,0,0,0.0,0.0,181325.1383437,,,,,,,0,robot_not_discovered
2026-08-18T02:51:52.898+00:00,1787021512.898574,181325.2730947,37.37387239999953,send_error,1,1025,0,0,0.0,0.0,181325.2730584,,,,,,,0,robot_not_discovered
2026-08-18T02:51:52.902+00:00,1787021512.9021468,181325.2770122,37.37778989999788,sent,2,1026,34,35,0.0,0.0,181325.2767331,181325.2768363,,,,,0,1,
2026-08-18T02:51:52.903+00:00,1787021512.903158,181325.2776382,37.37841589999152,sent,3,1027,33,36,0.0,0.0,181325.2773735,181325.277507,,,,,0,1,
2026-08-18T02:51:52.903+00:00,1787021512.903158,181325.2776724,37.378450099990005,send_error,10,1028,0,0,0.0,0.0,181325.27767,,,,,,,0,robot_not_discovered
2026-08-18T02:51:53.059+00:00,1787021513.059431,181325.4340303,37.5348079999967,send_error,1,1029,0,0,0.0,0.0,181325.4340124,,,,,,,0,robot_not_discovered
2026-08-18T02:51:53.063+00:00,1787021513.0637312,181325.4383686,37.53914629999781,sent,2,1030,34,35,0.0,0.0,181325.4381065,181325.4382103,,,,,0,1,
2026-08-18T02:51:53.063+00:00,1787021513.0637312,181325.4389076,37.53968529999838,sent,3,1031,33,36,0.0,0.0,181325.4387271,181325.4388135,,,,,0,1,
2026-08-18T02:51:53.063+00:00,1787021513.0637312,181325.4389402,37.53971789998468,send_error,10,1032,0,0,0.0,0.0,181325.4389376,,,,,,,0,robot_not_discovered
2026-08-18T02:51:53.201+00:00,1787021513.2019753,181325.576404,37.67718169998261,send_error,1,1033,0,0,0.0,0.0,181325.5763935,,,,,,,0,robot_not_discovered
2026-08-18T02:51:53.205+00:00,1787021513.2052476,181325.5832362,37.68401389999781,sent,2,1034,34,35,0.0,0.0,181325.5829679,181325.5830752,,,,,0,1,
2026-08-18T02:51:53.205+00:00,1787021513.2052476,181325.5837906,37.68456829999923,sent,3,1035,33,36,0.0,0.0,181325.5835657,181325.5836437,,,,,0,1,
2026-08-18T02:51:53.205+00:00,1787021513.2052476,181325.5838265,37.68460419998155,send_error,10,1036,0,0,0.0,0.0,181325.583824,,,,,,,0,robot_not_discovered
2026-08-18T02:51:53.346+00:00,1787021513.346915,181325.7212346,37.82201229999191,send_error,1,1037,0,0,0.0,0.0,181325.7212248,,,,,,,0,robot_not_discovered
2026-08-18T02:51:53.351+00:00,1787021513.3517468,181325.726298,37.82707569998456,sent,2,1038,34,35,0.0,0.0,181325.7258567,181325.7260311,,,,,0,1,
2026-08-18T02:51:53.352+00:00,1787021513.352739,181325.7277559,37.82853359999717,sent,3,1039,28,29,0.0,0.0,181325.7275403,181325.7276607,,,,,0,1,
2026-08-18T02:51:53.352+00:00,1787021513.352739,181325.727789,37.82856669998728,send_error,10,1040,0,0,0.0,0.0,181325.7277866,,,,,,,0,robot_not_discovered
2026-08-18T02:51:53.492+00:00,1787021513.492049,181325.8672166,37.96799429997918,send_error,1,1041,0,0,0.0,0.0,181325.8672056,,,,,,,0,robot_not_discovered
2026-08-18T02:51:53.496+00:00,1787021513.496971,181325.8730398,37.973817499994766,sent,2,1042,34,35,0.0,0.0,181325.8726944,181325.8728107,,,,,0,1,
2026-08-18T02:51:53.496+00:00,1787021513.496971,181325.8737297,37.97450739998021,sent,3,1043,23,25,0.0,0.0,181325.8735038,181325.8736098,,,,,0,1,
2026-08-18T02:51:53.496+00:00,1787021513.496971,181325.8737635,37.97454120000475,send_error,10,1044,0,0,0.0,0.0,181325.8737611,,,,,,,0,robot_not_discovered
2026-08-18T02:51:53.641+00:00,1787021513.641367,181326.0156537,38.116431399976136,send_error,1,1045,0,0,0.0,0.0,181326.0156148,,,,,,,0,robot_not_discovered
2026-08-18T02:51:53.647+00:00,1787021513.6470838,181326.0216671,38.122444799984805,sent,2,1046,34,35,0.0,0.0,181326.0212818,181326.0214223,,,,,0,1,
2026-08-18T02:51:53.648+00:00,1787021513.6480827,181326.0223793,38.123156999994535,sent,3,1047,20,22,0.0,0.0,181326.0221453,181326.022245,,,,,0,1,
2026-08-18T02:51:53.648+00:00,1787021513.6480827,181326.0224206,38.12319829998887,send_error,10,1048,0,0,0.0,0.0,181326.0224164,,,,,,,0,robot_not_discovered
2026-08-18T02:51:53.780+00:00,1787021513.7805562,181326.1557858,38.25656349997735,send_error,1,1049,0,0,0.0,0.0,181326.1557762,,,,,,,0,robot_not_discovered
2026-08-18T02:51:53.785+00:00,1787021513.785555,181326.1604418,38.26121949998196,sent,2,1050,33,36,0.0,0.0,181326.1601927,181326.1603026,,,,,0,1,
2026-08-18T02:51:53.786+00:00,1787021513.7865572,181326.1609619,38.26173959998414,sent,3,1051,18,24,0.0,0.0,181326.1607839,181326.1608678,,,,,0,1,
2026-08-18T02:51:53.786+00:00,1787021513.7865572,181326.1609911,38.261768800002756,send_error,10,1052,0,0,0.0,0.0,181326.1609885,,,,,,,0,robot_not_discovered
2026-08-18T02:51:53.913+00:00,1787021513.9131935,181326.2913306,38.39210830000229,send_error,1,1053,0,0,0.0,0.0,181326.2912995,,,,,,,0,robot_not_discovered
2026-08-18T02:51:53.921+00:00,1787021513.9211712,181326.2961399,38.39691759998095,sent,2,1054,33,36,0.0,0.0,181326.2958105,181326.2959446,,,,,0,1,
2026-08-18T02:51:53.921+00:00,1787021513.9211712,181326.2963029,38.397080599999754,sent,3,1055,0,0,0.0,0.0,181326.2962348,181326.2962374,,,,,0,1,
2026-08-18T02:51:53.921+00:00,1787021513.9211712,181326.2963577,38.39713539998047,send_error,10,1056,0,0,0.0,0.0,181326.2963554,,,,,,,0,robot_not_discovered
2026-08-18T02:51:54.060+00:00,1787021514.0603147,181326.4348016,38.535579299990786,send_error,1,1057,0,0,0.0,0.0,181326.434783,,,,,,,0,robot_not_discovered
2026-08-18T02:51:54.064+00:00,1787021514.064304,181326.4389207,38.53969839998172,sent,2,1058,33,36,0.0,0.0,181326.4386407,181326.4387361,,,,,0,1,
2026-08-18T02:51:54.064+00:00,1787021514.064304,181326.4391548,38.539932499988936,sent,3,1059,0,0,0.0,0.0,181326.4389585,181326.4389616,,,,,0,1,
2026-08-18T02:51:54.064+00:00,1787021514.0649314,181326.4392103,38.53998800000409,send_error,10,1060,0,0,0.0,0.0,181326.4392075,,,,,,,0,robot_not_discovered
2026-08-18T02:51:54.205+00:00,1787021514.2053745,181326.580032,38.68080969998846,send_error,1,1061,0,0,0.0,0.0,181326.5800221,,,,,,,0,robot_not_discovered
2026-08-18T02:51:54.209+00:00,1787021514.2093813,181326.5836626,38.684440299985,sent,2,1062,33,36,0.0,0.0,181326.5833505,181326.5835046,,,,,0,1,
2026-08-18T02:51:54.209+00:00,1787021514.2093813,181326.5837727,38.684550399979344,sent,3,1063,0,0,0.0,0.0,181326.5836911,181326.5836927,,,,,0,1,
2026-08-18T02:51:54.209+00:00,1787021514.2093813,181326.5837996,38.68457729998045,send_error,10,1064,0,0,0.0,0.0,181326.583797,,,,,,,0,robot_not_discovered
2026-08-18T02:51:54.349+00:00,1787021514.349113,181326.7234554,38.82423309999285,send_error,1,1065,0,0,0.0,0.0,181326.7234243,,,,,,,0,robot_not_discovered
2026-08-18T02:51:54.355+00:00,1787021514.3556547,181326.7299552,38.83073289997992,sent,2,1066,33,36,0.0,0.0,181326.7296887,181326.7297952,,,,,0,1,
2026-08-18T02:51:54.355+00:00,1787021514.3556547,181326.7300641,38.83084179999423,sent,3,1067,0,0,0.0,0.0,181326.7299858,181326.7299878,,,,,0,1,
2026-08-18T02:51:54.355+00:00,1787021514.3556547,181326.73011,38.83088769999449,send_error,10,1068,0,0,0.0,0.0,181326.7301073,,,,,,,0,robot_not_discovered
2026-08-18T02:51:54.488+00:00,1787021514.48834,181326.8629568,38.963734499993734,send_error,1,1069,0,0,0.0,0.0,181326.8629188,,,,,,,0,robot_not_discovered
2026-08-18T02:51:54.492+00:00,1787021514.4920704,181326.8671248,38.96790249997866,sent,2,1070,34,35,0.0,0.0,181326.8668985,181326.8669737,,,,,0,1,
2026-08-18T02:51:54.492+00:00,1787021514.4920704,181326.8673011,38.96807879998232,sent,3,1071,0,0,0.0,0.0,181326.8671544,181326.8671563,,,,,0,1,
2026-08-18T02:51:54.493+00:00,1787021514.4930644,181326.8673428,38.968120499979705,send_error,10,1072,0,0,0.0,0.0,181326.8673401,,,,,,,0,robot_not_discovered
2026-08-18T02:51:54.638+00:00,1787021514.6389904,181327.0135217,39.114299399981974,send_error,1,1073,0,0,0.0,0.0,181327.0135074,,,,,,,0,robot_not_discovered
2026-08-18T02:51:54.649+00:00,1787021514.6492927,181327.0241743,39.12495199998375,sent,2,1074,29,31,0.0,0.0,181327.0234455,181327.0239733,,,,,0,1,
2026-08-18T02:51:54.649+00:00,1787021514.6492927,181327.0244592,39.125236899999436,sent,3,1075,0,0,0.0,0.0,181327.0242506,181327.0242532,,,,,0,1,
2026-08-18T02:51:54.649+00:00,1787021514.6492927,181327.0245238,39.12530149999657,send_error,10,1076,0,0,0.0,0.0,181327.0245189,,,,,,,0,robot_not_discovered
2026-08-18T02:51:54.825+00:00,1787021514.8250546,181327.2001582,39.300935899984324,send_error,1,1077,0,0,0.0,0.0,181327.2001472,,,,,,,0,robot_not_discovered
2026-08-18T02:51:54.833+00:00,1787021514.8331547,181327.2081087,39.30888639998739,sent,2,1078,25,28,0.0,0.0,181327.2076064,181327.2078209,,,,,0,1,
2026-08-18T02:51:54.833+00:00,1787021514.8341506,181327.20841,39.30918769998243,sent,3,1079,0,0,0.0,0.0,181327.2081728,181327.2081767,,,,,0,1,
2026-08-18T02:51:54.834+00:00,1787021514.8341506,181327.2085156,39.30929330000072,send_error,10,1080,0,0,0.0,0.0,181327.2085121,,,,,,,0,robot_not_discovered
2026-08-18T02:51:54.989+00:00,1787021514.9891727,181327.3639415,39.46471919998294,send_error,1,1081,0,0,0.0,0.0,181327.3639234,,,,,,,0,robot_not_discovered
2026-08-18T02:51:54.993+00:00,1787021514.9934113,181327.3681049,39.46888259999105,sent,2,1082,20,24,0.0,0.0,181327.367872,181327.3679789,,,,,0,1,
2026-08-18T02:51:54.993+00:00,1787021514.9934113,181327.3682416,39.46901929998421,sent,3,1083,0,0,0.0,0.0,181327.3681402,181327.3681424,,,,,0,1,
2026-08-18T02:51:54.993+00:00,1787021514.9934113,181327.368269,39.46904669998912,send_error,10,1084,0,0,0.0,0.0,181327.3682666,,,,,,,0,robot_not_discovered
2026-08-18T02:51:55.134+00:00,1787021515.1340408,181327.5082961,39.60907379997661,send_error,1,1085,0,0,0.0,0.0,181327.5082635,,,,,,,0,robot_not_discovered
2026-08-18T02:51:55.138+00:00,1787021515.1384737,181327.5127348,39.61351249998552,sent,2,1086,18,20,0.0,0.0,181327.5124853,181327.5125978,,,,,0,1,
2026-08-18T02:51:55.138+00:00,1787021515.1384737,181327.5129363,39.613713999977335,sent,3,1087,0,0,0.0,0.0,181327.5127681,181327.5127702,,,,,0,1,
2026-08-18T02:51:55.138+00:00,1787021515.1384737,181327.5129829,39.613760599982925,send_error,10,1088,0,0,0.0,0.0,181327.5129801,,,,,,,0,robot_not_discovered
2026-08-18T02:51:55.274+00:00,1787021515.274404,181327.6487331,39.74951080000028,send_error,1,1089,0,0,0.0,0.0,181327.6487211,,,,,,,0,robot_not_discovered
2026-08-18T02:51:55.278+00:00,1787021515.278395,181327.6528171,39.753594799985876,sent,2,1090,18,18,0.0,0.0,181327.6526208,181327.6527253,,,,,0,1,
2026-08-18T02:51:55.278+00:00,1787021515.278395,181327.6529818,39.75375949998852,sent,3,1091,0,0,0.0,0.0,181327.6528488,181327.6528506,,,,,0,1,
2026-08-18T02:51:55.278+00:00,1787021515.278395,181327.6530098,39.753787499998,send_error,10,1092,0,0,0.0,0.0,181327.6530073,,,,,,,0,robot_not_discovered
2026-08-18T02:51:55.418+00:00,1787021515.4188223,181327.7936125,39.89439020000282,send_error,1,1093,0,0,0.0,0.0,181327.7935991,,,,,,,0,robot_not_discovered
2026-08-18T02:51:55.423+00:00,1787021515.4231424,181327.797542,39.89831969997613,sent,2,1094,18,18,0.0,0.0,181327.7972974,181327.7973917,,,,,0,1,
2026-08-18T02:51:55.423+00:00,1787021515.4231424,181327.7977145,39.898492199979955,sent,3,1095,0,0,0.0,0.0,181327.7975765,181327.7975789,,,,,0,1,
2026-08-18T02:51:55.423+00:00,1787021515.4231424,181327.7977458,39.89852349998546,send_error,10,1096,0,0,0.0,0.0,181327.7977431,,,,,,,0,robot_not_discovered
2026-08-18T02:51:55.560+00:00,1787021515.5609698,181327.9359373,40.03671499999473,send_error,1,1097,0,0,0.0,0.0,181327.9359273,,,,,,,0,robot_not_discovered
2026-08-18T02:51:55.566+00:00,1787021515.566714,181327.9415172,40.04229489999125,sent,2,1098,18,18,0.0,0.0,181327.9406924,181327.9409014,,,,,0,1,
2026-08-18T02:51:55.566+00:00,1787021515.566714,181327.9416358,40.04241349999211,sent,3,1099,0,0,0.0,0.0,181327.9415618,181327.9415643,,,,,0,1,
2026-08-18T02:51:55.566+00:00,1787021515.566714,181327.9416674,40.042445099999895,send_error,10,1100,0,0,0.0,0.0,181327.9416649,,,,,,,0,robot_not_discovered
2026-08-18T02:51:55.717+00:00,1787021515.7182207,181328.0924466,40.193224299990106,send_error,1,1101,0,0,0.0,0.0,181328.0924215,,,,,,,0,robot_not_discovered
2026-08-18T02:51:55.718+00:00,1787021515.7182207,181328.0930337,40.193811399978586,sent,2,1102,0,0,0.0,0.0,181328.0928604,181328.0928631,,,,,0,1,
2026-08-18T02:51:55.718+00:00,1787021515.7182207,181328.0932704,40.1940480999765,sent,3,1103,0,0,0.0,0.0,181328.0931076,181328.0931093,,,,,0,1,
2026-08-18T02:51:55.718+00:00,1787021515.7182207,181328.0932952,40.194072899990715,send_error,10,1104,0,0,0.0,0.0,181328.0932929,,,,,,,0,robot_not_discovered
2026-08-18T02:51:55.856+00:00,1787021515.856439,181328.231172,40.33194969999022,send_error,1,1105,0,0,0.0,0.0,181328.2311459,,,,,,,0,robot_not_discovered
2026-08-18T02:51:55.856+00:00,1787021515.856439,181328.2316165,40.33239419999882,sent,2,1106,0,0,0.0,0.0,181328.2312669,181328.2312688,,,,,0,1,
2026-08-18T02:51:55.857+00:00,1787021515.8574498,181328.2318144,40.332592099992326,sent,3,1107,0,0,0.0,0.0,181328.2316644,181328.2316659,,,,,0,1,
2026-08-18T02:51:55.857+00:00,1787021515.8574498,181328.2318408,40.33261849998962,send_error,10,1108,0,0,0.0,0.0,181328.2318383,,,,,,,0,robot_not_discovered
2026-08-18T02:51:56.000+00:00,1787021516.000634,181328.3753848,40.476162499981,send_error,1,1109,0,0,0.0,0.0,181328.3753746,,,,,,,0,robot_not_discovered
2026-08-18T02:51:56.000+00:00,1787021516.000634,181328.3757185,40.476496199989924,sent,2,1110,0,0,0.0,0.0,181328.3754278,181328.3754293,,,,,0,1,
2026-08-18T02:51:56.001+00:00,1787021516.0015771,181328.3758301,40.47660779999569,sent,3,1111,0,0,0.0,0.0,181328.3757467,181328.3757481,,,,,0,1,
2026-08-18T02:51:56.001+00:00,1787021516.0015771,181328.3758565,40.476634199992986,send_error,10,1112,0,0,0.0,0.0,181328.3758541,,,,,,,0,robot_not_discovered
2026-08-18T02:51:56.144+00:00,1787021516.1442556,181328.5190792,40.61985689998255,send_error,1,1113,0,0,0.0,0.0,181328.5190698,,,,,,,0,robot_not_discovered
2026-08-18T02:51:56.144+00:00,1787021516.1442556,181328.519266,40.62004369997885,sent,2,1114,0,0,0.0,0.0,181328.5191212,181328.5191231,,,,,0,1,
2026-08-18T02:51:56.144+00:00,1787021516.1442556,181328.5193867,40.6201643999957,sent,3,1115,0,0,0.0,0.0,181328.5192924,181328.5192998,,,,,0,1,
2026-08-18T02:51:56.144+00:00,1787021516.1442556,181328.519433,40.62021069999901,send_error,10,1116,0,0,0.0,0.0,181328.5194304,,,,,,,0,robot_not_discovered
2026-08-18T02:51:56.291+00:00,1787021516.2910936,181328.6657919,40.766569600004004,send_error,1,1117,0,0,0.0,0.0,181328.6657809,,,,,,,0,robot_not_discovered
2026-08-18T02:51:56.291+00:00,1787021516.2910936,181328.6660613,40.76683899998898,sent,2,1118,0,0,0.0,0.0,181328.6658379,181328.6658396,,,,,0,1,
2026-08-18T02:51:56.291+00:00,1787021516.2910936,181328.6661514,40.76692909997655,sent,3,1119,0,0,0.0,0.0,181328.6660911,181328.6660928,,,,,0,1,
2026-08-18T02:51:56.291+00:00,1787021516.2910936,181328.6661706,40.76694829997723,send_error,10,1120,0,0,0.0,0.0,181328.6661685,,,,,,,0,robot_not_discovered
2026-08-18T02:51:56.440+00:00,1787021516.440192,181328.8146412,40.91541889999644,send_error,1,1121,0,0,0.0,0.0,181328.8145968,,,,,,,0,robot_not_discovered
2026-08-18T02:51:56.440+00:00,1787021516.4407682,181328.8157977,40.91657539998414,sent,2,1122,0,0,0.0,0.0,181328.814815,181328.8148183,,,,,0,1,
2026-08-18T02:51:56.440+00:00,1787021516.4407682,181328.8161524,40.916930099978345,sent,3,1123,0,0,0.0,0.0,181328.8158594,181328.8158623,,,,,0,1,
2026-08-18T02:51:56.440+00:00,1787021516.4407682,181328.8161816,40.91695929999696,send_error,10,1124,0,0,0.0,0.0,181328.816179,,,,,,,0,robot_not_discovered
2026-08-18T02:51:56.585+00:00,1787021516.585482,181328.960308,41.06108569999924,send_error,1,1125,0,0,0.0,0.0,181328.960287,,,,,,,0,robot_not_discovered
2026-08-18T02:51:56.586+00:00,1787021516.586317,181328.9607911,41.061568799981615,sent,2,1126,0,0,0.0,0.0,181328.9603844,181328.9603863,,,,,0,1,
2026-08-18T02:51:56.586+00:00,1787021516.586317,181328.9610333,41.0618109999923,sent,3,1127,0,0,0.0,0.0,181328.9608867,181328.9608889,,,,,0,1,
2026-08-18T02:51:56.586+00:00,1787021516.586317,181328.9610587,41.061836399981985,send_error,10,1128,0,0,0.0,0.0,181328.9610562,,,,,,,0,robot_not_discovered
2026-08-18T02:51:56.729+00:00,1787021516.729749,181329.104129,41.20490670000436,send_error,1,1129,0,0,0.0,0.0,181329.104118,,,,,,,0,robot_not_discovered
2026-08-18T02:51:56.729+00:00,1787021516.729749,181329.1044838,41.205261499999324,sent,2,1130,0,0,0.0,0.0,181329.1041735,181329.1041749,,,,,0,1,
2026-08-18T02:51:56.729+00:00,1787021516.729749,181329.1046013,41.20537899999181,sent,3,1131,0,0,0.0,0.0,181329.1045138,181329.1045155,,,,,0,1,
2026-08-18T02:51:56.729+00:00,1787021516.729749,181329.1046273,41.20540499998606,send_error,10,1132,0,0,0.0,0.0,181329.1046248,,,,,,,0,robot_not_discovered
2026-08-18T02:51:56.874+00:00,1787021516.874636,181329.249225,41.350002699997276,send_error,1,1133,0,0,0.0,0.0,181329.2492156,,,,,,,0,robot_not_discovered
2026-08-18T02:51:56.874+00:00,1787021516.874636,181329.2495883,41.35036599999876,send_error,1,1135,0,0,0.0,0.0,181329.2495843,,,,,,,0,robot_not_discovered
2026-08-18T02:51:56.874+00:00,1787021516.874636,181329.2496798,41.35045749999699,sent,2,1134,0,0,0.0,0.0,181329.2492699,181329.2492713,,,,,0,1,
2026-08-18T02:51:56.874+00:00,1787021516.874636,181329.2497237,41.35050139998202,sent,2,1136,0,0,0.0,0.0,181329.2495958,181329.2495969,,,,,0,1,
2026-08-18T02:51:56.874+00:00,1787021516.874636,181329.2498737,41.35065139998915,sent,3,1137,0,0,0.0,0.0,181329.2497037,181329.2497056,,,,,0,1,
2026-08-18T02:51:56.874+00:00,1787021516.874636,181329.249903,41.35068069997942,send_error,10,1139,0,0,0.0,0.0,181329.2499005,,,,,,,0,robot_not_discovered
2026-08-18T02:51:56.874+00:00,1787021516.874636,181329.2499218,41.350699499977054,sent,3,1138,0,0,0.0,0.0,181329.2497428,181329.2497445,,,,,0,1,
2026-08-18T02:51:56.875+00:00,1787021516.8756928,181329.2499369,41.35071460000472,send_error,10,1140,0,0,0.0,0.0,181329.2499348,,,,,,,0,robot_not_discovered
