wall_time_iso,t_wall,t_perf,session_elapsed_s,frame_seq,frame_received_perf,frame_wait_ms,processing_ms,robot_id,detected,accepted,workspace_markers_seen,homography_valid,homography_age_ms,calibration_enabled,homography_mode,parallax_enabled,alignment_enabled,pose_filter_enabled,pixel_x,pixel_y,floor_x,floor_y,corrected_x,corrected_y,aligned_x,aligned_y,raw_yaw,x,y,yaw,pose_age_ms,cam_x,cam_y,cam_z
2026-08-18T06:23:40.374+00:00,1787034220.3742895,194032.3770636,0.26307029998861253,64,194032.2758963,3.681599977426231,97.45120001025498,1,0,0,4,1,0.0,1,estabilizada,1,1,1,,,,,,,,,,,,,nan,0.5409572164917785,-0.24935205598329463,1.5829882881302153
2026-08-18T06:23:40.374+00:00,1787034220.3742895,194032.37711,0.26311669999267906,64,194032.2758963,3.681599977426231,97.45120001025498,2,1,1,4,1,0.0,1,estabilizada,1,1,1,981.75,243.0,1.0556278228759766,0.9465233683586121,1.0263664853652044,0.8785324748075927,1.0135052353652043,0.8670879748075927,1.1374842397390097,1.0137940736316102,0.8660893756992465,1.1752932547841781,0.0,0.5409572164917785,-0.24935205598329463,1.5829882881302153
2026-08-18T06:23:40.374+00:00,1787034220.3742895,194032.3771256,0.26313229999504983,64,194032.2758963,3.681599977426231,97.45120001025498,3,1,1,4,1,0.0,1,estabilizada,1,1,1,447.0,275.25,0.14134205877780914,0.8923121094703674,0.16406197683654516,0.8274033696765972,0.15120072683654517,0.8159588696765973,0.023392886363133053,0.15077562869639022,0.8164573815379332,0.04135499085171248,0.0,0.5409572164917785,-0.24935205598329463,1.5829882881302153
2026-08-18T06:23:40.374+00:00,1787034220.3742895,194032.3771465,0.26315319997956976,64,194032.2758963,3.681599977426231,97.45120001025498,10,0,0,4,1,0.0,1,estabilizada,1,1,1,,,,,,,,,,,,,nan,0.5409572164917785,-0.24935205598329463,1.5829882881302153
2026-08-18T06:23:40.550+00:00,1787034220.5508053,194032.5534997,0.4395063999982085,69,194032.4438924,6.450099986977875,103.13140001380816,1,0,0,4,1,0.0,1,estabilizada,1,1,1,,,,,,,,,,,,,nan,0.540957779741843,-0.24935401460668494,1.5829884009133597
2026-08-18T06:23:40.550+00:00,1787034220.5508053,194032.5535453,0.43955199999618344,69,194032.4438924,6.450099986977875,103.13140001380816,2,1,1,4,1,0.0,1,estabilizada,1,1,1,981.75,243.0,1.0556260347366333,0.9465219974517822,1.026364832997691,0.878531075330583,1.013503582997691,0.867086575330583,1.1374836735586669,1.0137940736316102,0.8660893756992465,1.1752932547841781,0.0,0.540957779741843,-0.24935401460668494,1.5829884009133597
2026-08-18T06:23:40.550+00:00,1787034220.5508053,194032.5535591,0.4395657999848481,69,194032.4438924,6.450099986977875,103.13140001380816,3,1,1,4,1,0.0,1,estabilizada,1,1,1,446.75,275.25,0.14092789590358734,0.8923143744468689,0.16367139138635278,0.8274053991470279,0.1508101413863528,0.815960899147028,0.02339519075935768,0.15077562869639022,0.8164573815379332,0.04135499085171248,0.0,0.540957779741843,-0.24935401460668494,1.5829884009133597
2026-08-18T06:23:40.550+00:00,1787034220.5508053,194032.553571,0.4395776999881491,69,194032.4438924,6.450099986977875,103.13140001380816,10,0,0,4,1,0.0,1,estabilizada,1,1,1,,,,,,,,,,,,,nan,0.540957779741843,-0.24935401460668494,1.5829884009133597
2026-08-18T06:23:40.723+00:00,1787034220.7231946,194032.7262077,0.6122143999964464,74,194032.6076374,19.110599998384714,99.43390000262298,1,0,0,4,1,0.0,1,estabilizada,1,1,1,,,,,,,,,,,,,nan,0.5409564235067335,-0.24935659962906864,1.582987438970082
2026-08-18T06:23:40.723+00:00,1787034220.7231946,194032.7262526,0.6122592999890912,74,194032.6076374,19.110599998384714,99.43390000262298,2,1,1,4,1,0.0,1,estabilizada,1,1,1,981.75,243.0,1.05562424659729,0.9465207457542419,1.026363051632732,0.8785297065110481,1.013501801632732,0.8670852065110481,1.1374831073824327,1.0137940736316102,0.8660893756992465,1.1752932547841781,0.0,0.5409564235067335,-0.24935659962906864,1.582987438970082
2026-08-18T06:23:40.723+00:00,1787034220.7231946,194032.7262644,0.6122710999916308,74,194032.6076374,19.110599998384714,99.43390000262298,3,1,1,4,1,0.0,1,estabilizada,1,1,1,447.0,275.25,0.14133936166763306,0.8923045992851257,0.16405940017211973,0.8273959933336293,0.15119815017211974,0.8159514933336294,0.023397517500080872,0.15077562869639022,0.8164573815379332,0.04135499085171248,0.0,0.5409564235067335,-0.24935659962906864,1.582987438970082
2026-08-18T06:23:40.723+00:00,1787034220.7231946,194032.7262747,0.6122813999827486,74,194032.6076374,19.110599998384714,99.43390000262298,10,0,0,4,1,0.0,1,estabilizada,1,1,1,,,,,,,,,,,,,nan,0.5409564235067335,-0.24935659962906864,1.582987438970082
2026-08-18T06:23:40.885+00:00,1787034220.8857818,194032.8891903,0.7751969999808352,79,194032.7729013,27.364200010197237,88.8703000091482,1,0,0,4,1,0.0,1,estabilizada,1,1,1,,,,,,,,,,,,,nan,0.5409520606617375,-0.24935898471180412,1.5829863027001194
2026-08-18T06:23:40.885+00:00,1787034220.8867853,194032.889284,0.7752906999958213,79,194032.7729013,27.364200010197237,88.8703000091482,2,1,1,4,1,0.0,1,estabilizada,1,1,1,981.5,243.25,1.0551103353500366,0.9459946155548096,1.0258780895352646,0.8780333048091058,1.0130168395352646,0.8665888048091058,1.1549441773047944,1.0137940736316102,0.8660893756992465,1.1674641583933512,0.0,0.5409520606617375,-0.24935898471180412,1.5829863027001194
2026-08-18T06:23:40.886+00:00,1787034220.8867853,194032.8893181,0.7753247999935411,79,194032.7729013,27.364200010197237,88.8703000091482,3,1,1,4,1,0.0,1,estabilizada,1,1,1,446.5,275.25,0.14051324129104614,0.89231276512146,0.16328001677222959,0.8274035127105381,0.1504187667722296,0.8159590127105382,0.024568065305111738,0.15077562869639022,0.8164573815379332,0.04135499085171248,0.0,0.5409520606617375,-0.24935898471180412,1.5829863027001194
2026-08-18T06:23:40.886+00:00,1787034220.8867853,194032.8893315,0.77533819997916,79,194032.7729013,27.364200010197237,88.8703000091482,10,0,0,4,1,0.0,1,estabilizada,1,1,1,,,,,,,,,,,,,nan,0.5409520606617375,-0.24935898471180412,1.5829863027001194
2026-08-18T06:23:41.063+00:00,1787034221.0637734,194033.0672325,0.9532391999964602,84,194032.943157,18.525199993746355,105.521299992688,1,0,0,4,1,0.0,1,estabilizada,1,1,1,,,,,,,,,,,,,nan,0.5409455810293736,-0.24936212810063113,1.5829845863727459
2026-08-18T06:23:41.064+00:00,1787034221.0647593,194033.067284,0.953290699981153,84,194032.943157,18.525199993746355,105.521299992688,2,1,1,4,1,0.0,1,estabilizada,1,1,1,981.5,243.25,1.0551091432571411,0.945993185043335,1.0258765651266533,0.8780317032265912,1.0130153151266532,0.8665872032265912,1.1549454744477257,1.0137940736316102,0.8660893756992465,1.1674641583933512,0.0,0.5409455810293736,-0.24936212810063113,1.5829845863727459
2026-08-18T06:23:41.064+00:00,1787034221.0647593,194033.0672992,0.953305899980478,84,194032.943157,18.525199993746355,105.521299992688,3,1,1,4,1,0.0,1,estabilizada,1,1,1,447.0,275.0,0.1413017064332962,0.8928000330924988,0.16402331030946787,0.8278628281491924,0.15116206030946788,0.8164183281491925,0.060808345894010234,0.15077562869639022,0.8164573815379332,0.04135499085171248,0.0,0.5409455810293736,-0.24936212810063113,1.5829845863727459
2026-08-18T06:23:41.064+00:00,1787034221.0647593,194033.0673125,0.9533191999944393,84,194032.943157,18.525199993746355,105.521299992688,10,0,0,4,1,0.0,1,estabilizada,1,1,1,,,,,,,,,,,,,nan,0.5409455810293736,-0.24936212810063113,1.5829845863727459
2026-08-18T06:23:41.217+00:00,1787034221.2176385,194033.2212915,1.1072981999896,89,194033.1089373,23.381799983326346,88.94129999680445,1,0,0,4,1,0.0,1,estabilizada,1,1,1,,,,,,,,,,,,,nan,0.5409407680382634,-0.24936573728586442,1.5829833047306108
2026-08-18T06:23:41.217+00:00,1787034221.2176385,194033.221477,1.1074837000051048,89,194033.1089373,23.381799983326346,88.94129999680445,2,1,1,4,1,0.0,1,estabilizada,1,1,1,981.5,243.5,1.0550360679626465,0.9454611539840698,1.0258073471953935,0.8775296603966538,1.0129460971953934,0.8660851603966538,1.1752979417078318,1.0137940736316102,0.8660893756992465,1.1674641583933512,0.0,0.5409407680382634,-0.24936573728586442,1.5829833047306108
2026-08-18T06:23:41.217+00:00,1787034221.2176385,194033.2215193,1.1075259999779519,89,194033.1089373,23.381799983326346,88.94129999680445,3,1,1,4,1,0.0,1,estabilizada,1,1,1,446.5,275.25,0.14051148295402527,0.8923044204711914,0.16327775948384277,0.8273951356473561,0.15041650948384278,0.8159506356473561,0.023406678015172756,0.15077562869639022,0.8164573815379332,0.04135499085171248,0.0,0.5409407680382634,-0.24936573728586442,1.5829833047306108
2026-08-18T06:23:41.219+00:00,1787034221.2190394,194033.2215405,1.10754719999386,89,194033.1089373,23.381799983326346,88.94129999680445,10,0,0,4,1,0.0,1,estabilizada,1,1,1,,,,,,,,,,,,,nan,0.5409407680382634,-0.24936573728586442,1.5829833047306108
2026-08-18T06:23:41.363+00:00,1787034221.3630593,194033.3659121,1.251918800000567,94,194033.2735875,9.36969998292625,82.93040000717156,1,0,0,4,1,0.0,1,estabilizada,1,1,1,,,,,,,,,,,,,nan,0.5409327070837016,-0.24936811205310816,1.5829822843777308
2026-08-18T06:23:41.363+00:00,1787034221.3630593,194033.3659597,1.251966399984667,94,194033.2735875,9.36969998292625,82.93040000717156,2,1,1,4,1,0.0,1,estabilizada,1,1,1,980.5,245.25,1.0527724027633667,0.941773533821106,1.023671904883014,0.874051520007906,1.010810654883014,0.862607020007906,1.2953062056919185,1.0137940736316102,0.8660893756992465,1.1674641583933512,0.0,0.5409327070837016,-0.24936811205310816,1.5829822843777308
2026-08-18T06:23:41.363+00:00,1787034221.3630593,194033.3659712,1.2519778999849223,94,194033.2735875,9.36969998292625,82.93040000717156,3,1,1,4,1,0.0,1,estabilizada,1,1,1,447.0,275.0,0.14129965007305145,0.8927912712097168,0.16402067196060666,0.8278541297722415,0.15115942196060667,0.8164096297722415,0.06081455502094965,0.15077562869639022,0.8164573815379332,0.04135499085171248,0.0,0.5409327070837016,-0.24936811205310816,1.5829822843777308
2026-08-18T06:23:41.363+00:00,1787034221.3630593,194033.365981,1.2519877000013366,94,194033.2735875,9.36969998292625,82.93040000717156,10,0,0,4,1,0.0,1,estabilizada,1,1,1,,,,,,,,,,,,,nan,0.5409327070837016,-0.24936811205310816,1.5829822843777308
2026-08-18T06:23:41.504+00:00,1787034221.5041387,194033.5074026,1.3934092999843415,98,194033.411478,11.44840000779368,84.45019999635406,1,0,0,4,1,0.0,1,estabilizada,1,1,1,,,,,,,,,,,,,nan,0.5409248179910557,-0.2493671415311613,1.582984302992894
2026-08-18T06:23:41.504+00:00,1787034221.5041387,194033.5074472,1.3934539000038058,98,194033.411478,11.44840000779368,84.45019999635406,2,1,1,4,1,0.0,1,estabilizada,1,1,1,979.75,245.0,1.0515220165252686,0.9423186182975769,1.0224921974795609,0.8745657554411295,1.0096309474795608,0.8631212554411295,1.3864285829076255,1.0137940736316102,0.8660893756992465,1.2233938114795304,0.0,0.5409248179910557,-0.2493671415311613,1.582984302992894
2026-08-18T06:23:41.504+00:00,1787034221.5041387,194033.5074586,1.3934653000032995,98,194033.411478,11.44840000779368,84.45019999635406,3,1,1,4,1,0.0,1,estabilizada,1,1,1,447.0,275.0,0.14129827916622162,0.8927868604660034,0.16401890149092485,0.8278501077860203,0.15115765149092486,0.8164056077860203,0.060818187706547976,0.15077562869639022,0.8164573815379332,0.04135499085171248,0.0,0.5409248179910557,-0.2493671415311613,1.582984302992894
2026-08-18T06:23:41.504+00:00,1787034221.5041387,194033.5074684,1.39347509999061,98,194033.411478,11.44840000779368,84.45019999635406,10,0,0,4,1,0.0,1,estabilizada,1,1,1,,,,,,,,,,,,,nan,0.5409248179910557,-0.2493671415311613,1.582984302992894
2026-08-18T06:23:41.655+00:00,1787034221.6550262,194033.6579524,1.5439591000031214,103,194033.5726102,4.334400000516325,80.98400000017136,1,0,0,4,1,0.0,1,estabilizada,1,1,1,,,,,,,,,,,,,nan,0.5409147143725188,-0.2493652109983577,1.5829858829328003
2026-08-18T06:23:41.655+00:00,1787034221.6550262,194033.657996,1.5440026999858674,103,194033.5726102,4.334400000516325,80.98400000017136,2,1,1,4,1,0.0,1,estabilizada,1,1,1,977.75,245.0,1.047999382019043,0.9423626065254211,1.0191692954211549,0.8746074201188136,1.0063080454211548,0.8631629201188137,1.5660114599319068,1.0121682999272357,0.865453824456861,1.353720241907736,0.0,0.5409147143725188,-0.2493652109983577,1.5829858829328003
2026-08-18T06:23:41.655+00:00,1787034221.6550262,194033.6580077,1.5440143999876454,103,194033.5726102,4.334400000516325,80.98400000017136,3,1,1,4,1,0.0,1,estabilizada,1,1,1,447.0,275.0,0.14129731059074402,0.8927825093269348,0.16401739086949313,0.8278461786005793,0.15115614086949314,0.8164016786005793,0.06082181214233347,0.15077562869639022,0.8164573815379332,0.04135499085171248,0.0,0.5409147143725188,-0.2493652109983577,1.5829858829328003
2026-08-18T06:23:41.655+00:00,1787034221.6550262,194033.6580197,1.5440263999917079,103,194033.5726102,4.334400000516325,80.98400000017136,10,0,0,4,1,0.0,1,estabilizada,1,1,1,,,,,,,,,,,,,nan,0.5409147143725188,-0.2493652109983577,1.5829858829328003
2026-08-18T06:23:41.800+00:00,1787034221.8004603,194033.8032894,1.6892960999975912,107,194033.7091401,7.43470000452362,86.69009999721311,1,0,0,4,1,0.0,1,estabilizada,1,1,1,,,,,,,,,,,,,nan,0.540903480270474,-0.2493607880542947,1.582988916966143
2026-08-18T06:23:41.800+00:00,1787034221.8004603,194033.8033306,1.6893372999911662,107,194033.7091401,7.43470000452362,86.69009999721311,2,1,1,4,1,0.0,1,estabilizada,1,1,1,976.5,244.25,1.0460094213485718,0.9439782500267029,1.0172918894632863,0.876131588387955,1.0044306394632863,0.864687088387955,1.8201602943504351,1.0121682999272357,0.865453824456861,1.5947409911253456,0.0,0.540903480270474,-0.2493607880542947,1.582988916966143
2026-08-18T06:23:41.800+00:00,1787034221.8004603,194033.8033437,1.6893504000036046,107,194033.7091401,7.43470000452362,86.69009999721311,3,1,1,4,1,0.0,1,estabilizada,1,1,1,446.75,275.25,0.14091971516609192,0.8922804594039917,0.16366058117820964,0.8273730483854953,0.15079933117820965,0.8159285483854953,0.023421407371994957,0.15077562869639022,0.8164573815379332,0.04135499085171248,0.0,0.540903480270474,-0.2493607880542947,1.582988916966143
2026-08-18T06:23:41.800+00:00,1787034221.8004603,194033.8033542,1.6893608999962453,107,194033.7091401,7.43470000452362,86.69009999721311,10,0,0,4,1,0.0,1,estabilizada,1,1,1,,,,,,,,,,,,,nan,0.540903480270474,-0.2493607880542947,1.582988916966143
2026-08-18T06:23:41.948+00:00,1787034221.9483206,194033.951328,1.8373346999869682,111,194033.8424703,27.62459998484701,81.20740001322702,1,0,0,4,1,0.0,1,estabilizada,1,1,1,,,,,,,,,,,,,nan,0.5408919154478893,-0.2493539401469904,1.582992883555007
2026-08-18T06:23:41.948+00:00,1787034221.9483206,194033.9513726,1.8373792999773286,111,194033.8424703,27.62459998484701,81.20740001322702,2,1,1,4,1,0.0,1,estabilizada,1,1,1,976.0,245.25,1.044845700263977,0.9418705701828003,1.016193745410213,0.874144298609858,1.003332495410213,0.862699798609858,2.028281544610277,1.0104579235681106,0.8650701270777212,1.752701140247751,0.0,0.5408919154478893,-0.2493539401469904,1.582992883555007
2026-08-18T06:23:41.948+00:00,1787034221.9483206,194033.9513846,1.837391299981391,111,194033.8424703,27.62459998484701,81.20740001322702,3,1,1,4,1,0.0,1,estabilizada,1,1,1,447.0,275.25,0.14133086800575256,0.8922693133354187,0.16404764370535907,0.8273630879942946,0.15118639370535908,0.8159185879942946,0.023425904993341497,0.15077562869639022,0.8164573815379332,0.04135499085171248,0.0,0.5408919154478893,-0.2493539401469904,1.582992883555007
2026-08-18T06:23:41.948+00:00,1787034221.9483206,194033.9513942,1.8374008999962825,111,194033.8424703,27.62459998484701,81.20740001322702,10,0,0,4,1,0.0,1,estabilizada,1,1,1,,,,,,,,,,,,,nan,0.5408919154478893,-0.2493539401469904,1.582992883555007
2026-08-18T06:23:42.099+00:00,1787034222.0994468,194034.1023827,1.9883893999794964,116,194034.0057462,6.626199989113957,89.98469999642111,1,0,0,4,1,0.0,1,estabilizada,1,1,1,,,,,,,,,,,,,nan,0.540877637830193,-0.2493448241101228,1.58299703869854
2026-08-18T06:23:42.099+00:00,1787034222.0994468,194034.102426,1.9884326999890618,116,194034.0057462,6.626199989113957,89.98469999642111,2,1,1,4,1,0.0,1,estabilizada,1,1,1,975.25,246.5,1.0431727170944214,0.9392420649528503,1.0146151417934928,0.871665930948446,1.0017538917934927,0.860221430948446,2.3474242029549837,1.0104579235681106,0.8650701270777212,1.8657626789529917,0.0,0.540877637830193,-0.2493448241101228,1.58299703869854
2026-08-18T06:23:42.099+00:00,1787034222.0994468,194034.1024384,1.98844509999617,116,194034.0057462,6.626199989113957,89.98469999642111,3,1,1,4,1,0.0,1,estabilizada,1,1,1,447.0,275.0,0.14129315316677094,0.8927668333053589,0.16401120174207,0.827833010528342,0.15114995174207002,0.816388510528342,0.06083599512316284,0.15077562869639022,0.8164573815379332,0.04135499085171248,0.0,0.540877637830193,-0.2493448241101228,1.58299703869854
2026-08-18T06:23:42.099+00:00,1787034222.0994468,194034.1024515,1.9884581999795046,116,194034.0057462,6.626199989113957,89.98469999642111,10,0,0,4,1,0.0,1,estabilizada,1,1,1,,,,,,,,,,,,,nan,0.540877637830193,-0.2493448241101228,1.58299703869854
2026-08-18T06:23:42.256+00:00,1787034222.256689,194034.2593277,2.145334400003776,120,194034.140619,36.58719998202287,82.09730000817217,1,0,0,4,1,0.0,1,estabilizada,1,1,1,,,,,,,,,,,,,nan,0.5408645923047886,-0.24933562981976656,1.5830011972995033
2026-08-18T06:23:42.256+00:00,1787034222.256689,194034.2593731,2.145379800000228,120,194034.140619,36.58719998202287,82.09730000817217,2,1,1,4,1,0.0,1,estabilizada,1,1,1,974.0,247.5,1.0406924486160278,0.9371561408042908,1.0122752199084615,0.8696993002546235,0.9994139699084614,0.8582548002546235,2.385523623069304,1.0065087343783086,0.8627898372382153,2.1849610446535146,0.0,0.5408645923047886,-0.24933562981976656,1.5830011972995033
2026-08-18T06:23:42.256+00:00,1787034222.256689,194034.2593843,2.145390999998199,120,194034.140619,36.58719998202287,82.09730000817217,3,1,1,4,1,0.0,1,estabilizada,1,1,1,447.0,275.25,0.14132767915725708,0.8922576308250427,0.16404296341896224,0.8273534515778594,0.15118171341896225,0.8159089515778595,0.02343712851092403,0.15077562869639022,0.8164573815379332,0.04135499085171248,0.0,0.5408645923047886,-0.24933562981976656,1.5830011972995033
2026-08-18T06:23:42.256+00:00,1787034222.256689,194034.2593944,2.1454010999877937,120,194034.140619,36.58719998202287,82.09730000817217,10,0,0,4,1,0.0,1,estabilizada,1,1,1,,,,,,,,,,,,,nan,0.5408645923047886,-0.24933562981976656,1.5830011972995033
2026-08-18T06:23:42.394+00:00,1787034222.394424,194034.3970996,2.2831062999903224,125,194034.3062378,9.961500007193536,80.87390000582673,1,0,0,4,1,0.0,1,estabilizada,1,1,1,,,,,,,,,,,,,nan,0.5408551268316181,-0.2493264352587662,1.5830060364785636
2026-08-18T06:23:42.394+00:00,1787034222.394424,194034.3971431,2.2831498000014108,125,194034.3062378,9.961500007193536,80.87390000582673,2,1,1,4,1,0.0,1,estabilizada,1,1,1,974.5,248.75,1.0412194728851318,0.9345049858093262,1.0127718295362835,0.867199602607415,0.9999105795362835,0.855755102607415,2.594657463245651,1.0049553775226951,0.8617969176256106,2.3260635196858908,0.0,0.5408551268316181,-0.2493264352587662,1.5830060364785636
2026-08-18T06:23:42.394+00:00,1787034222.394424,194034.397155,2.2831617000047117,125,194034.3062378,9.961500007193536,80.87390000582673,3,1,1,4,1,0.0,1,estabilizada,1,1,1,447.0,275.25,0.14132538437843323,0.8922516703605652,0.16404019151888827,0.8273485511442343,0.15117894151888828,0.8159040511442344,0.023442748370885638,0.15077562869639022,0.8164573815379332,0.04135499085171248,0.0,0.5408551268316181,-0.2493264352587662,1.5830060364785636
2026-08-18T06:23:42.394+00:00,1787034222.394424,194034.397166,2.2831727000011597,125,194034.3062378,9.961500007193536,80.87390000582673,10,0,0,4,1,0.0,1,estabilizada,1,1,1,,,,,,,,,,,,,nan,0.5408551268316181,-0.2493264352587662,1.5830060364785636
2026-08-18T06:23:42.531+00:00,1787034222.531201,194034.5343309,2.4203375999932177,129,194034.4434894,11.60679999156855,79.19800002127886,1,0,0,4,1,0.0,1,estabilizada,1,1,1,,,,,,,,,,,,,nan,0.5408457814694361,-0.24931483298815682,1.5830134458111145
2026-08-18T06:23:42.531+00:00,1787034222.531201,194034.5344458,2.420452499995008,129,194034.4434894,11.60679999156855,79.19800002127886,2,1,1,4,1,0.0,1,estabilizada,1,1,1,973.5,249.25,1.0393211841583252,0.9334718585014343,1.0109810671740296,0.8662261869528142,0.9981198171740295,0.8547816869528142,2.7053567116118886,1.0036945582184926,0.8605955647400632,2.476700741900676,0.0,0.5408457814694361,-0.24931483298815682,1.5830134458111145
2026-08-18T06:23:42.531+00:00,1787034222.531201,194034.5344668,2.4204734999802895,129,194034.4434894,11.60679999156855,79.19800002127886,3,1,1,4,1,0.0,1,estabilizada,1,1,1,447.0,275.0,0.1412864476442337,0.8927487730979919,0.16400283084326756,0.8278183552169943,0.15114158084326756,0.8163738552169943,0.06085357105928969,0.15077562869639022,0.8164573815379332,0.04135499085171248,0.0,0.5408457814694361,-0.24931483298815682,1.5830134458111145
2026-08-18T06:23:42.531+00:00,1787034222.531201,194034.5344818,2.4204884999780916,129,194034.4434894,11.60679999156855,79.19800002127886,10,0,0,4,1,0.0,1,estabilizada,1,1,1,,,,,,,,,,,,,nan,0.5408457814694361,-0.24931483298815682,1.5830134458111145
2026-08-18T06:23:42.693+00:00,1787034222.6937141,194034.6965037,2.582510399981402,133,194034.5775646,34.333799994783476,84.57919998909347,1,0,0,4,1,0.0,1,estabilizada,1,1,1,,,,,,,,,,,,,nan,0.5408360162607163,-0.24930155845113935,1.583021348351544
2026-08-18T06:23:42.693+00:00,1787034222.6937141,194034.6965476,2.582554299995536,133,194034.5775646,34.333799994783476,84.57919998909347,2,1,1,4,1,0.0,1,estabilizada,1,1,1,973.0,250.5,1.0380932092666626,0.9308479428291321,1.0098224930080737,0.863752539961806,0.9969612430080736,0.852308039961806,2.818067286352022,1.0036945582184926,0.8605955647400632,2.5731494420753345,0.0,0.5408360162607163,-0.24930155845113935,1.583021348351544
2026-08-18T06:23:42.693+00:00,1787034222.6937141,194034.6965595,2.582566199998837,133,194034.5775646,34.333799994783476,84.57919998909347,3,1,1,4,1,0.0,1,estabilizada,1,1,1,446.5,275.25,0.1404946893453598,0.8922512531280518,0.16325541803667037,0.8273501997410497,0.15039416803667038,0.8159056997410498,0.02462051259145872,0.15077562869639022,0.8164573815379332,0.04135499085171248,0.0,0.5408360162607163,-0.24930155845113935,1.583021348351544
2026-08-18T06:23:42.693+00:00,1787034222.6937141,194034.6965696,2.582576299988432,133,194034.5775646,34.333799994783476,84.57919998909347,10,0,0,4,1,0.0,1,estabilizada,1,1,1,,,,,,,,,,,,,nan,0.5408360162607163,-0.24930155845113935,1.583021348351544
2026-08-18T06:23:42.843+00:00,1787034222.843994,194034.8469634,2.732970099983504,138,194034.7398878,25.207300001056865,81.84089997666888,1,0,0,4,1,0.0,1,estabilizada,1,1,1,,,,,,,,,,,,,nan,0.5408265511214161,-0.24928913236985661,1.583027571785331
2026-08-18T06:23:42.843+00:00,1787034222.843994,194034.847011,2.733017699996708,138,194034.7398878,25.207300001056865,81.84089997666888,2,0,0,4,1,0.0,1,estabilizada,1,1,1,,,,,,,,,,1.0036945582184926,0.8605955647400632,2.5731494420753345,153.43570709228516,0.5408265511214161,-0.24928913236985661,1.583027571785331
2026-08-18T06:23:42.843+00:00,1787034222.843994,194034.8470231,2.733029800001532,138,194034.7398878,25.207300001056865,81.84089997666888,3,1,1,4,1,0.0,1,estabilizada,1,1,1,446.5,275.25,0.14049239456653595,0.8922452330589294,0.1632526261203709,0.8273454835411599,0.1503913761203709,0.8159009835411599,0.02462516894944196,0.15077562869639022,0.8164573815379332,0.04135499085171248,0.0,0.5408265511214161,-0.24928913236985661,1.583027571785331
2026-08-18T06:23:42.843+00:00,1787034222.843994,194034.847033,2.733039699989604,138,194034.7398878,25.207300001056865,81.84089997666888,10,0,0,4,1,0.0,1,estabilizada,1,1,1,,,,,,,,,,,,,nan,0.5408265511214161,-0.24928913236985661,1.583027571785331
2026-08-18T06:23:42.990+00:00,1787034222.9900813,194034.992911,2.8789176999998745,143,194034.9057577,7.269800000358373,79.85939999343827,1,0,0,4,1,0.0,1,estabilizada,1,1,1,,,,,,,,,,,,,nan,0.540818996593614,-0.24927715438026748,1.5830340565954222
2026-08-18T06:23:42.990+00:00,1787034222.9900813,194034.9929535,2.8789602000033483,143,194034.9057577,7.269800000358373,79.85939999343827,2,1,1,4,1,0.0,1,estabilizada,1,1,1,974.0,252.25,1.0393575429916382,0.9271396398544312,1.0110142050900397,0.8602569906530424,0.9981529550900397,0.8488124906530424,-3.025663622928475,1.0015202949190374,0.8576179455811015,2.8011637881787808,0.0,0.540818996593614,-0.24927715438026748,1.5830340565954222
2026-08-18T06:23:42.990+00:00,1787034222.9900813,194034.9929649,2.878971600002842,143,194034.9057577,7.269800000358373,79.85939999343827,3,1,1,4,1,0.0,1,estabilizada,1,1,1,446.5,275.0,0.14045396447181702,0.8927427530288696,0.16321585815366008,0.8278156649232153,0.15035460815366009,0.8163711649232154,0.06320948914118489,0.15077562869639022,0.8164573815379332,0.04135499085171248,0.0,0.540818996593614,-0.24927715438026748,1.5830340565954222
2026-08-18T06:23:42.990+00:00,1787034222.9900813,194034.9929746,2.878981299989391,143,194034.9057577,7.269800000358373,79.85939999343827,10,0,0,4,1,0.0,1,estabilizada,1,1,1,,,,,,,,,,,,,nan,0.540818996593614,-0.24927715438026748,1.5830340565954222
2026-08-18T06:23:43.149+00:00,1787034223.1495101,194035.1528535,3.038860200002091,147,194035.0419246,23.425199993653223,87.47820000280626,1,0,0,4,1,0.0,1,estabilizada,1,1,1,,,,,,,,,,,,,nan,0.5408100314970454,-0.24926580516741348,1.5830399785361264
2026-08-18T06:23:43.150+00:00,1787034223.1505203,194035.1530004,3.0390070999856107,147,194035.0419246,23.425199993653223,87.47820000280626,2,1,1,4,1,0.0,1,estabilizada,1,1,1,973.75,254.0,1.0384312868118286,0.9234676361083984,1.0101402053574329,0.8567946454411481,0.9972789553574328,0.8453501454411482,-2.8753498735465546,1.0005651312029358,0.8556349279686499,2.9274073851841678,0.0,0.5408100314970454,-0.24926580516741348,1.5830399785361264
2026-08-18T06:23:43.150+00:00,1787034223.1505203,194035.1530565,3.03906320000533,147,194035.0419246,23.425199993653223,87.47820000280626,3,1,1,4,1,0.0,1,estabilizada,1,1,1,447.0,275.0,0.14127741754055023,0.892724871635437,0.1639919009039683,0.8277996882504293,0.15113065090396832,0.8163551882504293,0.060873508978862546,0.15077562869639022,0.8164573815379332,0.04135499085171248,0.0,0.5408100314970454,-0.24926580516741348,1.5830399785361264
2026-08-18T06:23:43.150+00:00,1787034223.1505203,194035.153071,3.039077699999325,147,194035.0419246,23.425199993653223,87.47820000280626,10,0,0,4,1,0.0,1,estabilizada,1,1,1,,,,,,,,,,,,,nan,0.5408100314970454,-0.24926580516741348,1.5830399785361264
2026-08-18T06:23:43.298+00:00,1787034223.2989743,194035.3015591,3.1875657999771647,152,194035.2062219,13.218199979746714,82.09400001214817,1,0,0,4,1,0.0,1,estabilizada,1,1,1,,,,,,,,,,,,,nan,0.5407994673271576,-0.2492545099009508,1.5830477443179987
2026-08-18T06:23:43.298+00:00,1787034223.2989743,194035.3016032,3.1876098999928217,152,194035.2062219,13.218199979746714,82.09400001214817,2,1,1,4,1,0.0,1,estabilizada,1,1,1,972.5,254.75,1.0360323190689087,0.9219213128089905,1.007877162778307,0.8553372035032379,0.9950159127783069,0.843892703503238,-2.779393847633324,0.9992129985146719,0.8519300862455012,-3.067583673612207,0.0,0.5407994673271576,-0.2492545099009508,1.5830477443179987
2026-08-18T06:23:43.298+00:00,1787034223.2989743,194035.3016149,3.1876215999946,152,194035.2062219,13.218199979746714,82.09400001214817,3,1,1,4,1,0.0,1,estabilizada,1,1,1,447.0,275.0,0.14127525687217712,0.8927186131477356,0.1639891510487796,0.8277947462313527,0.1511279010487796,0.8163502462313528,0.06088027756010144,0.15077562869639022,0.8164573815379332,0.04135499085171248,0.0,0.5407994673271576,-0.2492545099009508,1.5830477443179987
2026-08-18T06:23:43.298+00:00,1787034223.2989743,194035.3016257,3.187632399989525,152,194035.2062219,13.218199979746714,82.09400001214817,10,0,0,4,1,0.0,1,estabilizada,1,1,1,,,,,,,,,,,,,nan,0.5407994673271576,-0.2492545099009508,1.5830477443179987
2026-08-18T06:23:43.444+00:00,1787034223.4446838,194035.4473468,3.3333534999983385,156,194035.3430113,25.041800021426752,79.26769999903627,1,0,0,4,1,0.0,1,estabilizada,1,1,1,,,,,,,,,,,,,nan,0.5407868406250963,-0.2492405405198789,1.5830562716921057
2026-08-18T06:23:43.444+00:00,1787034223.4446838,194035.4473904,3.3333970999810845,156,194035.3430113,25.041800021426752,79.26769999903627,2,0,0,4,1,0.0,1,estabilizada,1,1,1,,,,,,,,,,0.9992129985146719,0.8519300862455012,-3.067583673612207,149.52421188354492,0.5407868406250963,-0.2492405405198789,1.5830562716921057
2026-08-18T06:23:43.444+00:00,1787034223.4446838,194035.447421,3.3334276999812573,156,194035.3430113,25.041800021426752,79.26769999903627,3,1,1,4,1,0.0,1,estabilizada,1,1,1,446.25,275.25,0.1400718241930008,0.8922268152236938,0.1628532957829778,0.8273320519395607,0.1499920457829778,0.8158875519395608,0.025888745414908394,0.15077562869639022,0.8164573815379332,0.04135499085171248,0.0,0.5407868406250963,-0.2492405405198789,1.5830562716921057
2026-08-18T06:23:43.444+00:00,1787034223.4446838,194035.4474324,3.333439099980751,156,194035.3430113,25.041800021426752,79.26769999903627,10,0,0,4,1,0.0,1,estabilizada,1,1,1,,,,,,,,,,,,,nan,0.5407868406250963,-0.2492405405198789,1.5830562716921057
2026-08-18T06:23:43.582+00:00,1787034223.5827863,194035.5852343,3.4712409999920055,160,194035.4772297,32.17550000408664,75.80540000344627,1,0,0,4,1,0.0,1,estabilizada,1,1,1,,,,,,,,,,,,,nan,0.5407725816149738,-0.24922352882692753,1.5830668232369602
2026-08-18T06:23:43.582+00:00,1787034223.5827863,194035.5852795,3.4712861999869347,160,194035.4772297,32.17550000408664,75.80540000344627,2,1,1,4,1,0.0,1,estabilizada,1,1,1,971.25,256.25,1.0334292650222778,0.9188029170036316,1.00542090753804,0.8523986575107805,0.99255965753804,0.8409541575107805,-2.380027443289479,0.9983764043513266,0.8501531284096429,-2.9282662698010755,0.0,0.5407725816149738,-0.24922352882692753,1.5830668232369602
2026-08-18T06:23:43.582+00:00,1787034223.5827863,194035.5852907,3.4712973999849055,160,194035.4772297,32.17550000408664,75.80540000344627,3,1,1,4,1,0.0,1,estabilizada,1,1,1,447.0,275.0,0.14127136766910553,0.8927052021026611,0.16398368071070496,0.8277846414067342,0.15112243071070497,0.8163401414067343,0.060890571649427114,0.15077562869639022,0.8164573815379332,0.04135499085171248,0.0,0.5407725816149738,-0.24922352882692753,1.5830668232369602
2026-08-18T06:23:43.582+00:00,1787034223.5827863,194035.5853009,3.4713076000043657,160,194035.4772297,32.17550000408664,75.80540000344627,10,0,0,4,1,0.0,1,estabilizada,1,1,1,,,,,,,,,,,,,nan,0.5407725816149738,-0.24922352882692753,1.5830668232369602
2026-08-18T06:23:43.727+00:00,1787034223.7273839,194035.7301443,3.6161509999947157,165,194035.6396829,9.3489000282716,81.08609999180771,1,0,0,4,1,0.0,1,estabilizada,1,1,1,,,,,,,,,,,,,nan,0.5407602560407382,-0.24920535087777518,1.5830770673557248
2026-08-18T06:23:43.727+00:00,1787034223.7273839,194035.7301874,3.616194100002758,165,194035.6396829,9.3489000282716,81.08609999180771,2,1,1,4,1,0.0,1,estabilizada,1,1,1,972.5,257.75,1.0352030992507935,0.9156324863433838,1.0070933774902258,0.8494099331198601,0.9942321274902257,0.8379654331198602,-2.262277515956776,0.9983764043513266,0.8501531284096429,-2.782814394399859,0.0,0.5407602560407382,-0.24920535087777518,1.5830770673557248
2026-08-18T06:23:43.727+00:00,1787034223.7273839,194035.7301995,3.6162061999784783,165,194035.6396829,9.3489000282716,81.08609999180771,3,1,1,4,1,0.0,1,estabilizada,1,1,1,447.0,275.0,0.14126954972743988,0.892698347568512,0.1639811184246307,0.8277796301040306,0.1511198684246307,0.8163351301040306,0.060895203121810015,0.15077562869639022,0.8164573815379332,0.04135499085171248,0.0,0.5407602560407382,-0.24920535087777518,1.5830770673557248
2026-08-18T06:23:43.727+00:00,1787034223.7273839,194035.7302127,3.616219399991678,165,194035.6396829,9.3489000282716,81.08609999180771,10,0,0,4,1,0.0,1,estabilizada,1,1,1,,,,,,,,,,,,,nan,0.5407602560407382,-0.24920535087777518,1.5830770673557248
2026-08-18T06:23:43.867+00:00,1787034223.867718,194035.8709329,3.756939599988982,169,194035.774111,15.076499985298142,81.71940001193434,1,0,0,4,1,0.0,1,estabilizada,1,1,1,,,,,,,,,,,,,nan,0.5407542892284585,-0.24918724691040992,1.5830878597065332
2026-08-18T06:23:43.867+00:00,1787034223.867718,194035.8709765,3.756983200000832,169,194035.774111,15.076499985298142,81.71940001193434,2,1,1,4,1,0.0,1,estabilizada,1,1,1,972.75,258.0,1.035570502281189,0.9151020050048828,1.0074397457336648,0.848911090817845,0.9945784957336647,0.837466590817845,-2.2056195120081337,0.9969234100033912,0.8457657674996616,-2.512433089193111,0.0,0.5407542892284585,-0.24918724691040992,1.5830878597065332
2026-08-18T06:23:43.867+00:00,1787034223.867718,194035.8710038,3.7570105000049807,169,194035.774111,15.076499985298142,81.71940001193434,3,1,1,4,1,0.0,1,estabilizada,1,1,1,446.75,275.0,0.1408545970916748,0.8926976919174194,0.1635892621777822,0.8277804835234672,0.1507280121777822,0.8163359835234673,0.060900924014977126,0.15077562869639022,0.8164573815379332,0.04135499085171248,0.0,0.5407542892284585,-0.24918724691040992,1.5830878597065332
2026-08-18T06:23:43.867+00:00,1787034223.867718,194035.8710143,3.7570209999976214,169,194035.774111,15.076499985298142,81.71940001193434,10,0,0,4,1,0.0,1,estabilizada,1,1,1,,,,,,,,,,,,,nan,0.5407542892284585,-0.24918724691040992,1.5830878597065332
2026-08-18T06:23:44.013+00:00,1787034224.0134733,194036.0160439,3.9020505999797024,173,194035.9072029,24.383799987845123,84.32240001275204,1,0,0,4,1,0.0,1,estabilizada,1,1,1,,,,,,,,,,,,,nan,0.5407498545297708,-0.24916994477835847,1.583098026767122
2026-08-18T06:23:44.013+00:00,1787034224.0134733,194036.0162213,3.9022279999917373,173,194035.9072029,24.383799987845123,84.32240001275204,2,1,1,4,1,0.0,1,estabilizada,1,1,1,972.75,258.0,1.035569429397583,0.9151000380516052,1.007438662391925,0.8489106444177321,0.9945774123919249,0.8374661444177322,-2.20562148729117,0.9964129891750543,0.8440678576072423,-2.3130730526290533,0.0,0.5407498545297708,-0.24916994477835847,1.583098026767122
2026-08-18T06:23:44.013+00:00,1787034224.0134733,194036.0162609,3.902267600002233,173,194035.9072029,24.383799987845123,84.32240001275204,3,1,1,4,1,0.0,1,estabilizada,1,1,1,446.75,275.0,0.14085212349891663,0.8926908373832703,0.1635865310872291,0.8277754192240989,0.1507252810872291,0.816330919224099,0.06090779247134253,0.15077562869639022,0.8164573815379332,0.04135499085171248,0.0,0.5407498545297708,-0.24916994477835847,1.583098026767122
2026-08-18T06:23:44.013+00:00,1787034224.0134733,194036.0162887,3.902295399981085,173,194035.9072029,24.383799987845123,84.32240001275204,10,0,0,4,1,0.0,1,estabilizada,1,1,1,,,,,,,,,,,,,nan,0.5407498545297708,-0.24916994477835847,1.583098026767122
2026-08-18T06:23:44.169+00:00,1787034224.1699402,194036.1725118,4.058518499979982,178,194036.0722461,14.249800005927682,85.90959999128245,1,0,0,4,1,0.0,1,estabilizada,1,1,1,,,,,,,,,,,,,nan,0.54074762371844,-0.24915344583856944,1.583107061693768
2026-08-18T06:23:44.169+00:00,1787034224.1699402,194036.172622,4.058628700004192,178,194036.0722461,14.249800005927682,85.90959999128245,2,1,1,4,1,0.0,1,estabilizada,1,1,1,973.25,258.0,1.0364423990249634,0.9150863885879517,1.0082620372180644,0.8488990866462364,0.9954007872180644,0.8374545866462364,-2.1511037483811237,0.9964129891750543,0.8440678576072423,-2.239311130152544,0.0,0.54074762371844,-0.24915344583856944,1.583107061693768
2026-08-18T06:23:44.169+00:00,1787034224.1699402,194036.172655,4.058661699993536,178,194036.0722461,14.249800005927682,85.90959999128245,3,1,1,4,1,0.0,1,estabilizada,1,1,1,447.0,275.0,0.14126242697238922,0.8926780223846436,0.163973252144679,0.8277646412074152,0.15111200214467901,0.8163201412074153,0.06091254865333769,0.15077562869639022,0.8164573815379332,0.04135499085171248,0.0,0.54074762371844,-0.24915344583856944,1.583107061693768
2026-08-18T06:23:44.169+00:00,1787034224.1699402,194036.1726666,4.0586732999945525,178,194036.0722461,14.249800005927682,85.90959999128245,10,0,0,4,1,0.0,1,estabilizada,1,1,1,,,,,,,,,,,,,nan,0.54074762371844,-0.24915344583856944,1.583107061693768
2026-08-18T06:23:44.323+00:00,1787034224.3231242,194036.3259731,4.211979799991241,182,194036.2138103,27.111500006867573,85.02440000302158,1,0,0,4,1,0.0,1,estabilizada,1,1,1,,,,,,,,,,,,,nan,0.5407471906342939,-0.24913744641565672,1.5831152609633679
2026-08-18T06:23:44.323+00:00,1787034224.3231242,194036.3260165,4.212023200001568,182,194036.2138103,27.111500006867573,85.02440000302158,2,1,1,4,1,0.0,1,estabilizada,1,1,1,973.0,257.5,1.0361411571502686,0.9161360859870911,1.0079780422553326,0.849890361179645,0.9951167922553326,0.838445861179645,-2.098606289938264,0.9964129891750543,0.8440678576072423,-2.167504924926258,0.0,0.5407471906342939,-0.24913744641565672,1.5831152609633679
2026-08-18T06:23:44.323+00:00,1787034224.3231242,194036.3260305,4.212037199991755,182,194036.2138103,27.111500006867573,85.02440000302158,3,1,1,4,1,0.0,1,estabilizada,1,1,1,447.0,275.0,0.14125990867614746,0.8926711082458496,0.16397073476871782,0.8277593659024641,0.15110948476871783,0.8163148659024642,0.06091841090620615,0.15077562869639022,0.8164573815379332,0.04135499085171248,0.0,0.5407471906342939,-0.24913744641565672,1.5831152609633679
2026-08-18T06:23:44.323+00:00,1787034224.3231242,194036.3260425,4.212049199995818,182,194036.2138103,27.111500006867573,85.02440000302158,10,0,0,4,1,0.0,1,estabilizada,1,1,1,,,,,,,,,,,,,nan,0.5407471906342939,-0.24913744641565672,1.5831152609633679
2026-08-18T06:23:44.494+00:00,1787034224.4940746,194036.4968447,4.3828514000051655,187,194036.3750028,18.662999995285645,103.15430001355708,1,0,0,4,1,0.0,1,estabilizada,1,1,1,,,,,,,,,,,,,nan,0.5407480243727862,-0.24912170478199575,1.5831243206301995
2026-08-18T06:23:44.494+00:00,1787034224.4940746,194036.4968858,4.382892499997979,187,194036.3750028,18.662999995285645,103.15430001355708,2,1,1,4,1,0.0,1,estabilizada,1,1,1,971.75,258.25,1.033746361732483,0.9145950675010681,1.0057195985881264,0.8484382230001992,0.9928583485881264,0.8369937230001993,-2.255859986694346,0.9964129891750543,0.8440678576072423,-2.167504924926258,0.0,0.5407480243727862,-0.24912170478199575,1.5831243206301995
2026-08-18T06:23:44.494+00:00,1787034224.4940746,194036.496897,4.38290369999595,187,194036.3750028,18.662999995285645,103.15430001355708,3,1,1,4,1,0.0,1,estabilizada,1,1,1,447.0,275.0,0.14125697314739227,0.8926642537117004,0.16396788355521996,0.8277541674188396,0.15110663355521997,0.8163096674188396,0.06092426492830729,0.15077562869639022,0.8164573815379332,0.04135499085171248,0.0,0.5407480243727862,-0.24912170478199575,1.5831243206301995
2026-08-18T06:23:44.494+00:00,1787034224.4940746,194036.4969089,4.382915599999251,187,194036.3750028,18.662999995285645,103.15430001355708,10,0,0,4,1,0.0,1,estabilizada,1,1,1,,,,,,,,,,,,,nan,0.5407480243727862,-0.24912170478199575,1.5831243206301995
2026-08-18T06:23:44.653+00:00,1787034224.6534605,194036.6564175,4.542424199986272,192,194036.5422014,21.891299984417856,92.29810000397265,1,0,0,4,1,0.0,1,estabilizada,1,1,1,,,,,,,,,,,,,nan,0.5407504144316231,-0.24910917614471673,1.5831307061276585
2026-08-18T06:23:44.653+00:00,1787034224.6534605,194036.6564624,4.542469099978916,192,194036.5422014,21.891299984417856,92.29810000397265,2,1,1,4,1,0.0,1,estabilizada,1,1,1,967.5,260.0,1.0258400440216064,0.9110386371612549,0.9982629990599265,0.8450849526086176,0.9854017490599265,0.8336404526086176,-2.7075526610651317,0.9964129891750543,0.8440678576072423,-2.224586900938365,0.0,0.5407504144316231,-0.24910917614471673,1.5831307061276585
2026-08-18T06:23:44.653+00:00,1787034224.6534605,194036.6564769,4.542483600002015,192,194036.5422014,21.891299984417856,92.29810000397265,3,1,1,4,1,0.0,1,estabilizada,1,1,1,447.0,275.25,0.1412908434867859,0.8921549320220947,0.16399987265657096,0.8272747744094292,0.15113862265657096,0.8158302744094292,0.023524237304810708,0.15077562869639022,0.8164573815379332,0.04135499085171248,0.0,0.5407504144316231,-0.24910917614471673,1.5831307061276585
2026-08-18T06:23:44.653+00:00,1787034224.6534605,194036.6564902,4.5424968999868724,192,194036.5422014,21.891299984417856,92.29810000397265,10,0,0,4,1,0.0,1,estabilizada,1,1,1,,,,,,,,,,,,,nan,0.5407504144316231,-0.24910917614471673,1.5831307061276585
2026-08-18T06:23:44.806+00:00,1787034224.8062317,194036.8090409,4.695047599991085,197,194036.7084025,11.57729999977164,89.0369999979157,1,0,0,4,1,0.0,1,estabilizada,1,1,1,,,,,,,,,,,,,nan,0.5407541795020738,-0.24909684392438425,1.5831364573192326
2026-08-18T06:23:44.806+00:00,1787034224.8062317,194036.8090843,4.695091000001412,197,194036.7084025,11.57729999977164,89.0369999979157,2,1,1,4,1,0.0,1,estabilizada,1,1,1,962.75,261.0,1.0172771215438843,0.9090638756752014,0.9901871858750508,0.8432233953539626,0.9773259358750508,0.8317788953539627,-2.821572238264198,0.9856188866165847,0.8363330272164127,-2.6451631582433373,0.0,0.5407541795020738,-0.24909684392438425,1.5831364573192326
2026-08-18T06:23:44.806+00:00,1787034224.8062317,194036.8090966,4.695103299978655,197,194036.7084025,11.57729999977164,89.0369999979157,3,1,1,4,1,0.0,1,estabilizada,1,1,1,447.0,275.0,0.14125198125839233,0.8926517963409424,0.1639633512579281,0.8277443291742262,0.1511021012579281,0.8162998291742263,0.06093381928058044,0.15077562869639022,0.8164573815379332,0.04135499085171248,0.0,0.5407541795020738,-0.24909684392438425,1.5831364573192326
2026-08-18T06:23:44.806+00:00,1787034224.8062317,194036.8091094,4.695116099988809,197,194036.7084025,11.57729999977164,89.0369999979157,10,0,0,4,1,0.0,1,estabilizada,1,1,1,,,,,,,,,,,,,nan,0.5407541795020738,-0.24909684392438425,1.5831364573192326
2026-08-18T06:23:44.984+00:00,1787034224.984481,194036.9874592,4.873465899989242,202,194036.8723013,17.911900009494275,97.21009997883812,1,0,0,4,1,0.0,1,estabilizada,1,1,1,,,,,,,,,,,,,nan,0.5407595563598828,-0.2490837580019139,1.5831421418310245
2026-08-18T06:23:44.984+00:00,1787034224.984481,194036.9875255,4.8735321999993175,202,194036.8723013,17.911900009494275,97.21009997883812,2,1,1,4,1,0.0,1,estabilizada,1,1,1,959.25,261.25,1.0111026763916016,0.9086242318153381,0.9843641545088502,0.8428097251261,0.9715029045088501,0.8313652251261,-2.984980872387976,0.9837632744739303,0.8353140048386614,-2.6886503265057002,0.0,0.5407595563598828,-0.2490837580019139,1.5831421418310245
2026-08-18T06:23:44.984+00:00,1787034224.984481,194036.9875407,4.8735473999986425,202,194036.8723013,17.911900009494275,97.21009997883812,3,1,1,4,1,0.0,1,estabilizada,1,1,1,447.0,275.25,0.14128565788269043,0.892142653465271,0.16399533752103634,0.8272651075278896,0.15113408752103635,0.8158206075278897,0.023533286056185734,0.15077562869639022,0.8164573815379332,0.04135499085171248,0.0,0.5407595563598828,-0.2490837580019139,1.5831421418310245
2026-08-18T06:23:44.984+00:00,1787034224.984481,194036.9875525,4.873559200001182,202,194036.8723013,17.911900009494275,97.21009997883812,10,0,0,4,1,0.0,1,estabilizada,1,1,1,,,,,,,,,,,,,nan,0.5407595563598828,-0.2490837580019139,1.5831421418310245
2026-08-18T06:23:45.156+00:00,1787034225.1561303,194037.1596351,5.04564179998124,207,194037.0473231,13.336500007426366,98.94539997912943,1,0,0,4,1,0.0,1,estabilizada,1,1,1,,,,,,,,,,,,,nan,0.5407669502655252,-0.2490709284456325,1.5831473664698181
2026-08-18T06:23:45.156+00:00,1787034225.1561303,194037.1597011,5.045707799989032,207,194037.0473231,13.336500007426366,98.94539997912943,2,1,1,4,1,0.0,1,estabilizada,1,1,1,955.0,261.0,1.003753900527954,0.909244179725647,0.977433656180434,0.843395376295633,0.9645724061804339,0.831950876295633,3.0446687315026373,0.9808355117757606,0.8345108934867631,-2.894282054747187,0.0,0.5407669502655252,-0.2490709284456325,1.5831473664698181
2026-08-18T06:23:45.156+00:00,1787034225.1561303,194037.159713,5.045719699992333,207,194037.0473231,13.336500007426366,98.94539997912943,3,1,1,4,1,0.0,1,estabilizada,1,1,1,447.0,275.0,0.14124664664268494,0.8926401138305664,0.16395888941148923,0.8277352313280713,0.15109763941148924,0.8162907313280713,0.0609444965579291,0.15077562869639022,0.8164573815379332,0.04135499085171248,0.0,0.5407669502655252,-0.2490709284456325,1.5831473664698181
2026-08-18T06:23:45.156+00:00,1787034225.1561303,194037.1597337,5.0457404000044335,207,194037.0473231,13.336500007426366,98.94539997912943,10,0,0,4,1,0.0,1,estabilizada,1,1,1,,,,,,,,,,,,,nan,0.5407669502655252,-0.2490709284456325,1.5831473664698181
2026-08-18T06:23:45.311+00:00,1787034225.3112838,194037.3146259,5.200632599997334,212,194037.2057869,23.409799992805347,85.40519999223761,1,0,0,4,1,0.0,1,estabilizada,1,1,1,,,,,,,,,,,,,nan,0.5407765508884815,-0.24905735420427583,1.5831541331876893
2026-08-18T06:23:45.311+00:00,1787034225.3112838,194037.3146685,5.2006752000015695,212,194037.2057869,23.409799992805347,85.40519999223761,2,0,0,4,1,0.0,1,estabilizada,1,1,1,,,,,,,,,,0.9808355117757606,0.8345108934867631,-2.894282054747187,168.95341873168945,0.5407765508884815,-0.24905735420427583,1.5831541331876893
2026-08-18T06:23:45.311+00:00,1787034225.3112838,194037.3146827,5.20068939999328,212,194037.2057869,23.409799992805347,85.40519999223761,3,1,1,4,1,0.0,1,estabilizada,1,1,1,447.0,275.0,0.14124354720115662,0.8926345705986023,0.16395641487340135,0.8277310523130095,0.15109516487340136,0.8162865523130095,0.06094815543784772,0.15077562869639022,0.8164573815379332,0.04135499085171248,0.0,0.5407765508884815,-0.24905735420427583,1.5831541331876893
2026-08-18T06:23:45.312+00:00,1787034225.3122919,194037.3147127,5.200719399988884,212,194037.2057869,23.409799992805347,85.40519999223761,10,0,0,4,1,0.0,1,estabilizada,1,1,1,,,,,,,,,,,,,nan,0.5407765508884815,-0.24905735420427583,1.5831541331876893
2026-08-18T06:23:45.450+00:00,1787034225.4507825,194037.4541668,5.340173499978846,217,194037.3722911,3.7500000034924597,78.0994999804534,1,0,0,4,1,0.0,1,estabilizada,1,1,1,,,,,,,,,,,,,nan,0.5407892235491822,-0.24904370220147773,1.5831616037465222
2026-08-18T06:23:45.451+00:00,1787034225.4517875,194037.4542182,5.340224899991881,217,194037.3722911,3.7500000034924597,78.0994999804534,2,1,1,4,1,0.0,1,estabilizada,1,1,1,944.0,261.5,0.9844527244567871,0.9084603786468506,0.9592312214925973,0.8426582728922514,0.9463699714925973,0.8312137728922514,3.1272557436608213,0.9766677529879926,0.8338107621889982,-2.936737510403424,0.0,0.5407892235491822,-0.24904370220147773,1.5831616037465222
2026-08-18T06:23:45.451+00:00,1787034225.4517875,194037.4542303,5.340236999996705,217,194037.3722911,3.7500000034924597,78.0994999804534,3,1,1,4,1,0.0,1,estabilizada,1,1,1,447.0,275.0,0.1412401795387268,0.8926292061805725,0.1639538518990492,0.8277270752097181,0.15109260189904922,0.8162825752097181,0.060953968324263405,0.15077562869639022,0.8164573815379332,0.04135499085171248,0.0,0.5407892235491822,-0.24904370220147773,1.5831616037465222
2026-08-18T06:23:45.451+00:00,1787034225.4517875,194037.4542409,5.340247599990107,217,194037.3722911,3.7500000034924597,78.0994999804534,10,0,0,4,1,0.0,1,estabilizada,1,1,1,,,,,,,,,,,,,nan,0.5407892235491822,-0.24904370220147773,1.5831616037465222
2026-08-18T06:23:45.588+00:00,1787034225.5880513,194037.5915528,5.47755949999555,221,194037.5062584,7.295599993085489,77.97469999059103,1,0,0,4,1,0.0,1,estabilizada,1,1,1,,,,,,,,,,,,,nan,0.5407999318397765,-0.2490318916738604,1.5831680781336712
2026-08-18T06:23:45.588+00:00,1787034225.5880513,194037.5915962,5.477602900005877,221,194037.5062584,7.295599993085489,77.97469999059103,2,1,1,4,1,0.0,1,estabilizada,1,1,1,940.75,262.0,0.9786670804023743,0.9074954986572266,0.9537751918436495,0.8417491849414381,0.9409139418436494,0.8303046849414382,-3.0748331613590487,0.9738002732925944,0.8332309914735506,-2.9809156460627455,0.0,0.5407999318397765,-0.2490318916738604,1.5831680781336712
2026-08-18T06:23:45.588+00:00,1787034225.5880513,194037.591608,5.477614699979313,221,194037.5062584,7.295599993085489,77.97469999059103,3,1,1,4,1,0.0,1,estabilizada,1,1,1,447.0,275.0,0.14123685657978058,0.8926239013671875,0.1639512337012497,0.8277230087880364,0.1510899837012497,0.8162785087880364,0.06095863364188512,0.15077562869639022,0.8164573815379332,0.04135499085171248,0.0,0.5407999318397765,-0.2490318916738604,1.5831680781336712
2026-08-18T06:23:45.588+00:00,1787034225.5880513,194037.5916185,5.477625200001057,221,194037.5062584,7.295599993085489,77.97469999059103,10,0,0,4,1,0.0,1,estabilizada,1,1,1,,,,,,,,,,,,,nan,0.5407999318397765,-0.2490318916738604,1.5831680781336712
2026-08-18T06:23:45.731+00:00,1787034225.7317731,194037.7346627,5.620669399999315,225,194037.6390822,10.149199981242418,85.39449999807402,1,0,0,4,1,0.0,1,estabilizada,1,1,1,,,,,,,,,,,,,nan,0.5408109654805912,-0.24902109484058105,1.5831744752455204
2026-08-18T06:23:45.731+00:00,1787034225.7317731,194037.7347597,5.620766399981221,225,194037.6390822,10.149199981242418,85.39449999807402,2,0,0,4,1,0.0,1,estabilizada,1,1,1,,,,,,,,,,0.9738002732925944,0.8332309914735506,-2.9809156460627455,135.41722297668457,0.5408109654805912,-0.24902109484058105,1.5831744752455204
2026-08-18T06:23:45.731+00:00,1787034225.7317731,194037.7347746,5.620781299978262,225,194037.6390822,10.149199981242418,85.39449999807402,3,1,1,4,1,0.0,1,estabilizada,1,1,1,447.0,275.0,0.14123357832431793,0.8926182985305786,0.16394867726405266,0.8277186004808925,0.15108742726405266,0.8162741004808926,0.06096220123536855,0.15077562869639022,0.8164573815379332,0.04135499085171248,0.0,0.5408109654805912,-0.24902109484058105,1.5831744752455204
2026-08-18T06:23:45.731+00:00,1787034225.7317731,194037.7347879,5.620794599992223,225,194037.6390822,10.149199981242418,85.39449999807402,10,0,0,4,1,0.0,1,estabilizada,1,1,1,,,,,,,,,,,,,nan,0.5408109654805912,-0.24902109484058105,1.5831744752455204
2026-08-18T06:23:45.873+00:00,1787034225.873762,194037.8769915,5.76299819999258,229,194037.7730882,27.47030000318773,76.4089000003878,1,0,0,4,1,0.0,1,estabilizada,1,1,1,,,,,,,,,,,,,nan,0.5408244076942376,-0.24901152657259326,1.5831803801452236
2026-08-18T06:23:45.873+00:00,1787034225.873762,194037.8770337,5.76304039999377,229,194037.7730882,27.47030000318773,76.4089000003878,2,1,1,4,1,0.0,1,estabilizada,1,1,1,931.25,264.5,0.9615353345870972,0.9025245308876038,0.9376189294223969,0.8370624733285584,0.9247576794223968,0.8256179733285585,-2.936264695478086,0.9581914882840057,0.8319340053551529,-3.0259817439210837,0.0,0.5408244076942376,-0.24901152657259326,1.5831803801452236
2026-08-18T06:23:45.873+00:00,1787034225.873762,194037.8770459,5.763052599999355,229,194037.7730882,27.47030000318773,76.4089000003878,3,1,1,4,1,0.0,1,estabilizada,1,1,1,447.0,275.0,0.14122998714447021,0.8926128149032593,0.1639459696695822,0.8277142145786379,0.1510847196695822,0.816269714578638,0.060966858323566575,0.15077562869639022,0.8164573815379332,0.04135499085171248,0.0,0.5408244076942376,-0.24901152657259326,1.5831803801452236
2026-08-18T06:23:45.873+00:00,1787034225.873762,194037.8770554,5.763062099984381,229,194037.7730882,27.47030000318773,76.4089000003878,10,0,0,4,1,0.0,1,estabilizada,1,1,1,,,,,,,,,,,,,nan,0.5408244076942376,-0.24901152657259326,1.5831803801452236
2026-08-18T06:23:46.019+00:00,1787034226.0195289,194038.0220203,5.908026999997674,233,194037.9071013,26.97560001979582,87.9160999902524,1,0,0,4,1,0.0,1,estabilizada,1,1,1,,,,,,,,,,,,,nan,0.5408327467283448,-0.24900601213680268,1.5831835104035943
2026-08-18T06:23:46.019+00:00,1787034226.0195289,194038.0220681,5.9080747999832965,233,194037.9071013,26.97560001979582,87.9160999902524,2,1,1,4,1,0.0,1,estabilizada,1,1,1,926.4056396484375,267.0167236328125,0.9525294303894043,0.8974245190620422,0.929125509564048,0.8322528272588645,0.916264259564048,0.8208083272588645,-2.850057467516374,0.9470567936268885,0.8298117022573333,-3.0259817439210837,0.0,0.5408327467283448,-0.24900601213680268,1.5831835104035943
2026-08-18T06:23:46.019+00:00,1787034226.0195289,194038.0220828,5.908089499978814,233,194037.9071013,26.97560001979582,87.9160999902524,3,1,1,4,1,0.0,1,estabilizada,1,1,1,446.5,275.0,0.1404014676809311,0.892618715763092,0.16316497859261314,0.827720221788254,0.15030372859261315,0.816275721788254,0.06097043430250362,0.15077562869639022,0.8164573815379332,0.04135499085171248,0.0,0.5408327467283448,-0.24900601213680268,1.5831835104035943
2026-08-18T06:23:46.019+00:00,1787034226.0195289,194038.0220959,5.908102599991253,233,194037.9071013,26.97560001979582,87.9160999902524,10,0,0,4,1,0.0,1,estabilizada,1,1,1,,,,,,,,,,,,,nan,0.5408327467283448,-0.24900601213680268,1.5831835104035943
2026-08-18T06:23:46.175+00:00,1787034226.1755822,194038.1780248,6.064031499990961,238,194038.0726109,15.417899994645268,89.97070000623353,1,0,0,4,1,0.0,1,estabilizada,1,1,1,,,,,,,,,,,,,nan,0.5408389041411313,-0.24899986287288517,1.5831872161665899
2026-08-18T06:23:46.175+00:00,1787034226.1755822,194038.1780671,6.0640737999929115,238,194038.0726109,15.417899994645268,89.97070000623353,2,1,1,4,1,0.0,1,estabilizada,1,1,1,921.9888916015625,269.882568359375,0.9442088603973389,0.8916079998016357,0.9212783467522371,0.8267674638293536,0.9084170967522371,0.8153229638293537,-2.7485903966724954,0.9406819941575353,0.8283315873097803,-3.000637029814596,0.0,0.5408389041411313,-0.24899986287288517,1.5831872161665899
2026-08-18T06:23:46.175+00:00,1787034226.1755822,194038.1780792,6.064085899997735,238,194038.0726109,15.417899994645268,89.97070000623353,3,1,1,4,1,0.0,1,estabilizada,1,1,1,447.0,275.25,0.14125961065292358,0.8920975923538208,0.1639746351596365,0.8272292243416848,0.15111338515963652,0.8157847243416848,0.023570294293596975,0.15077562869639022,0.8164573815379332,0.04135499085171248,0.0,0.5408389041411313,-0.24899986287288517,1.5831872161665899
2026-08-18T06:23:46.175+00:00,1787034226.1755822,194038.1780887,6.064095399982762,238,194038.0726109,15.417899994645268,89.97070000623353,10,0,0,4,1,0.0,1,estabilizada,1,1,1,,,,,,,,,,,,,nan,0.5408389041411313,-0.24899986287288517,1.5831872161665899
2026-08-18T06:23:46.322+00:00,1787034226.3225677,194038.3258919,6.211898599984124,242,194038.2057963,32.85150000010617,87.19369999016635,1,0,0,4,1,0.0,1,estabilizada,1,1,1,,,,,,,,,,,,,nan,0.5408472998534107,-0.24899375417177821,1.5831909206823003
2026-08-18T06:23:46.322+00:00,1787034226.3225677,194038.325953,6.211959699983709,242,194038.2057963,32.85150000010617,87.19369999016635,2,0,0,4,1,0.0,1,estabilizada,1,1,1,,,,,,,,,,0.9406819941575353,0.8283315873097803,-3.000637029814596,150.39587020874023,0.5408472998534107,-0.24899375417177821,1.5831909206823003
2026-08-18T06:23:46.322+00:00,1787034226.3225677,194038.3259698,6.211976499995217,242,194038.2057963,32.85150000010617,87.19369999016635,3,1,1,4,1,0.0,1,estabilizada,1,1,1,447.0,275.0,0.14121989905834198,0.8925948739051819,0.16393760518064332,0.8276987358685592,0.15107635518064333,0.8162542358685593,0.06098087142203128,0.15077562869639022,0.8164573815379332,0.04135499085171248,0.0,0.5408472998534107,-0.24899375417177821,1.5831909206823003
2026-08-18T06:23:46.323+00:00,1787034226.3235805,194038.3259826,6.211989300005371,242,194038.2057963,32.85150000010617,87.19369999016635,10,0,0,4,1,0.0,1,estabilizada,1,1,1,,,,,,,,,,,,,nan,0.5408472998534107,-0.24899375417177821,1.5831909206823003
2026-08-18T06:23:46.480+00:00,1787034226.480225,194038.4832299,6.369236600003205,247,194038.3842085,12.06759997876361,86.91350001026876,1,0,0,4,1,0.0,1,estabilizada,1,1,1,,,,,,,,,,,,,nan,0.5408566618094134,-0.24898834613211657,1.5831937640392901
2026-08-18T06:23:46.480+00:00,1787034226.480225,194038.4832743,6.369280999992043,247,194038.3842085,12.06759997876361,86.91350001026876,2,1,1,4,1,0.0,1,estabilizada,1,1,1,912.25,275.25,0.9261648058891296,0.8807988166809082,0.9042611490185396,0.8165736744634777,0.8913998990185397,0.8051291744634778,-2.7389586084388586,0.9334013385790629,0.8260883708046503,-2.966090923107127,0.0,0.5408566618094134,-0.24898834613211657,1.5831937640392901
2026-08-18T06:23:46.480+00:00,1787034226.480225,194038.4832869,6.369293600000674,247,194038.3842085,12.06759997876361,86.91350001026876,3,1,1,4,1,0.0,1,estabilizada,1,1,1,447.0,275.25,0.14125315845012665,0.8920865058898926,0.16396946527196382,0.8272196910914531,0.15110821527196383,0.8157751910914531,0.023579238123530407,0.15077562869639022,0.8164573815379332,0.04135499085171248,0.0,0.5408566618094134,-0.24898834613211657,1.5831937640392901
2026-08-18T06:23:46.480+00:00,1787034226.480225,194038.483299,6.369305700005498,247,194038.3842085,12.06759997876361,86.91350001026876,10,0,0,4,1,0.0,1,estabilizada,1,1,1,,,,,,,,,,,,,nan,0.5408566618094134,-0.24898834613211657,1.5831937640392901
2026-08-18T06:23:46.628+00:00,1787034226.6284409,194038.6313191,6.517325799999526,252,194038.538546,10.44690000708215,82.30300000286661,1,0,0,4,1,0.0,1,estabilizada,1,1,1,,,,,,,,,,,,,nan,0.5408637349925531,-0.24898368888046535,1.5831955235794737
2026-08-18T06:23:46.628+00:00,1787034226.6284409,194038.6313653,6.517372000002069,252,194038.538546,10.44690000708215,82.30300000286661,2,1,1,4,1,0.0,1,estabilizada,1,1,1,908.75,277.5,0.9196361303329468,0.8762719631195068,0.898104035861405,0.812304495316776,0.8852427858614049,0.800859995316776,-2.7004421737676125,0.9257605917688501,0.8227960656157522,-2.9284068880203376,0.0,0.5408637349925531,-0.24898368888046535,1.5831955235794737
2026-08-18T06:23:46.628+00:00,1787034226.6284409,194038.6313792,6.5173858999914955,252,194038.538546,10.44690000708215,82.30300000286661,3,1,1,4,1,0.0,1,estabilizada,1,1,1,446.75,275.25,0.140838161110878,0.8920873999595642,0.1635784361515455,0.827220871178953,0.1507171861515455,0.8157763711789531,0.023582615005683996,0.15077562869639022,0.8164573815379332,0.04135499085171248,0.0,0.5408637349925531,-0.24898368888046535,1.5831955235794737
2026-08-18T06:23:46.628+00:00,1787034226.6284409,194038.6313916,6.517398299998604,252,194038.538546,10.44690000708215,82.30300000286661,10,0,0,4,1,0.0,1,estabilizada,1,1,1,,,,,,,,,,,,,nan,0.5408637349925531,-0.24898368888046535,1.5831955235794737
2026-08-18T06:23:46.773+00:00,1787034226.7736037,194038.7761173,6.662123999994947,256,194038.6716826,17.696800001431257,86.70050001819618,1,0,0,4,1,0.0,1,estabilizada,1,1,1,,,,,,,,,,,,,nan,0.5408728220405379,-0.2489768739171899,1.5831984953258909
2026-08-18T06:23:46.773+00:00,1787034226.7736037,194038.7761696,6.662176299985731,256,194038.6716826,17.696800001431257,86.70050001819618,2,1,1,4,1,0.0,1,estabilizada,1,1,1,904.75,279.25,0.9123703241348267,0.8727904558181763,0.8912518255465598,0.8090214085545219,0.8783905755465597,0.7975769085545219,-2.6960889073515473,0.8960401409362994,0.806994297139557,-2.821417048787265,0.0,0.5408728220405379,-0.2489768739171899,1.5831984953258909
2026-08-18T06:23:46.773+00:00,1787034226.7736037,194038.7761833,6.662190000002738,256,194038.6716826,17.696800001431257,86.70050001819618,3,1,1,4,1,0.0,1,estabilizada,1,1,1,447.0,275.0,0.1412116438150406,0.8925797939300537,0.16393116139068775,0.8276857832235164,0.15106991139068776,0.8162412832235164,0.0609915332904011,0.15077562869639022,0.8164573815379332,0.04135499085171248,0.0,0.5408728220405379,-0.2489768739171899,1.5831984953258909
2026-08-18T06:23:46.773+00:00,1787034226.7736037,194038.7762113,6.662217999983113,256,194038.6716826,17.696800001431257,86.70050001819618,10,0,0,4,1,0.0,1,estabilizada,1,1,1,,,,,,,,,,,,,nan,0.5408728220405379,-0.2489768739171899,1.5831984953258909
2026-08-18T06:23:46.904+00:00,1787034226.9049544,194038.9081949,6.794201599986991,260,194038.8080431,26.46749999257736,73.63719999557361,1,0,0,4,1,0.0,1,estabilizada,1,1,1,,,,,,,,,,,,,nan,0.5408803188058346,-0.2489688816765968,1.5832009082261158
2026-08-18T06:23:46.904+00:00,1787034226.9049544,194038.9082643,6.794270999991568,260,194038.8080431,26.46749999257736,73.63719999557361,2,1,1,4,1,0.0,1,estabilizada,1,1,1,901.5,280.75,0.9064605236053467,0.8698071837425232,0.8856784369725004,0.8062082776500942,0.8728171869725003,0.7947637776500942,-2.7313339622207455,0.891176758093817,0.804283681644166,-2.79715320235099,0.0,0.5408803188058346,-0.2489688816765968,1.5832009082261158
2026-08-18T06:23:46.904+00:00,1787034226.9049544,194038.908288,6.794294699997408,260,194038.8080431,26.46749999257736,73.63719999557361,3,1,1,4,1,0.0,1,estabilizada,1,1,1,447.0,275.0,0.14120914041996002,0.8925749659538269,0.16392919184731264,0.8276817829390121,0.15106794184731265,0.8162372829390121,0.06099403662768575,0.15077562869639022,0.8164573815379332,0.04135499085171248,0.0,0.5408803188058346,-0.2489688816765968,1.5832009082261158
2026-08-18T06:23:46.904+00:00,1787034226.9049544,194038.9083155,6.79432220000308,260,194038.8080431,26.46749999257736,73.63719999557361,10,0,0,4,1,0.0,1,estabilizada,1,1,1,,,,,,,,,,,,,nan,0.5408803188058346,-0.2489688816765968,1.5832009082261158
2026-08-18T06:23:47.057+00:00,1787034227.0576062,194039.060891,6.946897699992405,265,194038.9718749,3.4063000057358295,85.4778999928385,1,0,0,4,1,0.0,1,estabilizada,1,1,1,,,,,,,,,,,,,nan,0.54088893501022,-0.24895933401607462,1.5832041783450048
2026-08-18T06:23:47.058+00:00,1787034227.0586083,194039.0609966,6.9470032999815885,265,194038.9718749,3.4063000057358295,85.4778999928385,2,1,1,4,1,0.0,1,estabilizada,1,1,1,897.5,283.0,0.8991175889968872,0.8653208613395691,0.8787534570044473,0.801977662178207,0.8658922070044472,0.790533162178207,-2.73141709495245,0.8878559103674923,0.802360152164084,-2.779590439912466,0.0,0.54088893501022,-0.24895933401607462,1.5832041783450048
2026-08-18T06:23:47.058+00:00,1787034227.0586083,194039.0610146,6.947021300002234,265,194038.9718749,3.4063000057358295,85.4778999928385,3,1,1,4,1,0.0,1,estabilizada,1,1,1,447.0,275.0,0.14120657742023468,0.8925700783729553,0.1639272174205038,0.827677849991895,0.15106596742050382,0.816233349991895,0.06099762949173927,0.15077562869639022,0.8164573815379332,0.04135499085171248,0.0,0.54088893501022,-0.24895933401607462,1.5832041783450048
2026-08-18T06:23:47.058+00:00,1787034227.0586083,194039.0610275,6.947034199984046,265,194038.9718749,3.4063000057358295,85.4778999928385,10,0,0,4,1,0.0,1,estabilizada,1,1,1,,,,,,,,,,,,,nan,0.54088893501022,-0.24895933401607462,1.5832041783450048
2026-08-18T06:23:47.206+00:00,1787034227.2067447,194039.2100775,7.09608419999131,269,194039.1115975,18.38959997985512,80.06530001875944,1,0,0,4,1,0.0,1,estabilizada,1,1,1,,,,,,,,,,,,,nan,0.5408975975168959,-0.24894833422723284,1.5832088458702225
2026-08-18T06:23:47.206+00:00,1787034227.2067447,194039.2101207,7.096127400000114,269,194039.1115975,18.38959997985512,80.06530001875944,2,1,1,4,1,0.0,1,estabilizada,1,1,1,894.25,285.0,0.8931294083595276,0.8613342642784119,0.8731062363954951,0.7982185015499746,0.8602449863954951,0.7867740015499747,-2.768437521029129,0.8839770659117595,0.8004008664991138,-2.769065081529934,0.0,0.5408975975168959,-0.24894833422723284,1.5832088458702225
2026-08-18T06:23:47.207+00:00,1787034227.207755,194039.2101332,7.09613989997888,269,194039.1115975,18.38959997985512,80.06530001875944,3,1,1,4,1,0.0,1,estabilizada,1,1,1,447.0,275.0,0.14120380580425262,0.8925652503967285,0.16392502881154664,0.8276741130814321,0.15106377881154665,0.8162296130814322,0.06100118080270396,0.15077562869639022,0.8164573815379332,0.04135499085171248,0.0,0.5408975975168959,-0.24894833422723284,1.5832088458702225
2026-08-18T06:23:47.207+00:00,1787034227.207755,194039.2101461,7.096152799989795,269,194039.1115975,18.38959997985512,80.06530001875944,10,0,0,4,1,0.0,1,estabilizada,1,1,1,,,,,,,,,,,,,nan,0.5408975975168959,-0.24894833422723284,1.5832088458702225
2026-08-18T06:23:47.348+00:00,1787034227.3484943,194039.3516364,7.237643100001151,273,194039.2440483,25.304700015112758,82.25829998264089,1,0,0,4,1,0.0,1,estabilizada,1,1,1,,,,,,,,,,,,,nan,0.5409098806563852,-0.2489386353505315,1.5832131995097387
2026-08-18T06:23:47.348+00:00,1787034227.3484943,194039.3516796,7.237686299980851,273,194039.2440483,25.304700015112758,82.25829998264089,2,1,1,4,1,0.0,1,estabilizada,1,1,1,890.5,286.25,0.8864488005638123,0.8588902354240417,0.8668061505396092,0.795914131889416,0.8539449005396091,0.784469631889416,-2.7816814398163086,0.8789986067391345,0.7976844525452672,-2.769065081529934,0.0,0.5409098806563852,-0.2489386353505315,1.5832131995097387
2026-08-18T06:23:47.348+00:00,1787034227.3484943,194039.3516918,7.237698499986436,273,194039.2440483,25.304700015112758,82.25829998264089,3,1,1,4,1,0.0,1,estabilizada,1,1,1,446.75,275.0,0.1407880336046219,0.8925663828849792,0.16353352754429468,0.8276759109807473,0.15067227754429469,0.8162314109807474,0.061005821655009215,0.15077562869639022,0.8164573815379332,0.04135499085171248,0.0,0.5409098806563852,-0.2489386353505315,1.5832131995097387
2026-08-18T06:23:47.348+00:00,1787034227.3484943,194039.3517044,7.237711099995067,273,194039.2440483,25.304700015112758,82.25829998264089,10,0,0,4,1,0.0,1,estabilizada,1,1,1,,,,,,,,,,,,,nan,0.5409098806563852,-0.2489386353505315,1.5832131995097387
2026-08-18T06:23:47.498+00:00,1787034227.4989772,194039.5023024,7.388309100002516,278,194039.4096384,13.61010002437979,79.02679999824613,1,0,0,4,1,0.0,1,estabilizada,1,1,1,,,,,,,,,,,,,nan,0.5409196767146848,-0.24893152232742286,1.5832162745569285
2026-08-18T06:23:47.499+00:00,1787034227.4999666,194039.5023475,7.388354199996684,278,194039.4096384,13.61010002437979,79.02679999824613,2,0,0,4,1,0.0,1,estabilizada,1,1,1,,,,,,,,,,0.8789986067391345,0.7976844525452672,-2.769065081529934,154.24704551696777,0.5409196767146848,-0.24893152232742286,1.5832162745569285
2026-08-18T06:23:47.499+00:00,1787034227.4999666,194039.5023606,7.388367299980018,278,194039.4096384,13.61010002437979,79.02679999824613,3,1,1,4,1,0.0,1,estabilizada,1,1,1,447.0,275.25,0.14123378694057465,0.8920523524284363,0.16395445414047238,0.8271916316423482,0.1510932041404724,0.8157471316423482,0.02360400583678434,0.15077562869639022,0.8164573815379332,0.04135499085171248,0.0,0.5409196767146848,-0.24893152232742286,1.5832162745569285
2026-08-18T06:23:47.499+00:00,1787034227.4999666,194039.5023706,7.388377299997956,278,194039.4096384,13.61010002437979,79.02679999824613,10,0,0,4,1,0.0,1,estabilizada,1,1,1,,,,,,,,,,,,,nan,0.5409196767146848,-0.24893152232742286,1.5832162745569285
2026-08-18T06:23:47.646+00:00,1787034227.6461256,194039.6496225,7.5356291999924,282,194039.539166,30.438999994657934,79.99160001054406,1,0,0,4,1,0.0,1,estabilizada,1,1,1,,,,,,,,,,,,,nan,0.5409270117288456,-0.2489240382462029,1.5832198916504179
2026-08-18T06:23:47.646+00:00,1787034227.6461256,194039.6496649,7.535671599995112,282,194039.539166,30.438999994657934,79.99160001054406,2,1,1,4,1,0.0,1,estabilizada,1,1,1,880.75,289.75,0.8690804839134216,0.8520487546920776,0.8504262131754357,0.7894626591743209,0.8375649631754356,0.7780181591743209,-2.8975353843621705,0.87374110221824,0.7946257500450747,-2.769065081529934,0.0,0.5409270117288456,-0.2489240382462029,1.5832198916504179
2026-08-18T06:23:47.646+00:00,1787034227.6461256,194039.6496768,7.535683499998413,282,194039.539166,30.438999994657934,79.99160001054406,3,1,1,4,1,0.0,1,estabilizada,1,1,1,447.0,275.25,0.14123056828975677,0.892047107219696,0.16395178351654283,0.8271872582287355,0.15109053351654284,0.8157427582287355,0.02360847968201024,0.15077562869639022,0.8164573815379332,0.04135499085171248,0.0,0.5409270117288456,-0.2489240382462029,1.5832198916504179
2026-08-18T06:23:47.646+00:00,1787034227.6461256,194039.6496867,7.535693399986485,282,194039.539166,30.438999994657934,79.99160001054406,10,0,0,4,1,0.0,1,estabilizada,1,1,1,,,,,,,,,,,,,nan,0.5409270117288456,-0.2489240382462029,1.5832198916504179
2026-08-18T06:23:47.789+00:00,1787034227.7899783,194039.7924942,7.67850089998683,287,194039.7059586,5.5293999903369695,80.87390000582673,1,0,0,4,1,0.0,1,estabilizada,1,1,1,,,,,,,,,,,,,nan,0.5409347296435854,-0.24891662628103298,1.5832224610448153
2026-08-18T06:23:47.789+00:00,1787034227.7899783,194039.7927205,7.6787271999928635,287,194039.7059586,5.5293999903369695,80.87390000582673,2,1,1,4,1,0.0,1,estabilizada,1,1,1,876.25,291.0,0.8611570000648499,0.8496383428573608,0.842953617377306,0.7871897927292832,0.830092367377306,0.7757452927292833,-2.960196195830789,0.8681406868676248,0.7917525483599752,-2.7819878695258593,0.0,0.5409347296435854,-0.24891662628103298,1.5832224610448153
2026-08-18T06:23:47.789+00:00,1787034227.7899783,194039.7927513,7.678757999994559,287,194039.7059586,5.5293999903369695,80.87390000582673,3,1,1,4,1,0.0,1,estabilizada,1,1,1,447.0,275.25,0.14122726023197174,0.8920419812202454,0.16394906536812753,0.8271829502238373,0.15108781536812754,0.8157384502238373,0.02361296966293573,0.15077562869639022,0.8164573815379332,0.04135499085171248,0.0,0.5409347296435854,-0.24891662628103298,1.5832224610448153
2026-08-18T06:23:47.789+00:00,1787034227.7899783,194039.7927675,7.678774200001499,287,194039.7059586,5.5293999903369695,80.87390000582673,10,0,0,4,1,0.0,1,estabilizada,1,1,1,,,,,,,,,,,,,nan,0.5409347296435854,-0.24891662628103298,1.5832224610448153
2026-08-18T06:23:47.929+00:00,1787034227.929254,194039.9322911,7.818297799996799,291,194039.8447292,6.134399998700246,81.40160000766627,1,0,0,4,1,0.0,1,estabilizada,1,1,1,,,,,,,,,,,,,nan,0.5409462917986784,-0.24891157294285618,1.5832233063768621
2026-08-18T06:23:47.929+00:00,1787034227.929254,194039.9324328,7.818439499998931,291,194039.8447292,6.134399998700246,81.40160000766627,2,1,1,4,1,0.0,1,estabilizada,1,1,1,871.75,292.0,0.8532916903495789,0.8477357029914856,0.8355360864771775,0.7853956310404495,0.8226748364771774,0.7739511310404495,-3.041452059731052,0.8578970752881431,0.7871511937194237,-2.805714147396452,0.0,0.5409462917986784,-0.24891157294285618,1.5832233063768621
2026-08-18T06:23:47.929+00:00,1787034227.929254,194039.9325527,7.818559399980586,291,194039.8447292,6.134399998700246,81.40160000766627,3,1,1,4,1,0.0,1,estabilizada,1,1,1,447.0,275.25,0.14122356474399567,0.892037034034729,0.16394622508509993,0.8271786061588953,0.15108497508509994,0.8157341061588953,0.023616382249908748,0.15077562869639022,0.8164573815379332,0.04135499085171248,0.0,0.5409462917986784,-0.24891157294285618,1.5832233063768621
2026-08-18T06:23:47.929+00:00,1787034227.929254,194039.9325933,7.818599999998696,291,194039.8447292,6.134399998700246,81.40160000766627,10,0,0,4,1,0.0,1,estabilizada,1,1,1,,,,,,,,,,,,,nan,0.5409462917986784,-0.24891157294285618,1.5832233063768621
2026-08-18T06:23:48.085+00:00,1787034228.0857272,194040.0883489,7.974355599988485,295,194039.9730383,18.89350000419654,96.38010000344366,1,0,0,4,1,0.0,1,estabilizada,1,1,1,,,,,,,,,,,,,nan,0.540958208405336,-0.24890762667397778,1.5832223651170463
2026-08-18T06:23:48.085+00:00,1787034228.0857272,194040.0885577,7.97456439997768,295,194039.9730383,18.89350000419654,96.38010000344366,2,1,1,4,1,0.0,1,estabilizada,1,1,1,868.5,294.0,0.8473834991455078,0.8437895178794861,0.8299644196944815,0.7816739583872845,0.8171031696944815,0.7702294583872845,-2.9873039891932076,0.8408672335009197,0.7805519435638816,-2.8684894977652196,0.0,0.540958208405336,-0.24890762667397778,1.5832223651170463
2026-08-18T06:23:48.085+00:00,1787034228.0857272,194040.0886128,7.974619499989785,295,194039.9730383,18.89350000419654,96.38010000344366,3,1,1,4,1,0.0,1,estabilizada,1,1,1,446.75,275.0,0.14077088236808777,0.8925410509109497,0.16351996685356984,0.8276541574169656,0.15065871685356985,0.8162096574169656,0.061026107433510945,0.15077562869639022,0.8164573815379332,0.04135499085171248,0.0,0.540958208405336,-0.24890762667397778,1.5832223651170463
2026-08-18T06:23:48.085+00:00,1787034228.0857272,194040.0886289,7.974635599995963,295,194039.9730383,18.89350000419654,96.38010000344366,10,0,0,4,1,0.0,1,estabilizada,1,1,1,,,,,,,,,,,,,nan,0.540958208405336,-0.24890762667397778,1.5832223651170463
2026-08-18T06:23:48.223+00:00,1787034228.2237859,194040.2262141,8.112220799986972,300,194040.1385348,6.747799983713776,80.88860000134446,1,0,0,4,1,0.0,1,estabilizada,1,1,1,,,,,,,,,,,,,nan,0.5409716367927228,-0.24890402375604145,1.5832212503734606
2026-08-18T06:23:48.223+00:00,1787034228.2237859,194040.2262914,8.112298099993495,300,194040.1385348,6.747799983713776,80.88860000134446,2,1,1,4,1,0.0,1,estabilizada,1,1,1,863.75,295.0,0.8391155004501343,0.8419005870819092,0.8221671758095715,0.7798925670706452,0.8093059258095716,0.7684480670706453,-2.953813675825156,0.8337420577614798,0.7774569543587486,-2.8963767792141186,0.0,0.5409716367927228,-0.24890402375604145,1.5832212503734606
2026-08-18T06:23:48.223+00:00,1787034228.2237859,194040.2263051,8.112311799981399,300,194040.1385348,6.747799983713776,80.88860000134446,3,1,1,4,1,0.0,1,estabilizada,1,1,1,447.0,275.0,0.14117944240570068,0.8925302624702454,0.1639060812038753,0.8276441413825367,0.1510448312038753,0.8161996413825368,0.06102980047714118,0.15077562869639022,0.8164573815379332,0.04135499085171248,0.0,0.5409716367927228,-0.24890402375604145,1.5832212503734606
2026-08-18T06:23:48.223+00:00,1787034228.2237859,194040.2263167,8.112323399982415,300,194040.1385348,6.747799983713776,80.88860000134446,10,0,0,4,1,0.0,1,estabilizada,1,1,1,,,,,,,,,,,,,nan,0.5409716367927228,-0.24890402375604145,1.5832212503734606
2026-08-18T06:23:48.377+00:00,1787034228.3774204,194040.3806934,8.266700099979062,304,194040.2711671,12.50320000690408,96.99180000461638,1,0,0,4,1,0.0,1,estabilizada,1,1,1,,,,,,,,,,,,,nan,0.5409816099701428,-0.24890322978612156,1.5832190412216822
2026-08-18T06:23:48.377+00:00,1787034228.3774204,194040.3807556,8.266762299987022,304,194040.2711671,12.50320000690408,96.99180000461638,2,1,1,4,1,0.0,1,estabilizada,1,1,1,859.75,295.5,0.8322210311889648,0.8409985303878784,0.8156651742751495,0.7790417474906941,0.8028039242751495,0.7675972474906941,-3.0087854412551835,0.8291867171398851,0.775404823551981,-2.9202675731809733,0.0,0.5409816099701428,-0.24890322978612156,1.5832190412216822
2026-08-18T06:23:48.377+00:00,1787034228.3774204,194040.3807681,8.266774799994892,304,194040.2711671,12.50320000690408,96.99180000461638,3,1,1,4,1,0.0,1,estabilizada,1,1,1,447.0,275.0,0.1411755383014679,0.892525315284729,0.16390299768220845,0.8276394300208008,0.15104174768220846,0.8161949300208008,0.061033443634208775,0.15077562869639022,0.8164573815379332,0.04135499085171248,0.0,0.5409816099701428,-0.24890322978612156,1.5832190412216822
2026-08-18T06:23:48.378+00:00,1787034228.3784258,194040.3809323,8.266938999993727,304,194040.2711671,12.50320000690408,96.99180000461638,10,0,0,4,1,0.0,1,estabilizada,1,1,1,,,,,,,,,,,,,nan,0.5409816099701428,-0.24890322978612156,1.5832190412216822
2026-08-18T06:23:48.542+00:00,1787034228.5429635,194040.5456609,8.431667600001674,309,194040.4387981,17.876700003398582,88.94360001431778,1,0,0,4,1,0.0,1,estabilizada,1,1,1,,,,,,,,,,,,,nan,0.5409914613016457,-0.2489015626218932,1.5832185609395708
2026-08-18T06:23:48.542+00:00,1787034228.5429635,194040.5458498,8.43185649998486,309,194040.4387981,17.876700003398582,88.94360001431778,2,1,1,4,1,0.0,1,estabilizada,1,1,1,852.25,297.5,0.8191352486610413,0.8371803760528564,0.8033238240858458,0.7754407167965128,0.7904625740858457,0.7639962167965129,-2.953955016209161,0.8178229739515783,0.7718275914025188,-2.9441083471620284,0.0,0.5409914613016457,-0.2489015626218932,1.5832185609395708
2026-08-18T06:23:48.542+00:00,1787034228.5429635,194040.5458873,8.431893999979366,309,194040.4387981,17.876700003398582,88.94360001431778,3,1,1,4,1,0.0,1,estabilizada,1,1,1,446.5,275.0,0.14034625887870789,0.892532229423523,0.16312142657044182,0.8276460262052366,0.15026017657044183,0.8162015262052367,0.06103705354140675,0.15077562869639022,0.8164573815379332,0.04135499085171248,0.0,0.5409914613016457,-0.2489015626218932,1.5832185609395708
2026-08-18T06:23:48.542+00:00,1787034228.5429635,194040.545902,8.431908700003987,309,194040.4387981,17.876700003398582,88.94360001431778,10,0,0,4,1,0.0,1,estabilizada,1,1,1,,,,,,,,,,,,,nan,0.5409914613016457,-0.2489015626218932,1.5832185609395708
2026-08-18T06:23:48.710+00:00,1787034228.710973,194040.7135028,8.599509499996202,313,194040.5755426,48.69149997830391,89.24300002399832,1,0,0,4,1,0.0,1,estabilizada,1,1,1,,,,,,,,,,,,,nan,0.5410030514040635,-0.24890078956955175,1.583218452279381
2026-08-18T06:23:48.710+00:00,1787034228.710973,194040.7135615,8.599568199977512,313,194040.5755426,48.69149997830391,89.24300002399832,2,1,1,4,1,0.0,1,estabilizada,1,1,1,846.75,298.75,0.8095942735671997,0.834819495677948,0.7943258752233832,0.7732140832777498,0.7814646252233832,0.7617695832777498,-2.8773767658789113,0.809296831414721,0.7693871513330022,-2.9441083471620284,0.0,0.5410030514040635,-0.24890078956955175,1.583218452279381
2026-08-18T06:23:48.710+00:00,1787034228.710973,194040.713578,8.599584699986735,313,194040.5755426,48.69149997830391,89.24300002399832,3,1,1,4,1,0.0,1,estabilizada,1,1,1,446.75,275.0,0.14075438678264618,0.8925216794013977,0.16350701435849696,0.8276361154039048,0.15064576435849697,0.8161916154039048,0.06104065516368164,0.15077562869639022,0.8164573815379332,0.04135499085171248,0.0,0.5410030514040635,-0.24890078956955175,1.583218452279381
2026-08-18T06:23:48.710+00:00,1787034228.710973,194040.713591,8.599597699998412,313,194040.5755426,48.69149997830391,89.24300002399832,10,0,0,4,1,0.0,1,estabilizada,1,1,1,,,,,,,,,,,,,nan,0.5410030514040635,-0.24890078956955175,1.583218452279381
2026-08-18T06:23:48.878+00:00,1787034228.8788254,194040.8814027,8.767409399995813,319,194040.7741396,19.820300018182024,87.37539997673593,1,0,0,4,1,0.0,1,estabilizada,1,1,1,,,,,,,,,,,,,nan,0.5410195937348933,-0.2489003857697228,1.5832194812032425
2026-08-18T06:23:48.878+00:00,1787034228.8788254,194040.8814719,8.767478599998867,319,194040.7741396,19.820300018182024,87.37539997673593,2,1,1,4,1,0.0,1,estabilizada,1,1,1,839.75,301.75,0.7972531318664551,0.8290074467658997,0.7826872307354797,0.7677324902106168,0.7698259807354797,0.7562879902106169,-2.8302297751691143,0.8042001588971887,0.767928329388703,-2.9441083471620284,0.0,0.5410195937348933,-0.2489003857697228,1.5832194812032425
2026-08-18T06:23:48.878+00:00,1787034228.8788254,194040.881506,8.767512699996587,319,194040.7741396,19.820300018182024,87.37539997673593,3,1,1,4,1,0.0,1,estabilizada,1,1,1,447.0,275.0,0.1411622315645218,0.8925114274024963,0.1638926002989839,0.8276265113152919,0.1510313502989839,0.8161820113152919,0.06104427347242177,0.15077562869639022,0.8164573815379332,0.04135499085171248,0.0,0.5410195937348933,-0.2489003857697228,1.5832194812032425
2026-08-18T06:23:48.878+00:00,1787034228.8788254,194040.8815199,8.767526599986013,319,194040.7741396,19.820300018182024,87.37539997673593,10,0,0,4,1,0.0,1,estabilizada,1,1,1,,,,,,,,,,,,,nan,0.5410195937348933,-0.2489003857697228,1.5832194812032425
2026-08-18T06:23:49.059+00:00,1787034229.0592244,194041.0622466,8.948253299982753,324,194040.9391902,18.763600004604086,104.26719998940825,1,0,0,4,1,0.0,1,estabilizada,1,1,1,,,,,,,,,,,,,nan,0.5410344375152113,-0.24890072613199737,1.5832200386911741
2026-08-18T06:23:49.059+00:00,1787034229.0592244,194041.0622931,8.94829979998758,324,194040.9391902,18.763600004604086,104.26719998940825,2,1,1,4,1,0.0,1,estabilizada,1,1,1,833.5,304.5,0.7862591743469238,0.823692798614502,0.7723190865666433,0.7627199616947598,0.7594578365666433,0.7512754616947598,-2.793709917283239,0.7888321748713721,0.7630284004681724,-2.908205940974606,0.0,0.5410344375152113,-0.24890072613199737,1.5832200386911741
2026-08-18T06:23:49.059+00:00,1787034229.0592244,194041.0623062,8.948312900000019,324,194040.9391902,18.763600004604086,104.26719998940825,3,1,1,4,1,0.0,1,estabilizada,1,1,1,447.0,275.0,0.14115798473358154,0.8925077319145203,0.16388943069234935,0.8276230294008322,0.15102818069234936,0.8161785294008322,0.06104673564865554,0.15077562869639022,0.8164573815379332,0.04135499085171248,0.0,0.5410344375152113,-0.24890072613199737,1.5832200386911741
2026-08-18T06:23:49.059+00:00,1787034229.0592244,194041.0623187,8.948325399978785,324,194040.9391902,18.763600004604086,104.26719998940825,10,0,0,4,1,0.0,1,estabilizada,1,1,1,,,,,,,,,,,,,nan,0.5410344375152113,-0.24890072613199737,1.5832200386911741
2026-08-18T06:23:49.210+00:00,1787034229.210493,194041.2132717,9.099278399982722,329,194041.1043478,25.430600013351068,83.39949999935925,1,0,0,4,1,0.0,1,estabilizada,1,1,1,,,,,,,,,,,,,nan,0.5410502451369231,-0.24890321254168335,1.5832186361366214
2026-08-18T06:23:49.210+00:00,1787034229.210493,194041.2133935,9.099400199978845,329,194041.1043478,25.430600013351068,83.39949999935925,2,1,1,4,1,0.0,1,estabilizada,1,1,1,828.0,306.75,0.7766376733779907,0.8193674683570862,0.7632454178437611,0.7586403147685575,0.750384167843761,0.7471958147685576,-2.819148272370446,0.7737929828715042,0.7567152213389178,-2.865317923808085,0.0,0.5410502451369231,-0.24890321254168335,1.5832186361366214
2026-08-18T06:23:49.210+00:00,1787034229.210493,194041.2134132,9.099419899983332,329,194041.1043478,25.430600013351068,83.39949999935925,3,1,1,4,1,0.0,1,estabilizada,1,1,1,447.0,275.0,0.14115408062934875,0.8925048112869263,0.16388666726280726,0.8276200759763,0.15102541726280727,0.8161755759763001,0.061048116593537656,0.15077562869639022,0.8164573815379332,0.04135499085171248,0.0,0.5410502451369231,-0.24890321254168335,1.5832186361366214
2026-08-18T06:23:49.210+00:00,1787034229.210493,194041.2134289,9.099435599986464,329,194041.1043478,25.430600013351068,83.39949999935925,10,0,0,4,1,0.0,1,estabilizada,1,1,1,,,,,,,,,,,,,nan,0.5410502451369231,-0.24890321254168335,1.5832186361366214
2026-08-18T06:23:49.366+00:00,1787034229.366231,194041.3688066,9.254813299980015,334,194041.2716083,12.803799996618181,84.36330000404269,1,0,0,4,1,0.0,1,estabilizada,1,1,1,,,,,,,,,,,,,nan,0.5410624191791942,-0.24890626179641143,1.5832168367437056
2026-08-18T06:23:49.366+00:00,1787034229.366231,194041.3688574,9.254864099988481,334,194041.2716083,12.803799996618181,84.36330000404269,2,1,1,4,1,0.0,1,estabilizada,1,1,1,824.25,309.25,0.7699512839317322,0.8145102262496948,0.756939801644759,0.7540589464862756,0.744078551644759,0.7426144464862756,-2.830752207739426,0.762712271396951,0.752015245339169,-2.8387918871991586,0.0,0.5410624191791942,-0.24890626179641143,1.5832168367437056
2026-08-18T06:23:49.366+00:00,1787034229.366231,194041.368885,9.254891699994914,334,194041.2716083,12.803799996618181,84.36330000404269,3,1,1,4,1,0.0,1,estabilizada,1,1,1,447.0,275.0,0.14115071296691895,0.8925015330314636,0.16388420892514266,0.8276167369944326,0.15102295892514267,0.8161722369944326,0.06105056215909212,0.15077562869639022,0.8164573815379332,0.04135499085171248,0.0,0.5410624191791942,-0.24890626179641143,1.5832168367437056
2026-08-18T06:23:49.366+00:00,1787034229.366231,194041.3688953,9.254901999986032,334,194041.2716083,12.803799996618181,84.36330000404269,10,0,0,4,1,0.0,1,estabilizada,1,1,1,,,,,,,,,,,,,nan,0.5410624191791942,-0.24890626179641143,1.5832168367437056
2026-08-18T06:23:49.524+00:00,1787034229.5247045,194041.5273766,9.413383299979614,339,194041.4381543,1.5109999803826213,87.6849000051152,1,0,0,4,1,0.0,1,estabilizada,1,1,1,,,,,,,,,,,,,nan,0.5410707730841976,-0.2489096281085081,1.5832141831310065
2026-08-18T06:23:49.524+00:00,1787034229.5247045,194041.5274222,9.413428899977589,339,194041.4381543,1.5109999803826213,87.6849000051152,2,1,1,4,1,0.0,1,estabilizada,1,1,1,818.7990112304688,312.5600280761719,0.7603113055229187,0.8081132173538208,0.7478482742225907,0.7480252917242803,0.7349870242225907,0.7365807917242804,-2.772637587119004,0.7575595358979941,0.7494156661562654,-2.830724160905412,0.0,0.5410707730841976,-0.2489096281085081,1.5832141831310065
2026-08-18T06:23:49.524+00:00,1787034229.5247045,194041.5274338,9.413440499978606,339,194041.4381543,1.5109999803826213,87.6849000051152,3,1,1,4,1,0.0,1,estabilizada,1,1,1,446.5,275.0,0.14032287895679474,0.8925102949142456,0.16310394727702582,0.8276247006803115,0.15024269727702583,0.8161802006803115,0.0610541056585793,0.15077562869639022,0.8164573815379332,0.04135499085171248,0.0,0.5410707730841976,-0.2489096281085081,1.5832141831310065
2026-08-18T06:23:49.524+00:00,1787034229.5247045,194041.527461,9.413467699981993,339,194041.4381543,1.5109999803826213,87.6849000051152,10,0,0,4,1,0.0,1,estabilizada,1,1,1,,,,,,,,,,,,,nan,0.5410707730841976,-0.2489096281085081,1.5832141831310065
2026-08-18T06:23:49.671+00:00,1787034229.67187,194041.6747025,9.560709199984558,343,194041.5712354,23.01819997956045,80.4237000120338,1,0,0,4,1,0.0,1,estabilizada,1,1,1,,,,,,,,,,,,,nan,0.5410767867642674,-0.24891433470447266,1.5832109289611984
2026-08-18T06:23:49.671+00:00,1787034229.67187,194041.6747497,9.560756399994716,343,194041.5712354,23.01819997956045,80.4237000120338,2,1,1,4,1,0.0,1,estabilizada,1,1,1,813.5,314.5,0.7511457800865173,0.8044321537017822,0.7392040930673357,0.7445530925972929,0.7263428430673358,0.7331085925972929,-2.7102062163595977,0.7541915145078807,0.7477164835968104,-2.820748014263662,0.0,0.5410767867642674,-0.24891433470447266,1.5832109289611984
2026-08-18T06:23:49.671+00:00,1787034229.67187,194041.6747621,9.560768800001824,343,194041.5712354,23.01819997956045,80.4237000120338,3,1,1,4,1,0.0,1,estabilizada,1,1,1,447.0,275.25,0.14118166267871857,0.8919920325279236,0.16391430083156033,0.827135498775792,0.15105305083156034,0.815690998775792,0.023650461980157265,0.15077562869639022,0.8164573815379332,0.04135499085171248,0.0,0.5410767867642674,-0.24891433470447266,1.5832109289611984
2026-08-18T06:23:49.671+00:00,1787034229.67187,194041.6747813,9.560788000002503,343,194041.5712354,23.01819997956045,80.4237000120338,10,0,0,4,1,0.0,1,estabilizada,1,1,1,,,,,,,,,,,,,nan,0.5410767867642674,-0.24891433470447266,1.5832109289611984
2026-08-18T06:23:49.815+00:00,1787034229.8150523,194041.8174073,9.703413999988697,348,194041.7384118,1.5554999990854412,77.39580000634305,1,0,0,4,1,0.0,1,estabilizada,1,1,1,,,,,,,,,,,,,nan,0.5410823367306624,-0.24892002194392998,1.5832068873999485
2026-08-18T06:23:49.815+00:00,1787034229.8150523,194041.8174886,9.703495299996575,348,194041.7384118,1.5554999990854412,77.39580000634305,2,1,1,4,1,0.0,1,estabilizada,1,1,1,808.25,318.25,0.7418463826179504,0.7972022294998169,0.7304336201586299,0.737733689172432,0.7175723701586298,0.726289189172432,-2.643906904174913,0.7487629330670594,0.7445687296428186,-2.805258646687665,0.0,0.5410823367306624,-0.24892002194392998,1.5832068873999485
2026-08-18T06:23:49.815+00:00,1787034229.8150523,194041.8175052,9.703511899977457,348,194041.7384118,1.5554999990854412,77.39580000634305,3,1,1,4,1,0.0,1,estabilizada,1,1,1,446.75,275.25,0.14076651632785797,0.8919947147369385,0.16352312768609983,0.8271375396459999,0.15066187768609984,0.8156930396459999,0.023652733025876872,0.15077562869639022,0.8164573815379332,0.04135499085171248,0.0,0.5410823367306624,-0.24892002194392998,1.5832068873999485
2026-08-18T06:23:49.815+00:00,1787034229.8150523,194041.8175209,9.703527599980589,348,194041.7384118,1.5554999990854412,77.39580000634305,10,0,0,4,1,0.0,1,estabilizada,1,1,1,,,,,,,,,,,,,nan,0.5410823367306624,-0.24892002194392998,1.5832068873999485
2026-08-18T06:23:49.955+00:00,1787034229.9558046,194041.9589765,9.844983199989656,352,194041.8706201,7.522600004449487,80.80910000717267,1,0,0,4,1,0.0,1,estabilizada,1,1,1,,,,,,,,,,,,,nan,0.5410907958070668,-0.2489267189127583,1.5832021440196313
2026-08-18T06:23:49.956+00:00,1787034229.9568043,194041.9591356,9.845142299978761,352,194041.8706201,7.522600004449487,80.80910000717267,2,1,1,4,1,0.0,1,estabilizada,1,1,1,804.0,321.0,0.7343809008598328,0.7919298410415649,0.7233929739419336,0.7327604603344051,0.7105317239419335,0.7213159603344051,-2.643903520545447,0.7344401746267434,0.736516886203627,-2.7650669575177975,0.0,0.5410907958070668,-0.2489267189127583,1.5832021440196313
2026-08-18T06:23:49.956+00:00,1787034229.9568043,194041.9591715,9.845178199990187,352,194041.8706201,7.522600004449487,80.80910000717267,3,1,1,4,1,0.0,1,estabilizada,1,1,1,447.0,275.25,0.14117667078971863,0.8919864296913147,0.1639105152248832,0.8271291505610171,0.1510492652248832,0.8156846505610171,0.02365500408869087,0.15077562869639022,0.8164573815379332,0.04135499085171248,0.0,0.5410907958070668,-0.2489267189127583,1.5832021440196313
2026-08-18T06:23:49.956+00:00,1787034229.9568043,194041.9591876,9.845194299996365,352,194041.8706201,7.522600004449487,80.80910000717267,10,0,0,4,1,0.0,1,estabilizada,1,1,1,,,,,,,,,,,,,nan,0.5410907958070668,-0.2489267189127583,1.5832021440196313
2026-08-18T06:23:50.098+00:00,1787034230.0985973,194042.1013375,9.987344199995277,356,194042.0107352,7.6945000037085265,82.87370001198724,1,0,0,4,1,0.0,1,estabilizada,1,1,1,,,,,,,,,,,,,nan,0.541101534297502,-0.24893138878013954,1.5831986537198333
2026-08-18T06:23:50.098+00:00,1787034230.0985973,194042.1013951,9.987401799997315,356,194042.0107352,7.6945000037085265,82.87370001198724,2,1,1,4,1,0.0,1,estabilizada,1,1,1,799.5,323.5,0.7265511751174927,0.7871682047843933,0.716008930381127,0.7282691126194819,0.703147680381127,0.7168246126194819,-2.61005377671336,0.7222857238581735,0.7289290755377533,-2.7172871673337355,0.0,0.541101534297502,-0.24893138878013954,1.5831986537198333
2026-08-18T06:23:50.098+00:00,1787034230.0985973,194042.1015444,9.98755109999911,356,194042.0107352,7.6945000037085265,82.87370001198724,3,1,1,4,1,0.0,1,estabilizada,1,1,1,446.75,275.25,0.1407618224620819,0.8919901847839355,0.16351991032460728,0.8271322837368961,0.15065866032460729,0.8156877837368961,0.023658355886210465,0.15077562869639022,0.8164573815379332,0.04135499085171248,0.0,0.541101534297502,-0.24893138878013954,1.5831986537198333
2026-08-18T06:23:50.098+00:00,1787034230.0985973,194042.1015818,9.987588499992853,356,194042.0107352,7.6945000037085265,82.87370001198724,10,0,0,4,1,0.0,1,estabilizada,1,1,1,,,,,,,,,,,,,nan,0.541101534297502,-0.24893138878013954,1.5831986537198333
2026-08-18T06:23:50.251+00:00,1787034230.2515867,194042.2544342,10.140440899995156,360,194042.138109,36.141599994152784,80.15250001335517,1,0,0,4,1,0.0,1,estabilizada,1,1,1,,,,,,,,,,,,,nan,0.5411140059016845,-0.24893408458506128,1.5831958111817581
2026-08-18T06:23:50.251+00:00,1787034230.2515867,194042.2546298,10.140636500000255,360,194042.138109,36.141599994152784,80.15250001335517,2,1,1,4,1,0.0,1,estabilizada,1,1,1,795.6338500976562,326.109130859375,0.7197851538658142,0.782188892364502,0.7096282274747769,0.7235726003872067,0.6967669774747769,0.7121281003872068,-2.557942467775781,0.7171063307016445,0.7255181854129189,-2.6952437598458436,0.0,0.5411140059016845,-0.24893408458506128,1.5831958111817581
2026-08-18T06:23:50.251+00:00,1787034230.2515867,194042.2546675,10.140674199996283,360,194042.138109,36.141599994152784,80.15250001335517,3,1,1,4,1,0.0,1,estabilizada,1,1,1,446.75,275.25,0.1407594382762909,0.8919879198074341,0.16351841150739732,0.8271298778203989,0.15065716150739733,0.815685377820399,0.023660646339543078,0.15077562869639022,0.8164573815379332,0.04135499085171248,0.0,0.5411140059016845,-0.24893408458506128,1.5831958111817581
2026-08-18T06:23:50.251+00:00,1787034230.2515867,194042.2547002,10.140706899983343,360,194042.138109,36.141599994152784,80.15250001335517,10,0,0,4,1,0.0,1,estabilizada,1,1,1,,,,,,,,,,,,,nan,0.5411140059016845,-0.24893408458506128,1.5831958111817581
2026-08-18T06:23:50.388+00:00,1787034230.3884304,194042.3916632,10.277669899980538,365,194042.3109283,2.0735000143758953,78.63559998804703,1,0,0,4,1,0.0,1,estabilizada,1,1,1,,,,,,,,,,,,,nan,0.5411262928301646,-0.24893718530538778,1.5831924347514759
2026-08-18T06:23:50.388+00:00,1787034230.3884304,194042.3917073,10.277713999996195,365,194042.3109283,2.0735000143758953,78.63559998804703,2,1,1,4,1,0.0,1,estabilizada,1,1,1,790.75,329.0,0.7113121151924133,0.7767056226730347,0.7016375338361636,0.7184007377507237,0.6887762838361635,0.7069562377507237,-2.677016993954992,0.713515653063846,0.7231600026787063,-2.6787684278829653,0.0,0.5411262928301646,-0.24893718530538778,1.5831924347514759
2026-08-18T06:23:50.388+00:00,1787034230.3884304,194042.3917193,10.277726000000257,365,194042.3109283,2.0735000143758953,78.63559998804703,3,1,1,4,1,0.0,1,estabilizada,1,1,1,447.0,275.25,0.14116938412189484,0.8919798731803894,0.1639058001087454,0.82712197403319,0.1510445501087454,0.81567747403319,0.023662949717341893,0.15077562869639022,0.8164573815379332,0.04135499085171248,0.0,0.5411262928301646,-0.24893718530538778,1.5831924347514759
2026-08-18T06:23:50.388+00:00,1787034230.3884304,194042.3917317,10.277738399978261,365,194042.3109283,2.0735000143758953,78.63559998804703,10,0,0,4,1,0.0,1,estabilizada,1,1,1,,,,,,,,,,,,,nan,0.5411262928301646,-0.24893718530538778,1.5831924347514759
2026-08-18T06:23:50.538+00:00,1787034230.5389178,194042.5421593,10.428165999997873,369,194042.4376885,21.553899976424873,82.89270001114346,1,0,0,4,1,0.0,1,estabilizada,1,1,1,,,,,,,,,,,,,nan,0.5411341703716472,-0.24893880628733853,1.5831897701998543
2026-08-18T06:23:50.538+00:00,1787034230.5389178,194042.5422116,10.428218299988657,369,194042.4376885,21.553899976424873,82.89270001114346,2,1,1,4,1,0.0,1,estabilizada,1,1,1,787.25,331.25,0.7052347660064697,0.7724410891532898,0.6959060968316622,0.7143784409983231,0.6830448468316621,0.7029339409983232,-2.677048796200687,0.7030679209891086,0.7163050013588119,-2.6659423476182678,0.0,0.5411341703716472,-0.24893880628733853,1.5831897701998543
2026-08-18T06:23:50.539+00:00,1787034230.5399125,194042.5422242,10.428230899997288,369,194042.4376885,21.553899976424873,82.89270001114346,3,1,1,4,1,0.0,1,estabilizada,1,1,1,447.0,275.25,0.1411667913198471,0.8919774889945984,0.16390384078304437,0.8271195240758304,0.15104259078304438,0.8156750240758305,0.02366744684220985,0.15077562869639022,0.8164573815379332,0.04135499085171248,0.0,0.5411341703716472,-0.24893880628733853,1.5831897701998543
2026-08-18T06:23:50.539+00:00,1787034230.5399125,194042.5422367,10.428243400005158,369,194042.4376885,21.553899976424873,82.89270001114346,10,0,0,4,1,0.0,1,estabilizada,1,1,1,,,,,,,,,,,,,nan,0.5411341703716472,-0.24893880628733853,1.5831897701998543
2026-08-18T06:23:50.688+00:00,1787034230.6880896,194042.6910994,10.577106099983212,374,194042.6045893,7.141500012949109,79.34269998804666,1,0,0,4,1,0.0,1,estabilizada,1,1,1,,,,,,,,,,,,,nan,0.5411385393561338,-0.24893612634856727,1.5831896706440034
2026-08-18T06:23:50.688+00:00,1787034230.6880896,194042.6911439,10.577150600001914,374,194042.6045893,7.141500012949109,79.34269998804666,2,1,1,4,1,0.0,1,estabilizada,1,1,1,782.75,334.25,0.6974321007728577,0.7667656540870667,0.6885472395409225,0.7090257875794597,0.6756859895409224,0.6975812875794597,-2.725781429892364,0.6888370863676335,0.7066442202978666,-2.6659423476182678,0.0,0.5411385393561338,-0.24893612634856727,1.5831896706440034
2026-08-18T06:23:50.688+00:00,1787034230.6880896,194042.6911583,10.577164999995148,374,194042.6045893,7.141500012949109,79.34269998804666,3,1,1,4,1,0.0,1,estabilizada,1,1,1,447.0,275.25,0.14116431772708893,0.8919748067855835,0.16390175760185205,0.8271171426117736,0.15104050760185206,0.8156726426117736,0.02367192142772305,0.15077562869639022,0.8164573815379332,0.04135499085171248,0.0,0.5411385393561338,-0.24893612634856727,1.5831896706440034
2026-08-18T06:23:50.688+00:00,1787034230.6880896,194042.691171,10.57717770000454,374,194042.6045893,7.141500012949109,79.34269998804666,10,0,0,4,1,0.0,1,estabilizada,1,1,1,,,,,,,,,,,,,nan,0.5411385393561338,-0.24893612634856727,1.5831896706440034
2026-08-18T06:23:50.832+00:00,1787034230.8327808,194042.8357529,10.72175959998276,378,194042.7397013,12.412500014761463,83.61500001046807,1,0,0,4,1,0.0,1,estabilizada,1,1,1,,,,,,,,,,,,,nan,0.5411393185772754,-0.24893188952035913,1.5831912398583279
2026-08-18T06:23:50.832+00:00,1787034230.8327808,194042.8357949,10.721801599982427,378,194042.7397013,12.412500014761463,83.61500001046807,2,1,1,4,1,0.0,1,estabilizada,1,1,1,779.25,336.25,0.6914152503013611,0.7630061507225037,0.6828724833161306,0.7054802995625341,0.6700112333161306,0.6940357995625341,-2.6615647473446984,0.683276715827944,0.7027587856014068,-2.6659423476182678,0.0,0.5411393185772754,-0.24893188952035913,1.5831912398583279
2026-08-18T06:23:50.832+00:00,1787034230.8327808,194042.8358073,10.721813999989536,378,194042.7397013,12.412500014761463,83.61500001046807,3,1,1,4,1,0.0,1,estabilizada,1,1,1,447.0,275.0,0.14112548530101776,0.8924748301506042,0.16386515445057975,0.8275890461820299,0.15100390445057976,0.8161445461820299,0.061082796280905495,0.15077562869639022,0.8164573815379332,0.04135499085171248,0.0,0.5411393185772754,-0.24893188952035913,1.5831912398583279
2026-08-18T06:23:50.832+00:00,1787034230.8327808,194042.8358173,10.721823999978369,378,194042.7397013,12.412500014761463,83.61500001046807,10,0,0,4,1,0.0,1,estabilizada,1,1,1,,,,,,,,,,,,,nan,0.5411393185772754,-0.24893188952035913,1.5831912398583279
2026-08-18T06:23:50.987+00:00,1787034230.9874053,194042.9906658,10.876672499987762,383,194042.904148,8.026600000448525,78.42810000875033,1,0,0,4,1,0.0,1,estabilizada,1,1,1,,,,,,,,,,,,,nan,0.541139769581953,-0.24892929561139057,1.583193078484999
2026-08-18T06:23:50.988+00:00,1787034230.9884157,194042.9907234,10.8767300999898,383,194042.904148,8.026600000448525,78.42810000875033,2,1,1,4,1,0.0,1,estabilizada,1,1,1,774.0,338.0,0.6825442910194397,0.7597872614860535,0.6745058482657914,0.7024446092394658,0.6616445982657915,0.6910001092394659,-2.7731657648448422,0.6775247336006791,0.6992873185058454,-2.674859927362302,0.0,0.541139769581953,-0.24892929561139057,1.583193078484999
2026-08-18T06:23:50.988+00:00,1787034230.9884157,194042.9907365,10.876743200002238,383,194042.904148,8.026600000448525,78.42810000875033,3,1,1,4,1,0.0,1,estabilizada,1,1,1,447.0,275.0,0.14112311601638794,0.8924717307090759,0.16386291908282863,0.8275863457457059,0.15100166908282864,0.8161418457457059,0.06108630675328986,0.15077562869639022,0.8164573815379332,0.04135499085171248,0.0,0.541139769581953,-0.24892929561139057,1.583193078484999
2026-08-18T06:23:50.988+00:00,1787034230.9884157,194042.9907473,10.876753999997163,383,194042.904148,8.026600000448525,78.42810000875033,10,0,0,4,1,0.0,1,estabilizada,1,1,1,,,,,,,,,,,,,nan,0.541139769581953,-0.24892929561139057,1.583193078484999
2026-08-18T06:23:51.143+00:00,1787034231.1438267,194043.147093,11.033099699998274,387,194043.0427689,21.52619999833405,82.77300000190735,1,0,0,4,1,0.0,1,estabilizada,1,1,1,,,,,,,,,,,,,nan,0.5411403708531743,-0.24892609431959795,1.5831956152549302
2026-08-18T06:23:51.144+00:00,1787034231.1448271,194043.1471407,11.033147399983136,387,194043.0427689,21.52619999833405,82.77300000190735,2,1,1,4,1,0.0,1,estabilizada,1,1,1,770.25,340.25,0.6761194467544556,0.7555704712867737,0.668446284503334,0.6984678049873749,0.655585034503334,0.687023304987375,-2.7840185204683237,0.6667525677013937,0.693237549673968,-2.715183594936102,0.0,0.5411403708531743,-0.24892609431959795,1.5831956152549302
2026-08-18T06:23:51.144+00:00,1787034231.1448271,194043.1471588,11.033165500004543,387,194043.0427689,21.52619999833405,82.77300000190735,3,1,1,4,1,0.0,1,estabilizada,1,1,1,447.0,275.0,0.14112114906311035,0.8924693465232849,0.16386106168932657,0.8275843830443288,0.15099981168932658,0.8161398830443288,0.0610897672655638,0.15077562869639022,0.8164573815379332,0.04135499085171248,0.0,0.5411403708531743,-0.24892609431959795,1.5831956152549302
2026-08-18T06:23:51.144+00:00,1787034231.1448271,194043.1471711,11.033177799981786,387,194043.0427689,21.52619999833405,82.77300000190735,10,0,0,4,1,0.0,1,estabilizada,1,1,1,,,,,,,,,,,,,nan,0.5411403708531743,-0.24892609431959795,1.5831956152549302
2026-08-18T06:23:51.297+00:00,1787034231.2975733,194043.3000723,11.186078999977326,392,194043.2039845,14.360900007886812,81.70099998824298,1,0,0,4,1,0.0,1,estabilizada,1,1,1,,,,,,,,,,,,,nan,0.5411434643182729,-0.24892276890784498,1.5831983181689175
2026-08-18T06:23:51.297+00:00,1787034231.2975733,194043.3001171,11.186123799998313,392,194043.2039845,14.360900007886812,81.70099998824298,2,1,1,4,1,0.0,1,estabilizada,1,1,1,765.25,342.0,0.6676967144012451,0.7523594498634338,0.6605025477723665,0.6954396068751971,0.6476412977723665,0.6839951068751972,-2.808396078282327,0.6618328206772416,0.690445437861664,-2.747621193522129,0.0,0.5411434643182729,-0.24892276890784498,1.5831983181689175
2026-08-18T06:23:51.297+00:00,1787034231.2975733,194043.3001296,11.186136299977079,392,194043.2039845,14.360900007886812,81.70099998824298,3,1,1,4,1,0.0,1,estabilizada,1,1,1,447.0,275.0,0.14111880958080292,0.8924671411514282,0.16385899223082712,0.8275826028554656,0.15099774223082713,0.8161381028554656,0.06109321113501079,0.15077562869639022,0.8164573815379332,0.04135499085171248,0.0,0.5411434643182729,-0.24892276890784498,1.5831983181689175
2026-08-18T06:23:51.297+00:00,1787034231.2975733,194043.3001395,11.186146199994255,392,194043.2039845,14.360900007886812,81.70099998824298,10,0,0,4,1,0.0,1,estabilizada,1,1,1,,,,,,,,,,,,,nan,0.5411434643182729,-0.24892276890784498,1.5831983181689175
2026-08-18T06:23:51.452+00:00,1787034231.45205,194043.4550598,11.341066499997396,397,194043.3703298,4.048400005558506,80.65639997948892,1,0,0,4,1,0.0,1,estabilizada,1,1,1,,,,,,,,,,,,,nan,0.5411483475861723,-0.24892225229494172,1.5831998079450493
2026-08-18T06:23:51.452+00:00,1787034231.45205,194043.4551052,11.341111899993848,397,194043.3703298,4.048400005558506,80.65639997948892,2,1,1,4,1,0.0,1,estabilizada,1,1,1,760.5,344.0,0.6596797704696655,0.7486689686775208,0.6529416266131671,0.691959001030381,0.6400803766131671,0.680514501030381,-2.87312127986156,0.6584811180653654,0.6888391245187844,-2.7638864277483814,0.0,0.5411483475861723,-0.24892225229494172,1.5831998079450493
2026-08-18T06:23:51.452+00:00,1787034231.45205,194043.455119,11.341125699982513,397,194043.3703298,4.048400005558506,80.65639997948892,3,1,1,4,1,0.0,1,estabilizada,1,1,1,447.0,275.0,0.1411161869764328,0.8924648761749268,0.16385677491372375,0.8275805570594372,0.15099552491372376,0.8161360570594373,0.061096646690737444,0.15077562869639022,0.8164573815379332,0.04135499085171248,0.0,0.5411483475861723,-0.24892225229494172,1.5831998079450493
2026-08-18T06:23:51.452+00:00,1787034231.45205,194043.4551292,11.341135900001973,397,194043.3703298,4.048400005558506,80.65639997948892,10,0,0,4,1,0.0,1,estabilizada,1,1,1,,,,,,,,,,,,,nan,0.5411483475861723,-0.24892225229494172,1.5831998079450493
2026-08-18T06:23:51.593+00:00,1787034231.5934162,194043.5958173,11.481823999987682,401,194043.5037863,11.79070002399385,80.21539999754168,1,0,0,4,1,0.0,1,estabilizada,1,1,1,,,,,,,,,,,,,nan,0.5411531996058289,-0.24891834830038262,1.5832043045436472
2026-08-18T06:23:51.593+00:00,1787034231.5934162,194043.5958606,11.481867299997248,401,194043.5037863,11.79070002399385,80.21539999754168,2,1,1,4,1,0.0,1,estabilizada,1,1,1,756.75,345.25,0.6533922553062439,0.7463898062705994,0.6470118311348044,0.689809784567583,0.6341505811348045,0.678365284567583,-2.8992012509605325,0.6559144968951465,0.687474794510466,-2.779459208843614,0.0,0.5411531996058289,-0.24891834830038262,1.5832043045436472
2026-08-18T06:23:51.593+00:00,1787034231.5934162,194043.5958731,11.481879800005117,401,194043.5037863,11.79070002399385,80.21539999754168,3,1,1,4,1,0.0,1,estabilizada,1,1,1,447.0,275.0,0.14111337065696716,0.8924627304077148,0.16385432992676618,0.8275789394851408,0.1509930799267662,0.8161344394851409,0.06109999893854993,0.15077562869639022,0.8164573815379332,0.04135499085171248,0.0,0.5411531996058289,-0.24891834830038262,1.5832043045436472
2026-08-18T06:23:51.593+00:00,1787034231.5934162,194043.5958831,11.48188979999395,401,194043.5037863,11.79070002399385,80.21539999754168,10,0,0,4,1,0.0,1,estabilizada,1,1,1,,,,,,,,,,,,,nan,0.5411531996058289,-0.24891834830038262,1.5832043045436472
2026-08-18T06:23:51.727+00:00,1787034231.7275994,194043.7304595,11.616466199979186,405,194043.6406652,12.576500012073666,77.18880000174977,1,0,0,4,1,0.0,1,estabilizada,1,1,1,,,,,,,,,,,,,nan,0.541159874021974,-0.24891307429541829,1.5832103119739624
2026-08-18T06:23:51.727+00:00,1787034231.7275994,194043.7305027,11.61650939998799,405,194043.6406652,12.576500012073666,77.18880000174977,2,1,1,4,1,0.0,1,estabilizada,1,1,1,752.0,346.5,0.6454704403877258,0.7441439628601074,0.6395407474707989,0.6876921240437195,0.626679497470799,0.6762476240437195,-2.8906708770931764,0.6470625273461675,0.6837064101952469,-2.813728221502442,0.0,0.541159874021974,-0.24891307429541829,1.5832103119739624
2026-08-18T06:23:51.727+00:00,1787034231.7275994,194043.7305176,11.61652429998503,405,194043.6406652,12.576500012073666,77.18880000174977,3,1,1,4,1,0.0,1,estabilizada,1,1,1,447.0,275.0,0.14111031591892242,0.8924607038497925,0.16385174196760954,0.827577574137864,0.15099049196760955,0.8161330741378641,0.06110226155085421,0.15077562869639022,0.8164573815379332,0.04135499085171248,0.0,0.541159874021974,-0.24891307429541829,1.5832103119739624
2026-08-18T06:23:51.727+00:00,1787034231.7275994,194043.730531,11.616537699999753,405,194043.6406652,12.576500012073666,77.18880000174977,10,0,0,4,1,0.0,1,estabilizada,1,1,1,,,,,,,,,,,,,nan,0.541159874021974,-0.24891307429541829,1.5832103119739624
2026-08-18T06:23:51.867+00:00,1787034231.8679638,194043.8702914,11.756298099993728,409,194043.7714036,19.815800013020635,79.04729997972026,1,0,0,4,1,0.0,1,estabilizada,1,1,1,,,,,,,,,,,,,nan,0.5411645228909139,-0.24891015101710887,1.5832153511634834
2026-08-18T06:23:51.867+00:00,1787034231.8679638,194043.8703336,11.756340299994918,409,194043.7714036,19.815800013020635,79.04729997972026,2,1,1,4,1,0.0,1,estabilizada,1,1,1,747.75,347.5,0.6384027004241943,0.7423630356788635,0.6328750658092546,0.6860127819139067,0.6200138158092545,0.6745682819139067,-2.997851162327136,0.6300769023117896,0.6778809292091408,-2.881304719839986,0.0,0.5411645228909139,-0.24891015101710887,1.5832153511634834
2026-08-18T06:23:51.867+00:00,1787034231.8679638,194043.8703455,11.756352199998219,409,194043.7714036,19.815800013020635,79.04729997972026,3,1,1,4,1,0.0,1,estabilizada,1,1,1,447.0,275.0,0.14110739529132843,0.8924585580825806,0.1638491792548954,0.8275759230427658,0.1509879292548954,0.8161314230427659,0.06110448250298742,0.15077562869639022,0.8164573815379332,0.04135499085171248,0.0,0.5411645228909139,-0.24891015101710887,1.5832153511634834
2026-08-18T06:23:51.867+00:00,1787034231.8679638,194043.8705193,11.756525999982841,409,194043.7714036,19.815800013020635,79.04729997972026,10,0,0,4,1,0.0,1,estabilizada,1,1,1,,,,,,,,,,,,,nan,0.5411645228909139,-0.24891015101710887,1.5832153511634834
2026-08-18T06:23:52.015+00:00,1787034232.0152972,194044.0181652,11.904171899979701,413,194043.9090561,20.50959999905899,88.54619998601265,1,0,0,4,1,0.0,1,estabilizada,1,1,1,,,,,,,,,,,,,nan,0.5411682604045266,-0.2489082583273114,1.583218905309825
2026-08-18T06:23:52.015+00:00,1787034232.0152972,194044.018412,11.904418699996313,413,194043.9090561,20.50959999905899,88.54619998601265,2,1,1,4,1,0.0,1,estabilizada,1,1,1,745.0,348.25,0.6338257193565369,0.7410159111022949,0.6285584936572272,0.6847424703608647,0.6156972436572272,0.6732979703608647,-2.9714361501521904,0.6260906980397495,0.6765664397898964,-2.9094958840131753,0.0,0.5411682604045266,-0.2489082583273114,1.583218905309825
2026-08-18T06:23:52.015+00:00,1787034232.0152972,194044.0184784,11.904485099978046,413,194043.9090561,20.50959999905899,88.54619998601265,3,1,1,4,1,0.0,1,estabilizada,1,1,1,447.0,275.0,0.14110511541366577,0.8924568295478821,0.16384719039042428,0.8275745460151034,0.1509859403904243,0.8161300460151034,0.061107809768955544,0.15077562869639022,0.8164573815379332,0.04135499085171248,0.0,0.5411682604045266,-0.2489082583273114,1.583218905309825
2026-08-18T06:23:52.015+00:00,1787034232.0152972,194044.0185061,11.904512799985241,413,194043.9090561,20.50959999905899,88.54619998601265,10,0,0,4,1,0.0,1,estabilizada,1,1,1,,,,,,,,,,,,,nan,0.5411682604045266,-0.2489082583273114,1.583218905309825
2026-08-18T06:23:52.162+00:00,1787034232.162302,194044.1654713,12.051477999979397,418,194044.0724906,10.314300016034395,82.64139998937026,1,0,0,4,1,0.0,1,estabilizada,1,1,1,,,,,,,,,,,,,nan,0.5411716267187087,-0.24890603754388607,1.583223888549462
2026-08-18T06:23:52.162+00:00,1787034232.162302,194044.1655155,12.051522199995816,418,194044.0724906,10.314300016034395,82.64139998937026,2,1,1,4,1,0.0,1,estabilizada,1,1,1,739.5,349.75,0.6246866583824158,0.7383254170417786,0.6199391600000992,0.6822052235837868,0.6070779100000991,0.6707607235837868,-3.049811896929549,0.6236961438706919,0.6758134151640428,-2.926129739235013,0.0,0.5411716267187087,-0.24890603754388607,1.583223888549462
2026-08-18T06:23:52.162+00:00,1787034232.162302,194044.1655281,12.051534800004447,418,194044.0724906,10.314300016034395,82.64139998937026,3,1,1,4,1,0.0,1,estabilizada,1,1,1,447.0,275.0,0.14110268652439117,0.892454981803894,0.16384501935419532,0.8275731337694927,0.15098376935419533,0.8161286337694927,0.06110999739141987,0.15077562869639022,0.8164573815379332,0.04135499085171248,0.0,0.5411716267187087,-0.24890603754388607,1.583223888549462
2026-08-18T06:23:52.162+00:00,1787034232.162302,194044.165538,12.051544699992519,418,194044.0724906,10.314300016034395,82.64139998937026,10,0,0,4,1,0.0,1,estabilizada,1,1,1,,,,,,,,,,,,,nan,0.5411716267187087,-0.24890603754388607,1.583223888549462
2026-08-18T06:23:52.305+00:00,1787034232.305695,194044.3084387,12.194445400004042,422,194044.2035504,23.86549999937415,80.99799999035895,1,0,0,4,1,0.0,1,estabilizada,1,1,1,,,,,,,,,,,,,nan,0.5411810546236325,-0.24890527400147938,1.5832290625095216
2026-08-18T06:23:52.305+00:00,1787034232.305695,194044.3084805,12.194487200002186,422,194044.2035504,23.86549999937415,80.99799999035895,2,1,1,4,1,0.0,1,estabilizada,1,1,1,734.75,350.25,0.6168640851974487,0.7375173568725586,0.6125618190800957,0.6814433250846728,0.5997005690800956,0.6699988250846728,-3.049760925615223,0.6181911152379379,0.6739795872491141,-2.9548513274079458,0.0,0.5411810546236325,-0.24890527400147938,1.5832290625095216
2026-08-18T06:23:52.305+00:00,1787034232.305695,194044.3084921,12.194498800003203,422,194044.2035504,23.86549999937415,80.99799999035895,3,1,1,4,1,0.0,1,estabilizada,1,1,1,446.75,275.0,0.14068730175495148,0.8924591541290283,0.16345370910036022,0.8275773243520259,0.15059245910036023,0.8161328243520259,0.06111329966099644,0.15077562869639022,0.8164573815379332,0.04135499085171248,0.0,0.5411810546236325,-0.24890527400147938,1.5832290625095216
2026-08-18T06:23:52.305+00:00,1787034232.305695,194044.3085019,12.194508599990513,422,194044.2035504,23.86549999937415,80.99799999035895,10,0,0,4,1,0.0,1,estabilizada,1,1,1,,,,,,,,,,,,,nan,0.5411810546236325,-0.24890527400147938,1.5832290625095216
2026-08-18T06:23:52.478+00:00,1787034232.4780529,194044.480971,12.36697770000319,427,194044.3704188,12.250899977516383,98.07700000237674,1,0,0,4,1,0.0,1,estabilizada,1,1,1,,,,,,,,,,,,,nan,0.5411934299901198,-0.2489071189543266,1.5832321693922518
2026-08-18T06:23:52.478+00:00,1787034232.4780529,194044.4810192,12.367025899991859,427,194044.3704188,12.250899977516383,98.07700000237674,2,1,1,4,1,0.0,1,estabilizada,1,1,1,731.5,351.0,0.6114868521690369,0.7361902594566345,0.6074909707573226,0.680191672659968,0.5946297207573226,0.6687471726599681,-3.04983191742678,0.6102846641385202,0.6719847951831354,-2.9839660746559193,0.0,0.5411934299901198,-0.2489071189543266,1.5832321693922518
2026-08-18T06:23:52.478+00:00,1787034232.4780529,194044.4810315,12.367038199998206,427,194044.3704188,12.250899977516383,98.07700000237674,3,1,1,4,1,0.0,1,estabilizada,1,1,1,447.0,275.0,0.1410973072052002,0.8924523591995239,0.16384106629927248,0.8275709381295628,0.15097981629927248,0.8161264381295629,0.061114430977880205,0.15077562869639022,0.8164573815379332,0.04135499085171248,0.0,0.5411934299901198,-0.2489071189543266,1.5832321693922518
2026-08-18T06:23:52.478+00:00,1787034232.4780529,194044.4810437,12.36705040000379,427,194044.3704188,12.250899977516383,98.07700000237674,10,0,0,4,1,0.0,1,estabilizada,1,1,1,,,,,,,,,,,,,nan,0.5411934299901198,-0.2489071189543266,1.5832321693922518
2026-08-18T06:23:52.653+00:00,1787034232.6539462,194044.6567692,12.542775899986736,432,194044.5379211,14.932099991710857,103.83449998334982,1,0,0,4,1,0.0,1,estabilizada,1,1,1,,,,,,,,,,,,,nan,0.5412063593182426,-0.24891385045884373,1.5832317005869834
2026-08-18T06:23:52.653+00:00,1787034232.6539462,194044.6569869,12.542993599985493,432,194044.5379211,14.932099991710857,103.83449998334982,2,1,1,4,1,0.0,1,estabilizada,1,1,1,724.25,352.5,0.599524199962616,0.7335628867149353,0.5962090783313048,0.6777132556641817,0.5833478283313047,0.6662687556641818,-3.0222837990173113,0.606309305745678,0.6711626453000648,-2.994217516355923,0.0,0.5412063593182426,-0.24891385045884373,1.5832317005869834
2026-08-18T06:23:52.653+00:00,1787034232.6539462,194044.6570075,12.543014199996833,432,194044.5379211,14.932099991710857,103.83449998334982,3,1,1,4,1,0.0,1,estabilizada,1,1,1,447.0,275.0,0.1410951018333435,0.8924518823623657,0.16383972800542573,0.8275700865293083,0.15097847800542574,0.8161255865293083,0.06111557896549452,0.15077562869639022,0.8164573815379332,0.05035717194762572,0.0,0.5412063593182426,-0.24891385045884373,1.5832317005869834
2026-08-18T06:23:52.653+00:00,1787034232.6539462,194044.6570238,12.543030500004534,432,194044.5379211,14.932099991710857,103.83449998334982,10,0,0,4,1,0.0,1,estabilizada,1,1,1,,,,,,,,,,,,,nan,0.5412063593182426,-0.24891385045884373,1.5832317005869834
2026-08-18T06:23:52.804+00:00,1787034232.8045774,194044.8076807,12.693687399994815,437,194044.709058,14.205799991032109,84.39430000726134,1,0,0,4,1,0.0,1,estabilizada,1,1,1,,,,,,,,,,,,,nan,0.5412179999228319,-0.24892472152870232,1.5832269739859006
2026-08-18T06:23:52.804+00:00,1787034232.8045774,194044.8077235,12.693730200000573,437,194044.709058,14.205799991032109,84.39430000726134,2,1,1,4,1,0.0,1,estabilizada,1,1,1,717.75,354.0,0.5888103246688843,0.7309183478355408,0.5861048950005397,0.6752182633298005,0.5732436450005398,0.6637737633298005,-2.9349838092325906,0.5908717897662161,0.6676398607592984,-3.003593143716722,0.0,0.5412179999228319,-0.24892472152870232,1.5832269739859006
2026-08-18T06:23:52.804+00:00,1787034232.8045774,194044.8077353,12.693742000003112,437,194044.709058,14.205799991032109,84.39430000726134,3,1,1,4,1,0.0,1,estabilizada,1,1,1,447.0,275.0,0.14109349250793457,0.8924516439437866,0.16383893978684222,0.8275690499882853,0.15097768978684223,0.8161245499882853,0.06111676029450657,0.15077562869639022,0.8164573815379332,0.05035717194762572,0.0,0.5412179999228319,-0.24892472152870232,1.5832269739859006
2026-08-18T06:23:52.804+00:00,1787034232.8045774,194044.8077475,12.693754199979594,437,194044.709058,14.205799991032109,84.39430000726134,10,0,0,4,1,0.0,1,estabilizada,1,1,1,,,,,,,,,,,,,nan,0.5412179999228319,-0.24892472152870232,1.5832269739859006
2026-08-18T06:23:52.967+00:00,1787034232.9689755,194044.9712267,12.857233399990946,442,194044.8711703,5.237300007138401,94.76429998176172,1,0,0,4,1,0.0,1,estabilizada,1,1,1,,,,,,,,,,,,,nan,0.5412281615196046,-0.2489365856346191,1.5832201277480749
2026-08-18T06:23:52.968+00:00,1787034232.9689755,194044.9713095,12.857316199981142,442,194044.8711703,5.237300007138401,94.76429998176172,2,1,1,4,1,0.0,1,estabilizada,1,1,1,712.0,357.25,0.5792446136474609,0.7249507308006287,0.5770835239597157,0.6695889671753501,0.5642222739597158,0.6581444671753501,-2.927802549964823,0.5780135108898213,0.6636479101445212,-2.9692318163363454,0.0,0.5412281615196046,-0.2489365856346191,1.5832201277480749
2026-08-18T06:23:52.968+00:00,1787034232.9689755,194044.9713479,12.8573545999825,442,194044.8711703,5.237300007138401,94.76429998176172,3,1,1,4,1,0.0,1,estabilizada,1,1,1,447.0,275.0,0.14109237492084503,0.8924516439437866,0.16383856173512656,0.8275680949908248,0.15097731173512657,0.8161235949908249,0.06111909795710953,0.15077562869639022,0.8164573815379332,0.05035717194762572,0.0,0.5412281615196046,-0.2489365856346191,1.5832201277480749
2026-08-18T06:23:52.968+00:00,1787034232.9689755,194044.9713792,12.857385899988003,442,194044.8711703,5.237300007138401,94.76429998176172,10,0,0,4,1,0.0,1,estabilizada,1,1,1,,,,,,,,,,,,,nan,0.5412281615196046,-0.2489365856346191,1.5832201277480749
2026-08-18T06:23:53.146+00:00,1787034233.146729,194045.1497883,13.035795000003418,446,194045.0059773,35.708800016436726,108.03699999814853,1,0,0,4,1,0.0,1,estabilizada,1,1,1,,,,,,,,,,,,,nan,0.54123973194444,-0.2489474249162191,1.583213509402598
2026-08-18T06:23:53.146+00:00,1787034233.146729,194045.1498722,13.03587890000199,446,194045.0059773,35.708800016436726,108.03699999814853,2,1,1,4,1,0.0,1,estabilizada,1,1,1,707.0,358.75,0.5710207223892212,0.7222757935523987,0.5693277800765689,0.6670652428951102,0.556466530076569,0.6556207428951102,-2.8641071057974212,0.5720775442402473,0.6613162894352653,-2.9451145179789795,0.0,0.54123973194444,-0.2489474249162191,1.583213509402598
2026-08-18T06:23:53.146+00:00,1787034233.146729,194045.1499006,13.03590729998541,446,194045.0059773,35.708800016436726,108.03699999814853,3,1,1,4,1,0.0,1,estabilizada,1,1,1,447.0,275.0,0.14109119772911072,0.8924517035484314,0.16383820428602724,0.8275672637986842,0.15097695428602725,0.8161227637986842,0.06111923965556234,0.15077562869639022,0.8164573815379332,0.05035717194762572,0.0,0.54123973194444,-0.2489474249162191,1.583213509402598
2026-08-18T06:23:53.146+00:00,1787034233.146729,194045.1499139,13.035920599999372,446,194045.0059773,35.708800016436726,108.03699999814853,10,0,0,4,1,0.0,1,estabilizada,1,1,1,,,,,,,,,,,,,nan,0.54123973194444,-0.2489474249162191,1.583213509402598
2026-08-18T06:23:53.303+00:00,1787034233.303698,194045.3063074,13.192314099986106,452,194045.2033384,18.151500000385568,84.79379999334924,1,0,0,4,1,0.0,1,estabilizada,1,1,1,,,,,,,,,,,,,nan,0.5412520112068443,-0.24895721344365723,1.5832066189915466
2026-08-18T06:23:53.303+00:00,1787034233.303698,194045.3063505,13.192357199994149,452,194045.2033384,18.151500000385568,84.79379999334924,2,1,1,4,1,0.0,1,estabilizada,1,1,1,700.0,362.5,0.5594576597213745,0.7154385447502136,0.5584227295065479,0.6606158720830577,0.545561479506548,0.6491713720830578,-2.710221179759892,0.5653169312649022,0.658849736946277,-2.905336801958387,0.0,0.5412520112068443,-0.24895721344365723,1.5832066189915466
2026-08-18T06:23:53.303+00:00,1787034233.303698,194045.3063631,13.19236980000278,452,194045.2033384,18.151500000385568,84.79379999334924,3,1,1,4,1,0.0,1,estabilizada,1,1,1,446.75,275.0,0.1406777948141098,0.8924581408500671,0.16344909897800342,0.8275724963270108,0.15058784897800342,0.8161279963270108,0.06112047934496569,0.15077562869639022,0.8164573815379332,0.05035717194762572,0.0,0.5412520112068443,-0.24895721344365723,1.5832066189915466
2026-08-18T06:23:53.303+00:00,1787034233.303698,194045.3063749,13.19238160000532,452,194045.2033384,18.151500000385568,84.79379999334924,10,0,0,4,1,0.0,1,estabilizada,1,1,1,,,,,,,,,,,,,nan,0.5412520112068443,-0.24895721344365723,1.5832066189915466
2026-08-18T06:23:53.438+00:00,1787034233.4389687,194045.4415368,13.327543499995954,456,194045.3414222,21.69059999869205,78.37730000028387,1,0,0,4,1,0.0,1,estabilizada,1,1,1,,,,,,,,,,,,,nan,0.5412585706158781,-0.24896758782371037,1.5831989010648324
2026-08-18T06:23:53.438+00:00,1787034233.4389687,194045.4416147,13.327621399977943,456,194045.3414222,21.69059999869205,78.37730000028387,2,1,1,4,1,0.0,1,estabilizada,1,1,1,696.5,364.5,0.553688108921051,0.7117964029312134,0.5529815278043555,0.6571799178453623,0.5401202778043555,0.6457354178453624,-2.7513887279244598,0.5600268571965028,0.6561535732543546,-2.878807793792465,0.0,0.5412585706158781,-0.24896758782371037,1.5831989010648324
2026-08-18T06:23:53.438+00:00,1787034233.4389687,194045.4416453,13.327651999978116,456,194045.3414222,21.69059999869205,78.37730000028387,3,1,1,4,1,0.0,1,estabilizada,1,1,1,447.25,274.75,0.14146633446216583,0.8929500579833984,0.1641932964564129,0.828035543418288,0.1513320464564129,0.816591043418288,0.02495584794410888,0.15077562869639022,0.8164573815379332,0.05035717194762572,0.0,0.5412585706158781,-0.24896758782371037,1.5831989010648324
2026-08-18T06:23:53.438+00:00,1787034233.4389687,194045.4416562,13.327662900002906,456,194045.3414222,21.69059999869205,78.37730000028387,10,0,0,4,1,0.0,1,estabilizada,1,1,1,,,,,,,,,,,,,nan,0.5412585706158781,-0.24896758782371037,1.5831989010648324
2026-08-18T06:23:53.582+00:00,1787034233.5827236,194045.5852369,13.4712435999827,460,194045.4717389,34.365200001047924,79.10619999165647,1,0,0,4,1,0.0,1,estabilizada,1,1,1,,,,,,,,,,,,,nan,0.541258634780475,-0.24897691899179403,1.5831921014491164
2026-08-18T06:23:53.582+00:00,1787034233.5827236,194045.5852779,13.471284600003855,460,194045.4717389,34.365200001047924,79.10619999165647,2,1,1,4,1,0.0,1,estabilizada,1,1,1,691.75,366.5,0.5459063649177551,0.7082005143165588,0.5456421545847372,0.6537876803219342,0.5327809045847371,0.6423431803219343,-2.7102250485637147,0.5468125598118188,0.6495033095069351,-2.794096956670271,0.0,0.541258634780475,-0.24897691899179403,1.5831921014491164
2026-08-18T06:23:53.582+00:00,1787034233.5827236,194045.5852906,13.471297299984144,460,194045.4717389,34.365200001047924,79.10619999165647,3,1,1,4,1,0.0,1,estabilizada,1,1,1,447.0,275.0,0.1410902440547943,0.892452597618103,0.16383868698370113,0.8275655530194963,0.15097743698370114,0.8161210530194963,0.061122850376442675,0.15077562869639022,0.8164573815379332,0.05035717194762572,0.0,0.541258634780475,-0.24897691899179403,1.5831921014491164
2026-08-18T06:23:53.582+00:00,1787034233.5827236,194045.585301,13.471307700005127,460,194045.4717389,34.365200001047924,79.10619999165647,10,0,0,4,1,0.0,1,estabilizada,1,1,1,,,,,,,,,,,,,nan,0.541258634780475,-0.24897691899179403,1.5831921014491164
2026-08-18T06:23:53.720+00:00,1787034233.7206411,194045.7231972,13.609203899977729,465,194045.6373821,7.29100001626648,78.49919999716803,1,0,0,4,1,0.0,1,estabilizada,1,1,1,,,,,,,,,,,,,nan,0.5412588913612054,-0.2489862906873367,1.5831860367374093
2026-08-18T06:23:53.720+00:00,1787034233.7206411,194045.7232409,13.60924759999034,465,194045.6373821,7.29100001626648,78.49919999716803,2,1,1,4,1,0.0,1,estabilizada,1,1,1,686.25,370.0,0.5368756055831909,0.7018378973007202,0.5371247839557051,0.6477860203050928,0.5242635339557051,0.6363415203050928,-2.641661499849748,0.5339002191320277,0.641944824075511,-2.6980628905525985,0.0,0.5412588913612054,-0.2489862906873367,1.5831860367374093
2026-08-18T06:23:53.720+00:00,1787034233.7206411,194045.7232534,13.60926009999821,465,194045.6373821,7.29100001626648,78.49919999716803,3,1,1,4,1,0.0,1,estabilizada,1,1,1,447.0,275.0,0.1410902887582779,0.8924523591995239,0.1638388308743281,0.8275645468350846,0.1509775808743281,0.8161200468350847,0.06112507970865223,0.15077562869639022,0.8164573815379332,0.05035717194762572,0.0,0.5412588913612054,-0.2489862906873367,1.5831860367374093
2026-08-18T06:23:53.720+00:00,1787034233.7206411,194045.7232661,13.609272799978498,465,194045.6373821,7.29100001626648,78.49919999716803,10,0,0,4,1,0.0,1,estabilizada,1,1,1,,,,,,,,,,,,,nan,0.5412588913612054,-0.2489862906873367,1.5831860367374093
2026-08-18T06:23:53.865+00:00,1787034233.8654451,194045.8680557,13.754062399995746,469,194045.7710432,14.991100004408509,81.99299999978393,1,0,0,4,1,0.0,1,estabilizada,1,1,1,,,,,,,,,,,,,nan,0.541263029586337,-0.2489946135474024,1.5831826608950725
2026-08-18T06:23:53.865+00:00,1787034233.8654451,194045.8680991,13.75410579997697,469,194045.7710432,14.991100004408509,81.99299999978393,2,1,1,4,1,0.0,1,estabilizada,1,1,1,682.0,373.75,0.5298858284950256,0.6949940919876099,0.5305325941042695,0.6413306799274257,0.5176713441042695,0.6298861799274257,-2.5600267840428628,0.527239193613567,0.6371096849238055,-2.6317299201725515,0.0,0.541263029586337,-0.2489946135474024,1.5831826608950725
2026-08-18T06:23:53.865+00:00,1787034233.8654451,194045.8681273,13.754133999987971,469,194045.7710432,14.991100004408509,81.99299999978393,3,1,1,4,1,0.0,1,estabilizada,1,1,1,447.0,275.0,0.14109015464782715,0.8924522399902344,0.16383898814256997,0.8275638229074529,0.15097773814256998,0.8161193229074529,0.061126219384579315,0.15077562869639022,0.8164573815379332,0.05035717194762572,0.0,0.541263029586337,-0.2489946135474024,1.5831826608950725
2026-08-18T06:23:53.865+00:00,1787034233.8654451,194045.8681381,13.754144799982896,469,194045.7710432,14.991100004408509,81.99299999978393,10,0,0,4,1,0.0,1,estabilizada,1,1,1,,,,,,,,,,,,,nan,0.541263029586337,-0.2489946135474024,1.5831826608950725
2026-08-18T06:23:54.006+00:00,1787034234.006877,194046.0091505,13.895157199993264,473,194045.9047599,23.77369999885559,80.55389998480678,1,0,0,4,1,0.0,1,estabilizada,1,1,1,,,,,,,,,,,,,nan,0.5412685849348701,-0.24900198903633178,1.5831802214507995
2026-08-18T06:23:54.006+00:00,1787034234.006877,194046.009273,13.895279699994717,473,194045.9047599,23.77369999885559,80.55389998480678,2,1,1,4,1,0.0,1,estabilizada,1,1,1,677.75,376.75,0.5229437947273254,0.68956458568573,0.5239855151179249,0.6362093260756915,0.5111242651179249,0.6247648260756915,-2.467861275445741,0.5205520120773142,0.631761286049119,-2.578698835213176,0.0,0.5412685849348701,-0.24900198903633178,1.5831802214507995
2026-08-18T06:23:54.006+00:00,1787034234.006877,194046.0092992,13.89530589999049,473,194045.9047599,23.77369999885559,80.55389998480678,3,1,1,4,1,0.0,1,estabilizada,1,1,1,447.0,275.0,0.14108987152576447,0.8924521803855896,0.16383907197611813,0.8275632474289663,0.15097782197611814,0.8161187474289663,0.06112738407140171,0.15077562869639022,0.8164573815379332,0.05035717194762572,0.0,0.5412685849348701,-0.24900198903633178,1.5831802214507995
2026-08-18T06:23:54.006+00:00,1787034234.006877,194046.0093204,13.895327099977294,473,194045.9047599,23.77369999885559,80.55389998480678,10,0,0,4,1,0.0,1,estabilizada,1,1,1,,,,,,,,,,,,,nan,0.5412685849348701,-0.24900198903633178,1.5831802214507995
2026-08-18T06:23:54.156+00:00,1787034234.1562417,194046.1586851,14.044691799994325,478,194046.0700522,4.379899997729808,84.22750001773238,1,0,0,4,1,0.0,1,estabilizada,1,1,1,,,,,,,,,,,,,nan,0.5412693195654441,-0.24900500136399084,1.583181000911385
2026-08-18T06:23:54.156+00:00,1787034234.1562417,194046.1587279,14.044734600000083,478,194046.0700522,4.379899997729808,84.22750001773238,2,1,1,4,1,0.0,1,estabilizada,1,1,1,673.0,381.25,0.5151810050010681,0.6813985705375671,0.5166640624085548,0.6285073841078815,0.5038028124085547,0.6170628841078816,-2.521123810916703,0.5167250125250589,0.6287220870129339,-2.5494378623807075,0.0,0.5412693195654441,-0.24900500136399084,1.583181000911385
2026-08-18T06:23:54.156+00:00,1787034234.1562417,194046.15874,14.044746700004907,478,194046.0700522,4.379899997729808,84.22750001773238,3,1,1,4,1,0.0,1,estabilizada,1,1,1,446.75,275.0,0.1406770944595337,0.8924577832221985,0.16344979084660333,0.8275683924616866,0.15058854084660334,0.8161238924616866,0.06112736739861117,0.15077562869639022,0.8164573815379332,0.05035717194762572,0.0,0.5412693195654441,-0.24900500136399084,1.583181000911385
2026-08-18T06:23:54.156+00:00,1787034234.1562417,194046.1587521,14.044758799980627,478,194046.0700522,4.379899997729808,84.22750001773238,10,0,0,4,1,0.0,1,estabilizada,1,1,1,,,,,,,,,,,,,nan,0.5412693195654441,-0.24900500136399084,1.583181000911385
2026-08-18T06:23:54.302+00:00,1787034234.3021133,194046.3051002,14.1911068999907,482,194046.2037147,20.232299983035773,81.1233000131324,1,0,0,4,1,0.0,1,estabilizada,1,1,1,,,,,,,,,,,,,nan,0.5412704604664376,-0.24900802800007915,1.5831810436600722
2026-08-18T06:23:54.302+00:00,1787034234.3021133,194046.3051424,14.19114909999189,482,194046.2037147,20.232299983035773,81.1233000131324,2,1,1,4,1,0.0,1,estabilizada,1,1,1,668.75,382.75,0.5083210468292236,0.6787706613540649,0.5101941410272779,0.6260286945548456,0.4973328910272779,0.6145841945548456,-2.6099573481419722,0.5077846500931598,0.6213888692490412,-2.5494378623807075,0.0,0.5412704604664376,-0.24900802800007915,1.5831810436600722
2026-08-18T06:23:54.302+00:00,1787034234.3021133,194046.3051543,14.19116099999519,482,194046.2037147,20.232299983035773,81.1233000131324,3,1,1,4,1,0.0,1,estabilizada,1,1,1,447.0,275.0,0.14108915627002716,0.8924513459205627,0.16383849218578117,0.8275621508002379,0.15097724218578118,0.8161176508002379,0.06112850707812196,0.15077562869639022,0.8164573815379332,0.05035717194762572,0.0,0.5412704604664376,-0.24900802800007915,1.5831810436600722
2026-08-18T06:23:54.302+00:00,1787034234.3021133,194046.3051672,14.191173899977002,482,194046.2037147,20.232299983035773,81.1233000131324,10,0,0,4,1,0.0,1,estabilizada,1,1,1,,,,,,,,,,,,,nan,0.5412704604664376,-0.24900802800007915,1.5831810436600722
2026-08-18T06:23:54.449+00:00,1787034234.4491618,194046.4520755,14.338082200003555,486,194046.3378656,26.765999995404854,87.41700000246055,1,0,0,4,1,0.0,1,estabilizada,1,1,1,,,,,,,,,,,,,nan,0.541269408093946,-0.24900957149477596,1.583181970942126
2026-08-18T06:23:54.449+00:00,1787034234.4491618,194046.4521256,14.338132299977588,486,194046.3378656,26.765999995404854,87.41700000246055,2,1,1,4,1,0.0,1,estabilizada,1,1,1,665.75,385.5,0.5034509301185608,0.6738086342811584,0.5056008175479629,0.6213486896606356,0.49273956754796294,0.6099041896606356,-2.5299937433540225,0.49902533479307787,0.6144918432133897,-2.5494378623807075,0.0,0.541269408093946,-0.24900957149477596,1.583181970942126
2026-08-18T06:23:54.449+00:00,1787034234.4491618,194046.4521392,14.338145899993833,486,194046.3378656,26.765999995404854,87.41700000246055,3,1,1,4,1,0.0,1,estabilizada,1,1,1,446.75,275.0,0.14067602157592773,0.8924562931060791,0.16344877003336933,0.8275667670126619,0.15058752003336934,0.8161222670126619,0.06113075309478342,0.15077562869639022,0.8164573815379332,0.05035717194762572,0.0,0.541269408093946,-0.24900957149477596,1.583181970942126
2026-08-18T06:23:54.449+00:00,1787034234.4491618,194046.4521521,14.338158800004749,486,194046.3378656,26.765999995404854,87.41700000246055,10,0,0,4,1,0.0,1,estabilizada,1,1,1,,,,,,,,,,,,,nan,0.541269408093946,-0.24900957149477596,1.583181970942126
2026-08-18T06:23:54.594+00:00,1787034234.5944839,194046.596726,14.48273269998026,491,194046.5075615,11.23949998873286,77.8961000032723,1,0,0,4,1,0.0,1,estabilizada,1,1,1,,,,,,,,,,,,,nan,0.5412663462638825,-0.2490097912925504,1.5831836840749773
2026-08-18T06:23:54.594+00:00,1787034234.594649,194046.5969039,14.482910599996103,491,194046.5075615,11.23949998873286,77.8961000032723,2,1,1,4,1,0.0,1,estabilizada,1,1,1,659.5,389.25,0.49337905645370483,0.6671342849731445,0.4961013281182427,0.6150538045505028,0.4832400781182427,0.6036093045505029,-2.64314524889703,0.497646175353124,0.6132997811478278,-2.5494378623807075,0.0,0.5412663462638825,-0.2490097912925504,1.5831836840749773
2026-08-18T06:23:54.594+00:00,1787034234.594649,194046.5969394,14.482946100004483,491,194046.5075615,11.23949998873286,77.8961000032723,3,1,1,4,1,0.0,1,estabilizada,1,1,1,447.25,274.75,0.14146405458450317,0.8929463624954224,0.16419180665337813,0.8280290349138362,0.15133055665337813,0.8165845349138362,0.024966135622163328,0.15077562869639022,0.8164573815379332,0.05035717194762572,0.0,0.5412663462638825,-0.2490097912925504,1.5831836840749773
2026-08-18T06:23:54.594+00:00,1787034234.594649,194046.5969565,14.482963199989172,491,194046.5075615,11.23949998873286,77.8961000032723,10,0,0,4,1,0.0,1,estabilizada,1,1,1,,,,,,,,,,,,,nan,0.5412663462638825,-0.2490097912925504,1.5831836840749773
2026-08-18T06:23:54.731+00:00,1787034234.7319562,194046.7348538,14.620860499999253,495,194046.6377201,21.33819999289699,75.64389999606647,1,0,0,4,1,0.0,1,estabilizada,1,1,1,,,,,,,,,,,,,nan,0.5412635440565771,-0.24901070868487002,1.5831847552051284
2026-08-18T06:23:54.731+00:00,1787034234.7319562,194046.735094,14.621100699994713,495,194046.6377201,21.33819999289699,75.64389999606647,2,1,1,4,1,0.0,1,estabilizada,1,1,1,655.0,392.25,0.48614728450775146,0.6617966890335083,0.48928050275223334,0.6100196203590231,0.47641925275223335,0.5985751203590232,-2.7124411598881055,0.48769143541867344,0.6062399141734842,-2.6019474106258595,0.0,0.5412635440565771,-0.24901070868487002,1.5831847552051284
2026-08-18T06:23:54.731+00:00,1787034234.7319562,194046.7351181,14.6211248000036,495,194046.6377201,21.33819999289699,75.64389999606647,3,1,1,4,1,0.0,1,estabilizada,1,1,1,447.0,275.0,0.14108726382255554,0.8924475908279419,0.16383626080642022,0.8275586089081768,0.15097501080642023,0.8161141089081768,0.06113422217606983,0.15077562869639022,0.8164573815379332,0.05035717194762572,0.0,0.5412635440565771,-0.24901070868487002,1.5831847552051284
2026-08-18T06:23:54.731+00:00,1787034234.7319562,194046.7351368,14.621143500000471,495,194046.6377201,21.33819999289699,75.64389999606647,10,0,0,4,1,0.0,1,estabilizada,1,1,1,,,,,,,,,,,,,nan,0.5412635440565771,-0.24901070868487002,1.5831847552051284
2026-08-18T06:23:54.880+00:00,1787034234.8803082,194046.8831855,14.769192199979443,499,194046.7725195,26.997500011930242,83.64269998855889,1,0,0,4,1,0.0,1,estabilizada,1,1,1,,,,,,,,,,,,,nan,0.5412633625080234,-0.24901351799432847,1.583183863480355
2026-08-18T06:23:54.880+00:00,1787034234.8803082,194046.883228,14.769234699982917,499,194046.7725195,26.997500011930242,83.64269998855889,2,1,1,4,1,0.0,1,estabilizada,1,1,1,651.75,394.25,0.48093894124031067,0.658255398273468,0.48436823207590507,0.6066794541600665,0.4715069820759051,0.5952349541600666,-2.6595322511583737,0.48308716453923994,0.6030564475038579,-2.6379332606253842,0.0,0.5412633625080234,-0.24901351799432847,1.583183863480355
2026-08-18T06:23:54.880+00:00,1787034234.8803082,194046.8832399,14.769246599986218,499,194046.7725195,26.997500011930242,83.64269998855889,3,1,1,4,1,0.0,1,estabilizada,1,1,1,446.75,275.0,0.14067386090755463,0.892451822757721,0.16344636129470858,0.827562404012733,0.15058511129470858,0.816117904012733,0.061136618285866605,0.15077562869639022,0.8164573815379332,0.05035717194762572,0.0,0.5412633625080234,-0.24901351799432847,1.583183863480355
2026-08-18T06:23:54.880+00:00,1787034234.8803082,194046.883252,14.769258699991042,499,194046.7725195,26.997500011930242,83.64269998855889,10,0,0,4,1,0.0,1,estabilizada,1,1,1,,,,,,,,,,,,,nan,0.5412633625080234,-0.24901351799432847,1.583183863480355
2026-08-18T06:23:55.036+00:00,1787034235.0369399,194047.0399399,14.925946599978488,504,194046.9369149,17.354899988276884,85.6361000041943,1,0,0,4,1,0.0,1,estabilizada,1,1,1,,,,,,,,,,,,,nan,0.5412672083433923,-0.24901717037086868,1.5831822064604903
2026-08-18T06:23:55.036+00:00,1787034235.0369399,194047.0399977,14.926004399982048,504,194046.9369149,17.354899988276884,85.6361000041943,2,1,1,4,1,0.0,1,estabilizada,1,1,1,646.25,396.75,0.4721558690071106,0.6538867950439453,0.476084678031671,0.602558933629302,0.463223428031671,0.591114433629302,-2.6893970860799743,0.4781429596358862,0.599678551001537,-2.658187134262507,0.0,0.5412672083433923,-0.24901717037086868,1.5831822064604903
2026-08-18T06:23:55.036+00:00,1787034235.0369399,194047.0400179,14.926024599990342,504,194046.9369149,17.354899988276884,85.6361000041943,3,1,1,4,1,0.0,1,estabilizada,1,1,1,447.0,275.25,0.1411217898130417,0.891941487789154,0.1638690690085588,0.8270808047828834,0.1510078190085588,0.8156363047828834,0.02373088443078211,0.15077562869639022,0.8164573815379332,0.05035717194762572,0.0,0.5412672083433923,-0.24901717037086868,1.5831822064604903
2026-08-18T06:23:55.036+00:00,1787034235.0369399,194047.040036,14.926042699982645,504,194046.9369149,17.354899988276884,85.6361000041943,10,0,0,4,1,0.0,1,estabilizada,1,1,1,,,,,,,,,,,,,nan,0.5412672083433923,-0.24901717037086868,1.5831822064604903
2026-08-18T06:23:55.185+00:00,1787034235.1858752,194047.1888603,15.074866999988444,509,194047.1034869,3.3355999912600964,82.0116999966558,1,0,0,4,1,0.0,1,estabilizada,1,1,1,,,,,,,,,,,,,nan,0.5412748086147243,-0.24901846252455007,1.583182835391697
2026-08-18T06:23:55.185+00:00,1787034235.1858752,194047.1889065,15.074913199990988,509,194047.1034869,3.3355999912600964,82.0116999966558,2,1,1,4,1,0.0,1,estabilizada,1,1,1,641.75,399.25,0.4649854302406311,0.6494965553283691,0.4693222913410546,0.5984182150387869,0.4564610413410546,0.5869737150387869,-2.7668181437467627,0.47427040159532463,0.5974556231999169,-2.667150760886238,0.0,0.5412748086147243,-0.24901846252455007,1.583182835391697
2026-08-18T06:23:55.185+00:00,1787034235.1858752,194047.1889191,15.074925799999619,509,194047.1034869,3.3355999912600964,82.0116999966558,3,1,1,4,1,0.0,1,estabilizada,1,1,1,447.0,275.0,0.14108407497406006,0.8924431204795837,0.16383392118417817,0.8275538732152555,0.15097267118417818,0.8161093732152556,0.061139214526490744,0.15077562869639022,0.8164573815379332,0.05035717194762572,0.0,0.5412748086147243,-0.24901846252455007,1.583182835391697
2026-08-18T06:23:55.185+00:00,1787034235.1858752,194047.1889294,15.074936099990737,509,194047.1034869,3.3355999912600964,82.0116999966558,10,0,0,4,1,0.0,1,estabilizada,1,1,1,,,,,,,,,,,,,nan,0.5412748086147243,-0.24901846252455007,1.583182835391697
2026-08-18T06:23:55.322+00:00,1787034235.3222463,194047.3247194,15.210726099991007,513,194047.2371696,10.487999999895692,77.0368000085,1,0,0,4,1,0.0,1,estabilizada,1,1,1,,,,,,,,,,,,,nan,0.5412836745601545,-0.24902083358035512,1.583182416632943
2026-08-18T06:23:55.322+00:00,1787034235.3226702,194047.3249065,15.21091319998959,513,194047.2371696,10.487999999895692,77.0368000085,2,1,1,4,1,0.0,1,estabilizada,1,1,1,638.75,401.0,0.46021464467048645,0.6464250087738037,0.46482321827098627,0.5955211300007748,0.4519619682709863,0.5840766300007748,-2.7669242350868073,0.4715005231322495,0.5957124178059332,-2.6775576523925197,0.0,0.5412836745601545,-0.24902083358035512,1.583182416632943
2026-08-18T06:23:55.322+00:00,1787034235.3226702,194047.3249441,15.210950799984857,513,194047.2371696,10.487999999895692,77.0368000085,3,1,1,4,1,0.0,1,estabilizada,1,1,1,447.0,275.0,0.14108261466026306,0.8924419283866882,0.16383305391008263,0.8275525969377452,0.15097180391008264,0.8161080969377452,0.06114049598313813,0.15077562869639022,0.8164573815379332,0.05035717194762572,0.0,0.5412836745601545,-0.24902083358035512,1.583182416632943
2026-08-18T06:23:55.322+00:00,1787034235.3226702,194047.3249604,15.210967099992558,513,194047.2371696,10.487999999895692,77.0368000085,10,0,0,4,1,0.0,1,estabilizada,1,1,1,,,,,,,,,,,,,nan,0.5412836745601545,-0.24902083358035512,1.583182416632943
2026-08-18T06:23:55.470+00:00,1787034235.4709022,194047.4733458,15.359352500003297,517,194047.3838968,9.616900002583861,79.80659999884665,1,0,0,4,1,0.0,1,estabilizada,1,1,1,,,,,,,,,,,,,nan,0.541289701672322,-0.24902199431539307,1.5831827449565434
2026-08-18T06:23:55.470+00:00,1787034235.4709022,194047.4733884,15.359395099978428,517,194047.3838968,9.616900002583861,79.80659999884665,2,1,1,4,1,0.0,1,estabilizada,1,1,1,634.25,402.5,0.4530735909938812,0.6438611745834351,0.4580884573991348,0.593102987976809,0.4452272073991348,0.5816584879768091,-2.7762226773473304,0.4585800304110405,0.5884266354538379,-2.7271204827246183,0.0,0.541289701672322,-0.24902199431539307,1.5831827449565434
2026-08-18T06:23:55.470+00:00,1787034235.4709022,194047.4734018,15.359408499993151,517,194047.3838968,9.616900002583861,79.80659999884665,3,1,1,4,1,0.0,1,estabilizada,1,1,1,447.0,275.25,0.14111781120300293,0.8919374942779541,0.16386658752523814,0.8270767861250112,0.15100533752523815,0.8156322861250113,0.023733298327406078,0.15077562869639022,0.8164573815379332,0.05035717194762572,0.0,0.541289701672322,-0.24902199431539307,1.5831827449565434
2026-08-18T06:23:55.470+00:00,1787034235.4709022,194047.4734142,15.35942090000026,517,194047.3838968,9.616900002583861,79.80659999884665,10,0,0,4,1,0.0,1,estabilizada,1,1,1,,,,,,,,,,,,,nan,0.541289701672322,-0.24902199431539307,1.5831827449565434
2026-08-18T06:23:55.613+00:00,1787034235.6133308,194047.6155658,15.501572499983013,521,194047.5032887,34.133799985283986,78.09270001598634,1,0,0,4,1,0.0,1,estabilizada,1,1,1,,,,,,,,,,,,,nan,0.5412939001879169,-0.24902291532904802,1.5831839947089985
2026-08-18T06:23:55.613+00:00,1787034235.6133308,194047.6156139,15.501620600000024,521,194047.5032887,34.133799985283986,78.09270001598634,2,1,1,4,1,0.0,1,estabilizada,1,1,1,630.0,404.0,0.4463408887386322,0.6412930488586426,0.45173872692989464,0.5906808414053828,0.43887747692989465,0.5792363414053828,-2.8108803979280412,0.4527193417753426,0.5855432885548291,-2.758210594722058,0.0,0.5412939001879169,-0.24902291532904802,1.5831839947089985
2026-08-18T06:23:55.613+00:00,1787034235.6133308,194047.6156297,15.501636400003918,521,194047.5032887,34.133799985283986,78.09270001598634,3,1,1,4,1,0.0,1,estabilizada,1,1,1,447.0,275.25,0.14111657440662384,0.8919359445571899,0.1638656417548801,0.8270753233451646,0.15100439175488012,0.8156308233451647,0.02373445999142588,0.15077562869639022,0.8164573815379332,0.05035717194762572,0.0,0.5412939001879169,-0.24902291532904802,1.5831839947089985
2026-08-18T06:23:55.613+00:00,1787034235.6133308,194047.6156445,15.501651200000197,521,194047.5032887,34.133799985283986,78.09270001598634,10,0,0,4,1,0.0,1,estabilizada,1,1,1,,,,,,,,,,,,,nan,0.5412939001879169,-0.24902291532904802,1.5831839947089985
2026-08-18T06:23:55.751+00:00,1787034235.7518878,194047.7549118,15.640918499993859,526,194047.6692886,7.681699993554503,77.91769999312237,1,0,0,4,1,0.0,1,estabilizada,1,1,1,,,,,,,,,,,,,nan,0.5412993011301941,-0.24902335365077963,1.5831859058365325
2026-08-18T06:23:55.751+00:00,1787034235.7518878,194047.7549548,15.64096150000114,526,194047.6692886,7.681699993554503,77.91769999312237,2,1,1,4,1,0.0,1,estabilizada,1,1,1,623.5,407.0,0.43607309460639954,0.6361032724380493,0.44205493069540736,0.5857861264513923,0.42919368069540736,0.5743416264513923,-2.8000611739248584,0.44926499921462504,0.5840755850802614,-2.7692117305557185,0.0,0.5412993011301941,-0.24902335365077963,1.5831859058365325
2026-08-18T06:23:55.751+00:00,1787034235.7518878,194047.7549667,15.640973400004441,526,194047.6692886,7.681699993554503,77.91769999312237,3,1,1,4,1,0.0,1,estabilizada,1,1,1,447.0,275.0,0.14107857644557953,0.8924375176429749,0.16383008344726857,0.8275484366843137,0.15096883344726858,0.8161039366843137,0.061142169361138976,0.15077562869639022,0.8164573815379332,0.05035717194762572,0.0,0.5412993011301941,-0.24902335365077963,1.5831859058365325
2026-08-18T06:23:55.751+00:00,1787034235.7518878,194047.7549768,15.640983499994036,526,194047.6692886,7.681699993554503,77.91769999312237,10,0,0,4,1,0.0,1,estabilizada,1,1,1,,,,,,,,,,,,,nan,0.5412993011301941,-0.24902335365077963,1.5831859058365325
2026-08-18T06:23:55.894+00:00,1787034235.8941176,194047.8970314,15.783038099994883,530,194047.8031391,11.822000000393018,82.04599999589846,1,0,0,4,1,0.0,1,estabilizada,1,1,1,,,,,,,,,,,,,nan,0.5413029618829504,-0.24902443891729864,1.5831876891870118
2026-08-18T06:23:55.894+00:00,1787034235.8941176,194047.8970743,15.783081000001403,530,194047.8031391,11.822000000393018,82.04599999589846,2,1,1,4,1,0.0,1,estabilizada,1,1,1,618.5,409.25,0.42819640040397644,0.6322259306907654,0.4346262069282648,0.5821291962312813,0.4217649569282648,0.5706846962312814,-2.7670580522767345,0.4420641920937097,0.5806172197530379,-2.7692117305557185,0.0,0.5413029618829504,-0.24902443891729864,1.5831876891870118
2026-08-18T06:23:55.894+00:00,1787034235.8941176,194047.8971877,15.783194399991771,530,194047.8031391,11.822000000393018,82.04599999589846,3,1,1,4,1,0.0,1,estabilizada,1,1,1,446.75,275.0,0.14066478610038757,0.8924422860145569,0.16343999845625595,0.8275529453851957,0.15057874845625596,0.8161084453851958,0.061143400809920555,0.15077562869639022,0.8164573815379332,0.05035717194762572,0.0,0.5413029618829504,-0.24902443891729864,1.5831876891870118
2026-08-18T06:23:55.894+00:00,1787034235.8941176,194047.8972075,15.783214199997019,530,194047.8031391,11.822000000393018,82.04599999589846,10,0,0,4,1,0.0,1,estabilizada,1,1,1,,,,,,,,,,,,,nan,0.5413029618829504,-0.24902443891729864,1.5831876891870118
2026-08-18T06:23:56.051+00:00,1787034236.0516884,194048.0539142,15.939920899982098,534,194047.9449467,12.478599994210526,96.42149999854155,1,0,0,4,1,0.0,1,estabilizada,1,1,1,,,,,,,,,,,,,nan,0.5413044153616605,-0.24902768469378453,1.58318750717248
2026-08-18T06:23:56.051+00:00,1787034236.0516884,194048.0540534,15.940060099994298,534,194047.9449467,12.478599994210526,96.42149999854155,2,1,1,4,1,0.0,1,estabilizada,1,1,1,612.75,411.75,0.4191606938838959,0.6279355883598328,0.4261042396630259,0.5780825581803651,0.4132429896630259,0.5666380581803652,-2.734830482838116,0.43277291697795534,0.5759905761406284,-2.7692117305557185,0.0,0.5413044153616605,-0.24902768469378453,1.58318750717248
2026-08-18T06:23:56.051+00:00,1787034236.0516884,194048.0540878,15.940094499994302,534,194047.9449467,12.478599994210526,96.42149999854155,3,1,1,4,1,0.0,1,estabilizada,1,1,1,447.0,275.0,0.14107654988765717,0.8924354910850525,0.16382843981192252,0.8275463447554613,0.15096718981192253,0.8161018447554613,0.06114246121487546,0.15077562869639022,0.8164573815379332,0.05035717194762572,0.0,0.5413044153616605,-0.24902768469378453,1.58318750717248
2026-08-18T06:23:56.051+00:00,1787034236.0516884,194048.054105,15.940111699979752,534,194047.9449467,12.478599994210526,96.42149999854155,10,0,0,4,1,0.0,1,estabilizada,1,1,1,,,,,,,,,,,,,nan,0.5413044153616605,-0.24902768469378453,1.58318750717248
2026-08-18T06:23:56.186+00:00,1787034236.1862495,194048.189701,16.075707699987106,539,194048.1040366,8.875800005625933,76.76439997158013,1,0,0,4,1,0.0,1,estabilizada,1,1,1,,,,,,,,,,,,,nan,0.5413045272567676,-0.2490312878806145,1.5831874143687186
2026-08-18T06:23:56.186+00:00,1787034236.1862495,194048.1897445,16.075751199998194,539,194048.1040366,8.875800005625933,76.76439997158013,2,1,1,4,1,0.0,1,estabilizada,1,1,1,606.25,415.5,0.4089956283569336,0.62144935131073,0.41651703788363403,0.5719648387279542,0.40365578788363404,0.5605203387279543,-2.7219693978048474,0.4238490440484368,0.57167801137975,-2.7606212169599584,0.0,0.5413045272567676,-0.2490312878806145,1.5831874143687186
2026-08-18T06:23:56.186+00:00,1787034236.1862495,194048.1897568,16.07576350000454,539,194048.1040366,8.875800005625933,76.76439997158013,3,1,1,4,1,0.0,1,estabilizada,1,1,1,446.75,275.0,0.14066356420516968,0.8924407362937927,0.16343893896332584,0.8275510831527209,0.15057768896332585,0.8161065831527209,0.0611414882606728,0.15077562869639022,0.8164573815379332,0.05035717194762572,0.0,0.5413045272567676,-0.2490312878806145,1.5831874143687186
2026-08-18T06:23:56.186+00:00,1787034236.1862495,194048.1897698,16.075776499987114,539,194048.1040366,8.875800005625933,76.76439997158013,10,0,0,4,1,0.0,1,estabilizada,1,1,1,,,,,,,,,,,,,nan,0.5413045272567676,-0.2490312878806145,1.5831874143687186
2026-08-18T06:23:56.340+00:00,1787034236.34008,194048.3427756,16.228782299993327,543,194048.2367475,14.556400012224913,91.448399994988,1,0,0,4,1,0.0,1,estabilizada,1,1,1,,,,,,,,,,,,,nan,0.541308311625794,-0.24903686543018677,1.5831858348553942
2026-08-18T06:23:56.340+00:00,1787034236.34008,194048.3428158,16.228822499979287,543,194048.2367475,14.556400012224913,91.448399994988,2,1,1,4,1,0.0,1,estabilizada,1,1,1,601.5,419.5,0.40162238478660583,0.6144833564758301,0.40956316668267123,0.5653944761558264,0.39670191668267124,0.5539499761558264,-2.6577123099822475,0.41836280075470933,0.5687654647246081,-2.7499286934875933,0.0,0.541308311625794,-0.24903686543018677,1.5831858348553942
2026-08-18T06:23:56.340+00:00,1787034236.34008,194048.3428281,16.228834799985634,543,194048.2367475,14.556400012224913,91.448399994988,3,1,1,4,1,0.0,1,estabilizada,1,1,1,446.75,275.0,0.1406632363796234,0.8924407958984375,0.16343886762789622,0.8275507575606705,0.15057761762789623,0.8161062575606706,0.06114160500132116,0.15077562869639022,0.8164573815379332,0.05035717194762572,0.0,0.541308311625794,-0.24903686543018677,1.5831858348553942
2026-08-18T06:23:56.340+00:00,1787034236.34008,194048.3428378,16.228844500001287,543,194048.2367475,14.556400012224913,91.448399994988,10,0,0,4,1,0.0,1,estabilizada,1,1,1,,,,,,,,,,,,,nan,0.541308311625794,-0.24903686543018677,1.5831858348553942
2026-08-18T06:23:56.519+00:00,1787034236.5197687,194048.5222734,16.40828010000405,548,194048.4028909,13.27080000191927,105.94889998901635,1,0,0,4,1,0.0,1,estabilizada,1,1,1,,,,,,,,,,,,,nan,0.5413106200714555,-0.24904075933969427,1.5831858247127586
2026-08-18T06:23:56.519+00:00,1787034236.5197687,194048.5225178,16.408524500002386,548,194048.4028909,13.27080000191927,105.94889998901635,2,1,1,4,1,0.0,1,estabilizada,1,1,1,595.5,423.0,0.39230677485466003,0.6084742546081543,0.40077725624742055,0.5597267544406938,0.38791600624742056,0.5482822544406938,-2.536426698376063,0.4095418409884135,0.5630684820970479,-2.7081548734756447,0.0,0.5413106200714555,-0.24904075933969427,1.5831858247127586
2026-08-18T06:23:56.519+00:00,1787034236.5197687,194048.522548,16.408554699999513,548,194048.4028909,13.27080000191927,105.94889998901635,3,1,1,4,1,0.0,1,estabilizada,1,1,1,446.75,275.0,0.1406632512807846,0.8924410343170166,0.16343901305701358,0.82755076065142,0.1505777630570136,0.81610626065142,0.061140556995090176,0.15077562869639022,0.8164573815379332,0.05035717194762572,0.0,0.5413106200714555,-0.24904075933969427,1.5831858247127586
2026-08-18T06:23:56.519+00:00,1787034236.5197687,194048.5225678,16.40857450000476,548,194048.4028909,13.27080000191927,105.94889998901635,10,0,0,4,1,0.0,1,estabilizada,1,1,1,,,,,,,,,,,,,nan,0.5413106200714555,-0.24904075933969427,1.5831858247127586
2026-08-18T06:23:56.699+00:00,1787034236.6996882,194048.7027115,16.588718199986033,553,194048.5721384,26.386500016087666,104.16269997949712,1,0,0,4,1,0.0,1,estabilizada,1,1,1,,,,,,,,,,,,,nan,0.5413154570863938,-0.24904539075828086,1.5831848806770186
2026-08-18T06:23:56.699+00:00,1787034236.6996882,194048.702752,16.588758700003382,553,194048.5721384,26.386500016087666,104.16269997949712,2,1,1,4,1,0.0,1,estabilizada,1,1,1,590.25,427.75,0.3842364251613617,0.6002523899078369,0.39316596525854064,0.5519719893097312,0.38030471525854065,0.5405274893097313,-2.5543509310378454,0.39899849250138103,0.5556345029465679,-2.6531285420095876,0.0,0.5413154570863938,-0.24904539075828086,1.5831848806770186
2026-08-18T06:23:56.699+00:00,1787034236.6996882,194048.7027652,16.588771899987478,553,194048.5721384,26.386500016087666,104.16269997949712,3,1,1,4,1,0.0,1,estabilizada,1,1,1,446.75,275.0,0.14066347479820251,0.8924416899681091,0.16343951242086946,0.8275510770528045,0.15057826242086947,0.8161065770528045,0.061138410948615135,0.15077562869639022,0.8164573815379332,0.05035717194762572,0.0,0.5413154570863938,-0.24904539075828086,1.5831848806770186
2026-08-18T06:23:56.699+00:00,1787034236.6996882,194048.7027756,16.588782299979357,553,194048.5721384,26.386500016087666,104.16269997949712,10,0,0,4,1,0.0,1,estabilizada,1,1,1,,,,,,,,,,,,,nan,0.5413154570863938,-0.24904539075828086,1.5831848806770186
2026-08-18T06:23:56.865+00:00,1787034236.8653784,194048.8681601,16.754166800004896,558,194048.7393703,31.729400012409315,96.97539999615401,1,0,0,4,1,0.0,1,estabilizada,1,1,1,,,,,,,,,,,,,nan,0.541319205382529,-0.24904689823252601,1.5831866447393046
2026-08-18T06:23:56.865+00:00,1787034236.8653784,194048.8682298,16.754236499982653,558,194048.7393703,31.729400012409315,96.97539999615401,2,1,1,4,1,0.0,1,estabilizada,1,1,1,584.25,433.25,0.37506136298179626,0.5907765030860901,0.38451268438207875,0.5430347498507212,0.37165143438207876,0.5315902498507212,-2.4215927540082403,0.3850927688241297,0.5438176363252283,-2.5678064800844878,0.0,0.541319205382529,-0.24904689823252601,1.5831866447393046
2026-08-18T06:23:56.865+00:00,1787034236.8653784,194048.8682467,16.754253399994923,558,194048.7393703,31.729400012409315,96.97539999615401,3,1,1,4,1,0.0,1,estabilizada,1,1,1,446.75,275.0,0.14066405594348907,0.892442524433136,0.1634402482322077,0.8275518506889632,0.15057899823220772,0.8161073506889632,0.06113615650641547,0.15077562869639022,0.8164573815379332,0.05035717194762572,0.0,0.541319205382529,-0.24904689823252601,1.5831866447393046
2026-08-18T06:23:56.865+00:00,1787034236.8653784,194048.8682609,16.754267599986633,558,194048.7393703,31.729400012409315,96.97539999615401,10,0,0,4,1,0.0,1,estabilizada,1,1,1,,,,,,,,,,,,,nan,0.541319205382529,-0.24904689823252601,1.5831866447393046
2026-08-18T06:23:57.054+00:00,1787034237.054416,194049.0570461,16.943052799993893,564,194048.9379175,5.34420000622049,113.75219997717068,1,0,0,4,1,0.0,1,estabilizada,1,1,1,,,,,,,,,,,,,nan,0.5413282995779143,-0.24905048362692975,1.583188284101326
2026-08-18T06:23:57.054+00:00,1787034237.054416,194049.0572166,16.943223299982492,564,194048.9379175,5.34420000622049,113.75219997717068,2,1,1,4,1,0.0,1,estabilizada,1,1,1,578.0439453125,438.13897705078125,0.3655904531478882,0.5824267268180847,0.37558067751825125,0.5351594815437621,0.36271942751825126,0.5237149815437622,-2.369717643076304,0.3816845266336868,0.5408433994241131,-2.5419905232197473,0.0,0.5413282995779143,-0.24905048362692975,1.583188284101326
2026-08-18T06:23:57.054+00:00,1787034237.054416,194049.0572627,16.943269399984274,564,194048.9379175,5.34420000622049,113.75219997717068,3,1,1,4,1,0.0,1,estabilizada,1,1,1,447.25,274.75,0.14145340025424957,0.8929353356361389,0.1641852138360803,0.8280165102722835,0.15132396383608032,0.8165720102722835,0.02496584312484974,0.15077562869639022,0.8164573815379332,0.05035717194762572,0.0,0.5413282995779143,-0.24905048362692975,1.583188284101326
2026-08-18T06:23:57.054+00:00,1787034237.054416,194049.05728,16.94328669999959,564,194048.9379175,5.34420000622049,113.75219997717068,10,0,0,4,1,0.0,1,estabilizada,1,1,1,,,,,,,,,,,,,nan,0.5413282995779143,-0.24905048362692975,1.583188284101326
2026-08-18T06:23:57.232+00:00,1787034237.232966,194049.2359413,17.121947999985423,569,194049.1119786,19.62819998152554,104.31070000049658,1,0,0,4,1,0.0,1,estabilizada,1,1,1,,,,,,,,,,,,,nan,0.5413379995023087,-0.2490529520594461,1.5831896466819495
2026-08-18T06:23:57.232+00:00,1787034237.232966,194049.2359849,17.121991599997273,569,194049.1119786,19.62819998152554,104.31070000049658,2,1,1,4,1,0.0,1,estabilizada,1,1,1,574.25,442.25,0.3598702549934387,0.5753856301307678,0.3701861997951415,0.5285185522967089,0.3573249497951415,0.5170740522967089,-2.4218678802903217,0.37924523429758117,0.5385937304015247,-2.516029475065904,0.0,0.5413379995023087,-0.2490529520594461,1.5831896466819495
2026-08-18T06:23:57.232+00:00,1787034237.232966,194049.235998,17.122004699980607,569,194049.1119786,19.62819998152554,104.31070000049658,3,1,1,4,1,0.0,1,estabilizada,1,1,1,447.0,275.0,0.14107809960842133,0.8924398422241211,0.16383177985509784,0.8275490998542278,0.15097052985509785,0.8161045998542278,0.06112948491590838,0.15077562869639022,0.8164573815379332,0.05035717194762572,0.0,0.5413379995023087,-0.2490529520594461,1.5831896466819495
2026-08-18T06:23:57.232+00:00,1787034237.232966,194049.2360115,17.12201819999609,569,194049.1119786,19.62819998152554,104.31070000049658,10,0,0,4,1,0.0,1,estabilizada,1,1,1,,,,,,,,,,,,,nan,0.5413379995023087,-0.2490529520594461,1.5831896466819495
2026-08-18T06:23:57.379+00:00,1787034237.3801794,194049.3823439,17.268350600003032,574,194049.272461,27.76550000999123,82.09270000224933,1,0,0,4,1,0.0,1,estabilizada,1,1,1,,,,,,,,,,,,,nan,0.5413468301745424,-0.24905798211585942,1.5831879233717583
2026-08-18T06:23:57.380+00:00,1787034237.3801794,194049.3824048,17.268411500001093,574,194049.272461,27.76550000999123,82.09270000224933,2,1,1,4,1,0.0,1,estabilizada,1,1,1,570.25,446.0,0.3538373112678528,0.5690063834190369,0.36449672601734195,0.5225016117420663,0.35163547601734196,0.5110571117420664,-2.5193966036491324,0.36418584386604247,0.5238722354953553,-2.4824569279646034,0.0,0.5413468301745424,-0.24905798211585942,1.5831879233717583
2026-08-18T06:23:57.380+00:00,1787034237.3801794,194049.3824201,17.26842680000118,574,194049.272461,27.76550000999123,82.09270000224933,3,1,1,4,1,0.0,1,estabilizada,1,1,1,447.25,274.75,0.14145545661449432,0.892939031124115,0.16418821189205796,0.8280195546208424,0.15132696189205797,0.8165750546208425,0.0249590604266596,0.15077562869639022,0.8164573815379332,0.05035717194762572,0.0,0.5413468301745424,-0.24905798211585942,1.5831879233717583
2026-08-18T06:23:57.380+00:00,1787034237.3801794,194049.3824308,17.268437499995343,574,194049.272461,27.76550000999123,82.09270000224933,10,0,0,4,1,0.0,1,estabilizada,1,1,1,,,,,,,,,,,,,nan,0.5413468301745424,-0.24905798211585942,1.5831879233717583
2026-08-18T06:23:57.534+00:00,1787034237.5345187,194049.5372314,17.42323809998925,579,194049.4361111,18.12439999775961,82.9692000115756,1,0,0,4,1,0.0,1,estabilizada,1,1,1,,,,,,,,,,,,,nan,0.5413557751202548,-0.24906196853761609,1.583186619284689
2026-08-18T06:23:57.534+00:00,1787034237.5345187,194049.5372812,17.4232878999901,579,194049.4361111,18.12439999775961,82.9692000115756,2,1,1,4,1,0.0,1,estabilizada,1,1,1,564.25,449.5,0.3447258472442627,0.5631555914878845,0.355903742063027,0.5169831570370913,0.343042492063027,0.5055386570370913,-2.5449178018949756,0.3545099994993263,0.5147136455035223,-2.4923791184435005,0.0,0.5413557751202548,-0.24906196853761609,1.583186619284689
2026-08-18T06:23:57.534+00:00,1787034237.5345187,194049.5372937,17.42330039999797,579,194049.4361111,18.12439999775961,82.9692000115756,3,1,1,4,1,0.0,1,estabilizada,1,1,1,447.0,275.0,0.14108072221279144,0.8924439549446106,0.1638353073784672,0.8275523421290487,0.1509740573784672,0.8161078421290487,0.06112178200406101,0.15077562869639022,0.8164573815379332,0.05035717194762572,0.0,0.5413557751202548,-0.24906196853761609,1.583186619284689
2026-08-18T06:23:57.534+00:00,1787034237.5345187,194049.5373034,17.42331009998452,579,194049.4361111,18.12439999775961,82.9692000115756,10,0,0,4,1,0.0,1,estabilizada,1,1,1,,,,,,,,,,,,,nan,0.5413557751202548,-0.24906196853761609,1.583186619284689
2026-08-18T06:23:57.673+00:00,1787034237.673598,194049.6761,17.562106700002914,583,194049.5714492,22.853199974633753,81.77280001109466,1,0,0,4,1,0.0,1,estabilizada,1,1,1,,,,,,,,,,,,,nan,0.5413649925252495,-0.24906888782004044,1.5831818512232985
2026-08-18T06:23:57.673+00:00,1787034237.673598,194049.6761421,17.562148800003342,583,194049.5714492,22.853199974633753,81.77280001109466,2,1,1,4,1,0.0,1,estabilizada,1,1,1,561.25,452.0,0.3402203619480133,0.5589427351951599,0.3516549401917971,0.5130092588764554,0.3387936901917971,0.5015647588764555,-2.61713707662109,0.3497352388611419,0.5106581741000193,-2.519344332321581,0.0,0.5413649925252495,-0.24906888782004044,1.5831818512232985
2026-08-18T06:23:57.673+00:00,1787034237.673598,194049.6761706,17.562177299987525,583,194049.5714492,22.853199974633753,81.77280001109466,3,1,1,4,1,0.0,1,estabilizada,1,1,1,447.0,275.0,0.1410825103521347,0.8924462199211121,0.16383758638319468,0.8275538895692189,0.1509763363831947,0.816109389569219,0.0611185295817417,0.15077562869639022,0.8164573815379332,0.05035717194762572,0.0,0.5413649925252495,-0.24906888782004044,1.5831818512232985
2026-08-18T06:23:57.673+00:00,1787034237.673598,194049.6761807,17.56218739997712,583,194049.5714492,22.853199974633753,81.77280001109466,10,0,0,4,1,0.0,1,estabilizada,1,1,1,,,,,,,,,,,,,nan,0.5413649925252495,-0.24906888782004044,1.5831818512232985
2026-08-18T06:23:57.812+00:00,1787034237.812315,194049.8147167,17.70072339999024,587,194049.7065883,28.56959999189712,79.53499999712221,1,0,0,4,1,0.0,1,estabilizada,1,1,1,,,,,,,,,,,,,nan,0.5413660267582073,-0.24907501406387944,1.5831776295860296
2026-08-18T06:23:57.812+00:00,1787034237.812315,194049.8147666,17.70077329999185,587,194049.7065883,28.56959999189712,79.53499999712221,2,1,1,4,1,0.0,1,estabilizada,1,1,1,556.0,454.5,0.33226126432418823,0.5548219680786133,0.3441483882118487,0.5091222771274831,0.3312871382118487,0.4976777771274832,-2.6608269621022096,0.347045807283646,0.5084230135401568,-2.5370849943821607,0.0,0.5413660267582073,-0.24907501406387944,1.5831776295860296
2026-08-18T06:23:57.812+00:00,1787034237.812315,194049.8147823,17.700788999994984,587,194049.7065883,28.56959999189712,79.53499999712221,3,1,1,4,1,0.0,1,estabilizada,1,1,1,446.75,275.0,0.14067234098911285,0.8924539685249329,0.1634508536747981,0.8275606763806665,0.15058960367479812,0.8161161763806666,0.06111629183870763,0.15077562869639022,0.8164573815379332,0.05035717194762572,0.0,0.5413660267582073,-0.24907501406387944,1.5831776295860296
2026-08-18T06:23:57.812+00:00,1787034237.812315,194049.8147973,17.700803999992786,587,194049.7065883,28.56959999189712,79.53499999712221,10,0,0,4,1,0.0,1,estabilizada,1,1,1,,,,,,,,,,,,,nan,0.5413660267582073,-0.24907501406387944,1.5831776295860296
2026-08-18T06:23:57.954+00:00,1787034237.954553,194049.9573797,17.843386399996234,592,194049.8692651,5.004800012102351,83.08549999492243,1,0,0,4,1,0.0,1,estabilizada,1,1,1,,,,,,,,,,,,,nan,0.5413666440969341,-0.24908479126252836,1.5831702787623505
2026-08-18T06:23:57.954+00:00,1787034237.954553,194049.9574231,17.843429799977457,592,194049.8692651,5.004800012102351,83.08549999492243,2,1,1,4,1,0.0,1,estabilizada,1,1,1,551.0,458.0,0.3247638940811157,0.5489839315414429,0.33707731845683314,0.503615353053153,0.32421606845683315,0.492170853053153,-2.7208457337926224,0.336791277897021,0.5010306090857184,-2.6014794359637845,0.0,0.5413666440969341,-0.24908479126252836,1.5831702787623505
2026-08-18T06:23:57.954+00:00,1787034237.954553,194049.9574365,17.84344319999218,592,194049.8692651,5.004800012102351,83.08549999492243,3,1,1,4,1,0.0,1,estabilizada,1,1,1,447.0,275.0,0.14108756184577942,0.8924500942230225,0.16384261093043423,0.8275561652048401,0.15098136093043424,0.8161116652048401,0.061113014410756575,0.15077562869639022,0.8164573815379332,0.05035717194762572,0.0,0.5413666440969341,-0.24908479126252836,1.5831702787623505
2026-08-18T06:23:57.954+00:00,1787034237.954553,194049.9574498,17.843456499977037,592,194049.8692651,5.004800012102351,83.08549999492243,10,0,0,4,1,0.0,1,estabilizada,1,1,1,,,,,,,,,,,,,nan,0.5413666440969341,-0.24908479126252836,1.5831702787623505
2026-08-18T06:23:58.099+00:00,1787034238.099645,194050.1025128,17.98851949998061,595,194049.9862056,34.46359999361448,81.8145000084769,1,0,0,4,1,0.0,1,estabilizada,1,1,1,,,,,,,,,,,,,nan,0.5413657972559656,-0.24909538912872664,1.583161652852015
2026-08-18T06:23:58.099+00:00,1787034238.099645,194050.1025589,17.988565599982394,595,194049.9862056,34.46359999361448,81.8145000084769,2,1,1,4,1,0.0,1,estabilizada,1,1,1,546.5,459.75,0.3179554045200348,0.5461466312408447,0.3306558986925735,0.5009384987015508,0.3177946486925735,0.48949399870155086,-2.720617513556672,0.32816064030975667,0.4953448279799611,-2.6465137770842144,0.0,0.5413657972559656,-0.24909538912872664,1.583161652852015
2026-08-18T06:23:58.099+00:00,1787034238.099645,194050.1025875,17.98859419999644,595,194049.9862056,34.46359999361448,81.8145000084769,3,1,1,4,1,0.0,1,estabilizada,1,1,1,447.0,275.0,0.14109057188034058,0.8924520015716553,0.1638455256899587,0.8275570080768639,0.1509842756899587,0.816112508076864,0.061110826680419846,0.15077562869639022,0.8164573815379332,0.05035717194762572,0.0,0.5413657972559656,-0.24909538912872664,1.583161652852015
2026-08-18T06:23:58.099+00:00,1787034238.099645,194050.1025985,17.98860519999289,595,194049.9862056,34.46359999361448,81.8145000084769,10,0,0,4,1,0.0,1,estabilizada,1,1,1,,,,,,,,,,,,,nan,0.5413657972559656,-0.24909538912872664,1.583161652852015
2026-08-18T06:23:58.254+00:00,1787034238.2543225,194050.2569982,18.143004899990046,601,194050.1689427,5.231000017374754,82.79709998168983,1,0,0,4,1,0.0,1,estabilizada,1,1,1,,,,,,,,,,,,,nan,0.5413636291097279,-0.24910674409714495,1.5831518548301342
2026-08-18T06:23:58.254+00:00,1787034238.2543225,194050.2570444,18.14305109999259,601,194050.1689427,5.231000017374754,82.79709998168983,2,1,1,4,1,0.0,1,estabilizada,1,1,1,540.0,463.75,0.30823618173599243,0.5395396947860718,0.3214891556687346,0.4947062321697485,0.3086279056687346,0.48326173216974855,-2.6313965486101436,0.31743155828640635,0.4884062903728113,-2.6465137770842144,0.0,0.5413636291097279,-0.24910674409714495,1.5831518548301342
2026-08-18T06:23:58.254+00:00,1787034238.2543225,194050.2570565,18.143063199997414,601,194050.1689427,5.231000017374754,82.79709998168983,3,1,1,4,1,0.0,1,estabilizada,1,1,1,447.0,275.25,0.14113028347492218,0.891950786113739,0.16388299730792177,0.8270832388815131,0.15102174730792178,0.8156387388815132,0.023700858691177887,0.15077562869639022,0.8164573815379332,0.05035717194762572,0.0,0.5413636291097279,-0.24910674409714495,1.5831518548301342
2026-08-18T06:23:58.254+00:00,1787034238.2543225,194050.2570665,18.143073199986247,601,194050.1689427,5.231000017374754,82.79709998168983,10,0,0,4,1,0.0,1,estabilizada,1,1,1,,,,,,,,,,,,,nan,0.5413636291097279,-0.24910674409714495,1.5831518548301342
2026-08-18T06:23:58.394+00:00,1787034238.3947468,194050.3978867,18.2838933999883,605,194050.3028714,14.551400003256276,80.43940001516603,1,0,0,4,1,0.0,1,estabilizada,1,1,1,,,,,,,,,,,,,nan,0.5413627885737088,-0.2491202340847044,1.583139483737649
2026-08-18T06:23:58.394+00:00,1787034238.3947468,194050.3979282,18.28393489998416,605,194050.3028714,14.551400003256276,80.43940001516603,2,1,1,4,1,0.0,1,estabilizada,1,1,1,535.25,468.25,0.30126312375068665,0.5320425629615784,0.3149125652913999,0.48763418804809155,0.3020513152913999,0.4761896880480916,-2.6156964376662013,0.31096686296408127,0.48379856716741176,-2.6278267265231197,0.0,0.5413627885737088,-0.2491202340847044,1.583139483737649
2026-08-18T06:23:58.394+00:00,1787034238.3947468,194050.3979397,18.283946399984416,605,194050.3028714,14.551400003256276,80.43940001516603,3,1,1,4,1,0.0,1,estabilizada,1,1,1,447.0,275.25,0.14113381505012512,0.891952633857727,0.1638864581287256,0.8270837077967325,0.1510252081287256,0.8156392077967325,0.02369871648330354,0.15077562869639022,0.8164573815379332,0.05035717194762572,0.0,0.5413627885737088,-0.2491202340847044,1.583139483737649
2026-08-18T06:23:58.395+00:00,1787034238.3957946,194050.3979493,18.283955999999307,605,194050.3028714,14.551400003256276,80.43940001516603,10,0,0,4,1,0.0,1,estabilizada,1,1,1,,,,,,,,,,,,,nan,0.5413627885737088,-0.2491202340847044,1.583139483737649
2026-08-18T06:23:58.545+00:00,1787034238.5456069,194050.54776,18.43376669997815,609,194050.4393785,26.860799989663064,81.49829998728819,1,0,0,4,1,0.0,1,estabilizada,1,1,1,,,,,,,,,,,,,nan,0.5413615045925138,-0.24913413223585673,1.5831258993289505
2026-08-18T06:23:58.545+00:00,1787034238.5456069,194050.5478033,18.433809999987716,609,194050.4393785,26.860799989663064,81.49829998728819,2,1,1,4,1,0.0,1,estabilizada,1,1,1,530.5,471.25,0.2942158877849579,0.5271221995353699,0.3082660056701547,0.48299237392325417,0.29540475567015473,0.4715478739232542,-2.5095993036188404,0.3071125024601078,0.4807085712373443,-2.6155989129855985,0.0,0.5413615045925138,-0.24913413223585673,1.5831258993289505
2026-08-18T06:23:58.545+00:00,1787034238.5456069,194050.5478157,18.433822399994824,609,194050.4393785,26.860799989663064,81.49829998728819,3,1,1,4,1,0.0,1,estabilizada,1,1,1,447.0,275.25,0.1411374807357788,0.8919546008110046,0.16389003766278898,0.8270842162018281,0.151028787662789,0.8156397162018282,0.023695506388515027,0.15077562869639022,0.8164573815379332,0.05035717194762572,0.0,0.5413615045925138,-0.24913413223585673,1.5831258993289505
2026-08-18T06:23:58.545+00:00,1787034238.5456069,194050.5478283,18.433835000003455,609,194050.4393785,26.860799989663064,81.49829998728819,10,0,0,4,1,0.0,1,estabilizada,1,1,1,,,,,,,,,,,,,nan,0.5413615045925138,-0.24913413223585673,1.5831258993289505
2026-08-18T06:23:58.696+00:00,1787034238.6961708,194050.6994485,18.585455199994612,614,194050.6047377,12.422700005117804,82.26439999998547,1,0,0,4,1,0.0,1,estabilizada,1,1,1,,,,,,,,,,,,,nan,0.541356858783159,-0.24914981089396293,1.5831114326915183
2026-08-18T06:23:58.696+00:00,1787034238.6961708,194050.6994909,18.585497599997325,614,194050.6047377,12.422700005117804,82.26439999998547,2,1,1,4,1,0.0,1,estabilizada,1,1,1,523.75,475.5,0.2842354476451874,0.520176351070404,0.2988528185544951,0.47644010285250304,0.2859915685544951,0.4649956028525031,-2.5454531770529765,0.30231761981450855,0.47692530786022336,-2.592221231017978,0.0,0.541356858783159,-0.24914981089396293,1.5831114326915183
2026-08-18T06:23:58.696+00:00,1787034238.6961708,194050.6995029,18.585509600001387,614,194050.6047377,12.422700005117804,82.26439999998547,3,1,1,4,1,0.0,1,estabilizada,1,1,1,447.0,275.0,0.1411050260066986,0.8924594521522522,0.1638593717880551,0.8275588825824409,0.1509981217880551,0.816114382582441,0.06110141938385094,0.15077562869639022,0.8164573815379332,0.05035717194762572,0.0,0.541356858783159,-0.24914981089396293,1.5831114326915183
2026-08-18T06:23:58.696+00:00,1787034238.6961708,194050.6995133,18.585519999993267,614,194050.6047377,12.422700005117804,82.26439999998547,10,0,0,4,1,0.0,1,estabilizada,1,1,1,,,,,,,,,,,,,nan,0.541356858783159,-0.24914981089396293,1.5831114326915183
2026-08-18T06:23:58.847+00:00,1787034238.8486276,194050.8507642,18.736770899995463,618,194050.7365865,24.349200015421957,89.79930001078174,1,0,0,4,1,0.0,1,estabilizada,1,1,1,,,,,,,,,,,,,nan,0.5413521332932393,-0.24916565596111576,1.5830959734738208
2026-08-18T06:23:58.848+00:00,1787034238.8486276,194050.8508479,18.736854599992512,618,194050.7365865,24.349200015421957,89.79930001078174,2,1,1,4,1,0.0,1,estabilizada,1,1,1,520.5,479.25,0.2795739471912384,0.5139695405960083,0.29445620142215645,0.47058482555600323,0.28159495142215646,0.45914032555600326,-2.429934209401048,0.29786367220388016,0.47366384779144977,-2.5752901401910746,0.0,0.5413521332932393,-0.24916565596111576,1.5830959734738208
2026-08-18T06:23:58.848+00:00,1787034238.8486276,194050.8508711,18.736877799994545,618,194050.7365865,24.349200015421957,89.79930001078174,3,1,1,4,1,0.0,1,estabilizada,1,1,1,446.5,275.0,0.14028404653072357,0.8924731016159058,0.16308501906394274,0.8275702214977338,0.15022376906394275,0.8161257214977339,0.061099406629348936,0.15077562869639022,0.8164573815379332,0.05035717194762572,0.0,0.5413521332932393,-0.24916565596111576,1.5830959734738208
2026-08-18T06:23:58.848+00:00,1787034238.8486276,194050.8508911,18.736897800001316,618,194050.7365865,24.349200015421957,89.79930001078174,10,0,0,4,1,0.0,1,estabilizada,1,1,1,,,,,,,,,,,,,nan,0.5413521332932393,-0.24916565596111576,1.5830959734738208
2026-08-18T06:23:59.011+00:00,1787034239.0112667,194051.0142152,18.900221899995813,623,194050.9023582,21.89649999490939,89.93320001172833,1,0,0,4,1,0.0,1,estabilizada,1,1,1,,,,,,,,,,,,,nan,0.5413445832895261,-0.24918069044492547,1.5830810783121856
2026-08-18T06:23:59.011+00:00,1787034239.0112667,194051.0143558,18.90036249998957,623,194050.9023582,21.89649999490939,89.93320001172833,2,1,1,4,1,0.0,1,estabilizada,1,1,1,514.0,484.25,0.2700995206832886,0.5058091282844543,0.28552011787758297,0.4628870792393803,0.272658867877583,0.4514425792393803,-2.3890933855701078,0.28261966569860997,0.46054107146586853,-2.5076598212555328,0.0,0.5413445832895261,-0.24918069044492547,1.5830810783121856
2026-08-18T06:23:59.012+00:00,1787034239.0122614,194051.0144,18.900406699976884,623,194050.9023582,21.89649999490939,89.93320001172833,3,1,1,4,1,0.0,1,estabilizada,1,1,1,447.75,275.25,0.14238671958446503,0.8919421434402466,0.16506793801690134,0.8270679835146153,0.15220668801690135,0.8156234835146153,0.16207206455179032,0.15077562869639022,0.8164573815379332,0.06016495103861288,0.0,0.5413445832895261,-0.24918069044492547,1.5830810783121856
2026-08-18T06:23:59.012+00:00,1787034239.0122614,194051.0144168,18.900423499988392,623,194050.9023582,21.89649999490939,89.93320001172833,10,0,0,4,1,0.0,1,estabilizada,1,1,1,,,,,,,,,,,,,nan,0.5413445832895261,-0.24918069044492547,1.5830810783121856
2026-08-18T06:23:59.156+00:00,1787034239.1567192,194051.159366,19.045372699998552,628,194051.0718262,10.156000003917143,77.35929999034852,1,0,0,4,1,0.0,1,estabilizada,1,1,1,,,,,,,,,,,,,nan,0.5413370188397756,-0.24919123411574584,1.5830700054444171
2026-08-18T06:23:59.156+00:00,1787034239.1567192,194051.159409,19.045415700005833,628,194051.0718262,10.156000003917143,77.35929999034852,2,1,1,4,1,0.0,1,estabilizada,1,1,1,509.5,489.5,0.26371270418167114,0.49719294905662537,0.27949607966936163,0.45475984360046107,0.26663482966936164,0.4433153436004611,-2.3425078705002127,0.2754100918759224,0.4536443505007727,-2.4378729913425725,0.0,0.5413370188397756,-0.24919123411574584,1.5830700054444171
2026-08-18T06:23:59.156+00:00,1787034239.1567192,194051.1594214,19.045428099983837,628,194051.0718262,10.156000003917143,77.35929999034852,3,1,1,4,1,0.0,1,estabilizada,1,1,1,447.75,275.25,0.142390176653862,0.8919435143470764,0.16507092714073168,0.8270682232933353,0.1522096771407317,0.8156237232933353,0.16207118695881884,0.15077562869639022,0.8164573815379332,0.0806471248292935,0.0,0.5413370188397756,-0.24919123411574584,1.5830700054444171
2026-08-18T06:23:59.156+00:00,1787034239.1567192,194051.1594354,19.04544210000313,628,194051.0718262,10.156000003917143,77.35929999034852,10,0,0,4,1,0.0,1,estabilizada,1,1,1,,,,,,,,,,,,,nan,0.5413370188397756,-0.24919123411574584,1.5830700054444171
2026-08-18T06:23:59.306+00:00,1787034239.3063145,194051.3085112,19.19451790000312,632,194051.2086299,14.59390000673011,85.23209998384118,1,0,0,4,1,0.0,1,estabilizada,1,1,1,,,,,,,,,,,,,nan,0.5413284682753021,-0.24920303615567901,1.583057388956768
2026-08-18T06:23:59.306+00:00,1787034239.3063145,194051.3088077,19.19481439999072,632,194051.2086299,14.59390000673011,85.23209998384118,2,1,1,4,1,0.0,1,estabilizada,1,1,1,505.0,493.75,0.2572726011276245,0.4902818500995636,0.2734217491128017,0.4482406453856708,0.2605604991128017,0.43679614538567085,-2.249733391286386,0.26900966715619534,0.4462561913175403,-2.364871202404871,0.0,0.5413284682753021,-0.24920303615567901,1.583057388956768
2026-08-18T06:23:59.306+00:00,1787034239.3063145,194051.3088526,19.194859299983364,632,194051.2086299,14.59390000673011,85.23209998384118,3,1,1,4,1,0.0,1,estabilizada,1,1,1,446.75,275.0,0.1407073736190796,0.8924716711044312,0.1634834894886507,0.8275651652694642,0.15062223948865072,0.8161206652694643,0.06109891688717383,0.15077562869639022,0.8164573815379332,0.0806471248292935,0.0,0.5413284682753021,-0.24920303615567901,1.583057388956768
2026-08-18T06:23:59.306+00:00,1787034239.3063145,194051.3088726,19.194879299990134,632,194051.2086299,14.59390000673011,85.23209998384118,10,0,0,4,1,0.0,1,estabilizada,1,1,1,,,,,,,,,,,,,nan,0.5413284682753021,-0.24920303615567901,1.583057388956768
2026-08-18T06:23:59.452+00:00,1787034239.452132,194051.4546057,19.34061240000301,637,194051.3688013,7.664699980523437,78.08720000321046,1,0,0,4,1,0.0,1,estabilizada,1,1,1,,,,,,,,,,,,,nan,0.5413228594919071,-0.24921784389294332,1.5830427358342183
2026-08-18T06:23:59.452+00:00,1787034239.452132,194051.4547052,19.340711900003953,637,194051.3688013,7.664699980523437,78.08720000321046,2,1,1,4,1,0.0,1,estabilizada,1,1,1,501.5,499.5,0.2524907886981964,0.4808734953403473,0.2689116254722178,0.43936594848541677,0.2560503754722178,0.4279214484854168,-2.2287897384637567,0.2670914246435831,0.44400427921036273,-2.344756030642045,0.0,0.5413228594919071,-0.24921784389294332,1.5830427358342183
2026-08-18T06:23:59.452+00:00,1787034239.452132,194051.4547375,19.340744199987967,637,194051.3688013,7.664699980523437,78.08720000321046,3,1,1,4,1,0.0,1,estabilizada,1,1,1,447.0,275.0,0.1411232203245163,0.892467737197876,0.163875586201793,0.8275600123637599,0.151014336201793,0.8161155123637599,0.061098068819316405,0.15077562869639022,0.8164573815379332,0.0806471248292935,0.0,0.5413228594919071,-0.24921784389294332,1.5830427358342183
2026-08-18T06:23:59.452+00:00,1787034239.452132,194051.4547536,19.340760299994145,637,194051.3688013,7.664699980523437,78.08720000321046,10,0,0,4,1,0.0,1,estabilizada,1,1,1,,,,,,,,,,,,,nan,0.5413228594919071,-0.24921784389294332,1.5830427358342183
2026-08-18T06:23:59.600+00:00,1787034239.6003146,194051.6029028,19.488909499981673,641,194051.5028051,18.35850000497885,81.71510000829585,1,0,0,4,1,0.0,1,estabilizada,1,1,1,,,,,,,,,,,,,nan,0.5413147284275015,-0.24923050069474262,1.5830296619689386
2026-08-18T06:23:59.600+00:00,1787034239.6003146,194051.6029458,19.488952499988955,641,194051.5028051,18.35850000497885,81.71510000829585,2,1,1,4,1,0.0,1,estabilizada,1,1,1,497.75,503.0,0.2471611052751541,0.4752339720726013,0.26388462393037865,0.4340459867079023,0.25102337393037866,0.4226014867079023,-2.225416595573138,0.26312865738503854,0.43855093217984564,-2.310368308728985,0.0,0.5413147284275015,-0.24923050069474262,1.5830296619689386
2026-08-18T06:23:59.600+00:00,1787034239.6003146,194051.6029749,19.488981599977706,641,194051.5028051,18.35850000497885,81.71510000829585,3,1,1,4,1,0.0,1,estabilizada,1,1,1,447.0,275.0,0.14112642407417297,0.8924691081047058,0.16387833343953667,0.8275600496956874,0.15101708343953668,0.8161155496956874,0.06109722074464812,0.15077562869639022,0.8164573815379332,0.0806471248292935,0.0,0.5413147284275015,-0.24923050069474262,1.5830296619689386
2026-08-18T06:23:59.600+00:00,1787034239.6003146,194051.6029855,19.48899220000021,641,194051.5028051,18.35850000497885,81.71510000829585,10,0,0,4,1,0.0,1,estabilizada,1,1,1,,,,,,,,,,,,,nan,0.5413147284275015,-0.24923050069474262,1.5830296619689386
2026-08-18T06:23:59.742+00:00,1787034239.7428715,194051.7454817,19.631488399987575,645,194051.6360215,31.576500012306497,77.84010001341812,1,0,0,4,1,0.0,1,estabilizada,1,1,1,,,,,,,,,,,,,nan,0.5413080883578634,-0.24924339568329734,1.5830177756077821
2026-08-18T06:23:59.742+00:00,1787034239.7428715,194051.7455279,19.63153459999012,645,194051.6360215,31.576500012306497,77.84010001341812,2,1,1,4,1,0.0,1,estabilizada,1,1,1,493.5,506.5,0.24109937250614166,0.46963202953338623,0.25816726955883357,0.42876149145957265,0.24530601955883358,0.4173169914595727,-2.296202695546165,0.25763417050250864,0.43110564142441027,-2.2889439480695803,0.0,0.5413080883578634,-0.24924339568329734,1.5830177756077821
2026-08-18T06:23:59.742+00:00,1787034239.7428715,194051.7455446,19.631551300000865,645,194051.6360215,31.576500012306497,77.84010001341812,3,1,1,4,1,0.0,1,estabilizada,1,1,1,447.0,275.25,0.14116564393043518,0.891967236995697,0.1639151168380542,0.8270854911784868,0.15105386683805422,0.8156409911784869,0.02368960937458927,0.15077562869639022,0.8164573815379332,0.07290948702833297,0.0,0.5413080883578634,-0.24924339568329734,1.5830177756077821
2026-08-18T06:23:59.742+00:00,1787034239.7428715,194051.745559,19.6315656999941,645,194051.6360215,31.576500012306497,77.84010001341812,10,0,0,4,1,0.0,1,estabilizada,1,1,1,,,,,,,,,,,,,nan,0.5413080883578634,-0.24924339568329734,1.5830177756077821
2026-08-18T06:23:59.876+00:00,1787034239.8761678,194051.8791149,19.765121599979466,649,194051.7700666,30.360100005054846,78.66279999143444,1,0,0,4,1,0.0,1,estabilizada,1,1,1,,,,,,,,,,,,,nan,0.5413077681128511,-0.2492581477742113,1.583005280525441
2026-08-18T06:23:59.876+00:00,1787034239.8761678,194051.8791581,19.76516479998827,649,194051.7700666,30.360100005054846,78.66279999143444,2,1,1,4,1,0.0,1,estabilizada,1,1,1,489.25,510.25,0.23508071899414062,0.4636385142803192,0.2524909163950842,0.4231075695170704,0.2396296663950842,0.41166306951707043,-2.411370017932723,0.25206584963623946,0.4249759065134469,-2.2889439480695803,0.0,0.5413077681128511,-0.2492581477742113,1.583005280525441
2026-08-18T06:23:59.876+00:00,1787034239.8761678,194051.8791726,19.765179299982265,649,194051.7700666,30.360100005054846,78.66279999143444,3,1,1,4,1,0.0,1,estabilizada,1,1,1,447.0,275.25,0.14116865396499634,0.8919686675071716,0.16391811710093324,0.8270854895172459,0.15105686710093325,0.815640989517246,0.023688628660659176,0.15077562869639022,0.8164573815379332,0.06363026768133216,0.0,0.5413077681128511,-0.2492581477742113,1.583005280525441
2026-08-18T06:23:59.876+00:00,1787034239.8761678,194051.8791849,19.76519159998861,649,194051.7700666,30.360100005054846,78.66279999143444,10,0,0,4,1,0.0,1,estabilizada,1,1,1,,,,,,,,,,,,,nan,0.5413077681128511,-0.2492581477742113,1.583005280525441
2026-08-18T06:24:00.024+00:00,1787034240.0245368,194052.0270277,19.91303440000047,654,194051.9369001,1.7548000032547861,88.33599998615682,1,0,0,4,1,0.0,1,estabilizada,1,1,1,,,,,,,,,,,,,nan,0.5413101664524491,-0.2492729155062058,1.582992006616886
2026-08-18T06:24:00.024+00:00,1787034240.0245368,194052.0272325,19.91323919998831,654,194051.9369001,1.7548000032547861,88.33599998615682,2,1,1,4,1,0.0,1,estabilizada,1,1,1,483.25,514.75,0.22654318809509277,0.4565097987651825,0.244439063711487,0.4163829730965055,0.231577813711487,0.40493847309650555,-2.4767040762854178,0.2466421923833891,0.4190924053884899,-2.3316530113999043,0.0,0.5413101664524491,-0.2492729155062058,1.582992006616886
2026-08-18T06:24:00.024+00:00,1787034240.0245368,194052.0272771,19.91328379997867,654,194051.9369001,1.7548000032547861,88.33599998615682,3,1,1,4,1,0.0,1,estabilizada,1,1,1,446.75,275.25,0.14075949788093567,0.891976535320282,0.16353255044263498,0.8270915263341044,0.150671300442635,0.8156470263341045,0.024856114347256656,0.15077562869639022,0.8164573815379332,0.054755821602618465,0.0,0.5413101664524491,-0.2492729155062058,1.582992006616886
2026-08-18T06:24:00.024+00:00,1787034240.0245368,194052.0272974,19.913304099987727,654,194051.9369001,1.7548000032547861,88.33599998615682,10,0,0,4,1,0.0,1,estabilizada,1,1,1,,,,,,,,,,,,,nan,0.5413101664524491,-0.2492729155062058,1.582992006616886
2026-08-18T06:24:00.194+00:00,1787034240.1940954,194052.1964758,20.082482500001788,659,194052.1020392,6.674400006886572,87.71859999978915,1,0,0,4,1,0.0,1,estabilizada,1,1,1,,,,,,,,,,,,,nan,0.5413124854408332,-0.24928444576908199,1.5829803518399248
2026-08-18T06:24:00.194+00:00,1787034240.1940954,194052.1965203,20.082526999991387,659,194052.1020392,6.674400006886572,87.71859999978915,2,1,1,4,1,0.0,1,estabilizada,1,1,1,478.75,518.0,0.22015215456485748,0.4513874650001526,0.2384116545929164,0.4115509175054632,0.22555040459291642,0.4001064175054632,-2.538747456086106,0.2360022746058198,0.40932972545546276,-2.420289515607315,0.0,0.5413124854408332,-0.24928444576908199,1.5829803518399248
2026-08-18T06:24:00.194+00:00,1787034240.1940954,194052.1965355,20.082542199990712,659,194052.1020392,6.674400006886572,87.71859999978915,3,1,1,4,1,0.0,1,estabilizada,1,1,1,447.0,275.25,0.1411755084991455,0.8919726610183716,0.163925208381961,0.827086739034889,0.15106395838196102,0.8156422390348891,0.02368774805655499,0.15077562869639022,0.8164573815379332,0.054755821602618465,0.0,0.5413124854408332,-0.24928444576908199,1.5829803518399248
2026-08-18T06:24:00.194+00:00,1787034240.1940954,194052.1965485,20.08255520000239,659,194052.1020392,6.674400006886572,87.71859999978915,10,0,0,4,1,0.0,1,estabilizada,1,1,1,,,,,,,,,,,,,nan,0.5413124854408332,-0.24928444576908199,1.5829803518399248
2026-08-18T06:24:00.351+00:00,1787034240.3511114,194052.3539619,20.239968599984422,663,194052.2353833,21.291500015649945,97.26229999796487,1,0,0,4,1,0.0,1,estabilizada,1,1,1,,,,,,,,,,,,,nan,0.5413105883528462,-0.24929237270029797,1.5829713107347148
2026-08-18T06:24:00.351+00:00,1787034240.3511114,194052.3540047,20.24001139999018,663,194052.2353833,21.291500015649945,97.26229999796487,2,1,1,4,1,0.0,1,estabilizada,1,1,1,474.75,520.75,0.21447435021400452,0.4470732808113098,0.23305665883388915,0.40748133849938256,0.22019540883388916,0.3960368384993826,-2.582066407659602,0.22872843207642754,0.40302429880504786,-2.496276356141639,0.0,0.5413105883528462,-0.24929237270029797,1.5829713107347148
2026-08-18T06:24:00.351+00:00,1787034240.3511114,194052.354017,20.240023699996527,663,194052.2353833,21.291500015649945,97.26229999796487,3,1,1,4,1,0.0,1,estabilizada,1,1,1,447.0,275.25,0.14117945730686188,0.8919745087623596,0.1639289547550653,0.8270876604442017,0.1510677047550653,0.8156431604442017,0.023686731795789714,0.15077562869639022,0.8164573815379332,0.054755821602618465,0.0,0.5413105883528462,-0.24929237270029797,1.5829713107347148
2026-08-18T06:24:00.351+00:00,1787034240.3511114,194052.3540298,20.240036499977577,663,194052.2353833,21.291500015649945,97.26229999796487,10,0,0,4,1,0.0,1,estabilizada,1,1,1,,,,,,,,,,,,,nan,0.5413105883528462,-0.24929237270029797,1.5829713107347148
2026-08-18T06:24:00.524+00:00,1787034240.5252352,194052.5273358,20.413342499989085,668,194052.4043437,19.676500000059605,103.29119997913949,1,0,0,4,1,0.0,1,estabilizada,1,1,1,,,,,,,,,,,,,nan,0.5413070578853992,-0.24930138274863417,1.5829617015545447
2026-08-18T06:24:00.525+00:00,1787034240.5252352,194052.5273818,20.413388499990106,668,194052.4043437,19.676500000059605,103.29119997913949,2,1,1,4,1,0.0,1,estabilizada,1,1,1,472.5,521.25,0.21118149161338806,0.446352481842041,0.2299509292664299,0.40680076827141204,0.2170896792664299,0.39535626827141207,-2.6377082436850436,0.22322598855573042,0.399131341325692,-2.572005781670781,0.0,0.5413070578853992,-0.24930138274863417,1.5829617015545447
2026-08-18T06:24:00.525+00:00,1787034240.5252352,194052.5274198,20.413426499988418,668,194052.4043437,19.676500000059605,103.29119997913949,3,1,1,4,1,0.0,1,estabilizada,1,1,1,447.0,275.25,0.14118348062038422,0.8919762372970581,0.1639326866930812,0.8270883845440564,0.1510714366930812,0.8156438845440565,0.023685725216804846,0.15077562869639022,0.8164573815379332,0.054755821602618465,0.0,0.5413070578853992,-0.24930138274863417,1.5829617015545447
2026-08-18T06:24:00.525+00:00,1787034240.5252352,194052.5274573,20.413463999982923,668,194052.4043437,19.676500000059605,103.29119997913949,10,0,0,4,1,0.0,1,estabilizada,1,1,1,,,,,,,,,,,,,nan,0.5413070578853992,-0.24930138274863417,1.5829617015545447
2026-08-18T06:24:00.687+00:00,1787034240.6879997,194052.690599,20.57660569998552,673,194052.5700105,21.662899991497397,98.86910000932403,1,0,0,4,1,0.0,1,estabilizada,1,1,1,,,,,,,,,,,,,nan,0.5413046023489003,-0.24931283070544596,1.5829500457155266
2026-08-18T06:24:00.687+00:00,1787034240.6879997,194052.6907136,20.576720299985027,673,194052.5700105,21.662899991497397,98.86910000932403,2,1,1,4,1,0.0,1,estabilizada,1,1,1,470.75,523.0,0.20876196026802063,0.44358307123184204,0.2276689610721747,0.40418787279008217,0.21480771107217472,0.3927433727900822,-2.6807728919687897,0.2217454686790642,0.3979699590524166,-2.6094742978957437,0.0,0.5413046023489003,-0.24931283070544596,1.5829500457155266
2026-08-18T06:24:00.687+00:00,1787034240.6879997,194052.690731,20.576737700001104,673,194052.5700105,21.662899991497397,98.86910000932403,3,1,1,4,1,0.0,1,estabilizada,1,1,1,447.0,275.25,0.14118748903274536,0.8919780850410461,0.16393649510272307,0.8270889985564789,0.15107524510272308,0.8156444985564789,0.023685831787607966,0.15077562869639022,0.8164573815379332,0.054755821602618465,0.0,0.5413046023489003,-0.24931283070544596,1.5829500457155266
2026-08-18T06:24:00.687+00:00,1787034240.6879997,194052.6907512,20.576757899980294,673,194052.5700105,21.662899991497397,98.86910000932403,10,0,0,4,1,0.0,1,estabilizada,1,1,1,,,,,,,,,,,,,nan,0.5413046023489003,-0.24931283070544596,1.5829500457155266
2026-08-18T06:24:00.856+00:00,1787034240.8566313,194052.8601397,20.74614639999345,678,194052.7372576,23.961600003531203,98.87869999511167,1,0,0,4,1,0.0,1,estabilizada,1,1,1,,,,,,,,,,,,,nan,0.541301883451354,-0.24932125658758222,1.5829405458780104
2026-08-18T06:24:00.858+00:00,1787034240.8581483,194052.8602596,20.74626630000421,678,194052.7372576,23.961600003531203,98.87869999511167,2,1,1,4,1,0.0,1,estabilizada,1,1,1,469.75,523.5,0.2073301374912262,0.4428139626979828,0.2263185051937791,0.40346177736296807,0.21345725519377912,0.3920172773629681,-2.6246082194674667,0.22031523970434794,0.39682681537529135,-2.618379325432475,0.0,0.541301883451354,-0.24932125658758222,1.5829405458780104
2026-08-18T06:24:00.858+00:00,1787034240.8581483,194052.8602746,20.74628130000201,678,194052.7372576,23.961600003531203,98.87869999511167,3,1,1,4,1,0.0,1,estabilizada,1,1,1,447.0,275.25,0.14119106531143188,0.8919797539710999,0.1639398499871187,0.8270897041093046,0.1510785999871187,0.8156452041093046,0.02368483165590691,0.15077562869639022,0.8164573815379332,0.054755821602618465,0.0,0.541301883451354,-0.24932125658758222,1.5829405458780104
2026-08-18T06:24:00.858+00:00,1787034240.8581483,194052.8602855,20.746292199997697,678,194052.7372576,23.961600003531203,98.87869999511167,10,0,0,4,1,0.0,1,estabilizada,1,1,1,,,,,,,,,,,,,nan,0.541301883451354,-0.24932125658758222,1.5829405458780104
2026-08-18T06:24:01.026+00:00,1787034241.0269194,194053.0294045,20.915411199996015,683,194052.90404,23.423400009050965,101.91490000579506,1,0,0,4,1,0.0,1,estabilizada,1,1,1,,,,,,,,,,,,,nan,0.5413018051222386,-0.24932917206814464,1.582932539685937
2026-08-18T06:24:01.026+00:00,1787034241.0269194,194053.029453,20.915459699986968,683,194052.90404,23.423400009050965,101.91490000579506,2,1,1,4,1,0.0,1,estabilizada,1,1,1,468.0,523.75,0.20475929975509644,0.44248056411743164,0.22389392787326773,0.4031466855751058,0.21103267787326774,0.39170218557510583,-2.6806845495239826,0.2188151192321674,0.39577477356579216,-2.636046333638135,0.0,0.5413018051222386,-0.24932917206814464,1.582932539685937
2026-08-18T06:24:01.026+00:00,1787034241.0269194,194053.0294676,20.915474299981724,683,194052.90404,23.423400009050965,101.91490000579506,3,1,1,4,1,0.0,1,estabilizada,1,1,1,447.0,275.25,0.14119412004947662,0.8919813632965088,0.163942841649257,0.8270904436852416,0.151081591649257,0.8156459436852417,0.02368492530623137,0.15077562869639022,0.8164573815379332,0.054755821602618465,0.0,0.5413018051222386,-0.24932917206814464,1.582932539685937
2026-08-18T06:24:01.026+00:00,1787034241.0269194,194053.0294808,20.915487499994924,683,194052.90404,23.423400009050965,101.91490000579506,10,0,0,4,1,0.0,1,estabilizada,1,1,1,,,,,,,,,,,,,nan,0.5413018051222386,-0.24932917206814464,1.582932539685937
2026-08-18T06:24:01.195+00:00,1787034241.195141,194053.1981376,21.084144299995387,688,194053.0703005,30.423999996855855,97.38120000110939,1,0,0,4,1,0.0,1,estabilizada,1,1,1,,,,,,,,,,,,,nan,0.5413003941877875,-0.2493340355037989,1.5829274120001648
2026-08-18T06:24:01.196+00:00,1787034241.1961215,194053.1983462,21.08435289998306,688,194053.0703005,30.423999996855855,97.38120000110939,2,1,1,4,1,0.0,1,estabilizada,1,1,1,467.75,524.75,0.2044941782951355,0.4408717155456543,0.22364386210283216,0.4016289068587046,0.21078261210283217,0.39018440685870465,-2.722668966910388,0.2171858018989063,0.39487991165929737,-2.654004673641908,0.0,0.5413003941877875,-0.2493340355037989,1.5829274120001648
2026-08-18T06:24:01.196+00:00,1787034241.1961215,194053.1984805,21.084487199987052,688,194053.0703005,30.423999996855855,97.38120000110939,3,1,1,4,1,0.0,1,estabilizada,1,1,1,447.0,275.25,0.14119720458984375,0.8919832110404968,0.16394574428334374,0.8270916996482005,0.15108449428334375,0.8156471996482005,0.023682802307923467,0.15077562869639022,0.8164573815379332,0.054755821602618465,0.0,0.5413003941877875,-0.2493340355037989,1.5829274120001648
2026-08-18T06:24:01.196+00:00,1787034241.1961215,194053.1985235,21.084530199994333,688,194053.0703005,30.423999996855855,97.38120000110939,10,0,0,4,1,0.0,1,estabilizada,1,1,1,,,,,,,,,,,,,nan,0.5413003941877875,-0.2493340355037989,1.5829274120001648
2026-08-18T06:24:01.343+00:00,1787034241.3433833,194053.3455282,21.231534899998223,693,194053.2365535,20.243500010110438,88.68509999592789,1,0,0,4,1,0.0,1,estabilizada,1,1,1,,,,,,,,,,,,,nan,0.5412986220916876,-0.24934095432610473,1.5829206286593083
2026-08-18T06:24:01.343+00:00,1787034241.3433833,194053.3456653,21.231671999994433,693,194053.2365535,20.243500010110438,88.68509999592789,2,1,1,4,1,0.0,1,estabilizada,1,1,1,467.25,524.5,0.203727588057518,0.44129860401153564,0.2229208391359423,0.4020309622075158,0.2100595891359423,0.3905864622075158,-2.7273739577466314,0.21571447141622851,0.3939499364962584,-2.6827113692389952,0.0,0.5412986220916876,-0.24934095432610473,1.5829206286593083
2026-08-18T06:24:01.343+00:00,1787034241.3433833,194053.3456985,21.2317051999853,693,194053.2365535,20.243500010110438,88.68509999592789,3,1,1,4,1,0.0,1,estabilizada,1,1,1,447.0,275.25,0.14120036363601685,0.8919850587844849,0.1639487204449801,0.8270927708704954,0.1510874704449801,0.8156482708704954,0.023682876576377833,0.15077562869639022,0.8164573815379332,0.054755821602618465,0.0,0.5412986220916876,-0.24934095432610473,1.5829206286593083
2026-08-18T06:24:01.343+00:00,1787034241.3433833,194053.3457176,21.231724299985217,693,194053.2365535,20.243500010110438,88.68509999592789,10,0,0,4,1,0.0,1,estabilizada,1,1,1,,,,,,,,,,,,,nan,0.5412986220916876,-0.24934095432610473,1.5829206286593083
2026-08-18T06:24:01.484+00:00,1787034241.4840658,194053.4865463,21.372552999993786,698,194053.4065401,2.66840000404045,77.31299998704344,1,0,0,4,1,0.0,1,estabilizada,1,1,1,,,,,,,,,,,,,nan,0.5412966274471583,-0.24934601868958536,1.5829146262115859
2026-08-18T06:24:01.484+00:00,1787034241.4840658,194053.4865904,21.37259709998034,698,194053.4065401,2.66840000404045,77.31299998704344,2,1,1,4,1,0.0,1,estabilizada,1,1,1,467.25,524.75,0.20375512540340424,0.44089508056640625,0.2229467701585252,0.4016499451027735,0.21008552015852522,0.39020544510277355,-2.696836246700292,0.21571447141622851,0.3939499364962584,-2.690620167785553,0.0,0.5412966274471583,-0.24934601868958536,1.5829146262115859
2026-08-18T06:24:01.484+00:00,1787034241.4840658,194053.4866031,21.372609799989732,698,194053.4065401,2.66840000404045,77.31299998704344,3,1,1,4,1,0.0,1,estabilizada,1,1,1,447.0,275.25,0.141203373670578,0.8919863700866699,0.16395153219007547,0.8270934735975494,0.15109028219007548,0.8156489735975494,0.02368296053257993,0.15077562869639022,0.8164573815379332,0.054755821602618465,0.0,0.5412966274471583,-0.24934601868958536,1.5829146262115859
2026-08-18T06:24:01.484+00:00,1787034241.4840658,194053.4866159,21.372622599999886,698,194053.4065401,2.66840000404045,77.31299998704344,10,0,0,4,1,0.0,1,estabilizada,1,1,1,,,,,,,,,,,,,nan,0.5412966274471583,-0.24934601868958536,1.5829146262115859
2026-08-18T06:24:01.630+00:00,1787034241.630634,194053.6328716,21.51887830000487,702,194053.5350419,14.544000005116686,83.26169999781996,1,0,0,4,1,0.0,1,estabilizada,1,1,1,,,,,,,,,,,,,nan,0.5412909929041773,-0.2493474408782471,1.582911509765702
2026-08-18T06:24:01.630+00:00,1787034241.630634,194053.6329158,21.518922499992186,702,194053.5350419,14.544000005116686,83.26169999781996,2,1,1,4,1,0.0,1,estabilizada,1,1,1,467.5,524.75,0.20412737131118774,0.4408862590789795,0.22329756860658845,0.40164146705308446,0.21043631860658846,0.3901969670530845,-2.7101984859048764,0.21571447141622851,0.3939499364962584,-2.690620167785553,0.0,0.5412909929041773,-0.2493474408782471,1.582911509765702
2026-08-18T06:24:01.630+00:00,1787034241.630634,194053.6329301,21.518936799984658,702,194053.5350419,14.544000005116686,83.26169999781996,3,1,1,4,1,0.0,1,estabilizada,1,1,1,447.0,275.25,0.1412063091993332,0.8919872045516968,0.16395402523480868,0.8270940519939144,0.15109277523480868,0.8156495519939144,0.02368194745698102,0.15077562869639022,0.8164573815379332,0.054755821602618465,0.0,0.5412909929041773,-0.2493474408782471,1.582911509765702
2026-08-18T06:24:01.630+00:00,1787034241.630634,194053.6329421,21.51894879998872,702,194053.5350419,14.544000005116686,83.26169999781996,10,0,0,4,1,0.0,1,estabilizada,1,1,1,,,,,,,,,,,,,nan,0.5412909929041773,-0.2493474408782471,1.582911509765702
2026-08-18T06:24:01.780+00:00,1787034241.7805488,194053.7831196,21.669126299995696,706,194053.6685321,32.018099998822436,82.54350000061095,1,0,0,4,1,0.0,1,estabilizada,1,1,1,,,,,,,,,,,,,nan,0.5412869466141024,-0.2493502279059377,1.582907134031316
2026-08-18T06:24:01.780+00:00,1787034241.7805488,194053.7831652,21.66917189999367,706,194053.6685321,32.018099998822436,82.54350000061095,2,1,1,4,1,0.0,1,estabilizada,1,1,1,467.0,524.5,0.20336075127124786,0.441312700510025,0.22257435952848076,0.402043395178682,0.20971310952848077,0.390598895178682,-2.763355207821229,0.21571447141622851,0.3939499364962584,-2.7187739224564647,0.0,0.5412869466141024,-0.2493502279059377,1.582907134031316
2026-08-18T06:24:01.780+00:00,1787034241.7805488,194053.7831784,21.669185099977767,706,194053.6685321,32.018099998822436,82.54350000061095,3,1,1,4,1,0.0,1,estabilizada,1,1,1,447.0,275.25,0.1412094533443451,0.8919880986213684,0.1639568234333132,0.8270945573775108,0.1510955734333132,0.8156500573775108,0.02368203463945866,0.15077562869639022,0.8164573815379332,0.054755821602618465,0.0,0.5412869466141024,-0.2493502279059377,1.582907134031316
2026-08-18T06:24:01.780+00:00,1787034241.7805488,194053.7831916,21.669198299990967,706,194053.6685321,32.018099998822436,82.54350000061095,10,0,0,4,1,0.0,1,estabilizada,1,1,1,,,,,,,,,,,,,nan,0.5412869466141024,-0.2493502279059377,1.582907134031316
2026-08-18T06:24:01.926+00:00,1787034241.9269617,194053.9293132,21.815319899993483,711,194053.8373444,12.925799994263798,79.01940000010654,1,0,0,4,1,0.0,1,estabilizada,1,1,1,,,,,,,,,,,,,nan,0.5412870072154854,-0.24935454995486794,1.5829021486715935
2026-08-18T06:24:01.926+00:00,1787034241.9269617,194053.9293552,21.81536189999315,711,194053.8373444,12.925799994263798,79.01940000010654,2,1,1,4,1,0.0,1,estabilizada,1,1,1,467.0,524.5,0.2033621370792389,0.44131433963775635,0.2225757305017923,0.4020445716893696,0.2097144805017923,0.3906000716893696,-2.7633552078212302,0.21571447141622851,0.3939499364962584,-2.736053508461357,0.0,0.5412870072154854,-0.24935454995486794,1.5829021486715935
2026-08-18T06:24:01.926+00:00,1787034241.9269617,194053.9293703,21.815376999991713,711,194053.8373444,12.925799994263798,79.01940000010654,3,1,1,4,1,0.0,1,estabilizada,1,1,1,447.0,275.25,0.14121240377426147,0.891989529132843,0.1639596811975234,0.8270954564296757,0.15109843119752342,0.8156509564296758,0.023681024782595695,0.15077562869639022,0.8164573815379332,0.054755821602618465,0.0,0.5412870072154854,-0.24935454995486794,1.5829021486715935
2026-08-18T06:24:01.926+00:00,1787034241.9269617,194053.9293982,21.81540490000043,711,194053.8373444,12.925799994263798,79.01940000010654,10,0,0,4,1,0.0,1,estabilizada,1,1,1,,,,,,,,,,,,,nan,0.5412870072154854,-0.24935454995486794,1.5829021486715935
2026-08-18T06:24:02.080+00:00,1787034242.08013,194054.0831755,21.96918220000225,715,194053.9724938,20.245199993951246,90.41330000036396,1,0,0,4,1,0.0,1,estabilizada,1,1,1,,,,,,,,,,,,,nan,0.5412872311958141,-0.2493607719252115,1.5828951637740616
2026-08-18T06:24:02.081+00:00,1787034242.08113,194054.0832178,21.969224500004202,715,194053.9724938,20.245199993951246,90.41330000036396,2,1,1,4,1,0.0,1,estabilizada,1,1,1,467.0,524.5,0.20336347818374634,0.441316157579422,0.2225770928735359,0.40204575921190905,0.2097158428735359,0.3906012592119091,-2.7633551032532546,0.21571447141622851,0.3939499364962584,-2.7439466554477625,0.0,0.5412872311958141,-0.2493607719252115,1.5828951637740616
2026-08-18T06:24:02.081+00:00,1787034242.08113,194054.0832301,21.969236799981445,715,194053.9724938,20.245199993951246,90.41330000036396,3,1,1,4,1,0.0,1,estabilizada,1,1,1,447.0,275.25,0.14121541380882263,0.8919910192489624,0.1639626332007752,0.8270962216928446,0.1511013832007752,0.8156517216928446,0.02368112164897201,0.15077562869639022,0.8164573815379332,0.054755821602618465,0.0,0.5412872311958141,-0.2493607719252115,1.5828951637740616
2026-08-18T06:24:02.081+00:00,1787034242.0813496,194054.0834613,21.969467999995686,715,194053.9724938,20.245199993951246,90.41330000036396,10,0,0,4,1,0.0,1,estabilizada,1,1,1,,,,,,,,,,,,,nan,0.5412872311958141,-0.2493607719252115,1.5828951637740616
2026-08-18T06:24:02.232+00:00,1787034242.232057,194054.2345741,22.12058079999406,720,194054.1363365,18.667500000447035,79.54040000913665,1,0,0,4,1,0.0,1,estabilizada,1,1,1,,,,,,,,,,,,,nan,0.5412886649397086,-0.24936808696301851,1.5828871819271257
2026-08-18T06:24:02.232+00:00,1787034242.232057,194054.2346225,22.12062919998425,720,194054.1363365,18.667500000447035,79.54040000913665,2,1,1,4,1,0.0,1,estabilizada,1,1,1,467.25,524.75,0.20376195013523102,0.44090309739112854,0.2229530868626251,0.4016555709083893,0.21009183686262511,0.39021107090838936,-2.710198239045784,0.21571447141622851,0.3939499364962584,-2.7439466554477625,0.0,0.5412886649397086,-0.24936808696301851,1.5828871819271257
2026-08-18T06:24:02.232+00:00,1787034242.232057,194054.2346353,22.120641999994405,720,194054.1363365,18.667500000447035,79.54040000913665,3,1,1,4,1,0.0,1,estabilizada,1,1,1,447.0,275.25,0.14121849834918976,0.8919927477836609,0.1639657385847888,0.8270971087892639,0.1511044885847888,0.8156526087892639,0.02368014729785688,0.15077562869639022,0.8164573815379332,0.054755821602618465,0.0,0.5412886649397086,-0.24936808696301851,1.5828871819271257
2026-08-18T06:24:02.232+00:00,1787034242.232057,194054.234648,22.120654700003797,720,194054.1363365,18.667500000447035,79.54040000913665,10,0,0,4,1,0.0,1,estabilizada,1,1,1,,,,,,,,,,,,,nan,0.5412886649397086,-0.24936808696301851,1.5828871819271257
