wall_time_iso,t_wall,t_perf,session_elapsed_s,frame_seq,frame_received_perf,frame_wait_ms,processing_ms,robot_id,detected,accepted,workspace_markers_seen,homography_valid,homography_age_ms,calibration_enabled,homography_mode,parallax_enabled,alignment_enabled,pose_filter_enabled,pixel_x,pixel_y,floor_x,floor_y,corrected_x,corrected_y,aligned_x,aligned_y,raw_yaw,x,y,yaw,pose_age_ms,cam_x,cam_y,cam_z
2026-08-18T06:14:25.480+00:00,1787033665.48056,193477.4953938,0.5725994000094943,80,193477.3660101,32.470200007082894,96.87259999918751,1,0,0,4,1,0.0,1,estabilizada,1,1,1,,,,,,,,,,,,,nan,0.5413443438387072,-0.2489369734566351,1.582995297038848
2026-08-18T06:14:25.480+00:00,1787033665.48056,193477.4954891,0.5726947000075597,80,193477.3660101,32.470200007082894,96.87259999918751,2,1,1,4,1,0.0,1,estabilizada,1,1,1,465.5,522.5,0.20033428072929382,0.44419023394584656,0.21972214987663602,0.4047830109535141,0.20686089987663603,0.39333851095351413,-2.651340729380609,0.20690237958450564,0.3921707607986974,-2.6371241607037192,0.0,0.5413443438387072,-0.2489369734566351,1.582995297038848
2026-08-18T06:14:25.480+00:00,1787033665.48056,193477.4955069,0.5727125000266824,80,193477.3660101,32.470200007082894,96.87259999918751,3,1,1,4,1,0.0,1,estabilizada,1,1,1,446.75,275.25,0.13993418216705322,0.8914164900779724,0.16275605322253134,0.8265825566417215,0.14989480322253135,0.8151380566417216,0.0240381691542367,0.1490695412592779,0.8151162126252619,0.04370363077825104,0.0,0.5413443438387072,-0.2489369734566351,1.582995297038848
2026-08-18T06:14:25.480+00:00,1787033665.48056,193477.4955245,0.5727301000151783,80,193477.3660101,32.470200007082894,96.87259999918751,10,0,0,4,1,0.0,1,estabilizada,1,1,1,,,,,,,,,,,,,nan,0.5413443438387072,-0.2489369734566351,1.582995297038848
2026-08-18T06:14:25.668+00:00,1787033665.6680548,193477.6824187,0.7596243000007235,85,193477.536047,42.63799998443574,103.6908000241965,1,0,0,4,1,0.0,1,estabilizada,1,1,1,,,,,,,,,,,,,nan,0.5413405649184813,-0.24893355851175875,1.5830001509230547
2026-08-18T06:14:25.668+00:00,1787033665.6680548,193477.6825127,0.7597183000179939,85,193477.536047,42.63799998443574,103.6908000241965,2,1,1,4,1,0.0,1,estabilizada,1,1,1,465.5,522.5,0.20033971965312958,0.44419339299201965,0.21972700528035216,0.404786305381216,0.20686575528035217,0.39334180538121605,-2.6513431713203244,0.20690237958450564,0.3921707607986974,-2.6371241607037192,0.0,0.5413405649184813,-0.24893355851175875,1.5830001509230547
2026-08-18T06:14:25.668+00:00,1787033665.6680548,193477.6827291,0.7599347000068519,85,193477.536047,42.63799998443574,103.6908000241965,3,1,1,4,1,0.0,1,estabilizada,1,1,1,446.75,275.25,0.13994164764881134,0.8914210200309753,0.16276280943657562,0.826587221999433,0.14990155943657563,0.815142721999433,0.024034748834523622,0.1490695412592779,0.8151162126252619,0.04370363077825104,0.0,0.5413405649184813,-0.24893355851175875,1.5830001509230547
2026-08-18T06:14:25.668+00:00,1787033665.6680548,193477.682817,0.7600226000067778,85,193477.536047,42.63799998443574,103.6908000241965,10,0,0,4,1,0.0,1,estabilizada,1,1,1,,,,,,,,,,,,,nan,0.5413405649184813,-0.24893355851175875,1.5830001509230547
2026-08-18T06:14:25.843+00:00,1787033665.843016,193477.8581998,0.9354053999995813,91,193477.7342748,22.205999994184822,101.60920000635087,1,0,0,4,1,0.0,1,estabilizada,1,1,1,,,,,,,,,,,,,nan,0.5413359798583779,-0.2489338685255869,1.5830027448889545
2026-08-18T06:14:25.844+00:00,1787033665.844016,193477.8583876,0.9355932000034954,91,193477.7342748,22.205999994184822,101.60920000635087,2,1,1,4,1,0.0,1,estabilizada,1,1,1,465.5,522.5,0.20034527778625488,0.44419610500335693,0.2197319549639018,0.40478891015229485,0.2068707049639018,0.3933444101522949,-2.6513445970683884,0.20690237958450564,0.3921707607986974,-2.6371241607037192,0.0,0.5413359798583779,-0.2489338685255869,1.5830027448889545
2026-08-18T06:14:25.844+00:00,1787033665.844016,193477.8584151,0.9356207000091672,91,193477.7342748,22.205999994184822,101.60920000635087,3,1,1,4,1,0.0,1,estabilizada,1,1,1,446.75,275.25,0.1399492621421814,0.8914253115653992,0.16276969294123972,0.8265913581565638,0.14990844294123973,0.8151468581565638,0.024031331833911394,0.1490695412592779,0.8151162126252619,0.04370363077825104,0.0,0.5413359798583779,-0.2489338685255869,1.5830027448889545
2026-08-18T06:14:25.844+00:00,1787033665.844016,193477.8584376,0.9356432000058703,91,193477.7342748,22.205999994184822,101.60920000635087,10,0,0,4,1,0.0,1,estabilizada,1,1,1,,,,,,,,,,,,,nan,0.5413359798583779,-0.2489338685255869,1.5830027448889545
2026-08-18T06:14:26.024+00:00,1787033666.0249908,193478.0398694,1.1170750000164844,97,193477.9316422,12.923399975989014,95.27610000804998,1,0,0,4,1,0.0,1,estabilizada,1,1,1,,,,,,,,,,,,,nan,0.5413337584019178,-0.24893546201601718,1.583004409311
2026-08-18T06:14:26.024+00:00,1787033666.0249908,193478.0399188,1.1171244000142906,97,193477.9316422,12.923399975989014,95.27610000804998,2,1,1,4,1,0.0,1,estabilizada,1,1,1,465.75,522.25,0.20069514214992523,0.4445946514606476,0.22006178148608663,0.4051647485205369,0.20720053148608664,0.39372024852053694,-2.6369145674802827,0.20690237958450564,0.3921707607986974,-2.6371241607037192,0.0,0.5413337584019178,-0.24893546201601718,1.583004409311
2026-08-18T06:14:26.024+00:00,1787033666.0249908,193478.0399311,1.1171367000206374,97,193477.9316422,12.923399975989014,95.27610000804998,3,1,1,4,1,0.0,1,estabilizada,1,1,1,446.5,275.25,0.13954459130764008,0.8914356231689453,0.16238787893576745,0.826601061077411,0.14952662893576746,0.8151565610774111,0.02519487943924688,0.1490695412592779,0.8151162126252619,0.0268260146521367,0.0,0.5413337584019178,-0.24893546201601718,1.583004409311
2026-08-18T06:14:26.024+00:00,1787033666.0249908,193478.0399493,1.117154900013702,97,193477.9316422,12.923399975989014,95.27610000804998,10,0,0,4,1,0.0,1,estabilizada,1,1,1,,,,,,,,,,,,,nan,0.5413337584019178,-0.24893546201601718,1.583004409311
2026-08-18T06:14:26.178+00:00,1787033666.1784885,193478.194605,1.2718106000102125,102,193478.0985813,13.795100006973371,82.18480000505224,1,0,0,4,1,0.0,1,estabilizada,1,1,1,,,,,,,,,,,,,nan,0.5413283072849997,-0.24894037416593634,1.5830038814947962
2026-08-18T06:14:26.178+00:00,1787033666.1784885,193478.1946604,1.2718660000246018,102,193478.0985813,13.795100006973371,82.18480000505224,2,1,1,4,1,0.0,1,estabilizada,1,1,1,462.0,522.5,0.1951632797718048,0.4443419277667999,0.21484412379271062,0.4049261007411406,0.20198287379271063,0.39348160074114064,-2.831177767362089,0.20690237958450564,0.3921707607986974,-2.667702370807367,0.0,0.5413283072849997,-0.24894037416593634,1.5830038814947962
2026-08-18T06:14:26.178+00:00,1787033666.1784885,193478.1946732,1.271878800005652,102,193478.0985813,13.795100006973371,82.18480000505224,3,1,1,4,1,0.0,1,estabilizada,1,1,1,446.75,275.25,0.13996529579162598,0.8914345502853394,0.16278436241342975,0.8265997482988148,0.14992311241342976,0.8151552482988148,0.02402452416768734,0.1490695412592779,0.8151162126252619,0.0268260146521367,0.0,0.5413283072849997,-0.24894037416593634,1.5830038814947962
2026-08-18T06:14:26.178+00:00,1787033666.1784885,193478.1946845,1.2718901000043843,102,193478.0985813,13.795100006973371,82.18480000505224,10,0,0,4,1,0.0,1,estabilizada,1,1,1,,,,,,,,,,,,,nan,0.5413283072849997,-0.24894037416593634,1.5830038814947962
2026-08-18T06:14:26.335+00:00,1787033666.3350554,193478.3494953,1.4267009000177495,107,193478.2650735,2.34390000696294,82.0160000002943,1,0,0,4,1,0.0,1,estabilizada,1,1,1,,,,,,,,,,,,,nan,0.5413218377445115,-0.2489434574860362,1.5830048110312769
2026-08-18T06:14:26.335+00:00,1787033666.3350554,193478.3495621,1.4267677000025287,107,193478.2650735,2.34390000696294,82.0160000002943,2,1,1,4,1,0.0,1,estabilizada,1,1,1,459.1658020019531,522.7022705078125,0.190987229347229,0.444130003452301,0.21090511875352497,0.40472607299689445,0.19804386875352498,0.3932815729968945,-3.037596563277192,0.20690237958450564,0.3921707607986974,-2.699212368354032,0.0,0.5413218377445115,-0.2489434574860362,1.5830048110312769
2026-08-18T06:14:26.335+00:00,1787033666.3350554,193478.3495785,1.426784100010991,107,193478.2650735,2.34390000696294,82.0160000002943,3,1,1,4,1,0.0,1,estabilizada,1,1,1,446.75,275.25,0.13997380435466766,0.8914391994476318,0.16279200601354582,0.8266039959101473,0.14993075601354583,0.8151594959101474,0.024020016381467616,0.1490695412592779,0.8151162126252619,0.0268260146521367,0.0,0.5413218377445115,-0.2489434574860362,1.5830048110312769
2026-08-18T06:14:26.335+00:00,1787033666.3350554,193478.3495954,1.4268010000232607,107,193478.2650735,2.34390000696294,82.0160000002943,10,0,0,4,1,0.0,1,estabilizada,1,1,1,,,,,,,,,,,,,nan,0.5413218377445115,-0.2489434574860362,1.5830048110312769
2026-08-18T06:14:26.490+00:00,1787033666.4909806,193478.5062444,1.5834500000055414,111,193478.40188,18.651300022611395,85.69109998643398,1,0,0,4,1,0.0,1,estabilizada,1,1,1,,,,,,,,,,,,,nan,0.5413129131649992,-0.24894597842134017,1.5830058400061155
2026-08-18T06:14:26.491+00:00,1787033666.4919808,193478.5062911,1.5834967000118922,111,193478.40188,18.651300022611395,85.69109998643398,2,1,1,4,1,0.0,1,estabilizada,1,1,1,458.75,521.25,0.1902153193950653,0.44650527834892273,0.21017657452168698,0.4069661866238524,0.19731532452168699,0.39552168662385245,3.113953177969249,0.2049409569646878,0.3924610027099086,-2.9466069448306187,0.0,0.5413129131649992,-0.24894597842134017,1.5830058400061155
2026-08-18T06:14:26.491+00:00,1787033666.4919808,193478.5063097,1.5835153000080027,111,193478.40188,18.651300022611395,85.69109998643398,3,1,1,4,1,0.0,1,estabilizada,1,1,1,447.0,275.0,0.14035825431346893,0.8919408917427063,0.16315407627739698,0.8270770638781373,0.15029282627739698,0.8156325638781373,0.061441082526030893,0.1490695412592779,0.8151162126252619,0.0268260146521367,0.0,0.5413129131649992,-0.24894597842134017,1.5830058400061155
2026-08-18T06:14:26.491+00:00,1787033666.4919808,193478.5063405,1.5835461000096984,111,193478.40188,18.651300022611395,85.69109998643398,10,0,0,4,1,0.0,1,estabilizada,1,1,1,,,,,,,,,,,,,nan,0.5413129131649992,-0.24894597842134017,1.5830058400061155
2026-08-18T06:14:26.644+00:00,1787033666.64447,193478.6594576,1.7366632000193931,116,193478.5638764,10.9770999988541,84.57830001134425,1,0,0,4,1,0.0,1,estabilizada,1,1,1,,,,,,,,,,,,,nan,0.5413063401177566,-0.24895109185430425,1.5830048711890743
2026-08-18T06:14:26.644+00:00,1787033666.64447,193478.6594989,1.7367045000137296,116,193478.5638764,10.9770999988541,84.57830001134425,2,1,1,4,1,0.0,1,estabilizada,1,1,1,459.5,518.25,0.19100193679332733,0.451354056596756,0.2109181081665189,0.4115389780030608,0.1980568581665189,0.4000944780030608,2.82179285687092,0.20331834083344638,0.39401015022654023,3.023450790093955,0.0,0.5413063401177566,-0.24895109185430425,1.5830048711890743
2026-08-18T06:14:26.644+00:00,1787033666.64447,193478.6595108,1.7367164000170305,116,193478.5638764,10.9770999988541,84.57830001134425,3,1,1,4,1,0.0,1,estabilizada,1,1,1,446.75,275.25,0.13999125361442566,0.8914483189582825,0.16280758124718236,0.8266121653613339,0.14994633124718237,0.8151676653613339,0.02401321550044428,0.1490695412592779,0.8151162126252619,0.0268260146521367,0.0,0.5413063401177566,-0.24895109185430425,1.5830048711890743
2026-08-18T06:14:26.644+00:00,1787033666.64447,193478.659523,1.7367286000226159,116,193478.5638764,10.9770999988541,84.57830001134425,10,0,0,4,1,0.0,1,estabilizada,1,1,1,,,,,,,,,,,,,nan,0.5413063401177566,-0.24895109185430425,1.5830048711890743
2026-08-18T06:14:26.790+00:00,1787033666.7902153,193478.8052947,1.8825003000092693,120,193478.7013969,21.928400004981086,81.9476000033319,1,0,0,4,1,0.0,1,estabilizada,1,1,1,,,,,,,,,,,,,nan,0.5413035040944215,-0.24895576114035575,1.5830053772215793
2026-08-18T06:14:26.790+00:00,1787033666.7902153,193478.8053273,1.882532900024671,120,193478.7013969,21.928400004981086,81.9476000033319,2,1,1,4,1,0.0,1,estabilizada,1,1,1,458.25,518.0,0.1891225427389145,0.45181360840797424,0.20914539735336157,0.41197214977057783,0.19628414735336158,0.40052764977057786,2.6646392899189224,0.20217553396699445,0.3953316810574709,2.856841759187192,0.0,0.5413035040944215,-0.24895576114035575,1.5830053772215793
2026-08-18T06:14:26.790+00:00,1787033666.7902153,193478.8053393,1.8825448999996297,120,193478.7013969,21.928400004981086,81.9476000033319,3,1,1,4,1,0.0,1,estabilizada,1,1,1,446.75,275.0,0.13996319472789764,0.8919560313224792,0.1627809490847303,0.8270907675658404,0.1499196990847303,0.8156462675658405,0.06143281481701301,0.1490695412592779,0.8151162126252619,0.0268260146521367,0.0,0.5413035040944215,-0.24895576114035575,1.5830053772215793
2026-08-18T06:14:26.790+00:00,1787033666.7902153,193478.8053513,1.8825569000036921,120,193478.7013969,21.928400004981086,81.9476000033319,10,0,0,4,1,0.0,1,estabilizada,1,1,1,,,,,,,,,,,,,nan,0.5413035040944215,-0.24895576114035575,1.5830053772215793
2026-08-18T06:14:26.932+00:00,1787033666.9320495,193478.946402,2.023607600014657,124,193478.8376289,27.93850001762621,80.8002999983728,1,0,0,4,1,0.0,1,estabilizada,1,1,1,,,,,,,,,,,,,nan,0.5412926720188237,-0.24895926975241578,1.5830069515890963
2026-08-18T06:14:26.932+00:00,1787033666.9320495,193478.9464748,2.023680400016019,124,193478.8376289,27.93850001762621,80.8002999983728,2,1,1,4,1,0.0,1,estabilizada,1,1,1,459.0,515.5,0.1899649202823639,0.45586007833480835,0.20993924675297115,0.4157884025508375,0.19707799675297116,0.4043439025508375,2.564608764548125,0.20217553396699445,0.3953316810574709,2.774978236035554,0.0,0.5412926720188237,-0.24895926975241578,1.5830069515890963
2026-08-18T06:14:26.932+00:00,1787033666.9320495,193478.9465112,2.0237168000021484,124,193478.8376289,27.93850001762621,80.8002999983728,3,1,1,4,1,0.0,1,estabilizada,1,1,1,446.75,275.0,0.1399725079536438,0.8919607996940613,0.16278909427981786,0.8270951298704984,0.14992784427981787,0.8156506298704984,0.06142811083856931,0.1490695412592779,0.8151162126252619,0.035753813341935684,0.0,0.5412926720188237,-0.24895926975241578,1.5830069515890963
2026-08-18T06:14:26.932+00:00,1787033666.9320495,193478.9465253,2.0237309000222012,124,193478.8376289,27.93850001762621,80.8002999983728,10,0,0,4,1,0.0,1,estabilizada,1,1,1,,,,,,,,,,,,,nan,0.5412926720188237,-0.24895926975241578,1.5830069515890963
2026-08-18T06:14:27.088+00:00,1787033667.0885866,193479.1036064,2.1808120000059716,129,193478.998062,18.05330000934191,87.46939999400638,1,0,0,4,1,0.0,1,estabilizada,1,1,1,,,,,,,,,,,,,nan,0.5412845125278354,-0.248963501091206,1.5830078587888003
2026-08-18T06:14:27.088+00:00,1787033667.0885866,193479.1036472,2.1808528000256047,129,193478.998062,18.05330000934191,87.46939999400638,2,1,1,4,1,0.0,1,estabilizada,1,1,1,459.25,513.0,0.1900649070739746,0.4599347710609436,0.2100330735712862,0.41963121593992914,0.1971718235712862,0.40818671593992917,2.2433266421181615,0.19950933439257956,0.4006290571090341,2.5273512160621503,0.0,0.5412845125278354,-0.248963501091206,1.5830078587888003
2026-08-18T06:14:27.088+00:00,1787033667.0885866,193479.1036599,2.1808655000058934,129,193478.998062,18.05330000934191,87.46939999400638,3,1,1,4,1,0.0,1,estabilizada,1,1,1,446.75,275.25,0.14001864194869995,0.891462504863739,0.16283212840842853,0.8266249615969125,0.14997087840842854,0.8151804615969125,0.024000829422624947,0.1490695412592779,0.8151162126252619,0.035753813341935684,0.0,0.5412845125278354,-0.248963501091206,1.5830078587888003
2026-08-18T06:14:27.088+00:00,1787033667.0885866,193479.1036721,2.1808777000114787,129,193478.998062,18.05330000934191,87.46939999400638,10,0,0,4,1,0.0,1,estabilizada,1,1,1,,,,,,,,,,,,,nan,0.5412845125278354,-0.248963501091206,1.5830078587888003
2026-08-18T06:14:27.239+00:00,1787033667.239116,193479.2538818,2.3310874000017066,134,193479.1653872,4.592700017383322,83.87750000110827,1,0,0,4,1,0.0,1,estabilizada,1,1,1,,,,,,,,,,,,,nan,0.5412806045725522,-0.2489678346433305,1.5830096757832028
2026-08-18T06:14:27.239+00:00,1787033667.239116,193479.2539229,2.331128500023624,134,193479.1653872,4.592700017383322,83.87750000110827,2,1,1,4,1,0.0,1,estabilizada,1,1,1,459.0,510.75,0.1894480288028717,0.46362870931625366,0.20945102202753718,0.4231149399202251,0.1965897720275372,0.4116704399202251,2.1082190373949268,0.19885193589093117,0.4029839452634577,2.2844019781074323,0.0,0.5412806045725522,-0.2489678346433305,1.5830096757832028
2026-08-18T06:14:27.239+00:00,1787033667.239116,193479.2539346,2.331140200025402,134,193479.1653872,4.592700017383322,83.87750000110827,3,1,1,4,1,0.0,1,estabilizada,1,1,1,446.75,275.25,0.14002858102321625,0.8914675712585449,0.1628412540421435,0.8266295679908847,0.1499800040421435,0.8151850679908847,0.023996331739333573,0.1490695412592779,0.8151162126252619,0.035753813341935684,0.0,0.5412806045725522,-0.2489678346433305,1.5830096757832028
2026-08-18T06:14:27.239+00:00,1787033667.239116,193479.2539441,2.331149700010428,134,193479.1653872,4.592700017383322,83.87750000110827,10,0,0,4,1,0.0,1,estabilizada,1,1,1,,,,,,,,,,,,,nan,0.5412806045725522,-0.2489678346433305,1.5830096757832028
2026-08-18T06:14:27.388+00:00,1787033667.3882332,193479.4030451,2.480250700027682,138,193479.2973702,19.823200011160225,85.82919999025762,1,0,0,4,1,0.0,1,estabilizada,1,1,1,,,,,,,,,,,,,nan,0.5412842775111978,-0.2489730676636233,1.5830121979662426
2026-08-18T06:14:27.388+00:00,1787033667.3882332,193479.4030849,2.4802905000105966,138,193479.2973702,19.823200011160225,85.82919999025762,2,1,1,4,1,0.0,1,estabilizada,1,1,1,457.75,508.75,0.1873665452003479,0.46695923805236816,0.20748805528656128,0.42625588301996853,0.1946268052865613,0.41481138301996856,2.0319224595992686,0.19835083259442454,0.4049081343896435,2.247183251975544,0.0,0.5412842775111978,-0.2489730676636233,1.5830121979662426
2026-08-18T06:14:27.388+00:00,1787033667.3882332,193479.403097,2.4803026000154205,138,193479.2973702,19.823200011160225,85.82919999025762,3,1,1,4,1,0.0,1,estabilizada,1,1,1,446.75,275.25,0.1400386542081833,0.8914732933044434,0.16285092700283765,0.8266347705065824,0.14998967700283766,0.8151902705065824,0.02399074324210669,0.1490695412592779,0.8151162126252619,0.035753813341935684,0.0,0.5412842775111978,-0.2489730676636233,1.5830121979662426
2026-08-18T06:14:27.388+00:00,1787033667.3882332,193479.4031092,2.480314800021006,138,193479.2973702,19.823200011160225,85.82919999025762,10,0,0,4,1,0.0,1,estabilizada,1,1,1,,,,,,,,,,,,,nan,0.5412842775111978,-0.2489730676636233,1.5830121979662426
2026-08-18T06:14:27.537+00:00,1787033667.537115,193479.5514041,2.6286097000120208,143,193479.4651616,7.007699983660132,79.21080000232905,1,0,0,4,1,0.0,1,estabilizada,1,1,1,,,,,,,,,,,,,nan,0.5412936459448882,-0.24897386921221337,1.5830192474832048
2026-08-18T06:14:27.537+00:00,1787033667.537115,193479.5514504,2.628656000015326,143,193479.4651616,7.007699983660132,79.21080000232905,2,1,1,4,1,0.0,1,estabilizada,1,1,1,457.75,506.5,0.18711934983730316,0.47065675258636475,0.20725535683807772,0.42974331703285346,0.19439410683807773,0.4182988170328535,1.913792829310255,0.19647934999578215,0.41148058358920536,2.0737152095324096,0.0,0.5412936459448882,-0.24897386921221337,1.5830192474832048
2026-08-18T06:14:27.537+00:00,1787033667.537115,193479.5514648,2.6286704000085592,143,193479.4651616,7.007699983660132,79.21080000232905,3,1,1,4,1,0.0,1,estabilizada,1,1,1,446.75,275.25,0.1400483250617981,0.8914787173271179,0.16286047907501788,0.8266401293240186,0.1499992290750179,0.8151956293240187,0.02398515153472784,0.1490695412592779,0.8151162126252619,0.035753813341935684,0.0,0.5412936459448882,-0.24897386921221337,1.5830192474832048
2026-08-18T06:14:27.537+00:00,1787033667.537115,193479.551476,2.62868160000653,143,193479.4651616,7.007699983660132,79.21080000232905,10,0,0,4,1,0.0,1,estabilizada,1,1,1,,,,,,,,,,,,,nan,0.5412936459448882,-0.24897386921221337,1.5830192474832048
2026-08-18T06:14:27.687+00:00,1787033667.6870167,193479.7021406,2.779346200026339,146,193479.5654161,45.86310000740923,90.82280000438914,1,0,0,4,1,0.0,1,estabilizada,1,1,1,,,,,,,,,,,,,nan,0.5413012804626537,-0.24897099923576002,1.5830295409242132
2026-08-18T06:14:27.687+00:00,1787033667.6870167,193479.7021947,2.7794003000017256,146,193479.5654161,45.86310000740923,90.82280000438914,2,1,1,4,1,0.0,1,estabilizada,1,1,1,457.75,505.25,0.18698473274707794,0.47271525859832764,0.2071286962487221,0.43168521997558185,0.1942674462487221,0.4202407199755819,1.8505554660949488,0.19600225047573458,0.4132258530527727,1.9693456194155312,0.0,0.5413012804626537,-0.24897099923576002,1.5830295409242132
2026-08-18T06:14:27.687+00:00,1787033667.6870167,193479.7022062,2.7794118000019807,146,193479.5654161,45.86310000740923,90.82280000438914,3,1,1,4,1,0.0,1,estabilizada,1,1,1,446.5,275.25,0.13964538276195526,0.8914896249771118,0.16248073097153964,0.8266510016124247,0.14961948097153965,0.8152065016124247,0.02514605469016088,0.1490695412592779,0.8151162126252619,0.035753813341935684,0.0,0.5413012804626537,-0.24897099923576002,1.5830295409242132
2026-08-18T06:14:27.687+00:00,1787033667.6870167,193479.7022165,2.7794221000222024,146,193479.5654161,45.86310000740923,90.82280000438914,10,0,0,4,1,0.0,1,estabilizada,1,1,1,,,,,,,,,,,,,nan,0.5413012804626537,-0.24897099923576002,1.5830295409242132
2026-08-18T06:14:27.835+00:00,1787033667.8356185,193479.8505892,2.9277948000235483,152,193479.7634605,5.049600003985688,82.05660001840442,1,0,0,4,1,0.0,1,estabilizada,1,1,1,,,,,,,,,,,,,nan,0.5413066290818036,-0.24896893138604778,1.583039273492717
2026-08-18T06:14:27.835+00:00,1787033667.8356185,193479.8506224,2.927828000014415,152,193479.7634605,5.049600003985688,82.05660001840442,2,1,1,4,1,0.0,1,estabilizada,1,1,1,458.0,502.5,0.1870540976524353,0.477237731218338,0.2071942978120303,0.4359509477955922,0.1943330478120303,0.4245064477955922,1.7003062789165253,0.19561375886033255,0.41585130804971615,1.8673902164641087,0.0,0.5413066290818036,-0.24896893138604778,1.583039273492717
2026-08-18T06:14:27.835+00:00,1787033667.8356185,193479.8506356,2.927841200027615,152,193479.7634605,5.049600003985688,82.05660001840442,3,1,1,4,1,0.0,1,estabilizada,1,1,1,446.5,275.25,0.13965502381324768,0.891494870185852,0.16248998759428768,0.8266564648094591,0.1496287375942877,0.8152119648094591,0.025139102945675746,0.1490695412592779,0.8151162126252619,0.035753813341935684,0.0,0.5413066290818036,-0.24896893138604778,1.583039273492717
2026-08-18T06:14:27.835+00:00,1787033667.8356185,193479.8506462,2.927851800021017,152,193479.7634605,5.049600003985688,82.05660001840442,10,0,0,4,1,0.0,1,estabilizada,1,1,1,,,,,,,,,,,,,nan,0.5413066290818036,-0.24896893138604778,1.583039273492717
2026-08-18T06:14:27.986+00:00,1787033667.986931,193480.0013579,3.0785635000211187,156,193479.9013635,8.05410000612028,91.87770000426099,1,0,0,4,1,0.0,1,estabilizada,1,1,1,,,,,,,,,,,,,nan,0.541312594631818,-0.24896798479276122,1.5830483708192444
2026-08-18T06:14:27.986+00:00,1787033667.986931,193480.0016858,3.0788914000149816,156,193479.9013635,8.05410000612028,91.87770000426099,2,1,1,4,1,0.0,1,estabilizada,1,1,1,458.5,500.5,0.18758293986320496,0.48052242398262024,0.2076932975225227,0.43904918917817287,0.1948320475225227,0.4276046891781729,1.6457273863965045,0.1952690124084491,0.42004353487687496,1.7546599546226662,0.0,0.541312594631818,-0.24896798479276122,1.5830483708192444
2026-08-18T06:14:27.986+00:00,1787033667.986931,193480.0017635,3.078969100024551,156,193479.9013635,8.05410000612028,91.87770000426099,3,1,1,4,1,0.0,1,estabilizada,1,1,1,447.0,275.25,0.14048951864242554,0.8914891481399536,0.163277247371382,0.8266514944990693,0.150415997371382,0.8152069944990693,0.02396387289634547,0.1490695412592779,0.8151162126252619,0.035753813341935684,0.0,0.541312594631818,-0.24896798479276122,1.5830483708192444
2026-08-18T06:14:27.986+00:00,1787033667.986931,193480.0017909,3.0789965000003576,156,193479.9013635,8.05410000612028,91.87770000426099,10,0,0,4,1,0.0,1,estabilizada,1,1,1,,,,,,,,,,,,,nan,0.541312594631818,-0.24896798479276122,1.5830483708192444
2026-08-18T06:14:28.153+00:00,1787033668.1536946,193480.1681086,3.245314200001303,161,193480.0636534,15.844100009417161,88.57039999566041,1,0,0,4,1,0.0,1,estabilizada,1,1,1,,,,,,,,,,,,,nan,0.541320234294598,-0.24896685951585767,1.5830569621278796
2026-08-18T06:14:28.153+00:00,1787033668.1536946,193480.168148,3.245353600010276,161,193480.0636534,15.844100009417161,88.57039999566041,2,1,1,4,1,0.0,1,estabilizada,1,1,1,461.0,501.0,0.19138836860656738,0.4796038568019867,0.21128270511205233,0.43818313345639853,0.19842145511205234,0.42673863345639856,1.3719913603920535,0.1952690124084491,0.42004353487687496,1.6692981113025172,0.0,0.541320234294598,-0.24896685951585767,1.5830569621278796
2026-08-18T06:14:28.153+00:00,1787033668.1536946,193480.1681797,3.2453853000188246,161,193480.0636534,15.844100009417161,88.57039999566041,3,1,1,4,1,0.0,1,estabilizada,1,1,1,446.75,275.0,0.14005047082901,0.8920039534568787,0.1628634709773809,0.8271374479399083,0.15000222097738092,0.8156929479399083,0.06137889374467953,0.1490695412592779,0.8151162126252619,0.035753813341935684,0.0,0.541320234294598,-0.24896685951585767,1.5830569621278796
2026-08-18T06:14:28.153+00:00,1787033668.1536946,193480.168193,3.245398600003682,161,193480.0636534,15.844100009417161,88.57039999566041,10,0,0,4,1,0.0,1,estabilizada,1,1,1,,,,,,,,,,,,,nan,0.541320234294598,-0.24896685951585767,1.5830569621278796
2026-08-18T06:14:28.311+00:00,1787033668.3119698,193480.3267226,3.403928200015798,165,193480.2051346,29.57730001071468,91.98229998582974,1,0,0,4,1,0.0,1,estabilizada,1,1,1,,,,,,,,,,,,,nan,0.541328437492594,-0.24896641754716003,1.5830640879984328
2026-08-18T06:14:28.311+00:00,1787033668.3119698,193480.3269074,3.4041130000259727,165,193480.2051346,29.57730001071468,91.98229998582974,2,1,1,4,1,0.0,1,estabilizada,1,1,1,461.75,502.0,0.19262932240962982,0.4779287874698639,0.21245348530700575,0.43660350635995787,0.19959223530700576,0.4251590063599579,1.3091523883331486,0.1952690124084491,0.42004353487687496,1.5312405019232909,0.0,0.541328437492594,-0.24896641754716003,1.5830640879984328
2026-08-18T06:14:28.311+00:00,1787033668.3119698,193480.3269457,3.4041513000265695,165,193480.2051346,29.57730001071468,91.98229998582974,3,1,1,4,1,0.0,1,estabilizada,1,1,1,446.75,275.0,0.14006082713603973,0.8920102119445801,0.16287360218783892,0.8271436677327841,0.15001235218783893,0.8156991677327842,0.061370811408544515,0.1490695412592779,0.8151162126252619,0.035753813341935684,0.0,0.541328437492594,-0.24896641754716003,1.5830640879984328
2026-08-18T06:14:28.311+00:00,1787033668.3119698,193480.3269609,3.4041665000258945,165,193480.2051346,29.57730001071468,91.98229998582974,10,0,0,4,1,0.0,1,estabilizada,1,1,1,,,,,,,,,,,,,nan,0.541328437492594,-0.24896641754716003,1.5830640879984328
2026-08-18T06:14:28.490+00:00,1787033668.4919934,193480.5062258,3.583431400009431,170,193480.3672094,35.20169999683276,103.78840001067147,1,0,0,4,1,0.0,1,estabilizada,1,1,1,,,,,,,,,,,,,nan,0.541338678158875,-0.2489661670770725,1.583071218078806
2026-08-18T06:14:28.491+00:00,1787033668.4919934,193480.5062722,3.5834778000134975,170,193480.3672094,35.20169999683276,103.78840001067147,2,1,1,4,1,0.0,1,estabilizada,1,1,1,461.25,503.0,0.1919996738433838,0.47630420327186584,0.21186012612710986,0.43507148260461725,0.19899887612710987,0.4236269826046173,1.1414551738123433,0.1952690124084491,0.42004353487687496,1.385251219728817,0.0,0.541338678158875,-0.2489661670770725,1.583071218078806
2026-08-18T06:14:28.491+00:00,1787033668.4919934,193480.5062868,3.5834924000082538,170,193480.3672094,35.20169999683276,103.78840001067147,3,1,1,4,1,0.0,1,estabilizada,1,1,1,446.75,275.0,0.14007127285003662,0.8920170068740845,0.16288393349686653,0.8271503827557926,0.15002268349686654,0.8157058827557926,0.061362712441152815,0.1490695412592779,0.8151162126252619,0.035753813341935684,0.0,0.541338678158875,-0.2489661670770725,1.583071218078806
2026-08-18T06:14:28.491+00:00,1787033668.4919934,193480.5062996,3.5835052000184078,170,193480.3672094,35.20169999683276,103.78840001067147,10,0,0,4,1,0.0,1,estabilizada,1,1,1,,,,,,,,,,,,,nan,0.541338678158875,-0.2489661670770725,1.583071218078806
2026-08-18T06:14:28.672+00:00,1787033668.6720052,193480.6869232,3.7641288000158966,176,193480.565832,17.087900021579117,103.9759999839589,1,0,0,4,1,0.0,1,estabilizada,1,1,1,,,,,,,,,,,,,nan,0.5413537495700288,-0.2489665462392662,1.5830791940583373
2026-08-18T06:14:28.672+00:00,1787033668.6720052,193480.6869707,3.764176299999235,176,193480.565832,17.087900021579117,103.9759999839589,2,1,1,4,1,0.0,1,estabilizada,1,1,1,460.75,505.25,0.1915096491575241,0.4726237952709198,0.21139871671352484,0.4316004965126117,0.19853746671352485,0.4201559965126117,1.0533771905226172,0.1952690124084491,0.42004353487687496,1.2951624603447829,0.0,0.5413537495700288,-0.2489665462392662,1.5830791940583373
2026-08-18T06:14:28.672+00:00,1787033668.6720052,193480.6869827,3.7641883000032976,176,193480.565832,17.087900021579117,103.9759999839589,3,1,1,4,1,0.0,1,estabilizada,1,1,1,447.0,275.0,0.1404941976070404,0.8920185565948486,0.16328355635300562,0.8271521496327178,0.15042230635300563,0.8157076496327178,0.06135571196931712,0.1490695412592779,0.8151162126252619,0.035753813341935684,0.0,0.5413537495700288,-0.2489665462392662,1.5830791940583373
2026-08-18T06:14:28.672+00:00,1787033668.6720052,193480.6869921,3.764197700016666,176,193480.565832,17.087900021579117,103.9759999839589,10,0,0,4,1,0.0,1,estabilizada,1,1,1,,,,,,,,,,,,,nan,0.5413537495700288,-0.2489665462392662,1.5830791940583373
2026-08-18T06:14:28.834+00:00,1787033668.8342361,193480.8487898,3.9259954000008292,181,193480.7334111,21.580300002824515,93.73699998832308,1,0,0,4,1,0.0,1,estabilizada,1,1,1,,,,,,,,,,,,,nan,0.5413651245015316,-0.24896479634948201,1.5830878199101626
2026-08-18T06:14:28.834+00:00,1787033668.8342361,193480.8488909,3.926096500013955,181,193480.7334111,21.580300002824515,93.73699998832308,2,1,1,4,1,0.0,1,estabilizada,1,1,1,460.25,507.0,0.19096516072750092,0.46977144479751587,0.21088572125676602,0.428910627798178,0.19802447125676603,0.41746612779817804,0.9715329531962975,0.1952690124084491,0.42004353487687496,1.192776789487314,0.0,0.5413651245015316,-0.24896479634948201,1.5830878199101626
2026-08-18T06:14:28.834+00:00,1787033668.8342361,193480.8489058,3.9261114000109956,181,193480.7334111,21.580300002824515,93.73699998832308,3,1,1,4,1,0.0,1,estabilizada,1,1,1,447.0,275.0,0.14050522446632385,0.8920255899429321,0.16329447882696696,0.8271592360522525,0.15043322882696697,0.8157147360522525,0.06134649811640257,0.1490695412592779,0.8151162126252619,0.035753813341935684,0.0,0.5413651245015316,-0.24896479634948201,1.5830878199101626
2026-08-18T06:14:28.834+00:00,1787033668.8342361,193480.8489214,3.9261270000133663,181,193480.7334111,21.580300002824515,93.73699998832308,10,0,0,4,1,0.0,1,estabilizada,1,1,1,,,,,,,,,,,,,nan,0.5413651245015316,-0.24896479634948201,1.5830878199101626
2026-08-18T06:14:29.009+00:00,1787033669.0097451,193481.024672,4.101877600012813,186,193480.9065536,13.724499993259087,104.20169998542406,1,0,0,4,1,0.0,1,estabilizada,1,1,1,,,,,,,,,,,,,nan,0.5413724576825028,-0.24896727250730444,1.5830918111031511
2026-08-18T06:14:29.009+00:00,1787033669.0097451,193481.0248815,4.1020871000073384,186,193480.9065536,13.724499993259087,104.20169998542406,2,1,1,4,1,0.0,1,estabilizada,1,1,1,459.25,508.25,0.1896192878484726,0.46776312589645386,0.2096167289716141,0.42701644563197283,0.1967554789716141,0.41557194563197286,0.8213609150195025,0.1952690124084491,0.42004353487687496,1.1080982967147883,0.0,0.5413724576825028,-0.24896727250730444,1.5830918111031511
2026-08-18T06:14:29.009+00:00,1787033669.0097451,193481.0249024,4.102108000020962,186,193480.9065536,13.724499993259087,104.20169998542406,3,1,1,4,1,0.0,1,estabilizada,1,1,1,447.0,275.25,0.14055272936820984,0.891529381275177,0.16333964248043736,0.8266912599984981,0.15047839248043737,0.8152467599984982,0.023917001019958944,0.1490695412592779,0.8151162126252619,0.035753813341935684,0.0,0.5413724576825028,-0.24896727250730444,1.5830918111031511
2026-08-18T06:14:29.009+00:00,1787033669.0097451,193481.024927,4.102132600004552,186,193480.9065536,13.724499993259087,104.20169998542406,10,0,0,4,1,0.0,1,estabilizada,1,1,1,,,,,,,,,,,,,nan,0.5413724576825028,-0.24896727250730444,1.5830918111031511
2026-08-18T06:14:29.181+00:00,1787033669.1817536,193481.1960469,4.273252500017406,191,193481.064394,31.448900001123548,100.0701000157278,1,0,0,4,1,0.0,1,estabilizada,1,1,1,,,,,,,,,,,,,nan,0.5413780217550852,-0.2489673591357946,1.5830969304042237
2026-08-18T06:14:29.181+00:00,1787033669.1817536,193481.1962918,4.273497400019551,191,193481.064394,31.448900001123548,100.0701000157278,2,1,1,4,1,0.0,1,estabilizada,1,1,1,459.0,509.25,0.1893654763698578,0.4661370515823364,0.20937759848077686,0.4254829414463269,0.19651634848077687,0.41403844144632695,0.75674707390688,0.1952690124084491,0.42004353487687496,0.9709734598154558,0.0,0.5413780217550852,-0.2489673591357946,1.5830969304042237
2026-08-18T06:14:29.181+00:00,1787033669.1817536,193481.1964875,4.273693100025412,191,193481.064394,31.448900001123548,100.0701000157278,3,1,1,4,1,0.0,1,estabilizada,1,1,1,447.0,275.25,0.14056368172168732,0.8915356397628784,0.1633502148203239,0.8266973674312712,0.15048896482032392,0.8152528674312712,0.0239092057361044,0.1490695412592779,0.8151162126252619,0.035753813341935684,0.0,0.5413780217550852,-0.2489673591357946,1.5830969304042237
2026-08-18T06:14:29.181+00:00,1787033669.1817536,193481.1965401,4.27374570001848,191,193481.064394,31.448900001123548,100.0701000157278,10,0,0,4,1,0.0,1,estabilizada,1,1,1,,,,,,,,,,,,,nan,0.5413780217550852,-0.2489673591357946,1.5830969304042237
2026-08-18T06:14:29.346+00:00,1787033669.3460312,193481.3604233,4.437628900021082,197,193481.2652094,4.233399988152087,90.9549999923911,1,0,0,4,1,0.0,1,estabilizada,1,1,1,,,,,,,,,,,,,nan,0.5413807854191505,-0.24896561108589466,1.5831024759120556
2026-08-18T06:14:29.346+00:00,1787033669.3460312,193481.3604794,4.437685000011697,197,193481.2652094,4.233399988152087,90.9549999923911,2,1,1,4,1,0.0,1,estabilizada,1,1,1,458.0,511.25,0.1881057173013687,0.4629037082195282,0.20818954422626995,0.4224336567147593,0.19532829422626996,0.41098915671475933,0.6104592316615136,0.19528215806675406,0.41804191629412274,0.8434035891902391,0.0,0.5413807854191505,-0.24896561108589466,1.5831024759120556
2026-08-18T06:14:29.346+00:00,1787033669.3460312,193481.3605113,4.437716900021769,197,193481.2652094,4.233399988152087,90.9549999923911,3,1,1,4,1,0.0,1,estabilizada,1,1,1,446.75,275.25,0.14016202092170715,0.891546905040741,0.16297146589081218,0.8267083187753377,0.1501102158908122,0.8152638187753377,0.023900316520405866,0.1490695412592779,0.8151162126252619,0.035753813341935684,0.0,0.5413807854191505,-0.24896561108589466,1.5831024759120556
2026-08-18T06:14:29.346+00:00,1787033669.3460312,193481.3605216,4.437727200012887,197,193481.2652094,4.233399988152087,90.9549999923911,10,0,0,4,1,0.0,1,estabilizada,1,1,1,,,,,,,,,,,,,nan,0.5413807854191505,-0.24896561108589466,1.5831024759120556
2026-08-18T06:14:29.493+00:00,1787033669.4939053,193481.5081184,4.585324000014225,201,193481.3963206,31.423699983861297,80.33360002445988,1,0,0,4,1,0.0,1,estabilizada,1,1,1,,,,,,,,,,,,,nan,0.5413827199575163,-0.24896036201586988,1.5831101805116297
2026-08-18T06:14:29.493+00:00,1787033669.4939053,193481.5081659,4.5853715000266675,201,193481.3963206,31.423699983861297,80.33360002445988,2,1,1,4,1,0.0,1,estabilizada,1,1,1,458.75,511.5,0.18925857543945312,0.46246856451034546,0.2092768744793745,0.42202374634445716,0.1964156244793745,0.4105792463444572,0.4875084906676506,0.19528215806675406,0.41804191629412274,0.7146475403915401,0.0,0.5413827199575163,-0.24896036201586988,1.5831101805116297
2026-08-18T06:14:29.493+00:00,1787033669.4939053,193481.5081815,4.585387099999934,201,193481.3963206,31.423699983861297,80.33360002445988,3,1,1,4,1,0.0,1,estabilizada,1,1,1,446.75,275.25,0.1401728093624115,0.8915519118309021,0.16298163997828802,0.8267136548922495,0.15012038997828803,0.8152691548922495,0.02389141764785758,0.1490695412592779,0.8151162126252619,0.035753813341935684,0.0,0.5413827199575163,-0.24896036201586988,1.5831101805116297
2026-08-18T06:14:29.493+00:00,1787033669.4939053,193481.5081941,4.585399700008566,201,193481.3963206,31.423699983861297,80.33360002445988,10,0,0,4,1,0.0,1,estabilizada,1,1,1,,,,,,,,,,,,,nan,0.5413827199575163,-0.24896036201586988,1.5831101805116297
2026-08-18T06:14:29.640+00:00,1787033669.640322,193481.6545568,4.731762400013395,206,193481.5634276,8.422400016570464,82.67439997871406,1,0,0,4,1,0.0,1,estabilizada,1,1,1,,,,,,,,,,,,,nan,0.5413889750399953,-0.24895588028041415,1.5831168635904362
2026-08-18T06:14:29.640+00:00,1787033669.640322,193481.6546703,4.731875900004525,206,193481.5634276,8.422400016570464,82.67439997871406,2,1,1,4,1,0.0,1,estabilizada,1,1,1,460.5,512.5,0.19198434054851532,0.4607674777507782,0.21184795126952943,0.42041979168170207,0.19898670126952944,0.4089752916817021,0.3582147637712608,0.19554130529124084,0.41624291526590784,0.5783887743137028,0.0,0.5413889750399953,-0.24895588028041415,1.5831168635904362
2026-08-18T06:14:29.640+00:00,1787033669.640322,193481.6546851,4.731890700000804,206,193481.5634276,8.422400016570464,82.67439997871406,3,1,1,4,1,0.0,1,estabilizada,1,1,1,447.25,274.75,0.14093491435050964,0.8925517201423645,0.1637006787049583,0.8276571527223382,0.1508394287049583,0.8162126527223382,0.025125057588158313,0.1490695412592779,0.8151162126252619,0.035753813341935684,0.0,0.5413889750399953,-0.24895588028041415,1.5831168635904362
2026-08-18T06:14:29.640+00:00,1787033669.640322,193481.6546974,4.731903000007151,206,193481.5634276,8.422400016570464,82.67439997871406,10,0,0,4,1,0.0,1,estabilizada,1,1,1,,,,,,,,,,,,,nan,0.5413889750399953,-0.24895588028041415,1.5831168635904362
2026-08-18T06:14:29.791+00:00,1787033669.7919264,193481.8066061,4.883811700012302,210,193481.6990393,27.019200002541766,80.51410000189207,1,0,0,4,1,0.0,1,estabilizada,1,1,1,,,,,,,,,,,,,nan,0.541391883380671,-0.24895283433353296,1.583121884281924
2026-08-18T06:14:29.791+00:00,1787033669.7919264,193481.8066524,4.883858000015607,210,193481.6990393,27.019200002541766,80.51410000189207,2,1,1,4,1,0.0,1,estabilizada,1,1,1,460.4802551269531,513.2761840820312,0.1920475959777832,0.4595029354095459,0.21190771298988614,0.41922743930913164,0.19904646298988615,0.4077829393091317,0.22273437221463038,0.19554130529124084,0.41624291526590784,0.5361584405622525,0.0,0.541391883380671,-0.24895283433353296,1.583121884281924
2026-08-18T06:14:29.791+00:00,1787033669.7919264,193481.8066646,4.883870200021192,210,193481.6990393,27.019200002541766,80.51410000189207,3,1,1,4,1,0.0,1,estabilizada,1,1,1,446.75,275.25,0.14019358158111572,0.8915618658065796,0.16300158361839273,0.826723950272888,0.15014033361839274,0.8152794502728881,0.023875876666994564,0.1490695412592779,0.8151162126252619,0.035753813341935684,0.0,0.541391883380671,-0.24895283433353296,1.583121884281924
2026-08-18T06:14:29.791+00:00,1787033669.7919264,193481.8066746,4.883880200010026,210,193481.6990393,27.019200002541766,80.51410000189207,10,0,0,4,1,0.0,1,estabilizada,1,1,1,,,,,,,,,,,,,nan,0.541391883380671,-0.24895283433353296,1.583121884281924
2026-08-18T06:14:29.933+00:00,1787033669.9332597,193481.9484422,5.025647800008301,214,193481.8339843,32.56449999753386,81.87039999756962,1,0,0,4,1,0.0,1,estabilizada,1,1,1,,,,,,,,,,,,,nan,0.5413930293204935,-0.24895027588839108,1.5831258114504434
2026-08-18T06:14:29.934+00:00,1787033669.9342656,193481.9484801,5.025685700005852,214,193481.8339843,32.56449999753386,81.87039999756962,2,1,1,4,1,0.0,1,estabilizada,1,1,1,461.75,513.25,0.19394299387931824,0.45949897170066833,0.2136953742419731,0.41922394629090703,0.2008341242419731,0.40777944629090707,0.15897459892480226,0.19628964068563795,0.41466439715202824,0.3976409396976257,0.0,0.5413930293204935,-0.24895027588839108,1.5831258114504434
2026-08-18T06:14:29.934+00:00,1787033669.9342656,193481.9484925,5.02569810001296,214,193481.8339843,32.56449999753386,81.87039999756962,3,1,1,4,1,0.0,1,estabilizada,1,1,1,447.0,275.25,0.14061667025089264,0.8915606737136841,0.1634006284526841,0.826723132236078,0.15053937845268411,0.815278632236078,0.023867030201551502,0.1490695412592779,0.8151162126252619,0.035753813341935684,0.0,0.5413930293204935,-0.24895027588839108,1.5831258114504434
2026-08-18T06:14:29.934+00:00,1787033669.9342656,193481.9485032,5.0257088000071235,214,193481.8339843,32.56449999753386,81.87039999756962,10,0,0,4,1,0.0,1,estabilizada,1,1,1,,,,,,,,,,,,,nan,0.5413930293204935,-0.24895027588839108,1.5831258114504434
2026-08-18T06:14:30.080+00:00,1787033670.080366,193482.0958406,5.1730462000123225,219,193481.9989511,9.635200025513768,87.23019997705705,1,0,0,4,1,0.0,1,estabilizada,1,1,1,,,,,,,,,,,,,nan,0.5413971590666156,-0.24894561686364078,1.5831332422426647
2026-08-18T06:14:30.080+00:00,1787033670.080366,193482.0958815,5.173087100003613,219,193481.9989511,9.635200025513768,87.23019997705705,2,1,1,4,1,0.0,1,estabilizada,1,1,1,463.3216552734375,514.0201416015625,0.19637496769428253,0.4581810534000397,0.21598923413437177,0.41798140461142796,0.20312798413437178,0.406536904611428,0.011113240429293118,0.19721255587644376,0.41316754615553336,0.3023399105985768,0.0,0.5413971590666156,-0.24894561686364078,1.5831332422426647
2026-08-18T06:14:30.080+00:00,1787033670.080366,193482.0958936,5.173099200008437,219,193481.9989511,9.635200025513768,87.23019997705705,3,1,1,4,1,0.0,1,estabilizada,1,1,1,446.75,275.25,0.14021460711956024,0.8915705680847168,0.1630215501561973,0.8267330333109897,0.1501603001561973,0.8152885333109897,0.023858141526049172,0.1490695412592779,0.8151162126252619,0.035753813341935684,0.0,0.5413971590666156,-0.24894561686364078,1.5831332422426647
2026-08-18T06:14:30.080+00:00,1787033670.080366,193482.0959058,5.173111400014022,219,193481.9989511,9.635200025513768,87.23019997705705,10,0,0,4,1,0.0,1,estabilizada,1,1,1,,,,,,,,,,,,,nan,0.5413971590666156,-0.24894561686364078,1.5831332422426647
2026-08-18T06:14:30.227+00:00,1787033670.2274895,193482.2423638,5.319569400016917,223,193482.1324126,26.97099998476915,82.95499999076128,1,0,0,4,1,0.0,1,estabilizada,1,1,1,,,,,,,,,,,,,nan,0.5413980412646308,-0.24894006775508545,1.5831410923725167
2026-08-18T06:14:30.227+00:00,1787033670.2274895,193482.2424038,5.3196094000013545,223,193482.1324126,26.97099998476915,82.95499999076128,2,1,1,4,1,0.0,1,estabilizada,1,1,1,469.0,514.25,0.20486512780189514,0.45758241415023804,0.22399668995865546,0.41741731220333145,0.21113543995865547,0.4059728122033315,0.005726521581162222,0.2036518288537357,0.40916089451975785,0.1376927297756539,0.0,0.5413980412646308,-0.24894006775508545,1.5831410923725167
2026-08-18T06:14:30.227+00:00,1787033670.2274895,193482.2424155,5.319621100003133,223,193482.1324126,26.97099998476915,82.95499999076128,3,1,1,4,1,0.0,1,estabilizada,1,1,1,446.75,275.25,0.14022476971149445,0.8915739059448242,0.1630310720769229,0.826736818380402,0.15016982207692292,0.8152923183804021,0.023849226949900718,0.1490695412592779,0.8151162126252619,0.035753813341935684,0.0,0.5413980412646308,-0.24894006775508545,1.5831410923725167
2026-08-18T06:14:30.227+00:00,1787033670.2274895,193482.2424256,5.319631200021831,223,193482.1324126,26.97099998476915,82.95499999076128,10,0,0,4,1,0.0,1,estabilizada,1,1,1,,,,,,,,,,,,,nan,0.5413980412646308,-0.24894006775508545,1.5831410923725167
2026-08-18T06:14:30.382+00:00,1787033670.3825073,193482.3967387,5.473944299999857,228,193482.2989931,11.716899985913187,86.00560002378188,1,0,0,4,1,0.0,1,estabilizada,1,1,1,,,,,,,,,,,,,nan,0.5414003586277363,-0.24893550070646586,1.5831487626450604
2026-08-18T06:14:30.382+00:00,1787033670.3825073,193482.3967924,5.473998000001302,228,193482.2989931,11.716899985913187,86.00560002378188,2,1,1,4,1,0.0,1,estabilizada,1,1,1,477.0,514.5,0.2168205827474594,0.456857830286026,0.23527253149573646,0.41673437424188564,0.22241128149573647,0.4052898742418857,0.0690412297386266,0.20974299496065943,0.40764978733606594,0.08151840779286337,0.0,0.5414003586277363,-0.24893550070646586,1.5831487626450604
2026-08-18T06:14:30.382+00:00,1787033670.3825073,193482.3968041,5.47400970000308,228,193482.2989931,11.716899985913187,86.00560002378188,3,1,1,4,1,0.0,1,estabilizada,1,1,1,447.0,275.25,0.14064684510231018,0.8915711045265198,0.16342917426070697,0.8267347499823817,0.15056792426070698,0.8152902499823818,0.02384029950694085,0.1490695412592779,0.8151162126252619,0.035753813341935684,0.0,0.5414003586277363,-0.24893550070646586,1.5831487626450604
2026-08-18T06:14:30.382+00:00,1787033670.3825073,193482.3968189,5.474024499999359,228,193482.2989931,11.716899985913187,86.00560002378188,10,0,0,4,1,0.0,1,estabilizada,1,1,1,,,,,,,,,,,,,nan,0.5414003586277363,-0.24893550070646586,1.5831487626450604
2026-08-18T06:14:30.532+00:00,1787033670.532414,193482.5474558,5.6246614000119735,232,193482.4307192,33.44279999146238,83.2698000012897,1,0,0,4,1,0.0,1,estabilizada,1,1,1,,,,,,,,,,,,,nan,0.5414060889515521,-0.24893064365325182,1.583157837565894
2026-08-18T06:14:30.532+00:00,1787033670.532414,193482.547497,5.6247026000055484,232,193482.4307192,33.44279999146238,83.2698000012897,2,1,1,4,1,0.0,1,estabilizada,1,1,1,484.75,515.25,0.22845664620399475,0.455325722694397,0.24624732327924115,0.41528987063511025,0.23338607327924116,0.4038453706351103,0.18075652597670064,0.22239135744657235,0.406012260854148,0.08151840779286337,0.0,0.5414060889515521,-0.24893064365325182,1.583157837565894
2026-08-18T06:14:30.532+00:00,1787033670.532414,193482.547509,5.624714600009611,232,193482.4307192,33.44279999146238,83.2698000012897,3,1,1,4,1,0.0,1,estabilizada,1,1,1,447.0,275.25,0.14065606892108917,0.891573965549469,0.16343806888781104,0.8267380961291072,0.15057681888781105,0.8152935961291072,0.02383134946279482,0.1490695412592779,0.8151162126252619,0.035753813341935684,0.0,0.5414060889515521,-0.24893064365325182,1.583157837565894
2026-08-18T06:14:30.532+00:00,1787033670.532414,193482.5475195,5.624725100002252,232,193482.4307192,33.44279999146238,83.2698000012897,10,0,0,4,1,0.0,1,estabilizada,1,1,1,,,,,,,,,,,,,nan,0.5414060889515521,-0.24893064365325182,1.583157837565894
2026-08-18T06:14:30.690+00:00,1787033670.690281,193482.7047451,5.7819507000094745,237,193482.5978297,19.54059998388402,87.34900000854395,1,0,0,4,1,0.0,1,estabilizada,1,1,1,,,,,,,,,,,,,nan,0.5414105604916116,-0.2489237805933544,1.5831686917184804
2026-08-18T06:14:30.690+00:00,1787033670.690281,193482.7047875,5.781993100012187,237,193482.5978297,19.54059998388402,87.34900000854395,2,1,1,4,1,0.0,1,estabilizada,1,1,1,492.5,513.5,0.23986701667308807,0.45787808299064636,0.2570091690448664,0.41769779894680825,0.24414791904486643,0.4062532989468083,0.12356023280154543,0.23115131131632444,0.4055279716926692,0.09100573077156836,0.0,0.5414105604916116,-0.2489237805933544,1.5831686917184804
2026-08-18T06:14:30.690+00:00,1787033670.690281,193482.7047993,5.7820049000147264,237,193482.5978297,19.54059998388402,87.34900000854395,3,1,1,4,1,0.0,1,estabilizada,1,1,1,447.0,275.25,0.1406652331352234,0.8915762305259705,0.16344681014008777,0.8267410670101221,0.15058556014008778,0.8152965670101221,0.023821286138547587,0.1490695412592779,0.8151162126252619,0.035753813341935684,0.0,0.5414105604916116,-0.2489237805933544,1.5831686917184804
2026-08-18T06:14:30.690+00:00,1787033670.690281,193482.7048094,5.782015000004321,237,193482.5978297,19.54059998388402,87.34900000854395,10,0,0,4,1,0.0,1,estabilizada,1,1,1,,,,,,,,,,,,,nan,0.5414105604916116,-0.2489237805933544,1.5831686917184804
2026-08-18T06:14:30.844+00:00,1787033670.844464,193482.8586775,5.935883099999046,242,193482.7632232,7.45689999894239,87.97530000447296,1,0,0,4,1,0.0,1,estabilizada,1,1,1,,,,,,,,,,,,,nan,0.5414163727024153,-0.24891590072912023,1.5831798379968482
2026-08-18T06:14:30.844+00:00,1787033670.844464,193482.8587218,5.935927400016226,242,193482.7632232,7.45689999894239,87.97530000447296,2,1,1,4,1,0.0,1,estabilizada,1,1,1,498.75,513.25,0.24918876588344574,0.4580395221710205,0.26580120875473984,0.4178507915328658,0.25293995875473985,0.40640629153286584,0.16339364513380267,0.24079090560418304,0.40577888016159536,0.10954752046066417,0.0,0.5414163727024153,-0.24891590072912023,1.5831798379968482
2026-08-18T06:14:30.844+00:00,1787033670.844464,193482.8587353,5.935940900002606,242,193482.7632232,7.45689999894239,87.97530000447296,3,1,1,4,1,0.0,1,estabilizada,1,1,1,447.0,275.25,0.14067402482032776,0.8915786147117615,0.16345527205691596,0.8267442200800357,0.15059402205691597,0.8152997200800357,0.02381343687942153,0.1490695412592779,0.8151162126252619,0.035753813341935684,0.0,0.5414163727024153,-0.24891590072912023,1.5831798379968482
2026-08-18T06:14:30.844+00:00,1787033670.844464,193482.858747,5.935952600004384,242,193482.7632232,7.45689999894239,87.97530000447296,10,0,0,4,1,0.0,1,estabilizada,1,1,1,,,,,,,,,,,,,nan,0.5414163727024153,-0.24891590072912023,1.5831798379968482
2026-08-18T06:14:30.999+00:00,1787033670.9995806,193483.01433,6.0915356000186875,246,193482.902249,25.000199995702133,87.05360000021756,1,0,0,4,1,0.0,1,estabilizada,1,1,1,,,,,,,,,,,,,nan,0.5414246091832282,-0.24890803807622572,1.5831907606936109
2026-08-18T06:14:30.999+00:00,1787033670.9995806,193483.0145291,6.091734700021334,246,193482.902249,25.000199995702133,87.05360000021756,2,1,1,4,1,0.0,1,estabilizada,1,1,1,503.5,512.75,0.2562539279460907,0.45867034792900085,0.2724650895752163,0.41844648083633873,0.2596038395752163,0.40700198083633876,0.2009858753343247,0.24924227634628382,0.40606819300683256,0.14163738265333015,0.0,0.5414246091832282,-0.24890803807622572,1.5831907606936109
2026-08-18T06:14:30.999+00:00,1787033670.9995806,193483.014571,6.091776600020239,246,193482.902249,25.000199995702133,87.05360000021756,3,1,1,4,1,0.0,1,estabilizada,1,1,1,447.0,275.25,0.14068320393562317,0.8915813565254211,0.16346424041443847,0.8267477003024785,0.15060299041443848,0.8153032003024785,0.023804503564360074,0.1490695412592779,0.8151162126252619,0.035753813341935684,0.0,0.5414246091832282,-0.24890803807622572,1.5831907606936109
2026-08-18T06:14:30.999+00:00,1787033670.9995806,193483.0145888,6.091794400010258,246,193482.902249,25.000199995702133,87.05360000021756,10,0,0,4,1,0.0,1,estabilizada,1,1,1,,,,,,,,,,,,,nan,0.5414246091832282,-0.24890803807622572,1.5831907606936109
2026-08-18T06:14:31.152+00:00,1787033671.152522,193483.1668967,6.244102299999213,251,193483.0667625,14.575699984561652,85.53229999961331,1,0,0,4,1,0.0,1,estabilizada,1,1,1,,,,,,,,,,,,,nan,0.5414337197007598,-0.24889719639622676,1.5832040354688481
2026-08-18T06:14:31.152+00:00,1787033671.152522,193483.1669382,6.244143800024176,251,193483.0667625,14.575699984561652,85.53229999961331,2,1,1,4,1,0.0,1,estabilizada,1,1,1,511.25,511.25,0.26773515343666077,0.46082139015197754,0.2832940267163604,0.42047619688671234,0.2704327767163604,0.40903169688671237,0.24826441812734842,0.25171341790861673,0.4061897555210956,0.15401004815419708,0.0,0.5414337197007598,-0.24889719639622676,1.5832040354688481
2026-08-18T06:14:31.152+00:00,1787033671.152522,193483.1669505,6.244156100001419,251,193483.0667625,14.575699984561652,85.53229999961331,3,1,1,4,1,0.0,1,estabilizada,1,1,1,447.0,275.25,0.14069192111492157,0.8915839195251465,0.1634727889403656,0.826751277532463,0.1506115389403656,0.8153067775324631,0.023795547688077436,0.1490695412592779,0.8151162126252619,0.035753813341935684,0.0,0.5414337197007598,-0.24889719639622676,1.5832040354688481
2026-08-18T06:14:31.152+00:00,1787033671.152522,193483.1669605,6.244166100019356,251,193483.0667625,14.575699984561652,85.53229999961331,10,0,0,4,1,0.0,1,estabilizada,1,1,1,,,,,,,,,,,,,nan,0.5414337197007598,-0.24889719639622676,1.5832040354688481
2026-08-18T06:14:31.302+00:00,1787033671.3022318,193483.3169642,6.394169800012605,256,193483.2299047,5.515600001672283,81.45419997163117,1,0,0,4,1,0.0,1,estabilizada,1,1,1,,,,,,,,,,,,,nan,0.5414427371752886,-0.24889156212944233,1.5832130969795972
2026-08-18T06:14:31.302+00:00,1787033671.3022318,193483.3170107,6.394216300017433,256,193483.2299047,5.515600001672283,81.45419997163117,2,1,1,4,1,0.0,1,estabilizada,1,1,1,517.25,509.75,0.2766151428222656,0.4630463421344757,0.2916696440370691,0.4225752195130221,0.2788083940370691,0.41113071951302216,0.21841647918565915,0.25796262818327087,0.40705765216576684,0.17549265564544642,0.0,0.5414427371752886,-0.24889156212944233,1.5832130969795972
2026-08-18T06:14:31.302+00:00,1787033671.3022318,193483.3171562,6.3943618000193965,256,193483.2299047,5.515600001672283,81.45419997163117,3,1,1,4,1,0.0,1,estabilizada,1,1,1,447.0,275.25,0.14070084691047668,0.8915871977806091,0.16348158956138076,0.8267550607879808,0.15062033956138077,0.8153105607879808,0.023786621173143205,0.1490695412592779,0.8151162126252619,0.035753813341935684,0.0,0.5414427371752886,-0.24889156212944233,1.5832130969795972
2026-08-18T06:14:31.302+00:00,1787033671.3022318,193483.3171979,6.394403500016779,256,193483.2299047,5.515600001672283,81.45419997163117,10,0,0,4,1,0.0,1,estabilizada,1,1,1,,,,,,,,,,,,,nan,0.5414427371752886,-0.24889156212944233,1.5832130969795972
2026-08-18T06:14:31.454+00:00,1787033671.4540079,193483.4690459,6.546251500025392,260,193483.3650347,19.682800018927082,84.30459999362938,1,0,0,4,1,0.0,1,estabilizada,1,1,1,,,,,,,,,,,,,nan,0.5414501685195073,-0.24889110108934018,1.583218516333956
2026-08-18T06:14:31.454+00:00,1787033671.4540079,193483.4690857,6.546291300008306,260,193483.3650347,19.682800018927082,84.30459999362938,2,1,1,4,1,0.0,1,estabilizada,1,1,1,521.75,509.0,0.2833147346973419,0.464101642370224,0.29798876030044724,0.4235706946524389,0.28512751030044725,0.41212619465243894,0.22536975935321454,0.2676602872802052,0.4086898852586598,0.194356687342808,0.0,0.5414501685195073,-0.24889110108934018,1.583218516333956
2026-08-18T06:14:31.454+00:00,1787033671.4540079,193483.469116,6.546321600006195,260,193483.3650347,19.682800018927082,84.30459999362938,3,1,1,4,1,0.0,1,estabilizada,1,1,1,446.75,275.25,0.14029762148857117,0.8915964961051941,0.16310163044899234,0.8267640786665789,0.15024038044899235,0.8153195786665789,0.023777714259107352,0.1490695412592779,0.8151162126252619,0.035753813341935684,0.0,0.5414501685195073,-0.24889110108934018,1.583218516333956
2026-08-18T06:14:31.454+00:00,1787033671.4540079,193483.4691265,6.5463320999988355,260,193483.3650347,19.682800018927082,84.30459999362938,10,0,0,4,1,0.0,1,estabilizada,1,1,1,,,,,,,,,,,,,nan,0.5414501685195073,-0.24889110108934018,1.583218516333956
2026-08-18T06:14:31.601+00:00,1787033671.601858,193483.6167873,6.69399290002184,265,193483.5315141,2.287000010255724,82.96109997900203,1,0,0,4,1,0.0,1,estabilizada,1,1,1,,,,,,,,,,,,,nan,0.5414566756458161,-0.24888960243264943,1.583224431564699
2026-08-18T06:14:31.601+00:00,1787033671.601858,193483.6168299,6.694035500026075,265,193483.5315141,2.287000010255724,82.96109997900203,2,1,1,4,1,0.0,1,estabilizada,1,1,1,528.25,507.75,0.2929888069629669,0.46590131521224976,0.3071132151868572,0.42526829988891834,0.2942519651868572,0.4138237998889184,0.1884365803181997,0.2805490994274781,0.4107551881141618,0.194356687342808,0.0,0.5414566756458161,-0.24888960243264943,1.583224431564699
2026-08-18T06:14:31.601+00:00,1787033671.601858,193483.6169435,6.694149100017967,265,193483.5315141,2.287000010255724,82.96109997900203,3,1,1,4,1,0.0,1,estabilizada,1,1,1,446.75,275.25,0.14030611515045166,0.8915995955467224,0.1631099259840817,0.8267673293362392,0.1502486759840817,0.8153228293362392,0.02377100174687406,0.1490695412592779,0.8151162126252619,0.035753813341935684,0.0,0.5414566756458161,-0.24888960243264943,1.583224431564699
2026-08-18T06:14:31.601+00:00,1787033671.601858,193483.6169644,6.694170000002487,265,193483.5315141,2.287000010255724,82.96109997900203,10,0,0,4,1,0.0,1,estabilizada,1,1,1,,,,,,,,,,,,,nan,0.5414566756458161,-0.24888960243264943,1.583224431564699
2026-08-18T06:14:31.754+00:00,1787033671.7547607,193483.7698851,6.84709070000099,269,193483.6639296,23.6360999988392,82.29489999939688,1,0,0,4,1,0.0,1,estabilizada,1,1,1,,,,,,,,,,,,,nan,0.5414600108149206,-0.2488922902351192,1.583226702102979
2026-08-18T06:14:31.755+00:00,1787033671.7557614,193483.7699331,6.84713870001724,269,193483.6639296,23.6360999988392,82.29489999939688,2,1,1,4,1,0.0,1,estabilizada,1,1,1,533.5,507.75,0.30088117718696594,0.4656948447227478,0.31455710559175837,0.42507347188916544,0.3016958555917584,0.4136289718891655,0.21182813865095368,0.2902904003755718,0.4125692655733968,0.194356687342808,0.0,0.5414600108149206,-0.2488922902351192,1.583226702102979
2026-08-18T06:14:31.755+00:00,1787033671.7557614,193483.7699474,6.847153000009712,269,193483.6639296,23.6360999988392,82.29489999939688,3,1,1,4,1,0.0,1,estabilizada,1,1,1,447.0,275.25,0.1407272070646286,0.8915969133377075,0.1635072374226439,0.8267647397865578,0.1506459874226439,0.8153202397865579,0.023764321731879503,0.1490695412592779,0.8151162126252619,0.035753813341935684,0.0,0.5414600108149206,-0.2488922902351192,1.583226702102979
2026-08-18T06:14:31.755+00:00,1787033671.7557614,193483.7699606,6.847166200022912,269,193483.6639296,23.6360999988392,82.29489999939688,10,0,0,4,1,0.0,1,estabilizada,1,1,1,,,,,,,,,,,,,nan,0.5414600108149206,-0.2488922902351192,1.583226702102979
2026-08-18T06:14:31.901+00:00,1787033671.9019232,193483.9166254,6.993830999999773,274,193483.830181,3.1765000021550804,83.24569999240339,1,0,0,4,1,0.0,1,estabilizada,1,1,1,,,,,,,,,,,,,nan,0.5414596492720537,-0.24889445351842668,1.5832291846308881
2026-08-18T06:14:31.901+00:00,1787033671.9019232,193483.9166572,6.993862800009083,274,193483.830181,3.1765000021550804,83.24569999240339,2,1,1,4,1,0.0,1,estabilizada,1,1,1,540.0,507.5,0.31064075231552124,0.4658500850200653,0.32376184743412284,0.42521982814196124,0.31090059743412285,0.4137753281419613,0.15312912436905435,0.29503951141812745,0.41306581858113006,0.194356687342808,0.0,0.5414596492720537,-0.24889445351842668,1.5832291846308881
2026-08-18T06:14:31.901+00:00,1787033671.9019232,193483.9166703,6.993875900021521,274,193483.830181,3.1765000021550804,83.24569999240339,3,1,1,4,1,0.0,1,estabilizada,1,1,1,446.75,275.25,0.14032350480556488,0.8916058540344238,0.1631264276877633,0.8267731509260062,0.15026517768776332,0.8153286509260063,0.023757638551815827,0.1490695412592779,0.8151162126252619,0.035753813341935684,0.0,0.5414596492720537,-0.24889445351842668,1.5832291846308881
2026-08-18T06:14:31.901+00:00,1787033671.9019232,193483.9166825,6.993888100027107,274,193483.830181,3.1765000021550804,83.24569999240339,10,0,0,4,1,0.0,1,estabilizada,1,1,1,,,,,,,,,,,,,nan,0.5414596492720537,-0.24889445351842668,1.5832291846308881
2026-08-18T06:14:32.068+00:00,1787033672.0681753,193484.0825077,7.1597133000032045,278,193483.9640691,24.58579998346977,93.82619999814779,1,0,0,4,1,0.0,1,estabilizada,1,1,1,,,,,,,,,,,,,nan,0.541459241816076,-0.24889943415581492,1.5832284347754377
2026-08-18T06:14:32.068+00:00,1787033672.0681753,193484.0826368,7.159842400025809,278,193483.9640691,24.58579998346977,93.82619999814779,2,1,1,4,1,0.0,1,estabilizada,1,1,1,544.5,505.75,0.3173113167285919,0.4685574471950531,0.3300532008526823,0.42777298558276733,0.3171919508526823,0.41632848558276736,0.18827259186578096,0.2990592004199901,0.41324563021417415,0.194356687342808,0.0,0.541459241816076,-0.24889943415581492,1.5832284347754377
2026-08-18T06:14:32.068+00:00,1787033672.0681753,193484.082659,7.159864600020228,278,193483.9640691,24.58579998346977,93.82619999814779,3,1,1,4,1,0.0,1,estabilizada,1,1,1,447.0,275.25,0.14074477553367615,0.891603410243988,0.16352373855206792,0.8267705322199513,0.15066248855206793,0.8153260322199514,0.023749890720736497,0.1490695412592779,0.8151162126252619,0.035753813341935684,0.0,0.541459241816076,-0.24889943415581492,1.5832284347754377
2026-08-18T06:14:32.068+00:00,1787033672.0681753,193484.0826727,7.159878300008131,278,193483.9640691,24.58579998346977,93.82619999814779,10,0,0,4,1,0.0,1,estabilizada,1,1,1,,,,,,,,,,,,,nan,0.541459241816076,-0.24889943415581492,1.5832284347754377
2026-08-18T06:14:32.211+00:00,1787033672.2117605,193484.2263359,7.30354150000494,283,193484.134068,9.47769999038428,82.76739998837002,1,0,0,4,1,0.0,1,estabilizada,1,1,1,,,,,,,,,,,,,nan,0.541460571854025,-0.24890532619172495,1.5832267004842877
2026-08-18T06:14:32.211+00:00,1787033672.2117605,193484.2263713,7.303576900012558,283,193484.134068,9.47769999038428,82.76739998837002,2,1,1,4,1,0.0,1,estabilizada,1,1,1,551.5,505.5,0.3278428018093109,0.46869486570358276,0.33998610339596524,0.42790221279366,0.32712485339596525,0.41645771279366,0.13670652134186173,0.30183981180929365,0.41337001453210026,0.194356687342808,0.0,0.541460571854025,-0.24890532619172495,1.5832267004842877
2026-08-18T06:14:32.211+00:00,1787033672.2117605,193484.2263831,7.303588700015098,283,193484.134068,9.47769999038428,82.76739998837002,3,1,1,4,1,0.0,1,estabilizada,1,1,1,447.0,275.25,0.14075319468975067,0.8916070461273193,0.16353177967303406,0.8267735554608746,0.15067052967303407,0.8153290554608746,0.023743253016779913,0.1490695412592779,0.8151162126252619,0.035753813341935684,0.0,0.541460571854025,-0.24890532619172495,1.5832267004842877
2026-08-18T06:14:32.211+00:00,1787033672.2117605,193484.2263948,7.303600400016876,283,193484.134068,9.47769999038428,82.76739998837002,10,0,0,4,1,0.0,1,estabilizada,1,1,1,,,,,,,,,,,,,nan,0.541460571854025,-0.24890532619172495,1.5832267004842877
2026-08-18T06:14:32.377+00:00,1787033672.3779442,193484.3924314,7.469637000001967,288,193484.2967358,1.9002000044565648,93.68730001733638,1,0,0,4,1,0.0,1,estabilizada,1,1,1,,,,,,,,,,,,,nan,0.5414615577925744,-0.24891120057900198,1.5832237580847446
2026-08-18T06:14:32.377+00:00,1787033672.3779442,193484.3926215,7.4698271000233945,288,193484.2967358,1.9002000044565648,93.68730001733638,2,1,1,4,1,0.0,1,estabilizada,1,1,1,558.25,505.0,0.3379937410354614,0.46925562620162964,0.3495600805466198,0.4284306865301538,0.3366988305466198,0.41698618653015385,0.12764901489459107,0.3117003768514163,0.4147711225514864,0.1848056468670323,0.0,0.5414615577925744,-0.24891120057900198,1.5832237580847446
2026-08-18T06:14:32.377+00:00,1787033672.3779442,193484.3926374,7.469842999998946,288,193484.2967358,1.9002000044565648,93.68730001733638,3,1,1,4,1,0.0,1,estabilizada,1,1,1,447.0,275.25,0.1407618522644043,0.8916110992431641,0.1635400434792465,0.8267769237453373,0.1506787934792465,0.8153324237453373,0.0237388128033446,0.1490695412592779,0.8151162126252619,0.035753813341935684,0.0,0.5414615577925744,-0.24891120057900198,1.5832237580847446
2026-08-18T06:14:32.377+00:00,1787033672.3779442,193484.392652,7.469857600022806,288,193484.2967358,1.9002000044565648,93.68730001733638,10,0,0,4,1,0.0,1,estabilizada,1,1,1,,,,,,,,,,,,,nan,0.5414615577925744,-0.24891120057900198,1.5832237580847446
2026-08-18T06:14:32.554+00:00,1787033672.5540543,193484.5687983,7.646003900008509,293,193484.4651746,4.860000015469268,98.63220000988804,1,0,0,4,1,0.0,1,estabilizada,1,1,1,,,,,,,,,,,,,nan,0.541465798496595,-0.248919046156567,1.5832208867617965
2026-08-18T06:14:32.554+00:00,1787033672.5540543,193484.5689532,7.646158800023841,293,193484.4651746,4.860000015469268,98.63220000988804,2,1,1,4,1,0.0,1,estabilizada,1,1,1,562.75,504.75,0.34477293491363525,0.4694933593273163,0.3559541654484809,0.4286543854139576,0.3430929154484809,0.41720988541395765,0.12756806630475442,0.32875714185400595,0.416049790100603,0.1502894669698887,0.0,0.541465798496595,-0.248919046156567,1.5832208867617965
2026-08-18T06:14:32.554+00:00,1787033672.5540543,193484.5689885,7.646194100001594,293,193484.4651746,4.860000015469268,98.63220000988804,3,1,1,4,1,0.0,1,estabilizada,1,1,1,447.0,275.25,0.14077068865299225,0.8916158080101013,0.16354865993132978,0.8267808012632226,0.15068740993132979,0.8153363012632227,0.023732197839506315,0.1490695412592779,0.8151162126252619,0.035753813341935684,0.0,0.541465798496595,-0.248919046156567,1.5832208867617965
2026-08-18T06:14:32.554+00:00,1787033672.5540543,193484.5690016,7.646207200014032,293,193484.4651746,4.860000015469268,98.63220000988804,10,0,0,4,1,0.0,1,estabilizada,1,1,1,,,,,,,,,,,,,nan,0.541465798496595,-0.248919046156567,1.5832208867617965
2026-08-18T06:14:32.723+00:00,1787033672.7234316,193484.7381654,7.815371000004234,298,193484.6294548,9.959800023352727,98.7260999972932,1,0,0,4,1,0.0,1,estabilizada,1,1,1,,,,,,,,,,,,,nan,0.5414698912420884,-0.2489261715455477,1.5832187465036776
2026-08-18T06:14:32.723+00:00,1787033672.7234316,193484.7382101,7.8154157000244595,298,193484.6294548,9.959800023352727,98.7260999972932,2,1,1,4,1,0.0,1,estabilizada,1,1,1,569.5,504.25,0.35494083166122437,0.47005563974380493,0.36554430348048556,0.4291842420554303,0.35268305348048556,0.41773974205543035,0.004388025553641437,0.3352436782885322,0.416539703849947,0.11878511273573561,0.0,0.5414698912420884,-0.2489261715455477,1.5832187465036776
2026-08-18T06:14:32.723+00:00,1787033672.7234316,193484.7382222,7.81542780000018,298,193484.6294548,9.959800023352727,98.7260999972932,3,1,1,4,1,0.0,1,estabilizada,1,1,1,447.0,275.25,0.14077948033809662,0.8916210532188416,0.16355721529165096,0.8267852556037099,0.15069596529165097,0.8153407556037099,0.02372667030072234,0.1490695412592779,0.8151162126252619,0.035753813341935684,0.0,0.5414698912420884,-0.2489261715455477,1.5832187465036776
2026-08-18T06:14:32.723+00:00,1787033672.7234316,193484.7382362,7.815441800019471,298,193484.6294548,9.959800023352727,98.7260999972932,10,0,0,4,1,0.0,1,estabilizada,1,1,1,,,,,,,,,,,,,nan,0.5414698912420884,-0.2489261715455477,1.5832187465036776
2026-08-18T06:14:32.890+00:00,1787033672.8907578,193484.9058521,7.983057700010249,303,193484.7974681,13.232600002083927,95.12640000320971,1,0,0,4,1,0.0,1,estabilizada,1,1,1,,,,,,,,,,,,,nan,0.5414750755051588,-0.24893452134322047,1.5832164366277974
2026-08-18T06:14:32.890+00:00,1787033672.8907578,193484.9058942,7.983099800010677,303,193484.7974681,13.232600002083927,95.12640000320971,2,1,1,4,1,0.0,1,estabilizada,1,1,1,575.5,504.5,0.36401546001434326,0.4694083631038666,0.3741033829443199,0.42857322641343254,0.3612421329443199,0.41712872641343257,0.0970021112731867,0.3397904136916172,0.4167144313393233,0.10719565676215125,0.0,0.5414750755051588,-0.24893452134322047,1.5832164366277974
2026-08-18T06:14:32.890+00:00,1787033672.8907578,193484.9059068,7.9831124000193086,303,193484.7974681,13.232600002083927,95.12640000320971,3,1,1,4,1,0.0,1,estabilizada,1,1,1,446.5,275.5,0.13999991118907928,0.8911353945732117,0.1628222897044318,0.8263266356071745,0.1499610397044318,0.8148821356071745,-0.013541983072402675,0.1490695412592779,0.8151162126252619,0.035753813341935684,0.0,0.5414750755051588,-0.24893452134322047,1.5832164366277974
2026-08-18T06:14:32.890+00:00,1787033672.8907578,193484.9059193,7.983124900027178,303,193484.7974681,13.232600002083927,95.12640000320971,10,0,0,4,1,0.0,1,estabilizada,1,1,1,,,,,,,,,,,,,nan,0.5414750755051588,-0.24893452134322047,1.5832164366277974
2026-08-18T06:14:33.072+00:00,1787033673.0722222,193485.0867395,8.163945100008277,308,193484.9634468,8.457700023427606,114.80759998084977,1,0,0,4,1,0.0,1,estabilizada,1,1,1,,,,,,,,,,,,,nan,0.5414794695295417,-0.24894057184986415,1.5832144908085901
2026-08-18T06:14:33.072+00:00,1787033673.0722222,193485.0867884,8.163994000002276,308,193484.9634468,8.457700023427606,114.80759998084977,2,1,1,4,1,0.0,1,estabilizada,1,1,1,580.75,504.25,0.3719422221183777,0.4696172773838043,0.3815797995632455,0.4287698705374954,0.3687185495632455,0.4173253705374954,0.035870514928945225,0.34781708261941324,0.4169639518425326,0.08226560031112153,0.0,0.5414794695295417,-0.24894057184986415,1.5832144908085901
2026-08-18T06:14:33.072+00:00,1787033673.0722222,193485.0868044,8.164010000007693,308,193484.9634468,8.457700023427606,114.80759998084977,3,1,1,4,1,0.0,1,estabilizada,1,1,1,446.5,275.25,0.13997198641300201,0.8916439414024353,0.16279623018431388,0.8268058497928267,0.1499349801843139,0.8153613497928267,0.023713421156814418,0.1490695412592779,0.8151162126252619,0.035753813341935684,0.0,0.5414794695295417,-0.24894057184986415,1.5832144908085901
2026-08-18T06:14:33.072+00:00,1787033673.0722222,193485.0868175,8.164023100020131,308,193484.9634468,8.457700023427606,114.80759998084977,10,0,0,4,1,0.0,1,estabilizada,1,1,1,,,,,,,,,,,,,nan,0.5414794695295417,-0.24894057184986415,1.5832144908085901
2026-08-18T06:14:33.229+00:00,1787033673.2299733,193485.2448687,8.322074300027452,313,193485.1329947,27.931799995712936,83.90970001346432,1,0,0,4,1,0.0,1,estabilizada,1,1,1,,,,,,,,,,,,,nan,0.5414813255127294,-0.24894845799829646,1.5832109947933044
2026-08-18T06:14:33.229+00:00,1787033673.2299733,193485.24492,8.322125600010622,313,193485.1329947,27.931799995712936,83.90970001346432,2,1,1,4,1,0.0,1,estabilizada,1,1,1,586.75,504.25,0.3810161054134369,0.46938303112983704,0.39013799116109227,0.428548401864284,0.3772767411610923,0.41710390186428403,0.09687421027779182,0.3626790472806594,0.41704371252657857,0.07315050556983194,0.0,0.5414813255127294,-0.24894845799829646,1.5832109947933044
2026-08-18T06:14:33.229+00:00,1787033673.2299733,193485.2449357,8.322141300013755,313,193485.1329947,27.931799995712936,83.90970001346432,3,1,1,4,1,0.0,1,estabilizada,1,1,1,447.0,275.25,0.1408054679632187,0.8916376233100891,0.16358248713378343,0.8267992993877894,0.15072123713378344,0.8153547993877894,0.023707884029190534,0.1490695412592779,0.8151162126252619,0.035753813341935684,0.0,0.5414813255127294,-0.24894845799829646,1.5832109947933044
2026-08-18T06:14:33.229+00:00,1787033673.2299733,193485.244949,8.322154600027716,313,193485.1329947,27.931799995712936,83.90970001346432,10,0,0,4,1,0.0,1,estabilizada,1,1,1,,,,,,,,,,,,,nan,0.5414813255127294,-0.24894845799829646,1.5832109947933044
2026-08-18T06:14:33.379+00:00,1787033673.3794165,193485.3942908,8.471496400015894,318,193485.3038982,10.731399990618229,79.63639998342842,1,0,0,4,1,0.0,1,estabilizada,1,1,1,,,,,,,,,,,,,nan,0.5414837699660796,-0.2489557543099273,1.583208853884948
2026-08-18T06:14:33.379+00:00,1787033673.3794165,193485.3943322,8.471537800010992,318,193485.3038982,10.731399990618229,79.63639998342842,2,1,1,4,1,0.0,1,estabilizada,1,1,1,592.0,503.5,0.3889387845993042,0.4704190194606781,0.39761044446863913,0.42952502781801927,0.38474919446863914,0.4180805278180193,0.07185121776460966,0.3760229123128348,0.4172152433891747,0.07315050556983194,0.0,0.5414837699660796,-0.2489557543099273,1.583208853884948
2026-08-18T06:14:33.379+00:00,1787033673.3794165,193485.3943516,8.471557200013194,318,193485.3038982,10.731399990618229,79.63639998342842,3,1,1,4,1,0.0,1,estabilizada,1,1,1,446.5,275.25,0.13998864591121674,0.8916546702384949,0.16281226837660978,0.8268148748081833,0.1499510183766098,0.8153703748081833,0.023703421387904686,0.1490695412592779,0.8151162126252619,0.035753813341935684,0.0,0.5414837699660796,-0.2489557543099273,1.583208853884948
2026-08-18T06:14:33.379+00:00,1787033673.3794165,193485.3943715,8.471577100019203,318,193485.3038982,10.731399990618229,79.63639998342842,10,0,0,4,1,0.0,1,estabilizada,1,1,1,,,,,,,,,,,,,nan,0.5414837699660796,-0.2489557543099273,1.583208853884948
2026-08-18T06:14:33.523+00:00,1787033673.5233834,193485.5383755,8.61558110002079,322,193485.4295504,27.987000008579344,80.81849999143742,1,0,0,4,1,0.0,1,estabilizada,1,1,1,,,,,,,,,,,,,nan,0.5414869597125362,-0.2489660710176692,1.583204605588708
2026-08-18T06:14:33.523+00:00,1787033673.5233834,193485.538404,8.615609600004973,322,193485.4295504,27.987000008579344,80.81849999143742,2,1,1,4,1,0.0,1,estabilizada,1,1,1,595.25,504.0,0.3938760459423065,0.46946626901626587,0.4022672432597124,0.42862574191395175,0.3894059932597124,0.4171812419139518,0.12716649730325907,0.37813467506095666,0.4173194318827128,0.07315050556983194,0.0,0.5414869597125362,-0.2489660710176692,1.583204605588708
2026-08-18T06:14:33.523+00:00,1787033673.5233834,193485.5384155,8.615621100005228,322,193485.4295504,27.987000008579344,80.81849999143742,3,1,1,4,1,0.0,1,estabilizada,1,1,1,447.0,275.25,0.14082174003124237,0.8916482925415039,0.1635982463931019,0.8268080992032881,0.1507369963931019,0.8153635992032882,0.02370006231285277,0.1490695412592779,0.8151162126252619,0.035753813341935684,0.0,0.5414869597125362,-0.2489660710176692,1.583204605588708
2026-08-18T06:14:33.523+00:00,1787033673.5233834,193485.5384273,8.615632900007768,322,193485.4295504,27.987000008579344,80.81849999143742,10,0,0,4,1,0.0,1,estabilizada,1,1,1,,,,,,,,,,,,,nan,0.5414869597125362,-0.2489660710176692,1.583204605588708
2026-08-18T06:14:33.672+00:00,1787033673.6721058,193485.686371,8.763576600002125,327,193485.5959674,2.199399983510375,88.17950001684949,1,0,0,4,1,0.0,1,estabilizada,1,1,1,,,,,,,,,,,,,nan,0.541490274999155,-0.24897669457965144,1.583199678462164
2026-08-18T06:14:33.672+00:00,1787033673.6721058,193485.6864142,8.763619800010929,327,193485.5959674,2.199399983510375,88.17950001684949,2,1,1,4,1,0.0,1,estabilizada,1,1,1,598.5,503.25,0.39878183603286743,0.47058260440826416,0.4068943689506619,0.42967788607746127,0.3940331189506619,0.4182333860774613,0.07179341052007418,0.38519750393172,0.41776100946094563,0.07315050556983194,0.0,0.541490274999155,-0.24897669457965144,1.583199678462164
2026-08-18T06:14:33.672+00:00,1787033673.6721058,193485.6864263,8.763631900015753,327,193485.5959674,2.199399983510375,88.17950001684949,3,1,1,4,1,0.0,1,estabilizada,1,1,1,447.0,275.25,0.1408298909664154,0.8916541337966919,0.16360619332012283,0.8268128026933492,0.15074494332012284,0.8153683026933493,0.02369561912374614,0.1490695412592779,0.8151162126252619,0.035753813341935684,0.0,0.541490274999155,-0.24897669457965144,1.583199678462164
2026-08-18T06:14:33.672+00:00,1787033673.6721058,193485.6864388,8.763644400023622,327,193485.5959674,2.199399983510375,88.17950001684949,10,0,0,4,1,0.0,1,estabilizada,1,1,1,,,,,,,,,,,,,nan,0.541490274999155,-0.24897669457965144,1.583199678462164
2026-08-18T06:14:33.823+00:00,1787033673.823154,193485.8382539,8.91545950001455,331,193485.7295552,25.555200001690537,83.11949999188073,1,0,0,4,1,0.0,1,estabilizada,1,1,1,,,,,,,,,,,,,nan,0.5414886946669871,-0.24898601950143395,1.5831950333076572
2026-08-18T06:14:33.823+00:00,1787033673.823154,193485.8382904,8.91549600000144,331,193485.7295552,25.555200001690537,83.11949999188073,2,1,1,4,1,0.0,1,estabilizada,1,1,1,600.75,502.5,0.4021775722503662,0.47173959016799927,0.41009700147653116,0.4307684504754179,0.3972357514765312,0.41932395047541793,0.1003923891193457,0.38724347996307,0.41786406276922117,0.07315050556983194,0.0,0.5414886946669871,-0.24898601950143395,1.5831950333076572
2026-08-18T06:14:33.824+00:00,1787033673.8242054,193485.8383024,8.915508000005502,331,193485.7295552,25.555200001690537,83.11949999188073,3,1,1,4,1,0.0,1,estabilizada,1,1,1,447.0,275.25,0.14083829522132874,0.8916598558425903,0.16361409680704664,0.8268174791162777,0.15075284680704665,0.8153729791162777,0.02369117596399868,0.1490695412592779,0.8151162126252619,0.035753813341935684,0.0,0.5414886946669871,-0.24898601950143395,1.5831950333076572
2026-08-18T06:14:33.824+00:00,1787033673.8242054,193485.8383117,8.91551730001811,331,193485.7295552,25.555200001690537,83.11949999188073,10,0,0,4,1,0.0,1,estabilizada,1,1,1,,,,,,,,,,,,,nan,0.5414886946669871,-0.24898601950143395,1.5831950333076572
2026-08-18T06:14:33.959+00:00,1787033673.9595869,193485.9737235,9.050929100019857,335,193485.8664627,29.945699992822483,77.26970000658184,1,0,0,4,1,0.0,1,estabilizada,1,1,1,,,,,,,,,,,,,nan,0.5414881745302997,-0.24899419445790696,1.5831909660492414
2026-08-18T06:14:33.959+00:00,1787033673.9595869,193485.9737577,9.050963300018338,335,193485.8664627,29.945699992822483,77.26970000658184,2,1,1,4,1,0.0,1,estabilizada,1,1,1,603.0,502.75,0.405597984790802,0.4712405800819397,0.41332296386080913,0.43029723774444295,0.40046171386080914,0.418852737744443,0.09688902418139263,0.3895060448803381,0.4180836974777825,0.07315050556983194,0.0,0.5414881745302997,-0.24899419445790696,1.5831909660492414
2026-08-18T06:14:33.959+00:00,1787033673.9595869,193485.9737734,9.05097900002147,335,193485.8664627,29.945699992822483,77.26970000658184,3,1,1,4,1,0.0,1,estabilizada,1,1,1,447.0,275.25,0.1408466249704361,0.8916659951210022,0.1636219819763996,0.8268226380885387,0.1507607319763996,0.8153781380885388,0.02368781696737863,0.1490695412592779,0.8151162126252619,0.035753813341935684,0.0,0.5414881745302997,-0.24899419445790696,1.5831909660492414
2026-08-18T06:14:33.959+00:00,1787033673.9595869,193485.973787,9.050992600008612,335,193485.8664627,29.945699992822483,77.26970000658184,10,0,0,4,1,0.0,1,estabilizada,1,1,1,,,,,,,,,,,,,nan,0.5414881745302997,-0.24899419445790696,1.5831909660492414
2026-08-18T06:14:34.102+00:00,1787033674.1021552,193486.1167326,9.19393820001278,339,193485.9980809,36.52449999935925,82.10490000783466,1,0,0,4,1,0.0,1,estabilizada,1,1,1,,,,,,,,,,,,,nan,0.5414880567025007,-0.24900648476745604,1.583183918052482
2026-08-18T06:14:34.102+00:00,1787033674.1021552,193486.1167675,9.193973100016592,339,193485.9980809,36.52449999935925,82.10490000783466,2,1,1,4,1,0.0,1,estabilizada,1,1,1,605.75,502.5,0.409765362739563,0.4715500771999359,0.4172534646091472,0.43058825979034576,0.4043922146091472,0.4191437597903458,0.12302712975989892,0.3940672866247851,0.41838937222733696,0.0817191879793848,0.0,0.5414880567025007,-0.24900648476745604,1.583183918052482
2026-08-18T06:14:34.102+00:00,1787033674.1021552,193486.1167845,9.19399010000052,339,193485.9980809,36.52449999935925,82.10490000783466,3,1,1,4,1,0.0,1,estabilizada,1,1,1,447.0,275.25,0.14085495471954346,0.8916721343994141,0.16362993289316013,0.826827441022725,0.15076868289316014,0.815382941022725,0.02368339969780884,0.1490695412592779,0.8151162126252619,0.035753813341935684,0.0,0.5414880567025007,-0.24900648476745604,1.583183918052482
2026-08-18T06:14:34.102+00:00,1787033674.1021552,193486.1167953,9.194000900024548,339,193485.9980809,36.52449999935925,82.10490000783466,10,0,0,4,1,0.0,1,estabilizada,1,1,1,,,,,,,,,,,,,nan,0.5414880567025007,-0.24900648476745604,1.583183918052482
2026-08-18T06:14:34.258+00:00,1787033674.2588627,193486.2731371,9.350342700025067,344,193486.1634273,26.825500011909753,82.85879998584278,1,0,0,4,1,0.0,1,estabilizada,1,1,1,,,,,,,,,,,,,nan,0.5414883720786241,-0.24901828755211708,1.5831785057736911
2026-08-18T06:14:34.258+00:00,1787033674.2588627,193486.2731797,9.350385300000198,344,193486.1634273,26.825500011909753,82.85879998584278,2,1,1,4,1,0.0,1,estabilizada,1,1,1,607.5,501.75,0.4124095141887665,0.47272831201553345,0.4197473457521188,0.43169870371539776,0.4068860957521188,0.4202542037153978,0.13151912487389927,0.3998727724139929,0.4189946892369724,0.12083919315954011,0.0,0.5414883720786241,-0.24901828755211708,1.5831785057736911
2026-08-18T06:14:34.258+00:00,1787033674.2588627,193486.2731923,9.35039790000883,344,193486.1634273,26.825500011909753,82.85879998584278,3,1,1,4,1,0.0,1,estabilizada,1,1,1,446.75,275.5,0.14048749208450317,0.891181230545044,0.16328345543787998,0.8263635512659814,0.15042220543787999,0.8149190512659814,-0.013580794586292601,0.1490695412592779,0.8151162126252619,0.035753813341935684,0.0,0.5414883720786241,-0.24901828755211708,1.5831785057736911
2026-08-18T06:14:34.258+00:00,1787033674.2588627,193486.2732048,9.350410400016699,344,193486.1634273,26.825500011909753,82.85879998584278,10,0,0,4,1,0.0,1,estabilizada,1,1,1,,,,,,,,,,,,,nan,0.5414883720786241,-0.24901828755211708,1.5831785057736911
2026-08-18T06:14:34.408+00:00,1787033674.4082463,193486.4225154,9.499721000000136,349,193486.3303684,5.417700012912974,86.70479999273084,1,0,0,4,1,0.0,1,estabilizada,1,1,1,,,,,,,,,,,,,nan,0.5414889200167647,-0.2490288428504897,1.5831741291041375
2026-08-18T06:14:34.408+00:00,1787033674.4082463,193486.4225526,9.49975820002146,349,193486.3303684,5.417700012912974,86.70479999273084,2,1,1,4,1,0.0,1,estabilizada,1,1,1,610.0,501.5,0.41620194911956787,0.47304844856262207,0.4233242404540835,0.43199992772559065,0.4104629904540835,0.4205554277255907,0.15731013967961271,0.3998727724139929,0.4189946892369724,0.14087045544307497,0.0,0.5414889200167647,-0.2490288428504897,1.5831741291041375
2026-08-18T06:14:34.408+00:00,1787033674.4082463,193486.4225646,9.499770200025523,349,193486.3303684,5.417700012912974,86.70479999273084,3,1,1,4,1,0.0,1,estabilizada,1,1,1,447.0,275.0,0.14083531498908997,0.8921877145767212,0.1636115995364475,0.8273120396397078,0.1507503495364475,0.8158675396397078,0.06108825978630813,0.1490695412592779,0.8151162126252619,0.035753813341935684,0.0,0.5414889200167647,-0.2490288428504897,1.5831741291041375
2026-08-18T06:14:34.408+00:00,1787033674.4082463,193486.4225748,9.49978040001588,349,193486.3303684,5.417700012912974,86.70479999273084,10,0,0,4,1,0.0,1,estabilizada,1,1,1,,,,,,,,,,,,,nan,0.5414889200167647,-0.2490288428504897,1.5831741291041375
2026-08-18T06:14:34.554+00:00,1787033674.5543156,193486.5685516,9.645757200021762,353,193486.4632535,26.16489998763427,79.11170000443235,1,0,0,4,1,0.0,1,estabilizada,1,1,1,,,,,,,,,,,,,nan,0.5414886834863853,-0.24903828643812828,1.5831705933401092
2026-08-18T06:14:34.554+00:00,1787033674.5543156,193486.5685904,9.645796000026166,353,193486.4632535,26.16489998763427,79.11170000443235,2,1,1,4,1,0.0,1,estabilizada,1,1,1,611.75,501.0,0.4188542366027832,0.4738132357597351,0.4258257532959013,0.4327206098156453,0.4129645032959013,0.42127610981564534,0.1272433157824225,0.40408573227351563,0.419739317039863,0.14087045544307497,0.0,0.5414886834863853,-0.24903828643812828,1.5831705933401092
2026-08-18T06:14:34.554+00:00,1787033674.5543156,193486.568604,9.645809600013308,353,193486.4632535,26.16489998763427,79.11170000443235,3,1,1,4,1,0.0,1,estabilizada,1,1,1,446.5,275.0,0.1400185525417328,0.8922057747840881,0.1628413057794545,0.8273283914230808,0.1499800557794545,0.8158838914230808,0.06591686219344844,0.1490695412592779,0.8151162126252619,0.035753813341935684,0.0,0.5414886834863853,-0.24903828643812828,1.5831705933401092
2026-08-18T06:14:34.554+00:00,1787033674.5543156,193486.5686152,9.645820800011279,353,193486.4632535,26.16489998763427,79.11170000443235,10,0,0,4,1,0.0,1,estabilizada,1,1,1,,,,,,,,,,,,,nan,0.5414886834863853,-0.24903828643812828,1.5831705933401092
2026-08-18T06:14:34.696+00:00,1787033674.6967587,193486.7112386,9.78844420000678,357,193486.5976536,31.424499989952892,82.13830000022426,1,0,0,4,1,0.0,1,estabilizada,1,1,1,,,,,,,,,,,,,nan,0.5414873275413035,-0.24904602286543984,1.583168030330771
2026-08-18T06:14:34.696+00:00,1787033674.6967587,193486.7112705,9.788476100016851,357,193486.5976536,31.424499989952892,82.13830000022426,2,1,1,4,1,0.0,1,estabilizada,1,1,1,615.0,501.0,0.4237916171550751,0.4736892879009247,0.43048238764299823,0.43260320182364154,0.41762113764299824,0.42115870182364157,0.15720535533969868,0.4060518668693781,0.4200066623190015,0.14087045544307497,0.0,0.5414873275413035,-0.24904602286543984,1.583168030330771
2026-08-18T06:14:34.696+00:00,1787033674.6967587,193486.7112826,9.788488200021675,357,193486.5976536,31.424499989952892,82.13830000022426,3,1,1,4,1,0.0,1,estabilizada,1,1,1,447.0,275.0,0.14085189998149872,0.8922003507614136,0.1636272389155783,0.8273227309139757,0.1507659889155783,0.8158782309139757,0.06108144602894797,0.1490695412592779,0.8151162126252619,0.035753813341935684,0.0,0.5414873275413035,-0.24904602286543984,1.583168030330771
2026-08-18T06:14:34.696+00:00,1787033674.6967587,193486.7112955,9.788501100003486,357,193486.5976536,31.424499989952892,82.13830000022426,10,0,0,4,1,0.0,1,estabilizada,1,1,1,,,,,,,,,,,,,nan,0.5414873275413035,-0.24904602286543984,1.583168030330771
2026-08-18T06:14:34.836+00:00,1787033674.8361523,193486.8507107,9.927916300017387,362,193486.7622569,6.865600007586181,81.56520000193268,1,0,0,4,1,0.0,1,estabilizada,1,1,1,,,,,,,,,,,,,nan,0.541484310495276,-0.2490534767694868,1.5831653543297695
2026-08-18T06:14:34.836+00:00,1787033674.8361523,193486.8507491,9.927954700018745,362,193486.7622569,6.865600007586181,81.56520000193268,2,1,1,4,1,0.0,1,estabilizada,1,1,1,617.75,500.5,0.42796510457992554,0.4744151830673218,0.43441845988134115,0.43328733801485225,0.42155720988134116,0.4218428380148523,0.22323822964096363,0.41100626359385783,0.4206521251714675,0.15129263171751586,0.0,0.541484310495276,-0.2490534767694868,1.5831653543297695
2026-08-18T06:14:34.836+00:00,1787033674.8361523,193486.8507616,9.927967200026615,362,193486.7622569,6.865600007586181,81.56520000193268,3,1,1,4,1,0.0,1,estabilizada,1,1,1,446.5,275.0,0.14003512263298035,0.892218291759491,0.16285676082054817,0.8273391185975114,0.14999551082054818,0.8158946185975114,0.06591078491082755,0.1490695412592779,0.8151162126252619,0.035753813341935684,0.0,0.541484310495276,-0.2490534767694868,1.5831653543297695
2026-08-18T06:14:34.836+00:00,1787033674.8361523,193486.8507743,9.927979900006903,362,193486.7622569,6.865600007586181,81.56520000193268,10,0,0,4,1,0.0,1,estabilizada,1,1,1,,,,,,,,,,,,,nan,0.541484310495276,-0.2490534767694868,1.5831653543297695
2026-08-18T06:14:34.995+00:00,1787033674.995218,193487.0093456,10.086551200016402,366,193486.8991561,26.173399994149804,83.9918999990914,1,0,0,4,1,0.0,1,estabilizada,1,1,1,,,,,,,,,,,,,nan,0.5414803334423591,-0.2490635516185271,1.5831613289053084
2026-08-18T06:14:34.995+00:00,1787033674.995218,193487.0093909,10.086596500012092,366,193486.8991561,26.173399994149804,83.9918999990914,2,1,1,4,1,0.0,1,estabilizada,1,1,1,620.5,500.0,0.4321414530277252,0.4751412868499756,0.43835718041927374,0.4339714867341318,0.42549593041927375,0.4225269867341318,0.18707261119109928,0.41512210183131615,0.4211274914610432,0.16074567991049993,0.0,0.5414803334423591,-0.2490635516185271,1.5831613289053084
2026-08-18T06:14:34.995+00:00,1787033674.995218,193487.0094053,10.086610900005326,366,193486.8991561,26.173399994149804,83.9918999990914,3,1,1,4,1,0.0,1,estabilizada,1,1,1,447.0,275.25,0.14090466499328613,0.8917096257209778,0.1636767031312723,0.8268586316460105,0.15081545313127231,0.8154141316460105,0.023662388091063444,0.1490695412592779,0.8151162126252619,0.035753813341935684,0.0,0.5414803334423591,-0.2490635516185271,1.5831613289053084
2026-08-18T06:14:34.995+00:00,1787033674.995218,193487.0094175,10.086623100010911,366,193486.8991561,26.173399994149804,83.9918999990914,10,0,0,4,1,0.0,1,estabilizada,1,1,1,,,,,,,,,,,,,nan,0.5414803334423591,-0.2490635516185271,1.5831613289053084
2026-08-18T06:14:35.149+00:00,1787033675.1497262,193487.1638273,10.241032900026767,371,193487.0657442,13.732299994444475,84.3250000034459,1,0,0,4,1,0.0,1,estabilizada,1,1,1,,,,,,,,,,,,,nan,0.5414770978821535,-0.24907748618879166,1.5831544430612325
2026-08-18T06:14:35.149+00:00,1787033675.1497262,193487.1638678,10.241073400015011,371,193487.0657442,13.732299994444475,84.3250000034459,2,1,1,4,1,0.0,1,estabilizada,1,1,1,624.75,499.75,0.4386015832424164,0.47539272904396057,0.4444499048374171,0.4342076635838462,0.4315886548374171,0.42276316358384625,0.1813477585481733,0.4191589681170126,0.4217321972864943,0.16074567991049993,0.0,0.5414770978821535,-0.24907748618879166,1.5831544430612325
2026-08-18T06:14:35.149+00:00,1787033675.1497262,193487.1638803,10.241085900022881,371,193487.0657442,13.732299994444475,84.3250000034459,3,1,1,4,1,0.0,1,estabilizada,1,1,1,446.75,275.25,0.14050012826919556,0.8917214870452881,0.16329507883345362,0.8268687444458118,0.15043382883345363,0.8154242444458119,0.0236601682218645,0.1490695412592779,0.8151162126252619,0.035753813341935684,0.0,0.5414770978821535,-0.24907748618879166,1.5831544430612325
2026-08-18T06:14:35.149+00:00,1787033675.1497262,193487.1638915,10.241097100020852,371,193487.0657442,13.732299994444475,84.3250000034459,10,0,0,4,1,0.0,1,estabilizada,1,1,1,,,,,,,,,,,,,nan,0.5414770978821535,-0.24907748618879166,1.5831544430612325
2026-08-18T06:14:35.301+00:00,1787033675.3017662,193487.316772,10.393977600004291,375,193487.1981848,33.593099971767515,84.97010002611205,1,0,0,4,1,0.0,1,estabilizada,1,1,1,,,,,,,,,,,,,nan,0.5414733029510191,-0.24909192226289634,1.5831471805042852
2026-08-18T06:14:35.301+00:00,1787033675.3017662,193487.316817,10.394022600026801,375,193487.1981848,33.593099971767515,84.97010002611205,2,1,1,4,1,0.0,1,estabilizada,1,1,1,627.75,499.5,0.4431655704975128,0.47569388151168823,0.44875424603556185,0.434490686292066,0.43589299603556186,0.42304618629206603,0.12721432255965412,0.42200827317366363,0.4219777464170055,0.16074567991049993,0.0,0.5414733029510191,-0.24909192226289634,1.5831471805042852
2026-08-18T06:14:35.301+00:00,1787033675.3017662,193487.3168302,10.394035800010897,375,193487.1981848,33.593099971767515,84.97010002611205,3,1,1,4,1,0.0,1,estabilizada,1,1,1,446.5,275.0,0.14005926251411438,0.8922364115715027,0.16287916459536855,0.8273532779563598,0.15001791459536856,0.8159087779563599,0.06341051060148073,0.1490695412592779,0.8151162126252619,0.035753813341935684,0.0,0.5414733029510191,-0.24909192226289634,1.5831471805042852
2026-08-18T06:14:35.302+00:00,1787033675.3027809,193487.3168425,10.394048100017244,375,193487.1981848,33.593099971767515,84.97010002611205,10,0,0,4,1,0.0,1,estabilizada,1,1,1,,,,,,,,,,,,,nan,0.5414733029510191,-0.24909192226289634,1.5831471805042852
2026-08-18T06:14:35.440+00:00,1787033675.440648,193487.4548486,10.532054200011771,380,193487.3654738,9.819200000492856,79.51579999644309,1,0,0,4,1,0.0,1,estabilizada,1,1,1,,,,,,,,,,,,,nan,0.5414698741949958,-0.24910457251260146,1.5831407126819592
2026-08-18T06:14:35.440+00:00,1787033675.440648,193487.4548966,10.532102199998917,380,193487.3654738,9.819200000492856,79.51579999644309,2,1,1,4,1,0.0,1,estabilizada,1,1,1,632.25,498.75,0.45001107454299927,0.4767678678035736,0.4552104177869332,0.435502730027043,0.44234916778693323,0.424058230027043,0.1811480225744247,0.42690953574128615,0.4223647885637636,0.16074567991049993,0.0,0.5414698741949958,-0.24910457251260146,1.5831407126819592
2026-08-18T06:14:35.440+00:00,1787033675.440648,193487.4549114,10.5321170000243,380,193487.3654738,9.819200000492856,79.51579999644309,3,1,1,4,1,0.0,1,estabilizada,1,1,1,446.5,275.0,0.14006716012954712,0.8922423720359802,0.162886511546952,0.8273579153439691,0.150025261546952,0.8159134153439691,0.0634081649333331,0.1490695412592779,0.8151162126252619,0.035753813341935684,0.0,0.5414698741949958,-0.24910457251260146,1.5831407126819592
2026-08-18T06:14:35.440+00:00,1787033675.440648,193487.4549239,10.532129500003066,380,193487.3654738,9.819200000492856,79.51579999644309,10,0,0,4,1,0.0,1,estabilizada,1,1,1,,,,,,,,,,,,,nan,0.5414698741949958,-0.24910457251260146,1.5831407126819592
2026-08-18T06:14:35.586+00:00,1787033675.5861783,193487.6005458,10.677751400013221,384,193487.4987119,16.682499990565702,85.02440000302158,1,0,0,4,1,0.0,1,estabilizada,1,1,1,,,,,,,,,,,,,nan,0.5414642876048006,-0.2491157517956909,1.583135801235155
2026-08-18T06:14:35.586+00:00,1787033675.5861783,193487.6007578,10.677963400026783,384,193487.4987119,16.682499990565702,85.02440000302158,2,1,1,4,1,0.0,1,estabilizada,1,1,1,635.25,498.5,0.4545804262161255,0.47706910967826843,0.4595197040208975,0.43578608299056076,0.4466584540208975,0.4243415829905608,0.09692269108392068,0.4337001540088602,0.42272734750169616,0.16074567991049993,0.0,0.5414642876048006,-0.2491157517956909,1.583135801235155
2026-08-18T06:14:35.586+00:00,1787033675.5861783,193487.6007789,10.677984500012826,384,193487.4987119,16.682499990565702,85.02440000302158,3,1,1,4,1,0.0,1,estabilizada,1,1,1,446.25,275.0,0.13966207206249237,0.8922533988952637,0.1625042056119922,0.8273674785073589,0.1496429556119922,0.815922978507359,0.06589855393604041,0.1490695412592779,0.8151162126252619,0.035753813341935684,0.0,0.5414642876048006,-0.2491157517956909,1.583135801235155
2026-08-18T06:14:35.586+00:00,1787033675.5861783,193487.6008095,10.678015100012999,384,193487.4987119,16.682499990565702,85.02440000302158,10,0,0,4,1,0.0,1,estabilizada,1,1,1,,,,,,,,,,,,,nan,0.5414642876048006,-0.2491157517956909,1.583135801235155
2026-08-18T06:14:35.807+00:00,1787033675.8075995,193487.8223231,10.899528700014343,389,193487.6651637,9.700900001917034,147.35499999369495,1,0,0,4,1,0.0,1,estabilizada,1,1,1,,,,,,,,,,,,,nan,0.5414601278810692,-0.24912381106317089,1.5831333199952073
2026-08-18T06:14:35.808+00:00,1787033675.8086014,193487.822925,10.900130599999102,389,193487.6651637,9.700900001917034,147.35499999369495,2,1,1,4,1,0.0,1,estabilizada,1,1,1,639.5,498.0,0.4610547125339508,0.4777371883392334,0.46562570304362094,0.43641565898981977,0.45276445304362095,0.4249711589898198,0.19273458480819688,0.4391348313782397,0.4233082850350355,0.16074567991049993,0.0,0.5414601278810692,-0.24912381106317089,1.5831333199952073
2026-08-18T06:14:35.808+00:00,1787033675.8086014,193487.823024,10.900229600025341,389,193487.6651637,9.700900001917034,147.35499999369495,3,1,1,4,1,0.0,1,estabilizada,1,1,1,447.0,275.25,0.1409425437450409,0.8917372822761536,0.16371168271582054,0.8268801428907919,0.15085043271582055,0.815435642890792,0.023653518331722783,0.1490695412592779,0.8151162126252619,0.035753813341935684,0.0,0.5414601278810692,-0.24912381106317089,1.5831333199952073
2026-08-18T06:14:35.808+00:00,1787033675.8086014,193487.8230547,10.900260300026275,389,193487.6651637,9.700900001917034,147.35499999369495,10,0,0,4,1,0.0,1,estabilizada,1,1,1,,,,,,,,,,,,,nan,0.5414601278810692,-0.24912381106317089,1.5831333199952073
2026-08-18T06:14:36.076+00:00,1787033676.0760946,193488.0907961,11.168001700018067,396,193487.9003607,26.160999987041578,164.17430000728928,1,0,0,4,1,0.0,1,estabilizada,1,1,1,,,,,,,,,,,,,nan,0.541454764559508,-0.24913195419549344,1.5831300907590864
2026-08-18T06:14:36.076+00:00,1787033676.0760946,193488.0909761,11.168181700020796,396,193487.9003607,26.160999987041578,164.17430000728928,2,1,1,4,1,0.0,1,estabilizada,1,1,1,647.0,498.0,0.47248217463493347,0.4774439036846161,0.4764032251723756,0.4361385001736163,0.4635419751723756,0.4246940001736163,0.1520896030994448,0.44472219809498564,0.4238174862182607,0.16074567991049993,0.0,0.541454764559508,-0.24913195419549344,1.5831300907590864
2026-08-18T06:14:36.076+00:00,1787033676.0760946,193488.0910125,11.168218100006925,396,193487.9003607,26.160999987041578,164.17430000728928,3,1,1,4,1,0.0,1,estabilizada,1,1,1,446.5,275.0,0.14008720219135284,0.8922562003135681,0.16290470836092702,0.8273689655212835,0.15004345836092703,0.8159244655212835,0.06340464198418178,0.1490695412592779,0.8151162126252619,0.035753813341935684,0.0,0.541454764559508,-0.24913195419549344,1.5831300907590864
2026-08-18T06:14:36.076+00:00,1787033676.0760946,193488.0910411,11.168246700020973,396,193487.9003607,26.160999987041578,164.17430000728928,10,0,0,4,1,0.0,1,estabilizada,1,1,1,,,,,,,,,,,,,nan,0.541454764559508,-0.24913195419549344,1.5831300907590864
2026-08-18T06:14:36.355+00:00,1787033676.3552551,193488.3700998,11.447305400011828,404,193488.1718372,32.053700007963926,165.96129999379627,1,0,0,4,1,0.0,1,estabilizada,1,1,1,,,,,,,,,,,,,nan,0.5414516891346642,-0.24913861809326282,1.5831269620250679
2026-08-18T06:14:36.356+00:00,1787033676.3567693,193488.3710368,11.44824240001617,404,193488.1718372,32.053700007963926,165.96129999379627,2,1,1,4,1,0.0,1,estabilizada,1,1,1,655.0,495.0,0.48471394181251526,0.48213616013526917,0.4879394552308841,0.4405635436494881,0.4750782052308841,0.4291190436494881,0.26013368400184805,0.45874248607515855,0.42521798478826633,0.19385295546652237,0.0,0.5414516891346642,-0.24913861809326282,1.5831269620250679
2026-08-18T06:14:36.356+00:00,1787033676.3567693,193488.3712012,11.448406800016528,404,193488.1718372,32.053700007963926,165.96129999379627,3,1,1,4,1,0.0,1,estabilizada,1,1,1,446.75,275.0,0.1405056267976761,0.8922541737556458,0.16329921598913955,0.8273665470961895,0.15043796598913955,0.8159220470961895,0.06106328461079057,0.1490695412592779,0.8151162126252619,0.035753813341935684,0.0,0.5414516891346642,-0.24913861809326282,1.5831269620250679
2026-08-18T06:14:36.356+00:00,1787033676.3567693,193488.3712338,11.448439400002826,404,193488.1718372,32.053700007963926,165.96129999379627,10,0,0,4,1,0.0,1,estabilizada,1,1,1,,,,,,,,,,,,,nan,0.5414516891346642,-0.24913861809326282,1.5831269620250679
2026-08-18T06:14:36.648+00:00,1787033676.6486661,193488.6628066,11.740012200025376,413,193488.4702628,14.78640001732856,177.53559999982826,1,0,0,4,1,0.0,1,estabilizada,1,1,1,,,,,,,,,,,,,nan,0.5414484784598077,-0.24914200800065514,1.5831252431611
2026-08-18T06:14:36.648+00:00,1787033676.6486661,193488.6632613,11.74046690002433,413,193488.4702628,14.78640001732856,177.53559999982826,2,1,1,4,1,0.0,1,estabilizada,1,1,1,664.75,491.25,0.4996756315231323,0.4880315065383911,0.502050400190704,0.4461235042529631,0.489189150190704,0.43467900425296313,0.44050407628222354,0.4629375243483339,0.42601778283507724,0.21254100952657104,0.0,0.5414484784598077,-0.24914200800065514,1.5831252431611
2026-08-18T06:14:36.648+00:00,1787033676.6486661,193488.6635755,11.740781100001186,413,193488.4702628,14.78640001732856,177.53559999982826,3,1,1,4,1,0.0,1,estabilizada,1,1,1,447.0,275.0,0.14092405140399933,0.8922516107559204,0.16369369555612318,0.8273638666359574,0.15083244555612318,0.8159193666359574,0.06106222813510441,0.1490695412592779,0.8151162126252619,0.035753813341935684,0.0,0.5414484784598077,-0.24914200800065514,1.5831252431611
2026-08-18T06:14:36.648+00:00,1787033676.6486661,193488.6636313,11.740836900018621,413,193488.4702628,14.78640001732856,177.53559999982826,10,0,0,4,1,0.0,1,estabilizada,1,1,1,,,,,,,,,,,,,nan,0.5414484784598077,-0.24914200800065514,1.5831252431611
2026-08-18T06:14:36.942+00:00,1787033676.9424403,193488.9568098,12.03401540001505,421,193488.7341756,39.18409999459982,183.36220001219772,1,0,0,4,1,0.0,1,estabilizada,1,1,1,,,,,,,,,,,,,nan,0.5414443254268418,-0.24913748200972546,1.5831295993101333
2026-08-18T06:14:36.942+00:00,1787033676.9424403,193488.9569502,12.034155800007284,421,193488.7341756,39.18409999459982,183.36220001219772,2,1,1,4,1,0.0,1,estabilizada,1,1,1,673.75,486.5,0.5135714411735535,0.49566173553466797,0.5151559984857843,0.4533203317682262,0.5022947484857843,0.44187583176822626,0.49663238901319584,0.4726973542970411,0.42908595060970156,0.272882027372262,0.0,0.5414443254268418,-0.24913748200972546,1.5831295993101333
2026-08-18T06:14:36.942+00:00,1787033676.9424403,193488.9569657,12.034171300008893,421,193488.7341756,39.18409999459982,183.36220001219772,3,1,1,4,1,0.0,1,estabilizada,1,1,1,447.0,275.0,0.1409299373626709,0.8922539353370667,0.1636989481508483,0.827366494911485,0.1508376981508483,0.815921994911485,0.061058850499382304,0.1490695412592779,0.8151162126252619,0.035753813341935684,0.0,0.5414443254268418,-0.24913748200972546,1.5831295993101333
2026-08-18T06:14:36.942+00:00,1787033676.9424403,193488.9569796,12.034185200027423,421,193488.7341756,39.18409999459982,183.36220001219772,10,0,0,4,1,0.0,1,estabilizada,1,1,1,,,,,,,,,,,,,nan,0.5414443254268418,-0.24913748200972546,1.5831295993101333
2026-08-18T06:14:37.187+00:00,1787033677.1871548,193489.2013999,12.278605500003323,430,193489.0635656,8.588199998484924,129.185800004052,1,0,0,4,1,0.0,1,estabilizada,1,1,1,,,,,,,,,,,,,nan,0.541439790041783,-0.2491291918037262,1.5831363917682166
2026-08-18T06:14:37.187+00:00,1787033677.1871548,193489.2015316,12.278737200016622,430,193489.0635656,8.588199998484924,129.185800004052,2,1,1,4,1,0.0,1,estabilizada,1,1,1,680.0,482.25,0.523288905620575,0.5025895833969116,0.524320768450842,0.45985499014276154,0.5114595184508419,0.4484104901427616,0.6233504768792769,0.4948515040919961,0.43947590401914516,0.4539489351495031,0.0,0.541439790041783,-0.2491291918037262,1.5831363917682166
2026-08-18T06:14:37.187+00:00,1787033677.1871548,193489.2015545,12.27876010001637,430,193489.0635656,8.588199998484924,129.185800004052,3,1,1,4,1,0.0,1,estabilizada,1,1,1,446.75,275.0,0.14052307605743408,0.8922615647315979,0.1633148610522131,0.827374440272634,0.1504536110522131,0.815929940272634,0.061056537678441915,0.1490695412592779,0.8151162126252619,0.035753813341935684,0.0,0.541439790041783,-0.2491291918037262,1.5831363917682166
2026-08-18T06:14:37.187+00:00,1787033677.1871548,193489.201574,12.278779600019334,430,193489.0635656,8.588199998484924,129.185800004052,10,0,0,4,1,0.0,1,estabilizada,1,1,1,,,,,,,,,,,,,nan,0.541439790041783,-0.2491291918037262,1.5831363917682166
2026-08-18T06:14:37.353+00:00,1787033677.3530548,193489.3677399,12.444945499999449,437,193489.2616928,21.938999998383224,84.08239998971112,1,0,0,4,1,0.0,1,estabilizada,1,1,1,,,,,,,,,,,,,nan,0.5414335271231824,-0.24911845006900463,1.583144081123477
2026-08-18T06:14:37.353+00:00,1787033677.3530548,193489.3678004,12.445006000023568,437,193489.2616928,21.938999998383224,84.08239998971112,2,1,1,4,1,0.0,1,estabilizada,1,1,1,687.0,476.5,0.5342522859573364,0.5120634436607361,0.5346605316202754,0.468791090087547,0.5217992816202754,0.457346590087547,0.7556583242129385,0.5022782743779408,0.44365082047181015,0.53574336409609,0.0,0.5414335271231824,-0.24911845006900463,1.583144081123477
2026-08-18T06:14:37.353+00:00,1787033677.3530548,193489.3678408,12.445046400011051,437,193489.2616928,21.938999998383224,84.08239998971112,3,1,1,4,1,0.0,1,estabilizada,1,1,1,447.0,275.25,0.14097711443901062,0.8917539715766907,0.16374262111102433,0.8268966290439459,0.15088137111102434,0.8154521290439459,0.023643571006362114,0.1490695412592779,0.8151162126252619,0.035753813341935684,0.0,0.5414335271231824,-0.24911845006900463,1.583144081123477
2026-08-18T06:14:37.353+00:00,1787033677.3530548,193489.3678653,12.445070900022984,437,193489.2616928,21.938999998383224,84.08239998971112,10,0,0,4,1,0.0,1,estabilizada,1,1,1,,,,,,,,,,,,,nan,0.5414335271231824,-0.24911845006900463,1.583144081123477
2026-08-18T06:14:37.503+00:00,1787033677.5030792,193489.5178427,12.595048300019698,441,193489.395241,33.89809999498539,88.67780002765357,1,0,0,4,1,0.0,1,estabilizada,1,1,1,,,,,,,,,,,,,nan,0.5414278479832175,-0.24910657548567797,1.5831523675412036
2026-08-18T06:14:37.503+00:00,1787033677.5030792,193489.5178865,12.595092100003967,441,193489.395241,33.89809999498539,88.67780002765357,2,1,1,4,1,0.0,1,estabilizada,1,1,1,690.75,472.75,0.5401767492294312,0.5183016657829285,0.5402478724454585,0.47467557954497386,0.5273866224454584,0.4632310795449739,0.7139684509657145,0.5157373863414233,0.4535630360376285,0.6271072617916575,0.0,0.5414278479832175,-0.24910657548567797,1.5831523675412036
2026-08-18T06:14:37.503+00:00,1787033677.5030792,193489.5178994,12.595105000014883,441,193489.395241,33.89809999498539,88.67780002765357,3,1,1,4,1,0.0,1,estabilizada,1,1,1,447.0,275.0,0.14094622433185577,0.8922584056854248,0.1637130450546151,0.8273734013033526,0.1508517950546151,0.8159289013033526,0.06105063076507376,0.1490695412592779,0.8151162126252619,0.035753813341935684,0.0,0.5414278479832175,-0.24910657548567797,1.5831523675412036
2026-08-18T06:14:37.503+00:00,1787033677.5030792,193489.517913,12.595118600002024,441,193489.395241,33.89809999498539,88.67780002765357,10,0,0,4,1,0.0,1,estabilizada,1,1,1,,,,,,,,,,,,,nan,0.5414278479832175,-0.24910657548567797,1.5831523675412036
2026-08-18T06:14:37.651+00:00,1787033677.6519718,193489.6665642,12.743769799999427,446,193489.5619271,19.61369998753071,84.99980001943186,1,0,0,4,1,0.0,1,estabilizada,1,1,1,,,,,,,,,,,,,nan,0.5414270401281436,-0.2490937196282811,1.5831599373809078
2026-08-18T06:14:37.651+00:00,1787033677.6519718,193489.6666036,12.7438092000084,446,193489.5619271,19.61369998753071,84.99980001943186,2,1,1,4,1,0.0,1,estabilizada,1,1,1,693.75,470.0,0.5449233651161194,0.5228809714317322,0.5447246048762422,0.4789954987420042,0.5318633548762421,0.46755099874200423,0.7769015766276127,0.5188450462840128,0.45588801668676127,0.6500234491335249,0.0,0.5414270401281436,-0.2490937196282811,1.5831599373809078
2026-08-18T06:14:37.651+00:00,1787033677.6519718,193489.666618,12.743823600001633,446,193489.5619271,19.61369998753071,84.99980001943186,3,1,1,4,1,0.0,1,estabilizada,1,1,1,447.0,275.0,0.14095212519168854,0.892259955406189,0.16371845567621818,0.8273759040051413,0.1508572056762182,0.8159314040051413,0.06104490710767978,0.1490695412592779,0.8151162126252619,0.035753813341935684,0.0,0.5414270401281436,-0.2490937196282811,1.5831599373809078
2026-08-18T06:14:37.651+00:00,1787033677.6519718,193489.6666452,12.74385080000502,446,193489.5619271,19.61369998753071,84.99980001943186,10,0,0,4,1,0.0,1,estabilizada,1,1,1,,,,,,,,,,,,,nan,0.5414270401281436,-0.2490937196282811,1.5831599373809078
2026-08-18T06:14:37.809+00:00,1787033677.8098567,193489.8245881,12.9017937000026,451,193489.7284672,9.351299988338724,86.74500000779517,1,0,0,4,1,0.0,1,estabilizada,1,1,1,,,,,,,,,,,,,nan,0.5414293868595702,-0.24908423081103234,1.5831661647497859
2026-08-18T06:14:37.809+00:00,1787033677.8098567,193489.8246264,12.901832000003196,451,193489.7284672,9.351299988338724,86.74500000779517,2,1,1,4,1,0.0,1,estabilizada,1,1,1,696.75,467.5,0.5496724247932434,0.5270444750785828,0.5492038236883506,0.48292302713119994,0.5363425736883507,0.4714785271312,0.837340671254196,0.5237084820987954,0.46007663641440316,0.6959900423585376,0.0,0.5414293868595702,-0.24908423081103234,1.5831661647497859
2026-08-18T06:14:37.809+00:00,1787033677.8098567,193489.8246404,12.901846000022488,451,193489.7284672,9.351299988338724,86.74500000779517,3,1,1,4,1,0.0,1,estabilizada,1,1,1,447.0,275.0,0.14095810055732727,0.8922619223594666,0.16372413520972795,0.8273785537829408,0.15086288520972796,0.8159340537829408,0.06104035652226123,0.1490695412592779,0.8151162126252619,0.035753813341935684,0.0,0.5414293868595702,-0.24908423081103234,1.5831661647497859
2026-08-18T06:14:37.809+00:00,1787033677.8098567,193489.8246537,12.901859300007345,451,193489.7284672,9.351299988338724,86.74500000779517,10,0,0,4,1,0.0,1,estabilizada,1,1,1,,,,,,,,,,,,,nan,0.5414293868595702,-0.24908423081103234,1.5831661647497859
2026-08-18T06:14:37.960+00:00,1787033677.96044,193489.9749748,13.052180400001816,455,193489.8651801,26.64690001984127,83.12449997174554,1,0,0,4,1,0.0,1,estabilizada,1,1,1,,,,,,,,,,,,,nan,0.5414359550463962,-0.24907843208880667,1.5831710821636549
2026-08-18T06:14:37.960+00:00,1787033677.96044,193489.9750145,13.052220100013074,455,193489.8651801,26.64690001984127,83.12449997174554,2,1,1,4,1,0.0,1,estabilizada,1,1,1,700.5,464.25,0.5556285977363586,0.5324775576591492,0.5548217753679567,0.4880477168985504,0.5419605253679567,0.47660321689855045,0.7396051448143408,0.5292092883852678,0.46504094996936257,0.730583408794029,0.0,0.5414359550463962,-0.24907843208880667,1.5831710821636549
2026-08-18T06:14:37.960+00:00,1787033677.96044,193489.9750266,13.052232200017897,455,193489.8651801,26.64690001984127,83.12449997174554,3,1,1,4,1,0.0,1,estabilizada,1,1,1,447.0,275.0,0.14096389710903168,0.8922644257545471,0.16372990491477374,0.8273814460417561,0.15086865491477375,0.8159369460417562,0.0610347578162053,0.1490695412592779,0.8151162126252619,0.035753813341935684,0.0,0.5414359550463962,-0.24907843208880667,1.5831710821636549
2026-08-18T06:14:37.960+00:00,1787033677.96044,193489.975039,13.052244600025006,455,193489.8651801,26.64690001984127,83.12449997174554,10,0,0,4,1,0.0,1,estabilizada,1,1,1,,,,,,,,,,,,,nan,0.5414359550463962,-0.24907843208880667,1.5831710821636549
2026-08-18T06:14:38.114+00:00,1787033678.1141407,193490.1284627,13.205668300011894,460,193490.0287339,17.54200001596473,82.16409999295138,1,0,0,4,1,0.0,1,estabilizada,1,1,1,,,,,,,,,,,,,nan,0.5414415382162939,-0.2490763008789191,1.5831720922175283
2026-08-18T06:14:38.114+00:00,1787033678.1141407,193490.1285014,13.205707000015536,460,193490.0287339,17.54200001596473,82.16409999295138,2,1,1,4,1,0.0,1,estabilizada,1,1,1,706.25,460.0,0.5647605061531067,0.5395760536193848,0.5634348719250718,0.4947428278104151,0.5505736219250719,0.48329832781041515,0.7097922179255943,0.5346855527419534,0.46999582414202806,0.7401378165990927,0.0,0.5414415382162939,-0.2490763008789191,1.5831720922175283
2026-08-18T06:14:38.114+00:00,1787033678.1141407,193490.128513,13.205718600016553,460,193490.0287339,17.54200001596473,82.16409999295138,3,1,1,4,1,0.0,1,estabilizada,1,1,1,447.0,275.0,0.14096951484680176,0.8922674059867859,0.1637355061628627,0.8273844194037964,0.1508742561628627,0.8159399194037964,0.061031346994552475,0.1490695412592779,0.8151162126252619,0.035753813341935684,0.0,0.5414415382162939,-0.2490763008789191,1.5831720922175283
2026-08-18T06:14:38.114+00:00,1787033678.1141407,193490.1285258,13.205731400026707,460,193490.0287339,17.54200001596473,82.16409999295138,10,0,0,4,1,0.0,1,estabilizada,1,1,1,,,,,,,,,,,,,nan,0.5414415382162939,-0.2490763008789191,1.5831720922175283
2026-08-18T06:14:38.260+00:00,1787033678.2608323,193490.275509,13.352714600012405,464,193490.1631789,32.6964000123553,79.6130999806337,1,0,0,4,1,0.0,1,estabilizada,1,1,1,,,,,,,,,,,,,nan,0.5414458146937994,-0.24907477901394723,1.5831727370562667
2026-08-18T06:14:38.260+00:00,1787033678.2608323,193490.2755421,13.35274770000251,464,193490.1631789,32.6964000123553,79.6130999806337,2,1,1,4,1,0.0,1,estabilizada,1,1,1,709.75,457.5,0.5703354477882385,0.5437619686126709,0.5686931336442153,0.49869088722260546,0.5558318836442153,0.4872463872226055,0.6911104556419535,0.5452740087891712,0.4787272246252775,0.7230732919100819,0.0,0.5414458146937994,-0.24907477901394723,1.5831727370562667
2026-08-18T06:14:38.260+00:00,1787033678.2608323,193490.2755538,13.352759400004288,464,193490.1631789,32.6964000123553,79.6130999806337,3,1,1,4,1,0.0,1,estabilizada,1,1,1,447.0,275.0,0.14097508788108826,0.8922706842422485,0.16374099621788846,0.8273876242395503,0.15087974621788847,0.8159431242395503,0.06102574833130537,0.1490695412592779,0.8151162126252619,0.035753813341935684,0.0,0.5414458146937994,-0.24907477901394723,1.5831727370562667
2026-08-18T06:14:38.260+00:00,1787033678.2608323,193490.2755633,13.352768900018418,464,193490.1631789,32.6964000123553,79.6130999806337,10,0,0,4,1,0.0,1,estabilizada,1,1,1,,,,,,,,,,,,,nan,0.5414458146937994,-0.24907477901394723,1.5831727370562667
2026-08-18T06:14:38.415+00:00,1787033678.4152777,193490.4297309,13.506936500023585,469,193490.3313406,17.91269998648204,80.45290000154637,1,0,0,4,1,0.0,1,estabilizada,1,1,1,,,,,,,,,,,,,nan,0.5414496070473693,-0.24907426755706513,1.5831713100907991
2026-08-18T06:14:38.415+00:00,1787033678.4157817,193490.4297785,13.506984100007685,469,193490.3313406,17.91269998648204,80.45290000154637,2,1,1,4,1,0.0,1,estabilizada,1,1,1,715.0,454.5,0.5786812901496887,0.5487594604492188,0.5765647463127387,0.5034042704815282,0.5637034963127387,0.4919597704815283,0.5911674370527756,0.5532247364813154,0.4846572566477587,0.6810844595029479,0.0,0.5414496070473693,-0.24907426755706513,1.5831713100907991
2026-08-18T06:14:38.415+00:00,1787033678.4157817,193490.4297913,13.506996900017839,469,193490.3313406,17.91269998648204,80.45290000154637,3,1,1,4,1,0.0,1,estabilizada,1,1,1,446.5,275.0,0.14015543460845947,0.8922857642173767,0.1629681746381096,0.8274018175434008,0.1501069246381096,0.8159573175434008,0.06336250147478725,0.1490695412592779,0.8151162126252619,0.035753813341935684,0.0,0.5414496070473693,-0.24907426755706513,1.5831713100907991
2026-08-18T06:14:38.415+00:00,1787033678.4157817,193490.4298016,13.507007200008957,469,193490.3313406,17.91269998648204,80.45290000154637,10,0,0,4,1,0.0,1,estabilizada,1,1,1,,,,,,,,,,,,,nan,0.5414496070473693,-0.24907426755706513,1.5831713100907991
2026-08-18T06:14:38.561+00:00,1787033678.5619934,193490.5766813,13.653886900021462,473,193490.4662604,28.45410001464188,81.93929999833927,1,0,0,4,1,0.0,1,estabilizada,1,1,1,,,,,,,,,,,,,nan,0.541456484890862,-0.24907858087097684,1.5831662997978908
2026-08-18T06:14:38.561+00:00,1787033678.5619934,193490.5769107,13.654116300021997,473,193490.4662604,28.45410001464188,81.93929999833927,2,1,1,4,1,0.0,1,estabilizada,1,1,1,720.25,452.25,0.5870101451873779,0.5524697303771973,0.5844205060400502,0.5069032298639251,0.5715592560400502,0.49545872986392514,0.4988922230472245,0.5558291880814683,0.48640844694775187,0.661639161937812,0.0,0.541456484890862,-0.24907858087097684,1.5831662997978908
2026-08-18T06:14:38.561+00:00,1787033678.5619934,193490.5769472,13.654152800008887,473,193490.4662604,28.45410001464188,81.93929999833927,3,1,1,4,1,0.0,1,estabilizada,1,1,1,447.0,275.25,0.14102216064929962,0.8917743563652039,0.16378609213668754,0.8269190317133563,0.15092484213668755,0.8154745317133564,0.023609341717724785,0.1490695412592779,0.8151162126252619,0.035753813341935684,0.0,0.541456484890862,-0.24907858087097684,1.5831662997978908
2026-08-18T06:14:38.561+00:00,1787033678.5619934,193490.5769626,13.654168200009735,473,193490.4662604,28.45410001464188,81.93929999833927,10,0,0,4,1,0.0,1,estabilizada,1,1,1,,,,,,,,,,,,,nan,0.541456484890862,-0.24907858087097684,1.5831662997978908
2026-08-18T06:14:38.704+00:00,1787033678.7051282,193490.7190906,13.796296200016513,478,193490.6351484,7.1779999998398125,76.73949998570606,1,0,0,4,1,0.0,1,estabilizada,1,1,1,,,,,,,,,,,,,nan,0.5414677812788852,-0.24908507561561966,1.5831606895988104
2026-08-18T06:14:38.705+00:00,1787033678.7051282,193490.7191387,13.79634430000442,478,193490.6351484,7.1779999998398125,76.73949998570606,2,1,1,4,1,0.0,1,estabilizada,1,1,1,725.5,449.0,0.5954185724258423,0.5579302310943604,0.5923515614552398,0.5120527796890303,0.5794903114552399,0.5006082796890303,0.5131435691033475,0.566193344941292,0.49255663673277716,0.596634689294913,0.0,0.5414677812788852,-0.24908507561561966,1.5831606895988104
2026-08-18T06:14:38.705+00:00,1787033678.7051282,193490.7191742,13.7963798000128,478,193490.6351484,7.1779999998398125,76.73949998570606,3,1,1,4,1,0.0,1,estabilizada,1,1,1,446.5,275.25,0.14020240306854248,0.8917903304100037,0.16301365923236405,0.8269334986197158,0.15015240923236406,0.8154889986197158,0.024773140237888992,0.1490695412592779,0.8151162126252619,0.035753813341935684,0.0,0.5414677812788852,-0.24908507561561966,1.5831606895988104
2026-08-18T06:14:38.705+00:00,1787033678.7051282,193490.7194089,13.796614500024589,478,193490.6351484,7.1779999998398125,76.73949998570606,10,0,0,4,1,0.0,1,estabilizada,1,1,1,,,,,,,,,,,,,nan,0.5414677812788852,-0.24908507561561966,1.5831606895988104
2026-08-18T06:14:38.858+00:00,1787033678.858545,193490.8728932,13.950098800007254,482,193490.7620588,24.693299987120554,86.11860001110472,1,0,0,4,1,0.0,1,estabilizada,1,1,1,,,,,,,,,,,,,nan,0.5414750490229082,-0.24909528249157462,1.5831528402513941
2026-08-18T06:14:38.858+00:00,1787033678.858545,193490.8729278,13.95013340000878,482,193490.7620588,24.693299987120554,86.11860001110472,2,1,1,4,1,0.0,1,estabilizada,1,1,1,728.75,446.75,0.6006536483764648,0.5617361068725586,0.5972894286963395,0.5156414891026254,0.5844281786963395,0.5041969891026254,0.5283186360414566,0.5717778834207802,0.4959057986126748,0.5628803878241257,0.0,0.5414750490229082,-0.24909528249157462,1.5831528402513941
2026-08-18T06:14:38.858+00:00,1787033678.858545,193490.8729402,13.950145800015889,482,193490.7620588,24.693299987120554,86.11860001110472,3,1,1,4,1,0.0,1,estabilizada,1,1,1,447.0,275.25,0.14103256165981293,0.8917825222015381,0.16379715074203682,0.8269252324871252,0.15093590074203683,0.8154807324871253,0.023603943682701235,0.1490695412592779,0.8151162126252619,0.035753813341935684,0.0,0.5414750490229082,-0.24909528249157462,1.5831528402513941
2026-08-18T06:14:38.858+00:00,1787033678.858545,193490.8729502,13.950155800004723,482,193490.7620588,24.693299987120554,86.11860001110472,10,0,0,4,1,0.0,1,estabilizada,1,1,1,,,,,,,,,,,,,nan,0.5414750490229082,-0.24909528249157462,1.5831528402513941
2026-08-18T06:14:39.008+00:00,1787033679.0083303,193491.0227945,14.100000100006582,487,193490.9276038,6.183799996506423,88.97569999680854,1,0,0,4,1,0.0,1,estabilizada,1,1,1,,,,,,,,,,,,,nan,0.5414820120281183,-0.2491011005455956,1.5831478050106873
2026-08-18T06:14:39.008+00:00,1787033679.0083303,193491.0228397,14.100045300001511,487,193490.9276038,6.183799996506423,88.97569999680854,2,1,1,4,1,0.0,1,estabilizada,1,1,1,735.0,444.75,0.6105958819389343,0.56500244140625,0.6066668436821865,0.5187216591926325,0.5938055936821864,0.5072771591926325,0.41449720255838507,0.5813305592250073,0.5016312046052324,0.5231309951300022,0.0,0.5414820120281183,-0.2491011005455956,1.5831478050106873
2026-08-18T06:14:39.008+00:00,1787033679.0083303,193491.0228549,14.100060500000836,487,193490.9276038,6.183799996506423,88.97569999680854,3,1,1,4,1,0.0,1,estabilizada,1,1,1,447.0,275.25,0.14103750884532928,0.8917858600616455,0.1638022849277544,0.8269278435645953,0.1509410349277544,0.8154833435645953,0.023600697769798704,0.1490695412592779,0.8151162126252619,0.035753813341935684,0.0,0.5414820120281183,-0.2491011005455956,1.5831478050106873
2026-08-18T06:14:39.008+00:00,1787033679.0083303,193491.0228842,14.100089800020214,487,193490.9276038,6.183799996506423,88.97569999680854,10,0,0,4,1,0.0,1,estabilizada,1,1,1,,,,,,,,,,,,,nan,0.5414820120281183,-0.2491011005455956,1.5831478050106873
2026-08-18T06:14:39.155+00:00,1787033679.1551328,193491.1700713,14.247276900016004,491,193491.0618977,24.460799992084503,83.68889999110252,1,0,0,4,1,0.0,1,estabilizada,1,1,1,,,,,,,,,,,,,nan,0.5414877710325476,-0.24910548362802482,1.583143661228016
2026-08-18T06:14:39.156+00:00,1787033679.1561317,193491.1701068,14.247312400024384,491,193491.0618977,24.460799992084503,83.68889999110252,2,1,1,4,1,0.0,1,estabilizada,1,1,1,739.25,442.5,0.6174323558807373,0.5687873363494873,0.6131149886046461,0.522291016652968,0.600253738604646,0.510846516652968,0.4567063742138634,0.5920846646206959,0.506812718507992,0.48631117372742216,0.0,0.5414877710325476,-0.24910548362802482,1.583143661228016
2026-08-18T06:14:39.156+00:00,1787033679.1561317,193491.1701198,14.247325400006957,491,193491.0618977,24.460799992084503,83.68889999110252,3,1,1,4,1,0.0,1,estabilizada,1,1,1,447.0,275.25,0.14104211330413818,0.8917890191078186,0.16380701460665242,0.8269304040870071,0.15094576460665243,0.8154859040870072,0.023596338774193343,0.1490695412592779,0.8151162126252619,0.035753813341935684,0.0,0.5414877710325476,-0.24910548362802482,1.583143661228016
2026-08-18T06:14:39.156+00:00,1787033679.1561317,193491.1701328,14.247338400018634,491,193491.0618977,24.460799992084503,83.68889999110252,10,0,0,4,1,0.0,1,estabilizada,1,1,1,,,,,,,,,,,,,nan,0.5414877710325476,-0.24910548362802482,1.583143661228016
2026-08-18T06:14:39.297+00:00,1787033679.2976499,193491.3118205,14.389026100019692,495,193491.2182451,10.784200014313683,82.76409999234602,1,0,0,4,1,0.0,1,estabilizada,1,1,1,,,,,,,,,,,,,nan,0.541490406017022,-0.24911092154689188,1.583138516324032
2026-08-18T06:14:39.297+00:00,1787033679.2976499,193491.31186,14.389065600000322,495,193491.2182451,10.784200014313683,82.76409999234602,2,1,1,4,1,0.0,1,estabilizada,1,1,1,742.75,441.0,0.6230498552322388,0.5712921023368835,0.6184132739390154,0.5246529287028645,0.6055520239390153,0.5132084287028645,0.3850251064246142,0.5937016313579696,0.5076064518930818,0.4688960389040221,0.0,0.541490406017022,-0.24911092154689188,1.583138516324032
2026-08-18T06:14:39.297+00:00,1787033679.2976499,193491.3118743,14.389079900021898,495,193491.2182451,10.784200014313683,82.76409999234602,3,1,1,4,1,0.0,1,estabilizada,1,1,1,446.5,275.0,0.1401856690645218,0.8923071026802063,0.16299948222951754,0.8274185151553652,0.15013823222951755,0.8159740151553653,0.06334249666055626,0.1490695412592779,0.8151162126252619,0.035753813341935684,0.0,0.541490406017022,-0.24911092154689188,1.583138516324032
2026-08-18T06:14:39.297+00:00,1787033679.2976499,193491.3119013,14.389106900023762,495,193491.2182451,10.784200014313683,82.76409999234602,10,0,0,4,1,0.0,1,estabilizada,1,1,1,,,,,,,,,,,,,nan,0.541490406017022,-0.24911092154689188,1.583138516324032
2026-08-18T06:14:39.445+00:00,1787033679.445736,193491.4606194,14.537825000006706,500,193491.3617352,19.464800017885864,79.39769999939017,1,0,0,4,1,0.0,1,estabilizada,1,1,1,,,,,,,,,,,,,nan,0.5414920362386996,-0.24911759763855104,1.5831314231494102
2026-08-18T06:14:39.445+00:00,1787033679.445736,193491.4606472,14.537852800014662,500,193491.3617352,19.464800017885864,79.39769999939017,2,1,1,4,1,0.0,1,estabilizada,1,1,1,747.75,439.25,0.6310591101646423,0.5741860866546631,0.6259672797989115,0.5273818033823473,0.6131060297989115,0.5159373033823473,0.4433314282407693,0.5986855832921427,0.5099209545756355,0.45125514403802347,0.0,0.5414920362386996,-0.24911759763855104,1.5831314231494102
2026-08-18T06:14:39.445+00:00,1787033679.445736,193491.4606591,14.537864700017963,500,193491.3617352,19.464800017885864,79.39769999939017,3,1,1,4,1,0.0,1,estabilizada,1,1,1,446.5,275.0,0.1401907354593277,0.8923105001449585,0.1630044554967291,0.8274210492134925,0.1501432054967291,0.8159765492134925,0.06334029369007536,0.1490695412592779,0.8151162126252619,0.035753813341935684,0.0,0.5414920362386996,-0.24911759763855104,1.5831314231494102
2026-08-18T06:14:39.445+00:00,1787033679.445736,193491.4606712,14.537876800022786,500,193491.3617352,19.464800017885864,79.39769999939017,10,0,0,4,1,0.0,1,estabilizada,1,1,1,,,,,,,,,,,,,nan,0.5414920362386996,-0.24911759763855104,1.5831314231494102
2026-08-18T06:14:39.606+00:00,1787033679.606332,193491.6212968,14.698502400016878,505,193491.5287317,5.415999999968335,87.1190000034403,1,0,0,4,1,0.0,1,estabilizada,1,1,1,,,,,,,,,,,,,nan,0.5414959677065188,-0.2491266251915586,1.58312265374876
2026-08-18T06:14:39.606+00:00,1787033679.606332,193491.6213404,14.698545999999624,505,193491.5287317,5.415999999968335,87.1190000034403,2,1,1,4,1,0.0,1,estabilizada,1,1,1,753.0,438.0,0.639439046382904,0.5761968493461609,0.6338710147082884,0.5292774824022887,0.6210097647082884,0.5178329824022887,0.43073642997311756,0.6023126337308541,0.5113256171386215,0.4432745603684055,0.0,0.5414959677065188,-0.2491266251915586,1.58312265374876
2026-08-18T06:14:39.606+00:00,1787033679.606332,193491.6213717,14.698577300005127,505,193491.5287317,5.415999999968335,87.1190000034403,3,1,1,4,1,0.0,1,estabilizada,1,1,1,446.5,275.0,0.14019592106342316,0.8923144936561584,0.16300969617576538,0.8274239430389744,0.1501484461757654,0.8159794430389744,0.06333811744294661,0.1490695412592779,0.8151162126252619,0.035753813341935684,0.0,0.5414959677065188,-0.2491266251915586,1.58312265374876
2026-08-18T06:14:39.606+00:00,1787033679.606332,193491.6213857,14.698591300024418,505,193491.5287317,5.415999999968335,87.1190000034403,10,0,0,4,1,0.0,1,estabilizada,1,1,1,,,,,,,,,,,,,nan,0.5414959677065188,-0.2491266251915586,1.58312265374876
2026-08-18T06:14:39.756+00:00,1787033679.756296,193491.7709997,14.84820530001889,509,193491.6653815,23.9280000096187,81.66579998214729,1,0,0,4,1,0.0,1,estabilizada,1,1,1,,,,,,,,,,,,,nan,0.5414988669593221,-0.24913473343672904,1.5831136559447943
2026-08-18T06:14:39.756+00:00,1787033679.756296,193491.7710366,14.848242200008826,509,193491.6653815,23.9280000096187,81.66579998214729,2,1,1,4,1,0.0,1,estabilizada,1,1,1,757.5,436.5,0.6466680765151978,0.5786786675453186,0.6406892077053143,0.5316174816294399,0.6278279577053143,0.5201729816294399,0.35427737309497076,0.6142145045936159,0.5154217056416686,0.4161336326305733,0.0,0.5414988669593221,-0.24913473343672904,1.5831136559447943
2026-08-18T06:14:39.756+00:00,1787033679.756296,193491.7710496,14.848255200020503,509,193491.6653815,23.9280000096187,81.66579998214729,3,1,1,4,1,0.0,1,estabilizada,1,1,1,446.25,275.0,0.13978883624076843,0.8923244476318359,0.16262604860951235,0.8274325013648061,0.14976479860951236,0.8159880013648061,0.06333594119030969,0.1490695412592779,0.8151162126252619,0.035753813341935684,0.0,0.5414988669593221,-0.24913473343672904,1.5831136559447943
2026-08-18T06:14:39.756+00:00,1787033679.756296,193491.7710637,14.848269300011452,509,193491.6653815,23.9280000096187,81.66579998214729,10,0,0,4,1,0.0,1,estabilizada,1,1,1,,,,,,,,,,,,,nan,0.5414988669593221,-0.24913473343672904,1.5831136559447943
2026-08-18T06:14:39.892+00:00,1787033679.8923717,193491.9065801,14.983785700023873,513,193491.804278,25.33999999286607,76.9360999984201,1,0,0,4,1,0.0,1,estabilizada,1,1,1,,,,,,,,,,,,,nan,0.5414999209449927,-0.24914149961805895,1.583105123837535
2026-08-18T06:14:39.892+00:00,1787033679.8923717,193491.9066208,14.98382640001364,513,193491.804278,25.33999999286607,76.9360999984201,2,1,1,4,1,0.0,1,estabilizada,1,1,1,761.0111083984375,436.18115234375,0.6522457003593445,0.5791171789169312,0.6459497696613685,0.5320304252037904,0.6330885196613685,0.5205859252037904,0.3245750090981214,0.6175727634969715,0.516593782612685,0.4032110428665239,0.0,0.5414999209449927,-0.24914149961805895,1.583105123837535
2026-08-18T06:14:39.892+00:00,1787033679.8923717,193491.9066329,14.983838500018464,513,193491.804278,25.33999999286607,76.9360999984201,3,1,1,4,1,0.0,1,estabilizada,1,1,1,447.0,275.0,0.14103186130523682,0.8923108577728271,0.1637985903271289,0.8274189497003204,0.1509373403271289,0.8159744497003204,0.06099238144361555,0.1490695412592779,0.8151162126252619,0.035753813341935684,0.0,0.5414999209449927,-0.24914149961805895,1.583105123837535
2026-08-18T06:14:39.892+00:00,1787033679.8923717,193491.9066455,14.983851100027096,513,193491.804278,25.33999999286607,76.9360999984201,10,0,0,4,1,0.0,1,estabilizada,1,1,1,,,,,,,,,,,,,nan,0.5414999209449927,-0.24914149961805895,1.583105123837535
2026-08-18T06:14:40.038+00:00,1787033680.038654,193492.0529821,15.13018770000781,518,193491.9615282,8.120200014673173,83.3095999842044,1,0,0,4,1,0.0,1,estabilizada,1,1,1,,,,,,,,,,,,,nan,0.5415009718718883,-0.24914513707841257,1.58309917195493
2026-08-18T06:14:40.038+00:00,1787033680.038654,193492.0530125,15.13021810000646,518,193491.9615282,8.120200014673173,83.3095999842044,2,1,1,4,1,0.0,1,estabilizada,1,1,1,766.25,434.0,0.660723090171814,0.5827812552452087,0.6539452515896972,0.535485813092544,0.6410840015896972,0.524041313092544,0.30373826304773555,0.623193079419636,0.5181891344747884,0.3744723926536072,0.0,0.5415009718718883,-0.24914513707841257,1.58309917195493
2026-08-18T06:14:40.038+00:00,1787033680.038654,193492.0530247,15.130230300012045,518,193491.9615282,8.120200014673173,83.3095999842044,3,1,1,4,1,0.0,1,estabilizada,1,1,1,446.5,275.25,0.14024819433689117,0.8918237090110779,0.16305962056836032,0.8269590448338815,0.15019837056836033,0.8155145448338815,0.024749740318678177,0.1490695412592779,0.8151162126252619,0.035753813341935684,0.0,0.5415009718718883,-0.24914513707841257,1.58309917195493
2026-08-18T06:14:40.038+00:00,1787033680.038654,193492.0530372,15.130242800019914,518,193491.9615282,8.120200014673173,83.3095999842044,10,0,0,4,1,0.0,1,estabilizada,1,1,1,,,,,,,,,,,,,nan,0.5415009718718883,-0.24914513707841257,1.58309917195493
2026-08-18T06:14:40.179+00:00,1787033680.1799664,193492.1944414,15.271647000015946,522,193492.0944184,20.94380001653917,79.00949998293072,1,0,0,4,1,0.0,1,estabilizada,1,1,1,,,,,,,,,,,,,nan,0.5415044960034052,-0.24914964229642644,1.583092902079443
2026-08-18T06:14:40.179+00:00,1787033680.1799664,193492.1944955,15.271701100020437,522,193492.0944184,20.94380001653917,79.00949998293072,2,1,1,4,1,0.0,1,estabilizada,1,1,1,770.75,434.25,0.6678266525268555,0.5821806192398071,0.660645144687248,0.5349188802477474,0.6477838946872481,0.5234743802477474,0.2650408548483656,0.6279498588828496,0.5195960026776595,0.36034877236034324,0.0,0.5415044960034052,-0.24914964229642644,1.583092902079443
2026-08-18T06:14:40.179+00:00,1787033680.1799664,193492.194511,15.271716600022046,522,193492.0944184,20.94380001653917,79.00949998293072,3,1,1,4,1,0.0,1,estabilizada,1,1,1,446.5,275.0,0.14021660387516022,0.8923310041427612,0.1630301167423474,0.8274369868399335,0.15016886674234742,0.8159924868399335,0.0658206694365821,0.1490695412592779,0.8151162126252619,0.035753813341935684,0.0,0.5415044960034052,-0.24914964229642644,1.583092902079443
2026-08-18T06:14:40.179+00:00,1787033680.1799664,193492.1945264,15.271732000022894,522,193492.0944184,20.94380001653917,79.00949998293072,10,0,0,4,1,0.0,1,estabilizada,1,1,1,,,,,,,,,,,,,nan,0.5415044960034052,-0.24914964229642644,1.583092902079443
2026-08-18T06:14:40.339+00:00,1787033680.3398635,193492.3545986,15.43180420002318,526,193492.2276169,26.73859999049455,100.21400000550784,1,0,0,4,1,0.0,1,estabilizada,1,1,1,,,,,,,,,,,,,nan,0.5415075712873623,-0.24915519549467427,1.5830865858996626
2026-08-18T06:14:40.339+00:00,1787033680.3398635,193492.3546469,15.43185250001261,526,193492.2276169,26.73859999049455,100.21400000550784,2,1,1,4,1,0.0,1,estabilizada,1,1,1,774.75,432.5,0.6743292808532715,0.5851349234580994,0.666778238498795,0.5377047251514928,0.653916988498795,0.5262602251514928,0.2421085863332837,0.6433363002121445,0.5236003349435066,0.29765295112089696,0.0,0.5415075712873623,-0.24915519549467427,1.5830865858996626
2026-08-18T06:14:40.340+00:00,1787033680.3408604,193492.3548097,15.432015300000785,526,193492.2276169,26.73859999049455,100.21400000550784,3,1,1,4,1,0.0,1,estabilizada,1,1,1,447.0,275.25,0.14108285307884216,0.8918206691741943,0.16384738469685622,0.8269550902887279,0.15098613469685623,0.815510590288728,0.02357900886167228,0.1490695412592779,0.8151162126252619,0.035753813341935684,0.0,0.5415075712873623,-0.24915519549467427,1.5830865858996626
2026-08-18T06:14:40.340+00:00,1787033680.3408604,193492.3548924,15.432098000019323,526,193492.2276169,26.73859999049455,100.21400000550784,10,0,0,4,1,0.0,1,estabilizada,1,1,1,,,,,,,,,,,,,nan,0.5415075712873623,-0.24915519549467427,1.5830865858996626
2026-08-18T06:14:40.519+00:00,1787033680.5198836,193492.5338573,15.611062900017714,531,193492.3960906,31.1138000106439,106.6069999942556,1,0,0,4,1,0.0,1,estabilizada,1,1,1,,,,,,,,,,,,,nan,0.5415124781654042,-0.24915698552749638,1.5830840652506772
2026-08-18T06:14:40.519+00:00,1787033680.5198836,193492.5340358,15.611241400009021,531,193492.3960906,31.1138000106439,106.6069999942556,2,1,1,4,1,0.0,1,estabilizada,1,1,1,779.0,431.5,0.6811673641204834,0.5867556929588318,0.6732278364530333,0.5392331749099519,0.6603665864530333,0.527788674909952,0.2249367860552503,0.6504282101865562,0.5250407676369511,0.28553878408303285,0.0,0.5415124781654042,-0.24915698552749638,1.5830840652506772
2026-08-18T06:14:40.519+00:00,1787033680.5198836,193492.5340849,15.611290500004543,531,193492.3960906,31.1138000106439,106.6069999942556,3,1,1,4,1,0.0,1,estabilizada,1,1,1,446.5,275.25,0.14026224613189697,0.8918365836143494,0.1630737453287494,0.8269698949293707,0.15021249532874942,0.8155253949293707,0.024742908412908868,0.1490695412592779,0.8151162126252619,0.035753813341935684,0.0,0.5415124781654042,-0.24915698552749638,1.5830840652506772
2026-08-18T06:14:40.519+00:00,1787033680.5198836,193492.5341107,15.611316300026374,531,193492.3960906,31.1138000106439,106.6069999942556,10,0,0,4,1,0.0,1,estabilizada,1,1,1,,,,,,,,,,,,,nan,0.5415124781654042,-0.24915698552749638,1.5830840652506772
2026-08-18T06:14:40.695+00:00,1787033680.6950994,193492.7090979,15.786303500004578,537,193492.5976592,13.969299994641915,97.42090001236647,1,0,0,4,1,0.0,1,estabilizada,1,1,1,,,,,,,,,,,,,nan,0.541518175511185,-0.24915967604897507,1.5830803266649913
2026-08-18T06:14:40.695+00:00,1787033680.6950994,193492.7091496,15.786355200019898,537,193492.5976592,13.969299994641915,97.42090001236647,2,1,1,4,1,0.0,1,estabilizada,1,1,1,786.0,431.25,0.6923028230667114,0.5869501233100891,0.6837305364610241,0.5394162864764007,0.6708692864610242,0.5279717864764008,0.20387812234030667,0.6542546368359567,0.5258533689759728,0.2642751336156648,0.0,0.541518175511185,-0.24915967604897507,1.5830803266649913
2026-08-18T06:14:40.695+00:00,1787033680.6950994,193492.7091821,15.786387700005434,537,193492.5976592,13.969299994641915,97.42090001236647,3,1,1,4,1,0.0,1,estabilizada,1,1,1,446.75,275.5,0.1407155841588974,0.8913323283195496,0.16350168832184775,0.826494001000175,0.15064043832184776,0.815049501000175,-0.013682717948078436,0.1490695412592779,0.8151162126252619,0.035753813341935684,0.0,0.541518175511185,-0.24915967604897507,1.5830803266649913
2026-08-18T06:14:40.695+00:00,1787033680.6950994,193492.7091952,15.786400800017873,537,193492.5976592,13.969299994641915,97.42090001236647,10,0,0,4,1,0.0,1,estabilizada,1,1,1,,,,,,,,,,,,,nan,0.541518175511185,-0.24915967604897507,1.5830803266649913
2026-08-18T06:14:40.861+00:00,1787033680.8610353,193492.8753715,15.95257710001897,542,193492.761433,21.054699987871572,92.82449999591336,1,0,0,4,1,0.0,1,estabilizada,1,1,1,,,,,,,,,,,,,nan,0.5415250008480615,-0.2491638834066916,1.583075261078152
2026-08-18T06:14:40.861+00:00,1787033680.8610353,193492.875457,15.952662600000622,542,193492.761433,21.054699987871572,92.82449999591336,2,1,1,4,1,0.0,1,estabilizada,1,1,1,791.25,430.25,0.7007477283477783,0.5885385870933533,0.6916956978933229,0.540914052620079,0.6788344478933228,0.529469552620079,0.1976671295667577,0.6584080957417362,0.5263951505535676,0.25463740703273113,0.0,0.5415250008480615,-0.2491638834066916,1.583075261078152
2026-08-18T06:14:40.861+00:00,1787033680.8610353,193492.8754905,15.952696100022877,542,193492.761433,21.054699987871572,92.82449999591336,3,1,1,4,1,0.0,1,estabilizada,1,1,1,447.0,275.25,0.14109598100185394,0.8918342590332031,0.1638609200241558,0.8269669495979879,0.15099967002415582,0.8155224495979879,0.02357015262011337,0.1490695412592779,0.8151162126252619,0.035753813341935684,0.0,0.5415250008480615,-0.2491638834066916,1.583075261078152
2026-08-18T06:14:40.861+00:00,1787033680.8610353,193492.8755055,15.952711100020679,542,193492.761433,21.054699987871572,92.82449999591336,10,0,0,4,1,0.0,1,estabilizada,1,1,1,,,,,,,,,,,,,nan,0.5415250008480615,-0.2491638834066916,1.583075261078152
2026-08-18T06:14:41.030+00:00,1787033681.0302696,193493.0445036,16.121709200000623,547,193492.9320314,10.440999991260469,101.82189999613911,1,0,0,4,1,0.0,1,estabilizada,1,1,1,,,,,,,,,,,,,nan,0.5415312003927936,-0.24916421478448694,1.5830728609322469
2026-08-18T06:14:41.030+00:00,1787033681.0302696,193493.0445767,16.12178230000427,547,193492.9320314,10.440999991260469,101.82189999613911,2,1,1,4,1,0.0,1,estabilizada,1,1,1,795.25,429.25,0.7072169184684753,0.5901739001274109,0.6977974438537503,0.5424563046797911,0.6849361938537504,0.5310118046797911,0.18452995724890234,0.6659443195998732,0.5274783861690788,0.22971852451937047,0.0,0.5415312003927936,-0.24916421478448694,1.5830728609322469
2026-08-18T06:14:41.030+00:00,1787033681.0302696,193493.0446153,16.12182090000715,547,193492.9320314,10.440999991260469,101.82189999613911,3,1,1,4,1,0.0,1,estabilizada,1,1,1,447.0,275.25,0.1411004513502121,0.8918392062187195,0.1638655231944794,0.8269714983421433,0.1510042731944794,0.8155269983421434,0.023567887964385827,0.1490695412592779,0.8151162126252619,0.035753813341935684,0.0,0.5415312003927936,-0.24916421478448694,1.5830728609322469
2026-08-18T06:14:41.030+00:00,1787033681.0302696,193493.0446415,16.121847100002924,547,193492.9320314,10.440999991260469,101.82189999613911,10,0,0,4,1,0.0,1,estabilizada,1,1,1,,,,,,,,,,,,,nan,0.5415312003927936,-0.24916421478448694,1.5830728609322469
2026-08-18T06:14:41.187+00:00,1787033681.1879585,193493.2023651,16.279570700018667,552,193493.1022419,11.499000014737248,88.59969998593442,1,0,0,4,1,0.0,1,estabilizada,1,1,1,,,,,,,,,,,,,nan,0.5415403212425525,-0.24916373715545004,1.5830707665597732
2026-08-18T06:14:41.187+00:00,1787033681.1879585,193493.20241,16.27961560001131,552,193493.1022419,11.499000014737248,88.59969998593442,2,1,1,4,1,0.0,1,estabilizada,1,1,1,801.5,428.5,0.7172462344169617,0.5912861227989197,0.7072570838876636,0.5435052598118087,0.6943958338876637,0.5320607598118088,0.1784902657174464,0.6748292145185066,0.5291763981623296,0.2120576874448963,0.0,0.5415403212425525,-0.24916373715545004,1.5830707665597732
2026-08-18T06:14:41.187+00:00,1787033681.1879585,193493.2024227,16.279628300020704,552,193493.1022419,11.499000014737248,88.59969998593442,3,1,1,4,1,0.0,1,estabilizada,1,1,1,447.0,275.25,0.14110487699508667,0.8918445706367493,0.16387024588670607,0.8269764991199853,0.15100899588670608,0.8155319991199853,0.02356344223092938,0.1490695412592779,0.8151162126252619,0.035753813341935684,0.0,0.5415403212425525,-0.24916373715545004,1.5830707665597732
2026-08-18T06:14:41.187+00:00,1787033681.1879585,193493.2024359,16.2796415000048,552,193493.1022419,11.499000014737248,88.59969998593442,10,0,0,4,1,0.0,1,estabilizada,1,1,1,,,,,,,,,,,,,nan,0.5415403212425525,-0.24916373715545004,1.5830707665597732
2026-08-18T06:14:41.343+00:00,1787033681.343322,193493.3578318,16.43503740002052,557,193493.2611025,3.404999995836988,93.29780002008192,1,0,0,4,1,0.0,1,estabilizada,1,1,1,,,,,,,,,,,,,nan,0.5415472983749265,-0.24916259392037027,1.5830691874757579
2026-08-18T06:14:41.343+00:00,1787033681.343322,193493.3578803,16.435085900011472,557,193493.2611025,3.404999995836988,93.29780002008192,2,1,1,4,1,0.0,1,estabilizada,1,1,1,806.0,427.0,0.7245877385139465,0.5937972068786621,0.714181598502606,0.5458736021037605,0.701320348502606,0.5344291021037605,0.24187090770839512,0.6835643102394933,0.5304773886224784,0.2120576874448963,0.0,0.5415472983749265,-0.24916259392037027,1.5830691874757579
2026-08-18T06:14:41.343+00:00,1787033681.343322,193493.3578967,16.435102300019935,557,193493.2611025,3.404999995836988,93.29780002008192,3,1,1,4,1,0.0,1,estabilizada,1,1,1,447.0,275.25,0.14110882580280304,0.8918492794036865,0.16387438956755357,0.8269809404759934,0.15101313956755358,0.8155364404759934,0.023561193676372633,0.1490695412592779,0.8151162126252619,0.035753813341935684,0.0,0.5415472983749265,-0.24916259392037027,1.5830691874757579
2026-08-18T06:14:41.343+00:00,1787033681.343322,193493.3579083,16.43511390002095,557,193493.2611025,3.404999995836988,93.29780002008192,10,0,0,4,1,0.0,1,estabilizada,1,1,1,,,,,,,,,,,,,nan,0.5415472983749265,-0.24916259392037027,1.5830691874757579
2026-08-18T06:14:41.490+00:00,1787033681.4903755,193493.5044633,16.581668900005752,561,193493.3959224,30.348700005561113,78.16400000592694,1,0,0,4,1,0.0,1,estabilizada,1,1,1,,,,,,,,,,,,,nan,0.5415474429361137,-0.2491575129763245,1.5830702983697502
2026-08-18T06:14:41.490+00:00,1787033681.4903755,193493.5045203,16.58172590000322,561,193493.3959224,30.348700005561113,78.16400000592694,2,1,1,4,1,0.0,1,estabilizada,1,1,1,809.5,425.75,0.7303171753883362,0.5959019660949707,0.7195853235317284,0.5478590249856979,0.7067240735317284,0.536414524985698,0.3219276314844589,0.694818747618733,0.5328274452428938,0.2347931215335529,0.0,0.5415474429361137,-0.2491575129763245,1.5830702983697502
2026-08-18T06:14:41.490+00:00,1787033681.4903755,193493.5045473,16.581752900005085,561,193493.3959224,30.348700005561113,78.16400000592694,3,1,1,4,1,0.0,1,estabilizada,1,1,1,447.0,275.25,0.14111274480819702,0.891852855682373,0.16387807801457815,0.8269846478175457,0.15101682801457816,0.8155401478175457,0.023557861017511707,0.1490695412592779,0.8151162126252619,0.035753813341935684,0.0,0.5415474429361137,-0.2491575129763245,1.5830702983697502
2026-08-18T06:14:41.490+00:00,1787033681.4903755,193493.5045654,16.581771000026492,561,193493.3959224,30.348700005561113,78.16400000592694,10,0,0,4,1,0.0,1,estabilizada,1,1,1,,,,,,,,,,,,,nan,0.5415474429361137,-0.2491575129763245,1.5830702983697502
2026-08-18T06:14:41.636+00:00,1787033681.6363375,193493.6508187,16.728024300013203,566,193493.5612855,3.0122000025585294,86.49659997900017,1,0,0,4,1,0.0,1,estabilizada,1,1,1,,,,,,,,,,,,,nan,0.5415453177094323,-0.24914965427957383,1.5830743599263353
2026-08-18T06:14:41.636+00:00,1787033681.6363375,193493.6508599,16.728065500006778,566,193493.5612855,3.0122000025585294,86.49659997900017,2,1,1,4,1,0.0,1,estabilizada,1,1,1,813.0,424.0,0.7361157536506653,0.5989013910293579,0.7250541511902946,0.5506884984389204,0.7121929011902945,0.5392439984389205,0.3716288857043682,0.6995023447212319,0.5341339400086945,0.2699919385424525,0.0,0.5415453177094323,-0.24914965427957383,1.5830743599263353
2026-08-18T06:14:41.636+00:00,1787033681.6363375,193493.6508752,16.728080800006865,566,193493.5612855,3.0122000025585294,86.49659997900017,3,1,1,4,1,0.0,1,estabilizada,1,1,1,447.0,275.25,0.14111612737178802,0.891855776309967,0.16388108904551824,0.8269880156080395,0.15101983904551824,0.8155435156080395,0.023555593220851136,0.1490695412592779,0.8151162126252619,0.035753813341935684,0.0,0.5415453177094323,-0.24914965427957383,1.5830743599263353
2026-08-18T06:14:41.636+00:00,1787033681.6363375,193493.6508884,16.728094000020064,566,193493.5612855,3.0122000025585294,86.49659997900017,10,0,0,4,1,0.0,1,estabilizada,1,1,1,,,,,,,,,,,,,nan,0.5415453177094323,-0.24914965427957383,1.5830743599263353
2026-08-18T06:14:41.790+00:00,1787033681.790737,193493.8052626,16.88246820002678,570,193493.6945605,24.306099978275597,86.37230002204888,1,0,0,4,1,0.0,1,estabilizada,1,1,1,,,,,,,,,,,,,nan,0.5415412775849677,-0.24913952950693682,1.583080896532623
2026-08-18T06:14:41.790+00:00,1787033681.790737,193493.8053149,16.882520500017563,570,193493.6945605,24.306099978275597,86.37230002204888,2,1,1,4,1,0.0,1,estabilizada,1,1,1,815.25,423.5,0.7397730946540833,0.5997160077095032,0.7285033840693009,0.5514575778864853,0.7156421340693009,0.5400130778864853,0.4403082159587228,0.702572344625176,0.5351644352114721,0.29056849197898743,0.0,0.5415412775849677,-0.24913952950693682,1.583080896532623
2026-08-18T06:14:41.790+00:00,1787033681.790737,193493.8053286,16.882534200005466,570,193493.6945605,24.306099978275597,86.37230002204888,3,1,1,4,1,0.0,1,estabilizada,1,1,1,446.75,275.0,0.14067041873931885,0.8923673033714294,0.16346039578668886,0.827471305204771,0.15059914578668887,0.816026805204771,0.060960138187500096,0.1490695412592779,0.8151162126252619,0.035753813341935684,0.0,0.5415412775849677,-0.24913952950693682,1.583080896532623
2026-08-18T06:14:41.790+00:00,1787033681.790737,193493.805361,16.882566600019345,570,193493.6945605,24.306099978275597,86.37230002204888,10,0,0,4,1,0.0,1,estabilizada,1,1,1,,,,,,,,,,,,,nan,0.5415412775849677,-0.24913952950693682,1.583080896532623
2026-08-18T06:14:41.948+00:00,1787033681.9481978,193493.9628169,17.040022500004852,575,193493.8604935,12.108399998396635,90.19010001793504,1,0,0,4,1,0.0,1,estabilizada,1,1,1,,,,,,,,,,,,,nan,0.5415330905990318,-0.24912305903701165,1.5830919361138722
2026-08-18T06:14:41.948+00:00,1787033681.9481978,193493.9628601,17.040065700013656,575,193493.8604935,12.108399998396635,90.19010001793504,2,1,1,4,1,0.0,1,estabilizada,1,1,1,818.75,421.25,0.7456516027450562,0.60361647605896,0.734047307584386,0.555137574481688,0.721186057584386,0.543693074481688,0.537777464894908,0.7073693515751031,0.5370131420406197,0.34397567769681997,0.0,0.5415330905990318,-0.24912305903701165,1.5830919361138722
2026-08-18T06:14:41.948+00:00,1787033681.9481978,193493.9628888,17.04009439999936,575,193493.8604935,12.108399998396635,90.19010001793504,3,1,1,4,1,0.0,1,estabilizada,1,1,1,447.0,275.0,0.14108632504940033,0.8923631906509399,0.1638520331408314,0.8274688152022824,0.15099078314083142,0.8160243152022825,0.06095760118716011,0.1490695412592779,0.8151162126252619,0.035753813341935684,0.0,0.5415330905990318,-0.24912305903701165,1.5830919361138722
2026-08-18T06:14:41.948+00:00,1787033681.9481978,193493.9628994,17.040105000021867,575,193493.8604935,12.108399998396635,90.19010001793504,10,0,0,4,1,0.0,1,estabilizada,1,1,1,,,,,,,,,,,,,nan,0.5415330905990318,-0.24912305903701165,1.5830919361138722
2026-08-18T06:14:42.099+00:00,1787033682.0997858,193494.1145245,17.191730100021232,579,193493.9954249,30.72829998563975,88.34740001475438,1,0,0,4,1,0.0,1,estabilizada,1,1,1,,,,,,,,,,,,,nan,0.5415220365540998,-0.24910755279577695,1.5831024916515153
2026-08-18T06:14:42.099+00:00,1787033682.0997858,193494.1145628,17.19176840002183,579,193493.9954249,30.72829998563975,88.34740001475438,2,1,1,4,1,0.0,1,estabilizada,1,1,1,820.5,420.0,0.7486143708229065,0.6057939529418945,0.736841090076725,0.557192465721617,0.723979840076725,0.545747965721617,0.537873134651933,0.7177251504468893,0.542131719810367,0.44736370506691636,0.0,0.5415220365540998,-0.24910755279577695,1.5831024916515153
2026-08-18T06:14:42.099+00:00,1787033682.0997858,193494.1145741,17.19177970002056,579,193493.9954249,30.72829998563975,88.34740001475438,3,1,1,4,1,0.0,1,estabilizada,1,1,1,446.75,275.0,0.1406775563955307,0.8923705816268921,0.16346572292582034,0.827477100225781,0.15060447292582035,0.8160326002257811,0.060953966163083496,0.1490695412592779,0.8151162126252619,0.035753813341935684,0.0,0.5415220365540998,-0.24910755279577695,1.5831024916515153
2026-08-18T06:14:42.100+00:00,1787033682.100787,193494.1147005,17.191906100022607,579,193493.9954249,30.72829998563975,88.34740001475438,10,0,0,4,1,0.0,1,estabilizada,1,1,1,,,,,,,,,,,,,nan,0.5415220365540998,-0.24910755279577695,1.5831024916515153
2026-08-18T06:14:42.247+00:00,1787033682.2472808,193494.261709,17.338914600026328,584,193494.1635481,17.477299988968298,80.65399999031797,1,0,0,4,1,0.0,1,estabilizada,1,1,1,,,,,,,,,,,,,nan,0.5415098789345247,-0.24908444352074474,1.5831186298833917
2026-08-18T06:14:42.247+00:00,1787033682.2472808,193494.2617551,17.338960699999006,584,193494.1635481,17.477299988968298,80.65399999031797,2,1,1,4,1,0.0,1,estabilizada,1,1,1,823.25,418.25,0.7532477378845215,0.6088354587554932,0.7412104799394846,0.5600628716938724,0.7283492299394847,0.5486183716938724,0.5379336800035368,0.7177251504468893,0.542131719810367,0.4767915027598709,0.0,0.5415098789345247,-0.24908444352074474,1.5831186298833917
2026-08-18T06:14:42.247+00:00,1787033682.2472808,193494.2617857,17.33899129999918,584,193494.1635481,17.477299988968298,80.65399999031797,3,1,1,4,1,0.0,1,estabilizada,1,1,1,447.0,275.25,0.14113011956214905,0.8918623328208923,0.16389163450065247,0.8269997205488663,0.15103038450065248,0.8155552205488663,0.023545213385957806,0.1490695412592779,0.8151162126252619,0.035753813341935684,0.0,0.5415098789345247,-0.24908444352074474,1.5831186298833917
2026-08-18T06:14:42.247+00:00,1787033682.2472808,193494.2617956,17.339001200016355,584,193494.1635481,17.477299988968298,80.65399999031797,10,0,0,4,1,0.0,1,estabilizada,1,1,1,,,,,,,,,,,,,nan,0.5415098789345247,-0.24908444352074474,1.5831186298833917
2026-08-18T06:14:42.397+00:00,1787033682.3970397,193494.411308,17.488513600022998,589,193494.3276411,3.3272999862674624,80.31729998765513,1,0,0,4,1,0.0,1,estabilizada,1,1,1,,,,,,,,,,,,,nan,0.5415009764726598,-0.24906510728315037,1.583132582142437
2026-08-18T06:14:42.397+00:00,1787033682.3970397,193494.4113387,17.488544300023932,589,193494.3276411,3.3272999862674624,80.31729998765513,2,1,1,4,1,0.0,1,estabilizada,1,1,1,826.25,416.5,0.7582899928092957,0.6118739247322083,0.745965686121164,0.5629301320547034,0.733104436121164,0.5514856320547035,0.6069092846743018,0.7222445727209564,0.5447102110246471,0.5051768164775499,0.0,0.5415009764726598,-0.24906510728315037,1.583132582142437
2026-08-18T06:14:42.397+00:00,1787033682.3970397,193494.4113503,17.48855590002495,589,193494.3276411,3.3272999862674624,80.31729998765513,3,1,1,4,1,0.0,1,estabilizada,1,1,1,446.25,275.0,0.13985981047153473,0.89238440990448,0.16269283491171332,0.8274937887994159,0.14983158491171333,0.816049288799416,0.06577871472594238,0.1490695412592779,0.8151162126252619,0.035753813341935684,0.0,0.5415009764726598,-0.24906510728315037,1.583132582142437
2026-08-18T06:14:42.397+00:00,1787033682.3970397,193494.4113605,17.488566100015305,589,193494.3276411,3.3272999862674624,80.31729998765513,10,0,0,4,1,0.0,1,estabilizada,1,1,1,,,,,,,,,,,,,nan,0.5415009764726598,-0.24906510728315037,1.583132582142437
2026-08-18T06:14:42.534+00:00,1787033682.5341258,193494.5509749,17.62818050000351,593,193494.4625734,9.484000009251758,78.8919999904465,1,0,0,4,1,0.0,1,estabilizada,1,1,1,,,,,,,,,,,,,nan,0.5414913399226537,-0.24904939211233956,1.583145281756721
2026-08-18T06:14:42.534+00:00,1787033682.5341258,193494.5510202,17.6282257999992,593,193494.4625734,9.484000009251758,78.8919999904465,2,1,1,4,1,0.0,1,estabilizada,1,1,1,828.5,414.25,0.7622047066688538,0.6158446669578552,0.7496574040074606,0.566676428127656,0.7367961540074606,0.555231928127656,0.6245296742292581,0.7288796664024875,0.5491516740811844,0.5627277144416579,0.0,0.5414913399226537,-0.24904939211233956,1.583145281756721
2026-08-18T06:14:42.534+00:00,1787033682.5341258,193494.5510327,17.62823830000707,593,193494.4625734,9.484000009251758,78.8919999904465,3,1,1,4,1,0.0,1,estabilizada,1,1,1,446.75,275.25,0.14072473347187042,0.89187091588974,0.1635078570400037,0.8270109002591806,0.1506466070400037,0.8155664002591806,0.023538333349517652,0.1490695412592779,0.8151162126252619,0.035753813341935684,0.0,0.5414913399226537,-0.24904939211233956,1.583145281756721
2026-08-18T06:14:42.534+00:00,1787033682.5341258,193494.5510433,17.62824890000047,593,193494.4625734,9.484000009251758,78.8919999904465,10,0,0,4,1,0.0,1,estabilizada,1,1,1,,,,,,,,,,,,,nan,0.5414913399226537,-0.24904939211233956,1.583145281756721
2026-08-18T06:14:42.681+00:00,1787033682.6810462,193494.6956942,17.772899800009327,597,193494.5939856,21.223600022494793,80.45849998597987,1,0,0,4,1,0.0,1,estabilizada,1,1,1,,,,,,,,,,,,,nan,0.5414812953817717,-0.24903098944705804,1.5831612387694445
2026-08-18T06:14:42.681+00:00,1787033682.6810462,193494.6957216,17.772927200014237,597,193494.5939856,21.223600022494793,80.45849998597987,2,1,1,4,1,0.0,1,estabilizada,1,1,1,830.5,413.25,0.7655569314956665,0.617576539516449,0.7528186160566619,0.568311388439772,0.7399573660566618,0.5568668884397721,0.6736745228000488,0.7306701125678081,0.5505268252953215,0.596391388668364,0.0,0.5414812953817717,-0.24903098944705804,1.5831612387694445
2026-08-18T06:14:42.681+00:00,1787033682.6810462,193494.6957376,17.772943200019654,597,193494.5939856,21.223600022494793,80.45849998597987,3,1,1,4,1,0.0,1,estabilizada,1,1,1,446.75,275.25,0.1407279670238495,0.8918717503547668,0.16351010611932643,0.8270133871838897,0.15064885611932644,0.8155688871838898,0.023534846878884557,0.1490695412592779,0.8151162126252619,0.035753813341935684,0.0,0.5414812953817717,-0.24903098944705804,1.5831612387694445
2026-08-18T06:14:42.681+00:00,1787033682.6810462,193494.6957579,17.772963499999605,597,193494.5939856,21.223600022494793,80.45849998597987,10,0,0,4,1,0.0,1,estabilizada,1,1,1,,,,,,,,,,,,,nan,0.5414812953817717,-0.24903098944705804,1.5831612387694445
2026-08-18T06:14:42.820+00:00,1787033682.8205998,193494.8359048,17.9131104000262,601,193494.7300683,23.541899980045855,82.2714000241831,1,0,0,4,1,0.0,1,estabilizada,1,1,1,,,,,,,,,,,,,nan,0.5414727934646394,-0.2490088147143886,1.5831797372299787
2026-08-18T06:14:42.820+00:00,1787033682.8205998,193494.8359451,17.91315070001292,601,193494.7300683,23.541899980045855,82.2714000241831,2,1,1,4,1,0.0,1,estabilizada,1,1,1,834.75,410.0,0.7728427648544312,0.6232975721359253,0.7596899326551542,0.5737090301843402,0.7468286826551542,0.5622645301843402,0.6320753991493354,0.7342582835509006,0.5531627334946642,0.6076439723564961,0.0,0.5414727934646394,-0.2490088147143886,1.5831797372299787
2026-08-18T06:14:42.820+00:00,1787033682.8205998,193494.8359577,17.91316330002155,601,193494.7300683,23.541899980045855,82.2714000241831,3,1,1,4,1,0.0,1,estabilizada,1,1,1,446.75,275.25,0.1407310664653778,0.8918724656105042,0.16351227985624528,0.8270160801890395,0.1506510298562453,0.8155715801890395,0.023530247538643755,0.1490695412592779,0.8151162126252619,0.035753813341935684,0.0,0.5414727934646394,-0.2490088147143886,1.5831797372299787
2026-08-18T06:14:42.822+00:00,1787033682.8221023,193494.8359706,17.913176200003363,601,193494.7300683,23.541899980045855,82.2714000241831,10,0,0,4,1,0.0,1,estabilizada,1,1,1,,,,,,,,,,,,,nan,0.5414727934646394,-0.2490088147143886,1.5831797372299787
2026-08-18T06:14:42.962+00:00,1787033682.9622316,193494.976573,18.0537786000059,606,193494.8935728,3.8966999854892492,79.08369999495335,1,0,0,4,1,0.0,1,estabilizada,1,1,1,,,,,,,,,,,,,nan,0.5414662961690063,-0.2489899111659904,1.5831949752195895
2026-08-18T06:14:42.962+00:00,1787033682.9622316,193494.9766061,18.053811700025108,606,193494.8935728,3.8966999854892492,79.08369999495335,2,1,1,4,1,0.0,1,estabilizada,1,1,1,839.75,407.0,0.7813252806663513,0.6285582184791565,0.7676899995148514,0.5786721760748665,0.7548287495148513,0.5672276760748666,0.6072054776166323,0.7431884555960548,0.559455986302688,0.6076439723564961,0.0,0.5414662961690063,-0.2489899111659904,1.5831949752195895
2026-08-18T06:14:42.962+00:00,1787033682.9622316,193494.9766179,18.053823500027647,606,193494.8935728,3.8966999854892492,79.08369999495335,3,1,1,4,1,0.0,1,estabilizada,1,1,1,446.75,275.25,0.14073409140110016,0.891873836517334,0.1635145442155801,0.8270190720071966,0.1506532942155801,0.8155745720071966,0.023526748377690334,0.1490695412592779,0.8151162126252619,0.035753813341935684,0.0,0.5414662961690063,-0.2489899111659904,1.5831949752195895
2026-08-18T06:14:42.962+00:00,1787033682.9622316,193494.9766306,18.053836200007936,606,193494.8935728,3.8966999854892492,79.08369999495335,10,0,0,4,1,0.0,1,estabilizada,1,1,1,,,,,,,,,,,,,nan,0.5414662961690063,-0.2489899111659904,1.5831949752195895
2026-08-18T06:14:43.108+00:00,1787033683.1080987,193495.122665,18.199870600015856,610,193495.0283769,6.581399997230619,87.68419999978505,1,0,0,4,1,0.0,1,estabilizada,1,1,1,,,,,,,,,,,,,nan,0.5414626269449141,-0.24897256944359664,1.583208929515575
2026-08-18T06:14:43.108+00:00,1787033683.1080987,193495.1227036,18.199909200018737,610,193495.0283769,6.581399997230619,87.68419999978505,2,1,1,4,1,0.0,1,estabilizada,1,1,1,842.5,404.5,0.7861275672912598,0.6330039501190186,0.7722192042062255,0.5828666086217575,0.7593579542062254,0.5714221086217576,0.607201944839239,0.7506092213820957,0.5648320509516787,0.6076439723564961,0.0,0.5414626269449141,-0.24897256944359664,1.583208929515575
2026-08-18T06:14:43.108+00:00,1787033683.1080987,193495.1227151,18.199920700018993,610,193495.0283769,6.581399997230619,87.68419999978505,3,1,1,4,1,0.0,1,estabilizada,1,1,1,446.75,275.25,0.14073672890663147,0.8918753266334534,0.16351662241978931,0.8270220348582793,0.15065537241978932,0.8155775348582793,0.02352326852576997,0.1490695412592779,0.8151162126252619,0.035753813341935684,0.0,0.5414626269449141,-0.24897256944359664,1.583208929515575
2026-08-18T06:14:43.108+00:00,1787033683.1080987,193495.1227273,18.199932900024578,610,193495.0283769,6.581399997230619,87.68419999978505,10,0,0,4,1,0.0,1,estabilizada,1,1,1,,,,,,,,,,,,,nan,0.5414626269449141,-0.24897256944359664,1.583208929515575
2026-08-18T06:14:43.264+00:00,1787033683.2646463,193495.2790418,18.356247400020948,614,193495.1612931,34.1261999856215,83.60119999269955,1,0,0,4,1,0.0,1,estabilizada,1,1,1,,,,,,,,,,,,,nan,0.541459226244873,-0.24895733455681796,1.583220804895758
2026-08-18T06:14:43.264+00:00,1787033683.2646463,193495.2790794,18.356285000016214,614,193495.1612931,34.1261999856215,83.60119999269955,2,1,1,4,1,0.0,1,estabilizada,1,1,1,846.5,402.5,0.7928878664970398,0.6365070343017578,0.7785951174675164,0.5861717980852788,0.7657338674675165,0.5747272980852788,0.624403676860534,0.7541946476624937,0.5674714029540664,0.6076439723564961,0.0,0.541459226244873,-0.24895733455681796,1.583220804895758
2026-08-18T06:14:43.264+00:00,1787033683.2646463,193495.2790913,18.356296900019515,614,193495.1612931,34.1261999856215,83.60119999269955,3,1,1,4,1,0.0,1,estabilizada,1,1,1,446.5,275.25,0.1403268724679947,0.8918832540512085,0.1631297005563333,0.8270308641273136,0.1502684505563333,0.8155863641273137,0.024687470142284302,0.1490695412592779,0.8151162126252619,0.035753813341935684,0.0,0.541459226244873,-0.24895733455681796,1.583220804895758
2026-08-18T06:14:43.264+00:00,1787033683.2646463,193495.2791038,18.356309400027385,614,193495.1612931,34.1261999856215,83.60119999269955,10,0,0,4,1,0.0,1,estabilizada,1,1,1,,,,,,,,,,,,,nan,0.541459226244873,-0.24895733455681796,1.583220804895758
2026-08-18T06:14:43.417+00:00,1787033683.4174569,193495.4320629,18.509268500027247,619,193495.3281292,19.434999994700775,84.4758000166621,1,0,0,4,1,0.0,1,estabilizada,1,1,1,,,,,,,,,,,,,nan,0.5414583758345816,-0.24894040584302457,1.5832349738409788
2026-08-18T06:14:43.417+00:00,1787033683.4174569,193495.4321008,18.509306400024798,619,193495.3281292,19.434999994700775,84.4758000166621,2,1,1,4,1,0.0,1,estabilizada,1,1,1,852.5,398.0,0.8032837510108948,0.6445172429084778,0.788400120876891,0.5937280740761628,0.7755388708768911,0.5822835740761628,0.6070403583701572,0.7589744331682292,0.570400870391641,0.6076439723564961,0.0,0.5414583758345816,-0.24894040584302457,1.5832349738409788
2026-08-18T06:14:43.417+00:00,1787033683.4174569,193495.4321125,18.509318100026576,619,193495.3281292,19.434999994700775,84.4758000166621,3,1,1,4,1,0.0,1,estabilizada,1,1,1,447.0,275.25,0.14115466177463531,0.8918734788894653,0.16391018123994355,0.8270231873519841,0.15104893123994356,0.8155786873519841,0.023516305799343204,0.1490695412592779,0.8151162126252619,0.035753813341935684,0.0,0.5414583758345816,-0.24894040584302457,1.5832349738409788
2026-08-18T06:14:43.417+00:00,1787033683.4174569,193495.4321254,18.509331000008387,619,193495.3281292,19.434999994700775,84.4758000166621,10,0,0,4,1,0.0,1,estabilizada,1,1,1,,,,,,,,,,,,,nan,0.5414583758345816,-0.24894040584302457,1.5832349738409788
2026-08-18T06:14:43.565+00:00,1787033683.5652485,193495.5800272,18.65723280000384,624,193495.4983239,3.847099986160174,77.83620001282543,1,0,0,4,1,0.0,1,estabilizada,1,1,1,,,,,,,,,,,,,nan,0.5414586970395121,-0.24892744035435155,1.5832461950181878
2026-08-18T06:14:43.565+00:00,1787033683.5652485,193495.58006,18.657265600020764,624,193495.4983239,3.847099986160174,77.83620001282543,2,1,1,4,1,0.0,1,estabilizada,1,1,1,857.5,395.5,0.8117865324020386,0.6489269137382507,0.7964196834184869,0.5978881731288624,0.7835584334184869,0.5864436731288625,0.6242529809699996,0.770928626249203,0.5784182454580431,0.6076439723564961,0.0,0.5414586970395121,-0.24892744035435155,1.5832461950181878
2026-08-18T06:14:43.565+00:00,1787033683.5652485,193495.5800711,18.657276700017974,624,193495.4983239,3.847099986160174,77.83620001282543,3,1,1,4,1,0.0,1,estabilizada,1,1,1,447.0,275.25,0.1411573886871338,0.8918760418891907,0.16391261012084152,0.8270268013067812,0.15105136012084153,0.8155823013067812,0.023512835747720996,0.1490695412592779,0.8151162126252619,0.035753813341935684,0.0,0.5414586970395121,-0.24892744035435155,1.5832461950181878
2026-08-18T06:14:43.565+00:00,1787033683.5652485,193495.5800805,18.65728610000224,624,193495.4983239,3.847099986160174,77.83620001282543,10,0,0,4,1,0.0,1,estabilizada,1,1,1,,,,,,,,,,,,,nan,0.5414586970395121,-0.24892744035435155,1.5832461950181878
2026-08-18T06:14:43.712+00:00,1787033683.7122688,193495.7267903,18.80399590000161,628,193495.6283322,11.577700002817437,86.85419999528676,1,0,0,4,1,0.0,1,estabilizada,1,1,1,,,,,,,,,,,,,nan,0.5414576618420409,-0.24891479860747298,1.5832576195283121
2026-08-18T06:14:43.712+00:00,1787033683.7122688,193495.7268286,18.804034200002206,628,193495.6283322,11.577700002817437,86.85419999528676,2,1,1,4,1,0.0,1,estabilizada,1,1,1,861.25,392.25,0.818401038646698,0.6547694802284241,0.8026582412617438,0.6033997068623806,0.7897969912617437,0.5919552068623807,0.6161519630606247,0.779654856535262,0.584001008419612,0.6076439723564961,0.0,0.5414576618420409,-0.24891479860747298,1.5832576195283121
2026-08-18T06:14:43.712+00:00,1787033683.7122688,193495.7269496,18.80415520002134,628,193495.6283322,11.577700002817437,86.85419999528676,3,1,1,4,1,0.0,1,estabilizada,1,1,1,447.0,275.25,0.14116020500659943,0.891878604888916,0.1639150433038078,0.8270304051718899,0.1510537933038078,0.8155859051718899,0.023508256106525658,0.1490695412592779,0.8151162126252619,0.035753813341935684,0.0,0.5414576618420409,-0.24891479860747298,1.5832576195283121
2026-08-18T06:14:43.712+00:00,1787033683.7122688,193495.7269805,18.8041861000238,628,193495.6283322,11.577700002817437,86.85419999528676,10,0,0,4,1,0.0,1,estabilizada,1,1,1,,,,,,,,,,,,,nan,0.5414576618420409,-0.24891479860747298,1.5832576195283121
2026-08-18T06:14:43.857+00:00,1787033683.8573196,193495.8715717,18.948777300014626,632,193495.7629242,30.548899987479672,78.07710001361556,1,0,0,4,1,0.0,1,estabilizada,1,1,1,,,,,,,,,,,,,nan,0.5414571879535416,-0.2489048026110076,1.5832667458079217
2026-08-18T06:14:43.857+00:00,1787033683.8573196,193495.8716075,18.94881310002529,632,193495.7629242,30.548899987479672,78.07710001361556,2,1,1,4,1,0.0,1,estabilizada,1,1,1,865.25,390.25,0.8252387046813965,0.6583178639411926,0.8091072874245564,0.6067472488152916,0.7962460374245564,0.5953027488152917,0.624119912790957,0.7840263077343526,0.5870343447885853,0.6076439723564961,0.0,0.5414571879535416,-0.2489048026110076,1.5832667458079217
2026-08-18T06:14:43.857+00:00,1787033683.8573196,193495.8716194,18.948824999999488,632,193495.7629242,30.548899987479672,78.07710001361556,3,1,1,4,1,0.0,1,estabilizada,1,1,1,447.0,275.0,0.1411266326904297,0.8923845887184143,0.1638832212874412,0.8275085686216029,0.15102197128744121,0.816064068621603,0.060907257662399954,0.1490695412592779,0.8151162126252619,0.035753813341935684,0.0,0.5414571879535416,-0.2489048026110076,1.5832667458079217
2026-08-18T06:14:43.857+00:00,1787033683.8573196,193495.8716319,18.948837500007357,632,193495.7629242,30.548899987479672,78.07710001361556,10,0,0,4,1,0.0,1,estabilizada,1,1,1,,,,,,,,,,,,,nan,0.5414571879535416,-0.2489048026110076,1.5832667458079217
2026-08-18T06:14:44.003+00:00,1787033684.0035632,193496.0181828,19.095388400019147,637,193495.9275343,5.407100019510835,85.21389999077655,1,0,0,4,1,0.0,1,estabilizada,1,1,1,,,,,,,,,,,,,nan,0.5414616031568616,-0.2488972989178739,1.5832738967538451
2026-08-18T06:14:44.004+00:00,1787033684.004561,193496.0183937,19.095599300024332,637,193495.9275343,5.407100019510835,85.21389999077655,2,1,1,4,1,0.0,1,estabilizada,1,1,1,869.75,387.5,0.8330314755439758,0.663242757320404,0.8164574079940451,0.6113928498408719,0.8035961579940452,0.599948349840872,0.6488514771301922,0.789287314991374,0.5905322025332361,0.6076439723564961,0.0,0.5414616031568616,-0.2488972989178739,1.5832738967538451
2026-08-18T06:14:44.004+00:00,1787033684.004561,193496.0184309,19.095636500016553,637,193495.9275343,5.407100019510835,85.21389999077655,3,1,1,4,1,0.0,1,estabilizada,1,1,1,447.0,275.25,0.14116565883159637,0.8918849229812622,0.16392017721476343,0.8270380255610335,0.15105892721476344,0.8155935255610335,0.02350023552909629,0.1490695412592779,0.8151162126252619,0.035753813341935684,0.0,0.5414616031568616,-0.2488972989178739,1.5832738967538451
2026-08-18T06:14:44.004+00:00,1787033684.004561,193496.0184463,19.0956519000174,637,193495.9275343,5.407100019510835,85.21389999077655,10,0,0,4,1,0.0,1,estabilizada,1,1,1,,,,,,,,,,,,,nan,0.5414616031568616,-0.2488972989178739,1.5832738967538451
2026-08-18T06:14:44.152+00:00,1787033684.152033,193496.1660515,19.243257100024493,641,193496.0612944,22.892700013471767,81.83479998842813,1,0,0,4,1,0.0,1,estabilizada,1,1,1,,,,,,,,,,,,,nan,0.5414647627275644,-0.24889043141534825,1.583280783597973
2026-08-18T06:14:44.152+00:00,1787033684.152033,193496.1660846,19.2432902000146,641,193496.0612944,22.892700013471767,81.83479998842813,2,1,1,4,1,0.0,1,estabilizada,1,1,1,874.0,384.5,0.8404807448387146,0.6686531901359558,0.8234834827808453,0.6164963479667743,0.8106222327808452,0.6050518479667744,0.60686988155966,0.7954238512121006,0.5945414308265267,0.6076439723564961,0.0,0.5414647627275644,-0.24889043141534825,1.583280783597973
2026-08-18T06:14:44.152+00:00,1787033684.152033,193496.1660996,19.2433052000124,641,193496.0612944,22.892700013471767,81.83479998842813,3,1,1,4,1,0.0,1,estabilizada,1,1,1,447.0,275.25,0.1411679983139038,0.8918880820274353,0.16392246433815477,0.8270416774771728,0.15106121433815478,0.8155971774771729,0.02349678815173967,0.1490695412592779,0.8151162126252619,0.035753813341935684,0.0,0.5414647627275644,-0.24889043141534825,1.583280783597973
2026-08-18T06:14:44.152+00:00,1787033684.152033,193496.166112,19.24331760001951,641,193496.0612944,22.892700013471767,81.83479998842813,10,0,0,4,1,0.0,1,estabilizada,1,1,1,,,,,,,,,,,,,nan,0.5414647627275644,-0.24889043141534825,1.583280783597973
2026-08-18T06:14:44.313+00:00,1787033684.3139896,193496.3285716,19.405777200008743,646,193496.226292,4.447099985554814,97.68740000436082,1,0,0,4,1,0.0,1,estabilizada,1,1,1,,,,,,,,,,,,,nan,0.5414659498547602,-0.24888511162031077,1.5832868598267362
2026-08-18T06:14:44.313+00:00,1787033684.3139896,193496.3287238,19.405929400003515,646,193496.226292,4.447099985554814,97.68740000436082,2,1,1,4,1,0.0,1,estabilizada,1,1,1,878.5,382.25,0.8482309579849243,0.6726782321929932,0.8307932772763658,0.6202930940050378,0.8179320272763657,0.6088485940050379,0.5547224232036234,0.8022791404286509,0.599215551224832,0.6076439723564961,0.0,0.5414659498547602,-0.24888511162031077,1.5832868598267362
2026-08-18T06:14:44.313+00:00,1787033684.3139896,193496.3287453,19.405950900021708,646,193496.226292,4.447099985554814,97.68740000436082,3,1,1,4,1,0.0,1,estabilizada,1,1,1,447.0,275.25,0.1411706954240799,0.8918912410736084,0.16392498828968466,0.8270452082115101,0.15106373828968467,0.8156007082115101,0.023492250441199958,0.1490695412592779,0.8151162126252619,0.035753813341935684,0.0,0.5414659498547602,-0.24888511162031077,1.5832868598267362
2026-08-18T06:14:44.313+00:00,1787033684.3139896,193496.3287585,19.405964100005804,646,193496.226292,4.447099985554814,97.68740000436082,10,0,0,4,1,0.0,1,estabilizada,1,1,1,,,,,,,,,,,,,nan,0.5414659498547602,-0.24888511162031077,1.5832868598267362
2026-08-18T06:14:44.494+00:00,1787033684.494907,193496.5094776,19.58668320000288,651,193496.3988434,7.264599989866838,103.34470000816509,1,0,0,4,1,0.0,1,estabilizada,1,1,1,,,,,,,,,,,,,nan,0.5414682357837133,-0.24888347633270963,1.5832897385260054
2026-08-18T06:14:44.494+00:00,1787033684.494907,193496.5095212,19.58672680001473,651,193496.3988434,7.264599989866838,103.34470000816509,2,1,1,4,1,0.0,1,estabilizada,1,1,1,882.25,379.75,0.8548154234886169,0.6772029399871826,0.8370036192387543,0.6245607890019911,0.8241423692387544,0.6131162890019911,0.5710740470480017,0.812840608666819,0.6057351973882035,0.5994521175595244,0.0,0.5414682357837133,-0.24888347633270963,1.5832897385260054
2026-08-18T06:14:44.494+00:00,1787033684.494907,193496.5095347,19.58674030000111,651,193496.3988434,7.264599989866838,103.34470000816509,3,1,1,4,1,0.0,1,estabilizada,1,1,1,447.0,275.25,0.14117352664470673,0.8918942809104919,0.1639277471426241,0.8270482861101525,0.1510664971426241,0.8156037861101525,0.023488835194630176,0.1490695412592779,0.8151162126252619,0.035753813341935684,0.0,0.5414682357837133,-0.24888347633270963,1.5832897385260054
2026-08-18T06:14:44.494+00:00,1787033684.494907,193496.5095472,19.58675280000898,651,193496.3988434,7.264599989866838,103.34470000816509,10,0,0,4,1,0.0,1,estabilizada,1,1,1,,,,,,,,,,,,,nan,0.5414682357837133,-0.24888347633270963,1.5832897385260054
2026-08-18T06:14:44.641+00:00,1787033684.6411567,193496.655882,19.733087600005092,656,193496.5607505,8.407699991948903,86.7009999928996,1,0,0,4,1,0.0,1,estabilizada,1,1,1,,,,,,,,,,,,,nan,0.5414753787386336,-0.24888097105160492,1.583293492215069
2026-08-18T06:14:44.641+00:00,1787033684.6411567,193496.655917,19.733122600009665,656,193496.5607505,8.407699991948903,86.7009999928996,2,1,1,4,1,0.0,1,estabilizada,1,1,1,886.5,377.75,0.8621457815170288,0.6807900071144104,0.8439177420587984,0.6279442217648576,0.8310564920587984,0.6164997217648577,0.46896683353111723,0.8176103401913545,0.6087185683061455,0.5747927065454408,0.0,0.5414753787386336,-0.24888097105160492,1.583293492215069
2026-08-18T06:14:44.641+00:00,1787033684.6411567,193496.6559285,19.73313410000992,656,193496.5607505,8.407699991948903,86.7009999928996,3,1,1,4,1,0.0,1,estabilizada,1,1,1,447.0,275.25,0.14117568731307983,0.8918972611427307,0.16393013707583176,0.8270513930820642,0.15106888707583177,0.8156068930820642,0.02348434882660027,0.1490695412592779,0.8151162126252619,0.035753813341935684,0.0,0.5414753787386336,-0.24888097105160492,1.583293492215069
2026-08-18T06:14:44.641+00:00,1787033684.6411567,193496.6559384,19.733144000027096,656,193496.5607505,8.407699991948903,86.7009999928996,10,0,0,4,1,0.0,1,estabilizada,1,1,1,,,,,,,,,,,,,nan,0.5414753787386336,-0.24888097105160492,1.583293492215069
2026-08-18T06:14:44.809+00:00,1787033684.8093514,193496.8234264,19.900632000004407,660,193496.6976679,29.349599994020537,96.38249999261461,1,0,0,4,1,0.0,1,estabilizada,1,1,1,,,,,,,,,,,,,nan,0.5414847368239575,-0.24887775861386136,1.583297844466115
2026-08-18T06:14:44.809+00:00,1787033684.8093514,193496.8234723,19.900677900004666,660,193496.6976679,29.349599994020537,96.38249999261461,2,1,1,4,1,0.0,1,estabilizada,1,1,1,890.0,377.0,0.8680294156074524,0.682074785232544,0.8494675125560247,0.6291562966240858,0.8366062625560247,0.6177117966240858,0.5113394894413835,0.8264406079321209,0.6132452917258754,0.537504611348596,0.0,0.5414847368239575,-0.24887775861386136,1.583297844466115
2026-08-18T06:14:44.809+00:00,1787033684.8093514,193496.8235004,19.900706000014907,660,193496.6976679,29.349599994020537,96.38249999261461,3,1,1,4,1,0.0,1,estabilizada,1,1,1,447.0,275.0,0.14114119112491608,0.8924031853675842,0.1638980711641631,0.8275289197217761,0.15103682116416312,0.8160844197217761,0.06088193440194447,0.1490695412592779,0.8151162126252619,0.035753813341935684,0.0,0.5414847368239575,-0.24887775861386136,1.583297844466115
2026-08-18T06:14:44.809+00:00,1787033684.8093514,193496.8235105,19.9007161000045,660,193496.6976679,29.349599994020537,96.38249999261461,10,0,0,4,1,0.0,1,estabilizada,1,1,1,,,,,,,,,,,,,nan,0.5414847368239575,-0.24887775861386136,1.583297844466115
2026-08-18T06:14:44.984+00:00,1787033684.9842563,193496.9984122,20.075617800001055,666,193496.8955476,4.499000002397224,98.24980000848882,1,0,0,4,1,0.0,1,estabilizada,1,1,1,,,,,,,,,,,,,nan,0.5414942159007115,-0.2488772717595193,1.583300098807628
2026-08-18T06:14:44.984+00:00,1787033684.9842563,193496.9985716,20.075777200021548,666,193496.8955476,4.499000002397224,98.24980000848882,2,1,1,4,1,0.0,1,estabilizada,1,1,1,894.25,375.0,0.8753852248191833,0.6856730580329895,0.8564057585605169,0.6325501347509987,0.8435445085605169,0.6211056347509988,0.4426426152718416,0.830498712906433,0.6150351654773756,0.515061931671827,0.0,0.5414942159007115,-0.2488772717595193,1.583300098807628
2026-08-18T06:14:44.984+00:00,1787033684.9842563,193496.9985886,20.075794200005475,666,193496.8955476,4.499000002397224,98.24980000848882,3,1,1,4,1,0.0,1,estabilizada,1,1,1,447.0,275.25,0.14117933809757233,0.891903281211853,0.16393455615725366,0.8270575518111261,0.15107330615725367,0.8156130518111261,0.023476476192924724,0.1490695412592779,0.8151162126252619,0.035753813341935684,0.0,0.5414942159007115,-0.2488772717595193,1.583300098807628
2026-08-18T06:14:44.984+00:00,1787033684.9842563,193496.9986031,20.07580869999947,666,193496.8955476,4.499000002397224,98.24980000848882,10,0,0,4,1,0.0,1,estabilizada,1,1,1,,,,,,,,,,,,,nan,0.5414942159007115,-0.2488772717595193,1.583300098807628
2026-08-18T06:14:45.156+00:00,1787033685.1567116,193497.1709723,20.24817790000816,670,193497.0375599,39.30150001542643,94.08679997432046,1,0,0,4,1,0.0,1,estabilizada,1,1,1,,,,,,,,,,,,,nan,0.5415019153796209,-0.24887757966992455,1.58330163085221
2026-08-18T06:14:45.156+00:00,1787033685.1567116,193497.1710168,20.24822240002686,670,193497.0375599,39.30150001542643,94.08679997432046,2,1,1,4,1,0.0,1,estabilizada,1,1,1,898.0,374.0,0.8817433714866638,0.6874226331710815,0.8624029435777052,0.6342002922641666,0.8495416935777051,0.6227557922641667,0.45508833179883457,0.8393932938932888,0.6187503947229004,0.48069066780681546,0.0,0.5415019153796209,-0.24887757966992455,1.58330163085221
2026-08-18T06:14:45.156+00:00,1787033685.1567116,193497.1711517,20.24835730000632,670,193497.0375599,39.30150001542643,94.08679997432046,3,1,1,4,1,0.0,1,estabilizada,1,1,1,447.0,275.25,0.14118117094039917,0.8919066190719604,0.1639367004601518,0.8270607451802576,0.1510754504601518,0.8156162451802577,0.023471999556839835,0.1490695412592779,0.8151162126252619,0.035753813341935684,0.0,0.5415019153796209,-0.24887757966992455,1.58330163085221
2026-08-18T06:14:45.156+00:00,1787033685.1567116,193497.1711968,20.248402400000487,670,193497.0375599,39.30150001542643,94.08679997432046,10,0,0,4,1,0.0,1,estabilizada,1,1,1,,,,,,,,,,,,,nan,0.5415019153796209,-0.24887757966992455,1.58330163085221
2026-08-18T06:14:45.314+00:00,1787033685.314125,193497.3279612,20.40516680001747,676,193497.2271404,12.009600002784282,88.78859999822453,1,0,0,4,1,0.0,1,estabilizada,1,1,1,,,,,,,,,,,,,nan,0.541507838532337,-0.2488753226256881,1.5833050272866314
2026-08-18T06:14:45.314+00:00,1787033685.314125,193497.3280124,20.405217999999877,676,193497.2271404,12.009600002784282,88.78859999822453,2,1,1,4,1,0.0,1,estabilizada,1,1,1,903.75,371.75,0.8916463851928711,0.6914536356925964,0.8717434172515313,0.6380024024872812,0.8588821672515312,0.6265579024872813,0.4098802977766032,0.8472220007399471,0.6217278857550017,0.4641004398966329,0.0,0.541507838532337,-0.2488753226256881,1.5833050272866314
2026-08-18T06:14:45.314+00:00,1787033685.314125,193497.328025,20.405230600008508,676,193497.2271404,12.009600002784282,88.78859999822453,3,1,1,4,1,0.0,1,estabilizada,1,1,1,447.0,275.25,0.1411827802658081,0.8919098377227783,0.16393850618283645,0.8270640482747951,0.15107725618283646,0.8156195482747951,0.02346861651424142,0.1490695412592779,0.8151162126252619,0.035753813341935684,0.0,0.541507838532337,-0.2488753226256881,1.5833050272866314
2026-08-18T06:14:45.314+00:00,1787033685.314125,193497.3280389,20.405244500027038,676,193497.2271404,12.009600002784282,88.78859999822453,10,0,0,4,1,0.0,1,estabilizada,1,1,1,,,,,,,,,,,,,nan,0.541507838532337,-0.2488753226256881,1.5833050272866314
2026-08-18T06:14:45.466+00:00,1787033685.4665954,193497.4804507,20.557656300021335,681,193497.3956951,2.3551000049337745,82.37830002326518,1,0,0,4,1,0.0,1,estabilizada,1,1,1,,,,,,,,,,,,,nan,0.5415100458988021,-0.24887389125907444,1.5833089867322627
2026-08-18T06:14:45.466+00:00,1787033685.4665954,193497.4804922,20.557697800017195,681,193497.3956951,2.3551000049337745,82.37830002326518,2,1,1,4,1,0.0,1,estabilizada,1,1,1,910.75,368.75,0.9037886261940002,0.6968656182289124,0.8831956323439114,0.6431069668430018,0.8703343823439114,0.6316624668430019,0.4269268580011811,0.851804597060028,0.6235341996902156,0.44555372091876316,0.0,0.5415100458988021,-0.24887389125907444,1.5833089867322627
2026-08-18T06:14:45.466+00:00,1787033685.4665954,193497.4805045,20.55771010002354,681,193497.3956951,2.3551000049337745,82.37830002326518,3,1,1,4,1,0.0,1,estabilizada,1,1,1,447.0,275.25,0.14118443429470062,0.891913115978241,0.16394013475890934,0.8270673837101148,0.15107888475890935,0.8156228837101148,0.023466311054159247,0.1490695412592779,0.8151162126252619,0.035753813341935684,0.0,0.5415100458988021,-0.24887389125907444,1.5833089867322627
2026-08-18T06:14:45.466+00:00,1787033685.4665954,193497.4805175,20.557723100006115,681,193497.3956951,2.3551000049337745,82.37830002326518,10,0,0,4,1,0.0,1,estabilizada,1,1,1,,,,,,,,,,,,,nan,0.5415100458988021,-0.24887389125907444,1.5833089867322627
2026-08-18T06:14:45.619+00:00,1787033685.61978,193497.6341766,20.71138220001012,685,193497.526804,23.27279999735765,84.07450001686811,1,0,0,4,1,0.0,1,estabilizada,1,1,1,,,,,,,,,,,,,nan,0.5415108112931546,-0.24886805601750492,1.583315997782825
2026-08-18T06:14:45.619+00:00,1787033685.61978,193497.6342204,20.711426000023494,685,193497.526804,23.27279999735765,84.07450001686811,2,1,1,4,1,0.0,1,estabilizada,1,1,1,914.0,366.75,0.9095660448074341,0.7005290985107422,0.8886447814192846,0.6465627746517051,0.8757835314192846,0.6351182746517051,0.5106893464243989,0.8639282202532379,0.6291457555010112,0.44555372091876316,0.0,0.5415108112931546,-0.24886805601750492,1.583315997782825
2026-08-18T06:14:45.619+00:00,1787033685.61978,193497.6342351,20.71144070001901,685,193497.526804,23.27279999735765,84.07450001686811,3,1,1,4,1,0.0,1,estabilizada,1,1,1,447.0,275.25,0.14118601381778717,0.8919158577919006,0.16394156724062642,0.8270705885047716,0.15108031724062643,0.8156260885047716,0.02346399282413704,0.1490695412592779,0.8151162126252619,0.035753813341935684,0.0,0.5415108112931546,-0.24886805601750492,1.583315997782825
2026-08-18T06:14:45.619+00:00,1787033685.61978,193497.6342481,20.711453700001584,685,193497.526804,23.27279999735765,84.07450001686811,10,0,0,4,1,0.0,1,estabilizada,1,1,1,,,,,,,,,,,,,nan,0.5415108112931546,-0.24886805601750492,1.583315997782825
2026-08-18T06:14:45.762+00:00,1787033685.7621057,193497.7761696,20.853375200007576,689,193497.6611927,30.93010000884533,83.97829998284578,1,0,0,4,1,0.0,1,estabilizada,1,1,1,,,,,,,,,,,,,nan,0.5415103700129802,-0.24886394708400777,1.5833220886321866
2026-08-18T06:14:45.762+00:00,1787033685.7621057,193497.7762443,20.853449900023406,689,193497.6611927,30.93010000884533,83.97829998284578,2,1,1,4,1,0.0,1,estabilizada,1,1,1,916.75,364.5,0.9145795106887817,0.7046887278556824,0.8933733247194896,0.6504864013923972,0.8805120747194897,0.6390419013923972,0.5796373761772478,0.8688711230306251,0.6318284439007424,0.4766201395689316,0.0,0.5415103700129802,-0.24886394708400777,1.5833220886321866
2026-08-18T06:14:45.762+00:00,1787033685.7621057,193497.7762608,20.853466400003526,689,193497.6611927,30.93010000884533,83.97829998284578,3,1,1,4,1,0.0,1,estabilizada,1,1,1,447.0,275.0,0.14115096628665924,0.8924210667610168,0.16390839927775508,0.8275475631425666,0.1510471492777551,0.8161030631425666,0.06086258370696828,0.1490695412592779,0.8151162126252619,0.035753813341935684,0.0,0.5415103700129802,-0.24886394708400777,1.5833220886321866
2026-08-18T06:14:45.762+00:00,1787033685.7621057,193497.7762751,20.853480700025102,689,193497.6611927,30.93010000884533,83.97829998284578,10,0,0,4,1,0.0,1,estabilizada,1,1,1,,,,,,,,,,,,,nan,0.5415103700129802,-0.24886394708400777,1.5833220886321866
2026-08-18T06:14:45.911+00:00,1787033685.9114006,193497.9259914,21.003197000012733,694,193497.8283008,11.219600011827424,86.44819998880848,1,0,0,4,1,0.0,1,estabilizada,1,1,1,,,,,,,,,,,,,nan,0.5415095187910748,-0.24885920414600426,1.5833283738158535
2026-08-18T06:14:45.911+00:00,1787033685.9114006,193497.9260304,21.00323600001866,694,193497.8283008,11.219600011827424,86.44819998880848,2,1,1,4,1,0.0,1,estabilizada,1,1,1,920.5,361.0,0.9215237498283386,0.7111941576004028,0.8999228732452151,0.6566225324175993,0.8870616232452151,0.6451780324175993,0.7020560707469058,0.879386889019819,0.6387129346232192,0.5799873067173145,0.0,0.5415095187910748,-0.24885920414600426,1.5833283738158535
2026-08-18T06:14:45.911+00:00,1787033685.9114006,193497.9260425,21.003248100023484,694,193497.8283008,11.219600011827424,86.44819998880848,3,1,1,4,1,0.0,1,estabilizada,1,1,1,447.0,275.25,0.14118830859661102,0.8919196128845215,0.16394348024219418,0.8270751401708099,0.1510822302421942,0.8156306401708099,0.023459391621660025,0.1490695412592779,0.8151162126252619,0.035753813341935684,0.0,0.5415095187910748,-0.24885920414600426,1.5833283738158535
2026-08-18T06:14:45.911+00:00,1787033685.9114006,193497.9260544,21.003260000026785,694,193497.8283008,11.219600011827424,86.44819998880848,10,0,0,4,1,0.0,1,estabilizada,1,1,1,,,,,,,,,,,,,nan,0.5415095187910748,-0.24885920414600426,1.5833283738158535
2026-08-18T06:14:46.078+00:00,1787033686.0781758,193498.0927181,21.169923700013896,699,193497.9929971,1.6079999913927168,98.08270001667552,1,0,0,4,1,0.0,1,estabilizada,1,1,1,,,,,,,,,,,,,nan,0.5415071083659899,-0.24885202034725512,1.5833356596910668
2026-08-18T06:14:46.078+00:00,1787033686.0781758,193498.0928419,21.170047500025248,699,193497.9929971,1.6079999913927168,98.08270001667552,2,1,1,4,1,0.0,1,estabilizada,1,1,1,923.25,359.5,0.9264054894447327,0.7139528393745422,0.904527087297303,0.6592250646007023,0.891665837297303,0.6477805646007023,0.789160358774813,0.8826502037218349,0.6412716482807372,0.6362669414603016,0.0,0.5415071083659899,-0.24885202034725512,1.5833356596910668
2026-08-18T06:14:46.078+00:00,1787033686.0781758,193498.0928836,21.17008920002263,699,193497.9929971,1.6079999913927168,98.08270001667552,3,1,1,4,1,0.0,1,estabilizada,1,1,1,447.0,275.0,0.1411527842283249,0.8924236297607422,0.16390973342722076,0.8275512144386739,0.15104848342722077,0.8161067144386739,0.060858767302391835,0.1490695412592779,0.8151162126252619,0.035753813341935684,0.0,0.5415071083659899,-0.24885202034725512,1.5833356596910668
2026-08-18T06:14:46.078+00:00,1787033686.0781758,193498.0929078,21.170113400003174,699,193497.9929971,1.6079999913927168,98.08270001667552,10,0,0,4,1,0.0,1,estabilizada,1,1,1,,,,,,,,,,,,,nan,0.5415071083659899,-0.24885202034725512,1.5833356596910668
2026-08-18T06:14:46.233+00:00,1787033686.233122,193498.2477124,21.324918000027537,703,193498.1310454,31.920900015393272,84.72250000340864,1,0,0,4,1,0.0,1,estabilizada,1,1,1,,,,,,,,,,,,,nan,0.5415043993183012,-0.2488428719302444,1.5833437368681693
2026-08-18T06:14:46.233+00:00,1787033686.233122,193498.247759,21.324964600004023,703,193498.1310454,31.920900015393272,84.72250000340864,2,1,1,4,1,0.0,1,estabilizada,1,1,1,924.25,357.25,0.9285486340522766,0.7181980609893799,0.9065483694761468,0.6632297796641147,0.8936871194761469,0.6517852796641147,0.834372773680584,0.8845088713206232,0.6426517939943484,0.6625576688872589,0.0,0.5415043993183012,-0.2488428719302444,1.5833437368681693
2026-08-18T06:14:46.233+00:00,1787033686.233122,193498.2477717,21.324977300013416,703,193498.1310454,31.920900015393272,84.72250000340864,3,1,1,4,1,0.0,1,estabilizada,1,1,1,447.0,275.25,0.14119011163711548,0.8919215798377991,0.16394466900352167,0.8270785528509987,0.15108341900352168,0.8156340528509988,0.0234569935300982,0.1490695412592779,0.8151162126252619,0.035753813341935684,0.0,0.5415043993183012,-0.2488428719302444,1.5833437368681693
2026-08-18T06:14:46.233+00:00,1787033686.233122,193498.2477841,21.324989700020524,703,193498.1310454,31.920900015393272,84.72250000340864,10,0,0,4,1,0.0,1,estabilizada,1,1,1,,,,,,,,,,,,,nan,0.5415043993183012,-0.2488428719302444,1.5833437368681693
2026-08-18T06:14:46.378+00:00,1787033686.3789318,193498.3927764,21.469982000009622,708,193498.2941706,20.6445999792777,77.93590001529083,1,0,0,4,1,0.0,1,estabilizada,1,1,1,,,,,,,,,,,,,nan,0.541502203387359,-0.24883220323731486,1.5833520690537952
2026-08-18T06:14:46.378+00:00,1787033686.3789318,193498.3928164,21.470022000023164,708,193498.2941706,20.6445999792777,77.93590001529083,2,1,1,4,1,0.0,1,estabilizada,1,1,1,925.75,355.75,0.931366503238678,0.7210066318511963,0.909206057894651,0.6658796030217033,0.896344807894651,0.6544351030217034,0.8977952382205426,0.8878441037389482,0.6456324429840214,0.7259931171536866,0.0,0.541502203387359,-0.24883220323731486,1.5833520690537952
2026-08-18T06:14:46.378+00:00,1787033686.3789318,193498.3928285,21.470034099998884,708,193498.2941706,20.6445999792777,77.93590001529083,3,1,1,4,1,0.0,1,estabilizada,1,1,1,447.0,275.25,0.14119096100330353,0.8919223546981812,0.1639452255277407,0.8270802313190462,0.15108397552774072,0.8156357313190462,0.023455784908821053,0.1490695412592779,0.8151162126252619,0.035753813341935684,0.0,0.541502203387359,-0.24883220323731486,1.5833520690537952
2026-08-18T06:14:46.378+00:00,1787033686.3789318,193498.3928382,21.470043800014537,708,193498.2941706,20.6445999792777,77.93590001529083,10,0,0,4,1,0.0,1,estabilizada,1,1,1,,,,,,,,,,,,,nan,0.541502203387359,-0.24883220323731486,1.5833520690537952
2026-08-18T06:14:46.528+00:00,1787033686.5284197,193498.5421953,21.619400900002802,712,193498.4281935,32.32830000342801,81.63299999432638,1,0,0,4,1,0.0,1,estabilizada,1,1,1,,,,,,,,,,,,,nan,0.5414989523075867,-0.24881928322107127,1.5833609175262835
2026-08-18T06:14:46.528+00:00,1787033686.5284197,193498.5422507,21.61945630001719,712,193498.4281935,32.32830000342801,81.63299999432638,2,1,1,4,1,0.0,1,estabilizada,1,1,1,929.0,353.0,0.9373736381530762,0.7261506915092468,0.9148716796092481,0.6707323110538178,0.9020104296092482,0.6592878110538178,0.8924641019898574,0.8914227426153944,0.6493344267327634,0.7825173443096658,0.0,0.5414989523075867,-0.24881928322107127,1.5833609175262835
2026-08-18T06:14:46.528+00:00,1787033686.5284197,193498.5422659,21.619471500016516,712,193498.4281935,32.32830000342801,81.63299999432638,3,1,1,4,1,0.0,1,estabilizada,1,1,1,447.0,275.25,0.14119166135787964,0.8919225335121155,0.16394557411818722,0.8270814967215995,0.15108432411818723,0.8156369967215995,0.023453485992014696,0.1490695412592779,0.8151162126252619,0.035753813341935684,0.0,0.5414989523075867,-0.24881928322107127,1.5833609175262835
2026-08-18T06:14:46.528+00:00,1787033686.5284197,193498.5422785,21.619484100025147,712,193498.4281935,32.32830000342801,81.63299999432638,10,0,0,4,1,0.0,1,estabilizada,1,1,1,,,,,,,,,,,,,nan,0.5414989523075867,-0.24881928322107127,1.5833609175262835
2026-08-18T06:14:46.682+00:00,1787033686.6824672,193498.6963779,21.77358350000577,717,193498.5935348,20.030400017276406,82.78689999133348,1,0,0,4,1,0.0,1,estabilizada,1,1,1,,,,,,,,,,,,,nan,0.5414890294757273,-0.2488066647536475,1.5833692985740138
2026-08-18T06:14:46.682+00:00,1787033686.6824672,193498.6964211,21.773626700014574,717,193498.5935348,20.030400017276406,82.78689999133348,2,1,1,4,1,0.0,1,estabilizada,1,1,1,932.0,348.75,0.9433126449584961,0.7341918349266052,0.9204726635176417,0.678317399915835,0.9076114135176416,0.666872899915835,0.9636996073094553,0.8957161874405444,0.6535128562626871,0.8315704654694489,0.0,0.5414890294757273,-0.2488066647536475,1.5833692985740138
2026-08-18T06:14:46.682+00:00,1787033686.6824672,193498.6964336,21.773639200022444,717,193498.5935348,20.030400017276406,82.78689999133348,3,1,1,4,1,0.0,1,estabilizada,1,1,1,447.0,275.0,0.1411561220884323,0.8924251794815063,0.1639113704675093,0.8275566323436621,0.15105012046750932,0.8161121323436621,0.060852124651930906,0.1490695412592779,0.8151162126252619,0.035753813341935684,0.0,0.5414890294757273,-0.2488066647536475,1.5833692985740138
2026-08-18T06:14:46.682+00:00,1787033686.6824672,193498.6964432,21.77364880000823,717,193498.5935348,20.030400017276406,82.78689999133348,10,0,0,4,1,0.0,1,estabilizada,1,1,1,,,,,,,,,,,,,nan,0.5414890294757273,-0.2488066647536475,1.5833692985740138
2026-08-18T06:14:46.835+00:00,1787033686.8355677,193498.8499191,21.927124700014247,722,193498.7602714,1.8276999762747437,87.79560000402853,1,0,0,4,1,0.0,1,estabilizada,1,1,1,,,,,,,,,,,,,nan,0.541479815952006,-0.24879628186875602,1.583376708451401
2026-08-18T06:14:46.835+00:00,1787033686.8355677,193498.8499625,21.927168100024574,722,193498.7602714,1.8276999762747437,87.79560000402853,2,1,1,4,1,0.0,1,estabilizada,1,1,1,935.392578125,344.84539794921875,0.9498551487922668,0.7415892481803894,0.9266428710320552,0.6852951917952856,0.9137816210320553,0.6738506917952857,0.8854475079188927,0.8988414541672263,0.6570229786954663,0.8490638266089005,0.0,0.541479815952006,-0.24879628186875602,1.583376708451401
2026-08-18T06:14:46.835+00:00,1787033686.8355677,193498.8499747,21.927180300001055,722,193498.7602714,1.8276999762747437,87.79560000402853,3,1,1,4,1,0.0,1,estabilizada,1,1,1,447.0,275.0,0.1411566138267517,0.8924247026443481,0.1639112040635316,0.8275570763505183,0.1510499540635316,0.8161125763505184,0.06085188401774905,0.1490695412592779,0.8151162126252619,0.04418037020438701,0.0,0.541479815952006,-0.24879628186875602,1.583376708451401
2026-08-18T06:14:46.835+00:00,1787033686.8355677,193498.8499871,21.927192700008163,722,193498.7602714,1.8276999762747437,87.79560000402853,10,0,0,4,1,0.0,1,estabilizada,1,1,1,,,,,,,,,,,,,nan,0.541479815952006,-0.24879628186875602,1.583376708451401
2026-08-18T06:14:46.982+00:00,1787033686.98238,193498.9968428,22.074048400012543,726,193498.8932607,23.084100015694275,80.4735999845434,1,0,0,4,1,0.0,1,estabilizada,1,1,1,,,,,,,,,,,,,nan,0.5414720174741149,-0.24878516008281246,1.5833850698357481
2026-08-18T06:14:46.982+00:00,1787033686.98238,193498.9968704,22.074076000018977,726,193498.8932607,23.084100015694275,80.4735999845434,2,1,1,4,1,0.0,1,estabilizada,1,1,1,938.25,341.5,0.9553983211517334,0.7479509711265564,0.9318706474097735,0.6912962422688762,0.9190093974097735,0.6798517422688762,0.9152391382629569,0.9084483390477125,0.6676514624134307,0.8842786667382021,0.0,0.5414720174741149,-0.24878516008281246,1.5833850698357481
2026-08-18T06:14:46.982+00:00,1787033686.98238,193498.9968814,22.074087000015425,726,193498.8932607,23.084100015694275,80.4735999845434,3,1,1,4,1,0.0,1,estabilizada,1,1,1,447.0,275.0,0.14115658402442932,0.892423689365387,0.16391061252755845,0.8275570953782448,0.15104936252755846,0.8161125953782449,0.060850570460041636,0.1490695412592779,0.8151162126252619,0.04418037020438701,0.0,0.5414720174741149,-0.24878516008281246,1.5833850698357481
2026-08-18T06:14:46.982+00:00,1787033686.98238,193498.9968911,22.074096700001974,726,193498.8932607,23.084100015694275,80.4735999845434,10,0,0,4,1,0.0,1,estabilizada,1,1,1,,,,,,,,,,,,,nan,0.5414720174741149,-0.24878516008281246,1.5833850698357481
2026-08-18T06:14:47.170+00:00,1787033687.1707325,193499.1850925,22.26229810001678,731,193499.0599934,9.945600002538413,115.09710000245832,1,0,0,4,1,0.0,1,estabilizada,1,1,1,,,,,,,,,,,,,nan,0.5414639745771577,-0.24877329152718686,1.583393705164467
2026-08-18T06:14:47.170+00:00,1787033687.1707325,193499.185206,22.26241160000791,731,193499.0599934,9.945600002538413,115.09710000245832,2,1,1,4,1,0.0,1,estabilizada,1,1,1,941.25,338.5,0.9611194133758545,0.7536603212356567,0.9372662242614266,0.6966820568568141,0.9244049742614266,0.6852375568568141,0.8549474644587123,0.9130727485740862,0.6728108289751948,0.8842786667382021,0.0,0.5414639745771577,-0.24877329152718686,1.583393705164467
2026-08-18T06:14:47.170+00:00,1787033687.1707325,193499.1852258,22.262431400013156,731,193499.0599934,9.945600002538413,115.09710000245832,3,1,1,4,1,0.0,1,estabilizada,1,1,1,446.75,275.25,0.14078018069267273,0.8919252157211304,0.16355502268679195,0.827087983314876,0.15069377268679196,0.815643483314876,0.023449857057166852,0.1490695412592779,0.8151162126252619,0.04418037020438701,0.0,0.5414639745771577,-0.24877329152718686,1.583393705164467
2026-08-18T06:14:47.170+00:00,1787033687.1707325,193499.1852423,22.26244790002238,731,193499.0599934,9.945600002538413,115.09710000245832,10,0,0,4,1,0.0,1,estabilizada,1,1,1,,,,,,,,,,,,,nan,0.5414639745771577,-0.24877329152718686,1.583393705164467
2026-08-18T06:14:47.340+00:00,1787033687.3404286,193499.3541517,22.43135730002541,737,193499.2656724,4.487999976845458,83.80650001345202,1,0,0,4,1,0.0,1,estabilizada,1,1,1,,,,,,,,,,,,,nan,0.5414583905744783,-0.24876335664077281,1.583401074052616
2026-08-18T06:14:47.340+00:00,1787033687.3404286,193499.3543532,22.43155880001723,737,193499.2656724,4.487999976845458,83.80650001345202,2,1,1,4,1,0.0,1,estabilizada,1,1,1,945.25,335.0,0.9686557650566101,0.7603285312652588,0.9443740057895236,0.7029720778689634,0.9315127557895235,0.6915275778689635,0.7895950246925957,0.9179526809762204,0.6780083914074881,0.8737785606516847,0.0,0.5414583905744783,-0.24876335664077281,1.583401074052616
2026-08-18T06:14:47.340+00:00,1787033687.3404286,193499.3543715,22.431577100011054,737,193499.2656724,4.487999976845458,83.80650001345202,3,1,1,4,1,0.0,1,estabilizada,1,1,1,447.0,275.25,0.14119191467761993,0.8919175863265991,0.1639429304632264,0.8270816540101529,0.1510816804632264,0.8156371540101529,0.02344980911002906,0.1490695412592779,0.8151162126252619,0.04418037020438701,0.0,0.5414583905744783,-0.24876335664077281,1.583401074052616
2026-08-18T06:14:47.340+00:00,1787033687.3404286,193499.35439,22.431595600006403,737,193499.2656724,4.487999976845458,83.80650001345202,10,0,0,4,1,0.0,1,estabilizada,1,1,1,,,,,,,,,,,,,nan,0.5414583905744783,-0.24876335664077281,1.583401074052616
2026-08-18T06:14:47.490+00:00,1787033687.490481,193499.5043375,22.581543100008275,741,193499.394988,23.336200014455244,85.99029999459162,1,0,0,4,1,0.0,1,estabilizada,1,1,1,,,,,,,,,,,,,nan,0.5414533633116128,-0.24875485459239427,1.5834068987157468
2026-08-18T06:14:47.490+00:00,1787033687.490481,193499.5043725,22.581578100012848,741,193499.394988,23.336200014455244,85.99029999459162,2,1,1,4,1,0.0,1,estabilizada,1,1,1,947.25,332.0,0.9727296233177185,0.766105592250824,0.9482161117042279,0.7084214680437293,0.935354861704228,0.6969769680437293,0.7469146341478808,0.9238464316427821,0.6840464923182193,0.8358649156772202,0.0,0.5414533633116128,-0.24875485459239427,1.5834068987157468
2026-08-18T06:14:47.490+00:00,1787033687.490481,193499.5043844,22.58159000001615,741,193499.394988,23.336200014455244,85.99029999459162,3,1,1,4,1,0.0,1,estabilizada,1,1,1,447.0,275.0,0.1411542296409607,0.8924186825752258,0.16390701798587637,0.8275549899713934,0.15104576798587638,0.8161104899713935,0.06085131148198812,0.1490695412592779,0.8151162126252619,0.04418037020438701,0.0,0.5414533633116128,-0.24875485459239427,1.5834068987157468
2026-08-18T06:14:47.490+00:00,1787033687.490481,193499.5043971,22.58160270002554,741,193499.394988,23.336200014455244,85.99029999459162,10,0,0,4,1,0.0,1,estabilizada,1,1,1,,,,,,,,,,,,,nan,0.5414533633116128,-0.24875485459239427,1.5834068987157468
2026-08-18T06:14:47.640+00:00,1787033687.6408763,193499.655063,22.732268600026146,746,193499.5597264,14.423099986743182,80.89129999279976,1,0,0,4,1,0.0,1,estabilizada,1,1,1,,,,,,,,,,,,,nan,0.5414489307516067,-0.24874647793068455,1.5834133566846655
2026-08-18T06:14:47.640+00:00,1787033687.6408763,193499.6550978,22.73230340000009,746,193499.5597264,14.423099986743182,80.89129999279976,2,1,1,4,1,0.0,1,estabilizada,1,1,1,951.75,329.75,0.9808535575866699,0.77036052942276,0.9558781358193826,0.7124352692406357,0.9430168858193826,0.7009907692406357,0.7443904800997908,0.9324240377671569,0.6923832546780495,0.7829050064504228,0.0,0.5414489307516067,-0.24874647793068455,1.5834133566846655
2026-08-18T06:14:47.640+00:00,1787033687.6408763,193499.6551096,22.73231520000263,746,193499.5597264,14.423099986743182,80.89129999279976,3,1,1,4,1,0.0,1,estabilizada,1,1,1,447.0,275.25,0.1411888152360916,0.891913652420044,0.1639392930215145,0.8270794060129574,0.1510780430215145,0.8156349060129574,0.02345303202314329,0.1490695412592779,0.8151162126252619,0.04418037020438701,0.0,0.5414489307516067,-0.24874647793068455,1.5834133566846655
2026-08-18T06:14:47.640+00:00,1787033687.6408763,193499.6551219,22.732327500008978,746,193499.5597264,14.423099986743182,80.89129999279976,10,0,0,4,1,0.0,1,estabilizada,1,1,1,,,,,,,,,,,,,nan,0.5414489307516067,-0.24874647793068455,1.5834133566846655
2026-08-18T06:14:47.780+00:00,1787033687.7806025,193499.7946033,22.87180890000309,750,193499.6972598,13.73299999977462,83.58599999337457,1,0,0,4,1,0.0,1,estabilizada,1,1,1,,,,,,,,,,,,,nan,0.5414472893004154,-0.24874149143724508,1.583417419884784
2026-08-18T06:14:47.780+00:00,1787033687.7806025,193499.7946405,22.871846100024413,750,193499.6972598,13.73299999977462,83.58599999337457,2,1,1,4,1,0.0,1,estabilizada,1,1,1,954.75,327.25,0.9865238666534424,0.7751598954200745,0.9612261204882605,0.7169622757274324,0.9483648704882606,0.7055177757274325,0.6597983186266302,0.9367435153586912,0.6959550552691878,0.7564070720834588,0.0,0.5414472893004154,-0.24874149143724508,1.583417419884784
2026-08-18T06:14:47.780+00:00,1787033687.7806025,193499.7946526,22.871858200000133,750,193499.6972598,13.73299999977462,83.58599999337457,3,1,1,4,1,0.0,1,estabilizada,1,1,1,447.0,275.25,0.14118686318397522,0.8919119834899902,0.16393730024377523,0.8270782817419563,0.15107605024377524,0.8156337817419563,0.023454122309719612,0.1490695412592779,0.8151162126252619,0.04418037020438701,0.0,0.5414472893004154,-0.24874149143724508,1.583417419884784
2026-08-18T06:14:47.780+00:00,1787033687.7806025,193499.7946632,22.87186880002264,750,193499.6972598,13.73299999977462,83.58599999337457,10,0,0,4,1,0.0,1,estabilizada,1,1,1,,,,,,,,,,,,,nan,0.5414472893004154,-0.24874149143724508,1.583417419884784
2026-08-18T06:14:47.930+00:00,1787033687.9301856,193499.9439327,23.021138300013263,755,193499.8599593,4.436199989868328,79.51030001277104,1,0,0,4,1,0.0,1,estabilizada,1,1,1,,,,,,,,,,,,,nan,0.541449225202876,-0.24874011012661731,1.5834186666940357
2026-08-18T06:14:47.930+00:00,1787033687.9301856,193499.9439646,23.021170200023334,755,193499.8599593,4.436199989868328,79.51030001277104,2,1,1,4,1,0.0,1,estabilizada,1,1,1,958.25,325.75,0.9928074479103088,0.7779954671859741,0.9671526789612458,0.7196368006489268,0.9542914289612459,0.7081923006489268,0.626189587554284,0.9416694773983517,0.700008420599479,0.7251254280034638,0.0,0.541449225202876,-0.24874011012661731,1.5834186666940357
2026-08-18T06:14:47.930+00:00,1787033687.9301856,193499.9439767,23.021182299999055,755,193499.8599593,4.436199989868328,79.51030001277104,3,1,1,4,1,0.0,1,estabilizada,1,1,1,447.0,275.25,0.14118482172489166,0.8919104337692261,0.16393546694005223,0.8270769496693051,0.15107421694005224,0.8156324496693051,0.023454147886150706,0.1490695412592779,0.8151162126252619,0.04418037020438701,0.0,0.541449225202876,-0.24874011012661731,1.5834186666940357
2026-08-18T06:14:47.930+00:00,1787033687.9301856,193499.9439872,23.0211928000208,755,193499.8599593,4.436199989868328,79.51030001277104,10,0,0,4,1,0.0,1,estabilizada,1,1,1,,,,,,,,,,,,,nan,0.541449225202876,-0.24874011012661731,1.5834186666940357
2026-08-18T06:14:48.096+00:00,1787033688.0968108,193500.1107789,23.18798450002214,759,193499.9923829,25.743300007889047,92.6266000024043,1,0,0,4,1,0.0,1,estabilizada,1,1,1,,,,,,,,,,,,,nan,0.5414546304738102,-0.2487429986158473,1.583416359391395
2026-08-18T06:14:48.096+00:00,1787033688.0968108,193500.1108262,23.188031800003955,759,193499.9923829,25.743300007889047,92.6266000024043,2,1,1,4,1,0.0,1,estabilizada,1,1,1,961.75,323.25,0.9993513226509094,0.7828013300895691,0.9733248754366222,0.7241692532938164,0.9604636254366221,0.7127247532938165,0.641240364780387,0.9468719570496548,0.7035837975203532,0.6915215529255487,0.0,0.5414546304738102,-0.2487429986158473,1.583416359391395
2026-08-18T06:14:48.096+00:00,1787033688.0968108,193500.1108425,23.188048100011656,759,193499.9923829,25.743300007889047,92.6266000024043,3,1,1,4,1,0.0,1,estabilizada,1,1,1,447.0,275.25,0.14118291437625885,0.8919095993041992,0.163934008385813,0.8270759039821032,0.15107275838581302,0.8156314039821032,0.023455273343179265,0.1490695412592779,0.8151162126252619,0.04418037020438701,0.0,0.5414546304738102,-0.2487429986158473,1.583416359391395
2026-08-18T06:14:48.096+00:00,1787033688.0968108,193500.1108556,23.188061200024094,759,193499.9923829,25.743300007889047,92.6266000024043,10,0,0,4,1,0.0,1,estabilizada,1,1,1,,,,,,,,,,,,,nan,0.5414546304738102,-0.2487429986158473,1.583416359391395
2026-08-18T06:14:48.248+00:00,1787033688.2486649,193500.2629183,23.34012390000862,764,193500.162898,13.37139998213388,86.62590000312775,1,0,0,4,1,0.0,1,estabilizada,1,1,1,,,,,,,,,,,,,nan,0.5414609276494577,-0.24874704623642424,1.5834129992817423
2026-08-18T06:14:48.248+00:00,1787033688.2486649,193500.2629586,23.340164200024446,764,193500.162898,13.37139998213388,86.62590000312775,2,1,1,4,1,0.0,1,estabilizada,1,1,1,965.75,319.0,1.007205605506897,0.7910569310188293,0.9807330294789222,0.7319552576111821,0.9678717794789222,0.7205107576111821,0.7666251934588756,0.952739215572416,0.7075297700927463,0.6814493719634127,0.0,0.5414609276494577,-0.24874704623642424,1.5834129992817423
2026-08-18T06:14:48.248+00:00,1787033688.2486649,193500.2629704,23.340176000026986,764,193500.162898,13.37139998213388,86.62590000312775,3,1,1,4,1,0.0,1,estabilizada,1,1,1,447.0,275.25,0.14118127524852753,0.8919093012809753,0.1639328686309396,0.8270752552531018,0.1510716186309396,0.8156307552531018,0.023456405198271243,0.1490695412592779,0.8151162126252619,0.04418037020438701,0.0,0.5414609276494577,-0.24874704623642424,1.5834129992817423
2026-08-18T06:14:48.248+00:00,1787033688.2486649,193500.2629825,23.340188100002706,764,193500.162898,13.37139998213388,86.62590000312775,10,0,0,4,1,0.0,1,estabilizada,1,1,1,,,,,,,,,,,,,nan,0.5414609276494577,-0.24874704623642424,1.5834129992817423
2026-08-18T06:14:48.418+00:00,1787033688.4187615,193500.4324727,23.509678300004452,769,193500.3263839,7.592499983729795,98.43600000021979,1,0,0,4,1,0.0,1,estabilizada,1,1,1,,,,,,,,,,,,,nan,0.5414661190021357,-0.24875297981183186,1.583407621468952
2026-08-18T06:14:48.418+00:00,1787033688.4187615,193500.4325807,23.50978630001191,769,193500.3263839,7.592499983729795,98.43600000021979,2,1,1,4,1,0.0,1,estabilizada,1,1,1,970.0,315.75,1.0152608156204224,0.7973602414131165,0.9883305911365421,0.7378997533911495,0.975469341136542,0.7264552533911496,0.8324196048562371,0.9567768276643924,0.7104932072883736,0.6814493719634127,0.0,0.5414661190021357,-0.24875297981183186,1.583407621468952
2026-08-18T06:14:48.418+00:00,1787033688.4187615,193500.4326021,23.509807700000238,769,193500.3263839,7.592499983729795,98.43600000021979,3,1,1,4,1,0.0,1,estabilizada,1,1,1,447.0,275.25,0.1411801427602768,0.891909122467041,0.16393217285872086,0.8270745291423859,0.15107092285872087,0.8156300291423859,0.023456472343344748,0.1490695412592779,0.8151162126252619,0.04418037020438701,0.0,0.5414661190021357,-0.24875297981183186,1.583407621468952
2026-08-18T06:14:48.418+00:00,1787033688.4187615,193500.4326161,23.50982170001953,769,193500.3263839,7.592499983729795,98.43600000021979,10,0,0,4,1,0.0,1,estabilizada,1,1,1,,,,,,,,,,,,,nan,0.5414661190021357,-0.24875297981183186,1.583407621468952
2026-08-18T06:14:48.592+00:00,1787033688.5921872,193500.6060825,23.683288100000937,774,193500.4950972,13.380699994741008,97.57769998395815,1,0,0,4,1,0.0,1,estabilizada,1,1,1,,,,,,,,,,,,,nan,0.5414701431935501,-0.2487586965560782,1.5834028061045755
2026-08-18T06:14:48.592+00:00,1787033688.5921872,193500.6061289,23.683334500005003,774,193500.4950972,13.380699994741008,97.57769998395815,2,1,1,4,1,0.0,1,estabilizada,1,1,1,973.5,311.5,1.0223277807235718,0.8056937456130981,0.9949960195249348,0.7457590786860533,0.9821347695249347,0.7343145786860533,0.9586405662432269,0.9640521750790851,0.7167175635443986,0.7291100722727822,0.0,0.5414701431935501,-0.2487586965560782,1.5834028061045755
2026-08-18T06:14:48.592+00:00,1787033688.5921872,193500.6061424,23.683348000020487,774,193500.4950972,13.380699994741008,97.57769998395815,3,1,1,4,1,0.0,1,estabilizada,1,1,1,447.25,275.0,0.14155547320842743,0.8924061059951782,0.16428646759589344,0.8275427422107704,0.15142521759589345,0.8160982422107704,-0.013733003674538839,0.1490695412592779,0.8151162126252619,0.04418037020438701,0.0,0.5414701431935501,-0.2487586965560782,1.5834028061045755
2026-08-18T06:14:48.592+00:00,1787033688.5921872,193500.6061561,23.68336170000839,774,193500.4950972,13.380699994741008,97.57769998395815,10,0,0,4,1,0.0,1,estabilizada,1,1,1,,,,,,,,,,,,,nan,0.5414701431935501,-0.2487586965560782,1.5834028061045755
2026-08-18T06:14:48.753+00:00,1787033688.753256,193500.7669806,23.844186200003605,779,193500.660472,15.036400000099093,91.44790002028458,1,0,0,4,1,0.0,1,estabilizada,1,1,1,,,,,,,,,,,,,nan,0.5414744996015713,-0.24876316204657634,1.5833990634084452
2026-08-18T06:14:48.753+00:00,1787033688.753256,193500.7670423,23.84424790000776,779,193500.660472,15.036400000099093,91.44790002028458,2,1,1,4,1,0.0,1,estabilizada,1,1,1,974.75,308.25,1.0253158807754517,0.8121303915977478,0.997814459742707,0.7518294718646915,0.984953209742707,0.7403849718646915,0.9835831298725405,0.9725897956978664,0.7253098153914234,0.8005476709790184,0.0,0.5414744996015713,-0.24876316204657634,1.5833990634084452
2026-08-18T06:14:48.753+00:00,1787033688.753256,193500.7670548,23.844260400015628,779,193500.660472,15.036400000099093,91.44790002028458,3,1,1,4,1,0.0,1,estabilizada,1,1,1,447.0,275.25,0.14117847383022308,0.8919090032577515,0.16393119811305168,0.8270734875309699,0.1510699481130517,0.8156289875309699,0.023458784037897737,0.1490695412592779,0.8151162126252619,0.04418037020438701,0.0,0.5414744996015713,-0.24876316204657634,1.5833990634084452
2026-08-18T06:14:48.753+00:00,1787033688.753256,193500.7670716,23.844277200027136,779,193500.660472,15.036400000099093,91.44790002028458,10,0,0,4,1,0.0,1,estabilizada,1,1,1,,,,,,,,,,,,,nan,0.5414744996015713,-0.24876316204657634,1.5833990634084452
2026-08-18T06:14:48.915+00:00,1787033688.915922,193500.9299339,24.007139500026824,783,193500.7953186,34.971300017787144,99.54799999832176,1,0,0,4,1,0.0,1,estabilizada,1,1,1,,,,,,,,,,,,,nan,0.5414747571189965,-0.24876644094059328,1.5833961446222176
2026-08-18T06:14:48.915+00:00,1787033688.915922,193500.9300908,24.007296399999177,783,193500.7953186,34.971300017787144,99.54799999832176,2,1,1,4,1,0.0,1,estabilizada,1,1,1,976.0,308.0,1.0275169610977173,0.8125946521759033,0.99989039493065,0.7522670464122329,0.9870291449306501,0.7408225464122329,1.0491963514159628,0.9800385306177961,0.7336972419509572,0.9029848152256931,0.0,0.5414747571189965,-0.24876644094059328,1.5833961446222176
2026-08-18T06:14:48.915+00:00,1787033688.915922,193500.9301105,24.007316100003663,783,193500.7953186,34.971300017787144,99.54799999832176,3,1,1,4,1,0.0,1,estabilizada,1,1,1,447.0,275.25,0.14117799699306488,0.8919089436531067,0.16393080495820583,0.8270731254265017,0.15106955495820584,0.8156286254265017,0.023459922306379492,0.1490695412592779,0.8151162126252619,0.04418037020438701,0.0,0.5414747571189965,-0.24876644094059328,1.5833961446222176
2026-08-18T06:14:48.915+00:00,1787033688.915922,193500.930126,24.007331600005273,783,193500.7953186,34.971300017787144,99.54799999832176,10,0,0,4,1,0.0,1,estabilizada,1,1,1,,,,,,,,,,,,,nan,0.5414747571189965,-0.24876644094059328,1.5833961446222176
2026-08-18T06:14:49.122+00:00,1787033689.1227036,193501.1365518,24.213757400022587,789,193500.9971943,21.09789999667555,118.18310001399368,1,0,0,4,1,0.0,1,estabilizada,1,1,1,,,,,,,,,,,,,nan,0.5414742611661312,-0.24877172240771683,1.58339064828168
2026-08-18T06:14:49.122+00:00,1787033689.1227036,193501.1366638,24.213869400002295,789,193500.9971943,21.09789999667555,118.18310001399368,2,1,1,4,1,0.0,1,estabilizada,1,1,1,977.25,304.0,1.0307189226150513,0.8205554485321045,1.0029102327139285,0.7597748411128145,0.9900489827139285,0.7483303411128145,1.0756136797620417,0.9845042473281839,0.7396670404043068,0.9734406227323371,0.0,0.5414742611661312,-0.24877172240771683,1.58339064828168
2026-08-18T06:14:49.122+00:00,1787033689.1227036,193501.1366867,24.213892300002044,789,193500.9971943,21.09789999667555,118.18310001399368,3,1,1,4,1,0.0,1,estabilizada,1,1,1,447.0,275.25,0.14117787778377533,0.8919092416763306,0.16393074331541707,0.8270728812500681,0.15106949331541708,0.8156283812500681,0.023461089361934112,0.1490695412592779,0.8151162126252619,0.04418037020438701,0.0,0.5414742611661312,-0.24877172240771683,1.58339064828168
2026-08-18T06:14:49.122+00:00,1787033689.1227036,193501.1367052,24.213910800026497,789,193500.9971943,21.09789999667555,118.18310001399368,10,0,0,4,1,0.0,1,estabilizada,1,1,1,,,,,,,,,,,,,nan,0.5414742611661312,-0.24877172240771683,1.58339064828168
2026-08-18T06:14:49.274+00:00,1787033689.2743802,193501.2888896,24.366095200006384,795,193501.1934784,12.174000003142282,83.21169999544509,1,0,0,4,1,0.0,1,estabilizada,1,1,1,,,,,,,,,,,,,nan,0.5414743796644859,-0.2487775743236488,1.5833849597240799
2026-08-18T06:14:49.274+00:00,1787033689.2743802,193501.288933,24.36613860001671,795,193501.1934784,12.174000003142282,83.21169999544509,2,1,1,4,1,0.0,1,estabilizada,1,1,1,977.5,302.5,1.0315476655960083,0.823555588722229,1.0036917765634872,0.7626039015905369,0.9908305265634871,0.751159401590537,1.152225783944957,0.985776490995968,0.7417646759135561,0.9946824014490373,0.0,0.5414743796644859,-0.2487775743236488,1.5833849597240799
2026-08-18T06:14:49.274+00:00,1787033689.2743802,193501.2889638,24.366169400018407,795,193501.1934784,12.174000003142282,83.21169999544509,3,1,1,4,1,0.0,1,estabilizada,1,1,1,447.0,275.25,0.14117784798145294,0.891909658908844,0.16393080368576313,0.8270727092078604,0.15106955368576314,0.8156282092078604,0.0234622564250669,0.1490695412592779,0.8151162126252619,0.04418037020438701,0.0,0.5414743796644859,-0.2487775743236488,1.5833849597240799
2026-08-18T06:14:49.274+00:00,1787033689.2743802,193501.2889746,24.366180200013332,795,193501.1934784,12.174000003142282,83.21169999544509,10,0,0,4,1,0.0,1,estabilizada,1,1,1,,,,,,,,,,,,,nan,0.5414743796644859,-0.2487775743236488,1.5833849597240799
2026-08-18T06:14:49.435+00:00,1787033689.435899,193501.4502162,24.527421800012235,800,193501.3599058,9.555099997669458,80.72670002002269,1,0,0,4,1,0.0,1,estabilizada,1,1,1,,,,,,,,,,,,,nan,0.5414736781173781,-0.2487862701553186,1.5833769463990999
2026-08-18T06:14:49.435+00:00,1787033689.435899,193501.4502592,24.527464800019516,800,193501.3599058,9.555099997669458,80.72670002002269,2,1,1,4,1,0.0,1,estabilizada,1,1,1,977.25,302.0,1.031252384185791,0.8245668411254883,1.0034130982555496,0.7635568711148956,0.9905518482555495,0.7521123711148956,1.1700062431766438,0.9867682817166316,0.7435391540932369,1.0165683102418377,0.0,0.5414736781173781,-0.2487862701553186,1.5833769463990999
2026-08-18T06:14:49.435+00:00,1787033689.435899,193501.4502756,24.527481199998874,800,193501.3599058,9.555099997669458,80.72670002002269,3,1,1,4,1,0.0,1,estabilizada,1,1,1,446.75,275.0,0.14072918891906738,0.8924192786216736,0.16350772192087165,0.8275525394516307,0.15064647192087166,0.8161080394516307,0.06086371707794485,0.1490695412592779,0.8151162126252619,0.04418037020438701,0.0,0.5414736781173781,-0.2487862701553186,1.5833769463990999
2026-08-18T06:14:49.435+00:00,1787033689.435899,193501.4503023,24.527507900027558,800,193501.3599058,9.555099997669458,80.72670002002269,10,0,0,4,1,0.0,1,estabilizada,1,1,1,,,,,,,,,,,,,nan,0.5414736781173781,-0.2487862701553186,1.5833769463990999
2026-08-18T06:14:49.586+00:00,1787033689.5866714,193501.6008057,24.678011300013168,804,193501.4951028,26.588600012473762,79.0897999831941,1,0,0,4,1,0.0,1,estabilizada,1,1,1,,,,,,,,,,,,,nan,0.541472362824164,-0.24879443259952183,1.5833697993646312
2026-08-18T06:14:49.586+00:00,1787033689.5866714,193501.6008484,24.678054000018165,804,193501.4951028,26.588600012473762,79.0897999831941,2,1,1,4,1,0.0,1,estabilizada,1,1,1,976.75,300.25,1.0308632850646973,0.8280957937240601,1.0030459154146494,0.7668844958907842,0.9901846654146493,0.7554399958907843,1.2350389716993717,0.9875636716023408,0.7452082978098848,1.0690276673206698,0.0,0.541472362824164,-0.24879443259952183,1.5833697993646312
2026-08-18T06:14:49.586+00:00,1787033689.5866714,193501.600875,24.678080600016983,804,193501.4951028,26.588600012473762,79.0897999831941,3,1,1,4,1,0.0,1,estabilizada,1,1,1,447.0,275.0,0.14114214479923248,0.8924139738082886,0.1638972331157469,0.8275467794119334,0.1510359831157469,0.8161022794119335,0.06086616174981802,0.1490695412592779,0.8151162126252619,0.04418037020438701,0.0,0.541472362824164,-0.24879443259952183,1.5833697993646312
2026-08-18T06:14:49.586+00:00,1787033689.5866714,193501.6008853,24.6780909000081,804,193501.4951028,26.588600012473762,79.0897999831941,10,0,0,4,1,0.0,1,estabilizada,1,1,1,,,,,,,,,,,,,nan,0.541472362824164,-0.24879443259952183,1.5833697993646312
2026-08-18T06:14:49.724+00:00,1787033689.724808,193501.7392777,24.81648330000462,808,193501.6283406,32.000300008803606,78.91439998638816,1,0,0,4,1,0.0,1,estabilizada,1,1,1,,,,,,,,,,,,,nan,0.5414698707839865,-0.2488041804103019,1.5833615565384223
2026-08-18T06:14:49.724+00:00,1787033689.724808,193501.7393145,24.8165201000229,808,193501.6283406,32.000300008803606,78.91439998638816,2,1,1,4,1,0.0,1,estabilizada,1,1,1,977.0,299.75,1.0314254760742188,0.8290956616401672,1.0035758644084383,0.767826657486353,0.9907146144084382,0.7563821574863531,1.2421859874835708,0.9882300403116306,0.7471716975851413,1.0981325298428781,0.0,0.5414698707839865,-0.2488041804103019,1.5833615565384223
2026-08-18T06:14:49.724+00:00,1787033689.724808,193501.7393263,24.81653190002544,808,193501.6283406,32.000300008803606,78.91439998638816,3,1,1,4,1,0.0,1,estabilizada,1,1,1,447.0,275.0,0.1411426067352295,0.8924148678779602,0.16389764560528802,0.8275467308931961,0.15103639560528803,0.8161022308931961,0.06086749199347885,0.1490695412592779,0.8151162126252619,0.04418037020438701,0.0,0.5414698707839865,-0.2488041804103019,1.5833615565384223
2026-08-18T06:14:49.724+00:00,1787033689.724808,193501.7393387,24.816544300003443,808,193501.6283406,32.000300008803606,78.91439998638816,10,0,0,4,1,0.0,1,estabilizada,1,1,1,,,,,,,,,,,,,nan,0.5414698707839865,-0.2488041804103019,1.5833615565384223
2026-08-18T06:14:49.870+00:00,1787033689.8708491,193501.8856441,24.96284970000852,813,193501.7938512,7.553500006906688,84.21179998549633,1,0,0,4,1,0.0,1,estabilizada,1,1,1,,,,,,,,,,,,,nan,0.541465713616628,-0.24881361057428558,1.583353624657837
2026-08-18T06:14:49.870+00:00,1787033689.8708491,193501.8856855,24.962891100003617,813,193501.7938512,7.553500006906688,84.21179998549633,2,1,1,4,1,0.0,1,estabilizada,1,1,1,977.75,297.75,1.0332492589950562,0.8331014513969421,1.005295605184068,0.7716039096848355,0.992434355184068,0.7601594096848355,1.326458468146605,0.9893071514606734,0.7513254946289021,1.1852239727109264,0.0,0.541465713616628,-0.24881361057428558,1.583353624657837
2026-08-18T06:14:49.870+00:00,1787033689.8708491,193501.8856976,24.96290320000844,813,193501.7938512,7.553500006906688,84.21179998549633,3,1,1,4,1,0.0,1,estabilizada,1,1,1,447.0,275.0,0.1411428451538086,0.8924156427383423,0.16389774816509245,0.8275466007261181,0.15103649816509246,0.8161021007261181,0.06086883054769934,0.1490695412592779,0.8151162126252619,0.04418037020438701,0.0,0.541465713616628,-0.24881361057428558,1.583353624657837
2026-08-18T06:14:49.870+00:00,1787033689.8708491,193501.8857265,24.962932100024773,813,193501.7938512,7.553500006906688,84.21179998549633,10,0,0,4,1,0.0,1,estabilizada,1,1,1,,,,,,,,,,,,,nan,0.541465713616628,-0.24881361057428558,1.583353624657837
2026-08-18T06:14:50.039+00:00,1787033690.0393357,193502.053029,25.130234600015683,817,193501.9271104,31.798700016224757,94.05640000477433,1,0,0,4,1,0.0,1,estabilizada,1,1,1,,,,,,,,,,,,,nan,0.5414633874976936,-0.2488261975667043,1.58334295653052
2026-08-18T06:14:50.039+00:00,1787033690.0393357,193502.0531286,25.130334200017387,817,193501.9271104,31.798700016224757,94.05640000477433,2,1,1,4,1,0.0,1,estabilizada,1,1,1,977.25,295.25,1.0330626964569092,0.8381582498550415,1.0051193266242113,0.776372140999432,0.9922580766242113,0.764927640999432,1.355673776061033,0.9908118217525288,0.7575561007656438,1.2658001864901283,0.0,0.5414633874976936,-0.2488261975667043,1.58334295653052
2026-08-18T06:14:50.039+00:00,1787033690.0393357,193502.0531457,25.130351300002076,817,193501.9271104,31.798700016224757,94.05640000477433,3,1,1,4,1,0.0,1,estabilizada,1,1,1,447.0,275.0,0.14114338159561157,0.8924169540405273,0.1638982752101542,0.8275466849550999,0.15103702521015422,0.8161021849550999,0.06087016911267896,0.1490695412592779,0.8151162126252619,0.04418037020438701,0.0,0.5414633874976936,-0.2488261975667043,1.58334295653052
2026-08-18T06:14:50.039+00:00,1787033690.0393357,193502.0531776,25.130383200012147,817,193501.9271104,31.798700016224757,94.05640000477433,10,0,0,4,1,0.0,1,estabilizada,1,1,1,,,,,,,,,,,,,nan,0.5414633874976936,-0.2488261975667043,1.58334295653052
2026-08-18T06:14:50.195+00:00,1787033690.195273,193502.2090067,25.28621230000863,822,193502.0927699,33.60980001161806,82.60429999791086,1,0,0,4,1,0.0,1,estabilizada,1,1,1,,,,,,,,,,,,,nan,0.5414575569973874,-0.2488398110611148,1.5833309045467723
2026-08-18T06:14:50.195+00:00,1787033690.195273,193502.2090439,25.28624950000085,822,193502.0927699,33.60980001161806,82.60429999791086,2,1,1,4,1,0.0,1,estabilizada,1,1,1,977.5,292.25,1.0343016386032104,0.8442187905311584,1.0062873004650807,0.7820869431322317,0.9934260504650807,0.7706424431322317,1.385209591473717,0.9908118217525288,0.7575561007656438,1.2966547979758896,0.0,0.5414575569973874,-0.2488398110611148,1.5833309045467723
2026-08-18T06:14:50.195+00:00,1787033690.195273,193502.2090562,25.286261800007196,822,193502.0927699,33.60980001161806,82.60429999791086,3,1,1,4,1,0.0,1,estabilizada,1,1,1,447.0,275.0,0.141144260764122,0.8924182653427124,0.1638989461918703,0.8275466541202017,0.1510376961918703,0.8161021541202017,0.0608715491917471,0.1490695412592779,0.8151162126252619,0.04418037020438701,0.0,0.5414575569973874,-0.2488398110611148,1.5833309045467723
2026-08-18T06:14:50.195+00:00,1787033690.195273,193502.2090693,25.286274900019635,822,193502.0927699,33.60980001161806,82.60429999791086,10,0,0,4,1,0.0,1,estabilizada,1,1,1,,,,,,,,,,,,,nan,0.5414575569973874,-0.2488398110611148,1.5833309045467723
2026-08-18T06:14:50.341+00:00,1787033690.341593,193502.355864,25.433069600025192,827,193502.2636343,3.3134999976027757,88.89660000568256,1,0,0,4,1,0.0,1,estabilizada,1,1,1,,,,,,,,,,,,,nan,0.5414508451072576,-0.24885308888206656,1.5833198526484744
2026-08-18T06:14:50.341+00:00,1787033690.341593,193502.3558889,25.433094500011066,827,193502.2636343,3.3134999976027757,88.89660000568256,2,1,1,4,1,0.0,1,estabilizada,1,1,1,977.25,287.25,1.0352250337600708,0.8543739318847656,1.0071576303832879,0.7916636515185285,0.9942963803832878,0.7802191515185285,1.3493233822608837,0.9913603457777715,0.7607155328207758,1.3106814646127345,0.0,0.5414508451072576,-0.24885308888206656,1.5833198526484744
2026-08-18T06:14:50.341+00:00,1787033690.341593,193502.3559004,25.43310600001132,827,193502.2636343,3.3134999976027757,88.89660000568256,3,1,1,4,1,0.0,1,estabilizada,1,1,1,447.0,275.0,0.1411452442407608,0.8924197554588318,0.16389965107632237,0.8275468519713483,0.15103840107632238,0.8161023519713483,0.06087287947843661,0.1490695412592779,0.8151162126252619,0.04418037020438701,0.0,0.5414508451072576,-0.24885308888206656,1.5833198526484744
2026-08-18T06:14:50.341+00:00,1787033690.341593,193502.3559104,25.433116000000155,827,193502.2636343,3.3134999976027757,88.89660000568256,10,0,0,4,1,0.0,1,estabilizada,1,1,1,,,,,,,,,,,,,nan,0.5414508451072576,-0.24885308888206656,1.5833198526484744
2026-08-18T06:14:50.484+00:00,1787033690.4842057,193502.4982678,25.575473400007468,831,193502.3927778,22.645899996859953,82.82000001054257,1,0,0,4,1,0.0,1,estabilizada,1,1,1,,,,,,,,,,,,,nan,0.5414446091511704,-0.24886676252429027,1.583308956216923
2026-08-18T06:14:50.484+00:00,1787033690.4842057,193502.4983098,25.575515400007134,831,193502.3927778,22.645899996859953,82.82000001054257,2,1,1,4,1,0.0,1,estabilizada,1,1,1,978.5,282.75,1.0386106967926025,0.8635165095329285,1.010350294606386,0.800285328977771,0.997489044606386,0.7888408289777711,1.3584119822199163,0.9924738762092239,0.7675511418810899,1.328329194099353,0.0,0.5414446091511704,-0.24886676252429027,1.583308956216923
2026-08-18T06:14:50.484+00:00,1787033690.4842057,193502.4983219,25.575527500011958,831,193502.3927778,22.645899996859953,82.82000001054257,3,1,1,4,1,0.0,1,estabilizada,1,1,1,447.0,275.0,0.14114628732204437,0.892421543598175,0.1639004369926823,0.8275473147575535,0.15103918699268232,0.8161028147575535,0.060874184872185225,0.1490695412592779,0.8151162126252619,0.04418037020438701,0.0,0.5414446091511704,-0.24886676252429027,1.583308956216923
2026-08-18T06:14:50.484+00:00,1787033690.4842057,193502.4983339,25.57553950001602,831,193502.3927778,22.645899996859953,82.82000001054257,10,0,0,4,1,0.0,1,estabilizada,1,1,1,,,,,,,,,,,,,nan,0.5414446091511704,-0.24886676252429027,1.583308956216923
2026-08-18T06:14:50.634+00:00,1787033690.6346767,193502.6491947,25.726400300016394,836,193502.5619349,3.6028999893460423,83.63340000505559,1,0,0,4,1,0.0,1,estabilizada,1,1,1,,,,,,,,,,,,,nan,0.5414378241139142,-0.24888525976868478,1.5832950363287732
2026-08-18T06:14:50.634+00:00,1787033690.6346767,193502.6492317,25.726437300007092,836,193502.5619349,3.6028999893460423,83.63340000505559,2,1,1,4,1,0.0,1,estabilizada,1,1,1,978.25,276.5,1.0398920774459839,0.8763300180435181,1.0115582029813064,0.8123688657127974,0.9986969529813063,0.8009243657127975,1.3560705243695719,0.9938839406324393,0.7735369489326348,1.328329194099353,0.0,0.5414378241139142,-0.24888525976868478,1.5832950363287732
2026-08-18T06:14:50.634+00:00,1787033690.6346767,193502.6492435,25.72644910000963,836,193502.5619349,3.6028999893460423,83.63340000505559,3,1,1,4,1,0.0,1,estabilizada,1,1,1,447.0,275.0,0.14114761352539062,0.8924232125282288,0.1639015021730187,0.8275472670159529,0.1510402521730187,0.816102767015953,0.060874450508260625,0.1490695412592779,0.8151162126252619,0.05395502083826975,0.0,0.5414378241139142,-0.24888525976868478,1.5832950363287732
2026-08-18T06:14:50.634+00:00,1787033690.6346767,193502.6492534,25.726459000026807,836,193502.5619349,3.6028999893460423,83.63340000505559,10,0,0,4,1,0.0,1,estabilizada,1,1,1,,,,,,,,,,,,,nan,0.5414378241139142,-0.24888525976868478,1.5832950363287732
2026-08-18T06:14:50.792+00:00,1787033690.7921689,193502.8062917,25.88349730000482,840,193502.7096371,13.359000004129484,83.27080000890419,1,0,0,4,1,0.0,1,estabilizada,1,1,1,,,,,,,,,,,,,nan,0.5414310071867383,-0.24890200255593803,1.583283295926794
2026-08-18T06:14:50.792+00:00,1787033690.7921689,193502.806336,25.883541600022,840,193502.7096371,13.359000004129484,83.27080000890419,2,1,1,4,1,0.0,1,estabilizada,1,1,1,979.0,272.75,1.042229175567627,0.8840323686599731,1.0137618537243198,0.8196319586564393,1.0009006037243198,0.8081874586564394,1.323201534623735,0.9947950146300608,0.7774045120522027,1.328329194099353,0.0,0.5414310071867383,-0.24890200255593803,1.583283295926794
2026-08-18T06:14:50.792+00:00,1787033690.7921689,193502.8063483,25.883553899999242,840,193502.7096371,13.359000004129484,83.27080000890419,3,1,1,4,1,0.0,1,estabilizada,1,1,1,447.0,275.0,0.14114905893802643,0.8924249410629272,0.16390264664722803,0.8275474644989054,0.15104139664722804,0.8161029644989054,0.06087573101358548,0.1490695412592779,0.8151162126252619,0.05395502083826975,0.0,0.5414310071867383,-0.24890200255593803,1.583283295926794
2026-08-18T06:14:50.792+00:00,1787033690.7921689,193502.8063618,25.883567400014726,840,193502.7096371,13.359000004129484,83.27080000890419,10,0,0,4,1,0.0,1,estabilizada,1,1,1,,,,,,,,,,,,,nan,0.5414310071867383,-0.24890200255593803,1.583283295926794
2026-08-18T06:14:50.945+00:00,1787033690.945684,193502.9598495,26.03705510002328,845,193502.8588517,18.44739998341538,82.52570001059212,1,0,0,4,1,0.0,1,estabilizada,1,1,1,,,,,,,,,,,,,nan,0.5414233168785657,-0.24891603335781232,1.583273483143173
2026-08-18T06:14:50.945+00:00,1787033690.945684,193502.9598921,26.037097700027516,845,193502.8588517,18.44739998341538,82.52570001059212,2,1,1,4,1,0.0,1,estabilizada,1,1,1,979.5,267.5,1.0445572137832642,0.8948749303817749,1.0159569427602648,0.8298569863357469,1.0030956927602648,0.8184124863357469,1.3528439204101286,0.9959276151149871,0.7842315285920416,1.328329194099353,0.0,0.5414233168785657,-0.24891603335781232,1.583273483143173
2026-08-18T06:14:50.945+00:00,1787033690.945684,193502.9599043,26.037109900003998,845,193502.8588517,18.44739998341538,82.52570001059212,3,1,1,4,1,0.0,1,estabilizada,1,1,1,447.0,275.0,0.1411505937576294,0.8924263715744019,0.16390379809309713,0.827547614027112,0.15104254809309714,0.816103114027112,0.06087587213708847,0.1490695412592779,0.8151162126252619,0.05395502083826975,0.0,0.5414233168785657,-0.24891603335781232,1.583273483143173
2026-08-18T06:14:50.945+00:00,1787033690.945684,193502.9599175,26.037123100017197,845,193502.8588517,18.44739998341538,82.52570001059212,10,0,0,4,1,0.0,1,estabilizada,1,1,1,,,,,,,,,,,,,nan,0.5414233168785657,-0.24891603335781232,1.583273483143173
2026-08-18T06:14:51.086+00:00,1787033691.086831,193503.1007653,26.177970900025684,849,193502.9935617,24.180600012186915,83.0017999978736,1,0,0,4,1,0.0,1,estabilizada,1,1,1,,,,,,,,,,,,,nan,0.5414111336989808,-0.24892626052864716,1.5832662866368878
2026-08-18T06:14:51.086+00:00,1787033691.086831,193503.1007969,26.178002500004368,849,193502.9935617,24.180600012186915,83.0017999978736,2,1,1,4,1,0.0,1,estabilizada,1,1,1,979.75,263.0,1.0462511777877808,0.9042168259620667,1.0175537916617208,0.838666969529125,1.0046925416617207,0.827222469529125,1.3826784446178926,0.9973854878962631,0.7912544078171211,1.328329194099353,0.0,0.5414111336989808,-0.24892626052864716,1.5832662866368878
2026-08-18T06:14:51.086+00:00,1787033691.086831,193503.1008089,26.17801450000843,849,193502.9935617,24.180600012186915,83.0017999978736,3,1,1,4,1,0.0,1,estabilizada,1,1,1,447.0,275.0,0.14115257561206818,0.8924278020858765,0.16390507816446032,0.8275480869663779,0.15104382816446033,0.816103586966378,0.060877086240922244,0.1490695412592779,0.8151162126252619,0.05395502083826975,0.0,0.5414111336989808,-0.24892626052864716,1.5832662866368878
2026-08-18T06:14:51.086+00:00,1787033691.086831,193503.1008212,26.178026800014777,849,193502.9935617,24.180600012186915,83.0017999978736,10,0,0,4,1,0.0,1,estabilizada,1,1,1,,,,,,,,,,,,,nan,0.5414111336989808,-0.24892626052864716,1.5832662866368878
2026-08-18T06:14:51.244+00:00,1787033691.2443824,193503.2589195,26.33612510000239,854,193503.1588238,13.499900000169873,86.56579998205416,1,0,0,4,1,0.0,1,estabilizada,1,1,1,,,,,,,,,,,,,nan,0.5413975800772918,-0.2489370018848723,1.5832582733022929
2026-08-18T06:14:51.244+00:00,1787033691.2453694,193503.2590082,26.33621380000841,854,193503.1588238,13.499900000169873,86.56579998205416,2,1,1,4,1,0.0,1,estabilizada,1,1,1,979.75,257.75,1.047726035118103,0.9151734113693237,1.0189438953231686,0.848999787672191,1.0060826453231686,0.837555287672191,1.4429077647668083,1.000866559959411,0.8081875423478007,1.3390118386722343,0.0,0.5413975800772918,-0.2489370018848723,1.5832582733022929
2026-08-18T06:14:51.245+00:00,1787033691.2453694,193503.259022,26.336227600026177,854,193503.1588238,13.499900000169873,86.56579998205416,3,1,1,4,1,0.0,1,estabilizada,1,1,1,447.0,275.25,0.14119112491607666,0.8919261693954468,0.16394078084516484,0.8270740305204239,0.15107953084516484,0.815629530520424,0.023475373030694923,0.1490695412592779,0.8151162126252619,0.05395502083826975,0.0,0.5413975800772918,-0.2489370018848723,1.5832582733022929
2026-08-18T06:14:51.245+00:00,1787033691.2453694,193503.2592333,26.336438900005305,854,193503.1588238,13.499900000169873,86.56579998205416,10,0,0,4,1,0.0,1,estabilizada,1,1,1,,,,,,,,,,,,,nan,0.5413975800772918,-0.2489370018848723,1.5832582733022929
2026-08-18T06:14:51.388+00:00,1787033691.3885336,193503.4023026,26.479508200020064,858,193503.2939976,25.841199996648356,82.44030000059865,1,0,0,4,1,0.0,1,estabilizada,1,1,1,,,,,,,,,,,,,nan,0.541383534984323,-0.24894480758782023,1.583252735813402
2026-08-18T06:14:51.388+00:00,1787033691.3885336,193503.4023369,26.479542500019306,858,193503.2939976,25.841199996648356,82.44030000059865,2,1,1,4,1,0.0,1,estabilizada,1,1,1,979.75,253.5,1.0489263534545898,0.9240832328796387,1.0200750825051945,0.8574024552286637,1.0072138325051945,0.8459579552286637,1.443296323364984,1.004338435299347,0.829519065718451,1.378440669926073,0.0,0.541383534984323,-0.24894480758782023,1.583252735813402
2026-08-18T06:14:51.388+00:00,1787033691.3885336,193503.4023492,26.479554800025653,858,193503.2939976,25.841199996648356,82.44030000059865,3,1,1,4,1,0.0,1,estabilizada,1,1,1,447.0,275.0,0.1411571353673935,0.8924307227134705,0.1639080046068634,0.827549231967559,0.1510467546068634,0.8161047319675591,0.06087727717794793,0.1490695412592779,0.8151162126252619,0.05395502083826975,0.0,0.541383534984323,-0.24894480758782023,1.583252735813402
2026-08-18T06:14:51.388+00:00,1787033691.3885336,193503.4023595,26.47956510001677,858,193503.2939976,25.841199996648356,82.44030000059865,10,0,0,4,1,0.0,1,estabilizada,1,1,1,,,,,,,,,,,,,nan,0.541383534984323,-0.24894480758782023,1.583252735813402
2026-08-18T06:14:51.530+00:00,1787033691.5308614,193503.5447585,26.621964100020705,862,193503.4276919,34.48599998955615,82.55690001533367,1,0,0,4,1,0.0,1,estabilizada,1,1,1,,,,,,,,,,,,,nan,0.5413683305794845,-0.2489507871772971,1.5832485193840586
2026-08-18T06:14:51.530+00:00,1787033691.5308614,193503.5448018,26.622007400001166,862,193503.4276919,34.48599998955615,82.55690001533367,2,1,1,4,1,0.0,1,estabilizada,1,1,1,980.0,250.5,1.0502169132232666,0.9303893446922302,1.0212913390779286,0.863349577676026,1.0084300890779285,0.8519050776760261,1.442900019415925,1.0062396167171797,0.8425322141239527,1.4225641915547238,0.0,0.5413683305794845,-0.2489507871772971,1.5832485193840586
2026-08-18T06:14:51.530+00:00,1787033691.5308614,193503.5448133,26.62201890000142,862,193503.4276919,34.48599998955615,82.55690001533367,3,1,1,4,1,0.0,1,estabilizada,1,1,1,446.75,275.0,0.14074698090553284,0.8924384117126465,0.16352036172933598,0.8275559711845741,0.150659111729336,0.8161114711845742,0.060877268876309495,0.1490695412592779,0.8151162126252619,0.05395502083826975,0.0,0.5413683305794845,-0.2489507871772971,1.5832485193840586
2026-08-18T06:14:51.530+00:00,1787033691.5308614,193503.5448251,26.62203070000396,862,193503.4276919,34.48599998955615,82.55690001533367,10,0,0,4,1,0.0,1,estabilizada,1,1,1,,,,,,,,,,,,,nan,0.5413683305794845,-0.2489507871772971,1.5832485193840586
2026-08-18T06:14:51.672+00:00,1787033691.6728396,193503.6872333,26.76443890001974,867,193503.5930469,14.317199995275587,79.83580001746304,1,0,0,4,1,0.0,1,estabilizada,1,1,1,,,,,,,,,,,,,nan,0.5413507514841444,-0.2489544331221038,1.5832456433160447
2026-08-18T06:14:51.673+00:00,1787033691.673845,193503.6874995,26.76470510000945,867,193503.5930469,14.317199995275587,79.83580001746304,2,1,1,4,1,0.0,1,estabilizada,1,1,1,979.75,248.0,1.0504900217056274,0.9356693029403687,1.0215478708060615,0.8683290663221777,1.0086866208060614,0.8568845663221777,1.4428961834242917,1.0065265944611153,0.8445010218586796,1.4225641915547238,0.0,0.5413507514841444,-0.2489544331221038,1.5832456433160447
2026-08-18T06:14:51.673+00:00,1787033691.673845,193503.6875543,26.76475990001927,867,193503.5930469,14.317199995275587,79.83580001746304,3,1,1,4,1,0.0,1,estabilizada,1,1,1,447.0,275.0,0.14116229116916656,0.8924341797828674,0.16391110565692474,0.8275516547021136,0.15104985565692475,0.8161071547021136,0.06087724397142032,0.1490695412592779,0.8151162126252619,0.05395502083826975,0.0,0.5413507514841444,-0.2489544331221038,1.5832456433160447
2026-08-18T06:14:51.673+00:00,1787033691.673845,193503.6875718,26.764777400007006,867,193503.5930469,14.317199995275587,79.83580001746304,10,0,0,4,1,0.0,1,estabilizada,1,1,1,,,,,,,,,,,,,nan,0.5413507514841444,-0.2489544331221038,1.5832456433160447
2026-08-18T06:14:51.823+00:00,1787033691.8231497,193503.8377101,26.91491570000653,871,193503.726231,30.602099985117093,80.84569999482483,1,0,0,4,1,0.0,1,estabilizada,1,1,1,,,,,,,,,,,,,nan,0.5413341393502589,-0.24895638061189132,1.5832435253677521
2026-08-18T06:14:51.823+00:00,1787033691.824151,193503.8377742,26.914979799999855,871,193503.726231,30.602099985117093,80.84569999482483,2,1,1,4,1,0.0,1,estabilizada,1,1,1,979.75,246.75,1.0508484840393066,0.9383119940757751,1.021884973191307,0.8708213320204414,1.0090237231913068,0.8593768320204415,1.4139469300538166,1.0072555605653148,0.8498354926038433,1.4225641915547238,0.0,0.5413341393502589,-0.24895638061189132,1.5832435253677521
2026-08-18T06:14:51.824+00:00,1787033691.824151,193503.8377898,26.914995400002226,871,193503.726231,30.602099985117093,80.84569999482483,3,1,1,4,1,0.0,1,estabilizada,1,1,1,447.0,275.25,0.14120133221149445,0.8919327259063721,0.16394701350782193,0.8270785086356629,0.15108576350782194,0.8156340086356629,0.02347646979228758,0.1490695412592779,0.8151162126252619,0.05395502083826975,0.0,0.5413341393502589,-0.24895638061189132,1.5832435253677521
2026-08-18T06:14:51.824+00:00,1787033691.824151,193503.8378046,26.91501020002761,871,193503.726231,30.602099985117093,80.84569999482483,10,0,0,4,1,0.0,1,estabilizada,1,1,1,,,,,,,,,,,,,nan,0.5413341393502589,-0.24895638061189132,1.5832435253677521
2026-08-18T06:14:51.984+00:00,1787033691.984721,193503.999246,27.076451600005385,876,193503.8959413,13.197899999795482,89.98580000479706,1,0,0,4,1,0.0,1,estabilizada,1,1,1,,,,,,,,,,,,,nan,0.5413190779815946,-0.24895724389171414,1.5832424031174523
2026-08-18T06:14:51.985+00:00,1787033691.98571,193503.9994648,27.076670400012517,876,193503.8959413,13.197899999795482,89.98580000479706,2,1,1,4,1,0.0,1,estabilizada,1,1,1,979.5,246.25,1.050553798675537,0.9393770098686218,1.0216061626267476,0.871825709683734,1.0087449126267476,0.860381209683734,1.3852635962571964,1.0075738180446767,0.8518489492864666,1.4225641915547238,0.0,0.5413190779815946,-0.24895724389171414,1.5832424031174523
2026-08-18T06:14:51.985+00:00,1787033691.98571,193503.9994848,27.076690400019288,876,193503.8959413,13.197899999795482,89.98580000479706,3,1,1,4,1,0.0,1,estabilizada,1,1,1,447.0,275.0,0.14116771519184113,0.892437756061554,0.16391446741384197,0.827554735120778,0.15105321741384198,0.8161102351207781,0.060878217332014754,0.1490695412592779,0.8151162126252619,0.05395502083826975,0.0,0.5413190779815946,-0.24895724389171414,1.5832424031174523
2026-08-18T06:14:51.985+00:00,1787033691.98571,193503.9995023,27.076707900007023,876,193503.8959413,13.197899999795482,89.98580000479706,10,0,0,4,1,0.0,1,estabilizada,1,1,1,,,,,,,,,,,,,nan,0.5413190779815946,-0.24895724389171414,1.5832424031174523
2026-08-18T06:14:52.148+00:00,1787033692.1486416,193504.1627047,27.23991030000616,881,193504.0583014,19.796900014625862,84.58220001193695,1,0,0,4,1,0.0,1,estabilizada,1,1,1,,,,,,,,,,,,,nan,0.5413033862270887,-0.2489577346364112,1.5832412979965211
2026-08-18T06:14:52.148+00:00,1787033692.1486416,193504.1627462,27.239951800002018,881,193504.0583014,19.796900014625862,84.58220001193695,2,1,1,4,1,0.0,1,estabilizada,1,1,1,979.75,246.5,1.0509260892868042,0.9388450384140015,1.0219563780157461,0.8713239033161397,1.009095128015746,0.8598794033161398,1.385261835535121,1.007889522370492,0.8535975113088314,1.4225641915547238,0.0,0.5413033862270887,-0.2489577346364112,1.5832412979965211
2026-08-18T06:14:52.148+00:00,1787033692.1486416,193504.1627579,27.239963500003796,881,193504.0583014,19.796900014625862,84.58220001193695,3,1,1,4,1,0.0,1,estabilizada,1,1,1,447.0,275.0,0.14117035269737244,0.8924396634101868,0.16391607886257864,0.8275564608597064,0.15105482886257865,0.8161119608597064,0.06087924880183662,0.1490695412592779,0.8151162126252619,0.05395502083826975,0.0,0.5413033862270887,-0.2489577346364112,1.5832412979965211
2026-08-18T06:14:52.148+00:00,1787033692.1486416,193504.1627675,27.239973100018688,881,193504.0583014,19.796900014625862,84.58220001193695,10,0,0,4,1,0.0,1,estabilizada,1,1,1,,,,,,,,,,,,,nan,0.5413033862270887,-0.2489577346364112,1.5832412979965211
2026-08-18T06:14:52.301+00:00,1787033692.3015757,193504.3156937,27.392899300000863,886,193504.2253617,5.024899990530685,85.28100000694394,1,0,0,4,1,0.0,1,estabilizada,1,1,1,,,,,,,,,,,,,nan,0.5412879607973613,-0.24895792424397947,1.5832396626781742
2026-08-18T06:14:52.301+00:00,1787033692.3015757,193504.3157375,27.392943100014236,886,193504.2253617,5.024899990530685,85.28100000694394,2,1,1,4,1,0.0,1,estabilizada,1,1,1,979.5,246.25,1.0505599975585938,0.939382016658783,1.021610190154844,0.8718302762606593,1.008748940154844,0.8603857762606594,1.3852600748177537,1.007889522370492,0.8535975113088314,1.4143577507023897,0.0,0.5412879607973613,-0.24895792424397947,1.5832396626781742
2026-08-18T06:14:52.301+00:00,1787033692.3015757,193504.3157496,27.39295520001906,886,193504.2253617,5.024899990530685,85.28100000694394,3,1,1,4,1,0.0,1,estabilizada,1,1,1,447.0,275.25,0.14120954275131226,0.8919386267662048,0.1639521877676932,0.8270838280825841,0.15109093776769322,0.8156393280825841,0.023477502545254297,0.1490695412592779,0.8151162126252619,0.05395502083826975,0.0,0.5412879607973613,-0.24895792424397947,1.5832396626781742
2026-08-18T06:14:52.301+00:00,1787033692.3015757,193504.3157596,27.392965200007893,886,193504.2253617,5.024899990530685,85.28100000694394,10,0,0,4,1,0.0,1,estabilizada,1,1,1,,,,,,,,,,,,,nan,0.5412879607973613,-0.24895792424397947,1.5832396626781742
2026-08-18T06:14:52.476+00:00,1787033692.4766157,193504.4908967,27.568102300021565,891,193504.3926804,3.500699996948242,94.66030000476167,1,0,0,4,1,0.0,1,estabilizada,1,1,1,,,,,,,,,,,,,nan,0.5412702849106183,-0.24895633500380598,1.5832391277827218
2026-08-18T06:14:52.476+00:00,1787033692.4766157,193504.4909803,27.568185900017852,891,193504.3926804,3.500699996948242,94.66030000476167,2,1,1,4,1,0.0,1,estabilizada,1,1,1,979.5,246.25,1.0505633354187012,0.939384937286377,1.0216123236976102,0.8718330983826115,1.0087510736976102,0.8603885983826115,1.3852581317515404,1.007889522370492,0.8535975113088314,1.4143577507023897,0.0,0.5412702849106183,-0.24895633500380598,1.5832391277827218
2026-08-18T06:14:52.476+00:00,1787033692.4766157,193504.4909996,27.568205200019293,891,193504.3926804,3.500699996948242,94.66030000476167,3,1,1,4,1,0.0,1,estabilizada,1,1,1,447.0,275.25,0.14121267199516296,0.8919406533241272,0.16395414201732894,0.8270858078698493,0.15109289201732895,0.8156413078698493,0.023477483342569747,0.1490695412592779,0.8151162126252619,0.05395502083826975,0.0,0.5412702849106183,-0.24895633500380598,1.5832391277827218
2026-08-18T06:14:52.476+00:00,1787033692.4766157,193504.4910137,27.56821930001024,891,193504.3926804,3.500699996948242,94.66030000476167,10,0,0,4,1,0.0,1,estabilizada,1,1,1,,,,,,,,,,,,,nan,0.5412702849106183,-0.24895633500380598,1.5832391277827218
2026-08-18T06:14:52.629+00:00,1787033692.629953,193504.6436848,27.720890399999917,895,193504.5272342,24.35009999317117,92.07359998254105,1,0,0,4,1,0.0,1,estabilizada,1,1,1,,,,,,,,,,,,,nan,0.5412527440619249,-0.24895227153149022,1.5832406451534575
2026-08-18T06:14:52.629+00:00,1787033692.629953,193504.6437277,27.720933300006436,895,193504.5272342,24.35009999317117,92.07359998254105,2,1,1,4,1,0.0,1,estabilizada,1,1,1,979.5,246.25,1.050566554069519,0.939387857913971,1.0216143900122094,0.871836148717088,1.0087531400122094,0.8603916487170881,1.3852561886867472,1.007889522370492,0.8535975113088314,1.4143577507023897,0.0,0.5412527440619249,-0.24895227153149022,1.5832406451534575
2026-08-18T06:14:52.629+00:00,1787033692.629953,193504.6437395,27.720945100008976,895,193504.5272342,24.35009999317117,92.07359998254105,3,1,1,4,1,0.0,1,estabilizada,1,1,1,447.0,275.25,0.14121539890766144,0.8919421434402466,0.16395569500484386,0.827087506426109,0.15109444500484387,0.815643006426109,0.023479654455459284,0.1490695412592779,0.8151162126252619,0.05395502083826975,0.0,0.5412527440619249,-0.24895227153149022,1.5832406451534575
2026-08-18T06:14:52.629+00:00,1787033692.629953,193504.6437518,27.720957400015322,895,193504.5272342,24.35009999317117,92.07359998254105,10,0,0,4,1,0.0,1,estabilizada,1,1,1,,,,,,,,,,,,,nan,0.5412527440619249,-0.24895227153149022,1.5832406451534575
2026-08-18T06:14:52.798+00:00,1787033692.7985692,193504.8129611,27.890166700002737,900,193504.6929213,28.278299985686317,91.73509999527596,1,0,0,4,1,0.0,1,estabilizada,1,1,1,,,,,,,,,,,,,nan,0.5412343369949392,-0.24894794744140175,1.5832429774352723
2026-08-18T06:14:52.798+00:00,1787033692.7985692,193504.8130076,27.890213200007565,900,193504.6929213,28.278299985686317,91.73509999527596,2,1,1,4,1,0.0,1,estabilizada,1,1,1,979.5,246.25,1.0505698919296265,0.9393905997276306,1.0216165344238952,0.8718390799865077,1.0087552844238952,0.8603945799865077,1.3852524849204246,1.007889522370492,0.8535975113088314,1.4143577507023897,0.0,0.5412343369949392,-0.24894794744140175,1.5832429774352723
2026-08-18T06:14:52.798+00:00,1787033692.7985692,193504.8130206,27.890226200019242,900,193504.6929213,28.278299985686317,91.73509999527596,3,1,1,4,1,0.0,1,estabilizada,1,1,1,447.0,275.25,0.14121799170970917,0.8919431567192078,0.16395706056317744,0.8270888034469206,0.15109581056317745,0.8156443034469206,0.023481835169453416,0.1490695412592779,0.8151162126252619,0.05395502083826975,0.0,0.5412343369949392,-0.24894794744140175,1.5832429774352723
2026-08-18T06:14:52.798+00:00,1787033692.7985692,193504.8130371,27.890242699999362,900,193504.6929213,28.278299985686317,91.73509999527596,10,0,0,4,1,0.0,1,estabilizada,1,1,1,,,,,,,,,,,,,nan,0.5412343369949392,-0.24894794744140175,1.5832429774352723
