wall_time_iso,t_wall,t_perf,session_elapsed_s,cycle_id,robot_id,state,previous_state,x,y,yaw,pose_age_ms,waypoint_x,waypoint_y,final_goal_x,final_goal_y,distance_error,desired_heading,angle_error,u_att_x,u_att_y,u_rep_x,u_rep_y,u_res_x,u_res_y,repulsion_norm,align_factor,linear_cmd,angular_cmd,left_cmd,right_cmd,controller_mode,avoid_enabled,requested_delay_ms,jitter_ms
2026-08-18T05:57:03.941+00:00,1787032623.9410074,192435.9829018,0.2873943999875337,1,2,ORIENT,ORIENT,0.9805034251424214,0.6375873213917292,1.5247038534028812,426.97763442993164,0.2,0.625,0.2,0.625,0.78060491756001,-3.125466869232482,1.633014584544223,-0.9998699426651001,-0.016125084832310677,0.0,0.0,-0.9998699426651001,-0.016125084832310677,0.0,0.0,0,35.0,-35,35,apf_fsm,1,0.0,0.0
2026-08-18T05:57:03.942+00:00,1787032623.942011,192435.9838508,0.28834339999593794,1,3,ORIENT,ORIENT,0.21377540640112647,0.6273124980739885,2.9909521926144707,427.9813766479492,1.0,0.625,1.0,0.625,0.7862279944310404,-0.002941260529921548,-2.993893453144392,0.9999957084655762,-0.0029412563890218735,0.0,0.0,0.9999957084655762,-0.0029412563890218735,0.0,0.0,0,-35.0,35,-35,apf_fsm,1,0.0,0.0
2026-08-18T05:57:04.138+00:00,1787032624.138958,192436.1810952,0.4855878000089433,2,2,ORIENT,ORIENT,0.9805034251424214,0.6375873213917292,1.5247038534028812,167.02651977539062,0.2,0.625,0.2,0.625,0.78060491756001,-3.125466869232482,1.633014584544223,-0.9998699426651001,-0.016125084832310677,0.0,0.0,-0.9998699426651001,-0.016125084832310677,0.0,0.0,0,35.0,-35,35,apf_fsm,1,0.0,0.0
2026-08-18T05:57:04.139+00:00,1787032624.139958,192436.1819629,0.4864555000094697,2,3,ORIENT,ORIENT,0.21377540640112647,0.6273124980739885,2.9909521926144707,168.02644729614258,1.0,0.625,1.0,0.625,0.7862279944310404,-0.002941260529921548,-2.993893453144392,0.9999957084655762,-0.0029412563890218735,0.0,0.0,0.9999957084655762,-0.0029412563890218735,0.0,0.0,0,-35.0,35,-35,apf_fsm,1,0.0,0.0
2026-08-18T05:57:04.322+00:00,1787032624.3223145,192436.3640105,0.6685030999942683,3,2,ORIENT,ORIENT,0.9805034251424214,0.6375873213917292,1.5247038534028812,142.16899871826172,0.2,0.625,0.2,0.625,0.78060491756001,-3.125466869232482,1.633014584544223,-0.9998699426651001,-0.016125084832310677,0.0,0.0,-0.9998699426651001,-0.016125084832310677,0.0,0.0,0,35.0,-35,35,apf_fsm,1,0.0,0.0
2026-08-18T05:57:04.324+00:00,1787032624.324307,192436.3662794,0.6707720000122208,3,3,ORIENT,ORIENT,0.21377540640112647,0.6273124980739885,2.9909521926144707,145.15995979309082,1.0,0.625,1.0,0.625,0.7862279944310404,-0.002941260529921548,-2.993893453144392,0.9999957084655762,-0.0029412563890218735,0.0,0.0,0.9999957084655762,-0.0029412563890218735,0.0,0.0,0,-35.0,35,-35,apf_fsm,1,0.0,0.0
2026-08-18T05:57:04.476+00:00,1787032624.4768064,192436.5188046,0.8232971999968868,4,2,ORIENT,ORIENT,0.9805034251424214,0.6375873213917292,1.550754391298983,133.20636749267578,0.2,0.625,0.2,0.625,0.78060491756001,-3.125466869232482,1.6069640466481214,-0.9998699426651001,-0.016125084832310677,0.0,0.0,-0.9998699426651001,-0.016125084832310677,0.0,0.0,0,33.34731760825885,-33,33,apf_fsm,1,0.0,0.0
2026-08-18T05:57:04.476+00:00,1787032624.4768064,192436.5210961,0.8255887000123039,4,3,ORIENT,ORIENT,0.21377540640112647,0.6273124980739885,2.95868213996378,133.20636749267578,1.0,0.625,1.0,0.625,0.7862279944310404,-0.002941260529921548,-2.9616234004937017,0.9999957084655762,-0.0029412563890218735,0.0,0.0,0.9999957084655762,-0.0029412563890218735,0.0,0.0,0,-35.0,35,-35,apf_fsm,1,0.0,0.0
2026-08-18T05:57:04.641+00:00,1787032624.641711,192436.6836368,0.9881294000078924,5,2,ORIENT,ORIENT,0.9805034251424214,0.6375873213917292,1.6082443473579577,127.76994705200195,0.2,0.625,0.2,0.625,0.78060491756001,-3.125466869232482,1.5494740905891469,-0.9998699426651001,-0.016125084832310677,0.0,0.0,-0.9998699426651001,-0.016125084832310677,0.0,0.0,0,29.661703376420192,-29,29,apf_fsm,1,0.0,0.0
2026-08-18T05:57:04.642+00:00,1787032624.6427107,192436.6852255,0.9897180999978445,5,3,ORIENT,ORIENT,0.2115835711230594,0.6301305577104219,2.846886956353428,128.7696361541748,1.0,0.625,1.0,0.625,0.788433122049986,-0.006507329383815555,-2.8533942857372434,0.9999788403511047,-0.006507283542305231,0.0,0.0,0.9999788403511047,-0.006507283542305231,0.0,0.0,0,-35.0,35,-35,apf_fsm,1,0.0,0.0
2026-08-18T05:57:04.800+00:00,1787032624.800826,192436.8433631,1.14785569999367,6,2,ORIENT,ORIENT,0.9805034251424214,0.6375873213917292,1.6483976365925639,130.9661865234375,0.2,0.625,0.2,0.625,0.78060491756001,-3.125466869232482,1.5093208013545407,-0.9998699426651001,-0.016125084832310677,0.0,0.0,-0.9998699426651001,-0.016125084832310677,0.0,0.0,0,30.113254358735226,-30,30,apf_fsm,1,0.0,0.0
2026-08-18T05:57:04.801+00:00,1787032624.8018262,192436.8441026,1.1485952000075486,6,3,ORIENT,ORIENT,0.20871681175624848,0.6338764996725373,2.7064211586301603,131.96635246276855,1.0,0.625,1.0,0.625,0.7913329743184173,-0.011217383868721849,-2.7176385424988823,0.999937117099762,-0.01121714897453785,0.0,0.0,0.999937117099762,-0.01121714897453785,0.0,0.0,0,-35.0,35,-35,apf_fsm,1,0.0,0.0
2026-08-18T05:57:04.951+00:00,1787032624.9518957,192436.9935625,1.29805509999278,7,2,ORIENT,ORIENT,0.9805034251424214,0.6375873213917292,1.6483976365925639,282.03582763671875,0.2,0.625,0.2,0.625,0.78060491756001,-3.125466869232482,1.5093208013545407,-0.9998699426651001,-0.016125084832310677,0.0,0.0,-0.9998699426651001,-0.016125084832310677,0.0,0.0,0,33.205057629799896,-33,33,apf_fsm,1,0.0,0.0
2026-08-18T05:57:04.952+00:00,1787032624.952383,192436.9945734,1.2990660000068601,7,3,ORIENT,ORIENT,0.20422308861922914,0.6402130313012947,2.554804306661,113.52944374084473,1.0,0.625,1.0,0.625,0.7959223134251818,-0.01911487910756538,-2.5739191857685655,0.9998172521591187,-0.01911371387541294,0.0,0.0,0.9998172521591187,-0.01911371387541294,0.0,0.0,0,-35.0,35,-35,apf_fsm,1,0.0,0.0
2026-08-18T05:57:05.112+00:00,1787032625.1127136,192437.1543551,1.458847700007027,8,2,ORIENT,ORIENT,0.9805034251424214,0.6375873213917292,1.9546693474724839,120.93639373779297,0.2,0.625,0.2,0.625,0.78060491756001,-3.125466869232482,1.2030490904746207,-0.9998699426651001,-0.016125084832310677,0.0,0.0,-0.9998699426651001,-0.016125084832310677,0.0,0.0,0,26.0,-26,26,apf_fsm,1,0.0,0.0
2026-08-18T05:57:05.113+00:00,1787032625.113714,192437.1557209,1.4602134999877308,8,3,ORIENT,ORIENT,0.1992844419828378,0.6482568130756865,2.342426224543163,122.93314933776855,1.0,0.625,1.0,0.625,0.8010532343141578,-0.02903687260804485,-2.371463097151208,0.9995784759521484,-0.029032792896032333,0.0,0.0,0.9995784759521484,-0.029032792896032333,0.0,0.0,0,-35.0,35,-35,apf_fsm,1,0.0,0.0
2026-08-18T05:57:05.253+00:00,1787032625.253522,192437.2952593,1.599751900008414,9,2,ORIENT,ORIENT,0.9773833061297168,0.631235911122797,2.4577355422774563,111.70625686645508,0.2,0.625,0.2,0.625,0.7774083169330648,-3.133571157374336,0.6918786075277943,-0.9999678730964661,-0.008021410554647446,0.0,0.0,-0.9999678730964661,-0.008021410554647446,0.0,0.0,0,-26.0,26,-26,apf_fsm,1,0.0,0.0
2026-08-18T05:57:05.253+00:00,1787032625.2545366,192437.296096,1.6005886000057217,9,3,ORIENT,ORIENT,0.19423875996322532,0.656735622224767,2.2571556959895367,111.70625686645508,1.0,0.625,1.0,0.625,0.8063859656911161,-0.03936553956756573,-2.2965212355571025,0.9992253184318542,-0.03935537487268448,0.0,0.0,0.9992253184318542,-0.03935537487268448,0.0,0.0,0,-35.0,35,-35,apf_fsm,1,0.0,0.0
2026-08-18T05:57:05.394+00:00,1787032625.3948154,192437.4368136,1.7413062000123318,10,2,ORIENT,ORIENT,0.9755659021851694,0.6280959137596797,2.7405612046880656,113.13104629516602,0.2,0.625,0.2,0.625,0.7755720813143695,-3.1376008625725476,0.4050232399189735,-0.9999920129776001,-0.003991780336946249,0.0,0.0,-0.9999920129776001,-0.003991780336946249,0.0,0.0,0,-26.0,26,-26,apf_fsm,1,0.0,0.0
2026-08-18T05:57:05.395+00:00,1787032625.395713,192437.4375861,1.7420786999864504,10,3,ORIENT,ORIENT,0.19193022710505286,0.663028394180241,2.162511168476168,114.0286922454834,1.0,0.625,1.0,0.625,0.8089641009528291,-0.047026080992817625,-2.2095372494689856,0.998894453048706,-0.04700874909758568,0.0,0.0,0.998894453048706,-0.04700874909758568,0.0,0.0,0,-35.0,35,-35,apf_fsm,1,0.0,0.0
2026-08-18T05:57:05.540+00:00,1787032625.5403485,192437.5822215,1.8867140999936964,11,2,ORIENT,ORIENT,0.9755659021851694,0.6280959137596797,2.8157962695198586,109.29298400878906,0.2,0.625,0.2,0.625,0.7755720813143695,-3.1376008625725476,0.32978817508718006,-0.9999920129776001,-0.003991780336946249,0.0,0.0,-0.9999920129776001,-0.003991780336946249,0.0,0.0,0,26.0,-26,26,apf_fsm,1,0.0,0.0
2026-08-18T05:57:05.540+00:00,1787032625.5403485,192437.5828697,1.8873623000108637,11,3,ORIENT,ORIENT,0.18768146275525383,0.6736219318856072,2.0909788950748065,109.29298400878906,1.0,0.625,1.0,0.625,0.8137723872261411,-0.05978441505224463,-2.150763310127051,0.9982134103775024,-0.059748806059360504,0.0,0.0,0.9982134103775024,-0.059748806059360504,0.0,0.0,0,-35.0,35,-35,apf_fsm,1,0.0,0.0
2026-08-18T05:57:05.681+00:00,1787032625.6810436,192437.7229665,2.027459100005217,12,2,ORIENT,ORIENT,0.9731348381586022,0.6250415416009725,2.9459155914566746,110.29672622680664,0.2,0.625,0.2,0.625,0.773134839274646,-3.141538922210833,0.19573079351207845,-1.0,-5.3731379011878744e-05,0.0,0.0,-1.0,-5.3731379011878744e-05,0.0,0.0,0,-26.0,26,-26,apf_fsm,1,0.0,0.0
2026-08-18T05:57:05.681+00:00,1787032625.6819801,192437.7241956,2.0286881999927573,12,3,ORIENT,ORIENT,0.1831014223631662,0.6882119477452462,2.005307313204449,111.23323440551758,1.0,0.625,1.0,0.625,0.8193406107857891,-0.07722652146984085,-2.08253383467429,0.9970194697380066,-0.07714977860450745,0.0,0.0,0.9970194697380066,-0.07714977860450745,0.0,0.0,0,-35.0,35,-35,apf_fsm,1,0.0,0.0
2026-08-18T05:57:05.830+00:00,1787032625.8305764,192437.872801,2.177293599990662,13,2,RUN,ORIENT,0.9731348381586022,0.6250415416009725,3.0444197984881884,115.05651473999023,0.2,0.625,0.2,0.625,0.773134839274646,-3.141538922210833,0.09722658648056459,-1.0,-5.3731379011878744e-05,0.0,0.0,-1.0,-5.3731379011878744e-05,0.0,1.0,35.0,4.375196391625407,30,39,apf_fsm,1,0.0,0.0
2026-08-18T05:57:05.831+00:00,1787032625.8315768,192437.8734539,2.1779465000145137,13,3,ORIENT,ORIENT,0.18162849799736844,0.7043747083783216,1.726427140335222,116.05691909790039,1.0,0.625,1.0,0.625,0.8222118094628578,-0.09668861626573086,-1.8231157566009528,0.9953293204307556,-0.09653803706169128,0.0,0.0,0.9953293204307556,-0.09653803706169128,0.0,0.0,0,-26.0,26,-26,apf_fsm,1,0.0,0.0
2026-08-18T05:57:06.002+00:00,1787032626.0029035,192438.0449106,2.3494032000016887,14,2,RUN,RUN,0.9731348381586022,0.6250415416009725,3.08875815429862,132.27605819702148,0.2,0.625,0.2,0.625,0.773134839274646,-3.141538922210833,0.05288823067013304,-1.0,-5.3731379011878744e-05,0.0,0.0,-1.0,-5.3731379011878744e-05,0.0,1.0,35.0,-1.0229601466637739,36,33,apf_fsm,1,0.0,0.0
2026-08-18T05:57:06.003+00:00,1787032626.003902,192438.0459138,2.350406399986241,14,3,ORIENT,ORIENT,0.1833332634260886,0.7112702025787292,1.5986475273564016,133.27455520629883,1.0,0.625,1.0,0.625,0.8212107564317807,-0.10524665107446864,-1.7038941784308703,0.9944666624069214,-0.10505245625972748,0.0,0.0,0.9944666624069214,-0.10505245625972748,0.0,0.0,0,-28.305610406382797,28,-28,apf_fsm,1,0.0,0.0
2026-08-18T05:57:06.148+00:00,1787032626.1488154,192438.1912726,2.4957652000011876,15,2,RUN,RUN,0.9731348381586022,0.6250415416009725,-3.0941135173701846,110.02564430236816,0.2,0.625,0.2,0.625,0.773134839274646,-3.141538922210833,-0.04742540484064861,-1.0,-5.3731379011878744e-05,0.0,0.0,-1.0,-5.3731379011878744e-05,0.0,1.0,35.0,-3.985231291283844,38,31,apf_fsm,1,0.0,0.0
2026-08-18T05:57:06.149+00:00,1787032626.1498084,192438.1919785,2.49647109999205,15,3,ORIENT,ORIENT,0.18512886195164951,0.7149009537057434,1.3583347018886933,111.01865768432617,1.0,0.625,1.0,0.625,0.8198153164593938,-0.10988098917565074,-1.468215691064344,0.9939691424369812,-0.10966000705957413,0.0,0.0,0.9939691424369812,-0.10966000705957413,0.0,0.0,0,-26.0,26,-26,apf_fsm,1,0.0,0.0
2026-08-18T05:57:06.293+00:00,1787032626.2933547,192438.3358096,2.6403021999867633,16,2,RUN,RUN,0.9727474080833969,0.6231259004956692,-3.0535300846048767,113.3420467376709,0.2,0.625,0.2,0.625,0.7727496806525126,3.1391674162638314,-0.09048780631087805,-0.999997079372406,0.0024252349976450205,0.0,0.0,-0.999997079372406,0.0024252349976450205,0.0,1.0,35.0,-2.412062114566811,37,32,apf_fsm,1,0.0,0.0
2026-08-18T05:57:06.294+00:00,1787032626.2943566,192438.3366066,2.641099200001918,16,3,ORIENT,ORIENT,0.18727258816145873,0.716229209173455,1.2392563668108734,114.34388160705566,1.0,0.625,1.0,0.625,0.817831654168624,-0.1117827583946879,-1.3510391252055614,0.9937587976455688,-0.11155010759830475,0.0,0.0,0.9937587976455688,-0.11155010759830475,0.0,0.0,0,-26.0,26,-26,apf_fsm,1,0.0,0.0
2026-08-18T05:57:06.448+00:00,1787032626.4489233,192438.4913846,2.7958771999983583,17,2,RUN,RUN,0.9724496767624384,0.6213647603288149,-2.9589347046183647,114.0754222869873,0.2,0.625,0.2,0.625,0.7724582306493101,3.136886570056327,-0.18736403250489442,-0.9999889135360718,0.0047060661017894745,0.0,0.0,-0.9999889135360718,0.0047060661017894745,0.0,1.0,35.0,-5.264308241839517,40,29,apf_fsm,1,0.0,0.0
2026-08-18T05:57:06.449+00:00,1787032626.4499385,192438.4923171,2.7968096999975387,17,3,ORIENT,ORIENT,0.19312729995007757,0.7174279487384099,0.8352885986756284,115.09060859680176,1.0,0.625,1.0,0.625,0.8121492964928567,-0.11405370381694958,-0.949342302492578,0.9935029149055481,-0.1138065904378891,0.0,0.0,0.9935029149055481,-0.1138065904378891,0.0,0.0,0,26.0,-26,26,apf_fsm,1,0.0,0.0
2026-08-18T05:57:06.602+00:00,1787032626.60396,192438.6454795,2.949972100002924,18,2,RUN,RUN,0.9628481376003033,0.6138234809980473,-2.8866394408146427,120.28789520263672,0.2,0.625,0.2,0.625,0.7629300070237455,3.1269426604598967,-0.2696032059050468,-0.9998927116394043,0.014649469405412674,0.0,0.0,-0.9998927116394043,0.014649469405412674,0.0,0.8726062188990287,35.0,-5.574403128055803,40,29,apf_fsm,1,0.0,0.0
2026-08-18T05:57:06.603+00:00,1787032626.60396,192438.6460889,2.9505814999865834,18,3,ORIENT,ORIENT,0.19498932932201046,0.7174877033925047,0.7214397985229416,121.28472328186035,1.0,0.625,1.0,0.625,0.8103062107526059,-0.11438849243533963,-0.8358282909582813,0.9934647083282471,-0.11413919180631638,0.0,0.0,0.9934647083282471,-0.11413919180631638,0.0,0.0,0,-26.0,26,-26,apf_fsm,1,0.0,0.0
2026-08-18T05:57:06.747+00:00,1787032626.7476382,192438.7891832,3.0936757999879774,19,2,RUN,RUN,0.9526093337768391,0.6084027509374896,-2.8762482536075784,111.49454116821289,0.2,0.625,0.2,0.625,0.7527923206067266,3.1195432860558907,-0.2873937675161171,-0.999756932258606,0.022047581151127815,0.0,0.0,-0.999756932258606,0.022047581151127815,0.0,0.8349355458051364,35.0,-3.4966073315486312,38,31,apf_fsm,1,0.0,0.0
2026-08-18T05:57:06.747+00:00,1787032626.7476382,192438.7899344,3.094427000003634,19,3,ORIENT,ORIENT,0.19744799314023498,0.7173255396153442,0.5765347637990133,112.49947547912598,1.0,0.625,1.0,0.625,0.8078451144742418,-0.11453644962748812,-0.6910712134265014,0.9934478402137756,-0.11428618431091309,0.0,0.0,0.9934478402137756,-0.11428618431091309,0.0,0.0,0,-26.0,26,-26,apf_fsm,1,0.0,0.0
2026-08-18T05:57:06.903+00:00,1787032626.9031434,192438.9449984,3.2494909999950323,20,2,RUN,RUN,0.9401682561726531,0.6033684088409583,-2.884443971026278,113.25812339782715,0.2,0.625,0.2,0.625,0.7404842828728629,3.1123757357901196,-0.2863656003631885,-0.9995732307434082,0.02921276167035103,0.0,0.0,-0.9995732307434082,0.02921276167035103,0.0,0.8371126411408875,35.0,-2.8276701532793824,37,32,apf_fsm,1,0.0,0.0
2026-08-18T05:57:06.904+00:00,1787032626.9041526,192438.9460379,3.2505304999940563,20,3,ORIENT,ORIENT,0.20358890940833868,0.7167953422196436,0.4633424141749975,114.26734924316406,1.0,0.625,1.0,0.625,0.8016838591805505,-0.11475485858671684,-0.5780972727617143,0.9934229254722595,-0.1145031675696373,0.0,0.0,0.9934229254722595,-0.1145031675696373,0.0,0.0,0,-26.0,26,-26,apf_fsm,1,0.0,0.0
2026-08-18T05:57:07.076+00:00,1787032627.0778613,192439.1193612,3.4238537999917753,21,2,RUN,RUN,0.9317084710651153,0.6008784355619883,-2.921631024947618,129.97698783874512,0.2,0.625,0.2,0.625,0.7321059598851699,3.108638504590427,-0.25291577764154205,-0.999457061290741,0.03294818475842476,0.0,0.0,-0.999457061290741,0.03294818475842476,0.0,0.9079410592843428,35.0,-1.3584139811577955,36,33,apf_fsm,1,0.0,0.0
2026-08-18T05:57:07.078+00:00,1787032627.0788538,192439.120779,3.425271599990083,21,3,ORIENT,ORIENT,0.20358890940833868,0.7167953422196436,0.4633424141749975,132.13682174682617,1.0,0.625,1.0,0.625,0.8016838591805505,-0.11475485858671684,-0.5780972727617143,0.9934229254722595,-0.1145031675696373,0.0,0.0,0.9934229254722595,-0.1145031675696373,0.0,0.0,0,-26.0,26,-26,apf_fsm,1,0.0,0.0
2026-08-18T05:57:07.225+00:00,1787032627.225323,192439.2670724,3.5715649999910966,22,2,RUN,RUN,0.9219832648813941,0.5983052389421257,-2.964359451288626,108.5968017578125,0.2,0.625,0.2,0.625,0.7224766051829875,3.104635277705417,-0.21419057818554332,-0.9993171691894531,0.03694896399974823,0.0,0.0,-0.9993171691894531,0.03694896399974823,0.0,0.9899398382489681,35.0,-0.7865238008954778,35,34,apf_fsm,1,0.0,0.0
2026-08-18T05:57:07.225+00:00,1787032627.225323,192439.2679361,3.572428699990269,22,3,ORIENT,ORIENT,0.20358890940833868,0.7167953422196436,0.4745147800088729,109.59219932556152,1.0,0.625,1.0,0.625,0.8016838591805505,-0.11475485858671684,-0.5892696385955898,0.9934229254722595,-0.1145031675696373,0.0,0.0,0.9934229254722595,-0.1145031675696373,0.0,0.0,0,-26.0,26,-26,apf_fsm,1,0.0,0.0
2026-08-18T05:57:07.365+00:00,1787032627.36545,192439.408456,3.712948600004893,23,2,RUN,RUN,0.916466670514759,0.5970970605710509,-2.984288780245453,109.97772216796875,0.2,0.625,0.2,0.625,0.717009807455435,3.1026671212557964,-0.1962294056783369,-0.9992425441741943,0.03891570493578911,0.0,0.0,-0.9992425441741943,0.03891570493578911,0.0,1.0,35.0,-1.3336530190311446,36,33,apf_fsm,1,0.0,0.0
2026-08-18T05:57:07.366+00:00,1787032627.3669617,192439.409105,3.713597599999048,23,3,ORIENT,ORIENT,0.20358890940833868,0.7167953422196436,0.484736256337527,111.48953437805176,1.0,0.625,1.0,0.625,0.8016838591805505,-0.11475485858671684,-0.5994911149242438,0.9934229254722595,-0.1145031675696373,0.0,0.0,0.9934229254722595,-0.1145031675696373,0.0,0.0,0,-26.0,26,-26,apf_fsm,1,0.0,0.0
2026-08-18T05:57:07.517+00:00,1787032627.5175502,192439.5591099,3.8636025000014342,24,2,RUN,RUN,0.9123345858960226,0.5965499258367167,-2.999565862963953,111.49239540100098,0.2,0.625,0.2,0.625,0.7129024961266122,3.1016746686172576,-0.1819447755983763,-0.9992033839225769,0.03990738466382027,0.0,0.0,-0.9992033839225769,0.03990738466382027,0.0,1.0,35.0,-1.3194857031851415,36,33,apf_fsm,1,0.0,0.0
2026-08-18T05:57:07.517+00:00,1787032627.5175502,192439.5600253,3.864517899986822,24,3,ORIENT,ORIENT,0.2052721225536728,0.7174465086941442,0.44916377296925825,112.00141906738281,1.0,0.625,1.0,0.625,0.8000867179000543,-0.11580427724567038,-0.5649680502149286,0.9933021068572998,-0.1155456081032753,0.0,0.0,0.9933021068572998,-0.1155456081032753,0.0,0.0,0,-26.0,26,-26,apf_fsm,1,0.0,0.0
2026-08-18T05:57:07.663+00:00,1787032627.6635256,192439.7059732,4.010465800005477,25,2,RUN,RUN,0.9035480838938275,0.5954752066308224,-3.0315704521251607,110.7931137084961,0.2,0.625,0.2,0.625,0.7041673237052176,3.0996516942424175,-0.15196316081200756,-0.9991205930709839,0.04192866384983063,0.0,0.0,-0.9991205930709839,0.04192866384983063,0.0,1.0,35.0,-0.47027509059716976,35,34,apf_fsm,1,0.0,0.0
2026-08-18T05:57:07.664+00:00,1787032627.6645162,192439.7066152,4.011107800004538,25,3,ORIENT,ORIENT,0.21155793012064755,0.7156581879610135,0.19249925510744254,111.78374290466309,1.0,0.625,1.0,0.625,0.7936370736048134,-0.11448119136261936,-0.3069804464700619,0.9934541583061218,-0.11423128843307495,0.0,0.0,0.9934541583061218,-0.11423128843307495,0.0,0.0,0,26.0,-26,26,apf_fsm,1,0.0,0.0
2026-08-18T05:57:07.804+00:00,1787032627.8049219,192439.8471828,4.151675400004024,26,2,RUN,RUN,0.8924603747424473,0.5941269323695695,-3.06718164284901,111.40847206115723,0.2,0.625,0.2,0.625,0.693148264726504,3.0970375603128777,-0.11896610401769792,-0.9990075826644897,0.04454035311937332,0.0,0.0,-0.9990075826644897,0.04454035311937332,0.0,1.0,35.0,-0.03476405237614166,35,34,apf_fsm,1,0.0,0.0
2026-08-18T05:57:07.806+00:00,1787032627.80692,192439.8485283,4.153020900004776,26,3,RUN,ORIENT,0.21310609874596426,0.7134241406923286,-0.045618795017838124,112.40625381469727,1.0,0.625,1.0,0.625,0.7918464753271134,-0.11190167796720857,-0.06628288294937044,0.9937455654144287,-0.11166828870773315,0.0,0.0,0.9937455654144287,-0.11166828870773315,0.0,1.0,35.0,-2.98272973272167,37,32,apf_fsm,1,0.0,0.0
2026-08-18T05:57:07.954+00:00,1787032627.9541745,192439.9963193,4.300811900000554,27,2,RUN,RUN,0.8818091965440931,0.5933717409015951,-3.0930441721691047,116.0588264465332,0.2,0.625,0.2,0.625,0.6825423996102349,3.0952371615324936,-0.0949039734779884,-0.9989258050918579,0.046338893473148346,0.0,0.0,-0.9989258050918579,0.046338893473148346,0.0,1.0,35.0,-0.10686516589005102,35,34,apf_fsm,1,0.0,0.0
2026-08-18T05:57:07.955+00:00,1787032627.9551697,192439.9972783,4.301770899997791,27,3,RUN,RUN,0.21490134338779077,0.7098724467693482,-0.27541507799551745,117.05398559570312,1.0,0.625,1.0,0.625,0.7896728644412897,-0.10768598674241321,0.16772909125310426,0.994207501411438,-0.10747798532247543,0.0,0.0,0.994207501411438,-0.10747798532247543,0.0,1.0,35.0,9.867710009617657,25,44,apf_fsm,1,0.0,0.0
2026-08-18T05:57:08.146+00:00,1787032628.1468282,192440.1883508,4.492843399988487,28,2,RUN,RUN,0.8761718490208823,0.5930667610490706,-3.109804894473345,149.0623950958252,0.2,0.625,0.2,0.625,0.6769254768127848,3.094401197608788,-0.07897921509745309,-0.9988866448402405,0.047173939645290375,0.0,0.0,-0.9988866448402405,0.047173939645290375,0.0,1.0,35.0,-0.23242560765579512,35,34,apf_fsm,1,0.0,0.0
2026-08-18T05:57:08.148+00:00,1787032628.1483388,192440.189981,4.494473600003403,28,3,RUN,RUN,0.21490134338779077,0.7098724467693482,-0.3110398478308046,151.56888961791992,1.0,0.625,1.0,0.625,0.7896728644412897,-0.10768598674241321,0.20335386108839143,0.994207501411438,-0.10747798532247543,0.0,0.0,0.994207501411438,-0.10747798532247543,0.0,1.0,35.0,3.280405555118965,31,38,apf_fsm,1,0.0,0.0
2026-08-18T05:57:08.307+00:00,1787032628.3070629,192440.3489683,4.653460900008213,29,2,RUN,RUN,0.8663799999415759,0.5923426988543505,3.140386267292961,126.13439559936523,0.2,0.625,0.2,0.625,0.6671797386313918,3.0926248017613207,-0.04776146553164029,-0.9988012313842773,0.04894828051328659,0.0,0.0,-0.9988012313842773,0.04894828051328659,0.0,1.0,35.0,0.6150065794870452,34,35,apf_fsm,1,0.0,0.0
2026-08-18T05:57:08.308+00:00,1787032628.308082,192440.3503277,4.654820299998391,29,3,RUN,RUN,0.21531694038006882,0.7081810427651396,-0.3610857455748866,127.15363502502441,1.0,0.625,1.0,0.625,0.7890795840281211,-0.10561149801164421,0.2554742475632424,0.9944283366203308,-0.10541528463363647,0.0,0.0,0.9944283366203308,-0.10541528463363647,0.0,0.9025236201866947,35.0,4.378956002252207,30,39,apf_fsm,1,0.0,0.0
2026-08-18T05:57:08.462+00:00,1787032628.4628196,192440.5045461,4.8090387000120245,30,2,RUN,RUN,0.858128717171329,0.5921163910452738,3.1224904565512057,127.98333168029785,0.2,0.625,0.2,0.625,0.6589497250196455,3.0916688538885064,-0.030821602662699288,-0.99875408411026,0.04990306496620178,0.0,0.0,-0.99875408411026,0.04990306496620178,0.0,1.0,35.0,0.2846791737859422,34,35,apf_fsm,1,0.0,0.0
2026-08-18T05:57:08.462+00:00,1787032628.4628196,192440.5051653,4.809657900012098,30,3,RUN,RUN,0.2235019837161249,0.7021656519169109,-0.34334347999411613,127.98333168029785,1.0,0.625,1.0,0.625,0.7803228223809393,-0.09905127857066535,0.24429220142345076,0.9950984120368958,-0.09888938814401627,0.0,0.0,0.9950984120368958,-0.09888938814401627,0.0,0.9262010742132609,35.0,2.0515503993418007,32,37,apf_fsm,1,0.0,0.0
2026-08-18T05:57:08.634+00:00,1787032628.6349425,192440.6768889,4.981381499994313,31,2,RUN,RUN,0.8452123705637717,0.5917775015698684,3.090604282849096,131.20388984680176,0.2,0.625,0.2,0.625,0.6460671308234633,3.090147288412102,-0.0004569944369938739,-0.9986769556999207,0.05142267420887947,0.0,0.0,-0.9986769556999207,0.05142267420887947,0.0,1.0,35.0,1.0581913435297507,33,36,apf_fsm,1,0.0,0.0
2026-08-18T05:57:08.637+00:00,1787032628.6370075,192440.6787342,4.983226799988188,31,3,RUN,RUN,0.2352042197024766,0.6976353748267903,-0.2819697870939545,133.2688331604004,1.0,0.625,1.0,0.625,0.7682372571264205,-0.09468954047635507,0.1872802466175994,0.9955202341079712,-0.09454809874296188,0.0,0.0,0.9955202341079712,-0.09454809874296188,0.0,1.0,35.0,-0.12261595202880371,35,34,apf_fsm,1,0.0,0.0
2026-08-18T05:57:08.798+00:00,1787032628.7987854,192440.8405948,5.145087400014745,32,2,RUN,RUN,0.8303139449902786,0.5916068856349761,3.070912681407566,132.69972801208496,0.2,0.625,0.2,0.625,0.6311978844516223,3.0886635914200404,0.01775091001247464,-0.9985995888710022,0.05290435254573822,0.0,0.0,-0.9985995888710022,0.05290435254573822,0.0,1.0,35.0,0.8147857558561444,34,35,apf_fsm,1,0.0,0.0
2026-08-18T05:57:08.800+00:00,1787032628.8007832,192440.8422926,5.146785199991427,32,3,RUN,RUN,0.24138295754691874,0.6952383524121771,-0.23215522244976194,133.6953639984131,1.0,0.625,1.0,0.625,0.7618616956179365,-0.09232415088173793,0.13983107156802402,0.9957411885261536,-0.09219305217266083,0.0,0.0,0.9957411885261536,-0.09219305217266083,0.0,1.0,35.0,-0.2624104110548984,35,34,apf_fsm,1,0.0,0.0
2026-08-18T05:57:08.963+00:00,1787032628.9641838,192441.0055837,5.310076299996581,33,2,RUN,RUN,0.8116920861120039,0.5915465373017228,3.062218563668395,125.17523765563965,0.2,0.625,0.2,0.625,0.6126061886551263,3.0869570421428296,0.024738478474434444,-0.9985078573226929,0.054608434438705444,0.0,0.0,-0.9985078573226929,0.054608434438705444,0.0,1.0,35.0,0.49194968091293756,34,35,apf_fsm,1,0.0,0.0
2026-08-18T05:57:08.965+00:00,1787032628.9651828,192441.0076116,5.312104200012982,33,3,RUN,RUN,0.25231492511298353,0.6931692410263076,-0.16476007442112708,127.17437744140625,1.0,0.625,1.0,0.625,0.7507862656115296,-0.09092235895728297,0.07383771546384411,0.9958694577217102,-0.09079714119434357,0.0,0.0,0.9958694577217102,-0.09079714119434357,0.0,1.0,35.0,-1.5713903090078558,36,33,apf_fsm,1,0.0,0.0
2026-08-18T05:57:09.111+00:00,1787032629.1119974,192441.1539735,5.458466100011719,34,2,RUN,RUN,0.8074625743477143,0.5916934097470946,3.062218563668395,114.1958236694336,0.2,0.625,0.2,0.625,0.6083749733408066,3.086818456077445,0.024599892409050028,-0.9985002279281616,0.05474681034684181,0.0,0.0,-0.9985002279281616,0.05474681034684181,0.0,1.0,35.0,0.24114841180204571,34,35,apf_fsm,1,0.0,0.0
2026-08-18T05:57:09.112+00:00,1787032629.1129904,192441.155061,5.459553599997889,34,3,RUN,RUN,0.26027475252356325,0.6923245934063631,-0.1291774628955857,115.1888370513916,1.0,0.625,1.0,0.625,0.7427826348477782,-0.09076291838022793,0.03841454451535778,0.9958838820457458,-0.09063835442066193,0.0,0.0,0.9958838820457458,-0.09063835442066193,0.0,1.0,35.0,-0.8556655380434439,35,34,apf_fsm,1,0.0,0.0
2026-08-18T05:57:09.261+00:00,1787032629.2619398,192441.3039648,5.60845739999786,35,2,RUN,RUN,0.8044556912620078,0.5917949708502946,3.062218563668395,112.96796798706055,0.2,0.625,0.2,0.625,0.6053670429250874,3.0867140464602247,0.02449548279182956,-0.998494565486908,0.05485106632113457,0.0,0.0,-0.998494565486908,0.05485106632113457,0.0,1.0,35.0,0.24130049131557918,34,35,apf_fsm,1,0.0,0.0
2026-08-18T05:57:09.262+00:00,1787032629.2629416,192441.3046365,5.609129099990241,35,3,RUN,RUN,0.26527641419794984,0.6917532733938576,-0.0954755578537474,113.96980285644531,1.0,0.625,1.0,0.625,0.7377497862030309,-0.09060619283399064,0.004869365019756752,0.9958980679512024,-0.09048227220773697,0.0,0.0,0.9958980679512024,-0.09048227220773697,0.0,1.0,35.0,-1.1253876321484684,36,33,apf_fsm,1,0.0,0.0
2026-08-18T05:57:09.417+00:00,1787032629.4170303,192441.4586234,5.763115999987349,36,2,RUN,RUN,0.7828246473599656,0.5920049190227193,3.062218563668395,112.34498023986816,0.2,0.625,0.2,0.625,0.5837578649910985,3.0850406512229087,0.022822087554513537,-0.9984013438224792,0.056521862745285034,0.0,0.0,-0.9984013438224792,0.056521862745285034,0.0,1.0,35.0,0.1696520422390746,34,35,apf_fsm,1,0.0,0.0
2026-08-18T05:57:09.418+00:00,1787032629.418128,192441.4600158,5.764508399995975,36,3,RUN,RUN,0.284239055128397,0.6909068725941983,-0.04189022590501958,114.43209648132324,1.0,0.625,1.0,0.625,0.718788874467766,-0.09182052580920126,-0.04993029990418168,0.995787501335144,-0.09169156104326248,0.0,0.0,0.995787501335144,-0.09169156104326248,0.0,1.0,35.0,-2.417291271379662,37,32,apf_fsm,1,0.0,0.0
2026-08-18T05:57:09.572+00:00,1787032629.5729494,192441.6150589,5.919551500002854,37,2,RUN,RUN,0.7739443928615839,0.5922501939386563,3.062218563668395,112.57076263427734,0.2,0.625,0.2,0.625,0.574878000878715,3.084593524067177,0.02237496039878195,-0.9983760118484497,0.05696827173233032,0.0,0.0,-0.9983760118484497,0.05696827173233032,0.0,1.0,35.0,0.208100153537214,34,35,apf_fsm,1,0.0,0.0
2026-08-18T05:57:09.573+00:00,1787032629.5739486,192441.6157812,5.920273800002178,37,3,RUN,RUN,0.3039747758549708,0.6904174445793496,-0.015421826472987753,113.56997489929199,1.0,0.625,1.0,0.625,0.6990926653180037,-0.09371188522263693,-0.07829005874964917,0.9956122636795044,-0.09357478469610214,0.0,0.0,0.9956122636795044,-0.09357478469610214,0.0,1.0,35.0,-1.7754921470878542,36,33,apf_fsm,1,0.0,0.0
2026-08-18T05:57:09.723+00:00,1787032629.7238276,192441.7661536,6.070646200008923,38,2,RUN,RUN,0.759884801680264,0.5924766784270326,3.062218563668395,118.67904663085938,0.2,0.625,0.2,0.625,0.5608286347884595,3.083568546108505,0.021349982440109994,-0.9983170628547668,0.05799155309796333,0.0,0.0,-0.9983170628547668,0.05799155309796333,0.0,1.0,35.0,0.17762559584758142,34,35,apf_fsm,1,0.0,0.0
2026-08-18T05:57:09.725+00:00,1787032629.7258332,192441.7674759,6.071968500007642,38,3,RUN,RUN,0.3274759815103638,0.6898268193632732,-0.015421826472987753,119.68159675598145,1.0,0.625,1.0,0.625,0.6756412302059481,-0.09609640836219895,-0.0806745818892112,0.9953863024711609,-0.09594857692718506,0.0,0.0,0.9953863024711609,-0.09594857692718506,0.0,1.0,35.0,-0.8902041287767829,35,34,apf_fsm,1,0.0,0.0
2026-08-18T05:57:09.864+00:00,1787032629.8649318,192441.9067532,6.211245799990138,39,2,RUN,RUN,0.7528847733791413,0.5924931194296619,3.062218563668395,105.09109497070312,0.2,0.625,0.2,0.625,0.5538395705607524,3.0828652256980216,0.020646662029626395,-0.9982759952545166,0.058693673461675644,0.0,0.0,-0.9982759952545166,0.058693673461675644,0.0,1.0,35.0,0.181850405929338,34,35,apf_fsm,1,0.0,0.0
2026-08-18T05:57:09.865+00:00,1787032629.865931,192441.9076305,6.212123100005556,39,3,RUN,RUN,0.3441203651738146,0.6891933325299369,-0.015421826472987753,106.09030723571777,1.0,0.625,1.0,0.625,0.6590135653543328,-0.09756290840331573,-0.08214108193032799,0.9952445030212402,-0.09740820527076721,0.0,0.0,0.9952445030212402,-0.09740820527076721,0.0,1.0,35.0,-0.8727383207423673,35,34,apf_fsm,1,0.0,0.0
2026-08-18T05:57:10.016+00:00,1787032630.0166442,192442.0581781,6.362670700007584,40,2,RUN,RUN,0.7387960648393124,0.5927196580082456,3.062218563668395,114.27855491638184,0.2,0.625,0.2,0.625,0.5397621883435642,3.081752200082092,0.019533636413696875,-0.998210072517395,0.05980474501848221,0.0,0.0,-0.998210072517395,0.05980474501848221,0.0,1.0,35.0,0.15638046757943558,34,35,apf_fsm,1,0.0,0.0
2026-08-18T05:57:10.016+00:00,1787032630.0166442,192442.0587408,6.363233400013996,40,3,RUN,RUN,0.35771885930385994,0.6884776339690791,-0.015421826472987753,115.78202247619629,1.0,0.625,1.0,0.625,0.6454103142251812,-0.09851163167751649,-0.08308980520452874,0.9951516389846802,-0.09835237264633179,0.0,0.0,0.9951516389846802,-0.09835237264633179,0.0,1.0,35.0,-0.8641033666423139,35,34,apf_fsm,1,0.0,0.0
2026-08-18T05:57:10.170+00:00,1787032630.1707134,192442.2129111,6.517403700010618,41,2,RUN,RUN,0.7351218972012278,0.5927690464510215,3.062218563668395,113.9829158782959,0.2,0.625,0.2,0.625,0.5360916705479742,3.0814342809619335,0.019215717293538326,-0.9981910586357117,0.06012209504842758,0.0,0.0,-0.9981910586357117,0.06012209504842758,0.0,1.0,35.0,0.18103000372983402,34,35,apf_fsm,1,0.0,0.0
2026-08-18T05:57:10.171+00:00,1787032630.171715,192442.213666,6.518158599996241,41,3,RUN,RUN,0.36414408912333013,0.6882801625441608,-0.006464487664303013,114.98451232910156,1.0,0.625,1.0,0.625,0.6389969627223708,-0.0991930489697478,-0.0927285613054448,0.9950844049453735,-0.09903046488761902,0.0,0.0,0.9950844049453735,-0.09903046488761902,0.0,1.0,35.0,-1.2646420765865098,36,33,apf_fsm,1,0.0,0.0
2026-08-18T05:57:10.326+00:00,1787032630.326955,192442.3697104,6.674203000002308,42,2,RUN,RUN,0.7203523454466616,0.5925644281238334,3.062218563668395,114.81904983520508,0.2,0.625,0.2,0.625,0.5213622826162014,3.0793393370732263,0.01712077340483109,-0.9980629086494446,0.06221311539411545,0.0,0.0,-0.9980629086494446,0.06221311539411545,0.0,1.0,35.0,0.0978846979435577,34,35,apf_fsm,1,0.0,0.0
2026-08-18T05:57:10.328+00:00,1787032630.3284416,192442.3703516,6.6748441999952774,42,3,RUN,RUN,0.3749446724509323,0.6883611258268367,0.014980852733951869,116.30558967590332,1.0,0.625,1.0,0.625,0.6282585413374947,-0.10102374275442148,-0.11600459548837336,0.9949014186859131,-0.10085199028253555,0.0,0.0,0.9949014186859131,-0.10085199028253555,0.0,1.0,35.0,-1.9747071512862333,36,33,apf_fsm,1,0.0,0.0
2026-08-18T05:57:10.474+00:00,1787032630.47429,192442.5165248,6.821017400012352,43,2,RUN,RUN,0.7128137843835399,0.5924395844704848,3.062218563668395,108.87718200683594,0.2,0.625,0.2,0.625,0.5138464343685012,3.078184132119508,0.015965568451112855,-0.9979903697967529,0.06336604058742523,0.0,0.0,-0.9979903697967529,0.06336604058742523,0.0,1.0,35.0,0.11922351113099028,34,35,apf_fsm,1,0.0,0.0
2026-08-18T05:57:10.475+00:00,1787032630.4752839,192442.5177868,6.822279399988474,43,3,RUN,RUN,0.39468402015576387,0.6884546063830872,0.025214359872030766,109.87114906311035,1.0,0.625,1.0,0.625,0.6086328306343819,-0.10444741378344213,-0.1296617736554729,0.9945502877235413,-0.10425760596990585,0.0,0.0,0.9945502877235413,-0.10425760596990585,0.0,1.0,35.0,-1.7746189724032133,36,33,apf_fsm,1,0.0,0.0
2026-08-18T05:57:10.618+00:00,1787032630.6182725,192442.6603117,6.9648042999906465,44,2,RUN,RUN,0.7072937152119185,0.5924552395037718,3.062218563668395,110.45455932617188,0.2,0.625,0.2,0.625,0.5083365764228146,3.077526760396954,0.015308196728558876,-0.997948408126831,0.06402207165956497,0.0,0.0,-0.997948408126831,0.06402207165956497,0.0,1.0,35.0,0.1300739569961995,34,35,apf_fsm,1,0.0,0.0
2026-08-18T05:57:10.619+00:00,1787032630.6192684,192442.6615666,6.966059200000018,44,3,RUN,RUN,0.3999410182127905,0.6883738724126944,0.025214359872030766,111.4504337310791,1.0,0.625,1.0,0.625,0.6033962457026751,-0.10522267189232413,-0.1304370317643549,0.9944692254066467,-0.10502861440181732,0.0,0.0,0.9944692254066467,-0.10502861440181732,0.0,1.0,35.0,-1.3315043514544185,36,33,apf_fsm,1,0.0,0.0
2026-08-18T05:57:10.761+00:00,1787032630.7611682,192442.8032509,7.10774350000429,45,2,RUN,RUN,0.69144603333511,0.5925676661998104,3.062218563668395,112.1068000793457,0.2,0.625,0.2,0.625,0.4925150352593725,3.0756945323066556,0.013475968638260394,-0.9978294968605042,0.06585043668746948,0.0,0.0,-0.9978294968605042,0.06585043668746948,0.0,1.0,35.0,0.07063170322215706,34,35,apf_fsm,1,0.0,0.0
2026-08-18T05:57:10.762+00:00,1787032630.7621598,192442.8039114,7.1084039999987,45,3,RUN,RUN,0.4103904016914363,0.688230374606526,0.025214359872030766,113.0983829498291,1.0,0.625,1.0,0.625,0.5929903529489053,-0.10683277907219633,-0.1320471389442271,0.9942988753318787,-0.10662968456745148,0.0,0.0,0.9942988753318787,-0.10662968456745148,0.0,1.0,35.0,-1.3768251407377978,36,33,apf_fsm,1,0.0,0.0
2026-08-18T05:57:10.910+00:00,1787032630.910005,192442.9518662,7.256358799990267,46,2,AVOID,RUN,0.6783609383092413,0.5926196213950539,3.062218563668395,108.16311836242676,0.2,0.625,0.2,0.625,0.47945560401219356,2.9873245963747688,-0.0748939672936264,-0.9977168440818787,0.06753572076559067,0.34405291080474854,0.0341113805770874,-0.6536639332771301,0.10164710134267807,0.34573978185653687,0.997196757506178,24.0,-3.3702285282131883,27,20,apf_fsm,1,0.0,0.0
2026-08-18T05:57:10.912+00:00,1787032630.912003,192442.9534232,7.257915800000774,46,3,AVOID,RUN,0.4248539727428251,0.6881288918518627,0.034305036059133,109.16686058044434,1.0,0.625,1.0,0.625,0.5786002157415387,-0.21687699720012318,-0.2511820332592562,0.9940300583839417,-0.10910622775554657,-0.34405291080474854,-0.0341113805770874,0.6499771475791931,-0.14321760833263397,0.34573978185653687,0.9686193051870227,24.0,-11.303191496666528,35,18.0,apf_fsm,1,0.0,0.0
2026-08-18T05:57:11.071+00:00,1787032631.0712085,192443.1133999,7.4178925000014715,47,2,AVOID,AVOID,0.6747127764049119,0.5925776439308882,3.062218563668395,120.0556755065918,0.2,0.625,0.2,0.625,0.4758186936797798,-1.3913222492197985,1.8296444942913928,-0.9976757764816284,0.06814014911651611,1.0091723203659058,-0.1315077394247055,0.011496543884277344,-0.06336759030818939,1.0177048444747925,0.0,0,35.0,-35,35,apf_fsm,1,0.0,0.0
2026-08-18T05:57:11.072+00:00,1787032631.0722086,192443.1142426,7.4187351999862585,47,3,AVOID,AVOID,0.4388012621611412,0.6880219167336061,0.05122208084881217,121.05584144592285,1.0,0.625,1.0,0.625,0.564726292411382,2.229736450906952,2.17851437005814,0.9937534928321838,-0.11159726977348328,-1.0091723203659058,0.1315077394247055,-0.015418827533721924,0.01991046965122223,1.0177048444747925,0.0,0,35.0,-35,35,apf_fsm,1,0.0,0.0
2026-08-18T05:57:11.223+00:00,1787032631.2230475,192443.2649124,7.569404999987455,48,2,AVOID,AVOID,0.6615065312348907,0.5924329438075071,3.062218563668395,117.26856231689453,0.2,0.625,0.2,0.625,0.46265418135093744,-0.4380659653688355,2.7829007781423556,-0.9975194334983826,0.07039178907871246,1.0517208576202393,-0.09578081965446472,0.05420142412185669,-0.02538903057575226,1.0560733079910278,0.0,0,35.0,-35,35,apf_fsm,1,0.0,0.0
2026-08-18T05:57:11.224+00:00,1787032631.2240393,192443.2660364,7.5705289999896195,48,3,AVOID,AVOID,0.4464614059898424,0.6879894986295132,0.06090725608356745,118.26038360595703,1.0,0.625,1.0,0.625,0.5571109871438003,-2.8526037876507297,-2.9135110437342973,0.9935876131057739,-0.11306452751159668,-1.0517208576202393,0.09578081965446472,-0.05813324451446533,-0.017283707857131958,1.0560733079910278,0.0,0,-35.0,35,-35,apf_fsm,1,0.0,0.0
2026-08-18T05:57:11.371+00:00,1787032631.3710117,192443.4132613,7.717753900011303,49,2,AVOID,AVOID,0.6539590771127105,0.5924295287235747,3.062218563668395,115.79680442810059,0.2,0.625,0.2,0.625,0.45512600375301815,-0.09192843597519976,3.1290383075359913,-0.9974360466003418,0.07156363874673843,1.0862526893615723,-0.07975149154663086,0.08881664276123047,-0.008187852799892426,1.0891764163970947,0.0,0,35.0,-35,35,apf_fsm,1,0.0,0.0
2026-08-18T05:57:11.372+00:00,1787032631.3720055,192443.4139316,7.718424199993024,49,3,AVOID,AVOID,0.4697157774113073,0.6885268811576938,0.08705511072919682,116.7905330657959,1.0,0.625,1.0,0.625,0.5340758573050441,-2.7440747126788994,-2.831129823408096,0.992900550365448,-0.11894730478525162,-1.0862526893615723,0.07975149154663086,-0.09335213899612427,-0.03919581323862076,1.0891764163970947,0.0,0,-35.0,35,-35,apf_fsm,1,0.0,0.0
2026-08-18T05:57:11.522+00:00,1787032631.5220444,192443.5637005,7.868193100002827,50,2,AVOID,AVOID,0.6425570700224875,0.5924752429359441,3.0817759600961208,107.93352127075195,0.2,0.625,0.2,0.625,0.44375062822374095,-0.22121868468655165,2.9801906623969137,-0.9973102807998657,0.07329512387514114,1.1108428239822388,-0.09882852435112,0.11353254318237305,-0.02553340047597885,1.1152304410934448,0.0,0,35.0,-35,35,apf_fsm,1,0.0,0.0
2026-08-18T05:57:11.524+00:00,1787032631.5240524,192443.5662036,7.8706961999996565,50,3,AVOID,AVOID,0.48412054078290034,0.6890319295331635,0.12465627918895353,109.94148254394531,1.0,0.625,1.0,0.625,0.5198381521607155,-2.9388737559050164,-3.06353003509397,0.9923847317695618,-0.12317666411399841,-1.1108428239822388,0.09882852435112,-0.118458092212677,-0.024348139762878418,1.1152304410934448,0.0,0,-35.0,35,-35,apf_fsm,1,0.0,0.0
2026-08-18T05:57:11.665+00:00,1787032631.666714,192443.7081117,8.012604299990926,51,2,AVOID,AVOID,0.6402637908615192,0.5923254311731544,-3.1381728732313188,108.97111892700195,0.2,0.625,0.2,0.625,0.44147461194475923,-0.30802456019849284,2.8301483130328258,-0.9972573518753052,0.07401234656572342,1.1164958477020264,-0.111948162317276,0.11923849582672119,-0.03793581575155258,1.1220941543579102,0.0,0,35.0,-35,35,apf_fsm,1,0.0,0.0
2026-08-18T05:57:11.667+00:00,1787032631.6677907,192443.7100273,8.01451989999623,51,3,AVOID,AVOID,0.48914155826564354,0.6893534507713491,0.23036715205619235,111.06514930725098,1.0,0.625,1.0,0.625,0.5148958284133164,-3.0371359278055348,3.015682227317859,0.992158830165863,-0.12498344480991364,-1.1164958477020264,0.111948162317276,-0.12433701753616333,-0.013035282492637634,1.1220941543579102,0.0,0,35.0,-35,35,apf_fsm,1,0.0,0.0
2026-08-18T05:57:11.819+00:00,1787032631.8197658,192443.8618249,8.166317499999423,52,2,AVOID,AVOID,0.6402637908615192,0.5923254311731544,-3.1012132632111093,110.7628345489502,0.2,0.625,0.2,0.625,0.44147461194475923,-0.30802456019849284,2.7931887030126163,-0.9972573518753052,0.07401234656572342,1.1164958477020264,-0.111948162317276,0.11923849582672119,-0.03793581575155258,1.1220941543579102,0.0,0,35.0,-35,35,apf_fsm,1,0.0,0.0
2026-08-18T05:57:11.820+00:00,1787032631.8207622,192443.8631192,8.167611799988663,52,3,AVOID,AVOID,0.48914155826564354,0.6893534507713491,0.3520728170360935,111.75918579101562,1.0,0.625,1.0,0.625,0.5148958284133164,-3.0371359278055348,2.893976562337958,0.992158830165863,-0.12498344480991364,-1.1164958477020264,0.111948162317276,-0.12433701753616333,-0.013035282492637634,1.1220941543579102,0.0,0,35.0,-35,35,apf_fsm,1,0.0,0.0
2026-08-18T05:57:12.014+00:00,1787032632.014166,192444.0563844,8.360876999999164,53,2,AVOID,AVOID,0.6402637908615192,0.5923254311731544,-2.9695966557756712,152.17924118041992,0.2,0.625,0.2,0.625,0.44147461194475923,-0.3688767876444054,2.6007198681312658,-0.9972573518753052,0.07401234656572342,1.117047667503357,-0.12031987309455872,0.11979031562805176,-0.0463075265288353,1.1235089302062988,0.0,0,35.0,-35,35,apf_fsm,1,0.0,0.0
2026-08-18T05:57:12.017+00:00,1787032632.0171578,192444.0593484,8.363841000013053,53,3,AVOID,AVOID,0.4911325523087208,0.6901593555155852,0.3529550109511877,155.17091751098633,1.0,0.625,1.0,0.625,0.5130222421406728,-3.0881785721089767,2.842051724119422,0.9919014573097229,-0.12701080739498138,-1.117047667503357,0.12031987309455872,-0.12514621019363403,-0.0066909343004226685,1.1235089302062988,0.0,0,35.0,-35,35,apf_fsm,1,0.0,0.0
2026-08-18T05:57:12.172+00:00,1787032632.172973,192444.2143881,8.518880699994043,54,2,AVOID,AVOID,0.6402637908615192,0.5923254311731544,-2.553893813578663,140.6846046447754,0.2,0.625,0.2,0.625,0.44147461194475923,-0.3688767876444054,2.1850170259342576,-0.9972573518753052,0.07401234656572342,1.117047667503357,-0.12031987309455872,0.11979031562805176,-0.0463075265288353,1.1235089302062988,0.0,0,30.0,-30,30,apf_fsm,1,0.0,0.0
2026-08-18T05:57:12.173+00:00,1787032632.1739762,192444.2155424,8.520034999994095,54,3,AVOID,AVOID,0.4911325523087208,0.6901593555155852,0.3369806151961914,142.67873764038086,1.0,0.625,1.0,0.625,0.5130222421406728,-3.0881785721089767,2.858026119874418,0.9919014573097229,-0.12701080739498138,-1.117047667503357,0.12031987309455872,-0.12514621019363403,-0.0066909343004226685,1.1235089302062988,0.0,0,35.0,-35,35,apf_fsm,1,0.0,0.0
2026-08-18T05:57:12.331+00:00,1787032632.3320572,192444.3734287,8.677921299997251,55,2,AVOID,AVOID,0.6402637908615192,0.5923254311731544,-2.3082045140257903,132.1432590484619,0.2,0.625,0.2,0.625,0.44147461194475923,-0.3688767876444054,1.9393277263813848,-0.9972573518753052,0.07401234656572342,1.117047667503357,-0.12031987309455872,0.11979031562805176,-0.0463075265288353,1.1235089302062988,0.0,0,30.0,-30,30,apf_fsm,1,0.0,0.0
2026-08-18T05:57:12.332+00:00,1787032632.3320572,192444.3740569,8.678549500007648,55,3,AVOID,AVOID,0.4911325523087208,0.6901593555155852,0.37512414417662243,133.13531875610352,1.0,0.625,1.0,0.625,0.5130222421406728,-3.0881785721089767,2.819882590893987,0.9919014573097229,-0.12701080739498138,-1.117047667503357,0.12031987309455872,-0.12514621019363403,-0.0066909343004226685,1.1235089302062988,0.0,0,35.0,-35,35,apf_fsm,1,0.0,0.0
2026-08-18T05:57:12.505+00:00,1787032632.5052397,192444.547541,8.852033600007417,56,2,AVOID,AVOID,0.6402637908615192,0.5923254311731544,-2.0713661515143564,135.98179817199707,0.2,0.625,0.2,0.625,0.44147461194475923,-0.4673198295148198,1.6040463219995367,-0.9972573518753052,0.07401234656572342,1.1146507263183594,-0.13324889540672302,0.1173933744430542,-0.0592365488409996,1.122586965560913,0.0,0,30.0,-30,30,apf_fsm,1,0.0,0.0
2026-08-18T05:57:12.506+00:00,1787032632.506744,192444.5482492,8.852741799986688,56,3,AVOID,AVOID,0.49145909410286354,0.6921036045174702,0.6070319090595582,137.48598098754883,1.0,0.625,1.0,0.625,0.5129490683390674,3.1218809109264747,2.5148490018669163,0.9914062023162842,-0.13081921637058258,-1.1146507263183594,0.13324889540672302,-0.1232445240020752,0.002429679036140442,1.122586965560913,0.0,0,35.0,-35,35,apf_fsm,1,0.0,0.0
2026-08-18T05:57:12.672+00:00,1787032632.6724806,192444.7143737,9.01886630000081,57,2,AVOID,AVOID,0.6402637908615192,0.5923254311731544,-2.0263100223005623,127.15911865234375,0.2,0.625,0.2,0.625,0.44147461194475923,-1.0193047364350813,1.007005285865481,-0.9972573518753052,0.07401234656572342,1.0929992198944092,-0.2296498417854309,0.095741868019104,-0.15563750267028809,1.116864562034607,0.5343943519334986,8.0,-30.0,38,-22,apf_fsm,1,0.0,0.0
2026-08-18T05:57:12.673+00:00,1787032632.673476,192444.7154631,9.019955700001447,57,3,AVOID,AVOID,0.49578632590745286,0.706470312309293,1.0420749855564857,128.15451622009277,1.0,0.625,1.0,0.625,0.510753209416915,2.556183113222499,1.514108127666013,0.9871962070465088,-0.15951010584831238,-1.0929992198944092,0.2296498417854309,-0.10580301284790039,0.07013973593711853,1.116864562034607,0.056657842261766005,3.9660489583236203,-35.0,38,-31,apf_fsm,1,0.0,0.0
2026-08-18T05:57:12.832+00:00,1787032632.8321967,192444.8741113,9.178603900014423,58,2,AVOID,AVOID,0.6464611153712656,0.5944586348406691,-1.6421162448792666,132.8587532043457,0.2,0.625,0.2,0.625,0.44750452793726025,-0.9591639028530349,0.6829523420262317,-0.9976683855056763,0.06824817508459091,1.0936157703399658,-0.2050517499446869,0.09594738483428955,-0.13680356740951538,1.1126731634140015,0.7757129205919678,8.0,-30.0,38,-22,apf_fsm,1,0.0,0.0
2026-08-18T05:57:12.833+00:00,1787032632.8331974,192444.874907,9.179399599990575,58,3,AVOID,AVOID,0.49578632590745286,0.706470312309293,1.1162065340195273,133.85939598083496,1.0,0.625,1.0,0.625,0.510753209416915,2.7372308144077793,1.621024280388252,0.9871962070465088,-0.15951010584831238,-1.0936157703399658,0.2050517499446869,-0.10641956329345703,0.04554164409637451,1.1126731634140015,0.0,0,35.0,-35,35,apf_fsm,1,0.0,0.0
2026-08-18T05:57:13.000+00:00,1787032633.0008855,192445.0428833,9.347375899989856,59,2,AVOID,AVOID,0.6464611153712656,0.5944586348406691,-1.5579152984908784,129.7919750213623,0.2,0.625,0.2,0.625,0.44750452793726025,-1.1568737218614378,0.4010415766294406,-0.9976683855056763,0.06824817508459091,1.0788787603378296,-0.2531101405620575,0.08121037483215332,-0.184861958026886,1.1081715822219849,0.9206548854106567,24.0,-5.856461022593281,29,18,apf_fsm,1,0.0,0.0
2026-08-18T05:57:13.001+00:00,1787032633.0018857,192445.0437277,9.348220299987588,59,3,AVOID,AVOID,0.49697417934538396,0.7143462989342808,1.3150954193499025,130.79214096069336,1.0,0.625,1.0,0.625,0.510898950261697,2.4490154172523226,1.1339199979024202,0.984589695930481,-0.17488056421279907,-1.0788787603378296,0.2531101405620575,-0.09428906440734863,0.07822957634925842,1.1081715822219849,0.423111245019656,8.0,-30.0,38,-22,apf_fsm,1,0.0,0.0
2026-08-18T05:57:13.151+00:00,1787032633.1513362,192445.1927815,9.497274099994684,60,2,AVOID,AVOID,0.6483765645478787,0.5948192338518989,-1.463597113866396,112.18023300170898,0.2,0.625,0.2,0.625,0.4493911684502093,-1.1861672384065638,0.2774298754598321,-0.997742235660553,0.06715922802686691,1.0749897956848145,-0.25799277424812317,0.07724756002426147,-0.19083353877067566,1.1055150032043457,0.961762531819613,24.0,-1.5521107863379773,25,22,apf_fsm,1,0.0,0.0
2026-08-18T05:57:13.151+00:00,1787032633.1513362,192445.1936273,9.498119900003076,60,3,AVOID,AVOID,0.4971170848177443,0.7161395296716561,1.5666266627032108,112.18023300170898,1.0,0.625,1.0,0.625,0.5110749849591295,2.4226246515603997,0.8559979888571889,0.9839709401130676,-0.17832909524440765,-1.0749897956848145,0.25799277424812317,-0.09101885557174683,0.07966367900371552,1.1055150032043457,0.6554651297067374,8.0,-30.0,38,-22,apf_fsm,1,0.0,0.0
2026-08-18T05:57:13.297+00:00,1787032633.2972395,192445.3389764,9.64346900000237,61,2,AVOID,AVOID,0.6483765645478787,0.5948192338518989,-1.423499715113772,115.3249740600586,0.2,0.625,0.2,0.625,0.4493911684502093,-1.1861672384065638,0.23733247670720825,-0.997742235660553,0.06715922802686691,1.0749897956848145,-0.25799277424812317,0.07724756002426147,-0.19083353877067566,1.1055150032043457,0.9719685955294975,24.0,0.9699158107302475,23,24,apf_fsm,1,0.0,0.0
2026-08-18T05:57:13.298+00:00,1787032633.2982454,192445.3397771,9.64426969998749,61,3,AVOID,AVOID,0.4971170848177443,0.7161395296716561,1.6724581168034605,116.33086204528809,1.0,0.625,1.0,0.625,0.5110749849591295,2.4226246515603997,0.7501665347569393,0.9839709401130676,-0.17832909524440765,-1.0749897956848145,0.25799277424812317,-0.09101885557174683,0.07966367900371552,1.1055150032043457,0.7315753421828591,8.0,30.0,-22,38,apf_fsm,1,0.0,0.0
2026-08-18T05:57:13.449+00:00,1787032633.449523,192445.4914415,9.795934099995065,62,2,AVOID,AVOID,0.650229821383217,0.5947029762350676,-1.3485414632794273,111.94539070129395,0.2,0.625,0.2,0.625,0.4512480489839002,-1.1868895505499564,0.16165191272947088,-0.997743546962738,0.06714051216840744,1.0737855434417725,-0.2553866505622864,0.07604199647903442,-0.18824613094329834,1.1037380695343018,0.9869627567414473,24.0,-1.032300611926099,25,22,apf_fsm,1,0.0,0.0
2026-08-18T05:57:13.450+00:00,1787032633.4504895,192445.4920916,9.796584199997596,62,3,AVOID,AVOID,0.4971170848177443,0.7161395296716561,1.815247334055577,112.91193962097168,1.0,0.625,1.0,0.625,0.5110749849591295,2.4324941131250055,0.6172467790694285,0.9839709401130676,-0.17832909524440765,-1.0737855434417725,0.2553866505622864,-0.08981460332870483,0.07705755531787872,1.1037380695343018,0.8154750881177226,8.0,30.0,-22,38,apf_fsm,1,0.0,0.0
2026-08-18T05:57:13.588+00:00,1787032633.5898466,192445.6311912,9.935683799994877,63,2,AVOID,AVOID,0.6538644624974835,0.5900113034092169,-1.3225997746232683,110.9611988067627,0.2,0.625,0.2,0.625,0.45521111498649885,-1.2220053192535956,0.10059445536967271,-0.9970417022705078,0.07686257362365723,1.0628149509429932,-0.2577277421951294,0.06577324867248535,-0.18086516857147217,1.0936174392700195,0.9949446429650415,24.0,-1.1310664538962092,25,22,apf_fsm,1,0.0,0.0
2026-08-18T05:57:13.589+00:00,1787032633.5898466,192445.6321196,9.936612199991941,63,3,AVOID,AVOID,0.49201030398137724,0.7142542832405212,2.077409380143176,111.90128326416016,1.0,0.625,1.0,0.625,0.5157711298026209,2.3145428835168884,0.23713350337371253,0.9849129915237427,-0.1730501651763916,-1.0628149509429932,0.2577277421951294,-0.07790195941925049,0.08467757701873779,1.0936174392700195,0.9720153570520081,24.0,-10.932629615612935,34,18.0,apf_fsm,1,0.0,0.0
2026-08-18T05:57:13.753+00:00,1787032633.75306,192445.7953116,10.099804199999198,64,2,AVOID,AVOID,0.6543947630110741,0.5881041853147558,-1.3651188481583278,119.97818946838379,0.2,0.625,0.2,0.625,0.4558902299821505,-1.2604649031906379,0.10465394496768998,-0.9967196583747864,0.08093135803937912,1.0546685457229614,-0.2616303265094757,0.05794888734817505,-0.180698961019516,1.0866352319717407,0.994528772248696,24.0,1.1886215856075044,22,25,apf_fsm,1,0.0,0.0
2026-08-18T05:57:13.754+00:00,1787032633.754048,192445.7961374,10.10063000000082,64,3,AVOID,AVOID,0.486653500523641,0.7143510845932557,2.195517668326174,120.96619606018066,1.0,0.625,1.0,0.625,0.5210645304015834,2.227415595139949,0.0318979268137749,0.9851879477500916,-0.17147797346115112,-1.0546685457229614,0.2616303265094757,-0.06948059797286987,0.09015235304832458,1.0866352319717407,0.9994913042669011,24.0,-6.864265911460068,30,18.0,apf_fsm,1,0.0,0.0
2026-08-18T05:57:13.897+00:00,1787032633.897102,192445.9391747,10.243667300004745,65,2,AVOID,AVOID,0.6543947630110741,0.5881041853147558,-1.3994481561969712,111.12093925476074,0.2,0.625,0.2,0.625,0.4558902299821505,-1.2604649031906379,0.1389832530063333,-0.9967196583747864,0.08093135803937912,1.0546685457229614,-0.2616303265094757,0.05794888734817505,-0.180698961019516,1.0866352319717407,0.9903573644005393,24.0,2.591358311415849,21,26,apf_fsm,1,0.0,0.0
2026-08-18T05:57:13.898+00:00,1787032633.8981085,192445.9400928,10.244585400010692,65,3,AVOID,AVOID,0.486653500523641,0.7143510845932557,2.187825273183005,112.12730407714844,1.0,0.625,1.0,0.625,0.5210645304015834,2.227415595139949,0.03959032195694423,0.9851879477500916,-0.17147797346115112,-1.0546685457229614,0.2616303265094757,-0.06948059797286987,0.09015235304832458,1.0866352319717407,0.9992164055617695,24.0,0.6651370495803688,23,24,apf_fsm,1,0.0,0.0
2026-08-18T05:57:14.049+00:00,1787032634.0498009,192446.0917939,10.396286500006681,66,2,AVOID,AVOID,0.6548377338029608,0.5814558642821804,-1.5233809178589865,124.25088882446289,0.2,0.625,0.2,0.625,0.45691734027767533,-1.3768891287033307,0.14649178915565586,-0.9954485893249512,0.09529981017112732,1.0356124639511108,-0.29982662200927734,0.04016387462615967,-0.20452681183815002,1.0781415700912476,0.9892892526723511,24.0,1.7277166567828484,22,25,apf_fsm,1,0.0,0.0
2026-08-18T05:57:14.051+00:00,1787032634.0517986,192446.0931508,10.397643400006928,66,3,AVOID,AVOID,0.4840079724118072,0.7153786047110664,2.21515630438161,125.24914741516113,1.0,0.625,1.0,0.625,0.5238473677743294,1.9491922421123729,-0.2659640622692372,0.9850046038627625,-0.17252852022647858,-1.0356124639511108,0.29982662200927734,-0.05060786008834839,0.12729810178279877,1.0781415700912476,0.9648395555908567,24.0,-13.354044070608722,37,18.0,apf_fsm,1,0.0,0.0
2026-08-18T05:57:14.191+00:00,1787032634.1919851,192446.2336549,10.538147499988554,67,2,AVOID,AVOID,0.6548377338029608,0.5814558642821804,-1.5391875743330385,112.18523979187012,0.2,0.625,0.2,0.625,0.45691734027767533,-1.4233093347486754,0.11587823958436316,-0.9954485893249512,0.09529981017112732,1.026267409324646,-0.302742063999176,0.030818819999694824,-0.2074422538280487,1.069989562034607,0.9932936261382067,24.0,0.08730816084838722,23,24,apf_fsm,1,0.0,0.0
2026-08-18T05:57:14.192+00:00,1787032634.192985,192446.2344356,10.538928199996008,67,3,AVOID,AVOID,0.4767063147330143,0.7170275540896378,2.4383556294916393,113.18516731262207,1.0,0.625,1.0,0.625,0.5313241494154245,1.8800044333751955,-0.5583511961164438,0.9848859310150146,-0.17320415377616882,-1.026267409324646,0.302742063999176,-0.04138147830963135,0.1295379102230072,1.069989562034607,0.8481297808283824,24.0,-15.817061645816668,39,18.0,apf_fsm,1,0.0,0.0
2026-08-18T05:57:14.339+00:00,1787032634.339519,192446.3813508,10.685843399987789,68,2,AVOID,AVOID,0.6538195800795797,0.5774168060021165,-1.6067473238992729,113.70182037353516,0.2,0.625,0.2,0.625,0.4563073214563254,-1.531782855797158,0.07496446810211488,-0.9945480823516846,0.10427882522344589,1.0033910274505615,-0.3308277130126953,0.008842945098876953,-0.22654888033866882,1.0565228462219238,0.997191479877431,24.0,-0.6823373208575412,24,23,apf_fsm,1,0.0,0.0
2026-08-18T05:57:14.340+00:00,1787032634.3405156,192446.3828377,10.687330299988389,68,3,AVOID,AVOID,0.4663621487502945,0.7190572463940051,2.638590447076763,114.69841003417969,1.0,0.625,1.0,0.625,0.5418635639029676,1.688355976203002,-0.9502344708737609,0.9848195314407349,-0.1735810488462448,-1.0033910274505615,0.3308277130126953,-0.01857149600982666,0.1572466641664505,1.0565228462219238,0.5814923512320159,8.0,-30.0,38,-22,apf_fsm,1,0.0,0.0
2026-08-18T05:57:14.495+00:00,1787032634.4950216,192446.5372513,10.841743900004076,69,2,AVOID,AVOID,0.6538195800795797,0.5774168060021165,-1.6397518548348011,114.37320709228516,0.2,0.625,0.2,0.625,0.4563073214563254,-1.5525757382183163,0.08717611661648483,-0.9945480823516846,0.10427882522344589,0.9987461566925049,-0.33465611934661865,0.0041980743408203125,-0.23037728667259216,1.053322672843933,0.9962025681973395,24.0,1.2991688641677968,22,25,apf_fsm,1,0.0,0.0
2026-08-18T05:57:14.496+00:00,1787032634.4960225,192446.5379444,10.842437000013888,69,3,AVOID,AVOID,0.46367468957453145,0.719837684099327,2.670111823836342,115.37408828735352,1.0,0.625,1.0,0.625,0.5446457793174376,1.6579298203863253,-1.0121820034500169,0.9847232103347778,-0.1741272658109665,-0.9987461566925049,0.33465611934661865,-0.01402294635772705,0.16052885353565216,1.053322672843933,0.5300116667031546,8.0,-30.0,38,-22,apf_fsm,1,0.0,0.0
2026-08-18T05:57:14.652+00:00,1787032634.6532044,192446.6945122,10.999004799989052,70,2,AVOID,AVOID,0.6527398072364886,0.5739697066723503,-1.7108801301259444,120.06568908691406,0.2,0.625,0.2,0.625,0.455606654795163,-1.6166904961395876,0.09418963398635682,-0.9937076568603516,0.11200515925884247,0.9823091626167297,-0.360195517539978,-0.011398494243621826,-0.24819035828113556,1.046265721321106,0.9955674349064735,24.0,1.187369447809088,22,25,apf_fsm,1,0.0,0.0
2026-08-18T05:57:14.654+00:00,1787032634.6542063,192446.6957668,11.000259399996139,70,3,AVOID,AVOID,0.4590375205515197,0.721208971235584,2.697366803933931,122.06745147705078,1.0,0.625,1.0,0.625,0.5494511537136463,1.5586869870996447,-1.1386798168342864,0.9845506548881531,-0.1751001477241516,-0.9823091626167297,0.360195517539978,0.00224149227142334,0.18509536981582642,1.046265721321106,0.41879370234603264,8.0,-30.0,38,-22,apf_fsm,1,0.0,0.0
2026-08-18T05:57:14.795+00:00,1787032634.7958214,192446.8375368,11.142029400012689,71,2,AVOID,AVOID,0.6520091157767895,0.5722545343224006,-1.742977860242954,112.5030517578125,0.2,0.625,0.2,0.625,0.45507617482665685,-2.3559775248497967,-0.6129996646068427,-0.993260383605957,0.11590469628572464,0.7981830835342407,-0.3110666573047638,-0.1950773000717163,-0.19516196846961975,0.8566555380821228,0.8179259225893938,8.0,-30.881622096830412,38,-22,apf_fsm,1,0.0,0.0
2026-08-18T05:57:14.795+00:00,1787032634.7958214,192446.8380845,11.142577099992195,71,3,AVOID,AVOID,0.4470232252623204,0.7290459171793892,2.633427600878562,112.5030517578125,1.0,0.625,1.0,0.625,0.5626800745370203,0.599567051741067,-2.0338605491374953,0.9827552437782288,-0.1849113255739212,-0.7981830835342407,0.3110666573047638,0.18457216024398804,0.1261553317308426,0.8566555380821228,0.0,0,-35.0,35,-35,apf_fsm,1,0.0,0.0
2026-08-18T05:57:14.949+00:00,1787032634.94907,192446.9908772,11.295369800005574,72,2,AVOID,AVOID,0.650300556139946,0.5686893963536493,-1.8572492009034196,112.20502853393555,0.2,0.625,0.2,0.625,0.45380775108294596,-2.872838717171415,-1.0155895162679953,-0.9922716021537781,0.1240847185254097,0.6269412040710449,-0.22470295429229736,-0.36533039808273315,-0.10061823576688766,0.6659929752349854,0.5271190572910753,8.0,-30.0,38,-22,apf_fsm,1,0.0,0.0
2026-08-18T05:57:14.950+00:00,1787032634.9500573,192446.9917317,11.2962242999929,72,3,AVOID,AVOID,0.4441642130814256,0.7313533757670662,2.5927671851016934,113.19231986999512,1.0,0.625,1.0,0.625,0.5659191307567201,0.10314711900219956,-2.489620066099494,0.9821823835372925,-0.18793034553527832,-0.6269412040710449,0.22470295429229736,0.35524117946624756,0.03677260875701904,0.6659929752349854,0.0,0,-35.0,35,-35,apf_fsm,1,0.0,0.0
2026-08-18T05:57:15.089+00:00,1787032635.0895967,192447.1309691,11.43546169999172,73,2,AVOID,AVOID,0.650300556139946,0.5686893963536493,-1.8970089843387299,113.16537857055664,0.2,0.625,0.2,0.625,0.45380775108294596,3.085102137027637,-1.3010741858132198,-0.9922716021537781,0.1240847185254097,0.36951744556427,-0.08886754512786865,-0.6227541565895081,0.035217173397541046,0.38005340099334717,0.26646363396053957,8.0,-35.0,43,-27,apf_fsm,1,0.0,0.0
2026-08-18T05:57:15.090+00:00,1787032635.0906076,192447.1327771,11.437269699992612,73,3,AVOID,AVOID,0.43924517068280955,0.7370213512991575,2.3720357410036264,115.18597602844238,1.0,0.625,1.0,0.625,0.5718345580230707,-0.1733836987056157,-2.5454194397092422,0.980624258518219,-0.195898175239563,-0.36951744556427,0.08886754512786865,0.611106812953949,-0.10703063011169434,0.38005340099334717,0.0,0,-35.0,35,-35,apf_fsm,1,0.0,0.0
2026-08-18T05:57:15.243+00:00,1787032635.2435179,192447.2851448,11.589637400000356,74,2,RUN,AVOID,0.650300556139946,0.5686893963536493,-1.9385791891023205,111.66501045227051,0.2,0.625,0.2,0.625,0.45380775108294596,3.0171872828242923,-1.3274188352529732,-0.9922716021537781,0.1240847185254097,0.0,0.0,-0.9922716021537781,0.1240847185254097,0.0,0.15,8.0,-35.0,43,-27,apf_fsm,1,0.0,0.0
2026-08-18T05:57:15.244+00:00,1787032635.2445242,192447.2862135,11.590706099988893,74,3,RUN,AVOID,0.43262138472027545,0.7518964433805466,2.1236794427130357,112.6713752746582,1.0,0.625,1.0,0.625,0.5813959067789951,-0.2200328287324699,-2.3437122714455056,0.9758902788162231,-0.21826165914535522,0.0,0.0,0.9758902788162231,-0.21826165914535522,0.0,0.15,8.0,-35.0,43,-27,apf_fsm,1,0.0,0.0
2026-08-18T05:57:15.389+00:00,1787032635.3895955,192447.4314833,11.735975899995537,75,2,RUN,RUN,0.647999236502171,0.5649920304555746,-2.0232147354740406,119.39358711242676,0.2,0.625,0.2,0.625,0.4520003012337191,3.008438629787653,-1.251531941917893,-0.991148054599762,0.1327608972787857,0.0,0.0,-0.991148054599762,0.1327608972787857,0.0,0.15,8.0,-30.0,38,-22,apf_fsm,1,0.0,0.0
2026-08-18T05:57:15.390+00:00,1787032635.3905947,192447.4322269,11.736719500011532,75,3,RUN,RUN,0.4302597790654019,0.7610980975514138,1.9374562662299315,120.3927993774414,1.0,0.625,1.0,0.625,0.5857701012408527,-0.23448330510991908,-2.1719395713398506,0.972634494304657,-0.23234045505523682,0.0,0.0,0.972634494304657,-0.23234045505523682,0.0,0.15,8.0,-32.20006997988619,40,-24,apf_fsm,1,0.0,0.0
2026-08-18T05:57:15.535+00:00,1787032635.5359123,192447.5773039,11.881796500005294,76,2,RUN,RUN,0.6442935698907106,0.5609942729845491,-2.1731240211354823,109.72762107849121,0.2,0.625,0.2,0.625,0.44888028397002266,2.9985152424777537,-1.1115460435663502,-0.9897818565368652,0.1425897479057312,0.0,0.0,-0.9897818565368652,0.1425897479057312,0.0,0.15,8.0,-30.0,38,-22,apf_fsm,1,0.0,0.0
2026-08-18T05:57:15.535+00:00,1787032635.5359123,192447.5780868,11.882579400000395,76,3,RUN,RUN,0.4301851732304578,0.7634553359473248,1.823930797420001,110.66794395446777,1.0,0.625,1.0,0.625,0.5863947619638924,-0.23836363737840294,-2.062294434798404,0.9717256426811218,-0.23611284792423248,0.0,0.0,0.9717256426811218,-0.23611284792423248,0.0,0.15,8.0,-34.40999736651848,42,-26,apf_fsm,1,0.0,0.0
2026-08-18T05:57:15.672+00:00,1787032635.6721053,192447.7141271,12.01861969998572,77,2,RUN,RUN,0.6395824689769869,0.5573052469401095,-2.3970396280481094,106.33134841918945,0.2,0.625,0.2,0.625,0.44476434954225275,2.9887951332031766,-0.8973505459283002,-0.9883491396903992,0.15220364928245544,0.0,0.0,-0.9883491396903992,0.15220364928245544,0.0,0.15,8.0,-30.0,38,-22,apf_fsm,1,0.0,0.0
2026-08-18T05:57:15.674+00:00,1787032635.6741068,192447.715495,12.019987600011518,77,3,RUN,RUN,0.4323961664185249,0.7742087343552705,1.628722811439145,108.33287239074707,1.0,0.625,1.0,0.625,0.586887858371843,-0.2570589312837534,-1.8857817427228984,0.9671419262886047,-0.25423723459243774,0.0,0.0,0.9671419262886047,-0.25423723459243774,0.0,0.15,8.0,-30.0,38,-22,apf_fsm,1,0.0,0.0
2026-08-18T05:57:15.819+00:00,1787032635.8198998,192447.8620762,12.166568799992092,78,2,RUN,RUN,0.6300294391724013,0.5526997472977773,-2.6954550121341168,111.82188987731934,0.2,0.625,0.2,0.625,0.43606495513367644,2.975021879576066,-0.6127084154694034,-0.9861591458320618,0.16580156981945038,0.0,0.0,-0.9861591458320618,0.16580156981945038,0.0,0.15,8.0,30.0,-22,38,apf_fsm,1,0.0,0.0
2026-08-18T05:57:15.820+00:00,1787032635.8208995,192447.8628695,12.167362100008177,78,3,RUN,RUN,0.43477528345821614,0.7805488671633035,1.4789661127226805,112.82157897949219,1.0,0.625,1.0,0.625,0.586237520349497,-0.26855054664868433,-1.747516659371365,0.9641565084457397,-0.26533421874046326,0.0,0.0,0.9641565084457397,-0.26533421874046326,0.0,0.15,8.0,-30.0,38,-22,apf_fsm,1,0.0,0.0
2026-08-18T05:57:16.002+00:00,1787032636.0035863,192448.0448097,12.349302299990086,79,2,RUN,RUN,0.6270076873599364,0.552124309356848,-2.816085586417478,139.5106315612793,0.2,0.625,0.2,0.625,0.43318175325283215,2.972555270410572,-0.4945444503515368,-0.9857471585273743,0.16823352873325348,0.0,0.0,-0.9857471585273743,0.16823352873325348,0.0,0.3963037687501686,27.7412638125118,-1.061596020512025,28,26,apf_fsm,1,0.0,0.0
2026-08-18T05:57:16.005+00:00,1787032636.0055864,192448.0475078,12.352000399987446,79,3,RUN,RUN,0.43852354268267474,0.7877324586618936,1.2820239640095337,142.50922203063965,1.0,0.625,1.0,0.625,0.5845833261595468,-0.2821001396385549,-1.5641241036480886,0.9604729413986206,-0.2783733904361725,0.0,0.0,0.9604729413986206,-0.2783733904361725,0.0,0.15,8.0,-30.0,38,-22,apf_fsm,1,0.0,0.0
2026-08-18T05:57:16.150+00:00,1787032636.1501884,192448.1920607,12.49655330000678,80,2,RUN,RUN,0.6247504859581527,0.5517365808876008,-2.903380646402023,130.66673278808594,0.2,0.625,0.2,0.625,0.43102262574222944,2.970787525665763,-0.4090171351118004,-0.9854482412338257,0.16997581720352173,0.0,0.0,-0.9854482412338257,0.16997581720352173,0.0,0.5774038151359752,35.0,-1.0967153177272282,36,33,apf_fsm,1,0.0,0.0
2026-08-18T05:57:16.151+00:00,1787032636.1511977,192448.1928903,12.497382900008233,80,3,RUN,RUN,0.4494439472081321,0.7998662167670731,1.040577803837527,131.67595863342285,1.0,0.625,1.0,0.625,0.5776592083851785,-0.3075401976571041,-1.3481180014946312,0.9530811309814453,-0.3027151823043823,0.0,0.0,0.9530811309814453,-0.3027151823043823,0.0,0.15,8.0,-30.0,38,-22,apf_fsm,1,0.0,0.0
2026-08-18T05:57:16.304+00:00,1787032636.3042026,192448.3455854,12.650078000006033,81,2,RUN,RUN,0.6180826696313141,0.5509381005058277,-3.0085869084557166,129.76598739624023,0.2,0.625,0.2,0.625,0.4245919024224689,2.9662650018212418,-0.3083333969026274,-0.9846695065498352,0.17443078756332397,0.0,0.0,-0.9846695065498352,0.17443078756332397,0.0,0.7905968705810982,35.0,0.4405968682947803,34,35,apf_fsm,1,0.0,0.0
2026-08-18T05:57:16.305+00:00,1787032636.3051972,192448.3466998,12.651192399993306,81,3,RUN,RUN,0.4522374129492165,0.8023428573220391,1.0005383502838843,130.76066970825195,1.0,0.625,1.0,0.625,0.5757554522674643,-0.3131087116231675,-1.3136470619070517,0.9513806700706482,-0.30801770091056824,0.0,0.0,0.9513806700706482,-0.30801770091056824,0.0,0.15,8.0,-30.0,38,-22,apf_fsm,1,0.0,0.0
2026-08-18T05:57:16.497+00:00,1787032636.4979274,192448.5397882,12.84428079999634,82,2,RUN,RUN,0.6159840890596785,0.5496754414265245,-2.98193404123948,154.68430519104004,0.2,0.625,0.2,0.625,0.4227488042266938,2.9624580916788945,-0.3387931742612116,-0.9839982986450195,0.17817805707454681,0.0,0.0,-0.9839982986450195,0.17817805707454681,0.0,0.726099732127978,35.0,-4.454023950162562,39,30,apf_fsm,1,0.0,0.0
2026-08-18T05:57:16.499+00:00,1787032636.4999259,192448.5413075,12.84580010001082,82,3,RUN,RUN,0.4542020037214714,0.8041976286933636,0.8965403485472566,156.68272972106934,1.0,0.625,1.0,0.625,0.5744625687292266,-0.317233819609295,-1.2137741681565517,0.950101912021637,-0.3119395971298218,0.0,0.0,0.950101912021637,-0.3119395971298218,0.0,0.15,8.0,-30.0,38,-22,apf_fsm,1,0.0,0.0
2026-08-18T05:57:16.661+00:00,1787032636.6617143,192448.7037439,13.00823649999802,83,2,RUN,RUN,0.6143508106738633,0.5486454580662835,-2.9512545930707597,127.59518623352051,0.2,0.625,0.2,0.625,0.42132720109197247,2.9593618767484666,-0.37256883736035995,-0.9834418296813965,0.18122385442256927,0.0,0.0,-0.9834418296813965,0.18122385442256927,0.0,0.6545813623905252,35.0,-4.907836582073792,39,30,apf_fsm,1,0.0,0.0
2026-08-18T05:57:16.663+00:00,1787032636.6637168,192448.7050031,13.00949570001103,83,3,RUN,RUN,0.4593157860956838,0.8071755568663334,0.7819008573568149,128.59463691711426,1.0,0.625,1.0,0.625,0.5705500439793928,-0.32498875686574963,-1.1068896142225646,0.9476543664932251,-0.3192981481552124,0.0,0.0,0.9476543664932251,-0.3192981481552124,0.0,0.15,8.0,-30.0,38,-22,apf_fsm,1,0.0,0.0
2026-08-18T05:57:16.827+00:00,1787032636.8270319,192448.8686846,13.173177199991187,84,2,RUN,RUN,0.611487541500529,0.5465367802542331,-2.8743063766807415,128.71575355529785,0.2,0.625,0.2,0.625,0.41890150830836365,2.95317265859817,-0.4557062719006746,-0.9823014140129089,0.18730708956718445,0.0,0.0,-0.9823014140129089,0.18730708956718445,0.0,0.47854177539489884,33.497924277642916,-7.947550437072784,41,25,apf_fsm,1,0.0,0.0
2026-08-18T05:57:16.828+00:00,1787032636.828552,192448.870088,13.174580599996261,84,3,RUN,RUN,0.48654885035054407,0.8150441937685773,0.36425270560328626,130.2359104156494,1.0,0.625,1.0,0.625,0.5474932681426289,-0.35449514210260363,-0.71874784770589,0.9378218650817871,-0.34711694717407227,0.0,0.0,0.9378218650817871,-0.34711694717407227,0.0,0.15,8.0,30.0,-22,38,apf_fsm,1,0.0,0.0
2026-08-18T05:57:16.997+00:00,1787032636.9976616,192449.0396389,13.344131499994546,85,2,RUN,RUN,0.6041401906460088,0.5413222921102044,-2.8052058131665536,129.3628215789795,0.2,0.625,0.2,0.625,0.4127120697206253,2.9374263939284924,-0.5405531000845407,-0.9792303442955017,0.2027508020401001,0.0,0.0,-0.9792303442955017,0.2027508020401001,0.0,0.29888262817724254,20.921783972406978,-13.428346516512928,34,18.0,apf_fsm,1,0.0,0.0
2026-08-18T05:57:16.998+00:00,1787032636.998661,192449.0404044,13.344897000002675,85,3,RUN,RUN,0.5024424690464133,0.8151488774741831,0.07757739618343615,130.36227226257324,1.0,0.625,1.0,0.625,0.5326538202372355,-0.3650371350374942,-0.4426145312209303,0.9341105222702026,-0.3569839894771576,0.0,0.0,0.9341105222702026,-0.3569839894771576,0.0,0.5062629173216258,35.0,5.238520764764284,29,40,apf_fsm,1,0.0,0.0
2026-08-18T05:57:17.153+00:00,1787032637.1533277,192449.1951631,13.499655699997675,86,2,RUN,RUN,0.5981471123280265,0.5375480645619379,-2.783387664876644,116.44506454467773,0.2,0.625,0.2,0.625,0.40763827600828795,2.925378796183717,-0.5744188461192259,-0.9767166972160339,0.21453317999839783,0.0,0.0,-0.9767166972160339,0.21453317999839783,0.0,0.2271735120828095,15.902145845796666,-12.601134481701406,28,18.0,apf_fsm,1,0.0,0.0
2026-08-18T05:57:17.155+00:00,1787032637.1553252,192449.1970748,13.501567400002386,86,3,RUN,RUN,0.5098005004855028,0.8132543823380325,-0.07360876954046519,117.44546890258789,1.0,0.625,1.0,0.625,0.5251050007319846,-0.36666924328286504,-0.29306047374239985,0.9335266351699829,-0.35850808024406433,0.0,0.0,0.9335266351699829,-0.35850808024406433,0.0,0.8229365632864177,35.0,2.303787274324567,32,37,apf_fsm,1,0.0,0.0
2026-08-18T05:57:17.306+00:00,1787032637.3069782,192449.3487579,13.653250500006834,87,2,RUN,RUN,0.579712002670748,0.527651263046223,-2.7838452289044944,113.23022842407227,0.2,0.625,0.2,0.625,0.39199232334157486,2.8906228795530673,-0.6087171987220241,-0.968671977519989,0.24834345281124115,0.0,0.0,-0.968671977519989,0.24834345281124115,0.0,0.15454837203354432,10.818386042348102,-14.84016902944573,25,-18.0,apf_fsm,1,0.0,0.0
2026-08-18T05:57:17.307+00:00,1787032637.3079937,192449.3495697,13.654062299989164,87,3,RUN,RUN,0.5149386531468483,0.8112400490827786,-0.1291009787286591,114.24565315246582,1.0,0.625,1.0,0.625,0.5195862450963741,-0.36659541143951285,-0.23749443271085374,0.933553159236908,-0.358439177274704,0.0,0.0,0.933553159236908,-0.358439177274704,0.0,0.9405950280714003,35.0,-0.43013289100442353,35,34,apf_fsm,1,0.0,0.0
2026-08-18T05:57:17.457+00:00,1787032637.4578912,192449.4993725,13.803865099995164,88,2,RUN,RUN,0.5748283173416655,0.5252736005158118,-2.8016364262566356,109.96007919311523,0.2,0.625,0.2,0.625,0.38786804745333714,2.8815577724096015,-0.5999911085133487,-0.9663810133934021,0.2571142613887787,0.0,0.0,-0.9663810133934021,0.2571142613887787,0.0,0.17302545549077927,12.11178188435455,-11.280365526312442,23,0,apf_fsm,1,0.0,0.0
2026-08-18T05:57:17.458+00:00,1787032637.4589133,192449.5007148,13.805207400000654,88,3,RUN,RUN,0.5205210546512525,0.8100357430479147,-0.1291009787286591,110.98217964172363,1.0,0.625,1.0,0.625,0.5139438541689559,-0.3683011768453668,-0.23920019811670767,0.9329403638839722,-0.3600310683250427,0.0,0.0,0.9329403638839722,-0.3600310683250427,0.0,0.9369831504711558,35.0,-2.4517037703719646,37,32,apf_fsm,1,0.0,0.0
2026-08-18T05:57:17.605+00:00,1787032637.605781,192449.6481916,13.952684199990472,89,2,RUN,RUN,0.5714936011299627,0.5236934554717666,-2.8242462079421653,112.00356483459473,0.2,0.625,0.2,0.625,0.38505910149580774,2.875365404521134,-0.5835736947162875,-0.9647703170776367,0.2630934715270996,0.0,0.0,-0.9647703170776367,0.2630934715270996,0.0,0.2077885530093765,14.545198710656354,-9.873212471671332,24,18.0,apf_fsm,1,0.0,0.0
2026-08-18T05:57:17.607+00:00,1787032637.6072924,192449.6490326,13.953525199991418,89,3,RUN,RUN,0.5366723533777347,0.807856510292043,-0.08199137740151399,113.51490020751953,1.0,0.625,1.0,0.625,0.4981054220551216,-0.3758937718136846,-0.2939023944121706,0.9301798343658447,-0.36710402369499207,0.0,0.0,0.9301798343658447,-0.36710402369499207,0.0,0.8211538360732312,35.0,-4.853600814462908,39,30,apf_fsm,1,0.0,0.0
2026-08-18T05:57:17.743+00:00,1787032637.7449493,192449.7861862,14.090678800013848,90,2,RUN,RUN,0.5584027730215871,0.519516069414435,-2.905489265126097,108.82210731506348,0.2,0.625,0.2,0.625,0.3736032753086402,2.8553579869248584,-0.522338055128631,-0.9593138098716736,0.2823421061038971,0.0,0.0,-0.9593138098716736,0.2823421061038971,0.0,0.33745212468474184,23.62164872793193,-4.582140471045054,28,19,apf_fsm,1,0.0,0.0
2026-08-18T05:57:17.744+00:00,1787032637.7449493,192449.786867,14.091359599988209,90,3,RUN,RUN,0.5505185157017467,0.8060692204414966,-0.06507207242724655,109.83872413635254,1.0,0.625,1.0,0.625,0.48458195108593577,-0.3829524473987723,-0.31788037497152577,0.9275653958320618,-0.3736606538295746,0.0,0.0,0.9275653958320618,-0.3736606538295746,0.0,0.7703815958904869,35.0,-4.018033069292689,39,30,apf_fsm,1,0.0,0.0
2026-08-18T05:57:17.901+00:00,1787032637.901409,192449.9435684,14.24806099999114,91,2,RUN,RUN,0.5531719643191176,0.5180528154088144,-2.9609466973166696,114.16959762573242,0.2,0.625,0.2,0.625,0.3690096701619149,2.847551653874843,-0.47468695598807376,-0.9570804834365845,0.28982213139533997,0.0,0.0,-0.9570804834365845,0.28982213139533997,0.0,0.4383510742250194,30.684575195751357,-3.648547214671735,34,27,apf_fsm,1,0.0,0.0
2026-08-18T05:57:17.903+00:00,1787032637.9034076,192449.9448846,14.249377200001618,91,3,RUN,RUN,0.5596137482915466,0.8049691431816024,-0.06507207242724655,116.16826057434082,1.0,0.625,1.0,0.625,0.4757404157640397,-0.3879512865604335,-0.32287921413318693,0.9256860017776489,-0.3782927393913269,0.0,0.0,0.9256860017776489,-0.3782927393913269,0.0,0.759796790305108,35.0,-3.4037515119900097,38,31,apf_fsm,1,0.0,0.0
2026-08-18T05:57:18.070+00:00,1787032638.0700326,192450.1118106,14.41630320000695,92,2,RUN,RUN,0.5492908050179285,0.517233001667585,-3.040403864626965,127.55656242370605,0.2,0.625,0.2,0.625,0.36553767575949164,2.84232786311633,-0.40045357943629156,-0.9555534720420837,0.2948177456855774,0.0,0.0,-0.9555534720420837,0.2948177456855774,0.0,0.595536739403678,35.0,-1.4063676150505389,36,33,apf_fsm,1,0.0,0.0
2026-08-18T05:57:18.071+00:00,1787032638.0710318,192450.1125918,14.417084399989108,92,3,RUN,RUN,0.565096689976466,0.8036965544541963,-0.07334635104506301,128.5557746887207,1.0,0.625,1.0,0.625,0.4701843762219537,-0.3898572106810193,-0.31651085963595627,0.9249633550643921,-0.38005635142326355,0.0,0.0,0.9249633550643921,-0.38005635142326355,0.0,0.7732814798644255,35.0,-2.9422161889564893,37,32,apf_fsm,1,0.0,0.0
2026-08-18T05:57:18.224+00:00,1787032638.2242413,192450.2664889,14.570981500000926,93,2,RUN,RUN,0.5475632439264262,0.5169854516041442,-3.0676916514838926,111.81378364562988,0.2,0.625,0.2,0.625,0.36396064511677784,2.8402785513563993,-0.3752151043392944,-0.9549473524093628,0.29677537083625793,0.0,0.0,-0.9549473524093628,0.29677537083625793,0.0,0.648978017175129,35.0,-2.868804414998043,37,32,apf_fsm,1,0.0,0.0
2026-08-18T05:57:18.225+00:00,1787032638.2255027,192450.2673479,14.571840499993414,93,3,RUN,RUN,0.5747499038870145,0.8012583965421411,-0.08296697856870133,113.07525634765625,1.0,0.625,1.0,0.625,0.4603310402261725,-0.3929279737708336,-0.3099609952021323,0.9237919449806213,-0.382894903421402,0.0,0.0,0.9237919449806213,-0.382894903421402,0.0,0.7871505081328958,35.0,-2.870364696837483,37,32,apf_fsm,1,0.0,0.0
2026-08-18T05:57:18.368+00:00,1787032638.368695,192450.4099444,14.71443699998781,94,2,RUN,RUN,0.5452223920371857,0.5169315194914976,-3.1175391340034704,113.58451843261719,0.2,0.625,0.2,0.625,0.3617420302415699,2.8382157347014916,-0.3274304384746243,-0.9543331265449524,0.2987446188926697,0.0,0.0,-0.9543331265449524,0.2987446188926697,0.0,0.7501597879388328,35.0,-1.6018410794827886,36,33,apf_fsm,1,0.0,0.0
2026-08-18T05:57:18.369+00:00,1787032638.3696983,192450.4110725,14.71556509999209,94,3,RUN,RUN,0.5870442308367761,0.7984905916780862,-0.11117131983571826,115.59367179870605,1.0,0.625,1.0,0.625,0.44791902469754763,-0.3977292296538289,-0.28655790981811063,0.9219428300857544,-0.38732579350471497,0.0,0.0,0.9219428300857544,-0.38732579350471497,0.0,0.8367054349622625,35.0,-2.0464711097403487,37,32,apf_fsm,1,0.0,0.0
2026-08-18T05:57:18.513+00:00,1787032638.5134006,192450.5553258,14.859818400000222,95,2,RUN,RUN,0.5389676221547235,0.5170493811292022,3.1182199366140164,109.57074165344238,0.2,0.625,0.2,0.625,0.3557420202672375,2.8332792873933825,-0.2849406492206339,-0.9528467059135437,0.3034519553184509,0.0,0.0,-0.9528467059135437,0.3034519553184509,0.0,0.8401299078151749,35.0,-1.3622638683166755,36,33,apf_fsm,1,0.0,0.0
2026-08-18T05:57:18.515+00:00,1787032638.5154,192450.5569078,14.861400399997365,95,3,RUN,RUN,0.5942216747252782,0.7966617909036902,-0.12089603827623754,111.57011985778809,1.0,0.625,1.0,0.625,0.44059484758564776,-0.40021212908299825,-0.2793160908067607,0.9209783673286438,-0.38961371779441833,0.0,0.0,0.9209783673286438,-0.38961371779441833,0.0,0.8520396443338173,35.0,-2.5396972426703583,37,32,apf_fsm,1,0.0,0.0
2026-08-18T05:57:18.653+00:00,1787032638.6531253,192450.6947681,14.999260699987644,96,2,RUN,RUN,0.522241079520782,0.5179523284950613,3.0159459293578688,110.95952987670898,0.2,0.625,0.2,0.625,0.33955635365186176,2.820864723091877,-0.1950812062659919,-0.949006199836731,0.3152574598789215,0.0,0.0,-0.949006199836731,0.3152574598789215,0.0,1.0,35.0,1.1942684407525506,33,36,apf_fsm,1,0.0,0.0
2026-08-18T05:57:18.655+00:00,1787032638.6551256,192450.6964289,15.000921500002733,96,3,RUN,RUN,0.5992488146512618,0.7952243963427091,-0.1318912422898539,112.9598617553711,1.0,0.625,1.0,0.625,0.4354053946251223,-0.40167017345536515,-0.2697789311655112,0.9204093217849731,-0.3909561336040497,0.0,0.0,0.9204093217849731,-0.3909561336040497,0.0,0.872234128968086,35.0,-2.363988724211381,37,32,apf_fsm,1,0.0,0.0
2026-08-18T05:57:18.805+00:00,1787032638.8053558,192450.8474533,15.151945899997372,97,2,RUN,RUN,0.5197450436232364,0.5184461497324456,2.9991493809848095,113.56163024902344,0.2,0.625,0.2,0.625,0.3370320695845808,2.81992042473742,-0.17922895624738944,-0.9487079977989197,0.3161534368991852,0.0,0.0,-0.9487079977989197,0.3161534368991852,0.0,1.0,35.0,-1.237460811822808,36,33,apf_fsm,1,0.0,0.0
2026-08-18T05:57:18.806+00:00,1787032638.8068614,192450.8484198,15.152912399993511,97,3,RUN,RUN,0.606767153135645,0.7931464754001243,-0.14547089856431364,115.0672435760498,1.0,0.625,1.0,0.625,0.427674302527671,-0.4040710317248592,-0.25860013316054553,0.9194679856300354,-0.3931647539138794,0.0,0.0,0.9194679856300354,-0.3931647539138794,0.0,0.8959047052227264,35.0,-2.1947434014316567,37,32,apf_fsm,1,0.0,0.0
2026-08-18T05:57:18.937+00:00,1787032638.9370594,192450.9791543,15.283646900003077,98,2,RUN,RUN,0.5178307719265142,0.5188719951622782,2.9991493809848095,105.1640510559082,0.2,0.625,0.2,0.625,0.3350814124869348,2.8193199728802885,-0.17982940810452108,-0.9485180377960205,0.3167230486869812,0.0,0.0,-0.9485180377960205,0.3167230486869812,0.0,1.0,35.0,-1.8193098960448184,36,33,apf_fsm,1,0.0,0.0
2026-08-18T05:57:18.938+00:00,1787032638.938192,192450.980081,15.284573599987198,98,3,RUN,RUN,0.6374183841366998,0.7839139050478012,-0.1624777350846501,106.29653930664062,1.0,0.625,1.0,0.625,0.3958775787785706,-0.41306871815977575,-0.2505909830751256,0.9158933162689209,-0.40142184495925903,0.0,0.0,0.9158933162689209,-0.40142184495925903,0.0,0.9128637018650827,35.0,-2.2255895777615593,37,32,apf_fsm,1,0.0,0.0
2026-08-18T05:57:19.149+00:00,1787032639.1491497,192451.1910605,15.495553099986864,99,2,RUN,RUN,0.5128853224661509,0.5193088949610069,2.9991493809848095,182.20806121826172,0.2,0.625,0.2,0.625,0.3302541970953749,2.815831964053444,-0.1833174169313656,-0.9474075436592102,0.3200295567512512,0.0,0.0,-0.9474075436592102,0.3200295567512512,0.0,1.0,35.0,-1.9552544782532144,36,33,apf_fsm,1,0.0,0.0
2026-08-18T05:57:19.151+00:00,1787032639.1511617,192451.1931523,15.497644899995066,99,3,RUN,RUN,0.6468467578191827,0.7808858725442387,-0.1624777350846501,184.2200756072998,1.0,0.625,1.0,0.625,0.38602800121455133,-0.41568876887243555,-0.2532110337877854,0.9148383736610413,-0.40382012724876404,0.0,0.0,0.9148383736610413,-0.40382012724876404,0.0,0.9073158683540478,35.0,-2.6238121128209473,37,32,apf_fsm,1,0.0,0.0
2026-08-18T05:57:19.306+00:00,1787032639.306014,192451.3473985,15.651891099987552,100,2,RUN,RUN,0.4988386753882998,0.5201682441618898,2.9991493809848095,124.34911727905273,0.2,0.625,0.2,0.625,0.3166926758545811,2.80420785946606,-0.19494152151874955,-0.9436235427856445,0.33102044463157654,0.0,0.0,-0.9436235427856445,0.33102044463157654,0.0,1.0,35.0,-2.3562588757459335,37,32,apf_fsm,1,0.0,0.0
2026-08-18T05:57:19.306+00:00,1787032639.306014,192451.3481524,15.652644999994664,100,3,RUN,RUN,0.6641422698850574,0.7779978073306626,-0.12462158964568752,124.34911727905273,1.0,0.625,1.0,0.625,0.36906468799649766,-0.42745433862264354,-0.302832748976956,0.9100240468978882,-0.41455554962158203,0.0,0.0,0.9100240468978882,-0.41455554962158203,0.0,0.8022442324993202,35.0,-4.76508752139053,39,30,apf_fsm,1,0.0,0.0
2026-08-18T05:57:19.454+00:00,1787032639.4546454,192451.4966812,15.801173799991375,101,2,RUN,RUN,0.48866511065050444,0.520607261655714,2.9991493809848095,115.48113822937012,0.2,0.625,0.2,0.625,0.30696154470207915,2.794586332228115,-0.2045630487566945,-0.9403950572013855,0.34008410573005676,0.0,0.0,-0.9403950572013855,0.34008410573005676,0.0,1.0,35.0,-2.3823839408950187,37,32,apf_fsm,1,0.0,0.0
2026-08-18T05:57:19.455+00:00,1787032639.4556475,192451.4972954,15.801788000011584,101,3,RUN,RUN,0.678731623661517,0.7763773067919089,-0.07333747525300711,116.48321151733398,1.0,0.625,1.0,0.625,0.35514568651010936,-0.44033223233925467,-0.36699475708624757,0.9046100974082947,-0.4262400269508362,0.0,0.0,0.9046100974082947,-0.4262400269508362,0.0,0.6663842138347731,35.0,-5.91561785468768,40,29,apf_fsm,1,0.0,0.0
2026-08-18T05:57:19.596+00:00,1787032639.596193,192451.6378705,15.94236310000997,102,2,RUN,RUN,0.4747741910167485,0.5212832372376958,2.9991493809848095,106.14991188049316,0.2,0.625,0.2,0.625,0.29369716193181145,2.7806654440693075,-0.21848393691550205,-0.9355697631835938,0.3531418442726135,0.0,0.0,-0.9355697631835938,0.3531418442726135,0.0,0.9808488541234055,35.0,-2.6720704547132845,37,32,apf_fsm,1,0.0,0.0
2026-08-18T05:57:19.597+00:00,1787032639.5971928,192451.6390706,15.943563200009521,102,3,RUN,RUN,0.6827680072639937,0.7758754486369057,-0.06040394172718497,107.14960098266602,1.0,0.625,1.0,0.625,0.351282704123965,-0.44393754800844476,-0.38353360628125976,0.9030675292015076,-0.42949867248535156,0.0,0.0,0.9030675292015076,-0.42949867248535156,0.0,0.6313639826023423,35.0,-4.414195784638024,39,30,apf_fsm,1,0.0,0.0
2026-08-18T05:57:19.741+00:00,1787032639.7410936,192451.7823072,16.086799799988512,103,2,RUN,RUN,0.4540588057951541,0.5242246115226874,2.98094143991229,107.6958179473877,0.2,0.625,0.2,0.625,0.27331585340922526,2.763967459725101,-0.21697398018718905,-0.9295428991317749,0.36871403455734253,0.0,0.0,-0.9295428991317749,0.36871403455734253,0.0,0.984046116106569,35.0,-2.1168913163809355,37,32,apf_fsm,1,0.0,0.0
2026-08-18T05:57:19.741+00:00,1787032639.7410936,192451.782883,16.087375600007363,103,3,RUN,RUN,0.7065831814638538,0.7712906721880176,-0.08171851873638585,108.6874008178711,1.0,0.625,1.0,0.625,0.3278633711915617,-0.4625080110581051,-0.3807894923217192,0.894936203956604,-0.44619399309158325,0.0,0.0,0.894936203956604,-0.44619399309158325,0.0,0.6371745141730778,35.0,-3.711850934633273,38,31,apf_fsm,1,0.0,0.0
2026-08-18T05:57:19.887+00:00,1787032639.8871636,192451.9284274,16.23292000000947,104,2,RUN,RUN,0.4467673290057984,0.5255575525448211,2.9553847009692467,108.16693305969238,0.2,0.625,0.2,0.625,0.2660505873335595,2.7585194286706622,-0.19686527229858442,-0.9275203347206116,0.3737727105617523,0.0,0.0,-0.9275203347206116,0.3737727105617523,0.0,1.0,35.0,-1.2648479468846818,36,33,apf_fsm,1,0.0,0.0
2026-08-18T05:57:19.887+00:00,1787032639.8871636,192451.9292463,16.233738899987657,104,3,RUN,RUN,0.7128256658279957,0.7697132335421617,-0.11783415565433027,109.1604232788086,1.0,0.625,1.0,0.625,0.32157583579827986,-0.4667796416859718,-0.34894548603164155,0.8930221199989319,-0.45001277327537537,0.0,0.0,0.8930221199989319,-0.45001277327537537,0.0,0.7046026919438635,35.0,-2.3749146401636976,37,32,apf_fsm,1,0.0,0.0
2026-08-18T05:57:20.067+00:00,1787032640.0670295,192452.1085822,16.413074799987953,105,2,RUN,RUN,0.4420468818847154,0.5260379011382813,2.9442592897312347,143.9969539642334,0.2,0.625,0.2,0.625,0.26149606123463875,2.7534759415404295,-0.19078334819080522,-0.9256234765052795,0.37844589352607727,0.0,0.0,-0.9256234765052795,0.37844589352607727,0.0,1.0,35.0,-1.6949661381357806,36,33,apf_fsm,1,0.0,0.0
2026-08-18T05:57:20.068+00:00,1787032640.0680351,192452.1094728,16.41396539998823,105,3,RUN,RUN,0.7223131538778056,0.7666469547351742,-0.156403728667474,145.0026035308838,1.0,0.625,1.0,0.625,0.31172719530871823,-0.4716917862298355,-0.31528805756236145,0.8908007740974426,-0.4543939530849457,0.0,0.0,0.8908007740974426,-0.4543939530849457,0.0,0.7758707054425692,35.0,-1.9748705791988106,36,33,apf_fsm,1,0.0,0.0
2026-08-18T05:57:20.240+00:00,1787032640.2403066,192452.2817433,16.586235900002066,106,2,RUN,RUN,0.42500831432533415,0.5291047697451413,2.909938178605813,145.43485641479492,0.2,0.625,0.2,0.625,0.24459075350707912,2.7387184786281664,-0.17121969997764674,-0.9199379682540894,0.39206403493881226,0.0,0.0,-0.9199379682540894,0.39206403493881226,0.0,1.0,35.0,-1.0274693123159206,36,33,apf_fsm,1,0.0,0.0
2026-08-18T05:57:20.242+00:00,1787032640.2423067,192452.2835869,16.5880795000121,106,3,RUN,RUN,0.7351892569294245,0.7607836265099263,-0.20248415490593785,147.43494987487793,1.0,0.625,1.0,0.625,0.2975935531455235,-0.47380124348765235,-0.2713170885817145,0.889840304851532,-0.45627206563949585,0.0,0.0,0.889840304851532,-0.45627206563949585,0.0,0.8689771533616114,35.0,-1.1741869714945015,36,33,apf_fsm,1,0.0,0.0
2026-08-18T05:57:20.405+00:00,1787032640.4058688,192452.4482295,16.752722100005485,107,2,RUN,RUN,0.41662793886990707,0.5313450779227651,2.880096466765005,124.65453147888184,0.2,0.625,0.2,0.625,0.23600616163210048,2.7335292034460728,-0.1465672633189321,-0.9178910851478577,0.39683255553245544,0.0,0.0,-0.9178910851478577,0.39683255553245544,0.0,1.0,35.0,-0.6028373501343087,35,34,apf_fsm,1,0.0,0.0
2026-08-18T05:57:20.407+00:00,1787032640.4073741,192452.4493257,16.753818299999693,107,3,RUN,RUN,0.7568990189173572,0.7496744246444778,-0.2787699343131714,126.1599063873291,1.0,0.625,1.0,0.625,0.2732065137652743,-0.4738749516735414,-0.19510501736037,0.8898066282272339,-0.4563376307487488,0.0,0.0,0.8898066282272339,-0.4563376307487488,0.0,1.0,35.0,0.7163723191433566,34,35,apf_fsm,1,0.0,0.0
2026-08-18T05:57:20.569+00:00,1787032640.5693767,192452.6111739,16.91566649999004,108,2,RUN,RUN,0.40721311740434885,0.5339703869291889,2.850265268990637,125.72288513183594,0.2,0.625,0.2,0.625,0.2263264599649145,2.727668775417514,-0.12259649357312297,-0.9155496954917908,0.4022049307823181,0.0,0.0,-0.9155496954917908,0.4022049307823181,0.0,1.0,35.0,-0.3869879946279098,35,34,apf_fsm,1,0.0,0.0
2026-08-18T05:57:20.570+00:00,1787032640.5708883,192452.6121976,16.916690200014273,108,3,RUN,RUN,0.7717202398241421,0.740976007853153,-0.3674372695890618,127.23445892333984,1.0,0.625,1.0,0.625,0.25605093888424196,-0.47006156858160514,-0.10262429899254333,0.8915403485298157,-0.4529411494731903,0.0,0.0,0.8915403485298157,-0.4529411494731903,0.0,1.0,35.0,2.2105821529485006,32,37,apf_fsm,1,0.0,0.0
2026-08-18T05:57:20.735+00:00,1787032640.7358727,192452.7774733,17.081965899997158,109,2,RUN,RUN,0.38995979629628275,0.5395691039452701,2.803530435780424,125.05555152893066,0.2,0.625,0.2,0.625,0.2082862506495311,2.7189620684439846,-0.08456836733643947,-0.9120131134986877,0.41016098856925964,0.0,0.0,-0.9120131134986877,0.41016098856925964,0.0,1.0,35.0,0.4853007449195279,34,35,apf_fsm,1,0.0,0.0
2026-08-18T05:57:20.737+00:00,1787032640.7373986,192452.7790279,17.08352049998939,109,3,RUN,RUN,0.7838468909453884,0.7323622883359912,-0.4457542658051123,126.58143043518066,1.0,0.625,1.0,0.625,0.24134793869166424,-0.46100053115430945,-0.015246265349197152,0.8956078886985779,-0.44484442472457886,0.0,0.0,0.8956078886985779,-0.44484442472457886,0.0,1.0,35.0,2.9057685240251447,32,37,apf_fsm,1,0.0,0.0
2026-08-18T05:57:20.897+00:00,1787032640.8978772,192452.9393258,17.24381839999114,110,2,RUN,RUN,0.3741553483028158,0.5448917957085555,2.769467821468016,125.45394897460938,0.2,0.625,0.2,0.625,0.1916961390776426,2.7104693478582482,-0.05899847360976773,-0.9084969162940979,0.41789159178733826,0.0,0.0,-0.9084969162940979,0.41789159178733826,0.0,1.0,35.0,0.30496154433583333,34,35,apf_fsm,1,0.0,0.0
2026-08-18T05:57:20.898+00:00,1787032640.89888,192452.940112,17.24460460001137,110,3,RUN,RUN,0.7892609117600897,0.7276027442336596,-0.5051752400245222,126.45673751831055,1.0,0.625,1.0,0.625,0.23438917730233716,-0.45308931467047875,0.05208592535404344,0.8990990519523621,-0.43774521350860596,0.0,0.0,0.8990990519523621,-0.43774521350860596,0.0,1.0,35.0,2.877485928153855,32,37,apf_fsm,1,0.0,0.0
2026-08-18T05:57:21.048+00:00,1787032641.0486531,192453.0903964,17.394888999988325,111,2,RUN,RUN,0.36345771359358603,0.5487906655212458,2.722423749457823,122.78556823730469,0.2,0.625,0.2,0.625,0.18035045548857767,2.705321891340407,-0.017101858117416047,-0.9063338041305542,0.42256247997283936,0.0,0.0,-0.9063338041305542,0.42256247997283936,0.0,1.0,35.0,1.2953629610581485,33,36,apf_fsm,1,0.0,0.0
2026-08-18T05:57:21.049+00:00,1787032641.0496438,192453.0911791,17.395671700011007,111,3,RUN,RUN,0.7958736673710225,0.7199559483874973,-0.5473187464225192,123.77619743347168,1.0,0.625,1.0,0.625,0.22513149892168582,-0.4354075468042817,0.11191119961823753,0.9066982269287109,-0.42177996039390564,0.0,0.0,0.9066982269287109,-0.42177996039390564,0.0,1.0,35.0,3.2129965954291686,31,38,apf_fsm,1,0.0,0.0
2026-08-18T05:57:21.191+00:00,1787032641.1919937,192453.2340194,17.538511999999173,112,2,RUN,RUN,0.3598007039072284,0.5505327653797925,2.699555232804302,109.18951034545898,0.2,0.625,0.2,0.625,0.17629984118321468,2.7055125526527464,0.005957319848444165,-0.9064143896102905,0.4223896861076355,0.0,0.0,-0.9064143896102905,0.4223896861076355,0.0,1.0,35.0,0.866644427289549,34,35,apf_fsm,1,0.0,0.0
2026-08-18T05:57:21.192+00:00,1787032641.1929944,192453.2349132,17.53940579999471,112,3,RUN,RUN,0.8059551328851974,0.7116778537106985,-0.5594695043475856,110.19015312194824,1.0,0.625,1.0,0.625,0.2125240240008048,-0.42009770706251354,0.13937179728507204,0.9130491018295288,-0.40784966945648193,0.0,0.0,0.9130491018295288,-0.40784966945648193,0.0,1.0,35.0,2.354838891189928,32,37,apf_fsm,1,0.0,0.0
2026-08-18T05:57:21.332+00:00,1787032641.3325937,192453.3746758,17.679168400005437,113,2,RUN,RUN,0.3500754297796099,0.5550173238241046,2.6910082500051224,108.98780822753906,0.2,0.625,0.2,0.625,0.16559048761409836,2.7052529332940893,0.014244683288966886,-0.906304657459259,0.42262497544288635,0.0,0.0,-0.906304657459259,0.42262497544288635,0.0,1.0,35.0,0.4325045533079641,34,35,apf_fsm,1,0.0,0.0
2026-08-18T05:57:21.333+00:00,1787032641.333596,192453.3757323,17.68022489998839,113,3,RUN,RUN,0.8121850444172195,0.7068860663422788,-0.5594695043475856,109.99011993408203,1.0,0.625,1.0,0.625,0.20488969081331032,-0.41114514391423085,0.14832436043335473,0.9166637659072876,-0.39965930581092834,0.0,0.0,0.9166637659072876,-0.39965930581092834,0.0,1.0,35.0,1.7965833145234413,33,36,apf_fsm,1,0.0,0.0
2026-08-18T05:57:21.474+00:00,1787032641.4745383,192453.516182,17.820674599992344,114,2,RUN,RUN,0.3450475075649369,0.5575450244346777,2.682649062491252,108.19244384765625,0.2,0.625,0.2,0.625,0.15996547496043845,2.706290253437168,0.02364119094591599,-0.9067425727844238,0.4216846227645874,0.0,0.0,-0.9067425727844238,0.4216846227645874,0.0,1.0,35.0,0.5652896774523786,34,35,apf_fsm,1,0.0,0.0
2026-08-18T05:57:21.475+00:00,1787032641.475575,192453.5170543,17.821546899998793,114,3,RUN,RUN,0.8231616962974144,0.6991477955671607,-0.53470947930718,109.22908782958984,1.0,0.625,1.0,0.625,0.19175422092845137,-0.3970303809114127,0.13767909839576736,0.9222133755683899,-0.3866814374923706,0.0,0.0,0.9222133755683899,-0.3866814374923706,0.0,1.0,35.0,1.004206812642116,33,36,apf_fsm,1,0.0,0.0
2026-08-18T05:57:21.615+00:00,1787032641.615653,192453.657126,17.96161860000575,115,2,RUN,RUN,0.33315992334264366,0.5637360581343491,2.6384610454468738,113.59548568725586,0.2,0.625,0.2,0.625,0.14657706422744515,2.7103896040347424,0.07192855858786862,-0.9084635972976685,0.41796404123306274,0.0,0.0,-0.9084635972976685,0.41796404123306274,0.0,1.0,35.0,2.409343453347028,32,37,apf_fsm,1,0.0,0.0
2026-08-18T05:57:21.617+00:00,1787032641.617157,192453.6585467,17.963039299997035,115,3,RUN,RUN,0.8431152567869531,0.6888300655278141,-0.45791370205035636,115.09943008422852,1.0,0.625,1.0,0.625,0.16937266579442123,-0.3864057898518894,0.07150791219846697,0.9262695908546448,-0.37686166167259216,0.0,0.0,0.9262695908546448,-0.37686166167259216,0.0,1.0,35.0,-1.6009123949208441,36,33,apf_fsm,1,0.0,0.0
2026-08-18T05:57:21.768+00:00,1787032641.768433,192453.8104471,18.114939699997194,116,2,RUN,RUN,0.326223413739446,0.5677258916000187,2.603495402099663,114.0134334564209,0.2,0.625,0.2,0.625,0.13860978922519207,2.7156230831964914,0.11212768109682836,-0.9106385111808777,0.4132038950920105,0.0,0.0,-0.9106385111808777,0.4132038950920105,0.0,1.0,35.0,2.5282460987818745,32,37,apf_fsm,1,0.0,0.0
2026-08-18T05:57:21.769+00:00,1787032641.7694347,192453.8115317,18.116024299990386,116,3,RUN,RUN,0.8473132480863881,0.6868985427022161,-0.4351502066005467,115.01502990722656,1.0,0.625,1.0,0.625,0.16475640745836545,-0.38514912138984186,0.05000108521070484,0.926742434501648,-0.3756973445415497,0.0,0.0,0.926742434501648,-0.3756973445415497,0.0,1.0,35.0,-0.25272809246462613,35,34,apf_fsm,1,0.0,0.0
2026-08-18T05:57:21.906+00:00,1787032641.906986,192453.9485316,18.25302420000662,117,2,RUN,RUN,0.3216765781736948,0.5705025119443448,2.583049115569537,107.73897171020508,0.2,0.625,0.2,0.625,0.13332353835851923,2.7204963926653423,0.1374472770958053,-0.9126414060592651,0.408761203289032,0.0,0.0,-0.9126414060592651,0.408761203289032,0.0,1.0,35.0,2.2606586309222454,32,37,apf_fsm,1,0.0,0.0
2026-08-18T05:57:21.906+00:00,1787032641.906986,192453.9490839,18.25357649999205,117,3,RUN,RUN,0.8564493317012474,0.682531050889131,-0.4056618083598322,107.73897171020508,1.0,0.625,1.0,0.625,0.15464997958430607,-0.3811714826291252,0.024490325730706974,0.9282295107841492,-0.37200814485549927,0.0,0.0,0.9282295107841492,-0.37200814485549927,0.0,1.0,35.0,-0.6479733244928556,35,34,apf_fsm,1,0.0,0.0
2026-08-18T05:57:22.057+00:00,1787032642.057025,192454.0986142,18.403106799989473,118,2,RUN,RUN,0.31162829060303193,0.5762094823583176,2.583049115569537,111.06610298156738,0.2,0.625,0.2,0.625,0.12182524317520678,2.7295346129558107,0.1464854973862737,-0.916298508644104,0.4004959464073181,0.0,0.0,-0.916298508644104,0.4004959464073181,0.0,1.0,35.0,1.7811926840291314,33,36,apf_fsm,1,0.0,0.0
2026-08-18T05:57:22.058+00:00,1787032642.058211,192454.0998536,18.404346199997235,118,3,RUN,RUN,0.8686029096100802,0.6759486634300947,-0.4056618083598322,112.25223541259766,1.0,0.625,1.0,0.625,0.1409289241719024,-0.36989796059386265,0.035763847765969525,0.9323642253875732,-0.36152029037475586,0.0,0.0,0.9323642253875732,-0.36152029037475586,0.0,1.0,35.0,0.7522117488938845,34,35,apf_fsm,1,0.0,0.0
2026-08-18T05:57:22.190+00:00,1787032642.190871,192454.2325572,18.537049800012028,119,2,RUN,RUN,0.3066699821054577,0.5789689616640208,2.583049115569537,105.47113418579102,0.2,0.625,0.2,0.625,0.11617805977320783,2.7342061293431565,0.15115701377361956,-0.9181594252586365,0.39621108770370483,0.0,0.0,-0.9181594252586365,0.39621108770370483,0.0,1.0,35.0,1.675073211293301,33,36,apf_fsm,1,0.0,0.0
2026-08-18T05:57:22.191+00:00,1787032642.1918805,192454.2332692,18.53776179999113,119,3,RUN,RUN,0.8783202279020949,0.670220731439477,-0.4279010604253363,106.48059844970703,1.0,0.625,1.0,0.625,0.12981094518460085,-0.35581920505028963,0.07208185537504669,0.937361478805542,-0.3483583927154541,0.0,0.0,0.937361478805542,-0.3483583927154541,0.0,1.0,35.0,1.9919488200681674,33,36,apf_fsm,1,0.0,0.0
2026-08-18T05:57:22.338+00:00,1787032642.3384068,192454.379631,18.684123599989107,120,2,RUN,RUN,0.2949796234430508,0.5853240001310142,2.6036407642316517,110.79716682434082,0.2,0.625,0.2,0.625,0.10293354086490702,2.7458943831721028,0.14225361894045108,-0.922727644443512,0.38545259833335876,0.0,0.0,-0.922727644443512,0.38545259833335876,0.0,1.0,35.0,1.1109173702436137,33,36,apf_fsm,1,0.0,0.0
2026-08-18T05:57:22.339+00:00,1787032642.339406,192454.3809226,18.685415199986892,120,3,RUN,RUN,0.8866211422364335,0.6634673844842596,-0.4701955025300679,111.79637908935547,1.0,0.625,1.0,0.625,0.11972679339575956,-0.3270945752830148,0.14310092724705314,0.9469798803329468,-0.32129302620887756,0.0,0.0,0.9469798803329468,-0.32129302620887756,0.0,1.0,35.0,3.9166767879907574,31,38,apf_fsm,1,0.0,0.0
2026-08-18T05:57:22.479+00:00,1787032642.4797041,192454.5214532,18.82594579999568,121,2,RUN,RUN,0.2848563641736529,0.5906040328349205,2.6385960444551046,109.34782028198242,0.2,0.625,0.2,0.625,0.0915624655521728,2.7564884033444885,0.11789235888938387,-0.9267592430114746,0.37565574049949646,0.0,0.0,-0.9267592430114746,0.37565574049949646,0.0,1.0,35.0,0.3262794871064867,34,35,apf_fsm,1,0.0,0.0
2026-08-18T05:57:22.481+00:00,1787032642.4817083,192454.5237899,18.828282500006026,121,3,RUN,RUN,0.896082304616089,0.6547200957698798,-0.5338004271965953,111.35196685791016,1.0,0.625,1.0,0.625,0.10808409460449836,-0.2785605400152783,0.25523988718131696,0.9614522457122803,-0.27497196197509766,0.0,0.0,0.9614522457122803,-0.27497196197509766,0.0,0.9030198672151291,35.0,6.477262469512403,28,41,apf_fsm,1,0.0,0.0
2026-08-18T05:57:22.627+00:00,1787032642.6285336,192454.669643,18.97413560000132,122,2,RUN,RUN,0.27624285468631804,0.5945842916618479,2.669309151491759,116.10651016235352,0.2,0.625,0.2,0.625,0.08208585873602434,2.762007375427165,0.09269822393540617,-0.9288183450698853,0.370535284280777,0.0,0.0,-0.9288183450698853,0.370535284280777,0.0,1.0,35.0,0.04518751596484183,34,35,apf_fsm,1,0.0,0.0
2026-08-18T05:57:22.628+00:00,1787032642.6285336,192454.6703299,18.974822499993024,122,3,RUN,RUN,0.9082099239932788,0.6412762834036053,-0.6303300353039858,117.1112060546875,1.0,0.625,1.0,0.625,0.09322196873459672,-0.17549654575401297,0.4548334895499728,0.9846400022506714,-0.17459708452224731,0.0,0.0,0.9846400022506714,-0.17459708452224731,0.0,0.4803898507583515,20.89868090231256,12.212667891371323,18.0,33,apf_fsm,1,0.0,0.0
2026-08-18T05:57:22.777+00:00,1787032642.7772782,192454.8190694,19.1235619999934,123,2,RUN,RUN,0.2672088226939441,0.5981543793973922,2.701256201516296,112.76507377624512,0.2,0.625,0.2,0.625,0.07237204704473385,2.761572601182331,0.06031639966603519,-0.9286572337150574,0.37093910574913025,0.0,0.0,-0.9286572337150574,0.37093910574913025,0.0,1.0,33.77362195420913,-0.5301998527676322,34,33,apf_fsm,1,0.0,0.0
2026-08-18T05:57:22.778+00:00,1787032642.7783942,192454.8200076,19.124500200006878,123,3,RUN,RUN,0.9171122779124519,0.6296753832471921,-0.6988013407649487,113.88111114501953,1.0,0.625,1.0,0.625,0.08301947772282561,-0.05634651048818369,0.642454830276765,0.9984129667282104,-0.05631669983267784,0.0,0.0,0.9984129667282104,-0.05631669983267784,0.0,0.15,5.811363440597793,30.0,-24,35,apf_fsm,1,0.0,0.0
2026-08-18T05:57:22.937+00:00,1787032642.937029,192454.9783827,19.282875300006708,124,2,RUN,RUN,0.2642563522875076,0.5992520647389862,2.7148195672169106,121.43278121948242,0.2,0.625,0.2,0.625,0.06922308126269475,2.7604774477564535,0.045657880539542894,-0.9282504320144653,0.37195590138435364,0.0,0.0,-0.9282504320144653,0.37195590138435364,0.0,1.0,32.30410458925755,-0.05646936403180147,32,32,apf_fsm,1,0.0,0.0
2026-08-18T05:57:22.938+00:00,1787032642.9385424,192454.9803902,19.284882800013293,124,3,RUN,RUN,0.9259640505047168,0.6192334135031419,-0.7121318626200613,122.94626235961914,1.0,0.625,1.0,0.625,0.07426018675908296,0.07773206299434963,0.789863925614411,0.9969804286956787,0.07765381038188934,0.0,0.0,0.9969804286956787,0.07765381038188934,0.0,0.15,5.198213073135807,30.0,-24,35,apf_fsm,1,0.0,0.0
2026-08-18T05:57:23.125+00:00,1787032643.125366,192455.1670589,19.471551499998895,125,2,RUN,RUN,0.24739531772653067,0.6048240319971753,2.7732548439985525,151.28803253173828,0.2,0.625,0.2,0.625,0.051511026268652414,2.7391331653887967,-0.03412167860975579,-0.9201004505157471,0.391682505607605,0.0,0.0,-0.9201004505157471,0.391682505607605,0.0,1.0,24.038478925371127,-3.133501356323012,27,20,apf_fsm,1,0.0,0.0
2026-08-18T05:57:23.126+00:00,1787032643.1263657,192455.1681356,19.47262819999014,125,3,RUN,RUN,0.9350918293394649,0.6110740830537482,-0.6849775083747422,152.28772163391113,1.0,0.625,1.0,0.625,0.06638525273952833,0.21134406260794358,0.8963215709826858,0.9777498245239258,0.20977424085140228,0.0,0.0,0.9777498245239258,0.20977424085140228,0.0,0.15,4.646967691766983,30.0,-25,34,apf_fsm,1,0.0,0.0
2026-08-18T05:57:23.266+00:00,1787032643.26624,192455.3082147,19.612707299995236,126,2,RUN,RUN,0.24225532947716388,0.6065989075615658,2.7833147134161953,106.89926147460938,0.2,0.625,0.2,0.625,0.046088101199240956,2.73088412912418,-0.052430584292015414,-0.9168381690979004,0.3992590308189392,0.0,0.0,-0.9168381690979004,0.3992590308189392,0.0,1.0,21.50778055964578,-1.165117541799241,22,20,apf_fsm,1,0.0,0.0
2026-08-18T05:57:23.267+00:00,1787032643.2672222,192455.3089261,19.613418699998874,126,3,RUN,RUN,0.9399770911953993,0.6072868885659092,-0.6346098030666333,107.88154602050781,1.0,0.625,1.0,0.625,0.06258197742195377,0.2869607114171905,0.9215705144838238,0.9591085314750671,0.28303852677345276,0.0,0.0,0.9591085314750671,0.28303852677345276,0.0,0.15,4.3807384195367645,30.0,-25,34,apf_fsm,1,0.0,0.0
2026-08-18T05:57:23.409+00:00,1787032643.4091861,192455.4507894,19.75528199999826,127,2,RUN,RUN,0.23437304843703777,0.6084864131658327,2.7833147134161953,110.5802059173584,0.2,0.625,0.2,0.625,0.038134040029670684,2.6937293346015636,-0.08958537881463169,-0.9013744592666626,0.433040589094162,0.0,0.0,-0.9013744592666626,0.433040589094162,0.0,1.0,18,-2.1962715964378865,20,18.0,apf_fsm,1,0.0,0.0
2026-08-18T05:57:23.410+00:00,1787032643.4101777,192455.4515419,19.756034499994712,127,3,RUN,RUN,0.9477469428436152,0.6027681709639392,-0.5623329234574352,111.5717887878418,1.0,0.625,1.0,0.625,0.05678588032668911,0.4022641349869788,0.9645970584444141,0.9201769828796387,0.3915027678012848,0.0,0.0,0.9201769828796387,0.3915027678012848,0.0,0.15,3.9750116228682377,30.0,-26,33,apf_fsm,1,0.0,0.0
2026-08-18T05:57:23.550+00:00,1787032643.550037,192455.5914718,19.895964399998775,128,2,RUN,RUN,0.2297870195943492,0.6103518711575738,2.7737080146559343,110.93401908874512,0.2,0.625,0.2,0.625,0.03319388821603247,2.6845570085217756,-0.08915100613415872,-0.897364616394043,0.4412899613380432,0.0,0.0,-0.897364616394043,0.4412899613380432,0.0,1.0,18,-0.8763070175250331,18,18.0,apf_fsm,1,0.0,0.0
2026-08-18T05:57:23.551+00:00,1787032643.551036,192455.5922307,19.89672329998575,128,3,RUN,RUN,0.9575108878419215,0.5985023701108356,-0.4365767211840623,110.93401908874512,1.0,0.625,1.0,0.625,0.05007443501153968,0.5576160261113382,0.9941927472954005,0.8485190272331238,0.5291648507118225,0.0,0.0,0.8485190272331238,0.5291648507118225,0.0,0.15,3.5052104508077777,30.0,-26,33,apf_fsm,1,0.0,0.0
2026-08-18T05:57:23.699+00:00,1787032643.6994903,192455.741479,20.04597159998957,129,2,RUN,RUN,0.22229179120261802,0.612949148410505,2.7469125513410013,108.41870307922363,0.2,0.625,0.2,0.625,0.025340619152916386,2.6459981162396664,-0.10091443510133491,-0.8796861171722412,0.4755547344684601,0.0,0.0,-0.8796861171722412,0.4755547344684601,0.0,1.0,11.825622271360979,-1.4208643648645158,18.0,18.0,apf_fsm,1,0.0,0.0
2026-08-18T05:57:23.701+00:00,1787032643.7014923,192455.7427249,20.04721749998862,129,3,RUN,RUN,0.9596289061512202,0.5977023177993903,-0.2990367928374317,110.42070388793945,1.0,0.625,1.0,0.625,0.04873385550182202,0.5945523729747397,0.8935891658121714,0.8283993005752563,0.5601379871368408,0.0,0.0,0.8283993005752563,0.5601379871368408,0.0,0.15,3.4113698851275416,30.0,-26,33,apf_fsm,1,0.0,0.0
2026-08-18T05:57:23.838+00:00,1787032643.83885,192455.8805982,20.185090799990576,130,3,RUN,RUN,0.9596289061512202,0.5977023177993903,-0.18167551990741979,107.90681838989258,1.0,0.625,1.0,0.625,0.04873385550182202,0.5945523729747397,0.7762278928821595,0.8283993005752563,0.5601379871368408,0.0,0.0,0.8283993005752563,0.5601379871368408,0.0,0.15,3.4113698851275416,30.0,-26,33,apf_fsm,1,0.0,0.0
2026-08-18T05:57:24.001+00:00,1787032644.0010142,192456.0425121,20.347004699986428,131,3,RUN,RUN,0.961793229368305,0.6010367556289433,0.18298644708509507,131.53457641601562,1.0,0.625,1.0,0.625,0.04509982708270542,0.5601789750127926,0.37719252792769753,0.8471599817276001,0.5313377976417542,0.0,0.0,0.8471599817276001,0.5313377976417542,0.0,0.644790916217027,13.570647452080655,-10.194312494129196,23,18.0,apf_fsm,1,0.0,0.0
2026-08-18T05:57:24.177+00:00,1787032644.1779666,192456.2195633,20.524055899993982,132,3,RUN,RUN,0.9637591700678041,0.6046247046316349,0.43986700701469195,136.22045516967773,1.0,0.625,1.0,0.625,0.04157583932432956,0.5121761862974347,0.07230917928274272,0.8716801404953003,0.49007537961006165,0.0,0.0,0.8716801404953003,0.49007537961006165,0.0,1.0,19.402058351353798,-9.94782540974599,29,18.0,apf_fsm,1,0.0,0.0
2026-08-18T05:57:24.346+00:00,1787032644.346386,192456.3876341,20.69212670001434,133,3,RUN,RUN,0.9647123579243497,0.6062543527719797,0.6477487569546588,134.6759796142578,1.0,0.625,1.0,0.625,0.03995768978878269,0.488313795713159,-0.1594349612414998,0.8831251263618469,0.46913740038871765,0.0,0.0,0.8831251263618469,0.46913740038871765,0.0,1.0,18.646921901431924,-9.705394530763487,28,18.0,apf_fsm,1,0.0,0.0
2026-08-18T05:57:24.510+00:00,1787032644.5101333,192456.5516089,20.856101499986835,134,3,RUN,RUN,0.9652736226840279,0.6171421361163469,1.0874747407783547,128.04555892944336,1.0,0.625,1.0,0.625,0.03560431583818565,0.22253184571326431,-0.8649428950650904,0.975341796875,0.220699742436409,0.0,0.0,0.975341796875,0.220699742436409,0.0,0.15,2.4923021086729955,-35.0,37,-32,apf_fsm,1,0.0,0.0
2026-08-18T05:57:24.675+00:00,1787032644.675857,192456.7171906,21.021683200000552,135,3,RUN,RUN,0.9652736226840279,0.6171421361163469,1.1608802794952136,134.65595245361328,1.0,0.625,1.0,0.625,0.03560431583818565,0.22253184571326431,-0.9383484337819492,0.975341796875,0.220699742436409,0.0,0.0,0.975341796875,0.220699742436409,0.0,0.15,2.4923021086729955,-30.0,32,-27,apf_fsm,1,0.0,0.0
2026-08-18T05:57:24.835+00:00,1787032644.835265,192456.87651,21.181002600002103,136,3,RUN,RUN,0.9656805991578975,0.6222475837535033,1.1955871707786812,139.6932601928711,1.0,0.625,1.0,0.625,0.03442959583490467,0.08002871701178295,-1.115558453766898,0.9967993497848511,0.07994331419467926,0.0,0.0,0.9967993497848511,0.07994331419467926,0.0,0.15,2.4100717084433265,-35.0,37,-32,apf_fsm,1,0.0,0.0
2026-08-18T05:57:24.987+00:00,1787032644.987119,192457.0291844,21.3336769999878,137,3,RUN,RUN,0.9678194448159508,0.6282934978680829,1.1597041471811702,128.71837615966797,1.0,0.625,1.0,0.625,0.03234865159725672,-0.10198924630651973,-1.26169339348769,0.9948036074638367,-0.10181252658367157,0.0,0.0,0.9948036074638367,-0.10181252658367157,0.0,0.15,2.2644056118079705,-35.0,37,-32,apf_fsm,1,0.0,0.0
2026-08-18T05:57:25.125+00:00,1787032645.1252186,192457.166783,21.471275599993533,138,3,RUN,RUN,0.9720924392242293,0.631853347356677,0.9193177182540049,114.50791358947754,1.0,0.625,1.0,0.625,0.028736741611473767,-0.24080787844126703,-1.160125596695272,0.9711456298828125,-0.23848727345466614,0.0,0.0,0.9711456298828125,-0.23848727345466614,0.0,0.15,2.0115719128031633,-30.0,32,-27,apf_fsm,1,0.0,0.0
2026-08-18T05:57:25.279+00:00,1787032645.2796917,192457.3208727,21.625365299987607,139,3,RUN,RUN,0.9743687103395132,0.6324356890799009,0.6428721412505352,116.50705337524414,1.0,0.625,1.0,0.625,0.026688058785770345,-0.28235152130285873,-0.9252236625533938,0.9604029059410095,-0.2786148190498352,0.0,0.0,0.9604029059410095,-0.2786148190498352,0.0,0.15,1.868164115003924,-30.0,31,-28,apf_fsm,1,0.0,0.0
2026-08-18T05:57:25.418+00:00,1787032645.41871,192457.4597838,21.764276400004746,140,3,RUN,RUN,0.9761580114046158,0.6316934113276911,0.3912928674015418,118.00360679626465,1.0,0.625,1.0,0.625,0.02476372700915786,-0.2736952209661961,-0.6649880883677379,0.9627787470817566,-0.27029097080230713,0.0,0.0,0.9627787470817566,-0.27029097080230713,0.0,0.15,1.7334608906410502,30.0,-28,31,apf_fsm,1,0.0,0.0
2026-08-18T05:57:25.562+00:00,1787032645.5620482,192457.6034432,21.907935800001724,141,3,RUN,RUN,0.9796211760378771,0.6265794945712662,0.13163746450853422,115.72599411010742,1.0,0.625,1.0,0.625,0.02043994298377206,-0.0773520111148534,-0.20898947562338763,0.997009813785553,-0.07727489620447159,0.0,0.0,0.997009813785553,-0.07727489620447159,0.0,1.0,9.538640059093629,13.870056689818382,-18.0,23,apf_fsm,1,0.0,0.0
